Mar 31, 2026 9:36:33 AM de.learnlib.logging.LearnLogger logQuery
INFO: DB CACHE [ε | 4_way_message_1 4_way_message_1 /  no_reply -]
Mar 31, 2026 9:36:33 AM de.learnlib.logging.LearnLogger logQuery
INFO: DB CACHE [ε | 4_way_message_1 eap_success /  no_reply -]
Mar 31, 2026 9:36:33 AM de.learnlib.logging.LearnLogger logQuery
INFO: DB CACHE [ε | 4_way_message_1 inner_failure /  no_reply -]
Mar 31, 2026 9:36:33 AM de.learnlib.logging.LearnLogger logQuery
INFO: DB CACHE [ε | 4_way_message_1 inner_success /  no_reply -]
Mar 31, 2026 9:36:33 AM de.learnlib.logging.LearnLogger logQuery
INFO: DB CACHE [ε | 4_way_message_1 success_request_with_credentials_v1 /  no_reply -]
Mar 31, 2026 9:36:33 AM de.learnlib.logging.LearnLogger logQuery
INFO: DB CACHE [ε | 4_way_message_1 success_request_all_zeros_v1 /  no_reply -]
Mar 31, 2026 9:36:33 AM de.learnlib.logging.LearnLogger logQuery
INFO: DB CACHE [ε | 4_way_message_1 challenge_v1 /  no_reply -]
Mar 31, 2026 9:36:33 AM de.learnlib.logging.LearnLogger logQuery
INFO: DB CACHE [ε | 4_way_message_1 id_request_v1 /  no_reply -]
Mar 31, 2026 9:36:33 AM de.learnlib.logging.LearnLogger logQuery
INFO: DB CACHE [ε | eap_success 4_way_message_1 /  after_eap_success no_reply]
Mar 31, 2026 9:36:33 AM de.learnlib.logging.LearnLogger logQuery
INFO: DB CACHE [ε | eap_success eap_success /  after_eap_success after_eap_success]
Mar 31, 2026 9:36:33 AM de.learnlib.logging.LearnLogger logQuery
INFO: DB CACHE [ε | eap_success inner_failure /  after_eap_success no_reply]
Mar 31, 2026 9:36:33 AM de.learnlib.logging.LearnLogger logQuery
INFO: DB CACHE [ε | eap_success inner_success /  after_eap_success no_reply]
Mar 31, 2026 9:36:33 AM de.learnlib.logging.LearnLogger logQuery
INFO: DB CACHE [ε | eap_success success_request_with_credentials_v1 /  after_eap_success no_reply]
Mar 31, 2026 9:36:33 AM de.learnlib.logging.LearnLogger logQuery
INFO: DB CACHE [ε | eap_success success_request_all_zeros_v1 /  after_eap_success no_reply]
Mar 31, 2026 9:36:33 AM de.learnlib.logging.LearnLogger logQuery
INFO: DB CACHE [ε | eap_success challenge_v1 /  after_eap_success no_reply]
Mar 31, 2026 9:36:33 AM de.learnlib.logging.LearnLogger logQuery
INFO: DB CACHE [ε | eap_success id_request_v1 /  after_eap_success no_reply]
Mar 31, 2026 9:36:33 AM de.learnlib.logging.LearnLogger logQuery
INFO: DB CACHE [ε | inner_failure 4_way_message_1 /  empty_peap no_reply]
Mar 31, 2026 9:36:33 AM de.learnlib.logging.LearnLogger logQuery
INFO: DB CACHE [ε | inner_failure eap_success /  empty_peap after_eap_success]
Mar 31, 2026 9:36:33 AM de.learnlib.logging.LearnLogger logQuery
INFO: DB CACHE [ε | inner_failure inner_failure /  empty_peap empty_peap]
Mar 31, 2026 9:36:33 AM de.learnlib.logging.LearnLogger logQuery
INFO: DB CACHE [ε | inner_failure inner_success /  empty_peap empty_peap]
Mar 31, 2026 9:36:33 AM de.learnlib.logging.LearnLogger logQuery
INFO: DB CACHE [ε | inner_failure success_request_with_credentials_v1 /  empty_peap no_reply]
Mar 31, 2026 9:36:33 AM de.learnlib.logging.LearnLogger logQuery
INFO: DB CACHE [ε | inner_failure success_request_all_zeros_v1 /  empty_peap no_reply]
Mar 31, 2026 9:36:33 AM de.learnlib.logging.LearnLogger logQuery
INFO: DB CACHE [ε | inner_failure challenge_v1 /  empty_peap challenge_response_v1]
Mar 31, 2026 9:36:33 AM de.learnlib.logging.LearnLogger logQuery
INFO: DB CACHE [ε | inner_failure id_request_v1 /  empty_peap id_response_v1]
Mar 31, 2026 9:36:33 AM de.learnlib.logging.LearnLogger logQuery
INFO: DB CACHE [ε | inner_success 4_way_message_1 /  empty_peap no_reply]
Mar 31, 2026 9:36:33 AM de.learnlib.logging.LearnLogger logQuery
INFO: DB CACHE [ε | inner_success eap_success /  empty_peap after_eap_success]
Mar 31, 2026 9:36:33 AM de.learnlib.logging.LearnLogger logQuery
INFO: DB CACHE [ε | inner_success inner_failure /  empty_peap empty_peap]
Mar 31, 2026 9:36:33 AM de.learnlib.logging.LearnLogger logQuery
INFO: DB CACHE [ε | inner_success inner_success /  empty_peap empty_peap]
Mar 31, 2026 9:36:33 AM de.learnlib.logging.LearnLogger logQuery
INFO: DB CACHE [ε | inner_success success_request_with_credentials_v1 /  empty_peap no_reply]
Mar 31, 2026 9:36:33 AM de.learnlib.logging.LearnLogger logQuery
INFO: DB CACHE [ε | inner_success success_request_all_zeros_v1 /  empty_peap no_reply]
Mar 31, 2026 9:36:33 AM de.learnlib.logging.LearnLogger logQuery
INFO: DB CACHE [ε | inner_success challenge_v1 /  empty_peap challenge_response_v1]
Mar 31, 2026 9:36:33 AM de.learnlib.logging.LearnLogger logQuery
INFO: DB CACHE [ε | inner_success id_request_v1 /  empty_peap id_response_v1]
Mar 31, 2026 9:36:33 AM de.learnlib.logging.LearnLogger logQuery
INFO: DB CACHE [ε | success_request_with_credentials_v1 4_way_message_1 /  no_reply -]
Mar 31, 2026 9:36:33 AM de.learnlib.logging.LearnLogger logQuery
INFO: DB CACHE [ε | success_request_with_credentials_v1 eap_success /  no_reply -]
Mar 31, 2026 9:36:33 AM de.learnlib.logging.LearnLogger logQuery
INFO: DB CACHE [ε | success_request_with_credentials_v1 inner_failure /  no_reply -]
Mar 31, 2026 9:36:33 AM de.learnlib.logging.LearnLogger logQuery
INFO: DB CACHE [ε | success_request_with_credentials_v1 inner_success /  no_reply -]
Mar 31, 2026 9:36:33 AM de.learnlib.logging.LearnLogger logQuery
INFO: DB CACHE [ε | success_request_with_credentials_v1 success_request_with_credentials_v1 /  no_reply -]
Mar 31, 2026 9:36:33 AM de.learnlib.logging.LearnLogger logQuery
INFO: DB CACHE [ε | success_request_with_credentials_v1 success_request_all_zeros_v1 /  no_reply -]
Mar 31, 2026 9:36:33 AM de.learnlib.logging.LearnLogger logQuery
INFO: DB CACHE [ε | success_request_with_credentials_v1 challenge_v1 /  no_reply -]
Mar 31, 2026 9:36:33 AM de.learnlib.logging.LearnLogger logQuery
INFO: DB CACHE [ε | success_request_with_credentials_v1 id_request_v1 /  no_reply -]
Mar 31, 2026 9:36:33 AM de.learnlib.logging.LearnLogger logQuery
INFO: DB CACHE [ε | success_request_all_zeros_v1 4_way_message_1 /  no_reply -]
Mar 31, 2026 9:36:33 AM de.learnlib.logging.LearnLogger logQuery
INFO: DB CACHE [ε | success_request_all_zeros_v1 eap_success /  no_reply -]
Mar 31, 2026 9:36:33 AM de.learnlib.logging.LearnLogger logQuery
INFO: DB CACHE [ε | success_request_all_zeros_v1 inner_failure /  no_reply -]
Mar 31, 2026 9:36:33 AM de.learnlib.logging.LearnLogger logQuery
INFO: DB CACHE [ε | success_request_all_zeros_v1 inner_success /  no_reply -]
Mar 31, 2026 9:36:33 AM de.learnlib.logging.LearnLogger logQuery
INFO: DB CACHE [ε | success_request_all_zeros_v1 success_request_with_credentials_v1 /  no_reply -]
Mar 31, 2026 9:36:33 AM de.learnlib.logging.LearnLogger logQuery
INFO: DB CACHE [ε | success_request_all_zeros_v1 success_request_all_zeros_v1 /  no_reply -]
Mar 31, 2026 9:36:33 AM de.learnlib.logging.LearnLogger logQuery
INFO: DB CACHE [ε | success_request_all_zeros_v1 challenge_v1 /  no_reply -]
Mar 31, 2026 9:36:33 AM de.learnlib.logging.LearnLogger logQuery
INFO: DB CACHE [ε | success_request_all_zeros_v1 id_request_v1 /  no_reply -]
Mar 31, 2026 9:36:33 AM de.learnlib.logging.LearnLogger logQuery
INFO: DB CACHE [ε | challenge_v1 4_way_message_1 /  challenge_response_v1 no_reply]
Mar 31, 2026 9:36:33 AM de.learnlib.logging.LearnLogger logQuery
INFO: DB CACHE [ε | challenge_v1 eap_success /  challenge_response_v1 after_eap_success]
Mar 31, 2026 9:36:33 AM de.learnlib.logging.LearnLogger logQuery
INFO: DB CACHE [ε | challenge_v1 inner_failure /  challenge_response_v1 empty_peap]
Mar 31, 2026 9:36:33 AM de.learnlib.logging.LearnLogger logQuery
INFO: DB CACHE [ε | challenge_v1 inner_success /  challenge_response_v1 empty_peap]
Mar 31, 2026 9:36:33 AM de.learnlib.logging.LearnLogger logQuery
INFO: DB CACHE [ε | challenge_v1 success_request_with_credentials_v1 /  challenge_response_v1 success_response_v1]
Mar 31, 2026 9:36:33 AM de.learnlib.logging.LearnLogger logQuery
INFO: DB CACHE [ε | challenge_v1 success_request_all_zeros_v1 /  challenge_response_v1 no_reply]
Mar 31, 2026 9:36:33 AM de.learnlib.logging.LearnLogger logQuery
INFO: DB CACHE [ε | challenge_v1 challenge_v1 /  challenge_response_v1 challenge_response_v1]
Mar 31, 2026 9:36:33 AM de.learnlib.logging.LearnLogger logQuery
INFO: DB CACHE [ε | challenge_v1 id_request_v1 /  challenge_response_v1 id_response_v1]
Mar 31, 2026 9:36:33 AM de.learnlib.logging.LearnLogger logQuery
INFO: DB CACHE [ε | id_request_v1 4_way_message_1 /  id_response_v1 no_reply]
Mar 31, 2026 9:36:33 AM de.learnlib.logging.LearnLogger logQuery
INFO: DB CACHE [ε | id_request_v1 eap_success /  id_response_v1 after_eap_success]
Mar 31, 2026 9:36:33 AM de.learnlib.logging.LearnLogger logQuery
INFO: DB CACHE [ε | id_request_v1 inner_failure /  id_response_v1 empty_peap]
Mar 31, 2026 9:36:33 AM de.learnlib.logging.LearnLogger logQuery
INFO: DB CACHE [ε | id_request_v1 inner_success /  id_response_v1 empty_peap]
Mar 31, 2026 9:36:33 AM de.learnlib.logging.LearnLogger logQuery
INFO: DB CACHE [ε | id_request_v1 success_request_with_credentials_v1 /  id_response_v1 no_reply]
Mar 31, 2026 9:36:33 AM de.learnlib.logging.LearnLogger logQuery
INFO: DB CACHE [ε | id_request_v1 success_request_all_zeros_v1 /  id_response_v1 no_reply]
Mar 31, 2026 9:36:33 AM de.learnlib.logging.LearnLogger logQuery
INFO: DB CACHE [ε | id_request_v1 challenge_v1 /  id_response_v1 challenge_response_v1]
Mar 31, 2026 9:36:33 AM de.learnlib.logging.LearnLogger logQuery
INFO: DB CACHE [ε | id_request_v1 id_request_v1 /  id_response_v1 id_response_v1]
Mar 31, 2026 9:36:33 AM de.learnlib.logging.LearnLogger logQuery
INFO: DB CACHE [ε | eap_success 4_way_message_1 4_way_message_1 /  after_eap_success no_reply -]
Mar 31, 2026 9:36:33 AM de.learnlib.logging.LearnLogger logQuery
INFO: DB CACHE [ε | eap_success 4_way_message_1 eap_success /  after_eap_success no_reply -]
Mar 31, 2026 9:36:33 AM de.learnlib.logging.LearnLogger logQuery
INFO: DB CACHE [ε | eap_success 4_way_message_1 inner_failure /  after_eap_success no_reply -]
Mar 31, 2026 9:36:33 AM de.learnlib.logging.LearnLogger logQuery
INFO: DB CACHE [ε | eap_success 4_way_message_1 inner_success /  after_eap_success no_reply -]
Mar 31, 2026 9:36:33 AM de.learnlib.logging.LearnLogger logQuery
INFO: DB CACHE [ε | eap_success 4_way_message_1 success_request_with_credentials_v1 /  after_eap_success no_reply -]
Mar 31, 2026 9:36:33 AM de.learnlib.logging.LearnLogger logQuery
INFO: DB CACHE [ε | eap_success 4_way_message_1 success_request_all_zeros_v1 /  after_eap_success no_reply -]
Mar 31, 2026 9:36:33 AM de.learnlib.logging.LearnLogger logQuery
INFO: DB CACHE [ε | eap_success 4_way_message_1 challenge_v1 /  after_eap_success no_reply -]
Mar 31, 2026 9:36:33 AM de.learnlib.logging.LearnLogger logQuery
INFO: DB CACHE [ε | eap_success 4_way_message_1 id_request_v1 /  after_eap_success no_reply -]
Mar 31, 2026 9:36:33 AM de.learnlib.logging.LearnLogger logQuery
INFO: DB CACHE [ε | eap_success eap_success 4_way_message_1 /  after_eap_success after_eap_success no_reply]
Mar 31, 2026 9:36:33 AM de.learnlib.logging.LearnLogger logQuery
INFO: DB CACHE [ε | eap_success eap_success eap_success /  after_eap_success after_eap_success after_eap_success]
Mar 31, 2026 9:36:33 AM de.learnlib.logging.LearnLogger logQuery
INFO: DB CACHE [ε | eap_success eap_success inner_failure /  after_eap_success after_eap_success no_reply]
Mar 31, 2026 9:36:33 AM de.learnlib.logging.LearnLogger logQuery
INFO: DB CACHE [ε | eap_success eap_success inner_success /  after_eap_success after_eap_success no_reply]
Mar 31, 2026 9:36:33 AM de.learnlib.logging.LearnLogger logQuery
INFO: DB CACHE [ε | eap_success eap_success success_request_with_credentials_v1 /  after_eap_success after_eap_success no_reply]
Mar 31, 2026 9:36:33 AM de.learnlib.logging.LearnLogger logQuery
INFO: DB CACHE [ε | eap_success eap_success success_request_all_zeros_v1 /  after_eap_success after_eap_success no_reply]
Mar 31, 2026 9:36:33 AM de.learnlib.logging.LearnLogger logQuery
INFO: DB CACHE [ε | eap_success eap_success challenge_v1 /  after_eap_success after_eap_success no_reply]
Mar 31, 2026 9:36:33 AM de.learnlib.logging.LearnLogger logQuery
INFO: DB CACHE [ε | eap_success eap_success id_request_v1 /  after_eap_success after_eap_success no_reply]
Mar 31, 2026 9:36:33 AM de.learnlib.logging.LearnLogger logQuery
INFO: DB CACHE [ε | eap_success inner_failure 4_way_message_1 /  after_eap_success no_reply -]
Mar 31, 2026 9:36:33 AM de.learnlib.logging.LearnLogger logQuery
INFO: DB CACHE [ε | eap_success inner_failure eap_success /  after_eap_success no_reply -]
Mar 31, 2026 9:36:33 AM de.learnlib.logging.LearnLogger logQuery
INFO: DB CACHE [ε | eap_success inner_failure inner_failure /  after_eap_success no_reply -]
Mar 31, 2026 9:36:33 AM de.learnlib.logging.LearnLogger logQuery
INFO: DB CACHE [ε | eap_success inner_failure inner_success /  after_eap_success no_reply -]
Mar 31, 2026 9:36:33 AM de.learnlib.logging.LearnLogger logQuery
INFO: DB CACHE [ε | eap_success inner_failure success_request_with_credentials_v1 /  after_eap_success no_reply -]
Mar 31, 2026 9:36:33 AM de.learnlib.logging.LearnLogger logQuery
INFO: DB CACHE [ε | eap_success inner_failure success_request_all_zeros_v1 /  after_eap_success no_reply -]
Mar 31, 2026 9:36:33 AM de.learnlib.logging.LearnLogger logQuery
INFO: DB CACHE [ε | eap_success inner_failure challenge_v1 /  after_eap_success no_reply -]
Mar 31, 2026 9:36:33 AM de.learnlib.logging.LearnLogger logQuery
INFO: DB CACHE [ε | eap_success inner_failure id_request_v1 /  after_eap_success no_reply -]
Mar 31, 2026 9:36:33 AM de.learnlib.logging.LearnLogger logQuery
INFO: DB CACHE [ε | eap_success inner_success 4_way_message_1 /  after_eap_success no_reply -]
Mar 31, 2026 9:36:33 AM de.learnlib.logging.LearnLogger logQuery
INFO: DB CACHE [ε | eap_success inner_success eap_success /  after_eap_success no_reply -]
Mar 31, 2026 9:36:33 AM de.learnlib.logging.LearnLogger logQuery
INFO: DB CACHE [ε | eap_success inner_success inner_failure /  after_eap_success no_reply -]
Mar 31, 2026 9:36:33 AM de.learnlib.logging.LearnLogger logQuery
INFO: DB CACHE [ε | eap_success inner_success inner_success /  after_eap_success no_reply -]
Mar 31, 2026 9:36:33 AM de.learnlib.logging.LearnLogger logQuery
INFO: DB CACHE [ε | eap_success inner_success success_request_with_credentials_v1 /  after_eap_success no_reply -]
Mar 31, 2026 9:36:33 AM de.learnlib.logging.LearnLogger logQuery
INFO: DB CACHE [ε | eap_success inner_success success_request_all_zeros_v1 /  after_eap_success no_reply -]
Mar 31, 2026 9:36:33 AM de.learnlib.logging.LearnLogger logQuery
INFO: DB CACHE [ε | eap_success inner_success challenge_v1 /  after_eap_success no_reply -]
Mar 31, 2026 9:36:33 AM de.learnlib.logging.LearnLogger logQuery
INFO: DB CACHE [ε | eap_success inner_success id_request_v1 /  after_eap_success no_reply -]
Mar 31, 2026 9:36:33 AM de.learnlib.logging.LearnLogger logQuery
INFO: DB CACHE [ε | eap_success success_request_with_credentials_v1 4_way_message_1 /  after_eap_success no_reply -]
Mar 31, 2026 9:36:33 AM de.learnlib.logging.LearnLogger logQuery
INFO: DB CACHE [ε | eap_success success_request_with_credentials_v1 eap_success /  after_eap_success no_reply -]
Mar 31, 2026 9:36:33 AM de.learnlib.logging.LearnLogger logQuery
INFO: DB CACHE [ε | eap_success success_request_with_credentials_v1 inner_failure /  after_eap_success no_reply -]
Mar 31, 2026 9:36:33 AM de.learnlib.logging.LearnLogger logQuery
INFO: DB CACHE [ε | eap_success success_request_with_credentials_v1 inner_success /  after_eap_success no_reply -]
Mar 31, 2026 9:36:33 AM de.learnlib.logging.LearnLogger logQuery
INFO: DB CACHE [ε | eap_success success_request_with_credentials_v1 success_request_with_credentials_v1 /  after_eap_success no_reply -]
Mar 31, 2026 9:36:33 AM de.learnlib.logging.LearnLogger logQuery
INFO: DB CACHE [ε | eap_success success_request_with_credentials_v1 success_request_all_zeros_v1 /  after_eap_success no_reply -]
Mar 31, 2026 9:36:33 AM de.learnlib.logging.LearnLogger logQuery
INFO: DB CACHE [ε | eap_success success_request_with_credentials_v1 challenge_v1 /  after_eap_success no_reply -]
Mar 31, 2026 9:36:33 AM de.learnlib.logging.LearnLogger logQuery
INFO: DB CACHE [ε | eap_success success_request_with_credentials_v1 id_request_v1 /  after_eap_success no_reply -]
Mar 31, 2026 9:36:33 AM de.learnlib.logging.LearnLogger logQuery
INFO: DB CACHE [ε | eap_success success_request_all_zeros_v1 4_way_message_1 /  after_eap_success no_reply -]
Mar 31, 2026 9:36:33 AM de.learnlib.logging.LearnLogger logQuery
INFO: DB CACHE [ε | eap_success success_request_all_zeros_v1 eap_success /  after_eap_success no_reply -]
Mar 31, 2026 9:36:33 AM de.learnlib.logging.LearnLogger logQuery
INFO: DB CACHE [ε | eap_success success_request_all_zeros_v1 inner_failure /  after_eap_success no_reply -]
Mar 31, 2026 9:36:33 AM de.learnlib.logging.LearnLogger logQuery
INFO: DB CACHE [ε | eap_success success_request_all_zeros_v1 inner_success /  after_eap_success no_reply -]
Mar 31, 2026 9:36:33 AM de.learnlib.logging.LearnLogger logQuery
INFO: DB CACHE [ε | eap_success success_request_all_zeros_v1 success_request_with_credentials_v1 /  after_eap_success no_reply -]
Mar 31, 2026 9:36:33 AM de.learnlib.logging.LearnLogger logQuery
INFO: DB CACHE [ε | eap_success success_request_all_zeros_v1 success_request_all_zeros_v1 /  after_eap_success no_reply -]
Mar 31, 2026 9:36:33 AM de.learnlib.logging.LearnLogger logQuery
INFO: DB CACHE [ε | eap_success success_request_all_zeros_v1 challenge_v1 /  after_eap_success no_reply -]
Mar 31, 2026 9:36:33 AM de.learnlib.logging.LearnLogger logQuery
INFO: DB CACHE [ε | eap_success success_request_all_zeros_v1 id_request_v1 /  after_eap_success no_reply -]
Mar 31, 2026 9:36:33 AM de.learnlib.logging.LearnLogger logQuery
INFO: DB CACHE [ε | eap_success challenge_v1 4_way_message_1 /  after_eap_success no_reply -]
Mar 31, 2026 9:36:33 AM de.learnlib.logging.LearnLogger logQuery
INFO: DB CACHE [ε | eap_success challenge_v1 eap_success /  after_eap_success no_reply -]
Mar 31, 2026 9:36:33 AM de.learnlib.logging.LearnLogger logQuery
INFO: DB CACHE [ε | eap_success challenge_v1 inner_failure /  after_eap_success no_reply -]
Mar 31, 2026 9:36:33 AM de.learnlib.logging.LearnLogger logQuery
INFO: DB CACHE [ε | eap_success challenge_v1 inner_success /  after_eap_success no_reply -]
Mar 31, 2026 9:36:33 AM de.learnlib.logging.LearnLogger logQuery
INFO: DB CACHE [ε | eap_success challenge_v1 success_request_with_credentials_v1 /  after_eap_success no_reply -]
Mar 31, 2026 9:36:33 AM de.learnlib.logging.LearnLogger logQuery
INFO: DB CACHE [ε | eap_success challenge_v1 success_request_all_zeros_v1 /  after_eap_success no_reply -]
Mar 31, 2026 9:36:33 AM de.learnlib.logging.LearnLogger logQuery
INFO: DB CACHE [ε | eap_success challenge_v1 challenge_v1 /  after_eap_success no_reply -]
Mar 31, 2026 9:36:33 AM de.learnlib.logging.LearnLogger logQuery
INFO: DB CACHE [ε | eap_success challenge_v1 id_request_v1 /  after_eap_success no_reply -]
Mar 31, 2026 9:36:33 AM de.learnlib.logging.LearnLogger logQuery
INFO: DB CACHE [ε | eap_success id_request_v1 4_way_message_1 /  after_eap_success no_reply -]
Mar 31, 2026 9:36:33 AM de.learnlib.logging.LearnLogger logQuery
INFO: DB CACHE [ε | eap_success id_request_v1 eap_success /  after_eap_success no_reply -]
Mar 31, 2026 9:36:33 AM de.learnlib.logging.LearnLogger logQuery
INFO: DB CACHE [ε | eap_success id_request_v1 inner_failure /  after_eap_success no_reply -]
Mar 31, 2026 9:36:33 AM de.learnlib.logging.LearnLogger logQuery
INFO: DB CACHE [ε | eap_success id_request_v1 inner_success /  after_eap_success no_reply -]
Mar 31, 2026 9:36:33 AM de.learnlib.logging.LearnLogger logQuery
INFO: DB CACHE [ε | eap_success id_request_v1 success_request_with_credentials_v1 /  after_eap_success no_reply -]
Mar 31, 2026 9:36:33 AM de.learnlib.logging.LearnLogger logQuery
INFO: DB CACHE [ε | eap_success id_request_v1 success_request_all_zeros_v1 /  after_eap_success no_reply -]
Mar 31, 2026 9:36:33 AM de.learnlib.logging.LearnLogger logQuery
INFO: DB CACHE [ε | eap_success id_request_v1 challenge_v1 /  after_eap_success no_reply -]
Mar 31, 2026 9:36:33 AM de.learnlib.logging.LearnLogger logQuery
INFO: DB CACHE [ε | eap_success id_request_v1 id_request_v1 /  after_eap_success no_reply -]
Mar 31, 2026 9:36:33 AM de.learnlib.logging.LearnLogger logQuery
INFO: DISABLED [ε | success_request_all_zeros_v1 4_way_message_1 4_way_message_1 /  no_reply - -]
Mar 31, 2026 9:36:33 AM de.learnlib.logging.LearnLogger logQuery
INFO: DISABLED [ε | success_request_all_zeros_v1 4_way_message_1 eap_success /  no_reply - -]
Mar 31, 2026 9:36:33 AM de.learnlib.logging.LearnLogger logQuery
INFO: DISABLED [ε | success_request_all_zeros_v1 4_way_message_1 inner_failure /  no_reply - -]
Mar 31, 2026 9:36:33 AM de.learnlib.logging.LearnLogger logQuery
INFO: DISABLED [ε | success_request_all_zeros_v1 4_way_message_1 inner_success /  no_reply - -]
Mar 31, 2026 9:36:33 AM de.learnlib.logging.LearnLogger logQuery
INFO: DISABLED [ε | success_request_all_zeros_v1 4_way_message_1 success_request_with_credentials_v1 /  no_reply - -]
Mar 31, 2026 9:36:33 AM de.learnlib.logging.LearnLogger logQuery
INFO: DISABLED [ε | success_request_all_zeros_v1 4_way_message_1 success_request_all_zeros_v1 /  no_reply - -]
Mar 31, 2026 9:36:33 AM de.learnlib.logging.LearnLogger logQuery
INFO: DISABLED [ε | success_request_all_zeros_v1 4_way_message_1 challenge_v1 /  no_reply - -]
Mar 31, 2026 9:36:33 AM de.learnlib.logging.LearnLogger logQuery
INFO: DISABLED [ε | success_request_all_zeros_v1 4_way_message_1 id_request_v1 /  no_reply - -]
Mar 31, 2026 9:36:33 AM de.learnlib.logging.LearnLogger logQuery
INFO: DISABLED [ε | success_request_all_zeros_v1 eap_success 4_way_message_1 /  no_reply - -]
Mar 31, 2026 9:36:33 AM de.learnlib.logging.LearnLogger logQuery
INFO: DISABLED [ε | success_request_all_zeros_v1 eap_success eap_success /  no_reply - -]
Mar 31, 2026 9:36:33 AM de.learnlib.logging.LearnLogger logQuery
INFO: DISABLED [ε | success_request_all_zeros_v1 eap_success inner_failure /  no_reply - -]
Mar 31, 2026 9:36:33 AM de.learnlib.logging.LearnLogger logQuery
INFO: DISABLED [ε | success_request_all_zeros_v1 eap_success inner_success /  no_reply - -]
Mar 31, 2026 9:36:33 AM de.learnlib.logging.LearnLogger logQuery
INFO: DISABLED [ε | success_request_all_zeros_v1 eap_success success_request_with_credentials_v1 /  no_reply - -]
Mar 31, 2026 9:36:33 AM de.learnlib.logging.LearnLogger logQuery
INFO: DISABLED [ε | success_request_all_zeros_v1 eap_success success_request_all_zeros_v1 /  no_reply - -]
Mar 31, 2026 9:36:33 AM de.learnlib.logging.LearnLogger logQuery
INFO: DISABLED [ε | success_request_all_zeros_v1 eap_success challenge_v1 /  no_reply - -]
Mar 31, 2026 9:36:33 AM de.learnlib.logging.LearnLogger logQuery
INFO: DISABLED [ε | success_request_all_zeros_v1 eap_success id_request_v1 /  no_reply - -]
Mar 31, 2026 9:36:33 AM de.learnlib.logging.LearnLogger logQuery
INFO: DISABLED [ε | success_request_all_zeros_v1 inner_failure 4_way_message_1 /  no_reply - -]
Mar 31, 2026 9:36:33 AM de.learnlib.logging.LearnLogger logQuery
INFO: DISABLED [ε | success_request_all_zeros_v1 inner_failure eap_success /  no_reply - -]
Mar 31, 2026 9:36:33 AM de.learnlib.logging.LearnLogger logQuery
INFO: DISABLED [ε | success_request_all_zeros_v1 inner_failure inner_failure /  no_reply - -]
Mar 31, 2026 9:36:33 AM de.learnlib.logging.LearnLogger logQuery
INFO: DISABLED [ε | success_request_all_zeros_v1 inner_failure inner_success /  no_reply - -]
Mar 31, 2026 9:36:33 AM de.learnlib.logging.LearnLogger logQuery
INFO: DISABLED [ε | success_request_all_zeros_v1 inner_failure success_request_with_credentials_v1 /  no_reply - -]
Mar 31, 2026 9:36:33 AM de.learnlib.logging.LearnLogger logQuery
INFO: DISABLED [ε | success_request_all_zeros_v1 inner_failure success_request_all_zeros_v1 /  no_reply - -]
Mar 31, 2026 9:36:33 AM de.learnlib.logging.LearnLogger logQuery
INFO: DISABLED [ε | success_request_all_zeros_v1 inner_failure challenge_v1 /  no_reply - -]
Mar 31, 2026 9:36:33 AM de.learnlib.logging.LearnLogger logQuery
INFO: DISABLED [ε | success_request_all_zeros_v1 inner_failure id_request_v1 /  no_reply - -]
Mar 31, 2026 9:36:33 AM de.learnlib.logging.LearnLogger logQuery
INFO: DISABLED [ε | success_request_all_zeros_v1 inner_success 4_way_message_1 /  no_reply - -]
Mar 31, 2026 9:36:33 AM de.learnlib.logging.LearnLogger logQuery
INFO: DISABLED [ε | success_request_all_zeros_v1 inner_success eap_success /  no_reply - -]
Mar 31, 2026 9:36:33 AM de.learnlib.logging.LearnLogger logQuery
INFO: DISABLED [ε | success_request_all_zeros_v1 inner_success inner_failure /  no_reply - -]
Mar 31, 2026 9:36:33 AM de.learnlib.logging.LearnLogger logQuery
INFO: DISABLED [ε | success_request_all_zeros_v1 inner_success inner_success /  no_reply - -]
Mar 31, 2026 9:36:33 AM de.learnlib.logging.LearnLogger logQuery
INFO: DISABLED [ε | success_request_all_zeros_v1 inner_success success_request_with_credentials_v1 /  no_reply - -]
Mar 31, 2026 9:36:33 AM de.learnlib.logging.LearnLogger logQuery
INFO: DISABLED [ε | success_request_all_zeros_v1 inner_success success_request_all_zeros_v1 /  no_reply - -]
Mar 31, 2026 9:36:33 AM de.learnlib.logging.LearnLogger logQuery
INFO: DISABLED [ε | success_request_all_zeros_v1 inner_success challenge_v1 /  no_reply - -]
Mar 31, 2026 9:36:33 AM de.learnlib.logging.LearnLogger logQuery
INFO: DISABLED [ε | success_request_all_zeros_v1 inner_success id_request_v1 /  no_reply - -]
Mar 31, 2026 9:36:33 AM de.learnlib.logging.LearnLogger logQuery
INFO: DISABLED [ε | success_request_all_zeros_v1 success_request_with_credentials_v1 4_way_message_1 /  no_reply - -]
Mar 31, 2026 9:36:33 AM de.learnlib.logging.LearnLogger logQuery
INFO: DISABLED [ε | success_request_all_zeros_v1 success_request_with_credentials_v1 eap_success /  no_reply - -]
Mar 31, 2026 9:36:33 AM de.learnlib.logging.LearnLogger logQuery
INFO: DISABLED [ε | success_request_all_zeros_v1 success_request_with_credentials_v1 inner_failure /  no_reply - -]
Mar 31, 2026 9:36:33 AM de.learnlib.logging.LearnLogger logQuery
INFO: DISABLED [ε | success_request_all_zeros_v1 success_request_with_credentials_v1 inner_success /  no_reply - -]
Mar 31, 2026 9:36:33 AM de.learnlib.logging.LearnLogger logQuery
INFO: DISABLED [ε | success_request_all_zeros_v1 success_request_with_credentials_v1 success_request_with_credentials_v1 /  no_reply - -]
Mar 31, 2026 9:36:33 AM de.learnlib.logging.LearnLogger logQuery
INFO: DISABLED [ε | success_request_all_zeros_v1 success_request_with_credentials_v1 success_request_all_zeros_v1 /  no_reply - -]
Mar 31, 2026 9:36:33 AM de.learnlib.logging.LearnLogger logQuery
INFO: DISABLED [ε | success_request_all_zeros_v1 success_request_with_credentials_v1 challenge_v1 /  no_reply - -]
Mar 31, 2026 9:36:33 AM de.learnlib.logging.LearnLogger logQuery
INFO: DISABLED [ε | success_request_all_zeros_v1 success_request_with_credentials_v1 id_request_v1 /  no_reply - -]
Mar 31, 2026 9:36:33 AM de.learnlib.logging.LearnLogger logQuery
INFO: DISABLED [ε | success_request_all_zeros_v1 success_request_all_zeros_v1 4_way_message_1 /  no_reply - -]
Mar 31, 2026 9:36:33 AM de.learnlib.logging.LearnLogger logQuery
INFO: DISABLED [ε | success_request_all_zeros_v1 success_request_all_zeros_v1 eap_success /  no_reply - -]
Mar 31, 2026 9:36:33 AM de.learnlib.logging.LearnLogger logQuery
INFO: DISABLED [ε | success_request_all_zeros_v1 success_request_all_zeros_v1 inner_failure /  no_reply - -]
Mar 31, 2026 9:36:33 AM de.learnlib.logging.LearnLogger logQuery
INFO: DISABLED [ε | success_request_all_zeros_v1 success_request_all_zeros_v1 inner_success /  no_reply - -]
Mar 31, 2026 9:36:33 AM de.learnlib.logging.LearnLogger logQuery
INFO: DISABLED [ε | success_request_all_zeros_v1 success_request_all_zeros_v1 success_request_with_credentials_v1 /  no_reply - -]
Mar 31, 2026 9:36:33 AM de.learnlib.logging.LearnLogger logQuery
INFO: DISABLED [ε | success_request_all_zeros_v1 success_request_all_zeros_v1 success_request_all_zeros_v1 /  no_reply - -]
Mar 31, 2026 9:36:33 AM de.learnlib.logging.LearnLogger logQuery
INFO: DISABLED [ε | success_request_all_zeros_v1 success_request_all_zeros_v1 challenge_v1 /  no_reply - -]
Mar 31, 2026 9:36:33 AM de.learnlib.logging.LearnLogger logQuery
INFO: DISABLED [ε | success_request_all_zeros_v1 success_request_all_zeros_v1 id_request_v1 /  no_reply - -]
Mar 31, 2026 9:36:33 AM de.learnlib.logging.LearnLogger logQuery
INFO: DISABLED [ε | success_request_all_zeros_v1 challenge_v1 4_way_message_1 /  no_reply - -]
Mar 31, 2026 9:36:33 AM de.learnlib.logging.LearnLogger logQuery
INFO: DISABLED [ε | success_request_all_zeros_v1 challenge_v1 eap_success /  no_reply - -]
Mar 31, 2026 9:36:33 AM de.learnlib.logging.LearnLogger logQuery
INFO: DISABLED [ε | success_request_all_zeros_v1 challenge_v1 inner_failure /  no_reply - -]
Mar 31, 2026 9:36:33 AM de.learnlib.logging.LearnLogger logQuery
INFO: DISABLED [ε | success_request_all_zeros_v1 challenge_v1 inner_success /  no_reply - -]
Mar 31, 2026 9:36:33 AM de.learnlib.logging.LearnLogger logQuery
INFO: DISABLED [ε | success_request_all_zeros_v1 challenge_v1 success_request_with_credentials_v1 /  no_reply - -]
Mar 31, 2026 9:36:33 AM de.learnlib.logging.LearnLogger logQuery
INFO: DISABLED [ε | success_request_all_zeros_v1 challenge_v1 success_request_all_zeros_v1 /  no_reply - -]
Mar 31, 2026 9:36:33 AM de.learnlib.logging.LearnLogger logQuery
INFO: DISABLED [ε | success_request_all_zeros_v1 challenge_v1 challenge_v1 /  no_reply - -]
Mar 31, 2026 9:36:33 AM de.learnlib.logging.LearnLogger logQuery
INFO: DISABLED [ε | success_request_all_zeros_v1 challenge_v1 id_request_v1 /  no_reply - -]
Mar 31, 2026 9:36:33 AM de.learnlib.logging.LearnLogger logQuery
INFO: DISABLED [ε | success_request_all_zeros_v1 id_request_v1 4_way_message_1 /  no_reply - -]
Mar 31, 2026 9:36:33 AM de.learnlib.logging.LearnLogger logQuery
INFO: DISABLED [ε | success_request_all_zeros_v1 id_request_v1 eap_success /  no_reply - -]
Mar 31, 2026 9:36:33 AM de.learnlib.logging.LearnLogger logQuery
INFO: DISABLED [ε | success_request_all_zeros_v1 id_request_v1 inner_failure /  no_reply - -]
Mar 31, 2026 9:36:33 AM de.learnlib.logging.LearnLogger logQuery
INFO: DISABLED [ε | success_request_all_zeros_v1 id_request_v1 inner_success /  no_reply - -]
Mar 31, 2026 9:36:33 AM de.learnlib.logging.LearnLogger logQuery
INFO: DISABLED [ε | success_request_all_zeros_v1 id_request_v1 success_request_with_credentials_v1 /  no_reply - -]
Mar 31, 2026 9:36:33 AM de.learnlib.logging.LearnLogger logQuery
INFO: DISABLED [ε | success_request_all_zeros_v1 id_request_v1 success_request_all_zeros_v1 /  no_reply - -]
Mar 31, 2026 9:36:33 AM de.learnlib.logging.LearnLogger logQuery
INFO: DISABLED [ε | success_request_all_zeros_v1 id_request_v1 challenge_v1 /  no_reply - -]
Mar 31, 2026 9:36:33 AM de.learnlib.logging.LearnLogger logQuery
INFO: DISABLED [ε | success_request_all_zeros_v1 id_request_v1 id_request_v1 /  no_reply - -]
Mar 31, 2026 9:36:33 AM de.learnlib.logging.LearnLogger logQuery
INFO: DB CACHE [ε | challenge_v1 4_way_message_1 4_way_message_1 /  challenge_response_v1 no_reply -]
Mar 31, 2026 9:36:33 AM de.learnlib.logging.LearnLogger logQuery
INFO: DB CACHE [ε | challenge_v1 4_way_message_1 eap_success /  challenge_response_v1 no_reply -]
Mar 31, 2026 9:36:33 AM de.learnlib.logging.LearnLogger logQuery
INFO: DB CACHE [ε | challenge_v1 4_way_message_1 inner_failure /  challenge_response_v1 no_reply -]
Mar 31, 2026 9:36:33 AM de.learnlib.logging.LearnLogger logQuery
INFO: DB CACHE [ε | challenge_v1 4_way_message_1 inner_success /  challenge_response_v1 no_reply -]
Mar 31, 2026 9:36:33 AM de.learnlib.logging.LearnLogger logQuery
INFO: DB CACHE [ε | challenge_v1 4_way_message_1 success_request_with_credentials_v1 /  challenge_response_v1 no_reply -]
Mar 31, 2026 9:36:33 AM de.learnlib.logging.LearnLogger logQuery
INFO: DB CACHE [ε | challenge_v1 4_way_message_1 success_request_all_zeros_v1 /  challenge_response_v1 no_reply -]
Mar 31, 2026 9:36:33 AM de.learnlib.logging.LearnLogger logQuery
INFO: DB CACHE [ε | challenge_v1 4_way_message_1 challenge_v1 /  challenge_response_v1 no_reply -]
Mar 31, 2026 9:36:33 AM de.learnlib.logging.LearnLogger logQuery
INFO: DB CACHE [ε | challenge_v1 4_way_message_1 id_request_v1 /  challenge_response_v1 no_reply -]
Mar 31, 2026 9:36:33 AM de.learnlib.logging.LearnLogger logQuery
INFO: DB CACHE [ε | challenge_v1 eap_success 4_way_message_1 /  challenge_response_v1 after_eap_success no_reply]
Mar 31, 2026 9:36:33 AM de.learnlib.logging.LearnLogger logQuery
INFO: DB CACHE [ε | challenge_v1 eap_success eap_success /  challenge_response_v1 after_eap_success after_eap_success]
Mar 31, 2026 9:36:33 AM de.learnlib.logging.LearnLogger logQuery
INFO: DB CACHE [ε | challenge_v1 eap_success inner_failure /  challenge_response_v1 after_eap_success no_reply]
Mar 31, 2026 9:36:33 AM de.learnlib.logging.LearnLogger logQuery
INFO: DB CACHE [ε | challenge_v1 eap_success inner_success /  challenge_response_v1 after_eap_success no_reply]
Mar 31, 2026 9:36:33 AM de.learnlib.logging.LearnLogger logQuery
INFO: DB CACHE [ε | challenge_v1 eap_success success_request_with_credentials_v1 /  challenge_response_v1 after_eap_success no_reply]
Mar 31, 2026 9:36:33 AM de.learnlib.logging.LearnLogger logQuery
INFO: DB CACHE [ε | challenge_v1 eap_success success_request_all_zeros_v1 /  challenge_response_v1 after_eap_success no_reply]
Mar 31, 2026 9:36:33 AM de.learnlib.logging.LearnLogger logQuery
INFO: DB CACHE [ε | challenge_v1 eap_success challenge_v1 /  challenge_response_v1 after_eap_success no_reply]
Mar 31, 2026 9:36:33 AM de.learnlib.logging.LearnLogger logQuery
INFO: DB CACHE [ε | challenge_v1 eap_success id_request_v1 /  challenge_response_v1 after_eap_success no_reply]
Mar 31, 2026 9:36:33 AM de.learnlib.logging.LearnLogger logQuery
INFO: DB CACHE [ε | challenge_v1 inner_failure 4_way_message_1 /  challenge_response_v1 empty_peap no_reply]
Mar 31, 2026 9:36:33 AM de.learnlib.logging.LearnLogger logQuery
INFO: DB CACHE [ε | challenge_v1 inner_failure eap_success /  challenge_response_v1 empty_peap after_eap_success]
Mar 31, 2026 9:36:33 AM de.learnlib.logging.LearnLogger logQuery
INFO: DB CACHE [ε | challenge_v1 inner_failure inner_failure /  challenge_response_v1 empty_peap empty_peap]
Mar 31, 2026 9:36:33 AM de.learnlib.logging.LearnLogger logQuery
INFO: DB CACHE [ε | challenge_v1 inner_failure inner_success /  challenge_response_v1 empty_peap empty_peap]
Mar 31, 2026 9:36:33 AM de.learnlib.logging.LearnLogger logQuery
INFO: DB CACHE [ε | challenge_v1 inner_failure success_request_with_credentials_v1 /  challenge_response_v1 empty_peap success_response_v1]
Mar 31, 2026 9:36:33 AM de.learnlib.logging.LearnLogger logQuery
INFO: DB CACHE [ε | challenge_v1 inner_failure success_request_all_zeros_v1 /  challenge_response_v1 empty_peap no_reply]
Mar 31, 2026 9:36:33 AM de.learnlib.logging.LearnLogger logQuery
INFO: DB CACHE [ε | challenge_v1 inner_failure challenge_v1 /  challenge_response_v1 empty_peap challenge_response_v1]
Mar 31, 2026 9:36:33 AM de.learnlib.logging.LearnLogger logQuery
INFO: DB CACHE [ε | challenge_v1 inner_failure id_request_v1 /  challenge_response_v1 empty_peap id_response_v1]
Mar 31, 2026 9:36:33 AM de.learnlib.logging.LearnLogger logQuery
INFO: DB CACHE [ε | challenge_v1 inner_success 4_way_message_1 /  challenge_response_v1 empty_peap no_reply]
Mar 31, 2026 9:36:33 AM de.learnlib.logging.LearnLogger logQuery
INFO: DB CACHE [ε | challenge_v1 inner_success eap_success /  challenge_response_v1 empty_peap after_eap_success]
Mar 31, 2026 9:36:33 AM de.learnlib.logging.LearnLogger logQuery
INFO: DB CACHE [ε | challenge_v1 inner_success inner_failure /  challenge_response_v1 empty_peap empty_peap]
Mar 31, 2026 9:36:33 AM de.learnlib.logging.LearnLogger logQuery
INFO: DB CACHE [ε | challenge_v1 inner_success inner_success /  challenge_response_v1 empty_peap empty_peap]
Mar 31, 2026 9:36:33 AM de.learnlib.logging.LearnLogger logQuery
INFO: DB CACHE [ε | challenge_v1 inner_success success_request_with_credentials_v1 /  challenge_response_v1 empty_peap success_response_v1]
Mar 31, 2026 9:36:33 AM de.learnlib.logging.LearnLogger logQuery
INFO: DB CACHE [ε | challenge_v1 inner_success success_request_all_zeros_v1 /  challenge_response_v1 empty_peap no_reply]
Mar 31, 2026 9:36:33 AM de.learnlib.logging.LearnLogger logQuery
INFO: DB CACHE [ε | challenge_v1 inner_success challenge_v1 /  challenge_response_v1 empty_peap challenge_response_v1]
Mar 31, 2026 9:36:33 AM de.learnlib.logging.LearnLogger logQuery
INFO: DB CACHE [ε | challenge_v1 inner_success id_request_v1 /  challenge_response_v1 empty_peap id_response_v1]
Mar 31, 2026 9:36:33 AM de.learnlib.logging.LearnLogger logQuery
INFO: DB CACHE [ε | challenge_v1 success_request_with_credentials_v1 4_way_message_1 /  challenge_response_v1 success_response_v1 4_way_message_2]
Mar 31, 2026 9:36:33 AM de.learnlib.logging.LearnLogger logQuery
INFO: DB CACHE [ε | challenge_v1 success_request_with_credentials_v1 eap_success /  challenge_response_v1 success_response_v1 after_eap_success]
Mar 31, 2026 9:36:33 AM de.learnlib.logging.LearnLogger logQuery
INFO: DB CACHE [ε | challenge_v1 success_request_with_credentials_v1 inner_failure /  challenge_response_v1 success_response_v1 empty_peap]
Mar 31, 2026 9:36:33 AM de.learnlib.logging.LearnLogger logQuery
INFO: DB CACHE [ε | challenge_v1 success_request_with_credentials_v1 inner_success /  challenge_response_v1 success_response_v1 empty_peap]
Mar 31, 2026 9:36:33 AM de.learnlib.logging.LearnLogger logQuery
INFO: DB CACHE [ε | challenge_v1 success_request_with_credentials_v1 success_request_with_credentials_v1 /  challenge_response_v1 success_response_v1 success_response_v1]
Mar 31, 2026 9:36:33 AM de.learnlib.logging.LearnLogger logQuery
INFO: DB CACHE [ε | challenge_v1 success_request_with_credentials_v1 success_request_all_zeros_v1 /  challenge_response_v1 success_response_v1 no_reply]
Mar 31, 2026 9:36:33 AM de.learnlib.logging.LearnLogger logQuery
INFO: DB CACHE [ε | challenge_v1 success_request_with_credentials_v1 challenge_v1 /  challenge_response_v1 success_response_v1 challenge_response_v1]
Mar 31, 2026 9:36:33 AM de.learnlib.logging.LearnLogger logQuery
INFO: DB CACHE [ε | challenge_v1 success_request_with_credentials_v1 id_request_v1 /  challenge_response_v1 success_response_v1 id_response_v1]
Mar 31, 2026 9:36:33 AM de.learnlib.logging.LearnLogger logQuery
INFO: DB CACHE [ε | challenge_v1 success_request_all_zeros_v1 4_way_message_1 /  challenge_response_v1 no_reply -]
Mar 31, 2026 9:36:33 AM de.learnlib.logging.LearnLogger logQuery
INFO: DB CACHE [ε | challenge_v1 success_request_all_zeros_v1 eap_success /  challenge_response_v1 no_reply -]
Mar 31, 2026 9:36:33 AM de.learnlib.logging.LearnLogger logQuery
INFO: DB CACHE [ε | challenge_v1 success_request_all_zeros_v1 inner_failure /  challenge_response_v1 no_reply -]
Mar 31, 2026 9:36:33 AM de.learnlib.logging.LearnLogger logQuery
INFO: DB CACHE [ε | challenge_v1 success_request_all_zeros_v1 inner_success /  challenge_response_v1 no_reply -]
Mar 31, 2026 9:36:33 AM de.learnlib.logging.LearnLogger logQuery
INFO: DB CACHE [ε | challenge_v1 success_request_all_zeros_v1 success_request_with_credentials_v1 /  challenge_response_v1 no_reply -]
Mar 31, 2026 9:36:33 AM de.learnlib.logging.LearnLogger logQuery
INFO: DB CACHE [ε | challenge_v1 success_request_all_zeros_v1 success_request_all_zeros_v1 /  challenge_response_v1 no_reply -]
Mar 31, 2026 9:36:33 AM de.learnlib.logging.LearnLogger logQuery
INFO: DB CACHE [ε | challenge_v1 success_request_all_zeros_v1 challenge_v1 /  challenge_response_v1 no_reply -]
Mar 31, 2026 9:36:33 AM de.learnlib.logging.LearnLogger logQuery
INFO: DB CACHE [ε | challenge_v1 success_request_all_zeros_v1 id_request_v1 /  challenge_response_v1 no_reply -]
Mar 31, 2026 9:36:33 AM de.learnlib.logging.LearnLogger logQuery
INFO: DB CACHE [ε | challenge_v1 challenge_v1 4_way_message_1 /  challenge_response_v1 challenge_response_v1 no_reply]
Mar 31, 2026 9:36:33 AM de.learnlib.logging.LearnLogger logQuery
INFO: DB CACHE [ε | challenge_v1 challenge_v1 eap_success /  challenge_response_v1 challenge_response_v1 after_eap_success]
Mar 31, 2026 9:36:33 AM de.learnlib.logging.LearnLogger logQuery
INFO: DB CACHE [ε | challenge_v1 challenge_v1 inner_failure /  challenge_response_v1 challenge_response_v1 empty_peap]
Mar 31, 2026 9:36:33 AM de.learnlib.logging.LearnLogger logQuery
INFO: DB CACHE [ε | challenge_v1 challenge_v1 inner_success /  challenge_response_v1 challenge_response_v1 empty_peap]
Mar 31, 2026 9:36:33 AM de.learnlib.logging.LearnLogger logQuery
INFO: DB CACHE [ε | challenge_v1 challenge_v1 success_request_with_credentials_v1 /  challenge_response_v1 challenge_response_v1 success_response_v1]
Mar 31, 2026 9:36:33 AM de.learnlib.logging.LearnLogger logQuery
INFO: DB CACHE [ε | challenge_v1 challenge_v1 success_request_all_zeros_v1 /  challenge_response_v1 challenge_response_v1 no_reply]
Mar 31, 2026 9:36:33 AM de.learnlib.logging.LearnLogger logQuery
INFO: DB CACHE [ε | challenge_v1 challenge_v1 challenge_v1 /  challenge_response_v1 challenge_response_v1 challenge_response_v1]
Mar 31, 2026 9:36:33 AM de.learnlib.logging.LearnLogger logQuery
INFO: DB CACHE [ε | challenge_v1 challenge_v1 id_request_v1 /  challenge_response_v1 challenge_response_v1 id_response_v1]
Mar 31, 2026 9:36:33 AM de.learnlib.logging.LearnLogger logQuery
INFO: DB CACHE [ε | challenge_v1 id_request_v1 4_way_message_1 /  challenge_response_v1 id_response_v1 no_reply]
Mar 31, 2026 9:36:33 AM de.learnlib.logging.LearnLogger logQuery
INFO: DB CACHE [ε | challenge_v1 id_request_v1 eap_success /  challenge_response_v1 id_response_v1 after_eap_success]
Mar 31, 2026 9:36:33 AM de.learnlib.logging.LearnLogger logQuery
INFO: DB CACHE [ε | challenge_v1 id_request_v1 inner_failure /  challenge_response_v1 id_response_v1 empty_peap]
Mar 31, 2026 9:36:33 AM de.learnlib.logging.LearnLogger logQuery
INFO: DB CACHE [ε | challenge_v1 id_request_v1 inner_success /  challenge_response_v1 id_response_v1 empty_peap]
Mar 31, 2026 9:36:33 AM de.learnlib.logging.LearnLogger logQuery
INFO: DB CACHE [ε | challenge_v1 id_request_v1 success_request_with_credentials_v1 /  challenge_response_v1 id_response_v1 success_response_v1]
Mar 31, 2026 9:36:33 AM de.learnlib.logging.LearnLogger logQuery
INFO: DB CACHE [ε | challenge_v1 id_request_v1 success_request_all_zeros_v1 /  challenge_response_v1 id_response_v1 no_reply]
Mar 31, 2026 9:36:33 AM de.learnlib.logging.LearnLogger logQuery
INFO: DB CACHE [ε | challenge_v1 id_request_v1 challenge_v1 /  challenge_response_v1 id_response_v1 challenge_response_v1]
Mar 31, 2026 9:36:33 AM de.learnlib.logging.LearnLogger logQuery
INFO: DB CACHE [ε | challenge_v1 id_request_v1 id_request_v1 /  challenge_response_v1 id_response_v1 id_response_v1]
Mar 31, 2026 9:36:33 AM de.learnlib.logging.LearnLogger logQuery
INFO: DB CACHE [ε | challenge_v1 success_request_with_credentials_v1 4_way_message_1 4_way_message_1 /  challenge_response_v1 success_response_v1 4_way_message_2 -]
Mar 31, 2026 9:36:33 AM de.learnlib.logging.LearnLogger logQuery
INFO: DB CACHE [ε | challenge_v1 success_request_with_credentials_v1 4_way_message_1 eap_success /  challenge_response_v1 success_response_v1 4_way_message_2 -]
Mar 31, 2026 9:36:33 AM de.learnlib.logging.LearnLogger logQuery
INFO: DB CACHE [ε | challenge_v1 success_request_with_credentials_v1 4_way_message_1 inner_failure /  challenge_response_v1 success_response_v1 4_way_message_2 -]
Mar 31, 2026 9:36:33 AM de.learnlib.logging.LearnLogger logQuery
INFO: DB CACHE [ε | challenge_v1 success_request_with_credentials_v1 4_way_message_1 inner_success /  challenge_response_v1 success_response_v1 4_way_message_2 -]
Mar 31, 2026 9:36:33 AM de.learnlib.logging.LearnLogger logQuery
INFO: DB CACHE [ε | challenge_v1 success_request_with_credentials_v1 4_way_message_1 success_request_with_credentials_v1 /  challenge_response_v1 success_response_v1 4_way_message_2 -]
Mar 31, 2026 9:36:33 AM de.learnlib.logging.LearnLogger logQuery
INFO: DB CACHE [ε | challenge_v1 success_request_with_credentials_v1 4_way_message_1 success_request_all_zeros_v1 /  challenge_response_v1 success_response_v1 4_way_message_2 -]
Mar 31, 2026 9:36:33 AM de.learnlib.logging.LearnLogger logQuery
INFO: DB CACHE [ε | challenge_v1 success_request_with_credentials_v1 4_way_message_1 challenge_v1 /  challenge_response_v1 success_response_v1 4_way_message_2 -]
Mar 31, 2026 9:36:33 AM de.learnlib.logging.LearnLogger logQuery
INFO: DB CACHE [ε | challenge_v1 success_request_with_credentials_v1 4_way_message_1 id_request_v1 /  challenge_response_v1 success_response_v1 4_way_message_2 -]
Mar 31, 2026 9:36:33 AM de.learnlib.logging.LearnLogger logQuery
INFO: DB CACHE [ε | challenge_v1 success_request_with_credentials_v1 eap_success 4_way_message_1 /  challenge_response_v1 success_response_v1 after_eap_success 4_way_message_2]
Mar 31, 2026 9:36:33 AM de.learnlib.logging.LearnLogger logQuery
INFO: DB CACHE [ε | challenge_v1 success_request_with_credentials_v1 eap_success eap_success /  challenge_response_v1 success_response_v1 after_eap_success after_eap_success]
Mar 31, 2026 9:36:33 AM de.learnlib.logging.LearnLogger logQuery
INFO: DB CACHE [ε | challenge_v1 success_request_with_credentials_v1 eap_success inner_failure /  challenge_response_v1 success_response_v1 after_eap_success empty_peap]
Mar 31, 2026 9:36:33 AM de.learnlib.logging.LearnLogger logQuery
INFO: DB CACHE [ε | challenge_v1 success_request_with_credentials_v1 eap_success inner_success /  challenge_response_v1 success_response_v1 after_eap_success empty_peap]
Mar 31, 2026 9:36:33 AM de.learnlib.logging.LearnLogger logQuery
INFO: DB CACHE [ε | challenge_v1 success_request_with_credentials_v1 eap_success success_request_with_credentials_v1 /  challenge_response_v1 success_response_v1 after_eap_success success_response_v1]
Mar 31, 2026 9:36:33 AM de.learnlib.logging.LearnLogger logQuery
INFO: DB CACHE [ε | challenge_v1 success_request_with_credentials_v1 eap_success success_request_all_zeros_v1 /  challenge_response_v1 success_response_v1 after_eap_success no_reply]
Mar 31, 2026 9:36:33 AM de.learnlib.logging.LearnLogger logQuery
INFO: DB CACHE [ε | challenge_v1 success_request_with_credentials_v1 eap_success challenge_v1 /  challenge_response_v1 success_response_v1 after_eap_success challenge_response_v1]
Mar 31, 2026 9:36:33 AM de.learnlib.logging.LearnLogger logQuery
INFO: DB CACHE [ε | challenge_v1 success_request_with_credentials_v1 eap_success id_request_v1 /  challenge_response_v1 success_response_v1 after_eap_success id_response_v1]
Mar 31, 2026 9:36:33 AM de.learnlib.logging.LearnLogger logQuery
INFO: DB CACHE [ε | challenge_v1 success_request_with_credentials_v1 inner_failure 4_way_message_1 /  challenge_response_v1 success_response_v1 empty_peap 4_way_message_2]
Mar 31, 2026 9:36:33 AM de.learnlib.logging.LearnLogger logQuery
INFO: DB CACHE [ε | challenge_v1 success_request_with_credentials_v1 inner_failure eap_success /  challenge_response_v1 success_response_v1 empty_peap after_eap_success]
Mar 31, 2026 9:36:33 AM de.learnlib.logging.LearnLogger logQuery
INFO: DB CACHE [ε | challenge_v1 success_request_with_credentials_v1 inner_failure inner_failure /  challenge_response_v1 success_response_v1 empty_peap empty_peap]
Mar 31, 2026 9:36:33 AM de.learnlib.logging.LearnLogger logQuery
INFO: DB CACHE [ε | challenge_v1 success_request_with_credentials_v1 inner_failure inner_success /  challenge_response_v1 success_response_v1 empty_peap empty_peap]
Mar 31, 2026 9:36:33 AM de.learnlib.logging.LearnLogger logQuery
INFO: DB CACHE [ε | challenge_v1 success_request_with_credentials_v1 inner_failure success_request_with_credentials_v1 /  challenge_response_v1 success_response_v1 empty_peap success_response_v1]
Mar 31, 2026 9:36:33 AM de.learnlib.logging.LearnLogger logQuery
INFO: DB CACHE [ε | challenge_v1 success_request_with_credentials_v1 inner_failure success_request_all_zeros_v1 /  challenge_response_v1 success_response_v1 empty_peap no_reply]
Mar 31, 2026 9:36:33 AM de.learnlib.logging.LearnLogger logQuery
INFO: DB CACHE [ε | challenge_v1 success_request_with_credentials_v1 inner_failure challenge_v1 /  challenge_response_v1 success_response_v1 empty_peap challenge_response_v1]
Mar 31, 2026 9:36:33 AM de.learnlib.logging.LearnLogger logQuery
INFO: DB CACHE [ε | challenge_v1 success_request_with_credentials_v1 inner_failure id_request_v1 /  challenge_response_v1 success_response_v1 empty_peap id_response_v1]
Mar 31, 2026 9:36:33 AM de.learnlib.logging.LearnLogger logQuery
INFO: DB CACHE [ε | challenge_v1 success_request_with_credentials_v1 inner_success 4_way_message_1 /  challenge_response_v1 success_response_v1 empty_peap 4_way_message_2]
Mar 31, 2026 9:36:33 AM de.learnlib.logging.LearnLogger logQuery
INFO: DB CACHE [ε | challenge_v1 success_request_with_credentials_v1 inner_success eap_success /  challenge_response_v1 success_response_v1 empty_peap after_eap_success]
Mar 31, 2026 9:36:33 AM de.learnlib.logging.LearnLogger logQuery
INFO: DB CACHE [ε | challenge_v1 success_request_with_credentials_v1 inner_success inner_failure /  challenge_response_v1 success_response_v1 empty_peap empty_peap]
Mar 31, 2026 9:36:33 AM de.learnlib.logging.LearnLogger logQuery
INFO: DB CACHE [ε | challenge_v1 success_request_with_credentials_v1 inner_success inner_success /  challenge_response_v1 success_response_v1 empty_peap empty_peap]
Mar 31, 2026 9:36:33 AM de.learnlib.logging.LearnLogger logQuery
INFO: DB CACHE [ε | challenge_v1 success_request_with_credentials_v1 inner_success success_request_with_credentials_v1 /  challenge_response_v1 success_response_v1 empty_peap success_response_v1]
Mar 31, 2026 9:36:33 AM de.learnlib.logging.LearnLogger logQuery
INFO: DB CACHE [ε | challenge_v1 success_request_with_credentials_v1 inner_success success_request_all_zeros_v1 /  challenge_response_v1 success_response_v1 empty_peap no_reply]
Mar 31, 2026 9:36:33 AM de.learnlib.logging.LearnLogger logQuery
INFO: DB CACHE [ε | challenge_v1 success_request_with_credentials_v1 inner_success challenge_v1 /  challenge_response_v1 success_response_v1 empty_peap challenge_response_v1]
Mar 31, 2026 9:36:33 AM de.learnlib.logging.LearnLogger logQuery
INFO: DB CACHE [ε | challenge_v1 success_request_with_credentials_v1 inner_success id_request_v1 /  challenge_response_v1 success_response_v1 empty_peap id_response_v1]
Mar 31, 2026 9:36:33 AM de.learnlib.logging.LearnLogger logQuery
INFO: DB CACHE [ε | challenge_v1 success_request_with_credentials_v1 success_request_with_credentials_v1 4_way_message_1 /  challenge_response_v1 success_response_v1 success_response_v1 4_way_message_2]
Mar 31, 2026 9:36:33 AM de.learnlib.logging.LearnLogger logQuery
INFO: DB CACHE [ε | challenge_v1 success_request_with_credentials_v1 success_request_with_credentials_v1 eap_success /  challenge_response_v1 success_response_v1 success_response_v1 after_eap_success]
Mar 31, 2026 9:36:33 AM de.learnlib.logging.LearnLogger logQuery
INFO: DB CACHE [ε | challenge_v1 success_request_with_credentials_v1 success_request_with_credentials_v1 inner_failure /  challenge_response_v1 success_response_v1 success_response_v1 empty_peap]
Mar 31, 2026 9:36:33 AM de.learnlib.logging.LearnLogger logQuery
INFO: DB CACHE [ε | challenge_v1 success_request_with_credentials_v1 success_request_with_credentials_v1 inner_success /  challenge_response_v1 success_response_v1 success_response_v1 empty_peap]
Mar 31, 2026 9:36:33 AM de.learnlib.logging.LearnLogger logQuery
INFO: DB CACHE [ε | challenge_v1 success_request_with_credentials_v1 success_request_with_credentials_v1 success_request_with_credentials_v1 /  challenge_response_v1 success_response_v1 success_response_v1 success_response_v1]
Mar 31, 2026 9:36:33 AM de.learnlib.logging.LearnLogger logQuery
INFO: DB CACHE [ε | challenge_v1 success_request_with_credentials_v1 success_request_with_credentials_v1 success_request_all_zeros_v1 /  challenge_response_v1 success_response_v1 success_response_v1 no_reply]
Mar 31, 2026 9:36:33 AM de.learnlib.logging.LearnLogger logQuery
INFO: DB CACHE [ε | challenge_v1 success_request_with_credentials_v1 success_request_with_credentials_v1 challenge_v1 /  challenge_response_v1 success_response_v1 success_response_v1 challenge_response_v1]
Mar 31, 2026 9:36:33 AM de.learnlib.logging.LearnLogger logQuery
INFO: DB CACHE [ε | challenge_v1 success_request_with_credentials_v1 success_request_with_credentials_v1 id_request_v1 /  challenge_response_v1 success_response_v1 success_response_v1 id_response_v1]
Mar 31, 2026 9:36:33 AM de.learnlib.logging.LearnLogger logQuery
INFO: DB CACHE [ε | challenge_v1 success_request_with_credentials_v1 success_request_all_zeros_v1 4_way_message_1 /  challenge_response_v1 success_response_v1 no_reply -]
Mar 31, 2026 9:36:33 AM de.learnlib.logging.LearnLogger logQuery
INFO: DB CACHE [ε | challenge_v1 success_request_with_credentials_v1 success_request_all_zeros_v1 eap_success /  challenge_response_v1 success_response_v1 no_reply -]
Mar 31, 2026 9:36:33 AM de.learnlib.logging.LearnLogger logQuery
INFO: DB CACHE [ε | challenge_v1 success_request_with_credentials_v1 success_request_all_zeros_v1 inner_failure /  challenge_response_v1 success_response_v1 no_reply -]
Mar 31, 2026 9:36:33 AM de.learnlib.logging.LearnLogger logQuery
INFO: DB CACHE [ε | challenge_v1 success_request_with_credentials_v1 success_request_all_zeros_v1 inner_success /  challenge_response_v1 success_response_v1 no_reply -]
Mar 31, 2026 9:36:33 AM de.learnlib.logging.LearnLogger logQuery
INFO: DB CACHE [ε | challenge_v1 success_request_with_credentials_v1 success_request_all_zeros_v1 success_request_with_credentials_v1 /  challenge_response_v1 success_response_v1 no_reply -]
Mar 31, 2026 9:36:33 AM de.learnlib.logging.LearnLogger logQuery
INFO: DB CACHE [ε | challenge_v1 success_request_with_credentials_v1 success_request_all_zeros_v1 success_request_all_zeros_v1 /  challenge_response_v1 success_response_v1 no_reply -]
Mar 31, 2026 9:36:33 AM de.learnlib.logging.LearnLogger logQuery
INFO: DB CACHE [ε | challenge_v1 success_request_with_credentials_v1 success_request_all_zeros_v1 challenge_v1 /  challenge_response_v1 success_response_v1 no_reply -]
Mar 31, 2026 9:36:33 AM de.learnlib.logging.LearnLogger logQuery
INFO: DB CACHE [ε | challenge_v1 success_request_with_credentials_v1 success_request_all_zeros_v1 id_request_v1 /  challenge_response_v1 success_response_v1 no_reply -]
Mar 31, 2026 9:36:33 AM de.learnlib.logging.LearnLogger logQuery
INFO: DB CACHE [ε | challenge_v1 success_request_with_credentials_v1 challenge_v1 4_way_message_1 /  challenge_response_v1 success_response_v1 challenge_response_v1 4_way_message_2]
Mar 31, 2026 9:36:33 AM de.learnlib.logging.LearnLogger logQuery
INFO: DB CACHE [ε | challenge_v1 success_request_with_credentials_v1 challenge_v1 eap_success /  challenge_response_v1 success_response_v1 challenge_response_v1 after_eap_success]
Mar 31, 2026 9:36:33 AM de.learnlib.logging.LearnLogger logQuery
INFO: DB CACHE [ε | challenge_v1 success_request_with_credentials_v1 challenge_v1 inner_failure /  challenge_response_v1 success_response_v1 challenge_response_v1 empty_peap]
Mar 31, 2026 9:36:33 AM de.learnlib.logging.LearnLogger logQuery
INFO: DB CACHE [ε | challenge_v1 success_request_with_credentials_v1 challenge_v1 inner_success /  challenge_response_v1 success_response_v1 challenge_response_v1 empty_peap]
Mar 31, 2026 9:36:33 AM de.learnlib.logging.LearnLogger logQuery
INFO: DB CACHE [ε | challenge_v1 success_request_with_credentials_v1 challenge_v1 success_request_with_credentials_v1 /  challenge_response_v1 success_response_v1 challenge_response_v1 success_response_v1]
Mar 31, 2026 9:36:33 AM de.learnlib.logging.LearnLogger logQuery
INFO: DB CACHE [ε | challenge_v1 success_request_with_credentials_v1 challenge_v1 success_request_all_zeros_v1 /  challenge_response_v1 success_response_v1 challenge_response_v1 no_reply]
Mar 31, 2026 9:36:33 AM de.learnlib.logging.LearnLogger logQuery
INFO: DB CACHE [ε | challenge_v1 success_request_with_credentials_v1 challenge_v1 challenge_v1 /  challenge_response_v1 success_response_v1 challenge_response_v1 challenge_response_v1]
Mar 31, 2026 9:36:33 AM de.learnlib.logging.LearnLogger logQuery
INFO: DB CACHE [ε | challenge_v1 success_request_with_credentials_v1 challenge_v1 id_request_v1 /  challenge_response_v1 success_response_v1 challenge_response_v1 id_response_v1]
Mar 31, 2026 9:36:33 AM de.learnlib.logging.LearnLogger logQuery
INFO: DB CACHE [ε | challenge_v1 success_request_with_credentials_v1 id_request_v1 4_way_message_1 /  challenge_response_v1 success_response_v1 id_response_v1 4_way_message_2]
Mar 31, 2026 9:36:33 AM de.learnlib.logging.LearnLogger logQuery
INFO: DB CACHE [ε | challenge_v1 success_request_with_credentials_v1 id_request_v1 eap_success /  challenge_response_v1 success_response_v1 id_response_v1 after_eap_success]
Mar 31, 2026 9:36:33 AM de.learnlib.logging.LearnLogger logQuery
INFO: DB CACHE [ε | challenge_v1 success_request_with_credentials_v1 id_request_v1 inner_failure /  challenge_response_v1 success_response_v1 id_response_v1 empty_peap]
Mar 31, 2026 9:36:33 AM de.learnlib.logging.LearnLogger logQuery
INFO: DB CACHE [ε | challenge_v1 success_request_with_credentials_v1 id_request_v1 inner_success /  challenge_response_v1 success_response_v1 id_response_v1 empty_peap]
Mar 31, 2026 9:36:33 AM de.learnlib.logging.LearnLogger logQuery
INFO: DB CACHE [ε | challenge_v1 success_request_with_credentials_v1 id_request_v1 success_request_with_credentials_v1 /  challenge_response_v1 success_response_v1 id_response_v1 success_response_v1]
Mar 31, 2026 9:36:33 AM de.learnlib.logging.LearnLogger logQuery
INFO: DB CACHE [ε | challenge_v1 success_request_with_credentials_v1 id_request_v1 success_request_all_zeros_v1 /  challenge_response_v1 success_response_v1 id_response_v1 no_reply]
Mar 31, 2026 9:36:33 AM de.learnlib.logging.LearnLogger logQuery
INFO: DB CACHE [ε | challenge_v1 success_request_with_credentials_v1 id_request_v1 challenge_v1 /  challenge_response_v1 success_response_v1 id_response_v1 challenge_response_v1]
Mar 31, 2026 9:36:33 AM de.learnlib.logging.LearnLogger logQuery
INFO: DB CACHE [ε | challenge_v1 success_request_with_credentials_v1 id_request_v1 id_request_v1 /  challenge_response_v1 success_response_v1 id_response_v1 id_response_v1]
Mar 31, 2026 9:36:33 AM de.learnlib.logging.LearnLogger logQuery
INFO: DB CACHE [ε | challenge_v1 success_request_with_credentials_v1 inner_failure 4_way_message_1 4_way_message_1 /  challenge_response_v1 success_response_v1 empty_peap 4_way_message_2 -]
Mar 31, 2026 9:36:33 AM de.learnlib.logging.LearnLogger logQuery
INFO: DB CACHE [ε | challenge_v1 success_request_with_credentials_v1 inner_failure 4_way_message_1 eap_success /  challenge_response_v1 success_response_v1 empty_peap 4_way_message_2 -]
Mar 31, 2026 9:36:33 AM de.learnlib.logging.LearnLogger logQuery
INFO: DB CACHE [ε | challenge_v1 success_request_with_credentials_v1 inner_failure 4_way_message_1 inner_failure /  challenge_response_v1 success_response_v1 empty_peap 4_way_message_2 -]
Mar 31, 2026 9:36:33 AM de.learnlib.logging.LearnLogger logQuery
INFO: DB CACHE [ε | challenge_v1 success_request_with_credentials_v1 inner_failure 4_way_message_1 inner_success /  challenge_response_v1 success_response_v1 empty_peap 4_way_message_2 -]
Mar 31, 2026 9:36:33 AM de.learnlib.logging.LearnLogger logQuery
INFO: DB CACHE [ε | challenge_v1 success_request_with_credentials_v1 inner_failure 4_way_message_1 success_request_with_credentials_v1 /  challenge_response_v1 success_response_v1 empty_peap 4_way_message_2 -]
Mar 31, 2026 9:36:33 AM de.learnlib.logging.LearnLogger logQuery
INFO: DB CACHE [ε | challenge_v1 success_request_with_credentials_v1 inner_failure 4_way_message_1 success_request_all_zeros_v1 /  challenge_response_v1 success_response_v1 empty_peap 4_way_message_2 -]
Mar 31, 2026 9:36:33 AM de.learnlib.logging.LearnLogger logQuery
INFO: DB CACHE [ε | challenge_v1 success_request_with_credentials_v1 inner_failure 4_way_message_1 challenge_v1 /  challenge_response_v1 success_response_v1 empty_peap 4_way_message_2 -]
Mar 31, 2026 9:36:33 AM de.learnlib.logging.LearnLogger logQuery
INFO: DB CACHE [ε | challenge_v1 success_request_with_credentials_v1 inner_failure 4_way_message_1 id_request_v1 /  challenge_response_v1 success_response_v1 empty_peap 4_way_message_2 -]
Mar 31, 2026 9:36:33 AM de.learnlib.logging.LearnLogger logQuery
INFO: DB CACHE [ε | challenge_v1 success_request_with_credentials_v1 inner_failure eap_success 4_way_message_1 4_way_message_1 /  challenge_response_v1 success_response_v1 empty_peap after_eap_success no_reply -]
Mar 31, 2026 9:36:33 AM de.learnlib.logging.LearnLogger logQuery
INFO: DB CACHE [ε | challenge_v1 success_request_with_credentials_v1 inner_failure eap_success 4_way_message_1 eap_success /  challenge_response_v1 success_response_v1 empty_peap after_eap_success no_reply -]
Mar 31, 2026 9:36:33 AM de.learnlib.logging.LearnLogger logQuery
INFO: DB CACHE [ε | challenge_v1 success_request_with_credentials_v1 inner_failure eap_success 4_way_message_1 inner_failure /  challenge_response_v1 success_response_v1 empty_peap after_eap_success no_reply -]
Mar 31, 2026 9:36:33 AM de.learnlib.logging.LearnLogger logQuery
INFO: DB CACHE [ε | challenge_v1 success_request_with_credentials_v1 inner_failure eap_success 4_way_message_1 inner_success /  challenge_response_v1 success_response_v1 empty_peap after_eap_success no_reply -]
Mar 31, 2026 9:36:33 AM de.learnlib.logging.LearnLogger logQuery
INFO: DB CACHE [ε | challenge_v1 success_request_with_credentials_v1 inner_failure eap_success 4_way_message_1 success_request_with_credentials_v1 /  challenge_response_v1 success_response_v1 empty_peap after_eap_success no_reply -]
Mar 31, 2026 9:36:33 AM de.learnlib.logging.LearnLogger logQuery
INFO: DB CACHE [ε | challenge_v1 success_request_with_credentials_v1 inner_failure eap_success 4_way_message_1 success_request_all_zeros_v1 /  challenge_response_v1 success_response_v1 empty_peap after_eap_success no_reply -]
Mar 31, 2026 9:36:33 AM de.learnlib.logging.LearnLogger logQuery
INFO: DB CACHE [ε | challenge_v1 success_request_with_credentials_v1 inner_failure eap_success 4_way_message_1 challenge_v1 /  challenge_response_v1 success_response_v1 empty_peap after_eap_success no_reply -]
Mar 31, 2026 9:36:33 AM de.learnlib.logging.LearnLogger logQuery
INFO: DB CACHE [ε | challenge_v1 success_request_with_credentials_v1 inner_failure eap_success 4_way_message_1 id_request_v1 /  challenge_response_v1 success_response_v1 empty_peap after_eap_success no_reply -]
Mar 31, 2026 9:36:33 AM de.learnlib.logging.LearnLogger logQuery
INFO: DB CACHE [ε | challenge_v1 success_request_with_credentials_v1 inner_failure eap_success eap_success 4_way_message_1 /  challenge_response_v1 success_response_v1 empty_peap after_eap_success after_eap_success no_reply]
Mar 31, 2026 9:36:33 AM de.learnlib.logging.LearnLogger logQuery
INFO: DB CACHE [ε | challenge_v1 success_request_with_credentials_v1 inner_failure eap_success eap_success eap_success /  challenge_response_v1 success_response_v1 empty_peap after_eap_success after_eap_success after_eap_success]
Mar 31, 2026 9:36:33 AM de.learnlib.logging.LearnLogger logQuery
INFO: DB CACHE [ε | challenge_v1 success_request_with_credentials_v1 inner_failure eap_success eap_success inner_failure /  challenge_response_v1 success_response_v1 empty_peap after_eap_success after_eap_success no_reply]
Mar 31, 2026 9:36:33 AM de.learnlib.logging.LearnLogger logQuery
INFO: DB CACHE [ε | challenge_v1 success_request_with_credentials_v1 inner_failure eap_success eap_success inner_success /  challenge_response_v1 success_response_v1 empty_peap after_eap_success after_eap_success no_reply]
Mar 31, 2026 9:36:33 AM de.learnlib.logging.LearnLogger logQuery
INFO: DB CACHE [ε | challenge_v1 success_request_with_credentials_v1 inner_failure eap_success eap_success success_request_with_credentials_v1 /  challenge_response_v1 success_response_v1 empty_peap after_eap_success after_eap_success no_reply]
Mar 31, 2026 9:36:33 AM de.learnlib.logging.LearnLogger logQuery
INFO: DB CACHE [ε | challenge_v1 success_request_with_credentials_v1 inner_failure eap_success eap_success success_request_all_zeros_v1 /  challenge_response_v1 success_response_v1 empty_peap after_eap_success after_eap_success no_reply]
Mar 31, 2026 9:36:33 AM de.learnlib.logging.LearnLogger logQuery
INFO: DB CACHE [ε | challenge_v1 success_request_with_credentials_v1 inner_failure eap_success eap_success challenge_v1 /  challenge_response_v1 success_response_v1 empty_peap after_eap_success after_eap_success no_reply]
Mar 31, 2026 9:36:33 AM de.learnlib.logging.LearnLogger logQuery
INFO: DB CACHE [ε | challenge_v1 success_request_with_credentials_v1 inner_failure eap_success eap_success id_request_v1 /  challenge_response_v1 success_response_v1 empty_peap after_eap_success after_eap_success no_reply]
Mar 31, 2026 9:36:33 AM de.learnlib.logging.LearnLogger logQuery
INFO: DB CACHE [ε | challenge_v1 success_request_with_credentials_v1 inner_failure eap_success inner_failure 4_way_message_1 /  challenge_response_v1 success_response_v1 empty_peap after_eap_success no_reply -]
Mar 31, 2026 9:36:33 AM de.learnlib.logging.LearnLogger logQuery
INFO: DB CACHE [ε | challenge_v1 success_request_with_credentials_v1 inner_failure eap_success inner_failure eap_success /  challenge_response_v1 success_response_v1 empty_peap after_eap_success no_reply -]
Mar 31, 2026 9:36:33 AM de.learnlib.logging.LearnLogger logQuery
INFO: DB CACHE [ε | challenge_v1 success_request_with_credentials_v1 inner_failure eap_success inner_failure inner_failure /  challenge_response_v1 success_response_v1 empty_peap after_eap_success no_reply -]
Mar 31, 2026 9:36:33 AM de.learnlib.logging.LearnLogger logQuery
INFO: DB CACHE [ε | challenge_v1 success_request_with_credentials_v1 inner_failure eap_success inner_failure inner_success /  challenge_response_v1 success_response_v1 empty_peap after_eap_success no_reply -]
Mar 31, 2026 9:36:33 AM de.learnlib.logging.LearnLogger logQuery
INFO: DB CACHE [ε | challenge_v1 success_request_with_credentials_v1 inner_failure eap_success inner_failure success_request_with_credentials_v1 /  challenge_response_v1 success_response_v1 empty_peap after_eap_success no_reply -]
Mar 31, 2026 9:36:33 AM de.learnlib.logging.LearnLogger logQuery
INFO: DB CACHE [ε | challenge_v1 success_request_with_credentials_v1 inner_failure eap_success inner_failure success_request_all_zeros_v1 /  challenge_response_v1 success_response_v1 empty_peap after_eap_success no_reply -]
Mar 31, 2026 9:36:33 AM de.learnlib.logging.LearnLogger logQuery
INFO: DB CACHE [ε | challenge_v1 success_request_with_credentials_v1 inner_failure eap_success inner_failure challenge_v1 /  challenge_response_v1 success_response_v1 empty_peap after_eap_success no_reply -]
Mar 31, 2026 9:36:33 AM de.learnlib.logging.LearnLogger logQuery
INFO: DB CACHE [ε | challenge_v1 success_request_with_credentials_v1 inner_failure eap_success inner_failure id_request_v1 /  challenge_response_v1 success_response_v1 empty_peap after_eap_success no_reply -]
Mar 31, 2026 9:36:33 AM de.learnlib.logging.LearnLogger logQuery
INFO: DB CACHE [ε | challenge_v1 success_request_with_credentials_v1 inner_failure eap_success inner_success 4_way_message_1 /  challenge_response_v1 success_response_v1 empty_peap after_eap_success no_reply -]
Mar 31, 2026 9:36:33 AM de.learnlib.logging.LearnLogger logQuery
INFO: DB CACHE [ε | challenge_v1 success_request_with_credentials_v1 inner_failure eap_success inner_success eap_success /  challenge_response_v1 success_response_v1 empty_peap after_eap_success no_reply -]
Mar 31, 2026 9:36:33 AM de.learnlib.logging.LearnLogger logQuery
INFO: DB CACHE [ε | challenge_v1 success_request_with_credentials_v1 inner_failure eap_success inner_success inner_failure /  challenge_response_v1 success_response_v1 empty_peap after_eap_success no_reply -]
Mar 31, 2026 9:36:33 AM de.learnlib.logging.LearnLogger logQuery
INFO: DB CACHE [ε | challenge_v1 success_request_with_credentials_v1 inner_failure eap_success inner_success inner_success /  challenge_response_v1 success_response_v1 empty_peap after_eap_success no_reply -]
Mar 31, 2026 9:36:33 AM de.learnlib.logging.LearnLogger logQuery
INFO: DB CACHE [ε | challenge_v1 success_request_with_credentials_v1 inner_failure eap_success inner_success success_request_with_credentials_v1 /  challenge_response_v1 success_response_v1 empty_peap after_eap_success no_reply -]
Mar 31, 2026 9:36:33 AM de.learnlib.logging.LearnLogger logQuery
INFO: DB CACHE [ε | challenge_v1 success_request_with_credentials_v1 inner_failure eap_success inner_success success_request_all_zeros_v1 /  challenge_response_v1 success_response_v1 empty_peap after_eap_success no_reply -]
Mar 31, 2026 9:36:33 AM de.learnlib.logging.LearnLogger logQuery
INFO: DB CACHE [ε | challenge_v1 success_request_with_credentials_v1 inner_failure eap_success inner_success challenge_v1 /  challenge_response_v1 success_response_v1 empty_peap after_eap_success no_reply -]
Mar 31, 2026 9:36:33 AM de.learnlib.logging.LearnLogger logQuery
INFO: DB CACHE [ε | challenge_v1 success_request_with_credentials_v1 inner_failure eap_success inner_success id_request_v1 /  challenge_response_v1 success_response_v1 empty_peap after_eap_success no_reply -]
Mar 31, 2026 9:36:33 AM de.learnlib.logging.LearnLogger logQuery
INFO: DISABLED [ε | challenge_v1 success_request_with_credentials_v1 inner_failure eap_success success_request_with_credentials_v1 4_way_message_1 4_way_message_1 /  challenge_response_v1 success_response_v1 empty_peap after_eap_success no_reply - -]
Mar 31, 2026 9:36:33 AM de.learnlib.logging.LearnLogger logQuery
INFO: DISABLED [ε | challenge_v1 success_request_with_credentials_v1 inner_failure eap_success success_request_with_credentials_v1 4_way_message_1 eap_success /  challenge_response_v1 success_response_v1 empty_peap after_eap_success no_reply - -]
Mar 31, 2026 9:36:33 AM de.learnlib.logging.LearnLogger logQuery
INFO: DISABLED [ε | challenge_v1 success_request_with_credentials_v1 inner_failure eap_success success_request_with_credentials_v1 4_way_message_1 inner_failure /  challenge_response_v1 success_response_v1 empty_peap after_eap_success no_reply - -]
Mar 31, 2026 9:36:33 AM de.learnlib.logging.LearnLogger logQuery
INFO: DISABLED [ε | challenge_v1 success_request_with_credentials_v1 inner_failure eap_success success_request_with_credentials_v1 4_way_message_1 inner_success /  challenge_response_v1 success_response_v1 empty_peap after_eap_success no_reply - -]
Mar 31, 2026 9:36:33 AM de.learnlib.logging.LearnLogger logQuery
INFO: DISABLED [ε | challenge_v1 success_request_with_credentials_v1 inner_failure eap_success success_request_with_credentials_v1 4_way_message_1 success_request_with_credentials_v1 /  challenge_response_v1 success_response_v1 empty_peap after_eap_success no_reply - -]
Mar 31, 2026 9:36:33 AM de.learnlib.logging.LearnLogger logQuery
INFO: DISABLED [ε | challenge_v1 success_request_with_credentials_v1 inner_failure eap_success success_request_with_credentials_v1 4_way_message_1 success_request_all_zeros_v1 /  challenge_response_v1 success_response_v1 empty_peap after_eap_success no_reply - -]
Mar 31, 2026 9:36:33 AM de.learnlib.logging.LearnLogger logQuery
INFO: DISABLED [ε | challenge_v1 success_request_with_credentials_v1 inner_failure eap_success success_request_with_credentials_v1 4_way_message_1 challenge_v1 /  challenge_response_v1 success_response_v1 empty_peap after_eap_success no_reply - -]
Mar 31, 2026 9:36:33 AM de.learnlib.logging.LearnLogger logQuery
INFO: DISABLED [ε | challenge_v1 success_request_with_credentials_v1 inner_failure eap_success success_request_with_credentials_v1 4_way_message_1 id_request_v1 /  challenge_response_v1 success_response_v1 empty_peap after_eap_success no_reply - -]
Mar 31, 2026 9:36:33 AM de.learnlib.logging.LearnLogger logQuery
INFO: DISABLED [ε | challenge_v1 success_request_with_credentials_v1 inner_failure eap_success success_request_with_credentials_v1 eap_success 4_way_message_1 /  challenge_response_v1 success_response_v1 empty_peap after_eap_success no_reply - -]
Mar 31, 2026 9:36:33 AM de.learnlib.logging.LearnLogger logQuery
INFO: DISABLED [ε | challenge_v1 success_request_with_credentials_v1 inner_failure eap_success success_request_with_credentials_v1 eap_success eap_success /  challenge_response_v1 success_response_v1 empty_peap after_eap_success no_reply - -]
Mar 31, 2026 9:36:33 AM de.learnlib.logging.LearnLogger logQuery
INFO: DISABLED [ε | challenge_v1 success_request_with_credentials_v1 inner_failure eap_success success_request_with_credentials_v1 eap_success inner_failure /  challenge_response_v1 success_response_v1 empty_peap after_eap_success no_reply - -]
Mar 31, 2026 9:36:33 AM de.learnlib.logging.LearnLogger logQuery
INFO: DISABLED [ε | challenge_v1 success_request_with_credentials_v1 inner_failure eap_success success_request_with_credentials_v1 eap_success inner_success /  challenge_response_v1 success_response_v1 empty_peap after_eap_success no_reply - -]
Mar 31, 2026 9:36:33 AM de.learnlib.logging.LearnLogger logQuery
INFO: DISABLED [ε | challenge_v1 success_request_with_credentials_v1 inner_failure eap_success success_request_with_credentials_v1 eap_success success_request_with_credentials_v1 /  challenge_response_v1 success_response_v1 empty_peap after_eap_success no_reply - -]
Mar 31, 2026 9:36:33 AM de.learnlib.logging.LearnLogger logQuery
INFO: DISABLED [ε | challenge_v1 success_request_with_credentials_v1 inner_failure eap_success success_request_with_credentials_v1 eap_success success_request_all_zeros_v1 /  challenge_response_v1 success_response_v1 empty_peap after_eap_success no_reply - -]
Mar 31, 2026 9:36:33 AM de.learnlib.logging.LearnLogger logQuery
INFO: DISABLED [ε | challenge_v1 success_request_with_credentials_v1 inner_failure eap_success success_request_with_credentials_v1 eap_success challenge_v1 /  challenge_response_v1 success_response_v1 empty_peap after_eap_success no_reply - -]
Mar 31, 2026 9:36:33 AM de.learnlib.logging.LearnLogger logQuery
INFO: DISABLED [ε | challenge_v1 success_request_with_credentials_v1 inner_failure eap_success success_request_with_credentials_v1 eap_success id_request_v1 /  challenge_response_v1 success_response_v1 empty_peap after_eap_success no_reply - -]
Mar 31, 2026 9:36:33 AM de.learnlib.logging.LearnLogger logQuery
INFO: DISABLED [ε | challenge_v1 success_request_with_credentials_v1 inner_failure eap_success success_request_with_credentials_v1 inner_failure 4_way_message_1 /  challenge_response_v1 success_response_v1 empty_peap after_eap_success no_reply - -]
Mar 31, 2026 9:36:33 AM de.learnlib.logging.LearnLogger logQuery
INFO: DISABLED [ε | challenge_v1 success_request_with_credentials_v1 inner_failure eap_success success_request_with_credentials_v1 inner_failure eap_success /  challenge_response_v1 success_response_v1 empty_peap after_eap_success no_reply - -]
Mar 31, 2026 9:36:33 AM de.learnlib.logging.LearnLogger logQuery
INFO: DISABLED [ε | challenge_v1 success_request_with_credentials_v1 inner_failure eap_success success_request_with_credentials_v1 inner_failure inner_failure /  challenge_response_v1 success_response_v1 empty_peap after_eap_success no_reply - -]
Mar 31, 2026 9:36:33 AM de.learnlib.logging.LearnLogger logQuery
INFO: DISABLED [ε | challenge_v1 success_request_with_credentials_v1 inner_failure eap_success success_request_with_credentials_v1 inner_failure inner_success /  challenge_response_v1 success_response_v1 empty_peap after_eap_success no_reply - -]
Mar 31, 2026 9:36:33 AM de.learnlib.logging.LearnLogger logQuery
INFO: DISABLED [ε | challenge_v1 success_request_with_credentials_v1 inner_failure eap_success success_request_with_credentials_v1 inner_failure success_request_with_credentials_v1 /  challenge_response_v1 success_response_v1 empty_peap after_eap_success no_reply - -]
Mar 31, 2026 9:36:33 AM de.learnlib.logging.LearnLogger logQuery
INFO: DISABLED [ε | challenge_v1 success_request_with_credentials_v1 inner_failure eap_success success_request_with_credentials_v1 inner_failure success_request_all_zeros_v1 /  challenge_response_v1 success_response_v1 empty_peap after_eap_success no_reply - -]
Mar 31, 2026 9:36:33 AM de.learnlib.logging.LearnLogger logQuery
INFO: DISABLED [ε | challenge_v1 success_request_with_credentials_v1 inner_failure eap_success success_request_with_credentials_v1 inner_failure challenge_v1 /  challenge_response_v1 success_response_v1 empty_peap after_eap_success no_reply - -]
Mar 31, 2026 9:36:33 AM de.learnlib.logging.LearnLogger logQuery
INFO: DISABLED [ε | challenge_v1 success_request_with_credentials_v1 inner_failure eap_success success_request_with_credentials_v1 inner_failure id_request_v1 /  challenge_response_v1 success_response_v1 empty_peap after_eap_success no_reply - -]
Mar 31, 2026 9:36:33 AM de.learnlib.logging.LearnLogger logQuery
INFO: DISABLED [ε | challenge_v1 success_request_with_credentials_v1 inner_failure eap_success success_request_with_credentials_v1 inner_success 4_way_message_1 /  challenge_response_v1 success_response_v1 empty_peap after_eap_success no_reply - -]
Mar 31, 2026 9:36:33 AM de.learnlib.logging.LearnLogger logQuery
INFO: DISABLED [ε | challenge_v1 success_request_with_credentials_v1 inner_failure eap_success success_request_with_credentials_v1 inner_success eap_success /  challenge_response_v1 success_response_v1 empty_peap after_eap_success no_reply - -]
Mar 31, 2026 9:36:33 AM de.learnlib.logging.LearnLogger logQuery
INFO: DISABLED [ε | challenge_v1 success_request_with_credentials_v1 inner_failure eap_success success_request_with_credentials_v1 inner_success inner_failure /  challenge_response_v1 success_response_v1 empty_peap after_eap_success no_reply - -]
Mar 31, 2026 9:36:33 AM de.learnlib.logging.LearnLogger logQuery
INFO: DISABLED [ε | challenge_v1 success_request_with_credentials_v1 inner_failure eap_success success_request_with_credentials_v1 inner_success inner_success /  challenge_response_v1 success_response_v1 empty_peap after_eap_success no_reply - -]
Mar 31, 2026 9:36:33 AM de.learnlib.logging.LearnLogger logQuery
INFO: DISABLED [ε | challenge_v1 success_request_with_credentials_v1 inner_failure eap_success success_request_with_credentials_v1 inner_success success_request_with_credentials_v1 /  challenge_response_v1 success_response_v1 empty_peap after_eap_success no_reply - -]
Mar 31, 2026 9:36:33 AM de.learnlib.logging.LearnLogger logQuery
INFO: DISABLED [ε | challenge_v1 success_request_with_credentials_v1 inner_failure eap_success success_request_with_credentials_v1 inner_success success_request_all_zeros_v1 /  challenge_response_v1 success_response_v1 empty_peap after_eap_success no_reply - -]
Mar 31, 2026 9:36:33 AM de.learnlib.logging.LearnLogger logQuery
INFO: DISABLED [ε | challenge_v1 success_request_with_credentials_v1 inner_failure eap_success success_request_with_credentials_v1 inner_success challenge_v1 /  challenge_response_v1 success_response_v1 empty_peap after_eap_success no_reply - -]
Mar 31, 2026 9:36:33 AM de.learnlib.logging.LearnLogger logQuery
INFO: DISABLED [ε | challenge_v1 success_request_with_credentials_v1 inner_failure eap_success success_request_with_credentials_v1 inner_success id_request_v1 /  challenge_response_v1 success_response_v1 empty_peap after_eap_success no_reply - -]
Mar 31, 2026 9:36:33 AM de.learnlib.logging.LearnLogger logQuery
INFO: DISABLED [ε | challenge_v1 success_request_with_credentials_v1 inner_failure eap_success success_request_with_credentials_v1 success_request_with_credentials_v1 4_way_message_1 /  challenge_response_v1 success_response_v1 empty_peap after_eap_success no_reply - -]
Mar 31, 2026 9:36:33 AM de.learnlib.logging.LearnLogger logQuery
INFO: DISABLED [ε | challenge_v1 success_request_with_credentials_v1 inner_failure eap_success success_request_with_credentials_v1 success_request_with_credentials_v1 eap_success /  challenge_response_v1 success_response_v1 empty_peap after_eap_success no_reply - -]
Mar 31, 2026 9:36:33 AM de.learnlib.logging.LearnLogger logQuery
INFO: DISABLED [ε | challenge_v1 success_request_with_credentials_v1 inner_failure eap_success success_request_with_credentials_v1 success_request_with_credentials_v1 inner_failure /  challenge_response_v1 success_response_v1 empty_peap after_eap_success no_reply - -]
Mar 31, 2026 9:36:33 AM de.learnlib.logging.LearnLogger logQuery
INFO: DISABLED [ε | challenge_v1 success_request_with_credentials_v1 inner_failure eap_success success_request_with_credentials_v1 success_request_with_credentials_v1 inner_success /  challenge_response_v1 success_response_v1 empty_peap after_eap_success no_reply - -]
Mar 31, 2026 9:36:33 AM de.learnlib.logging.LearnLogger logQuery
INFO: DISABLED [ε | challenge_v1 success_request_with_credentials_v1 inner_failure eap_success success_request_with_credentials_v1 success_request_with_credentials_v1 success_request_with_credentials_v1 /  challenge_response_v1 success_response_v1 empty_peap after_eap_success no_reply - -]
Mar 31, 2026 9:36:33 AM de.learnlib.logging.LearnLogger logQuery
INFO: DISABLED [ε | challenge_v1 success_request_with_credentials_v1 inner_failure eap_success success_request_with_credentials_v1 success_request_with_credentials_v1 success_request_all_zeros_v1 /  challenge_response_v1 success_response_v1 empty_peap after_eap_success no_reply - -]
Mar 31, 2026 9:36:33 AM de.learnlib.logging.LearnLogger logQuery
INFO: DISABLED [ε | challenge_v1 success_request_with_credentials_v1 inner_failure eap_success success_request_with_credentials_v1 success_request_with_credentials_v1 challenge_v1 /  challenge_response_v1 success_response_v1 empty_peap after_eap_success no_reply - -]
Mar 31, 2026 9:36:33 AM de.learnlib.logging.LearnLogger logQuery
INFO: DISABLED [ε | challenge_v1 success_request_with_credentials_v1 inner_failure eap_success success_request_with_credentials_v1 success_request_with_credentials_v1 id_request_v1 /  challenge_response_v1 success_response_v1 empty_peap after_eap_success no_reply - -]
Mar 31, 2026 9:36:33 AM de.learnlib.logging.LearnLogger logQuery
INFO: DISABLED [ε | challenge_v1 success_request_with_credentials_v1 inner_failure eap_success success_request_with_credentials_v1 success_request_all_zeros_v1 4_way_message_1 /  challenge_response_v1 success_response_v1 empty_peap after_eap_success no_reply - -]
Mar 31, 2026 9:36:33 AM de.learnlib.logging.LearnLogger logQuery
INFO: DISABLED [ε | challenge_v1 success_request_with_credentials_v1 inner_failure eap_success success_request_with_credentials_v1 success_request_all_zeros_v1 eap_success /  challenge_response_v1 success_response_v1 empty_peap after_eap_success no_reply - -]
Mar 31, 2026 9:36:33 AM de.learnlib.logging.LearnLogger logQuery
INFO: DISABLED [ε | challenge_v1 success_request_with_credentials_v1 inner_failure eap_success success_request_with_credentials_v1 success_request_all_zeros_v1 inner_failure /  challenge_response_v1 success_response_v1 empty_peap after_eap_success no_reply - -]
Mar 31, 2026 9:36:33 AM de.learnlib.logging.LearnLogger logQuery
INFO: DISABLED [ε | challenge_v1 success_request_with_credentials_v1 inner_failure eap_success success_request_with_credentials_v1 success_request_all_zeros_v1 inner_success /  challenge_response_v1 success_response_v1 empty_peap after_eap_success no_reply - -]
Mar 31, 2026 9:36:33 AM de.learnlib.logging.LearnLogger logQuery
INFO: DISABLED [ε | challenge_v1 success_request_with_credentials_v1 inner_failure eap_success success_request_with_credentials_v1 success_request_all_zeros_v1 success_request_with_credentials_v1 /  challenge_response_v1 success_response_v1 empty_peap after_eap_success no_reply - -]
Mar 31, 2026 9:36:33 AM de.learnlib.logging.LearnLogger logQuery
INFO: DISABLED [ε | challenge_v1 success_request_with_credentials_v1 inner_failure eap_success success_request_with_credentials_v1 success_request_all_zeros_v1 success_request_all_zeros_v1 /  challenge_response_v1 success_response_v1 empty_peap after_eap_success no_reply - -]
Mar 31, 2026 9:36:33 AM de.learnlib.logging.LearnLogger logQuery
INFO: DISABLED [ε | challenge_v1 success_request_with_credentials_v1 inner_failure eap_success success_request_with_credentials_v1 success_request_all_zeros_v1 challenge_v1 /  challenge_response_v1 success_response_v1 empty_peap after_eap_success no_reply - -]
Mar 31, 2026 9:36:33 AM de.learnlib.logging.LearnLogger logQuery
INFO: DISABLED [ε | challenge_v1 success_request_with_credentials_v1 inner_failure eap_success success_request_with_credentials_v1 success_request_all_zeros_v1 id_request_v1 /  challenge_response_v1 success_response_v1 empty_peap after_eap_success no_reply - -]
Mar 31, 2026 9:36:33 AM de.learnlib.logging.LearnLogger logQuery
INFO: DISABLED [ε | challenge_v1 success_request_with_credentials_v1 inner_failure eap_success success_request_with_credentials_v1 challenge_v1 4_way_message_1 /  challenge_response_v1 success_response_v1 empty_peap after_eap_success no_reply - -]
Mar 31, 2026 9:36:33 AM de.learnlib.logging.LearnLogger logQuery
INFO: DISABLED [ε | challenge_v1 success_request_with_credentials_v1 inner_failure eap_success success_request_with_credentials_v1 challenge_v1 eap_success /  challenge_response_v1 success_response_v1 empty_peap after_eap_success no_reply - -]
Mar 31, 2026 9:36:33 AM de.learnlib.logging.LearnLogger logQuery
INFO: DISABLED [ε | challenge_v1 success_request_with_credentials_v1 inner_failure eap_success success_request_with_credentials_v1 challenge_v1 inner_failure /  challenge_response_v1 success_response_v1 empty_peap after_eap_success no_reply - -]
Mar 31, 2026 9:36:33 AM de.learnlib.logging.LearnLogger logQuery
INFO: DISABLED [ε | challenge_v1 success_request_with_credentials_v1 inner_failure eap_success success_request_with_credentials_v1 challenge_v1 inner_success /  challenge_response_v1 success_response_v1 empty_peap after_eap_success no_reply - -]
Mar 31, 2026 9:36:33 AM de.learnlib.logging.LearnLogger logQuery
INFO: DISABLED [ε | challenge_v1 success_request_with_credentials_v1 inner_failure eap_success success_request_with_credentials_v1 challenge_v1 success_request_with_credentials_v1 /  challenge_response_v1 success_response_v1 empty_peap after_eap_success no_reply - -]
Mar 31, 2026 9:36:33 AM de.learnlib.logging.LearnLogger logQuery
INFO: DISABLED [ε | challenge_v1 success_request_with_credentials_v1 inner_failure eap_success success_request_with_credentials_v1 challenge_v1 success_request_all_zeros_v1 /  challenge_response_v1 success_response_v1 empty_peap after_eap_success no_reply - -]
Mar 31, 2026 9:36:33 AM de.learnlib.logging.LearnLogger logQuery
INFO: DISABLED [ε | challenge_v1 success_request_with_credentials_v1 inner_failure eap_success success_request_with_credentials_v1 challenge_v1 challenge_v1 /  challenge_response_v1 success_response_v1 empty_peap after_eap_success no_reply - -]
Mar 31, 2026 9:36:33 AM de.learnlib.logging.LearnLogger logQuery
INFO: DISABLED [ε | challenge_v1 success_request_with_credentials_v1 inner_failure eap_success success_request_with_credentials_v1 challenge_v1 id_request_v1 /  challenge_response_v1 success_response_v1 empty_peap after_eap_success no_reply - -]
Mar 31, 2026 9:36:33 AM de.learnlib.logging.LearnLogger logQuery
INFO: DISABLED [ε | challenge_v1 success_request_with_credentials_v1 inner_failure eap_success success_request_with_credentials_v1 id_request_v1 4_way_message_1 /  challenge_response_v1 success_response_v1 empty_peap after_eap_success no_reply - -]
Mar 31, 2026 9:36:33 AM de.learnlib.logging.LearnLogger logQuery
INFO: DISABLED [ε | challenge_v1 success_request_with_credentials_v1 inner_failure eap_success success_request_with_credentials_v1 id_request_v1 eap_success /  challenge_response_v1 success_response_v1 empty_peap after_eap_success no_reply - -]
Mar 31, 2026 9:36:33 AM de.learnlib.logging.LearnLogger logQuery
INFO: DISABLED [ε | challenge_v1 success_request_with_credentials_v1 inner_failure eap_success success_request_with_credentials_v1 id_request_v1 inner_failure /  challenge_response_v1 success_response_v1 empty_peap after_eap_success no_reply - -]
Mar 31, 2026 9:36:33 AM de.learnlib.logging.LearnLogger logQuery
INFO: DISABLED [ε | challenge_v1 success_request_with_credentials_v1 inner_failure eap_success success_request_with_credentials_v1 id_request_v1 inner_success /  challenge_response_v1 success_response_v1 empty_peap after_eap_success no_reply - -]
Mar 31, 2026 9:36:33 AM de.learnlib.logging.LearnLogger logQuery
INFO: DISABLED [ε | challenge_v1 success_request_with_credentials_v1 inner_failure eap_success success_request_with_credentials_v1 id_request_v1 success_request_with_credentials_v1 /  challenge_response_v1 success_response_v1 empty_peap after_eap_success no_reply - -]
Mar 31, 2026 9:36:33 AM de.learnlib.logging.LearnLogger logQuery
INFO: DISABLED [ε | challenge_v1 success_request_with_credentials_v1 inner_failure eap_success success_request_with_credentials_v1 id_request_v1 success_request_all_zeros_v1 /  challenge_response_v1 success_response_v1 empty_peap after_eap_success no_reply - -]
Mar 31, 2026 9:36:33 AM de.learnlib.logging.LearnLogger logQuery
INFO: DISABLED [ε | challenge_v1 success_request_with_credentials_v1 inner_failure eap_success success_request_with_credentials_v1 id_request_v1 challenge_v1 /  challenge_response_v1 success_response_v1 empty_peap after_eap_success no_reply - -]
Mar 31, 2026 9:36:33 AM de.learnlib.logging.LearnLogger logQuery
INFO: DISABLED [ε | challenge_v1 success_request_with_credentials_v1 inner_failure eap_success success_request_with_credentials_v1 id_request_v1 id_request_v1 /  challenge_response_v1 success_response_v1 empty_peap after_eap_success no_reply - -]
Mar 31, 2026 9:36:33 AM de.learnlib.logging.LearnLogger logQuery
INFO: DB CACHE [ε | challenge_v1 success_request_with_credentials_v1 inner_failure eap_success success_request_all_zeros_v1 4_way_message_1 /  challenge_response_v1 success_response_v1 empty_peap after_eap_success no_reply -]
Mar 31, 2026 9:36:33 AM de.learnlib.logging.LearnLogger logQuery
INFO: DB CACHE [ε | challenge_v1 success_request_with_credentials_v1 inner_failure eap_success success_request_all_zeros_v1 eap_success /  challenge_response_v1 success_response_v1 empty_peap after_eap_success no_reply -]
Mar 31, 2026 9:36:33 AM de.learnlib.logging.LearnLogger logQuery
INFO: DB CACHE [ε | challenge_v1 success_request_with_credentials_v1 inner_failure eap_success success_request_all_zeros_v1 inner_failure /  challenge_response_v1 success_response_v1 empty_peap after_eap_success no_reply -]
Mar 31, 2026 9:36:33 AM de.learnlib.logging.LearnLogger logQuery
INFO: DB CACHE [ε | challenge_v1 success_request_with_credentials_v1 inner_failure eap_success success_request_all_zeros_v1 inner_success /  challenge_response_v1 success_response_v1 empty_peap after_eap_success no_reply -]
Mar 31, 2026 9:36:33 AM de.learnlib.logging.LearnLogger logQuery
INFO: DB CACHE [ε | challenge_v1 success_request_with_credentials_v1 inner_failure eap_success success_request_all_zeros_v1 success_request_with_credentials_v1 /  challenge_response_v1 success_response_v1 empty_peap after_eap_success no_reply -]
Mar 31, 2026 9:36:33 AM de.learnlib.logging.LearnLogger logQuery
INFO: DB CACHE [ε | challenge_v1 success_request_with_credentials_v1 inner_failure eap_success success_request_all_zeros_v1 success_request_all_zeros_v1 /  challenge_response_v1 success_response_v1 empty_peap after_eap_success no_reply -]
Mar 31, 2026 9:36:33 AM de.learnlib.logging.LearnLogger logQuery
INFO: DB CACHE [ε | challenge_v1 success_request_with_credentials_v1 inner_failure eap_success success_request_all_zeros_v1 challenge_v1 /  challenge_response_v1 success_response_v1 empty_peap after_eap_success no_reply -]
Mar 31, 2026 9:36:33 AM de.learnlib.logging.LearnLogger logQuery
INFO: DB CACHE [ε | challenge_v1 success_request_with_credentials_v1 inner_failure eap_success success_request_all_zeros_v1 id_request_v1 /  challenge_response_v1 success_response_v1 empty_peap after_eap_success no_reply -]
Mar 31, 2026 9:36:33 AM de.learnlib.logging.LearnLogger logQuery
INFO: DB CACHE [ε | challenge_v1 success_request_with_credentials_v1 inner_failure eap_success challenge_v1 4_way_message_1 /  challenge_response_v1 success_response_v1 empty_peap after_eap_success no_reply -]
Mar 31, 2026 9:36:33 AM de.learnlib.logging.LearnLogger logQuery
INFO: DB CACHE [ε | challenge_v1 success_request_with_credentials_v1 inner_failure eap_success challenge_v1 eap_success /  challenge_response_v1 success_response_v1 empty_peap after_eap_success no_reply -]
Mar 31, 2026 9:36:33 AM de.learnlib.logging.LearnLogger logQuery
INFO: DB CACHE [ε | challenge_v1 success_request_with_credentials_v1 inner_failure eap_success challenge_v1 inner_failure /  challenge_response_v1 success_response_v1 empty_peap after_eap_success no_reply -]
Mar 31, 2026 9:36:33 AM de.learnlib.logging.LearnLogger logQuery
INFO: DB CACHE [ε | challenge_v1 success_request_with_credentials_v1 inner_failure eap_success challenge_v1 inner_success /  challenge_response_v1 success_response_v1 empty_peap after_eap_success no_reply -]
Mar 31, 2026 9:36:33 AM de.learnlib.logging.LearnLogger logQuery
INFO: DB CACHE [ε | challenge_v1 success_request_with_credentials_v1 inner_failure eap_success challenge_v1 success_request_with_credentials_v1 /  challenge_response_v1 success_response_v1 empty_peap after_eap_success no_reply -]
Mar 31, 2026 9:36:33 AM de.learnlib.logging.LearnLogger logQuery
INFO: DB CACHE [ε | challenge_v1 success_request_with_credentials_v1 inner_failure eap_success challenge_v1 success_request_all_zeros_v1 /  challenge_response_v1 success_response_v1 empty_peap after_eap_success no_reply -]
Mar 31, 2026 9:36:33 AM de.learnlib.logging.LearnLogger logQuery
INFO: DB CACHE [ε | challenge_v1 success_request_with_credentials_v1 inner_failure eap_success challenge_v1 challenge_v1 /  challenge_response_v1 success_response_v1 empty_peap after_eap_success no_reply -]
Mar 31, 2026 9:36:33 AM de.learnlib.logging.LearnLogger logQuery
INFO: DB CACHE [ε | challenge_v1 success_request_with_credentials_v1 inner_failure eap_success challenge_v1 id_request_v1 /  challenge_response_v1 success_response_v1 empty_peap after_eap_success no_reply -]
Mar 31, 2026 9:36:33 AM de.learnlib.logging.LearnLogger logQuery
INFO: DB CACHE [ε | challenge_v1 success_request_with_credentials_v1 inner_failure eap_success id_request_v1 4_way_message_1 /  challenge_response_v1 success_response_v1 empty_peap after_eap_success no_reply -]
Mar 31, 2026 9:36:33 AM de.learnlib.logging.LearnLogger logQuery
INFO: DB CACHE [ε | challenge_v1 success_request_with_credentials_v1 inner_failure eap_success id_request_v1 eap_success /  challenge_response_v1 success_response_v1 empty_peap after_eap_success no_reply -]
Mar 31, 2026 9:36:33 AM de.learnlib.logging.LearnLogger logQuery
INFO: DB CACHE [ε | challenge_v1 success_request_with_credentials_v1 inner_failure eap_success id_request_v1 inner_failure /  challenge_response_v1 success_response_v1 empty_peap after_eap_success no_reply -]
Mar 31, 2026 9:36:33 AM de.learnlib.logging.LearnLogger logQuery
INFO: DB CACHE [ε | challenge_v1 success_request_with_credentials_v1 inner_failure eap_success id_request_v1 inner_success /  challenge_response_v1 success_response_v1 empty_peap after_eap_success no_reply -]
Mar 31, 2026 9:36:33 AM de.learnlib.logging.LearnLogger logQuery
INFO: DB CACHE [ε | challenge_v1 success_request_with_credentials_v1 inner_failure eap_success id_request_v1 success_request_with_credentials_v1 /  challenge_response_v1 success_response_v1 empty_peap after_eap_success no_reply -]
Mar 31, 2026 9:36:33 AM de.learnlib.logging.LearnLogger logQuery
INFO: DB CACHE [ε | challenge_v1 success_request_with_credentials_v1 inner_failure eap_success id_request_v1 success_request_all_zeros_v1 /  challenge_response_v1 success_response_v1 empty_peap after_eap_success no_reply -]
Mar 31, 2026 9:36:33 AM de.learnlib.logging.LearnLogger logQuery
INFO: DB CACHE [ε | challenge_v1 success_request_with_credentials_v1 inner_failure eap_success id_request_v1 challenge_v1 /  challenge_response_v1 success_response_v1 empty_peap after_eap_success no_reply -]
Mar 31, 2026 9:36:33 AM de.learnlib.logging.LearnLogger logQuery
INFO: DB CACHE [ε | challenge_v1 success_request_with_credentials_v1 inner_failure eap_success id_request_v1 id_request_v1 /  challenge_response_v1 success_response_v1 empty_peap after_eap_success no_reply -]
Mar 31, 2026 9:36:33 AM de.learnlib.logging.LearnLogger logQuery
INFO: DB CACHE [ε | challenge_v1 success_request_with_credentials_v1 inner_failure inner_failure 4_way_message_1 /  challenge_response_v1 success_response_v1 empty_peap empty_peap 4_way_message_2]
Mar 31, 2026 9:36:33 AM de.learnlib.logging.LearnLogger logQuery
INFO: DB CACHE [ε | challenge_v1 success_request_with_credentials_v1 inner_failure inner_failure eap_success /  challenge_response_v1 success_response_v1 empty_peap empty_peap after_eap_success]
Mar 31, 2026 9:36:33 AM de.learnlib.logging.LearnLogger logQuery
INFO: DB CACHE [ε | challenge_v1 success_request_with_credentials_v1 inner_failure inner_failure inner_failure /  challenge_response_v1 success_response_v1 empty_peap empty_peap empty_peap]
Mar 31, 2026 9:36:33 AM de.learnlib.logging.LearnLogger logQuery
INFO: DB CACHE [ε | challenge_v1 success_request_with_credentials_v1 inner_failure inner_failure inner_success /  challenge_response_v1 success_response_v1 empty_peap empty_peap empty_peap]
Mar 31, 2026 9:36:33 AM de.learnlib.logging.LearnLogger logQuery
INFO: DB CACHE [ε | challenge_v1 success_request_with_credentials_v1 inner_failure inner_failure success_request_with_credentials_v1 /  challenge_response_v1 success_response_v1 empty_peap empty_peap success_response_v1]
Mar 31, 2026 9:36:33 AM de.learnlib.logging.LearnLogger logQuery
INFO: DB CACHE [ε | challenge_v1 success_request_with_credentials_v1 inner_failure inner_failure success_request_all_zeros_v1 /  challenge_response_v1 success_response_v1 empty_peap empty_peap no_reply]
Mar 31, 2026 9:36:33 AM de.learnlib.logging.LearnLogger logQuery
INFO: DB CACHE [ε | challenge_v1 success_request_with_credentials_v1 inner_failure inner_failure challenge_v1 /  challenge_response_v1 success_response_v1 empty_peap empty_peap challenge_response_v1]
Mar 31, 2026 9:36:33 AM de.learnlib.logging.LearnLogger logQuery
INFO: DB CACHE [ε | challenge_v1 success_request_with_credentials_v1 inner_failure inner_failure id_request_v1 /  challenge_response_v1 success_response_v1 empty_peap empty_peap id_response_v1]
Mar 31, 2026 9:36:33 AM de.learnlib.logging.LearnLogger logQuery
INFO: DB CACHE [ε | challenge_v1 success_request_with_credentials_v1 inner_failure inner_success 4_way_message_1 /  challenge_response_v1 success_response_v1 empty_peap empty_peap 4_way_message_2]
Mar 31, 2026 9:36:33 AM de.learnlib.logging.LearnLogger logQuery
INFO: DB CACHE [ε | challenge_v1 success_request_with_credentials_v1 inner_failure inner_success eap_success /  challenge_response_v1 success_response_v1 empty_peap empty_peap after_eap_success]
Mar 31, 2026 9:36:33 AM de.learnlib.logging.LearnLogger logQuery
INFO: DB CACHE [ε | challenge_v1 success_request_with_credentials_v1 inner_failure inner_success inner_failure /  challenge_response_v1 success_response_v1 empty_peap empty_peap empty_peap]
Mar 31, 2026 9:36:33 AM de.learnlib.logging.LearnLogger logQuery
INFO: DB CACHE [ε | challenge_v1 success_request_with_credentials_v1 inner_failure inner_success inner_success /  challenge_response_v1 success_response_v1 empty_peap empty_peap empty_peap]
Mar 31, 2026 9:36:33 AM de.learnlib.logging.LearnLogger logQuery
INFO: DB CACHE [ε | challenge_v1 success_request_with_credentials_v1 inner_failure inner_success success_request_with_credentials_v1 /  challenge_response_v1 success_response_v1 empty_peap empty_peap success_response_v1]
Mar 31, 2026 9:36:33 AM de.learnlib.logging.LearnLogger logQuery
INFO: DB CACHE [ε | challenge_v1 success_request_with_credentials_v1 inner_failure inner_success success_request_all_zeros_v1 /  challenge_response_v1 success_response_v1 empty_peap empty_peap no_reply]
Mar 31, 2026 9:36:33 AM de.learnlib.logging.LearnLogger logQuery
INFO: DB CACHE [ε | challenge_v1 success_request_with_credentials_v1 inner_failure inner_success challenge_v1 /  challenge_response_v1 success_response_v1 empty_peap empty_peap challenge_response_v1]
Mar 31, 2026 9:36:33 AM de.learnlib.logging.LearnLogger logQuery
INFO: DB CACHE [ε | challenge_v1 success_request_with_credentials_v1 inner_failure inner_success id_request_v1 /  challenge_response_v1 success_response_v1 empty_peap empty_peap id_response_v1]
Mar 31, 2026 9:36:33 AM de.learnlib.logging.LearnLogger logQuery
INFO: DB CACHE [ε | challenge_v1 success_request_with_credentials_v1 inner_failure success_request_with_credentials_v1 4_way_message_1 /  challenge_response_v1 success_response_v1 empty_peap success_response_v1 4_way_message_2]
Mar 31, 2026 9:36:33 AM de.learnlib.logging.LearnLogger logQuery
INFO: DB CACHE [ε | challenge_v1 success_request_with_credentials_v1 inner_failure success_request_with_credentials_v1 eap_success /  challenge_response_v1 success_response_v1 empty_peap success_response_v1 after_eap_success]
Mar 31, 2026 9:36:33 AM de.learnlib.logging.LearnLogger logQuery
INFO: DB CACHE [ε | challenge_v1 success_request_with_credentials_v1 inner_failure success_request_with_credentials_v1 inner_failure /  challenge_response_v1 success_response_v1 empty_peap success_response_v1 empty_peap]
Mar 31, 2026 9:36:34 AM de.learnlib.logging.LearnLogger logQuery
INFO: DB CACHE [ε | challenge_v1 success_request_with_credentials_v1 inner_failure success_request_with_credentials_v1 inner_success /  challenge_response_v1 success_response_v1 empty_peap success_response_v1 empty_peap]
Mar 31, 2026 9:36:34 AM de.learnlib.logging.LearnLogger logQuery
INFO: DB CACHE [ε | challenge_v1 success_request_with_credentials_v1 inner_failure success_request_with_credentials_v1 success_request_with_credentials_v1 /  challenge_response_v1 success_response_v1 empty_peap success_response_v1 success_response_v1]
Mar 31, 2026 9:36:34 AM de.learnlib.logging.LearnLogger logQuery
INFO: DB CACHE [ε | challenge_v1 success_request_with_credentials_v1 inner_failure success_request_with_credentials_v1 success_request_all_zeros_v1 /  challenge_response_v1 success_response_v1 empty_peap success_response_v1 no_reply]
Mar 31, 2026 9:36:34 AM de.learnlib.logging.LearnLogger logQuery
INFO: DB CACHE [ε | challenge_v1 success_request_with_credentials_v1 inner_failure success_request_with_credentials_v1 challenge_v1 /  challenge_response_v1 success_response_v1 empty_peap success_response_v1 challenge_response_v1]
Mar 31, 2026 9:36:34 AM de.learnlib.logging.LearnLogger logQuery
INFO: DB CACHE [ε | challenge_v1 success_request_with_credentials_v1 inner_failure success_request_with_credentials_v1 id_request_v1 /  challenge_response_v1 success_response_v1 empty_peap success_response_v1 id_response_v1]
Mar 31, 2026 9:36:34 AM de.learnlib.logging.LearnLogger logQuery
INFO: DB CACHE [ε | challenge_v1 success_request_with_credentials_v1 inner_failure success_request_all_zeros_v1 4_way_message_1 /  challenge_response_v1 success_response_v1 empty_peap no_reply -]
Mar 31, 2026 9:36:34 AM de.learnlib.logging.LearnLogger logQuery
INFO: DB CACHE [ε | challenge_v1 success_request_with_credentials_v1 inner_failure success_request_all_zeros_v1 eap_success /  challenge_response_v1 success_response_v1 empty_peap no_reply -]
Mar 31, 2026 9:36:34 AM de.learnlib.logging.LearnLogger logQuery
INFO: DB CACHE [ε | challenge_v1 success_request_with_credentials_v1 inner_failure success_request_all_zeros_v1 inner_failure /  challenge_response_v1 success_response_v1 empty_peap no_reply -]
Mar 31, 2026 9:36:34 AM de.learnlib.logging.LearnLogger logQuery
INFO: DB CACHE [ε | challenge_v1 success_request_with_credentials_v1 inner_failure success_request_all_zeros_v1 inner_success /  challenge_response_v1 success_response_v1 empty_peap no_reply -]
Mar 31, 2026 9:36:34 AM de.learnlib.logging.LearnLogger logQuery
INFO: DB CACHE [ε | challenge_v1 success_request_with_credentials_v1 inner_failure success_request_all_zeros_v1 success_request_with_credentials_v1 /  challenge_response_v1 success_response_v1 empty_peap no_reply -]
Mar 31, 2026 9:36:34 AM de.learnlib.logging.LearnLogger logQuery
INFO: DB CACHE [ε | challenge_v1 success_request_with_credentials_v1 inner_failure success_request_all_zeros_v1 success_request_all_zeros_v1 /  challenge_response_v1 success_response_v1 empty_peap no_reply -]
Mar 31, 2026 9:36:34 AM de.learnlib.logging.LearnLogger logQuery
INFO: DB CACHE [ε | challenge_v1 success_request_with_credentials_v1 inner_failure success_request_all_zeros_v1 challenge_v1 /  challenge_response_v1 success_response_v1 empty_peap no_reply -]
Mar 31, 2026 9:36:34 AM de.learnlib.logging.LearnLogger logQuery
INFO: DB CACHE [ε | challenge_v1 success_request_with_credentials_v1 inner_failure success_request_all_zeros_v1 id_request_v1 /  challenge_response_v1 success_response_v1 empty_peap no_reply -]
Mar 31, 2026 9:36:34 AM de.learnlib.logging.LearnLogger logQuery
INFO: DB CACHE [ε | challenge_v1 success_request_with_credentials_v1 inner_failure challenge_v1 4_way_message_1 /  challenge_response_v1 success_response_v1 empty_peap challenge_response_v1 4_way_message_2]
Mar 31, 2026 9:36:34 AM de.learnlib.logging.LearnLogger logQuery
INFO: DB CACHE [ε | challenge_v1 success_request_with_credentials_v1 inner_failure challenge_v1 eap_success /  challenge_response_v1 success_response_v1 empty_peap challenge_response_v1 after_eap_success]
Mar 31, 2026 9:36:34 AM de.learnlib.logging.LearnLogger logQuery
INFO: DB CACHE [ε | challenge_v1 success_request_with_credentials_v1 inner_failure challenge_v1 inner_failure /  challenge_response_v1 success_response_v1 empty_peap challenge_response_v1 empty_peap]
Mar 31, 2026 9:36:34 AM de.learnlib.logging.LearnLogger logQuery
INFO: DB CACHE [ε | challenge_v1 success_request_with_credentials_v1 inner_failure challenge_v1 inner_success /  challenge_response_v1 success_response_v1 empty_peap challenge_response_v1 empty_peap]
Mar 31, 2026 9:36:34 AM de.learnlib.logging.LearnLogger logQuery
INFO: DB CACHE [ε | challenge_v1 success_request_with_credentials_v1 inner_failure challenge_v1 success_request_with_credentials_v1 /  challenge_response_v1 success_response_v1 empty_peap challenge_response_v1 success_response_v1]
Mar 31, 2026 9:36:34 AM de.learnlib.logging.LearnLogger logQuery
INFO: DB CACHE [ε | challenge_v1 success_request_with_credentials_v1 inner_failure challenge_v1 success_request_all_zeros_v1 /  challenge_response_v1 success_response_v1 empty_peap challenge_response_v1 no_reply]
Mar 31, 2026 9:36:34 AM de.learnlib.logging.LearnLogger logQuery
INFO: DB CACHE [ε | challenge_v1 success_request_with_credentials_v1 inner_failure challenge_v1 challenge_v1 /  challenge_response_v1 success_response_v1 empty_peap challenge_response_v1 challenge_response_v1]
Mar 31, 2026 9:36:34 AM de.learnlib.logging.LearnLogger logQuery
INFO: DB CACHE [ε | challenge_v1 success_request_with_credentials_v1 inner_failure challenge_v1 id_request_v1 /  challenge_response_v1 success_response_v1 empty_peap challenge_response_v1 id_response_v1]
Mar 31, 2026 9:36:34 AM de.learnlib.logging.LearnLogger logQuery
INFO: DB CACHE [ε | challenge_v1 success_request_with_credentials_v1 inner_failure id_request_v1 4_way_message_1 /  challenge_response_v1 success_response_v1 empty_peap id_response_v1 4_way_message_2]
Mar 31, 2026 9:36:34 AM de.learnlib.logging.LearnLogger logQuery
INFO: DB CACHE [ε | challenge_v1 success_request_with_credentials_v1 inner_failure id_request_v1 eap_success /  challenge_response_v1 success_response_v1 empty_peap id_response_v1 after_eap_success]
Mar 31, 2026 9:36:34 AM de.learnlib.logging.LearnLogger logQuery
INFO: DB CACHE [ε | challenge_v1 success_request_with_credentials_v1 inner_failure id_request_v1 inner_failure /  challenge_response_v1 success_response_v1 empty_peap id_response_v1 empty_peap]
Mar 31, 2026 9:36:34 AM de.learnlib.logging.LearnLogger logQuery
INFO: DB CACHE [ε | challenge_v1 success_request_with_credentials_v1 inner_failure id_request_v1 inner_success /  challenge_response_v1 success_response_v1 empty_peap id_response_v1 empty_peap]
Mar 31, 2026 9:36:34 AM de.learnlib.logging.LearnLogger logQuery
INFO: DB CACHE [ε | challenge_v1 success_request_with_credentials_v1 inner_failure id_request_v1 success_request_with_credentials_v1 /  challenge_response_v1 success_response_v1 empty_peap id_response_v1 success_response_v1]
Mar 31, 2026 9:36:34 AM de.learnlib.logging.LearnLogger logQuery
INFO: DB CACHE [ε | challenge_v1 success_request_with_credentials_v1 inner_failure id_request_v1 success_request_all_zeros_v1 /  challenge_response_v1 success_response_v1 empty_peap id_response_v1 no_reply]
Mar 31, 2026 9:36:34 AM de.learnlib.logging.LearnLogger logQuery
INFO: DB CACHE [ε | challenge_v1 success_request_with_credentials_v1 inner_failure id_request_v1 challenge_v1 /  challenge_response_v1 success_response_v1 empty_peap id_response_v1 challenge_response_v1]
Mar 31, 2026 9:36:34 AM de.learnlib.logging.LearnLogger logQuery
INFO: DB CACHE [ε | challenge_v1 success_request_with_credentials_v1 inner_failure id_request_v1 id_request_v1 /  challenge_response_v1 success_response_v1 empty_peap id_response_v1 id_response_v1]
Mar 31, 2026 9:36:34 AM de.learnlib.logging.LearnLogger logQuery
INFO: DISABLED [ε | 4_way_message_1 eap_success id_request_v1 /  no_reply - -]
Mar 31, 2026 9:36:34 AM de.learnlib.logging.LearnLogger logQuery
INFO: DISABLED [ε | eap_success 4_way_message_1 eap_success id_request_v1 /  after_eap_success no_reply - -]
Mar 31, 2026 9:36:34 AM de.learnlib.logging.LearnLogger logQuery
INFO: DB CACHE [ε | eap_success eap_success eap_success id_request_v1 /  after_eap_success after_eap_success after_eap_success no_reply]
Mar 31, 2026 9:36:34 AM de.learnlib.logging.LearnLogger logQuery
INFO: DISABLED [ε | eap_success inner_failure eap_success id_request_v1 /  after_eap_success no_reply - -]
Mar 31, 2026 9:36:34 AM de.learnlib.logging.LearnLogger logQuery
INFO: DISABLED [ε | eap_success inner_success eap_success id_request_v1 /  after_eap_success no_reply - -]
Mar 31, 2026 9:36:34 AM de.learnlib.logging.LearnLogger logQuery
INFO: DISABLED [ε | eap_success success_request_with_credentials_v1 eap_success id_request_v1 /  after_eap_success no_reply - -]
Mar 31, 2026 9:36:34 AM de.learnlib.logging.LearnLogger logQuery
INFO: DISABLED [ε | eap_success success_request_all_zeros_v1 eap_success id_request_v1 /  after_eap_success no_reply - -]
Mar 31, 2026 9:36:34 AM de.learnlib.logging.LearnLogger logQuery
INFO: DISABLED [ε | eap_success challenge_v1 eap_success id_request_v1 /  after_eap_success no_reply - -]
Mar 31, 2026 9:36:34 AM de.learnlib.logging.LearnLogger logQuery
INFO: DISABLED [ε | eap_success id_request_v1 eap_success id_request_v1 /  after_eap_success no_reply - -]
Mar 31, 2026 9:36:34 AM de.learnlib.logging.LearnLogger logQuery
INFO: DB CACHE [ε | inner_failure eap_success id_request_v1 /  empty_peap after_eap_success no_reply]
Mar 31, 2026 9:36:34 AM de.learnlib.logging.LearnLogger logQuery
INFO: DB CACHE [ε | inner_success eap_success id_request_v1 /  empty_peap after_eap_success no_reply]
Mar 31, 2026 9:36:34 AM de.learnlib.logging.LearnLogger logQuery
INFO: DISABLED [ε | success_request_with_credentials_v1 eap_success id_request_v1 /  no_reply - -]
Mar 31, 2026 9:36:34 AM de.learnlib.logging.LearnLogger logQuery
INFO: DISABLED [ε | success_request_all_zeros_v1 4_way_message_1 eap_success id_request_v1 /  no_reply - - -]
Mar 31, 2026 9:36:34 AM de.learnlib.logging.LearnLogger logQuery
INFO: DISABLED [ε | success_request_all_zeros_v1 eap_success eap_success id_request_v1 /  no_reply - - -]
Mar 31, 2026 9:36:34 AM de.learnlib.logging.LearnLogger logQuery
INFO: DISABLED [ε | success_request_all_zeros_v1 inner_failure eap_success id_request_v1 /  no_reply - - -]
Mar 31, 2026 9:36:34 AM de.learnlib.logging.LearnLogger logQuery
INFO: DISABLED [ε | success_request_all_zeros_v1 inner_success eap_success id_request_v1 /  no_reply - - -]
Mar 31, 2026 9:36:34 AM de.learnlib.logging.LearnLogger logQuery
INFO: DISABLED [ε | success_request_all_zeros_v1 success_request_with_credentials_v1 eap_success id_request_v1 /  no_reply - - -]
Mar 31, 2026 9:36:34 AM de.learnlib.logging.LearnLogger logQuery
INFO: DISABLED [ε | success_request_all_zeros_v1 success_request_all_zeros_v1 eap_success id_request_v1 /  no_reply - - -]
Mar 31, 2026 9:36:34 AM de.learnlib.logging.LearnLogger logQuery
INFO: DISABLED [ε | success_request_all_zeros_v1 challenge_v1 eap_success id_request_v1 /  no_reply - - -]
Mar 31, 2026 9:36:34 AM de.learnlib.logging.LearnLogger logQuery
INFO: DISABLED [ε | success_request_all_zeros_v1 id_request_v1 eap_success id_request_v1 /  no_reply - - -]
Mar 31, 2026 9:36:34 AM de.learnlib.logging.LearnLogger logQuery
INFO: DISABLED [ε | challenge_v1 4_way_message_1 eap_success id_request_v1 /  challenge_response_v1 no_reply - -]
Mar 31, 2026 9:36:34 AM de.learnlib.logging.LearnLogger logQuery
INFO: DB CACHE [ε | challenge_v1 eap_success eap_success id_request_v1 /  challenge_response_v1 after_eap_success after_eap_success no_reply]
Mar 31, 2026 9:36:34 AM de.learnlib.logging.LearnLogger logQuery
INFO: DB CACHE [ε | challenge_v1 inner_failure eap_success id_request_v1 /  challenge_response_v1 empty_peap after_eap_success no_reply]
Mar 31, 2026 9:36:34 AM de.learnlib.logging.LearnLogger logQuery
INFO: DB CACHE [ε | challenge_v1 inner_success eap_success id_request_v1 /  challenge_response_v1 empty_peap after_eap_success no_reply]
Mar 31, 2026 9:36:34 AM de.learnlib.logging.LearnLogger logQuery
INFO: DISABLED [ε | challenge_v1 success_request_with_credentials_v1 4_way_message_1 eap_success id_request_v1 /  challenge_response_v1 success_response_v1 4_way_message_2 - -]
Mar 31, 2026 9:36:34 AM de.learnlib.logging.LearnLogger logQuery
INFO: DB CACHE [ε | challenge_v1 success_request_with_credentials_v1 eap_success eap_success id_request_v1 /  challenge_response_v1 success_response_v1 after_eap_success after_eap_success id_response_v1]
Mar 31, 2026 9:36:34 AM de.learnlib.logging.LearnLogger logQuery
INFO: DISABLED [ε | challenge_v1 success_request_with_credentials_v1 inner_failure 4_way_message_1 eap_success id_request_v1 /  challenge_response_v1 success_response_v1 empty_peap 4_way_message_2 - -]
Mar 31, 2026 9:36:34 AM de.learnlib.logging.LearnLogger logQuery
INFO: DISABLED [ε | challenge_v1 success_request_with_credentials_v1 inner_failure eap_success 4_way_message_1 eap_success id_request_v1 /  challenge_response_v1 success_response_v1 empty_peap after_eap_success no_reply - -]
Mar 31, 2026 9:36:34 AM de.learnlib.logging.LearnLogger logQuery
INFO: DB CACHE [ε | challenge_v1 success_request_with_credentials_v1 inner_failure eap_success eap_success eap_success id_request_v1 /  challenge_response_v1 success_response_v1 empty_peap after_eap_success after_eap_success after_eap_success no_reply]
Mar 31, 2026 9:36:34 AM de.learnlib.logging.LearnLogger logQuery
INFO: DISABLED [ε | challenge_v1 success_request_with_credentials_v1 inner_failure eap_success inner_failure eap_success id_request_v1 /  challenge_response_v1 success_response_v1 empty_peap after_eap_success no_reply - -]
Mar 31, 2026 9:36:34 AM de.learnlib.logging.LearnLogger logQuery
INFO: DISABLED [ε | challenge_v1 success_request_with_credentials_v1 inner_failure eap_success inner_success eap_success id_request_v1 /  challenge_response_v1 success_response_v1 empty_peap after_eap_success no_reply - -]
Mar 31, 2026 9:36:34 AM de.learnlib.logging.LearnLogger logQuery
INFO: DISABLED [ε | challenge_v1 success_request_with_credentials_v1 inner_failure eap_success success_request_with_credentials_v1 4_way_message_1 eap_success id_request_v1 /  challenge_response_v1 success_response_v1 empty_peap after_eap_success no_reply - - -]
Mar 31, 2026 9:36:34 AM de.learnlib.logging.LearnLogger logQuery
INFO: DISABLED [ε | challenge_v1 success_request_with_credentials_v1 inner_failure eap_success success_request_with_credentials_v1 eap_success eap_success id_request_v1 /  challenge_response_v1 success_response_v1 empty_peap after_eap_success no_reply - - -]
Mar 31, 2026 9:36:34 AM de.learnlib.logging.LearnLogger logQuery
INFO: DISABLED [ε | challenge_v1 success_request_with_credentials_v1 inner_failure eap_success success_request_with_credentials_v1 inner_failure eap_success id_request_v1 /  challenge_response_v1 success_response_v1 empty_peap after_eap_success no_reply - - -]
Mar 31, 2026 9:36:34 AM de.learnlib.logging.LearnLogger logQuery
INFO: DISABLED [ε | challenge_v1 success_request_with_credentials_v1 inner_failure eap_success success_request_with_credentials_v1 inner_success eap_success id_request_v1 /  challenge_response_v1 success_response_v1 empty_peap after_eap_success no_reply - - -]
Mar 31, 2026 9:36:34 AM de.learnlib.logging.LearnLogger logQuery
INFO: DISABLED [ε | challenge_v1 success_request_with_credentials_v1 inner_failure eap_success success_request_with_credentials_v1 success_request_with_credentials_v1 eap_success id_request_v1 /  challenge_response_v1 success_response_v1 empty_peap after_eap_success no_reply - - -]
Mar 31, 2026 9:36:34 AM de.learnlib.logging.LearnLogger logQuery
INFO: DISABLED [ε | challenge_v1 success_request_with_credentials_v1 inner_failure eap_success success_request_with_credentials_v1 success_request_all_zeros_v1 eap_success id_request_v1 /  challenge_response_v1 success_response_v1 empty_peap after_eap_success no_reply - - -]
Mar 31, 2026 9:36:34 AM de.learnlib.logging.LearnLogger logQuery
INFO: DISABLED [ε | challenge_v1 success_request_with_credentials_v1 inner_failure eap_success success_request_with_credentials_v1 challenge_v1 eap_success id_request_v1 /  challenge_response_v1 success_response_v1 empty_peap after_eap_success no_reply - - -]
Mar 31, 2026 9:36:34 AM de.learnlib.logging.LearnLogger logQuery
INFO: DISABLED [ε | challenge_v1 success_request_with_credentials_v1 inner_failure eap_success success_request_with_credentials_v1 id_request_v1 eap_success id_request_v1 /  challenge_response_v1 success_response_v1 empty_peap after_eap_success no_reply - - -]
Mar 31, 2026 9:36:34 AM de.learnlib.logging.LearnLogger logQuery
INFO: DISABLED [ε | challenge_v1 success_request_with_credentials_v1 inner_failure eap_success success_request_all_zeros_v1 eap_success id_request_v1 /  challenge_response_v1 success_response_v1 empty_peap after_eap_success no_reply - -]
Mar 31, 2026 9:36:34 AM de.learnlib.logging.LearnLogger logQuery
INFO: DISABLED [ε | challenge_v1 success_request_with_credentials_v1 inner_failure eap_success challenge_v1 eap_success id_request_v1 /  challenge_response_v1 success_response_v1 empty_peap after_eap_success no_reply - -]
Mar 31, 2026 9:36:34 AM de.learnlib.logging.LearnLogger logQuery
INFO: DISABLED [ε | challenge_v1 success_request_with_credentials_v1 inner_failure eap_success id_request_v1 eap_success id_request_v1 /  challenge_response_v1 success_response_v1 empty_peap after_eap_success no_reply - -]
Mar 31, 2026 9:36:34 AM de.learnlib.logging.LearnLogger logQuery
INFO: DB CACHE [ε | challenge_v1 success_request_with_credentials_v1 inner_failure inner_failure eap_success id_request_v1 /  challenge_response_v1 success_response_v1 empty_peap empty_peap after_eap_success no_reply]
Mar 31, 2026 9:36:34 AM de.learnlib.logging.LearnLogger logQuery
INFO: DB CACHE [ε | challenge_v1 success_request_with_credentials_v1 inner_failure inner_success eap_success id_request_v1 /  challenge_response_v1 success_response_v1 empty_peap empty_peap after_eap_success id_response_v1]
Mar 31, 2026 9:36:34 AM de.learnlib.logging.LearnLogger logQuery
INFO: DB CACHE [ε | challenge_v1 success_request_with_credentials_v1 inner_failure success_request_with_credentials_v1 eap_success id_request_v1 /  challenge_response_v1 success_response_v1 empty_peap success_response_v1 after_eap_success id_response_v1]
Mar 31, 2026 9:36:34 AM de.learnlib.logging.LearnLogger logQuery
INFO: DISABLED [ε | challenge_v1 success_request_with_credentials_v1 inner_failure success_request_all_zeros_v1 eap_success id_request_v1 /  challenge_response_v1 success_response_v1 empty_peap no_reply - -]
Mar 31, 2026 9:36:34 AM de.learnlib.logging.LearnLogger logQuery
INFO: DB CACHE [ε | challenge_v1 success_request_with_credentials_v1 inner_failure challenge_v1 eap_success id_request_v1 /  challenge_response_v1 success_response_v1 empty_peap challenge_response_v1 after_eap_success no_reply]
Mar 31, 2026 9:36:34 AM de.learnlib.logging.LearnLogger logQuery
INFO: DB CACHE [ε | challenge_v1 success_request_with_credentials_v1 inner_failure id_request_v1 eap_success id_request_v1 /  challenge_response_v1 success_response_v1 empty_peap id_response_v1 after_eap_success no_reply]
Mar 31, 2026 9:36:34 AM de.learnlib.logging.LearnLogger logQuery
INFO: DB CACHE [ε | challenge_v1 success_request_with_credentials_v1 inner_success eap_success id_request_v1 /  challenge_response_v1 success_response_v1 empty_peap after_eap_success id_response_v1]
Mar 31, 2026 9:36:34 AM de.learnlib.logging.LearnLogger logQuery
INFO: DB CACHE [ε | challenge_v1 success_request_with_credentials_v1 success_request_with_credentials_v1 eap_success id_request_v1 /  challenge_response_v1 success_response_v1 success_response_v1 after_eap_success id_response_v1]
Mar 31, 2026 9:36:34 AM de.learnlib.logging.LearnLogger logQuery
INFO: DISABLED [ε | challenge_v1 success_request_with_credentials_v1 success_request_all_zeros_v1 eap_success id_request_v1 /  challenge_response_v1 success_response_v1 no_reply - -]
Mar 31, 2026 9:36:34 AM de.learnlib.logging.LearnLogger logQuery
INFO: DB CACHE [ε | challenge_v1 success_request_with_credentials_v1 challenge_v1 eap_success id_request_v1 /  challenge_response_v1 success_response_v1 challenge_response_v1 after_eap_success id_response_v1]
Mar 31, 2026 9:36:34 AM de.learnlib.logging.LearnLogger logQuery
INFO: DB CACHE [ε | challenge_v1 success_request_with_credentials_v1 id_request_v1 eap_success id_request_v1 /  challenge_response_v1 success_response_v1 id_response_v1 after_eap_success id_response_v1]
Mar 31, 2026 9:36:34 AM de.learnlib.logging.LearnLogger logQuery
INFO: DISABLED [ε | challenge_v1 success_request_all_zeros_v1 eap_success id_request_v1 /  challenge_response_v1 no_reply - -]
Mar 31, 2026 9:36:34 AM de.learnlib.logging.LearnLogger logQuery
INFO: DB CACHE [ε | challenge_v1 challenge_v1 eap_success id_request_v1 /  challenge_response_v1 challenge_response_v1 after_eap_success no_reply]
Mar 31, 2026 9:36:34 AM de.learnlib.logging.LearnLogger logQuery
INFO: DB CACHE [ε | challenge_v1 id_request_v1 eap_success id_request_v1 /  challenge_response_v1 id_response_v1 after_eap_success no_reply]
Mar 31, 2026 9:36:34 AM de.learnlib.logging.LearnLogger logQuery
INFO: DB CACHE [ε | id_request_v1 eap_success id_request_v1 /  id_response_v1 after_eap_success no_reply]
Mar 31, 2026 9:36:57 AM de.learnlib.logging.LearnLogger logQuery
INFO: DB CACHE [ε | challenge_v1 success_request_with_credentials_v1 eap_success 4_way_message_1 4_way_message_1 /  challenge_response_v1 success_response_v1 after_eap_success 4_way_message_2 -]
Mar 31, 2026 9:36:57 AM de.learnlib.logging.LearnLogger logQuery
INFO: DISABLED [ε | challenge_v1 success_request_with_credentials_v1 eap_success 4_way_message_1 eap_success id_request_v1 /  challenge_response_v1 success_response_v1 after_eap_success 4_way_message_2 - -]
Mar 31, 2026 9:36:57 AM de.learnlib.logging.LearnLogger logQuery
INFO: DB CACHE [ε | challenge_v1 success_request_with_credentials_v1 eap_success 4_way_message_1 inner_failure /  challenge_response_v1 success_response_v1 after_eap_success 4_way_message_2 -]
Mar 31, 2026 9:36:57 AM de.learnlib.logging.LearnLogger logQuery
INFO: DB CACHE [ε | challenge_v1 success_request_with_credentials_v1 eap_success 4_way_message_1 inner_success /  challenge_response_v1 success_response_v1 after_eap_success 4_way_message_2 -]
Mar 31, 2026 9:36:57 AM de.learnlib.logging.LearnLogger logQuery
INFO: DB CACHE [ε | challenge_v1 success_request_with_credentials_v1 eap_success 4_way_message_1 success_request_with_credentials_v1 /  challenge_response_v1 success_response_v1 after_eap_success 4_way_message_2 -]
Mar 31, 2026 9:36:57 AM de.learnlib.logging.LearnLogger logQuery
INFO: DB CACHE [ε | challenge_v1 success_request_with_credentials_v1 eap_success 4_way_message_1 success_request_all_zeros_v1 /  challenge_response_v1 success_response_v1 after_eap_success 4_way_message_2 -]
Mar 31, 2026 9:36:57 AM de.learnlib.logging.LearnLogger logQuery
INFO: DB CACHE [ε | challenge_v1 success_request_with_credentials_v1 eap_success 4_way_message_1 challenge_v1 /  challenge_response_v1 success_response_v1 after_eap_success 4_way_message_2 -]
Mar 31, 2026 9:36:57 AM de.learnlib.logging.LearnLogger logQuery
INFO: DB CACHE [ε | challenge_v1 success_request_with_credentials_v1 eap_success 4_way_message_1 id_request_v1 /  challenge_response_v1 success_response_v1 after_eap_success 4_way_message_2 -]
Mar 31, 2026 9:36:57 AM de.learnlib.logging.LearnLogger logQuery
INFO: DB CACHE [ε | challenge_v1 success_request_with_credentials_v1 eap_success eap_success 4_way_message_1 /  challenge_response_v1 success_response_v1 after_eap_success after_eap_success 4_way_message_2]
Mar 31, 2026 9:36:57 AM de.learnlib.logging.LearnLogger logQuery
INFO: DB CACHE [ε | challenge_v1 success_request_with_credentials_v1 eap_success eap_success eap_success id_request_v1 /  challenge_response_v1 success_response_v1 after_eap_success after_eap_success after_eap_success id_response_v1]
Mar 31, 2026 9:36:57 AM de.learnlib.logging.LearnLogger logQuery
INFO: DB CACHE [ε | challenge_v1 success_request_with_credentials_v1 eap_success eap_success inner_failure /  challenge_response_v1 success_response_v1 after_eap_success after_eap_success empty_peap]
Mar 31, 2026 9:36:57 AM de.learnlib.logging.LearnLogger logQuery
INFO: DB CACHE [ε | challenge_v1 success_request_with_credentials_v1 eap_success eap_success inner_success /  challenge_response_v1 success_response_v1 after_eap_success after_eap_success empty_peap]
Mar 31, 2026 9:36:57 AM de.learnlib.logging.LearnLogger logQuery
INFO: DB CACHE [ε | challenge_v1 success_request_with_credentials_v1 eap_success eap_success success_request_with_credentials_v1 /  challenge_response_v1 success_response_v1 after_eap_success after_eap_success success_response_v1]
Mar 31, 2026 9:36:57 AM de.learnlib.logging.LearnLogger logQuery
INFO: DB CACHE [ε | challenge_v1 success_request_with_credentials_v1 eap_success eap_success success_request_all_zeros_v1 /  challenge_response_v1 success_response_v1 after_eap_success after_eap_success no_reply]
Mar 31, 2026 9:36:57 AM de.learnlib.logging.LearnLogger logQuery
INFO: DB CACHE [ε | challenge_v1 success_request_with_credentials_v1 eap_success eap_success challenge_v1 /  challenge_response_v1 success_response_v1 after_eap_success after_eap_success challenge_response_v1]
Mar 31, 2026 9:36:57 AM de.learnlib.logging.LearnLogger logQuery
INFO: DISABLED [ε | challenge_v1 success_request_with_credentials_v1 eap_success inner_failure 4_way_message_1 4_way_message_1 4_way_message_1 /  challenge_response_v1 success_response_v1 after_eap_success empty_peap no_reply - -]
Mar 31, 2026 9:36:57 AM de.learnlib.logging.LearnLogger logQuery
INFO: DISABLED [ε | challenge_v1 success_request_with_credentials_v1 eap_success inner_failure 4_way_message_1 4_way_message_1 eap_success id_request_v1 /  challenge_response_v1 success_response_v1 after_eap_success empty_peap no_reply - - -]
Mar 31, 2026 9:36:57 AM de.learnlib.logging.LearnLogger logQuery
INFO: DISABLED [ε | challenge_v1 success_request_with_credentials_v1 eap_success inner_failure 4_way_message_1 4_way_message_1 inner_failure /  challenge_response_v1 success_response_v1 after_eap_success empty_peap no_reply - -]
Mar 31, 2026 9:36:57 AM de.learnlib.logging.LearnLogger logQuery
INFO: DISABLED [ε | challenge_v1 success_request_with_credentials_v1 eap_success inner_failure 4_way_message_1 4_way_message_1 inner_success /  challenge_response_v1 success_response_v1 after_eap_success empty_peap no_reply - -]
Mar 31, 2026 9:36:57 AM de.learnlib.logging.LearnLogger logQuery
INFO: DISABLED [ε | challenge_v1 success_request_with_credentials_v1 eap_success inner_failure 4_way_message_1 4_way_message_1 success_request_with_credentials_v1 /  challenge_response_v1 success_response_v1 after_eap_success empty_peap no_reply - -]
Mar 31, 2026 9:36:57 AM de.learnlib.logging.LearnLogger logQuery
INFO: DISABLED [ε | challenge_v1 success_request_with_credentials_v1 eap_success inner_failure 4_way_message_1 4_way_message_1 success_request_all_zeros_v1 /  challenge_response_v1 success_response_v1 after_eap_success empty_peap no_reply - -]
Mar 31, 2026 9:36:57 AM de.learnlib.logging.LearnLogger logQuery
INFO: DISABLED [ε | challenge_v1 success_request_with_credentials_v1 eap_success inner_failure 4_way_message_1 4_way_message_1 challenge_v1 /  challenge_response_v1 success_response_v1 after_eap_success empty_peap no_reply - -]
Mar 31, 2026 9:36:57 AM de.learnlib.logging.LearnLogger logQuery
INFO: DISABLED [ε | challenge_v1 success_request_with_credentials_v1 eap_success inner_failure 4_way_message_1 4_way_message_1 id_request_v1 /  challenge_response_v1 success_response_v1 after_eap_success empty_peap no_reply - -]
Mar 31, 2026 9:36:57 AM de.learnlib.logging.LearnLogger logQuery
INFO: DISABLED [ε | challenge_v1 success_request_with_credentials_v1 eap_success inner_failure 4_way_message_1 eap_success 4_way_message_1 /  challenge_response_v1 success_response_v1 after_eap_success empty_peap no_reply - -]
Mar 31, 2026 9:36:57 AM de.learnlib.logging.LearnLogger logQuery
INFO: DISABLED [ε | challenge_v1 success_request_with_credentials_v1 eap_success inner_failure 4_way_message_1 eap_success eap_success id_request_v1 /  challenge_response_v1 success_response_v1 after_eap_success empty_peap no_reply - - -]
Mar 31, 2026 9:36:57 AM de.learnlib.logging.LearnLogger logQuery
INFO: DISABLED [ε | challenge_v1 success_request_with_credentials_v1 eap_success inner_failure 4_way_message_1 eap_success inner_failure /  challenge_response_v1 success_response_v1 after_eap_success empty_peap no_reply - -]
Mar 31, 2026 9:36:57 AM de.learnlib.logging.LearnLogger logQuery
INFO: DISABLED [ε | challenge_v1 success_request_with_credentials_v1 eap_success inner_failure 4_way_message_1 eap_success inner_success /  challenge_response_v1 success_response_v1 after_eap_success empty_peap no_reply - -]
Mar 31, 2026 9:36:57 AM de.learnlib.logging.LearnLogger logQuery
INFO: DISABLED [ε | challenge_v1 success_request_with_credentials_v1 eap_success inner_failure 4_way_message_1 eap_success success_request_with_credentials_v1 /  challenge_response_v1 success_response_v1 after_eap_success empty_peap no_reply - -]
Mar 31, 2026 9:36:57 AM de.learnlib.logging.LearnLogger logQuery
INFO: DISABLED [ε | challenge_v1 success_request_with_credentials_v1 eap_success inner_failure 4_way_message_1 eap_success success_request_all_zeros_v1 /  challenge_response_v1 success_response_v1 after_eap_success empty_peap no_reply - -]
Mar 31, 2026 9:36:57 AM de.learnlib.logging.LearnLogger logQuery
INFO: DISABLED [ε | challenge_v1 success_request_with_credentials_v1 eap_success inner_failure 4_way_message_1 eap_success challenge_v1 /  challenge_response_v1 success_response_v1 after_eap_success empty_peap no_reply - -]
Mar 31, 2026 9:36:57 AM de.learnlib.logging.LearnLogger logQuery
INFO: DISABLED [ε | challenge_v1 success_request_with_credentials_v1 eap_success inner_failure 4_way_message_1 eap_success id_request_v1 /  challenge_response_v1 success_response_v1 after_eap_success empty_peap no_reply - -]
Mar 31, 2026 9:36:57 AM de.learnlib.logging.LearnLogger logQuery
INFO: DISABLED [ε | challenge_v1 success_request_with_credentials_v1 eap_success inner_failure 4_way_message_1 inner_failure 4_way_message_1 /  challenge_response_v1 success_response_v1 after_eap_success empty_peap no_reply - -]
Mar 31, 2026 9:36:57 AM de.learnlib.logging.LearnLogger logQuery
INFO: DISABLED [ε | challenge_v1 success_request_with_credentials_v1 eap_success inner_failure 4_way_message_1 inner_failure eap_success id_request_v1 /  challenge_response_v1 success_response_v1 after_eap_success empty_peap no_reply - - -]
Mar 31, 2026 9:36:57 AM de.learnlib.logging.LearnLogger logQuery
INFO: DISABLED [ε | challenge_v1 success_request_with_credentials_v1 eap_success inner_failure 4_way_message_1 inner_failure inner_failure /  challenge_response_v1 success_response_v1 after_eap_success empty_peap no_reply - -]
Mar 31, 2026 9:36:57 AM de.learnlib.logging.LearnLogger logQuery
INFO: DISABLED [ε | challenge_v1 success_request_with_credentials_v1 eap_success inner_failure 4_way_message_1 inner_failure inner_success /  challenge_response_v1 success_response_v1 after_eap_success empty_peap no_reply - -]
Mar 31, 2026 9:36:57 AM de.learnlib.logging.LearnLogger logQuery
INFO: DISABLED [ε | challenge_v1 success_request_with_credentials_v1 eap_success inner_failure 4_way_message_1 inner_failure success_request_with_credentials_v1 /  challenge_response_v1 success_response_v1 after_eap_success empty_peap no_reply - -]
Mar 31, 2026 9:36:57 AM de.learnlib.logging.LearnLogger logQuery
INFO: DISABLED [ε | challenge_v1 success_request_with_credentials_v1 eap_success inner_failure 4_way_message_1 inner_failure success_request_all_zeros_v1 /  challenge_response_v1 success_response_v1 after_eap_success empty_peap no_reply - -]
Mar 31, 2026 9:36:57 AM de.learnlib.logging.LearnLogger logQuery
INFO: DISABLED [ε | challenge_v1 success_request_with_credentials_v1 eap_success inner_failure 4_way_message_1 inner_failure challenge_v1 /  challenge_response_v1 success_response_v1 after_eap_success empty_peap no_reply - -]
Mar 31, 2026 9:36:57 AM de.learnlib.logging.LearnLogger logQuery
INFO: DISABLED [ε | challenge_v1 success_request_with_credentials_v1 eap_success inner_failure 4_way_message_1 inner_failure id_request_v1 /  challenge_response_v1 success_response_v1 after_eap_success empty_peap no_reply - -]
Mar 31, 2026 9:36:57 AM de.learnlib.logging.LearnLogger logQuery
INFO: DISABLED [ε | challenge_v1 success_request_with_credentials_v1 eap_success inner_failure 4_way_message_1 inner_success 4_way_message_1 /  challenge_response_v1 success_response_v1 after_eap_success empty_peap no_reply - -]
Mar 31, 2026 9:36:57 AM de.learnlib.logging.LearnLogger logQuery
INFO: DISABLED [ε | challenge_v1 success_request_with_credentials_v1 eap_success inner_failure 4_way_message_1 inner_success eap_success id_request_v1 /  challenge_response_v1 success_response_v1 after_eap_success empty_peap no_reply - - -]
Mar 31, 2026 9:36:57 AM de.learnlib.logging.LearnLogger logQuery
INFO: DISABLED [ε | challenge_v1 success_request_with_credentials_v1 eap_success inner_failure 4_way_message_1 inner_success inner_failure /  challenge_response_v1 success_response_v1 after_eap_success empty_peap no_reply - -]
Mar 31, 2026 9:36:57 AM de.learnlib.logging.LearnLogger logQuery
INFO: DISABLED [ε | challenge_v1 success_request_with_credentials_v1 eap_success inner_failure 4_way_message_1 inner_success inner_success /  challenge_response_v1 success_response_v1 after_eap_success empty_peap no_reply - -]
Mar 31, 2026 9:36:57 AM de.learnlib.logging.LearnLogger logQuery
INFO: DISABLED [ε | challenge_v1 success_request_with_credentials_v1 eap_success inner_failure 4_way_message_1 inner_success success_request_with_credentials_v1 /  challenge_response_v1 success_response_v1 after_eap_success empty_peap no_reply - -]
Mar 31, 2026 9:36:57 AM de.learnlib.logging.LearnLogger logQuery
INFO: DISABLED [ε | challenge_v1 success_request_with_credentials_v1 eap_success inner_failure 4_way_message_1 inner_success success_request_all_zeros_v1 /  challenge_response_v1 success_response_v1 after_eap_success empty_peap no_reply - -]
Mar 31, 2026 9:36:57 AM de.learnlib.logging.LearnLogger logQuery
INFO: DISABLED [ε | challenge_v1 success_request_with_credentials_v1 eap_success inner_failure 4_way_message_1 inner_success challenge_v1 /  challenge_response_v1 success_response_v1 after_eap_success empty_peap no_reply - -]
Mar 31, 2026 9:36:57 AM de.learnlib.logging.LearnLogger logQuery
INFO: DISABLED [ε | challenge_v1 success_request_with_credentials_v1 eap_success inner_failure 4_way_message_1 inner_success id_request_v1 /  challenge_response_v1 success_response_v1 after_eap_success empty_peap no_reply - -]
Mar 31, 2026 9:36:57 AM de.learnlib.logging.LearnLogger logQuery
INFO: DISABLED [ε | challenge_v1 success_request_with_credentials_v1 eap_success inner_failure 4_way_message_1 success_request_with_credentials_v1 4_way_message_1 /  challenge_response_v1 success_response_v1 after_eap_success empty_peap no_reply - -]
Mar 31, 2026 9:36:57 AM de.learnlib.logging.LearnLogger logQuery
INFO: DISABLED [ε | challenge_v1 success_request_with_credentials_v1 eap_success inner_failure 4_way_message_1 success_request_with_credentials_v1 eap_success id_request_v1 /  challenge_response_v1 success_response_v1 after_eap_success empty_peap no_reply - - -]
Mar 31, 2026 9:36:57 AM de.learnlib.logging.LearnLogger logQuery
INFO: DISABLED [ε | challenge_v1 success_request_with_credentials_v1 eap_success inner_failure 4_way_message_1 success_request_with_credentials_v1 inner_failure /  challenge_response_v1 success_response_v1 after_eap_success empty_peap no_reply - -]
Mar 31, 2026 9:36:57 AM de.learnlib.logging.LearnLogger logQuery
INFO: DISABLED [ε | challenge_v1 success_request_with_credentials_v1 eap_success inner_failure 4_way_message_1 success_request_with_credentials_v1 inner_success /  challenge_response_v1 success_response_v1 after_eap_success empty_peap no_reply - -]
Mar 31, 2026 9:36:57 AM de.learnlib.logging.LearnLogger logQuery
INFO: DISABLED [ε | challenge_v1 success_request_with_credentials_v1 eap_success inner_failure 4_way_message_1 success_request_with_credentials_v1 success_request_with_credentials_v1 /  challenge_response_v1 success_response_v1 after_eap_success empty_peap no_reply - -]
Mar 31, 2026 9:36:57 AM de.learnlib.logging.LearnLogger logQuery
INFO: DISABLED [ε | challenge_v1 success_request_with_credentials_v1 eap_success inner_failure 4_way_message_1 success_request_with_credentials_v1 success_request_all_zeros_v1 /  challenge_response_v1 success_response_v1 after_eap_success empty_peap no_reply - -]
Mar 31, 2026 9:36:57 AM de.learnlib.logging.LearnLogger logQuery
INFO: DISABLED [ε | challenge_v1 success_request_with_credentials_v1 eap_success inner_failure 4_way_message_1 success_request_with_credentials_v1 challenge_v1 /  challenge_response_v1 success_response_v1 after_eap_success empty_peap no_reply - -]
Mar 31, 2026 9:36:57 AM de.learnlib.logging.LearnLogger logQuery
INFO: DISABLED [ε | challenge_v1 success_request_with_credentials_v1 eap_success inner_failure 4_way_message_1 success_request_with_credentials_v1 id_request_v1 /  challenge_response_v1 success_response_v1 after_eap_success empty_peap no_reply - -]
Mar 31, 2026 9:36:57 AM de.learnlib.logging.LearnLogger logQuery
INFO: DISABLED [ε | challenge_v1 success_request_with_credentials_v1 eap_success inner_failure 4_way_message_1 success_request_all_zeros_v1 4_way_message_1 /  challenge_response_v1 success_response_v1 after_eap_success empty_peap no_reply - -]
Mar 31, 2026 9:36:57 AM de.learnlib.logging.LearnLogger logQuery
INFO: DISABLED [ε | challenge_v1 success_request_with_credentials_v1 eap_success inner_failure 4_way_message_1 success_request_all_zeros_v1 eap_success id_request_v1 /  challenge_response_v1 success_response_v1 after_eap_success empty_peap no_reply - - -]
Mar 31, 2026 9:36:57 AM de.learnlib.logging.LearnLogger logQuery
INFO: DISABLED [ε | challenge_v1 success_request_with_credentials_v1 eap_success inner_failure 4_way_message_1 success_request_all_zeros_v1 inner_failure /  challenge_response_v1 success_response_v1 after_eap_success empty_peap no_reply - -]
Mar 31, 2026 9:36:57 AM de.learnlib.logging.LearnLogger logQuery
INFO: DISABLED [ε | challenge_v1 success_request_with_credentials_v1 eap_success inner_failure 4_way_message_1 success_request_all_zeros_v1 inner_success /  challenge_response_v1 success_response_v1 after_eap_success empty_peap no_reply - -]
Mar 31, 2026 9:36:57 AM de.learnlib.logging.LearnLogger logQuery
INFO: DISABLED [ε | challenge_v1 success_request_with_credentials_v1 eap_success inner_failure 4_way_message_1 success_request_all_zeros_v1 success_request_with_credentials_v1 /  challenge_response_v1 success_response_v1 after_eap_success empty_peap no_reply - -]
Mar 31, 2026 9:36:57 AM de.learnlib.logging.LearnLogger logQuery
INFO: DISABLED [ε | challenge_v1 success_request_with_credentials_v1 eap_success inner_failure 4_way_message_1 success_request_all_zeros_v1 success_request_all_zeros_v1 /  challenge_response_v1 success_response_v1 after_eap_success empty_peap no_reply - -]
Mar 31, 2026 9:36:57 AM de.learnlib.logging.LearnLogger logQuery
INFO: DISABLED [ε | challenge_v1 success_request_with_credentials_v1 eap_success inner_failure 4_way_message_1 success_request_all_zeros_v1 challenge_v1 /  challenge_response_v1 success_response_v1 after_eap_success empty_peap no_reply - -]
Mar 31, 2026 9:36:57 AM de.learnlib.logging.LearnLogger logQuery
INFO: DISABLED [ε | challenge_v1 success_request_with_credentials_v1 eap_success inner_failure 4_way_message_1 success_request_all_zeros_v1 id_request_v1 /  challenge_response_v1 success_response_v1 after_eap_success empty_peap no_reply - -]
Mar 31, 2026 9:36:57 AM de.learnlib.logging.LearnLogger logQuery
INFO: DISABLED [ε | challenge_v1 success_request_with_credentials_v1 eap_success inner_failure 4_way_message_1 challenge_v1 4_way_message_1 /  challenge_response_v1 success_response_v1 after_eap_success empty_peap no_reply - -]
Mar 31, 2026 9:36:57 AM de.learnlib.logging.LearnLogger logQuery
INFO: DISABLED [ε | challenge_v1 success_request_with_credentials_v1 eap_success inner_failure 4_way_message_1 challenge_v1 eap_success id_request_v1 /  challenge_response_v1 success_response_v1 after_eap_success empty_peap no_reply - - -]
Mar 31, 2026 9:36:57 AM de.learnlib.logging.LearnLogger logQuery
INFO: DISABLED [ε | challenge_v1 success_request_with_credentials_v1 eap_success inner_failure 4_way_message_1 challenge_v1 inner_failure /  challenge_response_v1 success_response_v1 after_eap_success empty_peap no_reply - -]
Mar 31, 2026 9:36:57 AM de.learnlib.logging.LearnLogger logQuery
INFO: DISABLED [ε | challenge_v1 success_request_with_credentials_v1 eap_success inner_failure 4_way_message_1 challenge_v1 inner_success /  challenge_response_v1 success_response_v1 after_eap_success empty_peap no_reply - -]
Mar 31, 2026 9:36:57 AM de.learnlib.logging.LearnLogger logQuery
INFO: DISABLED [ε | challenge_v1 success_request_with_credentials_v1 eap_success inner_failure 4_way_message_1 challenge_v1 success_request_with_credentials_v1 /  challenge_response_v1 success_response_v1 after_eap_success empty_peap no_reply - -]
Mar 31, 2026 9:36:57 AM de.learnlib.logging.LearnLogger logQuery
INFO: DISABLED [ε | challenge_v1 success_request_with_credentials_v1 eap_success inner_failure 4_way_message_1 challenge_v1 success_request_all_zeros_v1 /  challenge_response_v1 success_response_v1 after_eap_success empty_peap no_reply - -]
Mar 31, 2026 9:36:57 AM de.learnlib.logging.LearnLogger logQuery
INFO: DISABLED [ε | challenge_v1 success_request_with_credentials_v1 eap_success inner_failure 4_way_message_1 challenge_v1 challenge_v1 /  challenge_response_v1 success_response_v1 after_eap_success empty_peap no_reply - -]
Mar 31, 2026 9:36:57 AM de.learnlib.logging.LearnLogger logQuery
INFO: DISABLED [ε | challenge_v1 success_request_with_credentials_v1 eap_success inner_failure 4_way_message_1 challenge_v1 id_request_v1 /  challenge_response_v1 success_response_v1 after_eap_success empty_peap no_reply - -]
Mar 31, 2026 9:36:57 AM de.learnlib.logging.LearnLogger logQuery
INFO: DISABLED [ε | challenge_v1 success_request_with_credentials_v1 eap_success inner_failure 4_way_message_1 id_request_v1 4_way_message_1 /  challenge_response_v1 success_response_v1 after_eap_success empty_peap no_reply - -]
Mar 31, 2026 9:36:57 AM de.learnlib.logging.LearnLogger logQuery
INFO: DISABLED [ε | challenge_v1 success_request_with_credentials_v1 eap_success inner_failure 4_way_message_1 id_request_v1 eap_success id_request_v1 /  challenge_response_v1 success_response_v1 after_eap_success empty_peap no_reply - - -]
Mar 31, 2026 9:36:57 AM de.learnlib.logging.LearnLogger logQuery
INFO: DISABLED [ε | challenge_v1 success_request_with_credentials_v1 eap_success inner_failure 4_way_message_1 id_request_v1 inner_failure /  challenge_response_v1 success_response_v1 after_eap_success empty_peap no_reply - -]
Mar 31, 2026 9:36:57 AM de.learnlib.logging.LearnLogger logQuery
INFO: DISABLED [ε | challenge_v1 success_request_with_credentials_v1 eap_success inner_failure 4_way_message_1 id_request_v1 inner_success /  challenge_response_v1 success_response_v1 after_eap_success empty_peap no_reply - -]
Mar 31, 2026 9:36:57 AM de.learnlib.logging.LearnLogger logQuery
INFO: DISABLED [ε | challenge_v1 success_request_with_credentials_v1 eap_success inner_failure 4_way_message_1 id_request_v1 success_request_with_credentials_v1 /  challenge_response_v1 success_response_v1 after_eap_success empty_peap no_reply - -]
Mar 31, 2026 9:36:57 AM de.learnlib.logging.LearnLogger logQuery
INFO: DISABLED [ε | challenge_v1 success_request_with_credentials_v1 eap_success inner_failure 4_way_message_1 id_request_v1 success_request_all_zeros_v1 /  challenge_response_v1 success_response_v1 after_eap_success empty_peap no_reply - -]
Mar 31, 2026 9:36:57 AM de.learnlib.logging.LearnLogger logQuery
INFO: DISABLED [ε | challenge_v1 success_request_with_credentials_v1 eap_success inner_failure 4_way_message_1 id_request_v1 challenge_v1 /  challenge_response_v1 success_response_v1 after_eap_success empty_peap no_reply - -]
Mar 31, 2026 9:36:57 AM de.learnlib.logging.LearnLogger logQuery
INFO: DISABLED [ε | challenge_v1 success_request_with_credentials_v1 eap_success inner_failure 4_way_message_1 id_request_v1 id_request_v1 /  challenge_response_v1 success_response_v1 after_eap_success empty_peap no_reply - -]
Mar 31, 2026 9:36:57 AM de.learnlib.logging.LearnLogger logQuery
INFO: DB CACHE [ε | challenge_v1 success_request_with_credentials_v1 eap_success inner_failure eap_success 4_way_message_1 /  challenge_response_v1 success_response_v1 after_eap_success empty_peap after_eap_success no_reply]
Mar 31, 2026 9:36:57 AM de.learnlib.logging.LearnLogger logQuery
INFO: DB CACHE [ε | challenge_v1 success_request_with_credentials_v1 eap_success inner_failure eap_success eap_success id_request_v1 /  challenge_response_v1 success_response_v1 after_eap_success empty_peap after_eap_success after_eap_success id_response_v1]
Mar 31, 2026 9:36:57 AM de.learnlib.logging.LearnLogger logQuery
INFO: DB CACHE [ε | challenge_v1 success_request_with_credentials_v1 eap_success inner_failure eap_success inner_failure /  challenge_response_v1 success_response_v1 after_eap_success empty_peap after_eap_success empty_peap]
Mar 31, 2026 9:36:57 AM de.learnlib.logging.LearnLogger logQuery
INFO: DB CACHE [ε | challenge_v1 success_request_with_credentials_v1 eap_success inner_failure eap_success inner_success /  challenge_response_v1 success_response_v1 after_eap_success empty_peap after_eap_success empty_peap]
Mar 31, 2026 9:36:57 AM de.learnlib.logging.LearnLogger logQuery
INFO: DB CACHE [ε | challenge_v1 success_request_with_credentials_v1 eap_success inner_failure eap_success success_request_with_credentials_v1 /  challenge_response_v1 success_response_v1 after_eap_success empty_peap after_eap_success success_response_v1]
Mar 31, 2026 9:36:57 AM de.learnlib.logging.LearnLogger logQuery
INFO: DB CACHE [ε | challenge_v1 success_request_with_credentials_v1 eap_success inner_failure eap_success success_request_all_zeros_v1 /  challenge_response_v1 success_response_v1 after_eap_success empty_peap after_eap_success no_reply]
Mar 31, 2026 9:36:57 AM de.learnlib.logging.LearnLogger logQuery
INFO: DB CACHE [ε | challenge_v1 success_request_with_credentials_v1 eap_success inner_failure eap_success challenge_v1 /  challenge_response_v1 success_response_v1 after_eap_success empty_peap after_eap_success challenge_response_v1]
Mar 31, 2026 9:36:57 AM de.learnlib.logging.LearnLogger logQuery
INFO: DB CACHE [ε | challenge_v1 success_request_with_credentials_v1 eap_success inner_failure eap_success id_request_v1 /  challenge_response_v1 success_response_v1 after_eap_success empty_peap after_eap_success id_response_v1]
Mar 31, 2026 9:36:57 AM de.learnlib.logging.LearnLogger logQuery
INFO: DB CACHE [ε | challenge_v1 success_request_with_credentials_v1 eap_success inner_failure inner_failure 4_way_message_1 /  challenge_response_v1 success_response_v1 after_eap_success empty_peap empty_peap no_reply]
Mar 31, 2026 9:36:57 AM de.learnlib.logging.LearnLogger logQuery
INFO: DB CACHE [ε | challenge_v1 success_request_with_credentials_v1 eap_success inner_failure inner_failure eap_success id_request_v1 /  challenge_response_v1 success_response_v1 after_eap_success empty_peap empty_peap after_eap_success id_response_v1]
Mar 31, 2026 9:36:57 AM de.learnlib.logging.LearnLogger logQuery
INFO: DB CACHE [ε | challenge_v1 success_request_with_credentials_v1 eap_success inner_failure inner_failure inner_failure /  challenge_response_v1 success_response_v1 after_eap_success empty_peap empty_peap empty_peap]
Mar 31, 2026 9:36:57 AM de.learnlib.logging.LearnLogger logQuery
INFO: DB CACHE [ε | challenge_v1 success_request_with_credentials_v1 eap_success inner_failure inner_failure inner_success /  challenge_response_v1 success_response_v1 after_eap_success empty_peap empty_peap empty_peap]
Mar 31, 2026 9:36:57 AM de.learnlib.logging.LearnLogger logQuery
INFO: DB CACHE [ε | challenge_v1 success_request_with_credentials_v1 eap_success inner_failure inner_failure success_request_with_credentials_v1 /  challenge_response_v1 success_response_v1 after_eap_success empty_peap empty_peap success_response_v1]
Mar 31, 2026 9:36:57 AM de.learnlib.logging.LearnLogger logQuery
INFO: DB CACHE [ε | challenge_v1 success_request_with_credentials_v1 eap_success inner_failure inner_failure success_request_all_zeros_v1 /  challenge_response_v1 success_response_v1 after_eap_success empty_peap empty_peap no_reply]
Mar 31, 2026 9:36:57 AM de.learnlib.logging.LearnLogger logQuery
INFO: DB CACHE [ε | challenge_v1 success_request_with_credentials_v1 eap_success inner_failure inner_failure challenge_v1 /  challenge_response_v1 success_response_v1 after_eap_success empty_peap empty_peap challenge_response_v1]
Mar 31, 2026 9:36:57 AM de.learnlib.logging.LearnLogger logQuery
INFO: DB CACHE [ε | challenge_v1 success_request_with_credentials_v1 eap_success inner_failure inner_failure id_request_v1 /  challenge_response_v1 success_response_v1 after_eap_success empty_peap empty_peap id_response_v1]
Mar 31, 2026 9:36:57 AM de.learnlib.logging.LearnLogger logQuery
INFO: DB CACHE [ε | challenge_v1 success_request_with_credentials_v1 eap_success inner_failure inner_success 4_way_message_1 /  challenge_response_v1 success_response_v1 after_eap_success empty_peap empty_peap 4_way_message_2]
Mar 31, 2026 9:36:57 AM de.learnlib.logging.LearnLogger logQuery
INFO: DB CACHE [ε | challenge_v1 success_request_with_credentials_v1 eap_success inner_failure inner_success eap_success id_request_v1 /  challenge_response_v1 success_response_v1 after_eap_success empty_peap empty_peap after_eap_success id_response_v1]
Mar 31, 2026 9:36:57 AM de.learnlib.logging.LearnLogger logQuery
INFO: DB CACHE [ε | challenge_v1 success_request_with_credentials_v1 eap_success inner_failure inner_success inner_failure /  challenge_response_v1 success_response_v1 after_eap_success empty_peap empty_peap empty_peap]
Mar 31, 2026 9:36:57 AM de.learnlib.logging.LearnLogger logQuery
INFO: DB CACHE [ε | challenge_v1 success_request_with_credentials_v1 eap_success inner_failure inner_success inner_success /  challenge_response_v1 success_response_v1 after_eap_success empty_peap empty_peap empty_peap]
Mar 31, 2026 9:36:57 AM de.learnlib.logging.LearnLogger logQuery
INFO: DB CACHE [ε | challenge_v1 success_request_with_credentials_v1 eap_success inner_failure inner_success success_request_with_credentials_v1 /  challenge_response_v1 success_response_v1 after_eap_success empty_peap empty_peap success_response_v1]
Mar 31, 2026 9:36:57 AM de.learnlib.logging.LearnLogger logQuery
INFO: DB CACHE [ε | challenge_v1 success_request_with_credentials_v1 eap_success inner_failure inner_success success_request_all_zeros_v1 /  challenge_response_v1 success_response_v1 after_eap_success empty_peap empty_peap no_reply]
Mar 31, 2026 9:36:57 AM de.learnlib.logging.LearnLogger logQuery
INFO: DB CACHE [ε | challenge_v1 success_request_with_credentials_v1 eap_success inner_failure inner_success challenge_v1 /  challenge_response_v1 success_response_v1 after_eap_success empty_peap empty_peap challenge_response_v1]
Mar 31, 2026 9:36:57 AM de.learnlib.logging.LearnLogger logQuery
INFO: DB CACHE [ε | challenge_v1 success_request_with_credentials_v1 eap_success inner_failure inner_success id_request_v1 /  challenge_response_v1 success_response_v1 after_eap_success empty_peap empty_peap id_response_v1]
Mar 31, 2026 9:36:57 AM de.learnlib.logging.LearnLogger logQuery
INFO: DB CACHE [ε | challenge_v1 success_request_with_credentials_v1 eap_success inner_failure success_request_with_credentials_v1 4_way_message_1 /  challenge_response_v1 success_response_v1 after_eap_success empty_peap success_response_v1 4_way_message_2]
Mar 31, 2026 9:36:57 AM de.learnlib.logging.LearnLogger logQuery
INFO: DB CACHE [ε | challenge_v1 success_request_with_credentials_v1 eap_success inner_failure success_request_with_credentials_v1 eap_success id_request_v1 /  challenge_response_v1 success_response_v1 after_eap_success empty_peap success_response_v1 after_eap_success id_response_v1]
Mar 31, 2026 9:36:57 AM de.learnlib.logging.LearnLogger logQuery
INFO: DB CACHE [ε | challenge_v1 success_request_with_credentials_v1 eap_success inner_failure success_request_with_credentials_v1 inner_failure /  challenge_response_v1 success_response_v1 after_eap_success empty_peap success_response_v1 empty_peap]
Mar 31, 2026 9:36:57 AM de.learnlib.logging.LearnLogger logQuery
INFO: DB CACHE [ε | challenge_v1 success_request_with_credentials_v1 eap_success inner_failure success_request_with_credentials_v1 inner_success /  challenge_response_v1 success_response_v1 after_eap_success empty_peap success_response_v1 empty_peap]
Mar 31, 2026 9:36:57 AM de.learnlib.logging.LearnLogger logQuery
INFO: DB CACHE [ε | challenge_v1 success_request_with_credentials_v1 eap_success inner_failure success_request_with_credentials_v1 success_request_with_credentials_v1 /  challenge_response_v1 success_response_v1 after_eap_success empty_peap success_response_v1 success_response_v1]
Mar 31, 2026 9:36:57 AM de.learnlib.logging.LearnLogger logQuery
INFO: DB CACHE [ε | challenge_v1 success_request_with_credentials_v1 eap_success inner_failure success_request_with_credentials_v1 success_request_all_zeros_v1 /  challenge_response_v1 success_response_v1 after_eap_success empty_peap success_response_v1 no_reply]
Mar 31, 2026 9:36:57 AM de.learnlib.logging.LearnLogger logQuery
INFO: DB CACHE [ε | challenge_v1 success_request_with_credentials_v1 eap_success inner_failure success_request_with_credentials_v1 challenge_v1 /  challenge_response_v1 success_response_v1 after_eap_success empty_peap success_response_v1 challenge_response_v1]
Mar 31, 2026 9:36:57 AM de.learnlib.logging.LearnLogger logQuery
INFO: DB CACHE [ε | challenge_v1 success_request_with_credentials_v1 eap_success inner_failure success_request_with_credentials_v1 id_request_v1 /  challenge_response_v1 success_response_v1 after_eap_success empty_peap success_response_v1 id_response_v1]
Mar 31, 2026 9:36:57 AM de.learnlib.logging.LearnLogger logQuery
INFO: DB CACHE [ε | challenge_v1 success_request_with_credentials_v1 eap_success inner_failure success_request_all_zeros_v1 4_way_message_1 /  challenge_response_v1 success_response_v1 after_eap_success empty_peap no_reply -]
Mar 31, 2026 9:36:57 AM de.learnlib.logging.LearnLogger logQuery
INFO: DB CACHE [ε | challenge_v1 success_request_with_credentials_v1 eap_success inner_failure success_request_all_zeros_v1 eap_success id_request_v1 /  challenge_response_v1 success_response_v1 after_eap_success empty_peap no_reply - -]
Mar 31, 2026 9:36:57 AM de.learnlib.logging.LearnLogger logQuery
INFO: DB CACHE [ε | challenge_v1 success_request_with_credentials_v1 eap_success inner_failure success_request_all_zeros_v1 inner_failure /  challenge_response_v1 success_response_v1 after_eap_success empty_peap no_reply -]
Mar 31, 2026 9:36:57 AM de.learnlib.logging.LearnLogger logQuery
INFO: DB CACHE [ε | challenge_v1 success_request_with_credentials_v1 eap_success inner_failure success_request_all_zeros_v1 inner_success /  challenge_response_v1 success_response_v1 after_eap_success empty_peap no_reply -]
Mar 31, 2026 9:36:57 AM de.learnlib.logging.LearnLogger logQuery
INFO: DB CACHE [ε | challenge_v1 success_request_with_credentials_v1 eap_success inner_failure success_request_all_zeros_v1 success_request_with_credentials_v1 /  challenge_response_v1 success_response_v1 after_eap_success empty_peap no_reply -]
Mar 31, 2026 9:36:57 AM de.learnlib.logging.LearnLogger logQuery
INFO: DB CACHE [ε | challenge_v1 success_request_with_credentials_v1 eap_success inner_failure success_request_all_zeros_v1 success_request_all_zeros_v1 /  challenge_response_v1 success_response_v1 after_eap_success empty_peap no_reply -]
Mar 31, 2026 9:36:57 AM de.learnlib.logging.LearnLogger logQuery
INFO: DB CACHE [ε | challenge_v1 success_request_with_credentials_v1 eap_success inner_failure success_request_all_zeros_v1 challenge_v1 /  challenge_response_v1 success_response_v1 after_eap_success empty_peap no_reply -]
Mar 31, 2026 9:36:57 AM de.learnlib.logging.LearnLogger logQuery
INFO: DB CACHE [ε | challenge_v1 success_request_with_credentials_v1 eap_success inner_failure success_request_all_zeros_v1 id_request_v1 /  challenge_response_v1 success_response_v1 after_eap_success empty_peap no_reply -]
Mar 31, 2026 9:36:57 AM de.learnlib.logging.LearnLogger logQuery
INFO: DB CACHE [ε | challenge_v1 success_request_with_credentials_v1 eap_success inner_failure challenge_v1 4_way_message_1 /  challenge_response_v1 success_response_v1 after_eap_success empty_peap challenge_response_v1 no_reply]
Mar 31, 2026 9:36:57 AM de.learnlib.logging.LearnLogger logQuery
INFO: DB CACHE [ε | challenge_v1 success_request_with_credentials_v1 eap_success inner_failure challenge_v1 eap_success id_request_v1 /  challenge_response_v1 success_response_v1 after_eap_success empty_peap challenge_response_v1 after_eap_success id_response_v1]
Mar 31, 2026 9:36:57 AM de.learnlib.logging.LearnLogger logQuery
INFO: DB CACHE [ε | challenge_v1 success_request_with_credentials_v1 eap_success inner_failure challenge_v1 inner_failure /  challenge_response_v1 success_response_v1 after_eap_success empty_peap challenge_response_v1 empty_peap]
Mar 31, 2026 9:36:57 AM de.learnlib.logging.LearnLogger logQuery
INFO: DB CACHE [ε | challenge_v1 success_request_with_credentials_v1 eap_success inner_failure challenge_v1 inner_success /  challenge_response_v1 success_response_v1 after_eap_success empty_peap challenge_response_v1 empty_peap]
Mar 31, 2026 9:36:57 AM de.learnlib.logging.LearnLogger logQuery
INFO: DB CACHE [ε | challenge_v1 success_request_with_credentials_v1 eap_success inner_failure challenge_v1 success_request_with_credentials_v1 /  challenge_response_v1 success_response_v1 after_eap_success empty_peap challenge_response_v1 success_response_v1]
Mar 31, 2026 9:36:57 AM de.learnlib.logging.LearnLogger logQuery
INFO: DB CACHE [ε | challenge_v1 success_request_with_credentials_v1 eap_success inner_failure challenge_v1 success_request_all_zeros_v1 /  challenge_response_v1 success_response_v1 after_eap_success empty_peap challenge_response_v1 no_reply]
Mar 31, 2026 9:36:57 AM de.learnlib.logging.LearnLogger logQuery
INFO: DB CACHE [ε | challenge_v1 success_request_with_credentials_v1 eap_success inner_failure challenge_v1 challenge_v1 /  challenge_response_v1 success_response_v1 after_eap_success empty_peap challenge_response_v1 challenge_response_v1]
Mar 31, 2026 9:36:57 AM de.learnlib.logging.LearnLogger logQuery
INFO: DB CACHE [ε | challenge_v1 success_request_with_credentials_v1 eap_success inner_failure challenge_v1 id_request_v1 /  challenge_response_v1 success_response_v1 after_eap_success empty_peap challenge_response_v1 id_response_v1]
Mar 31, 2026 9:36:57 AM de.learnlib.logging.LearnLogger logQuery
INFO: DB CACHE [ε | challenge_v1 success_request_with_credentials_v1 eap_success inner_failure id_request_v1 4_way_message_1 /  challenge_response_v1 success_response_v1 after_eap_success empty_peap id_response_v1 no_reply]
Mar 31, 2026 9:36:57 AM de.learnlib.logging.LearnLogger logQuery
INFO: DB CACHE [ε | challenge_v1 success_request_with_credentials_v1 eap_success inner_failure id_request_v1 eap_success id_request_v1 /  challenge_response_v1 success_response_v1 after_eap_success empty_peap id_response_v1 after_eap_success id_response_v1]
Mar 31, 2026 9:36:57 AM de.learnlib.logging.LearnLogger logQuery
INFO: DB CACHE [ε | challenge_v1 success_request_with_credentials_v1 eap_success inner_failure id_request_v1 inner_failure /  challenge_response_v1 success_response_v1 after_eap_success empty_peap id_response_v1 empty_peap]
Mar 31, 2026 9:36:57 AM de.learnlib.logging.LearnLogger logQuery
INFO: DB CACHE [ε | challenge_v1 success_request_with_credentials_v1 eap_success inner_failure id_request_v1 inner_success /  challenge_response_v1 success_response_v1 after_eap_success empty_peap id_response_v1 empty_peap]
Mar 31, 2026 9:36:57 AM de.learnlib.logging.LearnLogger logQuery
INFO: DB CACHE [ε | challenge_v1 success_request_with_credentials_v1 eap_success inner_failure id_request_v1 success_request_with_credentials_v1 /  challenge_response_v1 success_response_v1 after_eap_success empty_peap id_response_v1 success_response_v1]
Mar 31, 2026 9:36:57 AM de.learnlib.logging.LearnLogger logQuery
INFO: DB CACHE [ε | challenge_v1 success_request_with_credentials_v1 eap_success inner_failure id_request_v1 success_request_all_zeros_v1 /  challenge_response_v1 success_response_v1 after_eap_success empty_peap id_response_v1 no_reply]
Mar 31, 2026 9:36:57 AM de.learnlib.logging.LearnLogger logQuery
INFO: DB CACHE [ε | challenge_v1 success_request_with_credentials_v1 eap_success inner_failure id_request_v1 challenge_v1 /  challenge_response_v1 success_response_v1 after_eap_success empty_peap id_response_v1 challenge_response_v1]
Mar 31, 2026 9:36:57 AM de.learnlib.logging.LearnLogger logQuery
INFO: DB CACHE [ε | challenge_v1 success_request_with_credentials_v1 eap_success inner_failure id_request_v1 id_request_v1 /  challenge_response_v1 success_response_v1 after_eap_success empty_peap id_response_v1 id_response_v1]
Mar 31, 2026 9:36:57 AM de.learnlib.logging.LearnLogger logQuery
INFO: DB CACHE [ε | challenge_v1 success_request_with_credentials_v1 eap_success inner_success 4_way_message_1 /  challenge_response_v1 success_response_v1 after_eap_success empty_peap 4_way_message_2]
Mar 31, 2026 9:36:57 AM de.learnlib.logging.LearnLogger logQuery
INFO: DB CACHE [ε | challenge_v1 success_request_with_credentials_v1 eap_success inner_success eap_success id_request_v1 /  challenge_response_v1 success_response_v1 after_eap_success empty_peap after_eap_success id_response_v1]
Mar 31, 2026 9:36:57 AM de.learnlib.logging.LearnLogger logQuery
INFO: DB CACHE [ε | challenge_v1 success_request_with_credentials_v1 eap_success inner_success inner_failure /  challenge_response_v1 success_response_v1 after_eap_success empty_peap empty_peap]
Mar 31, 2026 9:36:57 AM de.learnlib.logging.LearnLogger logQuery
INFO: DB CACHE [ε | challenge_v1 success_request_with_credentials_v1 eap_success inner_success inner_success /  challenge_response_v1 success_response_v1 after_eap_success empty_peap empty_peap]
Mar 31, 2026 9:36:57 AM de.learnlib.logging.LearnLogger logQuery
INFO: DB CACHE [ε | challenge_v1 success_request_with_credentials_v1 eap_success inner_success success_request_with_credentials_v1 /  challenge_response_v1 success_response_v1 after_eap_success empty_peap success_response_v1]
Mar 31, 2026 9:36:57 AM de.learnlib.logging.LearnLogger logQuery
INFO: DB CACHE [ε | challenge_v1 success_request_with_credentials_v1 eap_success inner_success success_request_all_zeros_v1 /  challenge_response_v1 success_response_v1 after_eap_success empty_peap no_reply]
Mar 31, 2026 9:36:57 AM de.learnlib.logging.LearnLogger logQuery
INFO: DB CACHE [ε | challenge_v1 success_request_with_credentials_v1 eap_success inner_success challenge_v1 /  challenge_response_v1 success_response_v1 after_eap_success empty_peap challenge_response_v1]
Mar 31, 2026 9:36:57 AM de.learnlib.logging.LearnLogger logQuery
INFO: DB CACHE [ε | challenge_v1 success_request_with_credentials_v1 eap_success inner_success id_request_v1 /  challenge_response_v1 success_response_v1 after_eap_success empty_peap id_response_v1]
Mar 31, 2026 9:36:57 AM de.learnlib.logging.LearnLogger logQuery
INFO: DB CACHE [ε | challenge_v1 success_request_with_credentials_v1 eap_success success_request_with_credentials_v1 4_way_message_1 /  challenge_response_v1 success_response_v1 after_eap_success success_response_v1 4_way_message_2]
Mar 31, 2026 9:36:57 AM de.learnlib.logging.LearnLogger logQuery
INFO: DB CACHE [ε | challenge_v1 success_request_with_credentials_v1 eap_success success_request_with_credentials_v1 eap_success id_request_v1 /  challenge_response_v1 success_response_v1 after_eap_success success_response_v1 after_eap_success id_response_v1]
Mar 31, 2026 9:36:57 AM de.learnlib.logging.LearnLogger logQuery
INFO: DB CACHE [ε | challenge_v1 success_request_with_credentials_v1 eap_success success_request_with_credentials_v1 inner_failure /  challenge_response_v1 success_response_v1 after_eap_success success_response_v1 empty_peap]
Mar 31, 2026 9:36:57 AM de.learnlib.logging.LearnLogger logQuery
INFO: DB CACHE [ε | challenge_v1 success_request_with_credentials_v1 eap_success success_request_with_credentials_v1 inner_success /  challenge_response_v1 success_response_v1 after_eap_success success_response_v1 empty_peap]
Mar 31, 2026 9:36:57 AM de.learnlib.logging.LearnLogger logQuery
INFO: DB CACHE [ε | challenge_v1 success_request_with_credentials_v1 eap_success success_request_with_credentials_v1 success_request_with_credentials_v1 /  challenge_response_v1 success_response_v1 after_eap_success success_response_v1 success_response_v1]
Mar 31, 2026 9:36:57 AM de.learnlib.logging.LearnLogger logQuery
INFO: DB CACHE [ε | challenge_v1 success_request_with_credentials_v1 eap_success success_request_with_credentials_v1 success_request_all_zeros_v1 /  challenge_response_v1 success_response_v1 after_eap_success success_response_v1 no_reply]
Mar 31, 2026 9:36:57 AM de.learnlib.logging.LearnLogger logQuery
INFO: DB CACHE [ε | challenge_v1 success_request_with_credentials_v1 eap_success success_request_with_credentials_v1 challenge_v1 /  challenge_response_v1 success_response_v1 after_eap_success success_response_v1 challenge_response_v1]
Mar 31, 2026 9:36:57 AM de.learnlib.logging.LearnLogger logQuery
INFO: DB CACHE [ε | challenge_v1 success_request_with_credentials_v1 eap_success success_request_with_credentials_v1 id_request_v1 /  challenge_response_v1 success_response_v1 after_eap_success success_response_v1 id_response_v1]
Mar 31, 2026 9:36:57 AM de.learnlib.logging.LearnLogger logQuery
INFO: DB CACHE [ε | challenge_v1 success_request_with_credentials_v1 eap_success success_request_all_zeros_v1 4_way_message_1 /  challenge_response_v1 success_response_v1 after_eap_success no_reply -]
Mar 31, 2026 9:36:57 AM de.learnlib.logging.LearnLogger logQuery
INFO: DISABLED [ε | challenge_v1 success_request_with_credentials_v1 eap_success success_request_all_zeros_v1 eap_success id_request_v1 /  challenge_response_v1 success_response_v1 after_eap_success no_reply - -]
Mar 31, 2026 9:36:57 AM de.learnlib.logging.LearnLogger logQuery
INFO: DB CACHE [ε | challenge_v1 success_request_with_credentials_v1 eap_success success_request_all_zeros_v1 inner_failure /  challenge_response_v1 success_response_v1 after_eap_success no_reply -]
Mar 31, 2026 9:36:57 AM de.learnlib.logging.LearnLogger logQuery
INFO: DB CACHE [ε | challenge_v1 success_request_with_credentials_v1 eap_success success_request_all_zeros_v1 inner_success /  challenge_response_v1 success_response_v1 after_eap_success no_reply -]
Mar 31, 2026 9:36:57 AM de.learnlib.logging.LearnLogger logQuery
INFO: DB CACHE [ε | challenge_v1 success_request_with_credentials_v1 eap_success success_request_all_zeros_v1 success_request_with_credentials_v1 /  challenge_response_v1 success_response_v1 after_eap_success no_reply -]
Mar 31, 2026 9:36:57 AM de.learnlib.logging.LearnLogger logQuery
INFO: DB CACHE [ε | challenge_v1 success_request_with_credentials_v1 eap_success success_request_all_zeros_v1 success_request_all_zeros_v1 /  challenge_response_v1 success_response_v1 after_eap_success no_reply -]
Mar 31, 2026 9:36:57 AM de.learnlib.logging.LearnLogger logQuery
INFO: DB CACHE [ε | challenge_v1 success_request_with_credentials_v1 eap_success success_request_all_zeros_v1 challenge_v1 /  challenge_response_v1 success_response_v1 after_eap_success no_reply -]
Mar 31, 2026 9:36:57 AM de.learnlib.logging.LearnLogger logQuery
INFO: DB CACHE [ε | challenge_v1 success_request_with_credentials_v1 eap_success success_request_all_zeros_v1 id_request_v1 /  challenge_response_v1 success_response_v1 after_eap_success no_reply -]
Mar 31, 2026 9:36:57 AM de.learnlib.logging.LearnLogger logQuery
INFO: DB CACHE [ε | challenge_v1 success_request_with_credentials_v1 eap_success challenge_v1 4_way_message_1 /  challenge_response_v1 success_response_v1 after_eap_success challenge_response_v1 4_way_message_2]
Mar 31, 2026 9:36:57 AM de.learnlib.logging.LearnLogger logQuery
INFO: DB CACHE [ε | challenge_v1 success_request_with_credentials_v1 eap_success challenge_v1 eap_success id_request_v1 /  challenge_response_v1 success_response_v1 after_eap_success challenge_response_v1 after_eap_success id_response_v1]
Mar 31, 2026 9:36:57 AM de.learnlib.logging.LearnLogger logQuery
INFO: DB CACHE [ε | challenge_v1 success_request_with_credentials_v1 eap_success challenge_v1 inner_failure /  challenge_response_v1 success_response_v1 after_eap_success challenge_response_v1 empty_peap]
Mar 31, 2026 9:36:57 AM de.learnlib.logging.LearnLogger logQuery
INFO: DB CACHE [ε | challenge_v1 success_request_with_credentials_v1 eap_success challenge_v1 inner_success /  challenge_response_v1 success_response_v1 after_eap_success challenge_response_v1 empty_peap]
Mar 31, 2026 9:36:57 AM de.learnlib.logging.LearnLogger logQuery
INFO: DB CACHE [ε | challenge_v1 success_request_with_credentials_v1 eap_success challenge_v1 success_request_with_credentials_v1 /  challenge_response_v1 success_response_v1 after_eap_success challenge_response_v1 success_response_v1]
Mar 31, 2026 9:36:57 AM de.learnlib.logging.LearnLogger logQuery
INFO: DB CACHE [ε | challenge_v1 success_request_with_credentials_v1 eap_success challenge_v1 success_request_all_zeros_v1 /  challenge_response_v1 success_response_v1 after_eap_success challenge_response_v1 no_reply]
Mar 31, 2026 9:36:57 AM de.learnlib.logging.LearnLogger logQuery
INFO: DB CACHE [ε | challenge_v1 success_request_with_credentials_v1 eap_success challenge_v1 challenge_v1 /  challenge_response_v1 success_response_v1 after_eap_success challenge_response_v1 challenge_response_v1]
Mar 31, 2026 9:36:57 AM de.learnlib.logging.LearnLogger logQuery
INFO: DB CACHE [ε | challenge_v1 success_request_with_credentials_v1 eap_success challenge_v1 id_request_v1 /  challenge_response_v1 success_response_v1 after_eap_success challenge_response_v1 id_response_v1]
Mar 31, 2026 9:36:57 AM de.learnlib.logging.LearnLogger logQuery
INFO: DB CACHE [ε | challenge_v1 success_request_with_credentials_v1 eap_success id_request_v1 4_way_message_1 /  challenge_response_v1 success_response_v1 after_eap_success id_response_v1 4_way_message_2]
Mar 31, 2026 9:36:57 AM de.learnlib.logging.LearnLogger logQuery
INFO: DB CACHE [ε | challenge_v1 success_request_with_credentials_v1 eap_success id_request_v1 eap_success id_request_v1 /  challenge_response_v1 success_response_v1 after_eap_success id_response_v1 after_eap_success id_response_v1]
Mar 31, 2026 9:36:57 AM de.learnlib.logging.LearnLogger logQuery
INFO: DB CACHE [ε | challenge_v1 success_request_with_credentials_v1 eap_success id_request_v1 inner_failure /  challenge_response_v1 success_response_v1 after_eap_success id_response_v1 empty_peap]
Mar 31, 2026 9:36:57 AM de.learnlib.logging.LearnLogger logQuery
INFO: DB CACHE [ε | challenge_v1 success_request_with_credentials_v1 eap_success id_request_v1 inner_success /  challenge_response_v1 success_response_v1 after_eap_success id_response_v1 empty_peap]
Mar 31, 2026 9:36:57 AM de.learnlib.logging.LearnLogger logQuery
INFO: DB CACHE [ε | challenge_v1 success_request_with_credentials_v1 eap_success id_request_v1 success_request_with_credentials_v1 /  challenge_response_v1 success_response_v1 after_eap_success id_response_v1 success_response_v1]
Mar 31, 2026 9:36:57 AM de.learnlib.logging.LearnLogger logQuery
INFO: DB CACHE [ε | challenge_v1 success_request_with_credentials_v1 eap_success id_request_v1 success_request_all_zeros_v1 /  challenge_response_v1 success_response_v1 after_eap_success id_response_v1 no_reply]
Mar 31, 2026 9:36:57 AM de.learnlib.logging.LearnLogger logQuery
INFO: DB CACHE [ε | challenge_v1 success_request_with_credentials_v1 eap_success id_request_v1 challenge_v1 /  challenge_response_v1 success_response_v1 after_eap_success id_response_v1 challenge_response_v1]
Mar 31, 2026 9:36:57 AM de.learnlib.logging.LearnLogger logQuery
INFO: DB CACHE [ε | challenge_v1 success_request_with_credentials_v1 eap_success id_request_v1 id_request_v1 /  challenge_response_v1 success_response_v1 after_eap_success id_response_v1 id_response_v1]
Mar 31, 2026 9:36:57 AM de.learnlib.logging.LearnLogger logQuery
INFO: DISABLED [ε | 4_way_message_1 inner_failure 4_way_message_1 /  no_reply - -]
Mar 31, 2026 9:36:57 AM de.learnlib.logging.LearnLogger logQuery
INFO: DISABLED [ε | eap_success 4_way_message_1 inner_failure 4_way_message_1 /  after_eap_success no_reply - -]
Mar 31, 2026 9:36:57 AM de.learnlib.logging.LearnLogger logQuery
INFO: DB CACHE [ε | eap_success eap_success inner_failure 4_way_message_1 /  after_eap_success after_eap_success no_reply -]
Mar 31, 2026 9:36:57 AM de.learnlib.logging.LearnLogger logQuery
INFO: DISABLED [ε | eap_success inner_failure inner_failure 4_way_message_1 /  after_eap_success no_reply - -]
Mar 31, 2026 9:36:57 AM de.learnlib.logging.LearnLogger logQuery
INFO: DISABLED [ε | eap_success inner_success inner_failure 4_way_message_1 /  after_eap_success no_reply - -]
Mar 31, 2026 9:36:57 AM de.learnlib.logging.LearnLogger logQuery
INFO: DISABLED [ε | eap_success success_request_with_credentials_v1 inner_failure 4_way_message_1 /  after_eap_success no_reply - -]
Mar 31, 2026 9:36:57 AM de.learnlib.logging.LearnLogger logQuery
INFO: DISABLED [ε | eap_success success_request_all_zeros_v1 inner_failure 4_way_message_1 /  after_eap_success no_reply - -]
Mar 31, 2026 9:36:57 AM de.learnlib.logging.LearnLogger logQuery
INFO: DISABLED [ε | eap_success challenge_v1 inner_failure 4_way_message_1 /  after_eap_success no_reply - -]
Mar 31, 2026 9:36:57 AM de.learnlib.logging.LearnLogger logQuery
INFO: DISABLED [ε | eap_success id_request_v1 inner_failure 4_way_message_1 /  after_eap_success no_reply - -]
Mar 31, 2026 9:36:57 AM de.learnlib.logging.LearnLogger logQuery
INFO: DB CACHE [ε | inner_failure inner_failure 4_way_message_1 /  empty_peap empty_peap no_reply]
Mar 31, 2026 9:36:57 AM de.learnlib.logging.LearnLogger logQuery
INFO: DB CACHE [ε | inner_success inner_failure 4_way_message_1 /  empty_peap empty_peap no_reply]
Mar 31, 2026 9:36:57 AM de.learnlib.logging.LearnLogger logQuery
INFO: DISABLED [ε | success_request_with_credentials_v1 inner_failure 4_way_message_1 /  no_reply - -]
Mar 31, 2026 9:36:57 AM de.learnlib.logging.LearnLogger logQuery
INFO: DISABLED [ε | success_request_all_zeros_v1 4_way_message_1 inner_failure 4_way_message_1 /  no_reply - - -]
Mar 31, 2026 9:36:57 AM de.learnlib.logging.LearnLogger logQuery
INFO: DISABLED [ε | success_request_all_zeros_v1 eap_success inner_failure 4_way_message_1 /  no_reply - - -]
Mar 31, 2026 9:36:57 AM de.learnlib.logging.LearnLogger logQuery
INFO: DISABLED [ε | success_request_all_zeros_v1 inner_failure inner_failure 4_way_message_1 /  no_reply - - -]
Mar 31, 2026 9:36:57 AM de.learnlib.logging.LearnLogger logQuery
INFO: DISABLED [ε | success_request_all_zeros_v1 inner_success inner_failure 4_way_message_1 /  no_reply - - -]
Mar 31, 2026 9:36:57 AM de.learnlib.logging.LearnLogger logQuery
INFO: DISABLED [ε | success_request_all_zeros_v1 success_request_with_credentials_v1 inner_failure 4_way_message_1 /  no_reply - - -]
Mar 31, 2026 9:36:57 AM de.learnlib.logging.LearnLogger logQuery
INFO: DISABLED [ε | success_request_all_zeros_v1 success_request_all_zeros_v1 inner_failure 4_way_message_1 /  no_reply - - -]
Mar 31, 2026 9:36:57 AM de.learnlib.logging.LearnLogger logQuery
INFO: DISABLED [ε | success_request_all_zeros_v1 challenge_v1 inner_failure 4_way_message_1 /  no_reply - - -]
Mar 31, 2026 9:36:57 AM de.learnlib.logging.LearnLogger logQuery
INFO: DISABLED [ε | success_request_all_zeros_v1 id_request_v1 inner_failure 4_way_message_1 /  no_reply - - -]
Mar 31, 2026 9:36:57 AM de.learnlib.logging.LearnLogger logQuery
INFO: DISABLED [ε | challenge_v1 4_way_message_1 inner_failure 4_way_message_1 /  challenge_response_v1 no_reply - -]
Mar 31, 2026 9:36:57 AM de.learnlib.logging.LearnLogger logQuery
INFO: DB CACHE [ε | challenge_v1 eap_success inner_failure 4_way_message_1 /  challenge_response_v1 after_eap_success no_reply -]
Mar 31, 2026 9:36:57 AM de.learnlib.logging.LearnLogger logQuery
INFO: DB CACHE [ε | challenge_v1 inner_failure inner_failure 4_way_message_1 /  challenge_response_v1 empty_peap empty_peap no_reply]
Mar 31, 2026 9:36:57 AM de.learnlib.logging.LearnLogger logQuery
INFO: DB CACHE [ε | challenge_v1 inner_success inner_failure 4_way_message_1 /  challenge_response_v1 empty_peap empty_peap no_reply]
Mar 31, 2026 9:36:57 AM de.learnlib.logging.LearnLogger logQuery
INFO: DISABLED [ε | challenge_v1 success_request_with_credentials_v1 4_way_message_1 inner_failure 4_way_message_1 /  challenge_response_v1 success_response_v1 4_way_message_2 - -]
Mar 31, 2026 9:36:57 AM de.learnlib.logging.LearnLogger logQuery
INFO: DISABLED [ε | challenge_v1 success_request_with_credentials_v1 eap_success 4_way_message_1 inner_failure 4_way_message_1 /  challenge_response_v1 success_response_v1 after_eap_success 4_way_message_2 - -]
Mar 31, 2026 9:36:57 AM de.learnlib.logging.LearnLogger logQuery
INFO: DB CACHE [ε | challenge_v1 success_request_with_credentials_v1 eap_success eap_success inner_failure 4_way_message_1 /  challenge_response_v1 success_response_v1 after_eap_success after_eap_success empty_peap no_reply]
Mar 31, 2026 9:36:57 AM de.learnlib.logging.LearnLogger logQuery
INFO: DISABLED [ε | challenge_v1 success_request_with_credentials_v1 eap_success inner_failure 4_way_message_1 4_way_message_1 inner_failure 4_way_message_1 /  challenge_response_v1 success_response_v1 after_eap_success empty_peap no_reply - - -]
Mar 31, 2026 9:36:57 AM de.learnlib.logging.LearnLogger logQuery
INFO: DISABLED [ε | challenge_v1 success_request_with_credentials_v1 eap_success inner_failure 4_way_message_1 eap_success inner_failure 4_way_message_1 /  challenge_response_v1 success_response_v1 after_eap_success empty_peap no_reply - - -]
Mar 31, 2026 9:36:57 AM de.learnlib.logging.LearnLogger logQuery
INFO: DISABLED [ε | challenge_v1 success_request_with_credentials_v1 eap_success inner_failure 4_way_message_1 inner_failure inner_failure 4_way_message_1 /  challenge_response_v1 success_response_v1 after_eap_success empty_peap no_reply - - -]
Mar 31, 2026 9:36:57 AM de.learnlib.logging.LearnLogger logQuery
INFO: DISABLED [ε | challenge_v1 success_request_with_credentials_v1 eap_success inner_failure 4_way_message_1 inner_success inner_failure 4_way_message_1 /  challenge_response_v1 success_response_v1 after_eap_success empty_peap no_reply - - -]
Mar 31, 2026 9:36:57 AM de.learnlib.logging.LearnLogger logQuery
INFO: DISABLED [ε | challenge_v1 success_request_with_credentials_v1 eap_success inner_failure 4_way_message_1 success_request_with_credentials_v1 inner_failure 4_way_message_1 /  challenge_response_v1 success_response_v1 after_eap_success empty_peap no_reply - - -]
Mar 31, 2026 9:36:57 AM de.learnlib.logging.LearnLogger logQuery
INFO: DISABLED [ε | challenge_v1 success_request_with_credentials_v1 eap_success inner_failure 4_way_message_1 success_request_all_zeros_v1 inner_failure 4_way_message_1 /  challenge_response_v1 success_response_v1 after_eap_success empty_peap no_reply - - -]
Mar 31, 2026 9:36:57 AM de.learnlib.logging.LearnLogger logQuery
INFO: DISABLED [ε | challenge_v1 success_request_with_credentials_v1 eap_success inner_failure 4_way_message_1 challenge_v1 inner_failure 4_way_message_1 /  challenge_response_v1 success_response_v1 after_eap_success empty_peap no_reply - - -]
Mar 31, 2026 9:36:57 AM de.learnlib.logging.LearnLogger logQuery
INFO: DISABLED [ε | challenge_v1 success_request_with_credentials_v1 eap_success inner_failure 4_way_message_1 id_request_v1 inner_failure 4_way_message_1 /  challenge_response_v1 success_response_v1 after_eap_success empty_peap no_reply - - -]
Mar 31, 2026 9:36:57 AM de.learnlib.logging.LearnLogger logQuery
INFO: DB CACHE [ε | challenge_v1 success_request_with_credentials_v1 eap_success inner_failure eap_success inner_failure 4_way_message_1 /  challenge_response_v1 success_response_v1 after_eap_success empty_peap after_eap_success empty_peap no_reply]
Mar 31, 2026 9:36:57 AM de.learnlib.logging.LearnLogger logQuery
INFO: DB CACHE [ε | challenge_v1 success_request_with_credentials_v1 eap_success inner_failure inner_failure inner_failure 4_way_message_1 /  challenge_response_v1 success_response_v1 after_eap_success empty_peap empty_peap empty_peap no_reply]
Mar 31, 2026 9:36:57 AM de.learnlib.logging.LearnLogger logQuery
INFO: DB CACHE [ε | challenge_v1 success_request_with_credentials_v1 eap_success inner_failure inner_success inner_failure 4_way_message_1 /  challenge_response_v1 success_response_v1 after_eap_success empty_peap empty_peap empty_peap no_reply]
Mar 31, 2026 9:36:57 AM de.learnlib.logging.LearnLogger logQuery
INFO: DB CACHE [ε | challenge_v1 success_request_with_credentials_v1 eap_success inner_failure success_request_with_credentials_v1 inner_failure 4_way_message_1 /  challenge_response_v1 success_response_v1 after_eap_success empty_peap success_response_v1 empty_peap no_reply]
Mar 31, 2026 9:36:57 AM de.learnlib.logging.LearnLogger logQuery
INFO: DISABLED [ε | challenge_v1 success_request_with_credentials_v1 eap_success inner_failure success_request_all_zeros_v1 inner_failure 4_way_message_1 /  challenge_response_v1 success_response_v1 after_eap_success empty_peap no_reply - -]
Mar 31, 2026 9:36:57 AM de.learnlib.logging.LearnLogger logQuery
INFO: DB CACHE [ε | challenge_v1 success_request_with_credentials_v1 eap_success inner_failure challenge_v1 inner_failure 4_way_message_1 /  challenge_response_v1 success_response_v1 after_eap_success empty_peap challenge_response_v1 empty_peap no_reply]
Mar 31, 2026 9:36:57 AM de.learnlib.logging.LearnLogger logQuery
INFO: DB CACHE [ε | challenge_v1 success_request_with_credentials_v1 eap_success inner_failure id_request_v1 inner_failure 4_way_message_1 /  challenge_response_v1 success_response_v1 after_eap_success empty_peap id_response_v1 empty_peap no_reply]
Mar 31, 2026 9:36:57 AM de.learnlib.logging.LearnLogger logQuery
INFO: DB CACHE [ε | challenge_v1 success_request_with_credentials_v1 eap_success inner_success inner_failure 4_way_message_1 /  challenge_response_v1 success_response_v1 after_eap_success empty_peap empty_peap no_reply]
Mar 31, 2026 9:36:57 AM de.learnlib.logging.LearnLogger logQuery
INFO: DB CACHE [ε | challenge_v1 success_request_with_credentials_v1 eap_success success_request_with_credentials_v1 inner_failure 4_way_message_1 /  challenge_response_v1 success_response_v1 after_eap_success success_response_v1 empty_peap no_reply]
Mar 31, 2026 9:36:57 AM de.learnlib.logging.LearnLogger logQuery
INFO: DISABLED [ε | challenge_v1 success_request_with_credentials_v1 eap_success success_request_all_zeros_v1 inner_failure 4_way_message_1 /  challenge_response_v1 success_response_v1 after_eap_success no_reply - -]
Mar 31, 2026 9:36:57 AM de.learnlib.logging.LearnLogger logQuery
INFO: DB CACHE [ε | challenge_v1 success_request_with_credentials_v1 eap_success challenge_v1 inner_failure 4_way_message_1 /  challenge_response_v1 success_response_v1 after_eap_success challenge_response_v1 empty_peap no_reply]
Mar 31, 2026 9:36:57 AM de.learnlib.logging.LearnLogger logQuery
INFO: DB CACHE [ε | challenge_v1 success_request_with_credentials_v1 eap_success id_request_v1 inner_failure 4_way_message_1 /  challenge_response_v1 success_response_v1 after_eap_success id_response_v1 empty_peap no_reply]
Mar 31, 2026 9:36:57 AM de.learnlib.logging.LearnLogger logQuery
INFO: DISABLED [ε | challenge_v1 success_request_with_credentials_v1 inner_failure 4_way_message_1 inner_failure 4_way_message_1 /  challenge_response_v1 success_response_v1 empty_peap 4_way_message_2 - -]
Mar 31, 2026 9:36:57 AM de.learnlib.logging.LearnLogger logQuery
INFO: DISABLED [ε | challenge_v1 success_request_with_credentials_v1 inner_failure eap_success 4_way_message_1 inner_failure 4_way_message_1 /  challenge_response_v1 success_response_v1 empty_peap after_eap_success no_reply - -]
Mar 31, 2026 9:36:57 AM de.learnlib.logging.LearnLogger logQuery
INFO: DB CACHE [ε | challenge_v1 success_request_with_credentials_v1 inner_failure eap_success eap_success inner_failure 4_way_message_1 /  challenge_response_v1 success_response_v1 empty_peap after_eap_success after_eap_success no_reply -]
Mar 31, 2026 9:36:57 AM de.learnlib.logging.LearnLogger logQuery
INFO: DISABLED [ε | challenge_v1 success_request_with_credentials_v1 inner_failure eap_success inner_failure inner_failure 4_way_message_1 /  challenge_response_v1 success_response_v1 empty_peap after_eap_success no_reply - -]
Mar 31, 2026 9:36:57 AM de.learnlib.logging.LearnLogger logQuery
INFO: DISABLED [ε | challenge_v1 success_request_with_credentials_v1 inner_failure eap_success inner_success inner_failure 4_way_message_1 /  challenge_response_v1 success_response_v1 empty_peap after_eap_success no_reply - -]
Mar 31, 2026 9:36:57 AM de.learnlib.logging.LearnLogger logQuery
INFO: DISABLED [ε | challenge_v1 success_request_with_credentials_v1 inner_failure eap_success success_request_with_credentials_v1 4_way_message_1 inner_failure 4_way_message_1 /  challenge_response_v1 success_response_v1 empty_peap after_eap_success no_reply - - -]
Mar 31, 2026 9:36:57 AM de.learnlib.logging.LearnLogger logQuery
INFO: DISABLED [ε | challenge_v1 success_request_with_credentials_v1 inner_failure eap_success success_request_with_credentials_v1 eap_success inner_failure 4_way_message_1 /  challenge_response_v1 success_response_v1 empty_peap after_eap_success no_reply - - -]
Mar 31, 2026 9:36:57 AM de.learnlib.logging.LearnLogger logQuery
INFO: DISABLED [ε | challenge_v1 success_request_with_credentials_v1 inner_failure eap_success success_request_with_credentials_v1 inner_failure inner_failure 4_way_message_1 /  challenge_response_v1 success_response_v1 empty_peap after_eap_success no_reply - - -]
Mar 31, 2026 9:36:57 AM de.learnlib.logging.LearnLogger logQuery
INFO: DISABLED [ε | challenge_v1 success_request_with_credentials_v1 inner_failure eap_success success_request_with_credentials_v1 inner_success inner_failure 4_way_message_1 /  challenge_response_v1 success_response_v1 empty_peap after_eap_success no_reply - - -]
Mar 31, 2026 9:36:57 AM de.learnlib.logging.LearnLogger logQuery
INFO: DISABLED [ε | challenge_v1 success_request_with_credentials_v1 inner_failure eap_success success_request_with_credentials_v1 success_request_with_credentials_v1 inner_failure 4_way_message_1 /  challenge_response_v1 success_response_v1 empty_peap after_eap_success no_reply - - -]
Mar 31, 2026 9:36:57 AM de.learnlib.logging.LearnLogger logQuery
INFO: DISABLED [ε | challenge_v1 success_request_with_credentials_v1 inner_failure eap_success success_request_with_credentials_v1 success_request_all_zeros_v1 inner_failure 4_way_message_1 /  challenge_response_v1 success_response_v1 empty_peap after_eap_success no_reply - - -]
Mar 31, 2026 9:36:57 AM de.learnlib.logging.LearnLogger logQuery
INFO: DISABLED [ε | challenge_v1 success_request_with_credentials_v1 inner_failure eap_success success_request_with_credentials_v1 challenge_v1 inner_failure 4_way_message_1 /  challenge_response_v1 success_response_v1 empty_peap after_eap_success no_reply - - -]
Mar 31, 2026 9:36:57 AM de.learnlib.logging.LearnLogger logQuery
INFO: DISABLED [ε | challenge_v1 success_request_with_credentials_v1 inner_failure eap_success success_request_with_credentials_v1 id_request_v1 inner_failure 4_way_message_1 /  challenge_response_v1 success_response_v1 empty_peap after_eap_success no_reply - - -]
Mar 31, 2026 9:36:57 AM de.learnlib.logging.LearnLogger logQuery
INFO: DISABLED [ε | challenge_v1 success_request_with_credentials_v1 inner_failure eap_success success_request_all_zeros_v1 inner_failure 4_way_message_1 /  challenge_response_v1 success_response_v1 empty_peap after_eap_success no_reply - -]
Mar 31, 2026 9:36:57 AM de.learnlib.logging.LearnLogger logQuery
INFO: DISABLED [ε | challenge_v1 success_request_with_credentials_v1 inner_failure eap_success challenge_v1 inner_failure 4_way_message_1 /  challenge_response_v1 success_response_v1 empty_peap after_eap_success no_reply - -]
Mar 31, 2026 9:36:57 AM de.learnlib.logging.LearnLogger logQuery
INFO: DISABLED [ε | challenge_v1 success_request_with_credentials_v1 inner_failure eap_success id_request_v1 inner_failure 4_way_message_1 /  challenge_response_v1 success_response_v1 empty_peap after_eap_success no_reply - -]
Mar 31, 2026 9:36:57 AM de.learnlib.logging.LearnLogger logQuery
INFO: DB CACHE [ε | challenge_v1 success_request_with_credentials_v1 inner_failure inner_failure inner_failure 4_way_message_1 /  challenge_response_v1 success_response_v1 empty_peap empty_peap empty_peap 4_way_message_2]
Mar 31, 2026 9:36:57 AM de.learnlib.logging.LearnLogger logQuery
INFO: DB CACHE [ε | challenge_v1 success_request_with_credentials_v1 inner_failure inner_success inner_failure 4_way_message_1 /  challenge_response_v1 success_response_v1 empty_peap empty_peap empty_peap 4_way_message_2]
Mar 31, 2026 9:36:57 AM de.learnlib.logging.LearnLogger logQuery
INFO: DB CACHE [ε | challenge_v1 success_request_with_credentials_v1 inner_failure success_request_with_credentials_v1 inner_failure 4_way_message_1 /  challenge_response_v1 success_response_v1 empty_peap success_response_v1 empty_peap 4_way_message_2]
Mar 31, 2026 9:36:57 AM de.learnlib.logging.LearnLogger logQuery
INFO: DISABLED [ε | challenge_v1 success_request_with_credentials_v1 inner_failure success_request_all_zeros_v1 inner_failure 4_way_message_1 /  challenge_response_v1 success_response_v1 empty_peap no_reply - -]
Mar 31, 2026 9:36:57 AM de.learnlib.logging.LearnLogger logQuery
INFO: DB CACHE [ε | challenge_v1 success_request_with_credentials_v1 inner_failure challenge_v1 inner_failure 4_way_message_1 /  challenge_response_v1 success_response_v1 empty_peap challenge_response_v1 empty_peap 4_way_message_2]
Mar 31, 2026 9:36:57 AM de.learnlib.logging.LearnLogger logQuery
INFO: DB CACHE [ε | challenge_v1 success_request_with_credentials_v1 inner_failure id_request_v1 inner_failure 4_way_message_1 /  challenge_response_v1 success_response_v1 empty_peap id_response_v1 empty_peap 4_way_message_2]
Mar 31, 2026 9:36:57 AM de.learnlib.logging.LearnLogger logQuery
INFO: DB CACHE [ε | challenge_v1 success_request_with_credentials_v1 inner_success inner_failure 4_way_message_1 /  challenge_response_v1 success_response_v1 empty_peap empty_peap 4_way_message_2]
Mar 31, 2026 9:36:57 AM de.learnlib.logging.LearnLogger logQuery
INFO: DB CACHE [ε | challenge_v1 success_request_with_credentials_v1 success_request_with_credentials_v1 inner_failure 4_way_message_1 /  challenge_response_v1 success_response_v1 success_response_v1 empty_peap 4_way_message_2]
Mar 31, 2026 9:36:57 AM de.learnlib.logging.LearnLogger logQuery
INFO: DISABLED [ε | challenge_v1 success_request_with_credentials_v1 success_request_all_zeros_v1 inner_failure 4_way_message_1 /  challenge_response_v1 success_response_v1 no_reply - -]
Mar 31, 2026 9:36:57 AM de.learnlib.logging.LearnLogger logQuery
INFO: DB CACHE [ε | challenge_v1 success_request_with_credentials_v1 challenge_v1 inner_failure 4_way_message_1 /  challenge_response_v1 success_response_v1 challenge_response_v1 empty_peap 4_way_message_2]
Mar 31, 2026 9:36:57 AM de.learnlib.logging.LearnLogger logQuery
INFO: DB CACHE [ε | challenge_v1 success_request_with_credentials_v1 id_request_v1 inner_failure 4_way_message_1 /  challenge_response_v1 success_response_v1 id_response_v1 empty_peap 4_way_message_2]
Mar 31, 2026 9:36:57 AM de.learnlib.logging.LearnLogger logQuery
INFO: DISABLED [ε | challenge_v1 success_request_all_zeros_v1 inner_failure 4_way_message_1 /  challenge_response_v1 no_reply - -]
Mar 31, 2026 9:36:57 AM de.learnlib.logging.LearnLogger logQuery
INFO: DB CACHE [ε | challenge_v1 challenge_v1 inner_failure 4_way_message_1 /  challenge_response_v1 challenge_response_v1 empty_peap no_reply]
Mar 31, 2026 9:36:57 AM de.learnlib.logging.LearnLogger logQuery
INFO: DB CACHE [ε | challenge_v1 id_request_v1 inner_failure 4_way_message_1 /  challenge_response_v1 id_response_v1 empty_peap no_reply]
Mar 31, 2026 9:36:57 AM de.learnlib.logging.LearnLogger logQuery
INFO: DB CACHE [ε | id_request_v1 inner_failure 4_way_message_1 /  id_response_v1 empty_peap no_reply]
Mar 31, 2026 9:37:02 AM de.learnlib.logging.LearnLogger logQuery
INFO: DB CACHE [ε | challenge_v1 success_request_with_credentials_v1 challenge_v1 4_way_message_1 4_way_message_1 /  challenge_response_v1 success_response_v1 challenge_response_v1 4_way_message_2 -]
Mar 31, 2026 9:37:02 AM de.learnlib.logging.LearnLogger logQuery
INFO: DISABLED [ε | challenge_v1 success_request_with_credentials_v1 challenge_v1 4_way_message_1 eap_success id_request_v1 /  challenge_response_v1 success_response_v1 challenge_response_v1 4_way_message_2 - -]
Mar 31, 2026 9:37:02 AM de.learnlib.logging.LearnLogger logQuery
INFO: DISABLED [ε | challenge_v1 success_request_with_credentials_v1 challenge_v1 4_way_message_1 inner_failure 4_way_message_1 /  challenge_response_v1 success_response_v1 challenge_response_v1 4_way_message_2 - -]
Mar 31, 2026 9:37:02 AM de.learnlib.logging.LearnLogger logQuery
INFO: DB CACHE [ε | challenge_v1 success_request_with_credentials_v1 challenge_v1 4_way_message_1 inner_success /  challenge_response_v1 success_response_v1 challenge_response_v1 4_way_message_2 -]
Mar 31, 2026 9:37:02 AM de.learnlib.logging.LearnLogger logQuery
INFO: DB CACHE [ε | challenge_v1 success_request_with_credentials_v1 challenge_v1 4_way_message_1 success_request_with_credentials_v1 /  challenge_response_v1 success_response_v1 challenge_response_v1 4_way_message_2 -]
Mar 31, 2026 9:37:02 AM de.learnlib.logging.LearnLogger logQuery
INFO: DB CACHE [ε | challenge_v1 success_request_with_credentials_v1 challenge_v1 4_way_message_1 success_request_all_zeros_v1 /  challenge_response_v1 success_response_v1 challenge_response_v1 4_way_message_2 -]
Mar 31, 2026 9:37:02 AM de.learnlib.logging.LearnLogger logQuery
INFO: DB CACHE [ε | challenge_v1 success_request_with_credentials_v1 challenge_v1 4_way_message_1 challenge_v1 /  challenge_response_v1 success_response_v1 challenge_response_v1 4_way_message_2 -]
Mar 31, 2026 9:37:02 AM de.learnlib.logging.LearnLogger logQuery
INFO: DB CACHE [ε | challenge_v1 success_request_with_credentials_v1 challenge_v1 4_way_message_1 id_request_v1 /  challenge_response_v1 success_response_v1 challenge_response_v1 4_way_message_2 -]
Mar 31, 2026 9:37:02 AM de.learnlib.logging.LearnLogger logQuery
INFO: DB CACHE [ε | challenge_v1 success_request_with_credentials_v1 challenge_v1 eap_success 4_way_message_1 /  challenge_response_v1 success_response_v1 challenge_response_v1 after_eap_success 4_way_message_2]
Mar 31, 2026 9:37:02 AM de.learnlib.logging.LearnLogger logQuery
INFO: DB CACHE [ε | challenge_v1 success_request_with_credentials_v1 challenge_v1 eap_success eap_success id_request_v1 /  challenge_response_v1 success_response_v1 challenge_response_v1 after_eap_success after_eap_success id_response_v1]
Mar 31, 2026 9:37:02 AM de.learnlib.logging.LearnLogger logQuery
INFO: DB CACHE [ε | challenge_v1 success_request_with_credentials_v1 challenge_v1 eap_success inner_failure 4_way_message_1 /  challenge_response_v1 success_response_v1 challenge_response_v1 after_eap_success empty_peap no_reply]
Mar 31, 2026 9:37:02 AM de.learnlib.logging.LearnLogger logQuery
INFO: DB CACHE [ε | challenge_v1 success_request_with_credentials_v1 challenge_v1 eap_success inner_success /  challenge_response_v1 success_response_v1 challenge_response_v1 after_eap_success empty_peap]
Mar 31, 2026 9:37:02 AM de.learnlib.logging.LearnLogger logQuery
INFO: DB CACHE [ε | challenge_v1 success_request_with_credentials_v1 challenge_v1 eap_success success_request_with_credentials_v1 /  challenge_response_v1 success_response_v1 challenge_response_v1 after_eap_success success_response_v1]
Mar 31, 2026 9:37:02 AM de.learnlib.logging.LearnLogger logQuery
INFO: DB CACHE [ε | challenge_v1 success_request_with_credentials_v1 challenge_v1 eap_success success_request_all_zeros_v1 /  challenge_response_v1 success_response_v1 challenge_response_v1 after_eap_success no_reply]
Mar 31, 2026 9:37:02 AM de.learnlib.logging.LearnLogger logQuery
INFO: DB CACHE [ε | challenge_v1 success_request_with_credentials_v1 challenge_v1 eap_success challenge_v1 /  challenge_response_v1 success_response_v1 challenge_response_v1 after_eap_success challenge_response_v1]
Mar 31, 2026 9:37:02 AM de.learnlib.logging.LearnLogger logQuery
INFO: DB CACHE [ε | challenge_v1 success_request_with_credentials_v1 challenge_v1 inner_failure 4_way_message_1 4_way_message_1 /  challenge_response_v1 success_response_v1 challenge_response_v1 empty_peap 4_way_message_2 -]
Mar 31, 2026 9:37:02 AM de.learnlib.logging.LearnLogger logQuery
INFO: DISABLED [ε | challenge_v1 success_request_with_credentials_v1 challenge_v1 inner_failure 4_way_message_1 eap_success id_request_v1 /  challenge_response_v1 success_response_v1 challenge_response_v1 empty_peap 4_way_message_2 - -]
Mar 31, 2026 9:37:02 AM de.learnlib.logging.LearnLogger logQuery
INFO: DISABLED [ε | challenge_v1 success_request_with_credentials_v1 challenge_v1 inner_failure 4_way_message_1 inner_failure 4_way_message_1 /  challenge_response_v1 success_response_v1 challenge_response_v1 empty_peap 4_way_message_2 - -]
Mar 31, 2026 9:37:02 AM de.learnlib.logging.LearnLogger logQuery
INFO: DB CACHE [ε | challenge_v1 success_request_with_credentials_v1 challenge_v1 inner_failure 4_way_message_1 inner_success /  challenge_response_v1 success_response_v1 challenge_response_v1 empty_peap 4_way_message_2 -]
Mar 31, 2026 9:37:02 AM de.learnlib.logging.LearnLogger logQuery
INFO: DB CACHE [ε | challenge_v1 success_request_with_credentials_v1 challenge_v1 inner_failure 4_way_message_1 success_request_with_credentials_v1 /  challenge_response_v1 success_response_v1 challenge_response_v1 empty_peap 4_way_message_2 -]
Mar 31, 2026 9:37:02 AM de.learnlib.logging.LearnLogger logQuery
INFO: DB CACHE [ε | challenge_v1 success_request_with_credentials_v1 challenge_v1 inner_failure 4_way_message_1 success_request_all_zeros_v1 /  challenge_response_v1 success_response_v1 challenge_response_v1 empty_peap 4_way_message_2 -]
Mar 31, 2026 9:37:02 AM de.learnlib.logging.LearnLogger logQuery
INFO: DB CACHE [ε | challenge_v1 success_request_with_credentials_v1 challenge_v1 inner_failure 4_way_message_1 challenge_v1 /  challenge_response_v1 success_response_v1 challenge_response_v1 empty_peap 4_way_message_2 -]
Mar 31, 2026 9:37:02 AM de.learnlib.logging.LearnLogger logQuery
INFO: DB CACHE [ε | challenge_v1 success_request_with_credentials_v1 challenge_v1 inner_failure 4_way_message_1 id_request_v1 /  challenge_response_v1 success_response_v1 challenge_response_v1 empty_peap 4_way_message_2 -]
Mar 31, 2026 9:37:02 AM de.learnlib.logging.LearnLogger logQuery
INFO: DB CACHE [ε | challenge_v1 success_request_with_credentials_v1 challenge_v1 inner_failure eap_success 4_way_message_1 /  challenge_response_v1 success_response_v1 challenge_response_v1 empty_peap after_eap_success no_reply]
Mar 31, 2026 9:37:02 AM de.learnlib.logging.LearnLogger logQuery
INFO: DB CACHE [ε | challenge_v1 success_request_with_credentials_v1 challenge_v1 inner_failure eap_success eap_success id_request_v1 /  challenge_response_v1 success_response_v1 challenge_response_v1 empty_peap after_eap_success after_eap_success no_reply]
Mar 31, 2026 9:37:02 AM de.learnlib.logging.LearnLogger logQuery
INFO: DB CACHE [ε | challenge_v1 success_request_with_credentials_v1 challenge_v1 inner_failure eap_success inner_failure 4_way_message_1 /  challenge_response_v1 success_response_v1 challenge_response_v1 empty_peap after_eap_success no_reply -]
Mar 31, 2026 9:37:02 AM de.learnlib.logging.LearnLogger logQuery
INFO: DB CACHE [ε | challenge_v1 success_request_with_credentials_v1 challenge_v1 inner_failure eap_success inner_success /  challenge_response_v1 success_response_v1 challenge_response_v1 empty_peap after_eap_success no_reply]
Mar 31, 2026 9:37:02 AM de.learnlib.logging.LearnLogger logQuery
INFO: DB CACHE [ε | challenge_v1 success_request_with_credentials_v1 challenge_v1 inner_failure eap_success success_request_with_credentials_v1 /  challenge_response_v1 success_response_v1 challenge_response_v1 empty_peap after_eap_success no_reply]
Mar 31, 2026 9:37:02 AM de.learnlib.logging.LearnLogger logQuery
INFO: DB CACHE [ε | challenge_v1 success_request_with_credentials_v1 challenge_v1 inner_failure eap_success success_request_all_zeros_v1 /  challenge_response_v1 success_response_v1 challenge_response_v1 empty_peap after_eap_success no_reply]
Mar 31, 2026 9:37:02 AM de.learnlib.logging.LearnLogger logQuery
INFO: DB CACHE [ε | challenge_v1 success_request_with_credentials_v1 challenge_v1 inner_failure eap_success challenge_v1 /  challenge_response_v1 success_response_v1 challenge_response_v1 empty_peap after_eap_success no_reply]
Mar 31, 2026 9:37:02 AM de.learnlib.logging.LearnLogger logQuery
INFO: DB CACHE [ε | challenge_v1 success_request_with_credentials_v1 challenge_v1 inner_failure eap_success id_request_v1 /  challenge_response_v1 success_response_v1 challenge_response_v1 empty_peap after_eap_success no_reply]
Mar 31, 2026 9:37:02 AM de.learnlib.logging.LearnLogger logQuery
INFO: DB CACHE [ε | challenge_v1 success_request_with_credentials_v1 challenge_v1 inner_failure inner_failure 4_way_message_1 /  challenge_response_v1 success_response_v1 challenge_response_v1 empty_peap empty_peap 4_way_message_2]
Mar 31, 2026 9:37:02 AM de.learnlib.logging.LearnLogger logQuery
INFO: DB CACHE [ε | challenge_v1 success_request_with_credentials_v1 challenge_v1 inner_failure inner_failure eap_success id_request_v1 /  challenge_response_v1 success_response_v1 challenge_response_v1 empty_peap empty_peap after_eap_success no_reply]
Mar 31, 2026 9:37:02 AM de.learnlib.logging.LearnLogger logQuery
INFO: DB CACHE [ε | challenge_v1 success_request_with_credentials_v1 challenge_v1 inner_failure inner_failure inner_failure 4_way_message_1 /  challenge_response_v1 success_response_v1 challenge_response_v1 empty_peap empty_peap empty_peap 4_way_message_2]
Mar 31, 2026 9:37:02 AM de.learnlib.logging.LearnLogger logQuery
INFO: DB CACHE [ε | challenge_v1 success_request_with_credentials_v1 challenge_v1 inner_failure inner_failure inner_success /  challenge_response_v1 success_response_v1 challenge_response_v1 empty_peap empty_peap empty_peap]
Mar 31, 2026 9:37:02 AM de.learnlib.logging.LearnLogger logQuery
INFO: DB CACHE [ε | challenge_v1 success_request_with_credentials_v1 challenge_v1 inner_failure inner_failure success_request_with_credentials_v1 /  challenge_response_v1 success_response_v1 challenge_response_v1 empty_peap empty_peap success_response_v1]
Mar 31, 2026 9:37:02 AM de.learnlib.logging.LearnLogger logQuery
INFO: DB CACHE [ε | challenge_v1 success_request_with_credentials_v1 challenge_v1 inner_failure inner_failure success_request_all_zeros_v1 /  challenge_response_v1 success_response_v1 challenge_response_v1 empty_peap empty_peap no_reply]
Mar 31, 2026 9:37:02 AM de.learnlib.logging.LearnLogger logQuery
INFO: DB CACHE [ε | challenge_v1 success_request_with_credentials_v1 challenge_v1 inner_failure inner_failure challenge_v1 /  challenge_response_v1 success_response_v1 challenge_response_v1 empty_peap empty_peap challenge_response_v1]
Mar 31, 2026 9:37:02 AM de.learnlib.logging.LearnLogger logQuery
INFO: DB CACHE [ε | challenge_v1 success_request_with_credentials_v1 challenge_v1 inner_failure inner_failure id_request_v1 /  challenge_response_v1 success_response_v1 challenge_response_v1 empty_peap empty_peap id_response_v1]
Mar 31, 2026 9:37:02 AM de.learnlib.logging.LearnLogger logQuery
INFO: DB CACHE [ε | challenge_v1 success_request_with_credentials_v1 challenge_v1 inner_failure inner_success 4_way_message_1 4_way_message_1 /  challenge_response_v1 success_response_v1 challenge_response_v1 empty_peap empty_peap 4_way_message_2 -]
Mar 31, 2026 9:37:02 AM de.learnlib.logging.LearnLogger logQuery
INFO: DISABLED [ε | challenge_v1 success_request_with_credentials_v1 challenge_v1 inner_failure inner_success 4_way_message_1 eap_success id_request_v1 /  challenge_response_v1 success_response_v1 challenge_response_v1 empty_peap empty_peap 4_way_message_2 - -]
Mar 31, 2026 9:37:02 AM de.learnlib.logging.LearnLogger logQuery
INFO: DISABLED [ε | challenge_v1 success_request_with_credentials_v1 challenge_v1 inner_failure inner_success 4_way_message_1 inner_failure 4_way_message_1 /  challenge_response_v1 success_response_v1 challenge_response_v1 empty_peap empty_peap 4_way_message_2 - -]
Mar 31, 2026 9:37:02 AM de.learnlib.logging.LearnLogger logQuery
INFO: DB CACHE [ε | challenge_v1 success_request_with_credentials_v1 challenge_v1 inner_failure inner_success 4_way_message_1 inner_success /  challenge_response_v1 success_response_v1 challenge_response_v1 empty_peap empty_peap 4_way_message_2 -]
Mar 31, 2026 9:37:02 AM de.learnlib.logging.LearnLogger logQuery
INFO: DB CACHE [ε | challenge_v1 success_request_with_credentials_v1 challenge_v1 inner_failure inner_success 4_way_message_1 success_request_with_credentials_v1 /  challenge_response_v1 success_response_v1 challenge_response_v1 empty_peap empty_peap 4_way_message_2 -]
Mar 31, 2026 9:37:02 AM de.learnlib.logging.LearnLogger logQuery
INFO: DB CACHE [ε | challenge_v1 success_request_with_credentials_v1 challenge_v1 inner_failure inner_success 4_way_message_1 success_request_all_zeros_v1 /  challenge_response_v1 success_response_v1 challenge_response_v1 empty_peap empty_peap 4_way_message_2 -]
Mar 31, 2026 9:37:02 AM de.learnlib.logging.LearnLogger logQuery
INFO: DB CACHE [ε | challenge_v1 success_request_with_credentials_v1 challenge_v1 inner_failure inner_success 4_way_message_1 challenge_v1 /  challenge_response_v1 success_response_v1 challenge_response_v1 empty_peap empty_peap 4_way_message_2 -]
Mar 31, 2026 9:37:02 AM de.learnlib.logging.LearnLogger logQuery
INFO: DB CACHE [ε | challenge_v1 success_request_with_credentials_v1 challenge_v1 inner_failure inner_success 4_way_message_1 id_request_v1 /  challenge_response_v1 success_response_v1 challenge_response_v1 empty_peap empty_peap 4_way_message_2 -]
Mar 31, 2026 9:37:02 AM de.learnlib.logging.LearnLogger logQuery
INFO: DB CACHE [ε | challenge_v1 success_request_with_credentials_v1 challenge_v1 inner_failure inner_success eap_success 4_way_message_1 4_way_message_1 /  challenge_response_v1 success_response_v1 challenge_response_v1 empty_peap empty_peap after_eap_success no_reply -]
Mar 31, 2026 9:37:02 AM de.learnlib.logging.LearnLogger logQuery
INFO: DB CACHE [ε | challenge_v1 success_request_with_credentials_v1 challenge_v1 inner_failure inner_success eap_success 4_way_message_1 eap_success id_request_v1 /  challenge_response_v1 success_response_v1 challenge_response_v1 empty_peap empty_peap after_eap_success no_reply - -]
Mar 31, 2026 9:37:02 AM de.learnlib.logging.LearnLogger logQuery
INFO: DB CACHE [ε | challenge_v1 success_request_with_credentials_v1 challenge_v1 inner_failure inner_success eap_success 4_way_message_1 inner_failure 4_way_message_1 /  challenge_response_v1 success_response_v1 challenge_response_v1 empty_peap empty_peap after_eap_success no_reply - -]
Mar 31, 2026 9:37:02 AM de.learnlib.logging.LearnLogger logQuery
INFO: DB CACHE [ε | challenge_v1 success_request_with_credentials_v1 challenge_v1 inner_failure inner_success eap_success 4_way_message_1 inner_success /  challenge_response_v1 success_response_v1 challenge_response_v1 empty_peap empty_peap after_eap_success no_reply -]
Mar 31, 2026 9:37:02 AM de.learnlib.logging.LearnLogger logQuery
INFO: DB CACHE [ε | challenge_v1 success_request_with_credentials_v1 challenge_v1 inner_failure inner_success eap_success 4_way_message_1 success_request_with_credentials_v1 /  challenge_response_v1 success_response_v1 challenge_response_v1 empty_peap empty_peap after_eap_success no_reply -]
Mar 31, 2026 9:37:02 AM de.learnlib.logging.LearnLogger logQuery
INFO: DB CACHE [ε | challenge_v1 success_request_with_credentials_v1 challenge_v1 inner_failure inner_success eap_success 4_way_message_1 success_request_all_zeros_v1 /  challenge_response_v1 success_response_v1 challenge_response_v1 empty_peap empty_peap after_eap_success no_reply -]
Mar 31, 2026 9:37:02 AM de.learnlib.logging.LearnLogger logQuery
INFO: DB CACHE [ε | challenge_v1 success_request_with_credentials_v1 challenge_v1 inner_failure inner_success eap_success 4_way_message_1 challenge_v1 /  challenge_response_v1 success_response_v1 challenge_response_v1 empty_peap empty_peap after_eap_success no_reply -]
Mar 31, 2026 9:37:02 AM de.learnlib.logging.LearnLogger logQuery
INFO: DB CACHE [ε | challenge_v1 success_request_with_credentials_v1 challenge_v1 inner_failure inner_success eap_success 4_way_message_1 id_request_v1 /  challenge_response_v1 success_response_v1 challenge_response_v1 empty_peap empty_peap after_eap_success no_reply -]
Mar 31, 2026 9:37:02 AM de.learnlib.logging.LearnLogger logQuery
INFO: DB CACHE [ε | challenge_v1 success_request_with_credentials_v1 challenge_v1 inner_failure inner_success eap_success eap_success 4_way_message_1 /  challenge_response_v1 success_response_v1 challenge_response_v1 empty_peap empty_peap after_eap_success after_eap_success no_reply]
Mar 31, 2026 9:37:02 AM de.learnlib.logging.LearnLogger logQuery
INFO: DB CACHE [ε | challenge_v1 success_request_with_credentials_v1 challenge_v1 inner_failure inner_success eap_success eap_success eap_success id_request_v1 /  challenge_response_v1 success_response_v1 challenge_response_v1 empty_peap empty_peap after_eap_success after_eap_success after_eap_success no_reply]
Mar 31, 2026 9:37:02 AM de.learnlib.logging.LearnLogger logQuery
INFO: DB CACHE [ε | challenge_v1 success_request_with_credentials_v1 challenge_v1 inner_failure inner_success eap_success eap_success inner_failure 4_way_message_1 /  challenge_response_v1 success_response_v1 challenge_response_v1 empty_peap empty_peap after_eap_success after_eap_success no_reply -]
Mar 31, 2026 9:37:02 AM de.learnlib.logging.LearnLogger logQuery
INFO: DB CACHE [ε | challenge_v1 success_request_with_credentials_v1 challenge_v1 inner_failure inner_success eap_success eap_success inner_success /  challenge_response_v1 success_response_v1 challenge_response_v1 empty_peap empty_peap after_eap_success after_eap_success no_reply]
Mar 31, 2026 9:37:02 AM de.learnlib.logging.LearnLogger logQuery
INFO: DB CACHE [ε | challenge_v1 success_request_with_credentials_v1 challenge_v1 inner_failure inner_success eap_success eap_success success_request_with_credentials_v1 /  challenge_response_v1 success_response_v1 challenge_response_v1 empty_peap empty_peap after_eap_success after_eap_success no_reply]
Mar 31, 2026 9:37:02 AM de.learnlib.logging.LearnLogger logQuery
INFO: DB CACHE [ε | challenge_v1 success_request_with_credentials_v1 challenge_v1 inner_failure inner_success eap_success eap_success success_request_all_zeros_v1 /  challenge_response_v1 success_response_v1 challenge_response_v1 empty_peap empty_peap after_eap_success after_eap_success no_reply]
Mar 31, 2026 9:37:02 AM de.learnlib.logging.LearnLogger logQuery
INFO: DB CACHE [ε | challenge_v1 success_request_with_credentials_v1 challenge_v1 inner_failure inner_success eap_success eap_success challenge_v1 /  challenge_response_v1 success_response_v1 challenge_response_v1 empty_peap empty_peap after_eap_success after_eap_success no_reply]
Mar 31, 2026 9:37:02 AM de.learnlib.logging.LearnLogger logQuery
INFO: DB CACHE [ε | challenge_v1 success_request_with_credentials_v1 challenge_v1 inner_failure inner_success eap_success eap_success id_request_v1 /  challenge_response_v1 success_response_v1 challenge_response_v1 empty_peap empty_peap after_eap_success after_eap_success no_reply]
Mar 31, 2026 9:37:02 AM de.learnlib.logging.LearnLogger logQuery
INFO: DB CACHE [ε | challenge_v1 success_request_with_credentials_v1 challenge_v1 inner_failure inner_success eap_success inner_failure 4_way_message_1 /  challenge_response_v1 success_response_v1 challenge_response_v1 empty_peap empty_peap after_eap_success no_reply -]
Mar 31, 2026 9:37:02 AM de.learnlib.logging.LearnLogger logQuery
INFO: DB CACHE [ε | challenge_v1 success_request_with_credentials_v1 challenge_v1 inner_failure inner_success eap_success inner_failure eap_success id_request_v1 /  challenge_response_v1 success_response_v1 challenge_response_v1 empty_peap empty_peap after_eap_success no_reply - -]
Mar 31, 2026 9:37:02 AM de.learnlib.logging.LearnLogger logQuery
INFO: DB CACHE [ε | challenge_v1 success_request_with_credentials_v1 challenge_v1 inner_failure inner_success eap_success inner_failure inner_failure 4_way_message_1 /  challenge_response_v1 success_response_v1 challenge_response_v1 empty_peap empty_peap after_eap_success no_reply - -]
Mar 31, 2026 9:37:02 AM de.learnlib.logging.LearnLogger logQuery
INFO: DB CACHE [ε | challenge_v1 success_request_with_credentials_v1 challenge_v1 inner_failure inner_success eap_success inner_failure inner_success /  challenge_response_v1 success_response_v1 challenge_response_v1 empty_peap empty_peap after_eap_success no_reply -]
Mar 31, 2026 9:37:02 AM de.learnlib.logging.LearnLogger logQuery
INFO: DB CACHE [ε | challenge_v1 success_request_with_credentials_v1 challenge_v1 inner_failure inner_success eap_success inner_failure success_request_with_credentials_v1 /  challenge_response_v1 success_response_v1 challenge_response_v1 empty_peap empty_peap after_eap_success no_reply -]
Mar 31, 2026 9:37:02 AM de.learnlib.logging.LearnLogger logQuery
INFO: DB CACHE [ε | challenge_v1 success_request_with_credentials_v1 challenge_v1 inner_failure inner_success eap_success inner_failure success_request_all_zeros_v1 /  challenge_response_v1 success_response_v1 challenge_response_v1 empty_peap empty_peap after_eap_success no_reply -]
Mar 31, 2026 9:37:02 AM de.learnlib.logging.LearnLogger logQuery
INFO: DB CACHE [ε | challenge_v1 success_request_with_credentials_v1 challenge_v1 inner_failure inner_success eap_success inner_failure challenge_v1 /  challenge_response_v1 success_response_v1 challenge_response_v1 empty_peap empty_peap after_eap_success no_reply -]
Mar 31, 2026 9:37:02 AM de.learnlib.logging.LearnLogger logQuery
INFO: DB CACHE [ε | challenge_v1 success_request_with_credentials_v1 challenge_v1 inner_failure inner_success eap_success inner_failure id_request_v1 /  challenge_response_v1 success_response_v1 challenge_response_v1 empty_peap empty_peap after_eap_success no_reply -]
Mar 31, 2026 9:37:02 AM de.learnlib.logging.LearnLogger logQuery
INFO: DB CACHE [ε | challenge_v1 success_request_with_credentials_v1 challenge_v1 inner_failure inner_success eap_success inner_success 4_way_message_1 /  challenge_response_v1 success_response_v1 challenge_response_v1 empty_peap empty_peap after_eap_success no_reply -]
Mar 31, 2026 9:37:02 AM de.learnlib.logging.LearnLogger logQuery
INFO: DB CACHE [ε | challenge_v1 success_request_with_credentials_v1 challenge_v1 inner_failure inner_success eap_success inner_success eap_success id_request_v1 /  challenge_response_v1 success_response_v1 challenge_response_v1 empty_peap empty_peap after_eap_success no_reply - -]
Mar 31, 2026 9:37:02 AM de.learnlib.logging.LearnLogger logQuery
INFO: DB CACHE [ε | challenge_v1 success_request_with_credentials_v1 challenge_v1 inner_failure inner_success eap_success inner_success inner_failure 4_way_message_1 /  challenge_response_v1 success_response_v1 challenge_response_v1 empty_peap empty_peap after_eap_success no_reply - -]
Mar 31, 2026 9:37:02 AM de.learnlib.logging.LearnLogger logQuery
INFO: DB CACHE [ε | challenge_v1 success_request_with_credentials_v1 challenge_v1 inner_failure inner_success eap_success inner_success inner_success /  challenge_response_v1 success_response_v1 challenge_response_v1 empty_peap empty_peap after_eap_success no_reply -]
Mar 31, 2026 9:37:02 AM de.learnlib.logging.LearnLogger logQuery
INFO: DB CACHE [ε | challenge_v1 success_request_with_credentials_v1 challenge_v1 inner_failure inner_success eap_success inner_success success_request_with_credentials_v1 /  challenge_response_v1 success_response_v1 challenge_response_v1 empty_peap empty_peap after_eap_success no_reply -]
Mar 31, 2026 9:37:02 AM de.learnlib.logging.LearnLogger logQuery
INFO: DB CACHE [ε | challenge_v1 success_request_with_credentials_v1 challenge_v1 inner_failure inner_success eap_success inner_success success_request_all_zeros_v1 /  challenge_response_v1 success_response_v1 challenge_response_v1 empty_peap empty_peap after_eap_success no_reply -]
Mar 31, 2026 9:37:02 AM de.learnlib.logging.LearnLogger logQuery
INFO: DB CACHE [ε | challenge_v1 success_request_with_credentials_v1 challenge_v1 inner_failure inner_success eap_success inner_success challenge_v1 /  challenge_response_v1 success_response_v1 challenge_response_v1 empty_peap empty_peap after_eap_success no_reply -]
Mar 31, 2026 9:37:02 AM de.learnlib.logging.LearnLogger logQuery
INFO: DB CACHE [ε | challenge_v1 success_request_with_credentials_v1 challenge_v1 inner_failure inner_success eap_success inner_success id_request_v1 /  challenge_response_v1 success_response_v1 challenge_response_v1 empty_peap empty_peap after_eap_success no_reply -]
Mar 31, 2026 9:37:02 AM de.learnlib.logging.LearnLogger logQuery
INFO: DB CACHE [ε | challenge_v1 success_request_with_credentials_v1 challenge_v1 inner_failure inner_success eap_success success_request_with_credentials_v1 4_way_message_1 /  challenge_response_v1 success_response_v1 challenge_response_v1 empty_peap empty_peap after_eap_success no_reply -]
Mar 31, 2026 9:37:02 AM de.learnlib.logging.LearnLogger logQuery
INFO: DB CACHE [ε | challenge_v1 success_request_with_credentials_v1 challenge_v1 inner_failure inner_success eap_success success_request_with_credentials_v1 eap_success id_request_v1 /  challenge_response_v1 success_response_v1 challenge_response_v1 empty_peap empty_peap after_eap_success no_reply - -]
Mar 31, 2026 9:37:02 AM de.learnlib.logging.LearnLogger logQuery
INFO: DB CACHE [ε | challenge_v1 success_request_with_credentials_v1 challenge_v1 inner_failure inner_success eap_success success_request_with_credentials_v1 inner_failure 4_way_message_1 /  challenge_response_v1 success_response_v1 challenge_response_v1 empty_peap empty_peap after_eap_success no_reply - -]
Mar 31, 2026 9:37:02 AM de.learnlib.logging.LearnLogger logQuery
INFO: DB CACHE [ε | challenge_v1 success_request_with_credentials_v1 challenge_v1 inner_failure inner_success eap_success success_request_with_credentials_v1 inner_success /  challenge_response_v1 success_response_v1 challenge_response_v1 empty_peap empty_peap after_eap_success no_reply -]
Mar 31, 2026 9:37:02 AM de.learnlib.logging.LearnLogger logQuery
INFO: DB CACHE [ε | challenge_v1 success_request_with_credentials_v1 challenge_v1 inner_failure inner_success eap_success success_request_with_credentials_v1 success_request_with_credentials_v1 /  challenge_response_v1 success_response_v1 challenge_response_v1 empty_peap empty_peap after_eap_success no_reply -]
Mar 31, 2026 9:37:02 AM de.learnlib.logging.LearnLogger logQuery
INFO: DB CACHE [ε | challenge_v1 success_request_with_credentials_v1 challenge_v1 inner_failure inner_success eap_success success_request_with_credentials_v1 success_request_all_zeros_v1 /  challenge_response_v1 success_response_v1 challenge_response_v1 empty_peap empty_peap after_eap_success no_reply -]
Mar 31, 2026 9:37:02 AM de.learnlib.logging.LearnLogger logQuery
INFO: DB CACHE [ε | challenge_v1 success_request_with_credentials_v1 challenge_v1 inner_failure inner_success eap_success success_request_with_credentials_v1 challenge_v1 /  challenge_response_v1 success_response_v1 challenge_response_v1 empty_peap empty_peap after_eap_success no_reply -]
Mar 31, 2026 9:37:02 AM de.learnlib.logging.LearnLogger logQuery
INFO: DB CACHE [ε | challenge_v1 success_request_with_credentials_v1 challenge_v1 inner_failure inner_success eap_success success_request_with_credentials_v1 id_request_v1 /  challenge_response_v1 success_response_v1 challenge_response_v1 empty_peap empty_peap after_eap_success no_reply -]
Mar 31, 2026 9:37:02 AM de.learnlib.logging.LearnLogger logQuery
INFO: DB CACHE [ε | challenge_v1 success_request_with_credentials_v1 challenge_v1 inner_failure inner_success eap_success success_request_all_zeros_v1 4_way_message_1 /  challenge_response_v1 success_response_v1 challenge_response_v1 empty_peap empty_peap after_eap_success no_reply -]
Mar 31, 2026 9:37:02 AM de.learnlib.logging.LearnLogger logQuery
INFO: DB CACHE [ε | challenge_v1 success_request_with_credentials_v1 challenge_v1 inner_failure inner_success eap_success success_request_all_zeros_v1 eap_success id_request_v1 /  challenge_response_v1 success_response_v1 challenge_response_v1 empty_peap empty_peap after_eap_success no_reply - -]
Mar 31, 2026 9:37:02 AM de.learnlib.logging.LearnLogger logQuery
INFO: DB CACHE [ε | challenge_v1 success_request_with_credentials_v1 challenge_v1 inner_failure inner_success eap_success success_request_all_zeros_v1 inner_failure 4_way_message_1 /  challenge_response_v1 success_response_v1 challenge_response_v1 empty_peap empty_peap after_eap_success no_reply - -]
Mar 31, 2026 9:37:02 AM de.learnlib.logging.LearnLogger logQuery
INFO: DB CACHE [ε | challenge_v1 success_request_with_credentials_v1 challenge_v1 inner_failure inner_success eap_success success_request_all_zeros_v1 inner_success /  challenge_response_v1 success_response_v1 challenge_response_v1 empty_peap empty_peap after_eap_success no_reply -]
Mar 31, 2026 9:37:02 AM de.learnlib.logging.LearnLogger logQuery
INFO: DB CACHE [ε | challenge_v1 success_request_with_credentials_v1 challenge_v1 inner_failure inner_success eap_success success_request_all_zeros_v1 success_request_with_credentials_v1 /  challenge_response_v1 success_response_v1 challenge_response_v1 empty_peap empty_peap after_eap_success no_reply -]
Mar 31, 2026 9:37:02 AM de.learnlib.logging.LearnLogger logQuery
INFO: DB CACHE [ε | challenge_v1 success_request_with_credentials_v1 challenge_v1 inner_failure inner_success eap_success success_request_all_zeros_v1 success_request_all_zeros_v1 /  challenge_response_v1 success_response_v1 challenge_response_v1 empty_peap empty_peap after_eap_success no_reply -]
Mar 31, 2026 9:37:02 AM de.learnlib.logging.LearnLogger logQuery
INFO: DB CACHE [ε | challenge_v1 success_request_with_credentials_v1 challenge_v1 inner_failure inner_success eap_success success_request_all_zeros_v1 challenge_v1 /  challenge_response_v1 success_response_v1 challenge_response_v1 empty_peap empty_peap after_eap_success no_reply -]
Mar 31, 2026 9:37:02 AM de.learnlib.logging.LearnLogger logQuery
INFO: DB CACHE [ε | challenge_v1 success_request_with_credentials_v1 challenge_v1 inner_failure inner_success eap_success success_request_all_zeros_v1 id_request_v1 /  challenge_response_v1 success_response_v1 challenge_response_v1 empty_peap empty_peap after_eap_success no_reply -]
Mar 31, 2026 9:37:02 AM de.learnlib.logging.LearnLogger logQuery
INFO: DB CACHE [ε | challenge_v1 success_request_with_credentials_v1 challenge_v1 inner_failure inner_success eap_success challenge_v1 4_way_message_1 /  challenge_response_v1 success_response_v1 challenge_response_v1 empty_peap empty_peap after_eap_success no_reply -]
Mar 31, 2026 9:37:02 AM de.learnlib.logging.LearnLogger logQuery
INFO: DB CACHE [ε | challenge_v1 success_request_with_credentials_v1 challenge_v1 inner_failure inner_success eap_success challenge_v1 eap_success id_request_v1 /  challenge_response_v1 success_response_v1 challenge_response_v1 empty_peap empty_peap after_eap_success no_reply - -]
Mar 31, 2026 9:37:02 AM de.learnlib.logging.LearnLogger logQuery
INFO: DB CACHE [ε | challenge_v1 success_request_with_credentials_v1 challenge_v1 inner_failure inner_success eap_success challenge_v1 inner_failure 4_way_message_1 /  challenge_response_v1 success_response_v1 challenge_response_v1 empty_peap empty_peap after_eap_success no_reply - -]
Mar 31, 2026 9:37:02 AM de.learnlib.logging.LearnLogger logQuery
INFO: DB CACHE [ε | challenge_v1 success_request_with_credentials_v1 challenge_v1 inner_failure inner_success eap_success challenge_v1 inner_success /  challenge_response_v1 success_response_v1 challenge_response_v1 empty_peap empty_peap after_eap_success no_reply -]
Mar 31, 2026 9:37:02 AM de.learnlib.logging.LearnLogger logQuery
INFO: DB CACHE [ε | challenge_v1 success_request_with_credentials_v1 challenge_v1 inner_failure inner_success eap_success challenge_v1 success_request_with_credentials_v1 /  challenge_response_v1 success_response_v1 challenge_response_v1 empty_peap empty_peap after_eap_success no_reply -]
Mar 31, 2026 9:37:02 AM de.learnlib.logging.LearnLogger logQuery
INFO: DB CACHE [ε | challenge_v1 success_request_with_credentials_v1 challenge_v1 inner_failure inner_success eap_success challenge_v1 success_request_all_zeros_v1 /  challenge_response_v1 success_response_v1 challenge_response_v1 empty_peap empty_peap after_eap_success no_reply -]
Mar 31, 2026 9:37:02 AM de.learnlib.logging.LearnLogger logQuery
INFO: DB CACHE [ε | challenge_v1 success_request_with_credentials_v1 challenge_v1 inner_failure inner_success eap_success challenge_v1 challenge_v1 /  challenge_response_v1 success_response_v1 challenge_response_v1 empty_peap empty_peap after_eap_success no_reply -]
Mar 31, 2026 9:37:02 AM de.learnlib.logging.LearnLogger logQuery
INFO: DB CACHE [ε | challenge_v1 success_request_with_credentials_v1 challenge_v1 inner_failure inner_success eap_success challenge_v1 id_request_v1 /  challenge_response_v1 success_response_v1 challenge_response_v1 empty_peap empty_peap after_eap_success no_reply -]
Mar 31, 2026 9:37:02 AM de.learnlib.logging.LearnLogger logQuery
INFO: DISABLED [ε | challenge_v1 success_request_with_credentials_v1 challenge_v1 inner_failure inner_success eap_success id_request_v1 4_way_message_1 4_way_message_1 /  challenge_response_v1 success_response_v1 challenge_response_v1 empty_peap empty_peap after_eap_success no_reply - -]
Mar 31, 2026 9:37:02 AM de.learnlib.logging.LearnLogger logQuery
INFO: DISABLED [ε | challenge_v1 success_request_with_credentials_v1 challenge_v1 inner_failure inner_success eap_success id_request_v1 4_way_message_1 eap_success id_request_v1 /  challenge_response_v1 success_response_v1 challenge_response_v1 empty_peap empty_peap after_eap_success no_reply - - -]
Mar 31, 2026 9:37:02 AM de.learnlib.logging.LearnLogger logQuery
INFO: DISABLED [ε | challenge_v1 success_request_with_credentials_v1 challenge_v1 inner_failure inner_success eap_success id_request_v1 4_way_message_1 inner_failure 4_way_message_1 /  challenge_response_v1 success_response_v1 challenge_response_v1 empty_peap empty_peap after_eap_success no_reply - - -]
Mar 31, 2026 9:37:02 AM de.learnlib.logging.LearnLogger logQuery
INFO: DISABLED [ε | challenge_v1 success_request_with_credentials_v1 challenge_v1 inner_failure inner_success eap_success id_request_v1 4_way_message_1 inner_success /  challenge_response_v1 success_response_v1 challenge_response_v1 empty_peap empty_peap after_eap_success no_reply - -]
Mar 31, 2026 9:37:02 AM de.learnlib.logging.LearnLogger logQuery
INFO: DISABLED [ε | challenge_v1 success_request_with_credentials_v1 challenge_v1 inner_failure inner_success eap_success id_request_v1 4_way_message_1 success_request_with_credentials_v1 /  challenge_response_v1 success_response_v1 challenge_response_v1 empty_peap empty_peap after_eap_success no_reply - -]
Mar 31, 2026 9:37:02 AM de.learnlib.logging.LearnLogger logQuery
INFO: DISABLED [ε | challenge_v1 success_request_with_credentials_v1 challenge_v1 inner_failure inner_success eap_success id_request_v1 4_way_message_1 success_request_all_zeros_v1 /  challenge_response_v1 success_response_v1 challenge_response_v1 empty_peap empty_peap after_eap_success no_reply - -]
Mar 31, 2026 9:37:02 AM de.learnlib.logging.LearnLogger logQuery
INFO: DISABLED [ε | challenge_v1 success_request_with_credentials_v1 challenge_v1 inner_failure inner_success eap_success id_request_v1 4_way_message_1 challenge_v1 /  challenge_response_v1 success_response_v1 challenge_response_v1 empty_peap empty_peap after_eap_success no_reply - -]
Mar 31, 2026 9:37:02 AM de.learnlib.logging.LearnLogger logQuery
INFO: DISABLED [ε | challenge_v1 success_request_with_credentials_v1 challenge_v1 inner_failure inner_success eap_success id_request_v1 4_way_message_1 id_request_v1 /  challenge_response_v1 success_response_v1 challenge_response_v1 empty_peap empty_peap after_eap_success no_reply - -]
Mar 31, 2026 9:37:02 AM de.learnlib.logging.LearnLogger logQuery
INFO: DISABLED [ε | challenge_v1 success_request_with_credentials_v1 challenge_v1 inner_failure inner_success eap_success id_request_v1 eap_success 4_way_message_1 /  challenge_response_v1 success_response_v1 challenge_response_v1 empty_peap empty_peap after_eap_success no_reply - -]
Mar 31, 2026 9:37:02 AM de.learnlib.logging.LearnLogger logQuery
INFO: DISABLED [ε | challenge_v1 success_request_with_credentials_v1 challenge_v1 inner_failure inner_success eap_success id_request_v1 eap_success eap_success id_request_v1 /  challenge_response_v1 success_response_v1 challenge_response_v1 empty_peap empty_peap after_eap_success no_reply - - -]
Mar 31, 2026 9:37:02 AM de.learnlib.logging.LearnLogger logQuery
INFO: DISABLED [ε | challenge_v1 success_request_with_credentials_v1 challenge_v1 inner_failure inner_success eap_success id_request_v1 eap_success inner_failure 4_way_message_1 /  challenge_response_v1 success_response_v1 challenge_response_v1 empty_peap empty_peap after_eap_success no_reply - - -]
Mar 31, 2026 9:37:02 AM de.learnlib.logging.LearnLogger logQuery
INFO: DISABLED [ε | challenge_v1 success_request_with_credentials_v1 challenge_v1 inner_failure inner_success eap_success id_request_v1 eap_success inner_success /  challenge_response_v1 success_response_v1 challenge_response_v1 empty_peap empty_peap after_eap_success no_reply - -]
Mar 31, 2026 9:37:02 AM de.learnlib.logging.LearnLogger logQuery
INFO: DISABLED [ε | challenge_v1 success_request_with_credentials_v1 challenge_v1 inner_failure inner_success eap_success id_request_v1 eap_success success_request_with_credentials_v1 /  challenge_response_v1 success_response_v1 challenge_response_v1 empty_peap empty_peap after_eap_success no_reply - -]
Mar 31, 2026 9:37:02 AM de.learnlib.logging.LearnLogger logQuery
INFO: DISABLED [ε | challenge_v1 success_request_with_credentials_v1 challenge_v1 inner_failure inner_success eap_success id_request_v1 eap_success success_request_all_zeros_v1 /  challenge_response_v1 success_response_v1 challenge_response_v1 empty_peap empty_peap after_eap_success no_reply - -]
Mar 31, 2026 9:37:02 AM de.learnlib.logging.LearnLogger logQuery
INFO: DISABLED [ε | challenge_v1 success_request_with_credentials_v1 challenge_v1 inner_failure inner_success eap_success id_request_v1 eap_success challenge_v1 /  challenge_response_v1 success_response_v1 challenge_response_v1 empty_peap empty_peap after_eap_success no_reply - -]
Mar 31, 2026 9:37:02 AM de.learnlib.logging.LearnLogger logQuery
INFO: DISABLED [ε | challenge_v1 success_request_with_credentials_v1 challenge_v1 inner_failure inner_success eap_success id_request_v1 eap_success id_request_v1 /  challenge_response_v1 success_response_v1 challenge_response_v1 empty_peap empty_peap after_eap_success no_reply - -]
Mar 31, 2026 9:37:02 AM de.learnlib.logging.LearnLogger logQuery
INFO: DISABLED [ε | challenge_v1 success_request_with_credentials_v1 challenge_v1 inner_failure inner_success eap_success id_request_v1 inner_failure 4_way_message_1 /  challenge_response_v1 success_response_v1 challenge_response_v1 empty_peap empty_peap after_eap_success no_reply - -]
Mar 31, 2026 9:37:02 AM de.learnlib.logging.LearnLogger logQuery
INFO: DISABLED [ε | challenge_v1 success_request_with_credentials_v1 challenge_v1 inner_failure inner_success eap_success id_request_v1 inner_failure eap_success id_request_v1 /  challenge_response_v1 success_response_v1 challenge_response_v1 empty_peap empty_peap after_eap_success no_reply - - -]
Mar 31, 2026 9:37:02 AM de.learnlib.logging.LearnLogger logQuery
INFO: DISABLED [ε | challenge_v1 success_request_with_credentials_v1 challenge_v1 inner_failure inner_success eap_success id_request_v1 inner_failure inner_failure 4_way_message_1 /  challenge_response_v1 success_response_v1 challenge_response_v1 empty_peap empty_peap after_eap_success no_reply - - -]
Mar 31, 2026 9:37:02 AM de.learnlib.logging.LearnLogger logQuery
INFO: DISABLED [ε | challenge_v1 success_request_with_credentials_v1 challenge_v1 inner_failure inner_success eap_success id_request_v1 inner_failure inner_success /  challenge_response_v1 success_response_v1 challenge_response_v1 empty_peap empty_peap after_eap_success no_reply - -]
Mar 31, 2026 9:37:02 AM de.learnlib.logging.LearnLogger logQuery
INFO: DISABLED [ε | challenge_v1 success_request_with_credentials_v1 challenge_v1 inner_failure inner_success eap_success id_request_v1 inner_failure success_request_with_credentials_v1 /  challenge_response_v1 success_response_v1 challenge_response_v1 empty_peap empty_peap after_eap_success no_reply - -]
Mar 31, 2026 9:37:02 AM de.learnlib.logging.LearnLogger logQuery
INFO: DISABLED [ε | challenge_v1 success_request_with_credentials_v1 challenge_v1 inner_failure inner_success eap_success id_request_v1 inner_failure success_request_all_zeros_v1 /  challenge_response_v1 success_response_v1 challenge_response_v1 empty_peap empty_peap after_eap_success no_reply - -]
Mar 31, 2026 9:37:02 AM de.learnlib.logging.LearnLogger logQuery
INFO: DISABLED [ε | challenge_v1 success_request_with_credentials_v1 challenge_v1 inner_failure inner_success eap_success id_request_v1 inner_failure challenge_v1 /  challenge_response_v1 success_response_v1 challenge_response_v1 empty_peap empty_peap after_eap_success no_reply - -]
Mar 31, 2026 9:37:02 AM de.learnlib.logging.LearnLogger logQuery
INFO: DISABLED [ε | challenge_v1 success_request_with_credentials_v1 challenge_v1 inner_failure inner_success eap_success id_request_v1 inner_failure id_request_v1 /  challenge_response_v1 success_response_v1 challenge_response_v1 empty_peap empty_peap after_eap_success no_reply - -]
Mar 31, 2026 9:37:02 AM de.learnlib.logging.LearnLogger logQuery
INFO: DISABLED [ε | challenge_v1 success_request_with_credentials_v1 challenge_v1 inner_failure inner_success eap_success id_request_v1 inner_success 4_way_message_1 /  challenge_response_v1 success_response_v1 challenge_response_v1 empty_peap empty_peap after_eap_success no_reply - -]
Mar 31, 2026 9:37:02 AM de.learnlib.logging.LearnLogger logQuery
INFO: DISABLED [ε | challenge_v1 success_request_with_credentials_v1 challenge_v1 inner_failure inner_success eap_success id_request_v1 inner_success eap_success id_request_v1 /  challenge_response_v1 success_response_v1 challenge_response_v1 empty_peap empty_peap after_eap_success no_reply - - -]
Mar 31, 2026 9:37:02 AM de.learnlib.logging.LearnLogger logQuery
INFO: DISABLED [ε | challenge_v1 success_request_with_credentials_v1 challenge_v1 inner_failure inner_success eap_success id_request_v1 inner_success inner_failure 4_way_message_1 /  challenge_response_v1 success_response_v1 challenge_response_v1 empty_peap empty_peap after_eap_success no_reply - - -]
Mar 31, 2026 9:37:02 AM de.learnlib.logging.LearnLogger logQuery
INFO: DISABLED [ε | challenge_v1 success_request_with_credentials_v1 challenge_v1 inner_failure inner_success eap_success id_request_v1 inner_success inner_success /  challenge_response_v1 success_response_v1 challenge_response_v1 empty_peap empty_peap after_eap_success no_reply - -]
Mar 31, 2026 9:37:02 AM de.learnlib.logging.LearnLogger logQuery
INFO: DISABLED [ε | challenge_v1 success_request_with_credentials_v1 challenge_v1 inner_failure inner_success eap_success id_request_v1 inner_success success_request_with_credentials_v1 /  challenge_response_v1 success_response_v1 challenge_response_v1 empty_peap empty_peap after_eap_success no_reply - -]
Mar 31, 2026 9:37:02 AM de.learnlib.logging.LearnLogger logQuery
INFO: DISABLED [ε | challenge_v1 success_request_with_credentials_v1 challenge_v1 inner_failure inner_success eap_success id_request_v1 inner_success success_request_all_zeros_v1 /  challenge_response_v1 success_response_v1 challenge_response_v1 empty_peap empty_peap after_eap_success no_reply - -]
Mar 31, 2026 9:37:02 AM de.learnlib.logging.LearnLogger logQuery
INFO: DISABLED [ε | challenge_v1 success_request_with_credentials_v1 challenge_v1 inner_failure inner_success eap_success id_request_v1 inner_success challenge_v1 /  challenge_response_v1 success_response_v1 challenge_response_v1 empty_peap empty_peap after_eap_success no_reply - -]
Mar 31, 2026 9:37:02 AM de.learnlib.logging.LearnLogger logQuery
INFO: DISABLED [ε | challenge_v1 success_request_with_credentials_v1 challenge_v1 inner_failure inner_success eap_success id_request_v1 inner_success id_request_v1 /  challenge_response_v1 success_response_v1 challenge_response_v1 empty_peap empty_peap after_eap_success no_reply - -]
Mar 31, 2026 9:37:02 AM de.learnlib.logging.LearnLogger logQuery
INFO: DISABLED [ε | challenge_v1 success_request_with_credentials_v1 challenge_v1 inner_failure inner_success eap_success id_request_v1 success_request_with_credentials_v1 4_way_message_1 /  challenge_response_v1 success_response_v1 challenge_response_v1 empty_peap empty_peap after_eap_success no_reply - -]
Mar 31, 2026 9:37:02 AM de.learnlib.logging.LearnLogger logQuery
INFO: DISABLED [ε | challenge_v1 success_request_with_credentials_v1 challenge_v1 inner_failure inner_success eap_success id_request_v1 success_request_with_credentials_v1 eap_success id_request_v1 /  challenge_response_v1 success_response_v1 challenge_response_v1 empty_peap empty_peap after_eap_success no_reply - - -]
Mar 31, 2026 9:37:02 AM de.learnlib.logging.LearnLogger logQuery
INFO: DISABLED [ε | challenge_v1 success_request_with_credentials_v1 challenge_v1 inner_failure inner_success eap_success id_request_v1 success_request_with_credentials_v1 inner_failure 4_way_message_1 /  challenge_response_v1 success_response_v1 challenge_response_v1 empty_peap empty_peap after_eap_success no_reply - - -]
Mar 31, 2026 9:37:02 AM de.learnlib.logging.LearnLogger logQuery
INFO: DISABLED [ε | challenge_v1 success_request_with_credentials_v1 challenge_v1 inner_failure inner_success eap_success id_request_v1 success_request_with_credentials_v1 inner_success /  challenge_response_v1 success_response_v1 challenge_response_v1 empty_peap empty_peap after_eap_success no_reply - -]
Mar 31, 2026 9:37:02 AM de.learnlib.logging.LearnLogger logQuery
INFO: DISABLED [ε | challenge_v1 success_request_with_credentials_v1 challenge_v1 inner_failure inner_success eap_success id_request_v1 success_request_with_credentials_v1 success_request_with_credentials_v1 /  challenge_response_v1 success_response_v1 challenge_response_v1 empty_peap empty_peap after_eap_success no_reply - -]
Mar 31, 2026 9:37:02 AM de.learnlib.logging.LearnLogger logQuery
INFO: DISABLED [ε | challenge_v1 success_request_with_credentials_v1 challenge_v1 inner_failure inner_success eap_success id_request_v1 success_request_with_credentials_v1 success_request_all_zeros_v1 /  challenge_response_v1 success_response_v1 challenge_response_v1 empty_peap empty_peap after_eap_success no_reply - -]
Mar 31, 2026 9:37:02 AM de.learnlib.logging.LearnLogger logQuery
INFO: DISABLED [ε | challenge_v1 success_request_with_credentials_v1 challenge_v1 inner_failure inner_success eap_success id_request_v1 success_request_with_credentials_v1 challenge_v1 /  challenge_response_v1 success_response_v1 challenge_response_v1 empty_peap empty_peap after_eap_success no_reply - -]
Mar 31, 2026 9:37:02 AM de.learnlib.logging.LearnLogger logQuery
INFO: DISABLED [ε | challenge_v1 success_request_with_credentials_v1 challenge_v1 inner_failure inner_success eap_success id_request_v1 success_request_with_credentials_v1 id_request_v1 /  challenge_response_v1 success_response_v1 challenge_response_v1 empty_peap empty_peap after_eap_success no_reply - -]
Mar 31, 2026 9:37:02 AM de.learnlib.logging.LearnLogger logQuery
INFO: DISABLED [ε | challenge_v1 success_request_with_credentials_v1 challenge_v1 inner_failure inner_success eap_success id_request_v1 success_request_all_zeros_v1 4_way_message_1 /  challenge_response_v1 success_response_v1 challenge_response_v1 empty_peap empty_peap after_eap_success no_reply - -]
Mar 31, 2026 9:37:02 AM de.learnlib.logging.LearnLogger logQuery
INFO: DISABLED [ε | challenge_v1 success_request_with_credentials_v1 challenge_v1 inner_failure inner_success eap_success id_request_v1 success_request_all_zeros_v1 eap_success id_request_v1 /  challenge_response_v1 success_response_v1 challenge_response_v1 empty_peap empty_peap after_eap_success no_reply - - -]
Mar 31, 2026 9:37:02 AM de.learnlib.logging.LearnLogger logQuery
INFO: DISABLED [ε | challenge_v1 success_request_with_credentials_v1 challenge_v1 inner_failure inner_success eap_success id_request_v1 success_request_all_zeros_v1 inner_failure 4_way_message_1 /  challenge_response_v1 success_response_v1 challenge_response_v1 empty_peap empty_peap after_eap_success no_reply - - -]
Mar 31, 2026 9:37:02 AM de.learnlib.logging.LearnLogger logQuery
INFO: DISABLED [ε | challenge_v1 success_request_with_credentials_v1 challenge_v1 inner_failure inner_success eap_success id_request_v1 success_request_all_zeros_v1 inner_success /  challenge_response_v1 success_response_v1 challenge_response_v1 empty_peap empty_peap after_eap_success no_reply - -]
Mar 31, 2026 9:37:02 AM de.learnlib.logging.LearnLogger logQuery
INFO: DISABLED [ε | challenge_v1 success_request_with_credentials_v1 challenge_v1 inner_failure inner_success eap_success id_request_v1 success_request_all_zeros_v1 success_request_with_credentials_v1 /  challenge_response_v1 success_response_v1 challenge_response_v1 empty_peap empty_peap after_eap_success no_reply - -]
Mar 31, 2026 9:37:02 AM de.learnlib.logging.LearnLogger logQuery
INFO: DISABLED [ε | challenge_v1 success_request_with_credentials_v1 challenge_v1 inner_failure inner_success eap_success id_request_v1 success_request_all_zeros_v1 success_request_all_zeros_v1 /  challenge_response_v1 success_response_v1 challenge_response_v1 empty_peap empty_peap after_eap_success no_reply - -]
Mar 31, 2026 9:37:02 AM de.learnlib.logging.LearnLogger logQuery
INFO: DISABLED [ε | challenge_v1 success_request_with_credentials_v1 challenge_v1 inner_failure inner_success eap_success id_request_v1 success_request_all_zeros_v1 challenge_v1 /  challenge_response_v1 success_response_v1 challenge_response_v1 empty_peap empty_peap after_eap_success no_reply - -]
Mar 31, 2026 9:37:02 AM de.learnlib.logging.LearnLogger logQuery
INFO: DISABLED [ε | challenge_v1 success_request_with_credentials_v1 challenge_v1 inner_failure inner_success eap_success id_request_v1 success_request_all_zeros_v1 id_request_v1 /  challenge_response_v1 success_response_v1 challenge_response_v1 empty_peap empty_peap after_eap_success no_reply - -]
Mar 31, 2026 9:37:02 AM de.learnlib.logging.LearnLogger logQuery
INFO: DISABLED [ε | challenge_v1 success_request_with_credentials_v1 challenge_v1 inner_failure inner_success eap_success id_request_v1 challenge_v1 4_way_message_1 /  challenge_response_v1 success_response_v1 challenge_response_v1 empty_peap empty_peap after_eap_success no_reply - -]
Mar 31, 2026 9:37:02 AM de.learnlib.logging.LearnLogger logQuery
INFO: DISABLED [ε | challenge_v1 success_request_with_credentials_v1 challenge_v1 inner_failure inner_success eap_success id_request_v1 challenge_v1 eap_success id_request_v1 /  challenge_response_v1 success_response_v1 challenge_response_v1 empty_peap empty_peap after_eap_success no_reply - - -]
Mar 31, 2026 9:37:02 AM de.learnlib.logging.LearnLogger logQuery
INFO: DISABLED [ε | challenge_v1 success_request_with_credentials_v1 challenge_v1 inner_failure inner_success eap_success id_request_v1 challenge_v1 inner_failure 4_way_message_1 /  challenge_response_v1 success_response_v1 challenge_response_v1 empty_peap empty_peap after_eap_success no_reply - - -]
Mar 31, 2026 9:37:02 AM de.learnlib.logging.LearnLogger logQuery
INFO: DISABLED [ε | challenge_v1 success_request_with_credentials_v1 challenge_v1 inner_failure inner_success eap_success id_request_v1 challenge_v1 inner_success /  challenge_response_v1 success_response_v1 challenge_response_v1 empty_peap empty_peap after_eap_success no_reply - -]
Mar 31, 2026 9:37:02 AM de.learnlib.logging.LearnLogger logQuery
INFO: DISABLED [ε | challenge_v1 success_request_with_credentials_v1 challenge_v1 inner_failure inner_success eap_success id_request_v1 challenge_v1 success_request_with_credentials_v1 /  challenge_response_v1 success_response_v1 challenge_response_v1 empty_peap empty_peap after_eap_success no_reply - -]
Mar 31, 2026 9:37:02 AM de.learnlib.logging.LearnLogger logQuery
INFO: DISABLED [ε | challenge_v1 success_request_with_credentials_v1 challenge_v1 inner_failure inner_success eap_success id_request_v1 challenge_v1 success_request_all_zeros_v1 /  challenge_response_v1 success_response_v1 challenge_response_v1 empty_peap empty_peap after_eap_success no_reply - -]
Mar 31, 2026 9:37:02 AM de.learnlib.logging.LearnLogger logQuery
INFO: DISABLED [ε | challenge_v1 success_request_with_credentials_v1 challenge_v1 inner_failure inner_success eap_success id_request_v1 challenge_v1 challenge_v1 /  challenge_response_v1 success_response_v1 challenge_response_v1 empty_peap empty_peap after_eap_success no_reply - -]
Mar 31, 2026 9:37:02 AM de.learnlib.logging.LearnLogger logQuery
INFO: DISABLED [ε | challenge_v1 success_request_with_credentials_v1 challenge_v1 inner_failure inner_success eap_success id_request_v1 challenge_v1 id_request_v1 /  challenge_response_v1 success_response_v1 challenge_response_v1 empty_peap empty_peap after_eap_success no_reply - -]
Mar 31, 2026 9:37:02 AM de.learnlib.logging.LearnLogger logQuery
INFO: DISABLED [ε | challenge_v1 success_request_with_credentials_v1 challenge_v1 inner_failure inner_success eap_success id_request_v1 id_request_v1 4_way_message_1 /  challenge_response_v1 success_response_v1 challenge_response_v1 empty_peap empty_peap after_eap_success no_reply - -]
Mar 31, 2026 9:37:02 AM de.learnlib.logging.LearnLogger logQuery
INFO: DISABLED [ε | challenge_v1 success_request_with_credentials_v1 challenge_v1 inner_failure inner_success eap_success id_request_v1 id_request_v1 eap_success id_request_v1 /  challenge_response_v1 success_response_v1 challenge_response_v1 empty_peap empty_peap after_eap_success no_reply - - -]
Mar 31, 2026 9:37:02 AM de.learnlib.logging.LearnLogger logQuery
INFO: DISABLED [ε | challenge_v1 success_request_with_credentials_v1 challenge_v1 inner_failure inner_success eap_success id_request_v1 id_request_v1 inner_failure 4_way_message_1 /  challenge_response_v1 success_response_v1 challenge_response_v1 empty_peap empty_peap after_eap_success no_reply - - -]
Mar 31, 2026 9:37:02 AM de.learnlib.logging.LearnLogger logQuery
INFO: DISABLED [ε | challenge_v1 success_request_with_credentials_v1 challenge_v1 inner_failure inner_success eap_success id_request_v1 id_request_v1 inner_success /  challenge_response_v1 success_response_v1 challenge_response_v1 empty_peap empty_peap after_eap_success no_reply - -]
Mar 31, 2026 9:37:02 AM de.learnlib.logging.LearnLogger logQuery
INFO: DISABLED [ε | challenge_v1 success_request_with_credentials_v1 challenge_v1 inner_failure inner_success eap_success id_request_v1 id_request_v1 success_request_with_credentials_v1 /  challenge_response_v1 success_response_v1 challenge_response_v1 empty_peap empty_peap after_eap_success no_reply - -]
Mar 31, 2026 9:37:02 AM de.learnlib.logging.LearnLogger logQuery
INFO: DISABLED [ε | challenge_v1 success_request_with_credentials_v1 challenge_v1 inner_failure inner_success eap_success id_request_v1 id_request_v1 success_request_all_zeros_v1 /  challenge_response_v1 success_response_v1 challenge_response_v1 empty_peap empty_peap after_eap_success no_reply - -]
Mar 31, 2026 9:37:02 AM de.learnlib.logging.LearnLogger logQuery
INFO: DISABLED [ε | challenge_v1 success_request_with_credentials_v1 challenge_v1 inner_failure inner_success eap_success id_request_v1 id_request_v1 challenge_v1 /  challenge_response_v1 success_response_v1 challenge_response_v1 empty_peap empty_peap after_eap_success no_reply - -]
Mar 31, 2026 9:37:02 AM de.learnlib.logging.LearnLogger logQuery
INFO: DISABLED [ε | challenge_v1 success_request_with_credentials_v1 challenge_v1 inner_failure inner_success eap_success id_request_v1 id_request_v1 id_request_v1 /  challenge_response_v1 success_response_v1 challenge_response_v1 empty_peap empty_peap after_eap_success no_reply - -]
Mar 31, 2026 9:37:02 AM de.learnlib.logging.LearnLogger logQuery
INFO: DB CACHE [ε | challenge_v1 success_request_with_credentials_v1 challenge_v1 inner_failure inner_success inner_failure 4_way_message_1 /  challenge_response_v1 success_response_v1 challenge_response_v1 empty_peap empty_peap empty_peap 4_way_message_2]
Mar 31, 2026 9:37:02 AM de.learnlib.logging.LearnLogger logQuery
INFO: DB CACHE [ε | challenge_v1 success_request_with_credentials_v1 challenge_v1 inner_failure inner_success inner_failure eap_success id_request_v1 /  challenge_response_v1 success_response_v1 challenge_response_v1 empty_peap empty_peap empty_peap after_eap_success no_reply]
Mar 31, 2026 9:37:02 AM de.learnlib.logging.LearnLogger logQuery
INFO: DB CACHE [ε | challenge_v1 success_request_with_credentials_v1 challenge_v1 inner_failure inner_success inner_failure inner_failure 4_way_message_1 /  challenge_response_v1 success_response_v1 challenge_response_v1 empty_peap empty_peap empty_peap empty_peap 4_way_message_2]
Mar 31, 2026 9:37:02 AM de.learnlib.logging.LearnLogger logQuery
INFO: DB CACHE [ε | challenge_v1 success_request_with_credentials_v1 challenge_v1 inner_failure inner_success inner_failure inner_success /  challenge_response_v1 success_response_v1 challenge_response_v1 empty_peap empty_peap empty_peap empty_peap]
Mar 31, 2026 9:37:02 AM de.learnlib.logging.LearnLogger logQuery
INFO: DB CACHE [ε | challenge_v1 success_request_with_credentials_v1 challenge_v1 inner_failure inner_success inner_failure success_request_with_credentials_v1 /  challenge_response_v1 success_response_v1 challenge_response_v1 empty_peap empty_peap empty_peap success_response_v1]
Mar 31, 2026 9:37:02 AM de.learnlib.logging.LearnLogger logQuery
INFO: DB CACHE [ε | challenge_v1 success_request_with_credentials_v1 challenge_v1 inner_failure inner_success inner_failure success_request_all_zeros_v1 /  challenge_response_v1 success_response_v1 challenge_response_v1 empty_peap empty_peap empty_peap no_reply]
Mar 31, 2026 9:37:02 AM de.learnlib.logging.LearnLogger logQuery
INFO: DB CACHE [ε | challenge_v1 success_request_with_credentials_v1 challenge_v1 inner_failure inner_success inner_failure challenge_v1 /  challenge_response_v1 success_response_v1 challenge_response_v1 empty_peap empty_peap empty_peap challenge_response_v1]
Mar 31, 2026 9:37:02 AM de.learnlib.logging.LearnLogger logQuery
INFO: DB CACHE [ε | challenge_v1 success_request_with_credentials_v1 challenge_v1 inner_failure inner_success inner_failure id_request_v1 /  challenge_response_v1 success_response_v1 challenge_response_v1 empty_peap empty_peap empty_peap id_response_v1]
Mar 31, 2026 9:37:02 AM de.learnlib.logging.LearnLogger logQuery
INFO: DB CACHE [ε | challenge_v1 success_request_with_credentials_v1 challenge_v1 inner_failure inner_success inner_success 4_way_message_1 /  challenge_response_v1 success_response_v1 challenge_response_v1 empty_peap empty_peap empty_peap 4_way_message_2]
Mar 31, 2026 9:37:02 AM de.learnlib.logging.LearnLogger logQuery
INFO: DB CACHE [ε | challenge_v1 success_request_with_credentials_v1 challenge_v1 inner_failure inner_success inner_success eap_success id_request_v1 /  challenge_response_v1 success_response_v1 challenge_response_v1 empty_peap empty_peap empty_peap after_eap_success no_reply]
Mar 31, 2026 9:37:02 AM de.learnlib.logging.LearnLogger logQuery
INFO: DB CACHE [ε | challenge_v1 success_request_with_credentials_v1 challenge_v1 inner_failure inner_success inner_success inner_failure 4_way_message_1 /  challenge_response_v1 success_response_v1 challenge_response_v1 empty_peap empty_peap empty_peap empty_peap 4_way_message_2]
Mar 31, 2026 9:37:02 AM de.learnlib.logging.LearnLogger logQuery
INFO: DB CACHE [ε | challenge_v1 success_request_with_credentials_v1 challenge_v1 inner_failure inner_success inner_success inner_success /  challenge_response_v1 success_response_v1 challenge_response_v1 empty_peap empty_peap empty_peap empty_peap]
Mar 31, 2026 9:37:02 AM de.learnlib.logging.LearnLogger logQuery
INFO: DB CACHE [ε | challenge_v1 success_request_with_credentials_v1 challenge_v1 inner_failure inner_success inner_success success_request_with_credentials_v1 /  challenge_response_v1 success_response_v1 challenge_response_v1 empty_peap empty_peap empty_peap success_response_v1]
Mar 31, 2026 9:37:02 AM de.learnlib.logging.LearnLogger logQuery
INFO: DB CACHE [ε | challenge_v1 success_request_with_credentials_v1 challenge_v1 inner_failure inner_success inner_success success_request_all_zeros_v1 /  challenge_response_v1 success_response_v1 challenge_response_v1 empty_peap empty_peap empty_peap no_reply]
Mar 31, 2026 9:37:02 AM de.learnlib.logging.LearnLogger logQuery
INFO: DB CACHE [ε | challenge_v1 success_request_with_credentials_v1 challenge_v1 inner_failure inner_success inner_success challenge_v1 /  challenge_response_v1 success_response_v1 challenge_response_v1 empty_peap empty_peap empty_peap challenge_response_v1]
Mar 31, 2026 9:37:02 AM de.learnlib.logging.LearnLogger logQuery
INFO: DB CACHE [ε | challenge_v1 success_request_with_credentials_v1 challenge_v1 inner_failure inner_success inner_success id_request_v1 /  challenge_response_v1 success_response_v1 challenge_response_v1 empty_peap empty_peap empty_peap id_response_v1]
Mar 31, 2026 9:37:02 AM de.learnlib.logging.LearnLogger logQuery
INFO: DB CACHE [ε | challenge_v1 success_request_with_credentials_v1 challenge_v1 inner_failure inner_success success_request_with_credentials_v1 4_way_message_1 /  challenge_response_v1 success_response_v1 challenge_response_v1 empty_peap empty_peap success_response_v1 4_way_message_2]
Mar 31, 2026 9:37:02 AM de.learnlib.logging.LearnLogger logQuery
INFO: DB CACHE [ε | challenge_v1 success_request_with_credentials_v1 challenge_v1 inner_failure inner_success success_request_with_credentials_v1 eap_success id_request_v1 /  challenge_response_v1 success_response_v1 challenge_response_v1 empty_peap empty_peap success_response_v1 after_eap_success id_response_v1]
Mar 31, 2026 9:37:02 AM de.learnlib.logging.LearnLogger logQuery
INFO: DB CACHE [ε | challenge_v1 success_request_with_credentials_v1 challenge_v1 inner_failure inner_success success_request_with_credentials_v1 inner_failure 4_way_message_1 /  challenge_response_v1 success_response_v1 challenge_response_v1 empty_peap empty_peap success_response_v1 empty_peap 4_way_message_2]
Mar 31, 2026 9:37:02 AM de.learnlib.logging.LearnLogger logQuery
INFO: DB CACHE [ε | challenge_v1 success_request_with_credentials_v1 challenge_v1 inner_failure inner_success success_request_with_credentials_v1 inner_success /  challenge_response_v1 success_response_v1 challenge_response_v1 empty_peap empty_peap success_response_v1 empty_peap]
Mar 31, 2026 9:37:02 AM de.learnlib.logging.LearnLogger logQuery
INFO: DB CACHE [ε | challenge_v1 success_request_with_credentials_v1 challenge_v1 inner_failure inner_success success_request_with_credentials_v1 success_request_with_credentials_v1 /  challenge_response_v1 success_response_v1 challenge_response_v1 empty_peap empty_peap success_response_v1 success_response_v1]
Mar 31, 2026 9:37:02 AM de.learnlib.logging.LearnLogger logQuery
INFO: DB CACHE [ε | challenge_v1 success_request_with_credentials_v1 challenge_v1 inner_failure inner_success success_request_with_credentials_v1 success_request_all_zeros_v1 /  challenge_response_v1 success_response_v1 challenge_response_v1 empty_peap empty_peap success_response_v1 no_reply]
Mar 31, 2026 9:37:02 AM de.learnlib.logging.LearnLogger logQuery
INFO: DB CACHE [ε | challenge_v1 success_request_with_credentials_v1 challenge_v1 inner_failure inner_success success_request_with_credentials_v1 challenge_v1 /  challenge_response_v1 success_response_v1 challenge_response_v1 empty_peap empty_peap success_response_v1 challenge_response_v1]
Mar 31, 2026 9:37:02 AM de.learnlib.logging.LearnLogger logQuery
INFO: DB CACHE [ε | challenge_v1 success_request_with_credentials_v1 challenge_v1 inner_failure inner_success success_request_with_credentials_v1 id_request_v1 /  challenge_response_v1 success_response_v1 challenge_response_v1 empty_peap empty_peap success_response_v1 id_response_v1]
Mar 31, 2026 9:37:02 AM de.learnlib.logging.LearnLogger logQuery
INFO: DB CACHE [ε | challenge_v1 success_request_with_credentials_v1 challenge_v1 inner_failure inner_success success_request_all_zeros_v1 4_way_message_1 /  challenge_response_v1 success_response_v1 challenge_response_v1 empty_peap empty_peap no_reply -]
Mar 31, 2026 9:37:02 AM de.learnlib.logging.LearnLogger logQuery
INFO: DB CACHE [ε | challenge_v1 success_request_with_credentials_v1 challenge_v1 inner_failure inner_success success_request_all_zeros_v1 eap_success id_request_v1 /  challenge_response_v1 success_response_v1 challenge_response_v1 empty_peap empty_peap no_reply - -]
Mar 31, 2026 9:37:02 AM de.learnlib.logging.LearnLogger logQuery
INFO: DB CACHE [ε | challenge_v1 success_request_with_credentials_v1 challenge_v1 inner_failure inner_success success_request_all_zeros_v1 inner_failure 4_way_message_1 /  challenge_response_v1 success_response_v1 challenge_response_v1 empty_peap empty_peap no_reply - -]
Mar 31, 2026 9:37:02 AM de.learnlib.logging.LearnLogger logQuery
INFO: DB CACHE [ε | challenge_v1 success_request_with_credentials_v1 challenge_v1 inner_failure inner_success success_request_all_zeros_v1 inner_success /  challenge_response_v1 success_response_v1 challenge_response_v1 empty_peap empty_peap no_reply -]
Mar 31, 2026 9:37:02 AM de.learnlib.logging.LearnLogger logQuery
INFO: DB CACHE [ε | challenge_v1 success_request_with_credentials_v1 challenge_v1 inner_failure inner_success success_request_all_zeros_v1 success_request_with_credentials_v1 /  challenge_response_v1 success_response_v1 challenge_response_v1 empty_peap empty_peap no_reply -]
Mar 31, 2026 9:37:02 AM de.learnlib.logging.LearnLogger logQuery
INFO: DB CACHE [ε | challenge_v1 success_request_with_credentials_v1 challenge_v1 inner_failure inner_success success_request_all_zeros_v1 success_request_all_zeros_v1 /  challenge_response_v1 success_response_v1 challenge_response_v1 empty_peap empty_peap no_reply -]
Mar 31, 2026 9:37:02 AM de.learnlib.logging.LearnLogger logQuery
INFO: DB CACHE [ε | challenge_v1 success_request_with_credentials_v1 challenge_v1 inner_failure inner_success success_request_all_zeros_v1 challenge_v1 /  challenge_response_v1 success_response_v1 challenge_response_v1 empty_peap empty_peap no_reply -]
Mar 31, 2026 9:37:02 AM de.learnlib.logging.LearnLogger logQuery
INFO: DB CACHE [ε | challenge_v1 success_request_with_credentials_v1 challenge_v1 inner_failure inner_success success_request_all_zeros_v1 id_request_v1 /  challenge_response_v1 success_response_v1 challenge_response_v1 empty_peap empty_peap no_reply -]
Mar 31, 2026 9:37:02 AM de.learnlib.logging.LearnLogger logQuery
INFO: DB CACHE [ε | challenge_v1 success_request_with_credentials_v1 challenge_v1 inner_failure inner_success challenge_v1 4_way_message_1 /  challenge_response_v1 success_response_v1 challenge_response_v1 empty_peap empty_peap challenge_response_v1 4_way_message_2]
Mar 31, 2026 9:37:02 AM de.learnlib.logging.LearnLogger logQuery
INFO: DB CACHE [ε | challenge_v1 success_request_with_credentials_v1 challenge_v1 inner_failure inner_success challenge_v1 eap_success id_request_v1 /  challenge_response_v1 success_response_v1 challenge_response_v1 empty_peap empty_peap challenge_response_v1 after_eap_success no_reply]
Mar 31, 2026 9:37:02 AM de.learnlib.logging.LearnLogger logQuery
INFO: DB CACHE [ε | challenge_v1 success_request_with_credentials_v1 challenge_v1 inner_failure inner_success challenge_v1 inner_failure 4_way_message_1 /  challenge_response_v1 success_response_v1 challenge_response_v1 empty_peap empty_peap challenge_response_v1 empty_peap 4_way_message_2]
Mar 31, 2026 9:37:02 AM de.learnlib.logging.LearnLogger logQuery
INFO: DB CACHE [ε | challenge_v1 success_request_with_credentials_v1 challenge_v1 inner_failure inner_success challenge_v1 inner_success /  challenge_response_v1 success_response_v1 challenge_response_v1 empty_peap empty_peap challenge_response_v1 empty_peap]
Mar 31, 2026 9:37:02 AM de.learnlib.logging.LearnLogger logQuery
INFO: DB CACHE [ε | challenge_v1 success_request_with_credentials_v1 challenge_v1 inner_failure inner_success challenge_v1 success_request_with_credentials_v1 /  challenge_response_v1 success_response_v1 challenge_response_v1 empty_peap empty_peap challenge_response_v1 success_response_v1]
Mar 31, 2026 9:37:02 AM de.learnlib.logging.LearnLogger logQuery
INFO: DB CACHE [ε | challenge_v1 success_request_with_credentials_v1 challenge_v1 inner_failure inner_success challenge_v1 success_request_all_zeros_v1 /  challenge_response_v1 success_response_v1 challenge_response_v1 empty_peap empty_peap challenge_response_v1 no_reply]
Mar 31, 2026 9:37:02 AM de.learnlib.logging.LearnLogger logQuery
INFO: DB CACHE [ε | challenge_v1 success_request_with_credentials_v1 challenge_v1 inner_failure inner_success challenge_v1 challenge_v1 /  challenge_response_v1 success_response_v1 challenge_response_v1 empty_peap empty_peap challenge_response_v1 challenge_response_v1]
Mar 31, 2026 9:37:02 AM de.learnlib.logging.LearnLogger logQuery
INFO: DB CACHE [ε | challenge_v1 success_request_with_credentials_v1 challenge_v1 inner_failure inner_success challenge_v1 id_request_v1 /  challenge_response_v1 success_response_v1 challenge_response_v1 empty_peap empty_peap challenge_response_v1 id_response_v1]
Mar 31, 2026 9:37:02 AM de.learnlib.logging.LearnLogger logQuery
INFO: DB CACHE [ε | challenge_v1 success_request_with_credentials_v1 challenge_v1 inner_failure inner_success id_request_v1 4_way_message_1 /  challenge_response_v1 success_response_v1 challenge_response_v1 empty_peap empty_peap id_response_v1 4_way_message_2]
Mar 31, 2026 9:37:02 AM de.learnlib.logging.LearnLogger logQuery
INFO: DB CACHE [ε | challenge_v1 success_request_with_credentials_v1 challenge_v1 inner_failure inner_success id_request_v1 eap_success id_request_v1 /  challenge_response_v1 success_response_v1 challenge_response_v1 empty_peap empty_peap id_response_v1 after_eap_success no_reply]
Mar 31, 2026 9:37:02 AM de.learnlib.logging.LearnLogger logQuery
INFO: DB CACHE [ε | challenge_v1 success_request_with_credentials_v1 challenge_v1 inner_failure inner_success id_request_v1 inner_failure 4_way_message_1 /  challenge_response_v1 success_response_v1 challenge_response_v1 empty_peap empty_peap id_response_v1 empty_peap 4_way_message_2]
Mar 31, 2026 9:37:02 AM de.learnlib.logging.LearnLogger logQuery
INFO: DB CACHE [ε | challenge_v1 success_request_with_credentials_v1 challenge_v1 inner_failure inner_success id_request_v1 inner_success /  challenge_response_v1 success_response_v1 challenge_response_v1 empty_peap empty_peap id_response_v1 empty_peap]
Mar 31, 2026 9:37:02 AM de.learnlib.logging.LearnLogger logQuery
INFO: DB CACHE [ε | challenge_v1 success_request_with_credentials_v1 challenge_v1 inner_failure inner_success id_request_v1 success_request_with_credentials_v1 /  challenge_response_v1 success_response_v1 challenge_response_v1 empty_peap empty_peap id_response_v1 success_response_v1]
Mar 31, 2026 9:37:02 AM de.learnlib.logging.LearnLogger logQuery
INFO: DB CACHE [ε | challenge_v1 success_request_with_credentials_v1 challenge_v1 inner_failure inner_success id_request_v1 success_request_all_zeros_v1 /  challenge_response_v1 success_response_v1 challenge_response_v1 empty_peap empty_peap id_response_v1 no_reply]
Mar 31, 2026 9:37:02 AM de.learnlib.logging.LearnLogger logQuery
INFO: DB CACHE [ε | challenge_v1 success_request_with_credentials_v1 challenge_v1 inner_failure inner_success id_request_v1 challenge_v1 /  challenge_response_v1 success_response_v1 challenge_response_v1 empty_peap empty_peap id_response_v1 challenge_response_v1]
Mar 31, 2026 9:37:02 AM de.learnlib.logging.LearnLogger logQuery
INFO: DB CACHE [ε | challenge_v1 success_request_with_credentials_v1 challenge_v1 inner_failure inner_success id_request_v1 id_request_v1 /  challenge_response_v1 success_response_v1 challenge_response_v1 empty_peap empty_peap id_response_v1 id_response_v1]
Mar 31, 2026 9:37:02 AM de.learnlib.logging.LearnLogger logQuery
INFO: DB CACHE [ε | challenge_v1 success_request_with_credentials_v1 challenge_v1 inner_failure success_request_with_credentials_v1 4_way_message_1 /  challenge_response_v1 success_response_v1 challenge_response_v1 empty_peap success_response_v1 4_way_message_2]
Mar 31, 2026 9:37:02 AM de.learnlib.logging.LearnLogger logQuery
INFO: DB CACHE [ε | challenge_v1 success_request_with_credentials_v1 challenge_v1 inner_failure success_request_with_credentials_v1 eap_success id_request_v1 /  challenge_response_v1 success_response_v1 challenge_response_v1 empty_peap success_response_v1 after_eap_success id_response_v1]
Mar 31, 2026 9:37:02 AM de.learnlib.logging.LearnLogger logQuery
INFO: DB CACHE [ε | challenge_v1 success_request_with_credentials_v1 challenge_v1 inner_failure success_request_with_credentials_v1 inner_failure 4_way_message_1 /  challenge_response_v1 success_response_v1 challenge_response_v1 empty_peap success_response_v1 empty_peap 4_way_message_2]
Mar 31, 2026 9:37:02 AM de.learnlib.logging.LearnLogger logQuery
INFO: DB CACHE [ε | challenge_v1 success_request_with_credentials_v1 challenge_v1 inner_failure success_request_with_credentials_v1 inner_success /  challenge_response_v1 success_response_v1 challenge_response_v1 empty_peap success_response_v1 empty_peap]
Mar 31, 2026 9:37:02 AM de.learnlib.logging.LearnLogger logQuery
INFO: DB CACHE [ε | challenge_v1 success_request_with_credentials_v1 challenge_v1 inner_failure success_request_with_credentials_v1 success_request_with_credentials_v1 /  challenge_response_v1 success_response_v1 challenge_response_v1 empty_peap success_response_v1 success_response_v1]
Mar 31, 2026 9:37:02 AM de.learnlib.logging.LearnLogger logQuery
INFO: DB CACHE [ε | challenge_v1 success_request_with_credentials_v1 challenge_v1 inner_failure success_request_with_credentials_v1 success_request_all_zeros_v1 /  challenge_response_v1 success_response_v1 challenge_response_v1 empty_peap success_response_v1 no_reply]
Mar 31, 2026 9:37:02 AM de.learnlib.logging.LearnLogger logQuery
INFO: DB CACHE [ε | challenge_v1 success_request_with_credentials_v1 challenge_v1 inner_failure success_request_with_credentials_v1 challenge_v1 /  challenge_response_v1 success_response_v1 challenge_response_v1 empty_peap success_response_v1 challenge_response_v1]
Mar 31, 2026 9:37:02 AM de.learnlib.logging.LearnLogger logQuery
INFO: DB CACHE [ε | challenge_v1 success_request_with_credentials_v1 challenge_v1 inner_failure success_request_with_credentials_v1 id_request_v1 /  challenge_response_v1 success_response_v1 challenge_response_v1 empty_peap success_response_v1 id_response_v1]
Mar 31, 2026 9:37:02 AM de.learnlib.logging.LearnLogger logQuery
INFO: DB CACHE [ε | challenge_v1 success_request_with_credentials_v1 challenge_v1 inner_failure success_request_all_zeros_v1 4_way_message_1 /  challenge_response_v1 success_response_v1 challenge_response_v1 empty_peap no_reply -]
Mar 31, 2026 9:37:02 AM de.learnlib.logging.LearnLogger logQuery
INFO: DISABLED [ε | challenge_v1 success_request_with_credentials_v1 challenge_v1 inner_failure success_request_all_zeros_v1 eap_success id_request_v1 /  challenge_response_v1 success_response_v1 challenge_response_v1 empty_peap no_reply - -]
Mar 31, 2026 9:37:02 AM de.learnlib.logging.LearnLogger logQuery
INFO: DISABLED [ε | challenge_v1 success_request_with_credentials_v1 challenge_v1 inner_failure success_request_all_zeros_v1 inner_failure 4_way_message_1 /  challenge_response_v1 success_response_v1 challenge_response_v1 empty_peap no_reply - -]
Mar 31, 2026 9:37:02 AM de.learnlib.logging.LearnLogger logQuery
INFO: DB CACHE [ε | challenge_v1 success_request_with_credentials_v1 challenge_v1 inner_failure success_request_all_zeros_v1 inner_success /  challenge_response_v1 success_response_v1 challenge_response_v1 empty_peap no_reply -]
Mar 31, 2026 9:37:02 AM de.learnlib.logging.LearnLogger logQuery
INFO: DB CACHE [ε | challenge_v1 success_request_with_credentials_v1 challenge_v1 inner_failure success_request_all_zeros_v1 success_request_with_credentials_v1 /  challenge_response_v1 success_response_v1 challenge_response_v1 empty_peap no_reply -]
Mar 31, 2026 9:37:02 AM de.learnlib.logging.LearnLogger logQuery
INFO: DB CACHE [ε | challenge_v1 success_request_with_credentials_v1 challenge_v1 inner_failure success_request_all_zeros_v1 success_request_all_zeros_v1 /  challenge_response_v1 success_response_v1 challenge_response_v1 empty_peap no_reply -]
Mar 31, 2026 9:37:02 AM de.learnlib.logging.LearnLogger logQuery
INFO: DB CACHE [ε | challenge_v1 success_request_with_credentials_v1 challenge_v1 inner_failure success_request_all_zeros_v1 challenge_v1 /  challenge_response_v1 success_response_v1 challenge_response_v1 empty_peap no_reply -]
Mar 31, 2026 9:37:02 AM de.learnlib.logging.LearnLogger logQuery
INFO: DB CACHE [ε | challenge_v1 success_request_with_credentials_v1 challenge_v1 inner_failure success_request_all_zeros_v1 id_request_v1 /  challenge_response_v1 success_response_v1 challenge_response_v1 empty_peap no_reply -]
Mar 31, 2026 9:37:02 AM de.learnlib.logging.LearnLogger logQuery
INFO: DB CACHE [ε | challenge_v1 success_request_with_credentials_v1 challenge_v1 inner_failure challenge_v1 4_way_message_1 /  challenge_response_v1 success_response_v1 challenge_response_v1 empty_peap challenge_response_v1 4_way_message_2]
Mar 31, 2026 9:37:02 AM de.learnlib.logging.LearnLogger logQuery
INFO: DB CACHE [ε | challenge_v1 success_request_with_credentials_v1 challenge_v1 inner_failure challenge_v1 eap_success id_request_v1 /  challenge_response_v1 success_response_v1 challenge_response_v1 empty_peap challenge_response_v1 after_eap_success no_reply]
Mar 31, 2026 9:37:02 AM de.learnlib.logging.LearnLogger logQuery
INFO: DB CACHE [ε | challenge_v1 success_request_with_credentials_v1 challenge_v1 inner_failure challenge_v1 inner_failure 4_way_message_1 /  challenge_response_v1 success_response_v1 challenge_response_v1 empty_peap challenge_response_v1 empty_peap 4_way_message_2]
Mar 31, 2026 9:37:02 AM de.learnlib.logging.LearnLogger logQuery
INFO: DB CACHE [ε | challenge_v1 success_request_with_credentials_v1 challenge_v1 inner_failure challenge_v1 inner_success /  challenge_response_v1 success_response_v1 challenge_response_v1 empty_peap challenge_response_v1 empty_peap]
Mar 31, 2026 9:37:02 AM de.learnlib.logging.LearnLogger logQuery
INFO: DB CACHE [ε | challenge_v1 success_request_with_credentials_v1 challenge_v1 inner_failure challenge_v1 success_request_with_credentials_v1 /  challenge_response_v1 success_response_v1 challenge_response_v1 empty_peap challenge_response_v1 success_response_v1]
Mar 31, 2026 9:37:02 AM de.learnlib.logging.LearnLogger logQuery
INFO: DB CACHE [ε | challenge_v1 success_request_with_credentials_v1 challenge_v1 inner_failure challenge_v1 success_request_all_zeros_v1 /  challenge_response_v1 success_response_v1 challenge_response_v1 empty_peap challenge_response_v1 no_reply]
Mar 31, 2026 9:37:02 AM de.learnlib.logging.LearnLogger logQuery
INFO: DB CACHE [ε | challenge_v1 success_request_with_credentials_v1 challenge_v1 inner_failure challenge_v1 challenge_v1 /  challenge_response_v1 success_response_v1 challenge_response_v1 empty_peap challenge_response_v1 challenge_response_v1]
Mar 31, 2026 9:37:02 AM de.learnlib.logging.LearnLogger logQuery
INFO: DB CACHE [ε | challenge_v1 success_request_with_credentials_v1 challenge_v1 inner_failure challenge_v1 id_request_v1 /  challenge_response_v1 success_response_v1 challenge_response_v1 empty_peap challenge_response_v1 id_response_v1]
Mar 31, 2026 9:37:02 AM de.learnlib.logging.LearnLogger logQuery
INFO: DB CACHE [ε | challenge_v1 success_request_with_credentials_v1 challenge_v1 inner_failure id_request_v1 4_way_message_1 /  challenge_response_v1 success_response_v1 challenge_response_v1 empty_peap id_response_v1 4_way_message_2]
Mar 31, 2026 9:37:02 AM de.learnlib.logging.LearnLogger logQuery
INFO: DB CACHE [ε | challenge_v1 success_request_with_credentials_v1 challenge_v1 inner_failure id_request_v1 eap_success id_request_v1 /  challenge_response_v1 success_response_v1 challenge_response_v1 empty_peap id_response_v1 after_eap_success no_reply]
Mar 31, 2026 9:37:02 AM de.learnlib.logging.LearnLogger logQuery
INFO: DB CACHE [ε | challenge_v1 success_request_with_credentials_v1 challenge_v1 inner_failure id_request_v1 inner_failure 4_way_message_1 /  challenge_response_v1 success_response_v1 challenge_response_v1 empty_peap id_response_v1 empty_peap 4_way_message_2]
Mar 31, 2026 9:37:02 AM de.learnlib.logging.LearnLogger logQuery
INFO: DB CACHE [ε | challenge_v1 success_request_with_credentials_v1 challenge_v1 inner_failure id_request_v1 inner_success /  challenge_response_v1 success_response_v1 challenge_response_v1 empty_peap id_response_v1 empty_peap]
Mar 31, 2026 9:37:02 AM de.learnlib.logging.LearnLogger logQuery
INFO: DB CACHE [ε | challenge_v1 success_request_with_credentials_v1 challenge_v1 inner_failure id_request_v1 success_request_with_credentials_v1 /  challenge_response_v1 success_response_v1 challenge_response_v1 empty_peap id_response_v1 success_response_v1]
Mar 31, 2026 9:37:02 AM de.learnlib.logging.LearnLogger logQuery
INFO: DB CACHE [ε | challenge_v1 success_request_with_credentials_v1 challenge_v1 inner_failure id_request_v1 success_request_all_zeros_v1 /  challenge_response_v1 success_response_v1 challenge_response_v1 empty_peap id_response_v1 no_reply]
Mar 31, 2026 9:37:02 AM de.learnlib.logging.LearnLogger logQuery
INFO: DB CACHE [ε | challenge_v1 success_request_with_credentials_v1 challenge_v1 inner_failure id_request_v1 challenge_v1 /  challenge_response_v1 success_response_v1 challenge_response_v1 empty_peap id_response_v1 challenge_response_v1]
Mar 31, 2026 9:37:02 AM de.learnlib.logging.LearnLogger logQuery
INFO: DB CACHE [ε | challenge_v1 success_request_with_credentials_v1 challenge_v1 inner_failure id_request_v1 id_request_v1 /  challenge_response_v1 success_response_v1 challenge_response_v1 empty_peap id_response_v1 id_response_v1]
Mar 31, 2026 9:37:02 AM de.learnlib.logging.LearnLogger logQuery
INFO: DB CACHE [ε | challenge_v1 success_request_with_credentials_v1 challenge_v1 inner_success 4_way_message_1 /  challenge_response_v1 success_response_v1 challenge_response_v1 empty_peap 4_way_message_2]
Mar 31, 2026 9:37:02 AM de.learnlib.logging.LearnLogger logQuery
INFO: DB CACHE [ε | challenge_v1 success_request_with_credentials_v1 challenge_v1 inner_success eap_success id_request_v1 /  challenge_response_v1 success_response_v1 challenge_response_v1 empty_peap after_eap_success id_response_v1]
Mar 31, 2026 9:37:02 AM de.learnlib.logging.LearnLogger logQuery
INFO: DB CACHE [ε | challenge_v1 success_request_with_credentials_v1 challenge_v1 inner_success inner_failure 4_way_message_1 /  challenge_response_v1 success_response_v1 challenge_response_v1 empty_peap empty_peap 4_way_message_2]
Mar 31, 2026 9:37:02 AM de.learnlib.logging.LearnLogger logQuery
INFO: DB CACHE [ε | challenge_v1 success_request_with_credentials_v1 challenge_v1 inner_success inner_success /  challenge_response_v1 success_response_v1 challenge_response_v1 empty_peap empty_peap]
Mar 31, 2026 9:37:02 AM de.learnlib.logging.LearnLogger logQuery
INFO: DB CACHE [ε | challenge_v1 success_request_with_credentials_v1 challenge_v1 inner_success success_request_with_credentials_v1 /  challenge_response_v1 success_response_v1 challenge_response_v1 empty_peap success_response_v1]
Mar 31, 2026 9:37:02 AM de.learnlib.logging.LearnLogger logQuery
INFO: DB CACHE [ε | challenge_v1 success_request_with_credentials_v1 challenge_v1 inner_success success_request_all_zeros_v1 /  challenge_response_v1 success_response_v1 challenge_response_v1 empty_peap no_reply]
Mar 31, 2026 9:37:02 AM de.learnlib.logging.LearnLogger logQuery
INFO: DB CACHE [ε | challenge_v1 success_request_with_credentials_v1 challenge_v1 inner_success challenge_v1 /  challenge_response_v1 success_response_v1 challenge_response_v1 empty_peap challenge_response_v1]
Mar 31, 2026 9:37:02 AM de.learnlib.logging.LearnLogger logQuery
INFO: DB CACHE [ε | challenge_v1 success_request_with_credentials_v1 challenge_v1 inner_success id_request_v1 /  challenge_response_v1 success_response_v1 challenge_response_v1 empty_peap id_response_v1]
Mar 31, 2026 9:37:02 AM de.learnlib.logging.LearnLogger logQuery
INFO: DB CACHE [ε | challenge_v1 success_request_with_credentials_v1 challenge_v1 success_request_with_credentials_v1 4_way_message_1 /  challenge_response_v1 success_response_v1 challenge_response_v1 success_response_v1 4_way_message_2]
Mar 31, 2026 9:37:02 AM de.learnlib.logging.LearnLogger logQuery
INFO: DB CACHE [ε | challenge_v1 success_request_with_credentials_v1 challenge_v1 success_request_with_credentials_v1 eap_success id_request_v1 /  challenge_response_v1 success_response_v1 challenge_response_v1 success_response_v1 after_eap_success id_response_v1]
Mar 31, 2026 9:37:02 AM de.learnlib.logging.LearnLogger logQuery
INFO: DB CACHE [ε | challenge_v1 success_request_with_credentials_v1 challenge_v1 success_request_with_credentials_v1 inner_failure 4_way_message_1 /  challenge_response_v1 success_response_v1 challenge_response_v1 success_response_v1 empty_peap 4_way_message_2]
Mar 31, 2026 9:37:02 AM de.learnlib.logging.LearnLogger logQuery
INFO: DB CACHE [ε | challenge_v1 success_request_with_credentials_v1 challenge_v1 success_request_with_credentials_v1 inner_success /  challenge_response_v1 success_response_v1 challenge_response_v1 success_response_v1 empty_peap]
Mar 31, 2026 9:37:02 AM de.learnlib.logging.LearnLogger logQuery
INFO: DB CACHE [ε | challenge_v1 success_request_with_credentials_v1 challenge_v1 success_request_with_credentials_v1 success_request_with_credentials_v1 /  challenge_response_v1 success_response_v1 challenge_response_v1 success_response_v1 success_response_v1]
Mar 31, 2026 9:37:02 AM de.learnlib.logging.LearnLogger logQuery
INFO: DB CACHE [ε | challenge_v1 success_request_with_credentials_v1 challenge_v1 success_request_with_credentials_v1 success_request_all_zeros_v1 /  challenge_response_v1 success_response_v1 challenge_response_v1 success_response_v1 no_reply]
Mar 31, 2026 9:37:02 AM de.learnlib.logging.LearnLogger logQuery
INFO: DB CACHE [ε | challenge_v1 success_request_with_credentials_v1 challenge_v1 success_request_with_credentials_v1 challenge_v1 /  challenge_response_v1 success_response_v1 challenge_response_v1 success_response_v1 challenge_response_v1]
Mar 31, 2026 9:37:02 AM de.learnlib.logging.LearnLogger logQuery
INFO: DB CACHE [ε | challenge_v1 success_request_with_credentials_v1 challenge_v1 success_request_with_credentials_v1 id_request_v1 /  challenge_response_v1 success_response_v1 challenge_response_v1 success_response_v1 id_response_v1]
Mar 31, 2026 9:37:02 AM de.learnlib.logging.LearnLogger logQuery
INFO: DB CACHE [ε | challenge_v1 success_request_with_credentials_v1 challenge_v1 success_request_all_zeros_v1 4_way_message_1 /  challenge_response_v1 success_response_v1 challenge_response_v1 no_reply -]
Mar 31, 2026 9:37:02 AM de.learnlib.logging.LearnLogger logQuery
INFO: DISABLED [ε | challenge_v1 success_request_with_credentials_v1 challenge_v1 success_request_all_zeros_v1 eap_success id_request_v1 /  challenge_response_v1 success_response_v1 challenge_response_v1 no_reply - -]
Mar 31, 2026 9:37:02 AM de.learnlib.logging.LearnLogger logQuery
INFO: DISABLED [ε | challenge_v1 success_request_with_credentials_v1 challenge_v1 success_request_all_zeros_v1 inner_failure 4_way_message_1 /  challenge_response_v1 success_response_v1 challenge_response_v1 no_reply - -]
Mar 31, 2026 9:37:02 AM de.learnlib.logging.LearnLogger logQuery
INFO: DB CACHE [ε | challenge_v1 success_request_with_credentials_v1 challenge_v1 success_request_all_zeros_v1 inner_success /  challenge_response_v1 success_response_v1 challenge_response_v1 no_reply -]
Mar 31, 2026 9:37:02 AM de.learnlib.logging.LearnLogger logQuery
INFO: DB CACHE [ε | challenge_v1 success_request_with_credentials_v1 challenge_v1 success_request_all_zeros_v1 success_request_with_credentials_v1 /  challenge_response_v1 success_response_v1 challenge_response_v1 no_reply -]
Mar 31, 2026 9:37:02 AM de.learnlib.logging.LearnLogger logQuery
INFO: DB CACHE [ε | challenge_v1 success_request_with_credentials_v1 challenge_v1 success_request_all_zeros_v1 success_request_all_zeros_v1 /  challenge_response_v1 success_response_v1 challenge_response_v1 no_reply -]
Mar 31, 2026 9:37:02 AM de.learnlib.logging.LearnLogger logQuery
INFO: DB CACHE [ε | challenge_v1 success_request_with_credentials_v1 challenge_v1 success_request_all_zeros_v1 challenge_v1 /  challenge_response_v1 success_response_v1 challenge_response_v1 no_reply -]
Mar 31, 2026 9:37:02 AM de.learnlib.logging.LearnLogger logQuery
INFO: DB CACHE [ε | challenge_v1 success_request_with_credentials_v1 challenge_v1 success_request_all_zeros_v1 id_request_v1 /  challenge_response_v1 success_response_v1 challenge_response_v1 no_reply -]
Mar 31, 2026 9:37:02 AM de.learnlib.logging.LearnLogger logQuery
INFO: DB CACHE [ε | challenge_v1 success_request_with_credentials_v1 challenge_v1 challenge_v1 4_way_message_1 /  challenge_response_v1 success_response_v1 challenge_response_v1 challenge_response_v1 4_way_message_2]
Mar 31, 2026 9:37:02 AM de.learnlib.logging.LearnLogger logQuery
INFO: DB CACHE [ε | challenge_v1 success_request_with_credentials_v1 challenge_v1 challenge_v1 eap_success id_request_v1 /  challenge_response_v1 success_response_v1 challenge_response_v1 challenge_response_v1 after_eap_success id_response_v1]
Mar 31, 2026 9:37:02 AM de.learnlib.logging.LearnLogger logQuery
INFO: DB CACHE [ε | challenge_v1 success_request_with_credentials_v1 challenge_v1 challenge_v1 inner_failure 4_way_message_1 /  challenge_response_v1 success_response_v1 challenge_response_v1 challenge_response_v1 empty_peap 4_way_message_2]
Mar 31, 2026 9:37:02 AM de.learnlib.logging.LearnLogger logQuery
INFO: DB CACHE [ε | challenge_v1 success_request_with_credentials_v1 challenge_v1 challenge_v1 inner_success /  challenge_response_v1 success_response_v1 challenge_response_v1 challenge_response_v1 empty_peap]
Mar 31, 2026 9:37:02 AM de.learnlib.logging.LearnLogger logQuery
INFO: DB CACHE [ε | challenge_v1 success_request_with_credentials_v1 challenge_v1 challenge_v1 success_request_with_credentials_v1 /  challenge_response_v1 success_response_v1 challenge_response_v1 challenge_response_v1 success_response_v1]
Mar 31, 2026 9:37:02 AM de.learnlib.logging.LearnLogger logQuery
INFO: DB CACHE [ε | challenge_v1 success_request_with_credentials_v1 challenge_v1 challenge_v1 success_request_all_zeros_v1 /  challenge_response_v1 success_response_v1 challenge_response_v1 challenge_response_v1 no_reply]
Mar 31, 2026 9:37:02 AM de.learnlib.logging.LearnLogger logQuery
INFO: DB CACHE [ε | challenge_v1 success_request_with_credentials_v1 challenge_v1 challenge_v1 challenge_v1 /  challenge_response_v1 success_response_v1 challenge_response_v1 challenge_response_v1 challenge_response_v1]
Mar 31, 2026 9:37:02 AM de.learnlib.logging.LearnLogger logQuery
INFO: DB CACHE [ε | challenge_v1 success_request_with_credentials_v1 challenge_v1 challenge_v1 id_request_v1 /  challenge_response_v1 success_response_v1 challenge_response_v1 challenge_response_v1 id_response_v1]
Mar 31, 2026 9:37:02 AM de.learnlib.logging.LearnLogger logQuery
INFO: DB CACHE [ε | challenge_v1 success_request_with_credentials_v1 challenge_v1 id_request_v1 4_way_message_1 /  challenge_response_v1 success_response_v1 challenge_response_v1 id_response_v1 4_way_message_2]
Mar 31, 2026 9:37:02 AM de.learnlib.logging.LearnLogger logQuery
INFO: DB CACHE [ε | challenge_v1 success_request_with_credentials_v1 challenge_v1 id_request_v1 eap_success id_request_v1 /  challenge_response_v1 success_response_v1 challenge_response_v1 id_response_v1 after_eap_success id_response_v1]
Mar 31, 2026 9:37:02 AM de.learnlib.logging.LearnLogger logQuery
INFO: DB CACHE [ε | challenge_v1 success_request_with_credentials_v1 challenge_v1 id_request_v1 inner_failure 4_way_message_1 /  challenge_response_v1 success_response_v1 challenge_response_v1 id_response_v1 empty_peap 4_way_message_2]
Mar 31, 2026 9:37:02 AM de.learnlib.logging.LearnLogger logQuery
INFO: DB CACHE [ε | challenge_v1 success_request_with_credentials_v1 challenge_v1 id_request_v1 inner_success /  challenge_response_v1 success_response_v1 challenge_response_v1 id_response_v1 empty_peap]
Mar 31, 2026 9:37:02 AM de.learnlib.logging.LearnLogger logQuery
INFO: DB CACHE [ε | challenge_v1 success_request_with_credentials_v1 challenge_v1 id_request_v1 success_request_with_credentials_v1 /  challenge_response_v1 success_response_v1 challenge_response_v1 id_response_v1 success_response_v1]
Mar 31, 2026 9:37:02 AM de.learnlib.logging.LearnLogger logQuery
INFO: DB CACHE [ε | challenge_v1 success_request_with_credentials_v1 challenge_v1 id_request_v1 success_request_all_zeros_v1 /  challenge_response_v1 success_response_v1 challenge_response_v1 id_response_v1 no_reply]
Mar 31, 2026 9:37:02 AM de.learnlib.logging.LearnLogger logQuery
INFO: DB CACHE [ε | challenge_v1 success_request_with_credentials_v1 challenge_v1 id_request_v1 challenge_v1 /  challenge_response_v1 success_response_v1 challenge_response_v1 id_response_v1 challenge_response_v1]
Mar 31, 2026 9:37:02 AM de.learnlib.logging.LearnLogger logQuery
INFO: DB CACHE [ε | challenge_v1 success_request_with_credentials_v1 challenge_v1 id_request_v1 id_request_v1 /  challenge_response_v1 success_response_v1 challenge_response_v1 id_response_v1 id_response_v1]
Mar 31, 2026 9:37:02 AM de.learnlib.logging.LearnLogger logQuery
INFO: DISABLED [ε | 4_way_message_1 inner_success eap_success id_request_v1 /  no_reply - - -]
Mar 31, 2026 9:37:02 AM de.learnlib.logging.LearnLogger logQuery
INFO: DISABLED [ε | eap_success 4_way_message_1 inner_success eap_success id_request_v1 /  after_eap_success no_reply - - -]
Mar 31, 2026 9:37:02 AM de.learnlib.logging.LearnLogger logQuery
INFO: DISABLED [ε | eap_success eap_success inner_success eap_success id_request_v1 /  after_eap_success after_eap_success no_reply - -]
Mar 31, 2026 9:37:02 AM de.learnlib.logging.LearnLogger logQuery
INFO: DISABLED [ε | eap_success inner_failure inner_success eap_success id_request_v1 /  after_eap_success no_reply - - -]
Mar 31, 2026 9:37:02 AM de.learnlib.logging.LearnLogger logQuery
INFO: DISABLED [ε | eap_success inner_success inner_success eap_success id_request_v1 /  after_eap_success no_reply - - -]
Mar 31, 2026 9:37:02 AM de.learnlib.logging.LearnLogger logQuery
INFO: DISABLED [ε | eap_success success_request_with_credentials_v1 inner_success eap_success id_request_v1 /  after_eap_success no_reply - - -]
Mar 31, 2026 9:37:02 AM de.learnlib.logging.LearnLogger logQuery
INFO: DISABLED [ε | eap_success success_request_all_zeros_v1 inner_success eap_success id_request_v1 /  after_eap_success no_reply - - -]
Mar 31, 2026 9:37:02 AM de.learnlib.logging.LearnLogger logQuery
INFO: DISABLED [ε | eap_success challenge_v1 inner_success eap_success id_request_v1 /  after_eap_success no_reply - - -]
Mar 31, 2026 9:37:02 AM de.learnlib.logging.LearnLogger logQuery
INFO: DISABLED [ε | eap_success id_request_v1 inner_success eap_success id_request_v1 /  after_eap_success no_reply - - -]
Mar 31, 2026 9:37:02 AM de.learnlib.logging.LearnLogger logQuery
INFO: DB CACHE [ε | inner_failure inner_success eap_success id_request_v1 /  empty_peap empty_peap after_eap_success no_reply]
Mar 31, 2026 9:37:02 AM de.learnlib.logging.LearnLogger logQuery
INFO: DB CACHE [ε | inner_success inner_success eap_success id_request_v1 /  empty_peap empty_peap after_eap_success no_reply]
Mar 31, 2026 9:37:02 AM de.learnlib.logging.LearnLogger logQuery
INFO: DISABLED [ε | success_request_with_credentials_v1 inner_success eap_success id_request_v1 /  no_reply - - -]
Mar 31, 2026 9:37:02 AM de.learnlib.logging.LearnLogger logQuery
INFO: DISABLED [ε | success_request_all_zeros_v1 4_way_message_1 inner_success eap_success id_request_v1 /  no_reply - - - -]
Mar 31, 2026 9:37:02 AM de.learnlib.logging.LearnLogger logQuery
INFO: DISABLED [ε | success_request_all_zeros_v1 eap_success inner_success eap_success id_request_v1 /  no_reply - - - -]
Mar 31, 2026 9:37:02 AM de.learnlib.logging.LearnLogger logQuery
INFO: DISABLED [ε | success_request_all_zeros_v1 inner_failure inner_success eap_success id_request_v1 /  no_reply - - - -]
Mar 31, 2026 9:37:02 AM de.learnlib.logging.LearnLogger logQuery
INFO: DISABLED [ε | success_request_all_zeros_v1 inner_success inner_success eap_success id_request_v1 /  no_reply - - - -]
Mar 31, 2026 9:37:02 AM de.learnlib.logging.LearnLogger logQuery
INFO: DISABLED [ε | success_request_all_zeros_v1 success_request_with_credentials_v1 inner_success eap_success id_request_v1 /  no_reply - - - -]
Mar 31, 2026 9:37:02 AM de.learnlib.logging.LearnLogger logQuery
INFO: DISABLED [ε | success_request_all_zeros_v1 success_request_all_zeros_v1 inner_success eap_success id_request_v1 /  no_reply - - - -]
Mar 31, 2026 9:37:02 AM de.learnlib.logging.LearnLogger logQuery
INFO: DISABLED [ε | success_request_all_zeros_v1 challenge_v1 inner_success eap_success id_request_v1 /  no_reply - - - -]
Mar 31, 2026 9:37:02 AM de.learnlib.logging.LearnLogger logQuery
INFO: DISABLED [ε | success_request_all_zeros_v1 id_request_v1 inner_success eap_success id_request_v1 /  no_reply - - - -]
Mar 31, 2026 9:37:02 AM de.learnlib.logging.LearnLogger logQuery
INFO: DISABLED [ε | challenge_v1 4_way_message_1 inner_success eap_success id_request_v1 /  challenge_response_v1 no_reply - - -]
Mar 31, 2026 9:37:02 AM de.learnlib.logging.LearnLogger logQuery
INFO: DISABLED [ε | challenge_v1 eap_success inner_success eap_success id_request_v1 /  challenge_response_v1 after_eap_success no_reply - -]
Mar 31, 2026 9:37:02 AM de.learnlib.logging.LearnLogger logQuery
INFO: DB CACHE [ε | challenge_v1 inner_failure inner_success eap_success id_request_v1 /  challenge_response_v1 empty_peap empty_peap after_eap_success no_reply]
Mar 31, 2026 9:37:02 AM de.learnlib.logging.LearnLogger logQuery
INFO: DB CACHE [ε | challenge_v1 inner_success inner_success eap_success id_request_v1 /  challenge_response_v1 empty_peap empty_peap after_eap_success no_reply]
Mar 31, 2026 9:37:02 AM de.learnlib.logging.LearnLogger logQuery
INFO: DISABLED [ε | challenge_v1 success_request_with_credentials_v1 4_way_message_1 inner_success eap_success id_request_v1 /  challenge_response_v1 success_response_v1 4_way_message_2 - - -]
Mar 31, 2026 9:37:02 AM de.learnlib.logging.LearnLogger logQuery
INFO: DISABLED [ε | challenge_v1 success_request_with_credentials_v1 eap_success 4_way_message_1 inner_success eap_success id_request_v1 /  challenge_response_v1 success_response_v1 after_eap_success 4_way_message_2 - - -]
Mar 31, 2026 9:37:02 AM de.learnlib.logging.LearnLogger logQuery
INFO: DB CACHE [ε | challenge_v1 success_request_with_credentials_v1 eap_success eap_success inner_success eap_success id_request_v1 /  challenge_response_v1 success_response_v1 after_eap_success after_eap_success empty_peap after_eap_success id_response_v1]
Mar 31, 2026 9:37:02 AM de.learnlib.logging.LearnLogger logQuery
INFO: DISABLED [ε | challenge_v1 success_request_with_credentials_v1 eap_success inner_failure 4_way_message_1 4_way_message_1 inner_success eap_success id_request_v1 /  challenge_response_v1 success_response_v1 after_eap_success empty_peap no_reply - - - -]
Mar 31, 2026 9:37:02 AM de.learnlib.logging.LearnLogger logQuery
INFO: DISABLED [ε | challenge_v1 success_request_with_credentials_v1 eap_success inner_failure 4_way_message_1 eap_success inner_success eap_success id_request_v1 /  challenge_response_v1 success_response_v1 after_eap_success empty_peap no_reply - - - -]
Mar 31, 2026 9:37:02 AM de.learnlib.logging.LearnLogger logQuery
INFO: DISABLED [ε | challenge_v1 success_request_with_credentials_v1 eap_success inner_failure 4_way_message_1 inner_failure inner_success eap_success id_request_v1 /  challenge_response_v1 success_response_v1 after_eap_success empty_peap no_reply - - - -]
Mar 31, 2026 9:37:02 AM de.learnlib.logging.LearnLogger logQuery
INFO: DISABLED [ε | challenge_v1 success_request_with_credentials_v1 eap_success inner_failure 4_way_message_1 inner_success inner_success eap_success id_request_v1 /  challenge_response_v1 success_response_v1 after_eap_success empty_peap no_reply - - - -]
Mar 31, 2026 9:37:02 AM de.learnlib.logging.LearnLogger logQuery
INFO: DISABLED [ε | challenge_v1 success_request_with_credentials_v1 eap_success inner_failure 4_way_message_1 success_request_with_credentials_v1 inner_success eap_success id_request_v1 /  challenge_response_v1 success_response_v1 after_eap_success empty_peap no_reply - - - -]
Mar 31, 2026 9:37:02 AM de.learnlib.logging.LearnLogger logQuery
INFO: DISABLED [ε | challenge_v1 success_request_with_credentials_v1 eap_success inner_failure 4_way_message_1 success_request_all_zeros_v1 inner_success eap_success id_request_v1 /  challenge_response_v1 success_response_v1 after_eap_success empty_peap no_reply - - - -]
Mar 31, 2026 9:37:02 AM de.learnlib.logging.LearnLogger logQuery
INFO: DISABLED [ε | challenge_v1 success_request_with_credentials_v1 eap_success inner_failure 4_way_message_1 challenge_v1 inner_success eap_success id_request_v1 /  challenge_response_v1 success_response_v1 after_eap_success empty_peap no_reply - - - -]
Mar 31, 2026 9:37:02 AM de.learnlib.logging.LearnLogger logQuery
INFO: DISABLED [ε | challenge_v1 success_request_with_credentials_v1 eap_success inner_failure 4_way_message_1 id_request_v1 inner_success eap_success id_request_v1 /  challenge_response_v1 success_response_v1 after_eap_success empty_peap no_reply - - - -]
Mar 31, 2026 9:37:02 AM de.learnlib.logging.LearnLogger logQuery
INFO: DB CACHE [ε | challenge_v1 success_request_with_credentials_v1 eap_success inner_failure eap_success inner_success eap_success id_request_v1 /  challenge_response_v1 success_response_v1 after_eap_success empty_peap after_eap_success empty_peap after_eap_success id_response_v1]
Mar 31, 2026 9:37:02 AM de.learnlib.logging.LearnLogger logQuery
INFO: DB CACHE [ε | challenge_v1 success_request_with_credentials_v1 eap_success inner_failure inner_failure inner_success eap_success id_request_v1 /  challenge_response_v1 success_response_v1 after_eap_success empty_peap empty_peap empty_peap after_eap_success id_response_v1]
Mar 31, 2026 9:37:02 AM de.learnlib.logging.LearnLogger logQuery
INFO: DB CACHE [ε | challenge_v1 success_request_with_credentials_v1 eap_success inner_failure inner_success inner_success eap_success id_request_v1 /  challenge_response_v1 success_response_v1 after_eap_success empty_peap empty_peap empty_peap after_eap_success id_response_v1]
Mar 31, 2026 9:37:02 AM de.learnlib.logging.LearnLogger logQuery
INFO: DB CACHE [ε | challenge_v1 success_request_with_credentials_v1 eap_success inner_failure success_request_with_credentials_v1 inner_success eap_success id_request_v1 /  challenge_response_v1 success_response_v1 after_eap_success empty_peap success_response_v1 empty_peap after_eap_success id_response_v1]
Mar 31, 2026 9:37:02 AM de.learnlib.logging.LearnLogger logQuery
INFO: DISABLED [ε | challenge_v1 success_request_with_credentials_v1 eap_success inner_failure success_request_all_zeros_v1 inner_success eap_success id_request_v1 /  challenge_response_v1 success_response_v1 after_eap_success empty_peap no_reply - - -]
Mar 31, 2026 9:37:02 AM de.learnlib.logging.LearnLogger logQuery
INFO: DB CACHE [ε | challenge_v1 success_request_with_credentials_v1 eap_success inner_failure challenge_v1 inner_success eap_success id_request_v1 /  challenge_response_v1 success_response_v1 after_eap_success empty_peap challenge_response_v1 empty_peap after_eap_success id_response_v1]
Mar 31, 2026 9:37:02 AM de.learnlib.logging.LearnLogger logQuery
INFO: DB CACHE [ε | challenge_v1 success_request_with_credentials_v1 eap_success inner_failure id_request_v1 inner_success eap_success id_request_v1 /  challenge_response_v1 success_response_v1 after_eap_success empty_peap id_response_v1 empty_peap after_eap_success id_response_v1]
Mar 31, 2026 9:37:02 AM de.learnlib.logging.LearnLogger logQuery
INFO: DB CACHE [ε | challenge_v1 success_request_with_credentials_v1 eap_success inner_success inner_success eap_success id_request_v1 /  challenge_response_v1 success_response_v1 after_eap_success empty_peap empty_peap after_eap_success id_response_v1]
Mar 31, 2026 9:37:02 AM de.learnlib.logging.LearnLogger logQuery
INFO: DB CACHE [ε | challenge_v1 success_request_with_credentials_v1 eap_success success_request_with_credentials_v1 inner_success eap_success id_request_v1 /  challenge_response_v1 success_response_v1 after_eap_success success_response_v1 empty_peap after_eap_success id_response_v1]
Mar 31, 2026 9:37:02 AM de.learnlib.logging.LearnLogger logQuery
INFO: DISABLED [ε | challenge_v1 success_request_with_credentials_v1 eap_success success_request_all_zeros_v1 inner_success eap_success id_request_v1 /  challenge_response_v1 success_response_v1 after_eap_success no_reply - - -]
Mar 31, 2026 9:37:02 AM de.learnlib.logging.LearnLogger logQuery
INFO: DB CACHE [ε | challenge_v1 success_request_with_credentials_v1 eap_success challenge_v1 inner_success eap_success id_request_v1 /  challenge_response_v1 success_response_v1 after_eap_success challenge_response_v1 empty_peap after_eap_success id_response_v1]
Mar 31, 2026 9:37:02 AM de.learnlib.logging.LearnLogger logQuery
INFO: DB CACHE [ε | challenge_v1 success_request_with_credentials_v1 eap_success id_request_v1 inner_success eap_success id_request_v1 /  challenge_response_v1 success_response_v1 after_eap_success id_response_v1 empty_peap after_eap_success id_response_v1]
Mar 31, 2026 9:37:02 AM de.learnlib.logging.LearnLogger logQuery
INFO: DISABLED [ε | challenge_v1 success_request_with_credentials_v1 inner_failure 4_way_message_1 inner_success eap_success id_request_v1 /  challenge_response_v1 success_response_v1 empty_peap 4_way_message_2 - - -]
Mar 31, 2026 9:37:02 AM de.learnlib.logging.LearnLogger logQuery
INFO: DISABLED [ε | challenge_v1 success_request_with_credentials_v1 inner_failure eap_success 4_way_message_1 inner_success eap_success id_request_v1 /  challenge_response_v1 success_response_v1 empty_peap after_eap_success no_reply - - -]
Mar 31, 2026 9:37:02 AM de.learnlib.logging.LearnLogger logQuery
INFO: DISABLED [ε | challenge_v1 success_request_with_credentials_v1 inner_failure eap_success eap_success inner_success eap_success id_request_v1 /  challenge_response_v1 success_response_v1 empty_peap after_eap_success after_eap_success no_reply - -]
Mar 31, 2026 9:37:02 AM de.learnlib.logging.LearnLogger logQuery
INFO: DISABLED [ε | challenge_v1 success_request_with_credentials_v1 inner_failure eap_success inner_failure inner_success eap_success id_request_v1 /  challenge_response_v1 success_response_v1 empty_peap after_eap_success no_reply - - -]
Mar 31, 2026 9:37:02 AM de.learnlib.logging.LearnLogger logQuery
INFO: DISABLED [ε | challenge_v1 success_request_with_credentials_v1 inner_failure eap_success inner_success inner_success eap_success id_request_v1 /  challenge_response_v1 success_response_v1 empty_peap after_eap_success no_reply - - -]
Mar 31, 2026 9:37:02 AM de.learnlib.logging.LearnLogger logQuery
INFO: DISABLED [ε | challenge_v1 success_request_with_credentials_v1 inner_failure eap_success success_request_with_credentials_v1 4_way_message_1 inner_success eap_success id_request_v1 /  challenge_response_v1 success_response_v1 empty_peap after_eap_success no_reply - - - -]
Mar 31, 2026 9:37:02 AM de.learnlib.logging.LearnLogger logQuery
INFO: DISABLED [ε | challenge_v1 success_request_with_credentials_v1 inner_failure eap_success success_request_with_credentials_v1 eap_success inner_success eap_success id_request_v1 /  challenge_response_v1 success_response_v1 empty_peap after_eap_success no_reply - - - -]
Mar 31, 2026 9:37:02 AM de.learnlib.logging.LearnLogger logQuery
INFO: DISABLED [ε | challenge_v1 success_request_with_credentials_v1 inner_failure eap_success success_request_with_credentials_v1 inner_failure inner_success eap_success id_request_v1 /  challenge_response_v1 success_response_v1 empty_peap after_eap_success no_reply - - - -]
Mar 31, 2026 9:37:02 AM de.learnlib.logging.LearnLogger logQuery
INFO: DISABLED [ε | challenge_v1 success_request_with_credentials_v1 inner_failure eap_success success_request_with_credentials_v1 inner_success inner_success eap_success id_request_v1 /  challenge_response_v1 success_response_v1 empty_peap after_eap_success no_reply - - - -]
Mar 31, 2026 9:37:02 AM de.learnlib.logging.LearnLogger logQuery
INFO: DISABLED [ε | challenge_v1 success_request_with_credentials_v1 inner_failure eap_success success_request_with_credentials_v1 success_request_with_credentials_v1 inner_success eap_success id_request_v1 /  challenge_response_v1 success_response_v1 empty_peap after_eap_success no_reply - - - -]
Mar 31, 2026 9:37:02 AM de.learnlib.logging.LearnLogger logQuery
INFO: DISABLED [ε | challenge_v1 success_request_with_credentials_v1 inner_failure eap_success success_request_with_credentials_v1 success_request_all_zeros_v1 inner_success eap_success id_request_v1 /  challenge_response_v1 success_response_v1 empty_peap after_eap_success no_reply - - - -]
Mar 31, 2026 9:37:02 AM de.learnlib.logging.LearnLogger logQuery
INFO: DISABLED [ε | challenge_v1 success_request_with_credentials_v1 inner_failure eap_success success_request_with_credentials_v1 challenge_v1 inner_success eap_success id_request_v1 /  challenge_response_v1 success_response_v1 empty_peap after_eap_success no_reply - - - -]
Mar 31, 2026 9:37:02 AM de.learnlib.logging.LearnLogger logQuery
INFO: DISABLED [ε | challenge_v1 success_request_with_credentials_v1 inner_failure eap_success success_request_with_credentials_v1 id_request_v1 inner_success eap_success id_request_v1 /  challenge_response_v1 success_response_v1 empty_peap after_eap_success no_reply - - - -]
Mar 31, 2026 9:37:02 AM de.learnlib.logging.LearnLogger logQuery
INFO: DISABLED [ε | challenge_v1 success_request_with_credentials_v1 inner_failure eap_success success_request_all_zeros_v1 inner_success eap_success id_request_v1 /  challenge_response_v1 success_response_v1 empty_peap after_eap_success no_reply - - -]
Mar 31, 2026 9:37:02 AM de.learnlib.logging.LearnLogger logQuery
INFO: DISABLED [ε | challenge_v1 success_request_with_credentials_v1 inner_failure eap_success challenge_v1 inner_success eap_success id_request_v1 /  challenge_response_v1 success_response_v1 empty_peap after_eap_success no_reply - - -]
Mar 31, 2026 9:37:02 AM de.learnlib.logging.LearnLogger logQuery
INFO: DISABLED [ε | challenge_v1 success_request_with_credentials_v1 inner_failure eap_success id_request_v1 inner_success eap_success id_request_v1 /  challenge_response_v1 success_response_v1 empty_peap after_eap_success no_reply - - -]
Mar 31, 2026 9:37:02 AM de.learnlib.logging.LearnLogger logQuery
INFO: DB CACHE [ε | challenge_v1 success_request_with_credentials_v1 inner_failure inner_failure inner_success eap_success id_request_v1 /  challenge_response_v1 success_response_v1 empty_peap empty_peap empty_peap after_eap_success id_response_v1]
Mar 31, 2026 9:37:02 AM de.learnlib.logging.LearnLogger logQuery
INFO: DB CACHE [ε | challenge_v1 success_request_with_credentials_v1 inner_failure inner_success inner_success eap_success id_request_v1 /  challenge_response_v1 success_response_v1 empty_peap empty_peap empty_peap after_eap_success id_response_v1]
Mar 31, 2026 9:37:02 AM de.learnlib.logging.LearnLogger logQuery
INFO: DB CACHE [ε | challenge_v1 success_request_with_credentials_v1 inner_failure success_request_with_credentials_v1 inner_success eap_success id_request_v1 /  challenge_response_v1 success_response_v1 empty_peap success_response_v1 empty_peap after_eap_success id_response_v1]
Mar 31, 2026 9:37:02 AM de.learnlib.logging.LearnLogger logQuery
INFO: DISABLED [ε | challenge_v1 success_request_with_credentials_v1 inner_failure success_request_all_zeros_v1 inner_success eap_success id_request_v1 /  challenge_response_v1 success_response_v1 empty_peap no_reply - - -]
Mar 31, 2026 9:37:02 AM de.learnlib.logging.LearnLogger logQuery
INFO: DB CACHE [ε | challenge_v1 success_request_with_credentials_v1 inner_failure challenge_v1 inner_success eap_success id_request_v1 /  challenge_response_v1 success_response_v1 empty_peap challenge_response_v1 empty_peap after_eap_success no_reply]
Mar 31, 2026 9:37:02 AM de.learnlib.logging.LearnLogger logQuery
INFO: DB CACHE [ε | challenge_v1 success_request_with_credentials_v1 inner_failure id_request_v1 inner_success eap_success id_request_v1 /  challenge_response_v1 success_response_v1 empty_peap id_response_v1 empty_peap after_eap_success id_response_v1]
Mar 31, 2026 9:37:02 AM de.learnlib.logging.LearnLogger logQuery
INFO: DB CACHE [ε | challenge_v1 success_request_with_credentials_v1 inner_success inner_success eap_success id_request_v1 /  challenge_response_v1 success_response_v1 empty_peap empty_peap after_eap_success id_response_v1]
Mar 31, 2026 9:37:02 AM de.learnlib.logging.LearnLogger logQuery
INFO: DB CACHE [ε | challenge_v1 success_request_with_credentials_v1 success_request_with_credentials_v1 inner_success eap_success id_request_v1 /  challenge_response_v1 success_response_v1 success_response_v1 empty_peap after_eap_success id_response_v1]
Mar 31, 2026 9:37:02 AM de.learnlib.logging.LearnLogger logQuery
INFO: DISABLED [ε | challenge_v1 success_request_with_credentials_v1 success_request_all_zeros_v1 inner_success eap_success id_request_v1 /  challenge_response_v1 success_response_v1 no_reply - - -]
Mar 31, 2026 9:37:02 AM de.learnlib.logging.LearnLogger logQuery
INFO: DISABLED [ε | challenge_v1 success_request_with_credentials_v1 challenge_v1 4_way_message_1 inner_success eap_success id_request_v1 /  challenge_response_v1 success_response_v1 challenge_response_v1 4_way_message_2 - - -]
Mar 31, 2026 9:37:02 AM de.learnlib.logging.LearnLogger logQuery
INFO: DB CACHE [ε | challenge_v1 success_request_with_credentials_v1 challenge_v1 eap_success inner_success eap_success id_request_v1 /  challenge_response_v1 success_response_v1 challenge_response_v1 after_eap_success empty_peap after_eap_success id_response_v1]
Mar 31, 2026 9:37:02 AM de.learnlib.logging.LearnLogger logQuery
INFO: DISABLED [ε | challenge_v1 success_request_with_credentials_v1 challenge_v1 inner_failure 4_way_message_1 inner_success eap_success id_request_v1 /  challenge_response_v1 success_response_v1 challenge_response_v1 empty_peap 4_way_message_2 - - -]
Mar 31, 2026 9:37:02 AM de.learnlib.logging.LearnLogger logQuery
INFO: DISABLED [ε | challenge_v1 success_request_with_credentials_v1 challenge_v1 inner_failure eap_success inner_success eap_success id_request_v1 /  challenge_response_v1 success_response_v1 challenge_response_v1 empty_peap after_eap_success no_reply - -]
Mar 31, 2026 9:37:02 AM de.learnlib.logging.LearnLogger logQuery
INFO: DB CACHE [ε | challenge_v1 success_request_with_credentials_v1 challenge_v1 inner_failure inner_failure inner_success eap_success id_request_v1 /  challenge_response_v1 success_response_v1 challenge_response_v1 empty_peap empty_peap empty_peap after_eap_success no_reply]
Mar 31, 2026 9:37:02 AM de.learnlib.logging.LearnLogger logQuery
INFO: DISABLED [ε | challenge_v1 success_request_with_credentials_v1 challenge_v1 inner_failure inner_success 4_way_message_1 inner_success eap_success id_request_v1 /  challenge_response_v1 success_response_v1 challenge_response_v1 empty_peap empty_peap 4_way_message_2 - - -]
Mar 31, 2026 9:37:02 AM de.learnlib.logging.LearnLogger logQuery
INFO: DISABLED [ε | challenge_v1 success_request_with_credentials_v1 challenge_v1 inner_failure inner_success eap_success 4_way_message_1 inner_success eap_success id_request_v1 /  challenge_response_v1 success_response_v1 challenge_response_v1 empty_peap empty_peap after_eap_success no_reply - - -]
Mar 31, 2026 9:37:02 AM de.learnlib.logging.LearnLogger logQuery
INFO: DISABLED [ε | challenge_v1 success_request_with_credentials_v1 challenge_v1 inner_failure inner_success eap_success eap_success inner_success eap_success id_request_v1 /  challenge_response_v1 success_response_v1 challenge_response_v1 empty_peap empty_peap after_eap_success after_eap_success no_reply - -]
Mar 31, 2026 9:37:02 AM de.learnlib.logging.LearnLogger logQuery
INFO: DISABLED [ε | challenge_v1 success_request_with_credentials_v1 challenge_v1 inner_failure inner_success eap_success inner_failure inner_success eap_success id_request_v1 /  challenge_response_v1 success_response_v1 challenge_response_v1 empty_peap empty_peap after_eap_success no_reply - - -]
Mar 31, 2026 9:37:02 AM de.learnlib.logging.LearnLogger logQuery
INFO: DISABLED [ε | challenge_v1 success_request_with_credentials_v1 challenge_v1 inner_failure inner_success eap_success inner_success inner_success eap_success id_request_v1 /  challenge_response_v1 success_response_v1 challenge_response_v1 empty_peap empty_peap after_eap_success no_reply - - -]
Mar 31, 2026 9:37:02 AM de.learnlib.logging.LearnLogger logQuery
INFO: DISABLED [ε | challenge_v1 success_request_with_credentials_v1 challenge_v1 inner_failure inner_success eap_success success_request_with_credentials_v1 inner_success eap_success id_request_v1 /  challenge_response_v1 success_response_v1 challenge_response_v1 empty_peap empty_peap after_eap_success no_reply - - -]
Mar 31, 2026 9:37:02 AM de.learnlib.logging.LearnLogger logQuery
INFO: DISABLED [ε | challenge_v1 success_request_with_credentials_v1 challenge_v1 inner_failure inner_success eap_success success_request_all_zeros_v1 inner_success eap_success id_request_v1 /  challenge_response_v1 success_response_v1 challenge_response_v1 empty_peap empty_peap after_eap_success no_reply - - -]
Mar 31, 2026 9:37:02 AM de.learnlib.logging.LearnLogger logQuery
INFO: DISABLED [ε | challenge_v1 success_request_with_credentials_v1 challenge_v1 inner_failure inner_success eap_success challenge_v1 inner_success eap_success id_request_v1 /  challenge_response_v1 success_response_v1 challenge_response_v1 empty_peap empty_peap after_eap_success no_reply - - -]
Mar 31, 2026 9:37:02 AM de.learnlib.logging.LearnLogger logQuery
INFO: DISABLED [ε | challenge_v1 success_request_with_credentials_v1 challenge_v1 inner_failure inner_success eap_success id_request_v1 4_way_message_1 inner_success eap_success id_request_v1 /  challenge_response_v1 success_response_v1 challenge_response_v1 empty_peap empty_peap after_eap_success no_reply - - - -]
Mar 31, 2026 9:37:02 AM de.learnlib.logging.LearnLogger logQuery
INFO: DISABLED [ε | challenge_v1 success_request_with_credentials_v1 challenge_v1 inner_failure inner_success eap_success id_request_v1 eap_success inner_success eap_success id_request_v1 /  challenge_response_v1 success_response_v1 challenge_response_v1 empty_peap empty_peap after_eap_success no_reply - - - -]
Mar 31, 2026 9:37:02 AM de.learnlib.logging.LearnLogger logQuery
INFO: DISABLED [ε | challenge_v1 success_request_with_credentials_v1 challenge_v1 inner_failure inner_success eap_success id_request_v1 inner_failure inner_success eap_success id_request_v1 /  challenge_response_v1 success_response_v1 challenge_response_v1 empty_peap empty_peap after_eap_success no_reply - - - -]
Mar 31, 2026 9:37:02 AM de.learnlib.logging.LearnLogger logQuery
INFO: DISABLED [ε | challenge_v1 success_request_with_credentials_v1 challenge_v1 inner_failure inner_success eap_success id_request_v1 inner_success inner_success eap_success id_request_v1 /  challenge_response_v1 success_response_v1 challenge_response_v1 empty_peap empty_peap after_eap_success no_reply - - - -]
Mar 31, 2026 9:37:02 AM de.learnlib.logging.LearnLogger logQuery
INFO: DISABLED [ε | challenge_v1 success_request_with_credentials_v1 challenge_v1 inner_failure inner_success eap_success id_request_v1 success_request_with_credentials_v1 inner_success eap_success id_request_v1 /  challenge_response_v1 success_response_v1 challenge_response_v1 empty_peap empty_peap after_eap_success no_reply - - - -]
Mar 31, 2026 9:37:02 AM de.learnlib.logging.LearnLogger logQuery
INFO: DISABLED [ε | challenge_v1 success_request_with_credentials_v1 challenge_v1 inner_failure inner_success eap_success id_request_v1 success_request_all_zeros_v1 inner_success eap_success id_request_v1 /  challenge_response_v1 success_response_v1 challenge_response_v1 empty_peap empty_peap after_eap_success no_reply - - - -]
Mar 31, 2026 9:37:02 AM de.learnlib.logging.LearnLogger logQuery
INFO: DISABLED [ε | challenge_v1 success_request_with_credentials_v1 challenge_v1 inner_failure inner_success eap_success id_request_v1 challenge_v1 inner_success eap_success id_request_v1 /  challenge_response_v1 success_response_v1 challenge_response_v1 empty_peap empty_peap after_eap_success no_reply - - - -]
Mar 31, 2026 9:37:02 AM de.learnlib.logging.LearnLogger logQuery
INFO: DISABLED [ε | challenge_v1 success_request_with_credentials_v1 challenge_v1 inner_failure inner_success eap_success id_request_v1 id_request_v1 inner_success eap_success id_request_v1 /  challenge_response_v1 success_response_v1 challenge_response_v1 empty_peap empty_peap after_eap_success no_reply - - - -]
Mar 31, 2026 9:37:02 AM de.learnlib.logging.LearnLogger logQuery
INFO: DB CACHE [ε | challenge_v1 success_request_with_credentials_v1 challenge_v1 inner_failure inner_success inner_failure inner_success eap_success id_request_v1 /  challenge_response_v1 success_response_v1 challenge_response_v1 empty_peap empty_peap empty_peap empty_peap after_eap_success no_reply]
Mar 31, 2026 9:37:02 AM de.learnlib.logging.LearnLogger logQuery
INFO: DB CACHE [ε | challenge_v1 success_request_with_credentials_v1 challenge_v1 inner_failure inner_success inner_success inner_success eap_success id_request_v1 /  challenge_response_v1 success_response_v1 challenge_response_v1 empty_peap empty_peap empty_peap empty_peap after_eap_success no_reply]
Mar 31, 2026 9:37:02 AM de.learnlib.logging.LearnLogger logQuery
INFO: DB CACHE [ε | challenge_v1 success_request_with_credentials_v1 challenge_v1 inner_failure inner_success success_request_with_credentials_v1 inner_success eap_success id_request_v1 /  challenge_response_v1 success_response_v1 challenge_response_v1 empty_peap empty_peap success_response_v1 empty_peap after_eap_success id_response_v1]
Mar 31, 2026 9:37:02 AM de.learnlib.logging.LearnLogger logQuery
INFO: DISABLED [ε | challenge_v1 success_request_with_credentials_v1 challenge_v1 inner_failure inner_success success_request_all_zeros_v1 inner_success eap_success id_request_v1 /  challenge_response_v1 success_response_v1 challenge_response_v1 empty_peap empty_peap no_reply - - -]
Mar 31, 2026 9:37:02 AM de.learnlib.logging.LearnLogger logQuery
INFO: DB CACHE [ε | challenge_v1 success_request_with_credentials_v1 challenge_v1 inner_failure inner_success challenge_v1 inner_success eap_success id_request_v1 /  challenge_response_v1 success_response_v1 challenge_response_v1 empty_peap empty_peap challenge_response_v1 empty_peap after_eap_success no_reply]
Mar 31, 2026 9:37:02 AM de.learnlib.logging.LearnLogger logQuery
INFO: DB CACHE [ε | challenge_v1 success_request_with_credentials_v1 challenge_v1 inner_failure inner_success id_request_v1 inner_success eap_success id_request_v1 /  challenge_response_v1 success_response_v1 challenge_response_v1 empty_peap empty_peap id_response_v1 empty_peap after_eap_success no_reply]
Mar 31, 2026 9:37:02 AM de.learnlib.logging.LearnLogger logQuery
INFO: DB CACHE [ε | challenge_v1 success_request_with_credentials_v1 challenge_v1 inner_failure success_request_with_credentials_v1 inner_success eap_success id_request_v1 /  challenge_response_v1 success_response_v1 challenge_response_v1 empty_peap success_response_v1 empty_peap after_eap_success id_response_v1]
Mar 31, 2026 9:37:02 AM de.learnlib.logging.LearnLogger logQuery
INFO: DISABLED [ε | challenge_v1 success_request_with_credentials_v1 challenge_v1 inner_failure success_request_all_zeros_v1 inner_success eap_success id_request_v1 /  challenge_response_v1 success_response_v1 challenge_response_v1 empty_peap no_reply - - -]
Mar 31, 2026 9:37:02 AM de.learnlib.logging.LearnLogger logQuery
INFO: DB CACHE [ε | challenge_v1 success_request_with_credentials_v1 challenge_v1 inner_failure challenge_v1 inner_success eap_success id_request_v1 /  challenge_response_v1 success_response_v1 challenge_response_v1 empty_peap challenge_response_v1 empty_peap after_eap_success no_reply]
Mar 31, 2026 9:37:02 AM de.learnlib.logging.LearnLogger logQuery
INFO: DB CACHE [ε | challenge_v1 success_request_with_credentials_v1 challenge_v1 inner_failure id_request_v1 inner_success eap_success id_request_v1 /  challenge_response_v1 success_response_v1 challenge_response_v1 empty_peap id_response_v1 empty_peap after_eap_success no_reply]
Mar 31, 2026 9:37:02 AM de.learnlib.logging.LearnLogger logQuery
INFO: DB CACHE [ε | challenge_v1 success_request_with_credentials_v1 challenge_v1 inner_success inner_success eap_success id_request_v1 /  challenge_response_v1 success_response_v1 challenge_response_v1 empty_peap empty_peap after_eap_success id_response_v1]
Mar 31, 2026 9:37:02 AM de.learnlib.logging.LearnLogger logQuery
INFO: DB CACHE [ε | challenge_v1 success_request_with_credentials_v1 challenge_v1 success_request_with_credentials_v1 inner_success eap_success id_request_v1 /  challenge_response_v1 success_response_v1 challenge_response_v1 success_response_v1 empty_peap after_eap_success id_response_v1]
Mar 31, 2026 9:37:02 AM de.learnlib.logging.LearnLogger logQuery
INFO: DISABLED [ε | challenge_v1 success_request_with_credentials_v1 challenge_v1 success_request_all_zeros_v1 inner_success eap_success id_request_v1 /  challenge_response_v1 success_response_v1 challenge_response_v1 no_reply - - -]
Mar 31, 2026 9:37:02 AM de.learnlib.logging.LearnLogger logQuery
INFO: DB CACHE [ε | challenge_v1 success_request_with_credentials_v1 challenge_v1 challenge_v1 inner_success eap_success id_request_v1 /  challenge_response_v1 success_response_v1 challenge_response_v1 challenge_response_v1 empty_peap after_eap_success id_response_v1]
Mar 31, 2026 9:37:02 AM de.learnlib.logging.LearnLogger logQuery
INFO: DB CACHE [ε | challenge_v1 success_request_with_credentials_v1 challenge_v1 id_request_v1 inner_success eap_success id_request_v1 /  challenge_response_v1 success_response_v1 challenge_response_v1 id_response_v1 empty_peap after_eap_success id_response_v1]
Mar 31, 2026 9:37:02 AM de.learnlib.logging.LearnLogger logQuery
INFO: DB CACHE [ε | challenge_v1 success_request_with_credentials_v1 id_request_v1 inner_success eap_success id_request_v1 /  challenge_response_v1 success_response_v1 id_response_v1 empty_peap after_eap_success id_response_v1]
Mar 31, 2026 9:37:02 AM de.learnlib.logging.LearnLogger logQuery
INFO: DISABLED [ε | challenge_v1 success_request_all_zeros_v1 inner_success eap_success id_request_v1 /  challenge_response_v1 no_reply - - -]
Mar 31, 2026 9:37:02 AM de.learnlib.logging.LearnLogger logQuery
INFO: DB CACHE [ε | challenge_v1 challenge_v1 inner_success eap_success id_request_v1 /  challenge_response_v1 challenge_response_v1 empty_peap after_eap_success no_reply]
Mar 31, 2026 9:37:02 AM de.learnlib.logging.LearnLogger logQuery
INFO: DB CACHE [ε | challenge_v1 id_request_v1 inner_success eap_success id_request_v1 /  challenge_response_v1 id_response_v1 empty_peap after_eap_success no_reply]
Mar 31, 2026 9:37:02 AM de.learnlib.logging.LearnLogger logQuery
INFO: DB CACHE [ε | id_request_v1 inner_success eap_success id_request_v1 /  id_response_v1 empty_peap after_eap_success no_reply]
Mar 31, 2026 9:37:02 AM de.learnlib.logging.LearnLogger logQuery
INFO: DISABLED [ε | 4_way_message_1 inner_failure inner_success eap_success id_request_v1 /  no_reply - - - -]
Mar 31, 2026 9:37:02 AM de.learnlib.logging.LearnLogger logQuery
INFO: DISABLED [ε | eap_success 4_way_message_1 inner_failure inner_success eap_success id_request_v1 /  after_eap_success no_reply - - - -]
Mar 31, 2026 9:37:02 AM de.learnlib.logging.LearnLogger logQuery
INFO: DISABLED [ε | eap_success eap_success inner_failure inner_success eap_success id_request_v1 /  after_eap_success after_eap_success no_reply - - -]
Mar 31, 2026 9:37:02 AM de.learnlib.logging.LearnLogger logQuery
INFO: DISABLED [ε | eap_success inner_failure inner_failure inner_success eap_success id_request_v1 /  after_eap_success no_reply - - - -]
Mar 31, 2026 9:37:02 AM de.learnlib.logging.LearnLogger logQuery
INFO: DISABLED [ε | eap_success inner_success inner_failure inner_success eap_success id_request_v1 /  after_eap_success no_reply - - - -]
Mar 31, 2026 9:37:02 AM de.learnlib.logging.LearnLogger logQuery
INFO: DISABLED [ε | eap_success success_request_with_credentials_v1 inner_failure inner_success eap_success id_request_v1 /  after_eap_success no_reply - - - -]
Mar 31, 2026 9:37:02 AM de.learnlib.logging.LearnLogger logQuery
INFO: DISABLED [ε | eap_success success_request_all_zeros_v1 inner_failure inner_success eap_success id_request_v1 /  after_eap_success no_reply - - - -]
Mar 31, 2026 9:37:02 AM de.learnlib.logging.LearnLogger logQuery
INFO: DISABLED [ε | eap_success challenge_v1 inner_failure inner_success eap_success id_request_v1 /  after_eap_success no_reply - - - -]
Mar 31, 2026 9:37:02 AM de.learnlib.logging.LearnLogger logQuery
INFO: DISABLED [ε | eap_success id_request_v1 inner_failure inner_success eap_success id_request_v1 /  after_eap_success no_reply - - - -]
Mar 31, 2026 9:37:02 AM de.learnlib.logging.LearnLogger logQuery
INFO: DB CACHE [ε | inner_failure inner_failure inner_success eap_success id_request_v1 /  empty_peap empty_peap empty_peap after_eap_success no_reply]
Mar 31, 2026 9:37:02 AM de.learnlib.logging.LearnLogger logQuery
INFO: DB CACHE [ε | inner_success inner_failure inner_success eap_success id_request_v1 /  empty_peap empty_peap empty_peap after_eap_success no_reply]
Mar 31, 2026 9:37:02 AM de.learnlib.logging.LearnLogger logQuery
INFO: DISABLED [ε | success_request_with_credentials_v1 inner_failure inner_success eap_success id_request_v1 /  no_reply - - - -]
Mar 31, 2026 9:37:02 AM de.learnlib.logging.LearnLogger logQuery
INFO: DISABLED [ε | success_request_all_zeros_v1 4_way_message_1 inner_failure inner_success eap_success id_request_v1 /  no_reply - - - - -]
Mar 31, 2026 9:37:02 AM de.learnlib.logging.LearnLogger logQuery
INFO: DISABLED [ε | success_request_all_zeros_v1 eap_success inner_failure inner_success eap_success id_request_v1 /  no_reply - - - - -]
Mar 31, 2026 9:37:02 AM de.learnlib.logging.LearnLogger logQuery
INFO: DISABLED [ε | success_request_all_zeros_v1 inner_failure inner_failure inner_success eap_success id_request_v1 /  no_reply - - - - -]
Mar 31, 2026 9:37:02 AM de.learnlib.logging.LearnLogger logQuery
INFO: DISABLED [ε | success_request_all_zeros_v1 inner_success inner_failure inner_success eap_success id_request_v1 /  no_reply - - - - -]
Mar 31, 2026 9:37:02 AM de.learnlib.logging.LearnLogger logQuery
INFO: DISABLED [ε | success_request_all_zeros_v1 success_request_with_credentials_v1 inner_failure inner_success eap_success id_request_v1 /  no_reply - - - - -]
Mar 31, 2026 9:37:02 AM de.learnlib.logging.LearnLogger logQuery
INFO: DISABLED [ε | success_request_all_zeros_v1 success_request_all_zeros_v1 inner_failure inner_success eap_success id_request_v1 /  no_reply - - - - -]
Mar 31, 2026 9:37:02 AM de.learnlib.logging.LearnLogger logQuery
INFO: DISABLED [ε | success_request_all_zeros_v1 challenge_v1 inner_failure inner_success eap_success id_request_v1 /  no_reply - - - - -]
Mar 31, 2026 9:37:02 AM de.learnlib.logging.LearnLogger logQuery
INFO: DISABLED [ε | success_request_all_zeros_v1 id_request_v1 inner_failure inner_success eap_success id_request_v1 /  no_reply - - - - -]
Mar 31, 2026 9:37:02 AM de.learnlib.logging.LearnLogger logQuery
INFO: DISABLED [ε | challenge_v1 4_way_message_1 inner_failure inner_success eap_success id_request_v1 /  challenge_response_v1 no_reply - - - -]
Mar 31, 2026 9:37:02 AM de.learnlib.logging.LearnLogger logQuery
INFO: DISABLED [ε | challenge_v1 eap_success inner_failure inner_success eap_success id_request_v1 /  challenge_response_v1 after_eap_success no_reply - - -]
Mar 31, 2026 9:37:02 AM de.learnlib.logging.LearnLogger logQuery
INFO: DB CACHE [ε | challenge_v1 inner_failure inner_failure inner_success eap_success id_request_v1 /  challenge_response_v1 empty_peap empty_peap empty_peap after_eap_success no_reply]
Mar 31, 2026 9:37:02 AM de.learnlib.logging.LearnLogger logQuery
INFO: DB CACHE [ε | challenge_v1 inner_success inner_failure inner_success eap_success id_request_v1 /  challenge_response_v1 empty_peap empty_peap empty_peap after_eap_success no_reply]
Mar 31, 2026 9:37:02 AM de.learnlib.logging.LearnLogger logQuery
INFO: DISABLED [ε | challenge_v1 success_request_with_credentials_v1 4_way_message_1 inner_failure inner_success eap_success id_request_v1 /  challenge_response_v1 success_response_v1 4_way_message_2 - - - -]
Mar 31, 2026 9:37:02 AM de.learnlib.logging.LearnLogger logQuery
INFO: DISABLED [ε | challenge_v1 success_request_with_credentials_v1 eap_success 4_way_message_1 inner_failure inner_success eap_success id_request_v1 /  challenge_response_v1 success_response_v1 after_eap_success 4_way_message_2 - - - -]
Mar 31, 2026 9:37:02 AM de.learnlib.logging.LearnLogger logQuery
INFO: DB CACHE [ε | challenge_v1 success_request_with_credentials_v1 eap_success eap_success inner_failure inner_success eap_success id_request_v1 /  challenge_response_v1 success_response_v1 after_eap_success after_eap_success empty_peap empty_peap after_eap_success id_response_v1]
Mar 31, 2026 9:37:02 AM de.learnlib.logging.LearnLogger logQuery
INFO: DISABLED [ε | challenge_v1 success_request_with_credentials_v1 eap_success inner_failure 4_way_message_1 4_way_message_1 inner_failure inner_success eap_success id_request_v1 /  challenge_response_v1 success_response_v1 after_eap_success empty_peap no_reply - - - - -]
Mar 31, 2026 9:37:02 AM de.learnlib.logging.LearnLogger logQuery
INFO: DISABLED [ε | challenge_v1 success_request_with_credentials_v1 eap_success inner_failure 4_way_message_1 eap_success inner_failure inner_success eap_success id_request_v1 /  challenge_response_v1 success_response_v1 after_eap_success empty_peap no_reply - - - - -]
Mar 31, 2026 9:37:02 AM de.learnlib.logging.LearnLogger logQuery
INFO: DISABLED [ε | challenge_v1 success_request_with_credentials_v1 eap_success inner_failure 4_way_message_1 inner_failure inner_failure inner_success eap_success id_request_v1 /  challenge_response_v1 success_response_v1 after_eap_success empty_peap no_reply - - - - -]
Mar 31, 2026 9:37:02 AM de.learnlib.logging.LearnLogger logQuery
INFO: DISABLED [ε | challenge_v1 success_request_with_credentials_v1 eap_success inner_failure 4_way_message_1 inner_success inner_failure inner_success eap_success id_request_v1 /  challenge_response_v1 success_response_v1 after_eap_success empty_peap no_reply - - - - -]
Mar 31, 2026 9:37:02 AM de.learnlib.logging.LearnLogger logQuery
INFO: DISABLED [ε | challenge_v1 success_request_with_credentials_v1 eap_success inner_failure 4_way_message_1 success_request_with_credentials_v1 inner_failure inner_success eap_success id_request_v1 /  challenge_response_v1 success_response_v1 after_eap_success empty_peap no_reply - - - - -]
Mar 31, 2026 9:37:02 AM de.learnlib.logging.LearnLogger logQuery
INFO: DISABLED [ε | challenge_v1 success_request_with_credentials_v1 eap_success inner_failure 4_way_message_1 success_request_all_zeros_v1 inner_failure inner_success eap_success id_request_v1 /  challenge_response_v1 success_response_v1 after_eap_success empty_peap no_reply - - - - -]
Mar 31, 2026 9:37:02 AM de.learnlib.logging.LearnLogger logQuery
INFO: DISABLED [ε | challenge_v1 success_request_with_credentials_v1 eap_success inner_failure 4_way_message_1 challenge_v1 inner_failure inner_success eap_success id_request_v1 /  challenge_response_v1 success_response_v1 after_eap_success empty_peap no_reply - - - - -]
Mar 31, 2026 9:37:02 AM de.learnlib.logging.LearnLogger logQuery
INFO: DISABLED [ε | challenge_v1 success_request_with_credentials_v1 eap_success inner_failure 4_way_message_1 id_request_v1 inner_failure inner_success eap_success id_request_v1 /  challenge_response_v1 success_response_v1 after_eap_success empty_peap no_reply - - - - -]
Mar 31, 2026 9:37:02 AM de.learnlib.logging.LearnLogger logQuery
INFO: DB CACHE [ε | challenge_v1 success_request_with_credentials_v1 eap_success inner_failure eap_success inner_failure inner_success eap_success id_request_v1 /  challenge_response_v1 success_response_v1 after_eap_success empty_peap after_eap_success empty_peap empty_peap after_eap_success id_response_v1]
Mar 31, 2026 9:37:02 AM de.learnlib.logging.LearnLogger logQuery
INFO: DB CACHE [ε | challenge_v1 success_request_with_credentials_v1 eap_success inner_failure inner_failure inner_failure inner_success eap_success id_request_v1 /  challenge_response_v1 success_response_v1 after_eap_success empty_peap empty_peap empty_peap empty_peap after_eap_success id_response_v1]
Mar 31, 2026 9:37:02 AM de.learnlib.logging.LearnLogger logQuery
INFO: DB CACHE [ε | challenge_v1 success_request_with_credentials_v1 eap_success inner_failure inner_success inner_failure inner_success eap_success id_request_v1 /  challenge_response_v1 success_response_v1 after_eap_success empty_peap empty_peap empty_peap empty_peap after_eap_success id_response_v1]
Mar 31, 2026 9:37:02 AM de.learnlib.logging.LearnLogger logQuery
INFO: DB CACHE [ε | challenge_v1 success_request_with_credentials_v1 eap_success inner_failure success_request_with_credentials_v1 inner_failure inner_success eap_success id_request_v1 /  challenge_response_v1 success_response_v1 after_eap_success empty_peap success_response_v1 empty_peap empty_peap after_eap_success id_response_v1]
Mar 31, 2026 9:37:02 AM de.learnlib.logging.LearnLogger logQuery
INFO: DISABLED [ε | challenge_v1 success_request_with_credentials_v1 eap_success inner_failure success_request_all_zeros_v1 inner_failure inner_success eap_success id_request_v1 /  challenge_response_v1 success_response_v1 after_eap_success empty_peap no_reply - - - -]
Mar 31, 2026 9:37:02 AM de.learnlib.logging.LearnLogger logQuery
INFO: DB CACHE [ε | challenge_v1 success_request_with_credentials_v1 eap_success inner_failure challenge_v1 inner_failure inner_success eap_success id_request_v1 /  challenge_response_v1 success_response_v1 after_eap_success empty_peap challenge_response_v1 empty_peap empty_peap after_eap_success id_response_v1]
Mar 31, 2026 9:37:02 AM de.learnlib.logging.LearnLogger logQuery
INFO: DB CACHE [ε | challenge_v1 success_request_with_credentials_v1 eap_success inner_failure id_request_v1 inner_failure inner_success eap_success id_request_v1 /  challenge_response_v1 success_response_v1 after_eap_success empty_peap id_response_v1 empty_peap empty_peap after_eap_success id_response_v1]
Mar 31, 2026 9:37:02 AM de.learnlib.logging.LearnLogger logQuery
INFO: DB CACHE [ε | challenge_v1 success_request_with_credentials_v1 eap_success inner_success inner_failure inner_success eap_success id_request_v1 /  challenge_response_v1 success_response_v1 after_eap_success empty_peap empty_peap empty_peap after_eap_success id_response_v1]
Mar 31, 2026 9:37:02 AM de.learnlib.logging.LearnLogger logQuery
INFO: DB CACHE [ε | challenge_v1 success_request_with_credentials_v1 eap_success success_request_with_credentials_v1 inner_failure inner_success eap_success id_request_v1 /  challenge_response_v1 success_response_v1 after_eap_success success_response_v1 empty_peap empty_peap after_eap_success id_response_v1]
Mar 31, 2026 9:37:02 AM de.learnlib.logging.LearnLogger logQuery
INFO: DISABLED [ε | challenge_v1 success_request_with_credentials_v1 eap_success success_request_all_zeros_v1 inner_failure inner_success eap_success id_request_v1 /  challenge_response_v1 success_response_v1 after_eap_success no_reply - - - -]
Mar 31, 2026 9:37:02 AM de.learnlib.logging.LearnLogger logQuery
INFO: DB CACHE [ε | challenge_v1 success_request_with_credentials_v1 eap_success challenge_v1 inner_failure inner_success eap_success id_request_v1 /  challenge_response_v1 success_response_v1 after_eap_success challenge_response_v1 empty_peap empty_peap after_eap_success id_response_v1]
Mar 31, 2026 9:37:02 AM de.learnlib.logging.LearnLogger logQuery
INFO: DB CACHE [ε | challenge_v1 success_request_with_credentials_v1 eap_success id_request_v1 inner_failure inner_success eap_success id_request_v1 /  challenge_response_v1 success_response_v1 after_eap_success id_response_v1 empty_peap empty_peap after_eap_success id_response_v1]
Mar 31, 2026 9:37:02 AM de.learnlib.logging.LearnLogger logQuery
INFO: DISABLED [ε | challenge_v1 success_request_with_credentials_v1 inner_failure 4_way_message_1 inner_failure inner_success eap_success id_request_v1 /  challenge_response_v1 success_response_v1 empty_peap 4_way_message_2 - - - -]
Mar 31, 2026 9:37:02 AM de.learnlib.logging.LearnLogger logQuery
INFO: DISABLED [ε | challenge_v1 success_request_with_credentials_v1 inner_failure eap_success 4_way_message_1 inner_failure inner_success eap_success id_request_v1 /  challenge_response_v1 success_response_v1 empty_peap after_eap_success no_reply - - - -]
Mar 31, 2026 9:37:02 AM de.learnlib.logging.LearnLogger logQuery
INFO: DISABLED [ε | challenge_v1 success_request_with_credentials_v1 inner_failure eap_success eap_success inner_failure inner_success eap_success id_request_v1 /  challenge_response_v1 success_response_v1 empty_peap after_eap_success after_eap_success no_reply - - -]
Mar 31, 2026 9:37:02 AM de.learnlib.logging.LearnLogger logQuery
INFO: DISABLED [ε | challenge_v1 success_request_with_credentials_v1 inner_failure eap_success inner_failure inner_failure inner_success eap_success id_request_v1 /  challenge_response_v1 success_response_v1 empty_peap after_eap_success no_reply - - - -]
Mar 31, 2026 9:37:02 AM de.learnlib.logging.LearnLogger logQuery
INFO: DISABLED [ε | challenge_v1 success_request_with_credentials_v1 inner_failure eap_success inner_success inner_failure inner_success eap_success id_request_v1 /  challenge_response_v1 success_response_v1 empty_peap after_eap_success no_reply - - - -]
Mar 31, 2026 9:37:02 AM de.learnlib.logging.LearnLogger logQuery
INFO: DISABLED [ε | challenge_v1 success_request_with_credentials_v1 inner_failure eap_success success_request_with_credentials_v1 4_way_message_1 inner_failure inner_success eap_success id_request_v1 /  challenge_response_v1 success_response_v1 empty_peap after_eap_success no_reply - - - - -]
Mar 31, 2026 9:37:02 AM de.learnlib.logging.LearnLogger logQuery
INFO: DISABLED [ε | challenge_v1 success_request_with_credentials_v1 inner_failure eap_success success_request_with_credentials_v1 eap_success inner_failure inner_success eap_success id_request_v1 /  challenge_response_v1 success_response_v1 empty_peap after_eap_success no_reply - - - - -]
Mar 31, 2026 9:37:02 AM de.learnlib.logging.LearnLogger logQuery
INFO: DISABLED [ε | challenge_v1 success_request_with_credentials_v1 inner_failure eap_success success_request_with_credentials_v1 inner_failure inner_failure inner_success eap_success id_request_v1 /  challenge_response_v1 success_response_v1 empty_peap after_eap_success no_reply - - - - -]
Mar 31, 2026 9:37:02 AM de.learnlib.logging.LearnLogger logQuery
INFO: DISABLED [ε | challenge_v1 success_request_with_credentials_v1 inner_failure eap_success success_request_with_credentials_v1 inner_success inner_failure inner_success eap_success id_request_v1 /  challenge_response_v1 success_response_v1 empty_peap after_eap_success no_reply - - - - -]
Mar 31, 2026 9:37:02 AM de.learnlib.logging.LearnLogger logQuery
INFO: DISABLED [ε | challenge_v1 success_request_with_credentials_v1 inner_failure eap_success success_request_with_credentials_v1 success_request_with_credentials_v1 inner_failure inner_success eap_success id_request_v1 /  challenge_response_v1 success_response_v1 empty_peap after_eap_success no_reply - - - - -]
Mar 31, 2026 9:37:02 AM de.learnlib.logging.LearnLogger logQuery
INFO: DISABLED [ε | challenge_v1 success_request_with_credentials_v1 inner_failure eap_success success_request_with_credentials_v1 success_request_all_zeros_v1 inner_failure inner_success eap_success id_request_v1 /  challenge_response_v1 success_response_v1 empty_peap after_eap_success no_reply - - - - -]
Mar 31, 2026 9:37:02 AM de.learnlib.logging.LearnLogger logQuery
INFO: DISABLED [ε | challenge_v1 success_request_with_credentials_v1 inner_failure eap_success success_request_with_credentials_v1 challenge_v1 inner_failure inner_success eap_success id_request_v1 /  challenge_response_v1 success_response_v1 empty_peap after_eap_success no_reply - - - - -]
Mar 31, 2026 9:37:02 AM de.learnlib.logging.LearnLogger logQuery
INFO: DISABLED [ε | challenge_v1 success_request_with_credentials_v1 inner_failure eap_success success_request_with_credentials_v1 id_request_v1 inner_failure inner_success eap_success id_request_v1 /  challenge_response_v1 success_response_v1 empty_peap after_eap_success no_reply - - - - -]
Mar 31, 2026 9:37:02 AM de.learnlib.logging.LearnLogger logQuery
INFO: DISABLED [ε | challenge_v1 success_request_with_credentials_v1 inner_failure eap_success success_request_all_zeros_v1 inner_failure inner_success eap_success id_request_v1 /  challenge_response_v1 success_response_v1 empty_peap after_eap_success no_reply - - - -]
Mar 31, 2026 9:37:02 AM de.learnlib.logging.LearnLogger logQuery
INFO: DISABLED [ε | challenge_v1 success_request_with_credentials_v1 inner_failure eap_success challenge_v1 inner_failure inner_success eap_success id_request_v1 /  challenge_response_v1 success_response_v1 empty_peap after_eap_success no_reply - - - -]
Mar 31, 2026 9:37:02 AM de.learnlib.logging.LearnLogger logQuery
INFO: DISABLED [ε | challenge_v1 success_request_with_credentials_v1 inner_failure eap_success id_request_v1 inner_failure inner_success eap_success id_request_v1 /  challenge_response_v1 success_response_v1 empty_peap after_eap_success no_reply - - - -]
Mar 31, 2026 9:37:02 AM de.learnlib.logging.LearnLogger logQuery
INFO: DB CACHE [ε | challenge_v1 success_request_with_credentials_v1 inner_failure inner_failure inner_failure inner_success eap_success id_request_v1 /  challenge_response_v1 success_response_v1 empty_peap empty_peap empty_peap empty_peap after_eap_success id_response_v1]
Mar 31, 2026 9:37:02 AM de.learnlib.logging.LearnLogger logQuery
INFO: DB CACHE [ε | challenge_v1 success_request_with_credentials_v1 inner_failure inner_success inner_failure inner_success eap_success id_request_v1 /  challenge_response_v1 success_response_v1 empty_peap empty_peap empty_peap empty_peap after_eap_success id_response_v1]
Mar 31, 2026 9:37:02 AM de.learnlib.logging.LearnLogger logQuery
INFO: DB CACHE [ε | challenge_v1 success_request_with_credentials_v1 inner_failure success_request_with_credentials_v1 inner_failure inner_success eap_success id_request_v1 /  challenge_response_v1 success_response_v1 empty_peap success_response_v1 empty_peap empty_peap after_eap_success id_response_v1]
Mar 31, 2026 9:37:02 AM de.learnlib.logging.LearnLogger logQuery
INFO: DISABLED [ε | challenge_v1 success_request_with_credentials_v1 inner_failure success_request_all_zeros_v1 inner_failure inner_success eap_success id_request_v1 /  challenge_response_v1 success_response_v1 empty_peap no_reply - - - -]
Mar 31, 2026 9:37:02 AM de.learnlib.logging.LearnLogger logQuery
INFO: DB CACHE [ε | challenge_v1 success_request_with_credentials_v1 inner_failure challenge_v1 inner_failure inner_success eap_success id_request_v1 /  challenge_response_v1 success_response_v1 empty_peap challenge_response_v1 empty_peap empty_peap after_eap_success no_reply]
Mar 31, 2026 9:37:02 AM de.learnlib.logging.LearnLogger logQuery
INFO: DB CACHE [ε | challenge_v1 success_request_with_credentials_v1 inner_failure id_request_v1 inner_failure inner_success eap_success id_request_v1 /  challenge_response_v1 success_response_v1 empty_peap id_response_v1 empty_peap empty_peap after_eap_success id_response_v1]
Mar 31, 2026 9:37:02 AM de.learnlib.logging.LearnLogger logQuery
INFO: DB CACHE [ε | challenge_v1 success_request_with_credentials_v1 inner_success inner_failure inner_success eap_success id_request_v1 /  challenge_response_v1 success_response_v1 empty_peap empty_peap empty_peap after_eap_success id_response_v1]
Mar 31, 2026 9:37:02 AM de.learnlib.logging.LearnLogger logQuery
INFO: DB CACHE [ε | challenge_v1 success_request_with_credentials_v1 success_request_with_credentials_v1 inner_failure inner_success eap_success id_request_v1 /  challenge_response_v1 success_response_v1 success_response_v1 empty_peap empty_peap after_eap_success id_response_v1]
Mar 31, 2026 9:37:02 AM de.learnlib.logging.LearnLogger logQuery
INFO: DISABLED [ε | challenge_v1 success_request_with_credentials_v1 success_request_all_zeros_v1 inner_failure inner_success eap_success id_request_v1 /  challenge_response_v1 success_response_v1 no_reply - - - -]
Mar 31, 2026 9:37:02 AM de.learnlib.logging.LearnLogger logQuery
INFO: DISABLED [ε | challenge_v1 success_request_with_credentials_v1 challenge_v1 4_way_message_1 inner_failure inner_success eap_success id_request_v1 /  challenge_response_v1 success_response_v1 challenge_response_v1 4_way_message_2 - - - -]
Mar 31, 2026 9:37:02 AM de.learnlib.logging.LearnLogger logQuery
INFO: DB CACHE [ε | challenge_v1 success_request_with_credentials_v1 challenge_v1 eap_success inner_failure inner_success eap_success id_request_v1 /  challenge_response_v1 success_response_v1 challenge_response_v1 after_eap_success empty_peap empty_peap after_eap_success id_response_v1]
Mar 31, 2026 9:37:02 AM de.learnlib.logging.LearnLogger logQuery
INFO: DISABLED [ε | challenge_v1 success_request_with_credentials_v1 challenge_v1 inner_failure 4_way_message_1 inner_failure inner_success eap_success id_request_v1 /  challenge_response_v1 success_response_v1 challenge_response_v1 empty_peap 4_way_message_2 - - - -]
Mar 31, 2026 9:37:02 AM de.learnlib.logging.LearnLogger logQuery
INFO: DB CACHE [ε | challenge_v1 success_request_with_credentials_v1 challenge_v1 inner_failure eap_success inner_failure inner_success eap_success id_request_v1 /  challenge_response_v1 success_response_v1 challenge_response_v1 empty_peap after_eap_success no_reply - - -]
Mar 31, 2026 9:37:02 AM de.learnlib.logging.LearnLogger logQuery
INFO: DB CACHE [ε | challenge_v1 success_request_with_credentials_v1 challenge_v1 inner_failure inner_failure inner_failure inner_success eap_success id_request_v1 /  challenge_response_v1 success_response_v1 challenge_response_v1 empty_peap empty_peap empty_peap empty_peap after_eap_success no_reply]
Mar 31, 2026 9:37:02 AM de.learnlib.logging.LearnLogger logQuery
INFO: DISABLED [ε | challenge_v1 success_request_with_credentials_v1 challenge_v1 inner_failure inner_success 4_way_message_1 inner_failure inner_success eap_success id_request_v1 /  challenge_response_v1 success_response_v1 challenge_response_v1 empty_peap empty_peap 4_way_message_2 - - - -]
Mar 31, 2026 9:37:02 AM de.learnlib.logging.LearnLogger logQuery
INFO: DISABLED [ε | challenge_v1 success_request_with_credentials_v1 challenge_v1 inner_failure inner_success eap_success 4_way_message_1 inner_failure inner_success eap_success id_request_v1 /  challenge_response_v1 success_response_v1 challenge_response_v1 empty_peap empty_peap after_eap_success no_reply - - - -]
Mar 31, 2026 9:37:02 AM de.learnlib.logging.LearnLogger logQuery
INFO: DB CACHE [ε | challenge_v1 success_request_with_credentials_v1 challenge_v1 inner_failure inner_success eap_success eap_success inner_failure inner_success eap_success id_request_v1 /  challenge_response_v1 success_response_v1 challenge_response_v1 empty_peap empty_peap after_eap_success after_eap_success no_reply - - -]
Mar 31, 2026 9:37:02 AM de.learnlib.logging.LearnLogger logQuery
INFO: DISABLED [ε | challenge_v1 success_request_with_credentials_v1 challenge_v1 inner_failure inner_success eap_success inner_failure inner_failure inner_success eap_success id_request_v1 /  challenge_response_v1 success_response_v1 challenge_response_v1 empty_peap empty_peap after_eap_success no_reply - - - -]
Mar 31, 2026 9:37:02 AM de.learnlib.logging.LearnLogger logQuery
INFO: DISABLED [ε | challenge_v1 success_request_with_credentials_v1 challenge_v1 inner_failure inner_success eap_success inner_success inner_failure inner_success eap_success id_request_v1 /  challenge_response_v1 success_response_v1 challenge_response_v1 empty_peap empty_peap after_eap_success no_reply - - - -]
Mar 31, 2026 9:37:02 AM de.learnlib.logging.LearnLogger logQuery
INFO: DISABLED [ε | challenge_v1 success_request_with_credentials_v1 challenge_v1 inner_failure inner_success eap_success success_request_with_credentials_v1 inner_failure inner_success eap_success id_request_v1 /  challenge_response_v1 success_response_v1 challenge_response_v1 empty_peap empty_peap after_eap_success no_reply - - - -]
Mar 31, 2026 9:37:02 AM de.learnlib.logging.LearnLogger logQuery
INFO: DISABLED [ε | challenge_v1 success_request_with_credentials_v1 challenge_v1 inner_failure inner_success eap_success success_request_all_zeros_v1 inner_failure inner_success eap_success id_request_v1 /  challenge_response_v1 success_response_v1 challenge_response_v1 empty_peap empty_peap after_eap_success no_reply - - - -]
Mar 31, 2026 9:37:02 AM de.learnlib.logging.LearnLogger logQuery
INFO: DISABLED [ε | challenge_v1 success_request_with_credentials_v1 challenge_v1 inner_failure inner_success eap_success challenge_v1 inner_failure inner_success eap_success id_request_v1 /  challenge_response_v1 success_response_v1 challenge_response_v1 empty_peap empty_peap after_eap_success no_reply - - - -]
Mar 31, 2026 9:37:02 AM de.learnlib.logging.LearnLogger logQuery
INFO: DISABLED [ε | challenge_v1 success_request_with_credentials_v1 challenge_v1 inner_failure inner_success eap_success id_request_v1 4_way_message_1 inner_failure inner_success eap_success id_request_v1 /  challenge_response_v1 success_response_v1 challenge_response_v1 empty_peap empty_peap after_eap_success no_reply - - - - -]
Mar 31, 2026 9:37:02 AM de.learnlib.logging.LearnLogger logQuery
INFO: DISABLED [ε | challenge_v1 success_request_with_credentials_v1 challenge_v1 inner_failure inner_success eap_success id_request_v1 eap_success inner_failure inner_success eap_success id_request_v1 /  challenge_response_v1 success_response_v1 challenge_response_v1 empty_peap empty_peap after_eap_success no_reply - - - - -]
Mar 31, 2026 9:37:02 AM de.learnlib.logging.LearnLogger logQuery
INFO: DISABLED [ε | challenge_v1 success_request_with_credentials_v1 challenge_v1 inner_failure inner_success eap_success id_request_v1 inner_failure inner_failure inner_success eap_success id_request_v1 /  challenge_response_v1 success_response_v1 challenge_response_v1 empty_peap empty_peap after_eap_success no_reply - - - - -]
Mar 31, 2026 9:37:02 AM de.learnlib.logging.LearnLogger logQuery
INFO: DISABLED [ε | challenge_v1 success_request_with_credentials_v1 challenge_v1 inner_failure inner_success eap_success id_request_v1 inner_success inner_failure inner_success eap_success id_request_v1 /  challenge_response_v1 success_response_v1 challenge_response_v1 empty_peap empty_peap after_eap_success no_reply - - - - -]
Mar 31, 2026 9:37:02 AM de.learnlib.logging.LearnLogger logQuery
INFO: DISABLED [ε | challenge_v1 success_request_with_credentials_v1 challenge_v1 inner_failure inner_success eap_success id_request_v1 success_request_with_credentials_v1 inner_failure inner_success eap_success id_request_v1 /  challenge_response_v1 success_response_v1 challenge_response_v1 empty_peap empty_peap after_eap_success no_reply - - - - -]
Mar 31, 2026 9:37:02 AM de.learnlib.logging.LearnLogger logQuery
INFO: DISABLED [ε | challenge_v1 success_request_with_credentials_v1 challenge_v1 inner_failure inner_success eap_success id_request_v1 success_request_all_zeros_v1 inner_failure inner_success eap_success id_request_v1 /  challenge_response_v1 success_response_v1 challenge_response_v1 empty_peap empty_peap after_eap_success no_reply - - - - -]
Mar 31, 2026 9:37:02 AM de.learnlib.logging.LearnLogger logQuery
INFO: DISABLED [ε | challenge_v1 success_request_with_credentials_v1 challenge_v1 inner_failure inner_success eap_success id_request_v1 challenge_v1 inner_failure inner_success eap_success id_request_v1 /  challenge_response_v1 success_response_v1 challenge_response_v1 empty_peap empty_peap after_eap_success no_reply - - - - -]
Mar 31, 2026 9:37:02 AM de.learnlib.logging.LearnLogger logQuery
INFO: DISABLED [ε | challenge_v1 success_request_with_credentials_v1 challenge_v1 inner_failure inner_success eap_success id_request_v1 id_request_v1 inner_failure inner_success eap_success id_request_v1 /  challenge_response_v1 success_response_v1 challenge_response_v1 empty_peap empty_peap after_eap_success no_reply - - - - -]
Mar 31, 2026 9:37:02 AM de.learnlib.logging.LearnLogger logQuery
INFO: DB CACHE [ε | challenge_v1 success_request_with_credentials_v1 challenge_v1 inner_failure inner_success inner_failure inner_failure inner_success eap_success id_request_v1 /  challenge_response_v1 success_response_v1 challenge_response_v1 empty_peap empty_peap empty_peap empty_peap empty_peap after_eap_success no_reply]
Mar 31, 2026 9:37:02 AM de.learnlib.logging.LearnLogger logQuery
INFO: DB CACHE [ε | challenge_v1 success_request_with_credentials_v1 challenge_v1 inner_failure inner_success inner_success inner_failure inner_success eap_success id_request_v1 /  challenge_response_v1 success_response_v1 challenge_response_v1 empty_peap empty_peap empty_peap empty_peap empty_peap after_eap_success no_reply]
Mar 31, 2026 9:37:02 AM de.learnlib.logging.LearnLogger logQuery
INFO: DB CACHE [ε | challenge_v1 success_request_with_credentials_v1 challenge_v1 inner_failure inner_success success_request_with_credentials_v1 inner_failure inner_success eap_success id_request_v1 /  challenge_response_v1 success_response_v1 challenge_response_v1 empty_peap empty_peap success_response_v1 empty_peap empty_peap after_eap_success id_response_v1]
Mar 31, 2026 9:37:02 AM de.learnlib.logging.LearnLogger logQuery
INFO: DISABLED [ε | challenge_v1 success_request_with_credentials_v1 challenge_v1 inner_failure inner_success success_request_all_zeros_v1 inner_failure inner_success eap_success id_request_v1 /  challenge_response_v1 success_response_v1 challenge_response_v1 empty_peap empty_peap no_reply - - - -]
Mar 31, 2026 9:37:02 AM de.learnlib.logging.LearnLogger logQuery
INFO: DB CACHE [ε | challenge_v1 success_request_with_credentials_v1 challenge_v1 inner_failure inner_success challenge_v1 inner_failure inner_success eap_success id_request_v1 /  challenge_response_v1 success_response_v1 challenge_response_v1 empty_peap empty_peap challenge_response_v1 empty_peap empty_peap after_eap_success no_reply]
Mar 31, 2026 9:37:02 AM de.learnlib.logging.LearnLogger logQuery
INFO: DB CACHE [ε | challenge_v1 success_request_with_credentials_v1 challenge_v1 inner_failure inner_success id_request_v1 inner_failure inner_success eap_success id_request_v1 /  challenge_response_v1 success_response_v1 challenge_response_v1 empty_peap empty_peap id_response_v1 empty_peap empty_peap after_eap_success no_reply]
Mar 31, 2026 9:37:02 AM de.learnlib.logging.LearnLogger logQuery
INFO: DB CACHE [ε | challenge_v1 success_request_with_credentials_v1 challenge_v1 inner_failure success_request_with_credentials_v1 inner_failure inner_success eap_success id_request_v1 /  challenge_response_v1 success_response_v1 challenge_response_v1 empty_peap success_response_v1 empty_peap empty_peap after_eap_success id_response_v1]
Mar 31, 2026 9:37:02 AM de.learnlib.logging.LearnLogger logQuery
INFO: DISABLED [ε | challenge_v1 success_request_with_credentials_v1 challenge_v1 inner_failure success_request_all_zeros_v1 inner_failure inner_success eap_success id_request_v1 /  challenge_response_v1 success_response_v1 challenge_response_v1 empty_peap no_reply - - - -]
Mar 31, 2026 9:37:02 AM de.learnlib.logging.LearnLogger logQuery
INFO: DB CACHE [ε | challenge_v1 success_request_with_credentials_v1 challenge_v1 inner_failure challenge_v1 inner_failure inner_success eap_success id_request_v1 /  challenge_response_v1 success_response_v1 challenge_response_v1 empty_peap challenge_response_v1 empty_peap empty_peap after_eap_success no_reply]
Mar 31, 2026 9:37:02 AM de.learnlib.logging.LearnLogger logQuery
INFO: DB CACHE [ε | challenge_v1 success_request_with_credentials_v1 challenge_v1 inner_failure id_request_v1 inner_failure inner_success eap_success id_request_v1 /  challenge_response_v1 success_response_v1 challenge_response_v1 empty_peap id_response_v1 empty_peap empty_peap after_eap_success no_reply]
Mar 31, 2026 9:37:02 AM de.learnlib.logging.LearnLogger logQuery
INFO: DB CACHE [ε | challenge_v1 success_request_with_credentials_v1 challenge_v1 inner_success inner_failure inner_success eap_success id_request_v1 /  challenge_response_v1 success_response_v1 challenge_response_v1 empty_peap empty_peap empty_peap after_eap_success no_reply]
Mar 31, 2026 9:37:02 AM de.learnlib.logging.LearnLogger logQuery
INFO: DB CACHE [ε | challenge_v1 success_request_with_credentials_v1 challenge_v1 success_request_with_credentials_v1 inner_failure inner_success eap_success id_request_v1 /  challenge_response_v1 success_response_v1 challenge_response_v1 success_response_v1 empty_peap empty_peap after_eap_success id_response_v1]
Mar 31, 2026 9:37:02 AM de.learnlib.logging.LearnLogger logQuery
INFO: DISABLED [ε | challenge_v1 success_request_with_credentials_v1 challenge_v1 success_request_all_zeros_v1 inner_failure inner_success eap_success id_request_v1 /  challenge_response_v1 success_response_v1 challenge_response_v1 no_reply - - - -]
Mar 31, 2026 9:37:02 AM de.learnlib.logging.LearnLogger logQuery
INFO: DB CACHE [ε | challenge_v1 success_request_with_credentials_v1 challenge_v1 challenge_v1 inner_failure inner_success eap_success id_request_v1 /  challenge_response_v1 success_response_v1 challenge_response_v1 challenge_response_v1 empty_peap empty_peap after_eap_success no_reply]
Mar 31, 2026 9:37:02 AM de.learnlib.logging.LearnLogger logQuery
INFO: DB CACHE [ε | challenge_v1 success_request_with_credentials_v1 challenge_v1 id_request_v1 inner_failure inner_success eap_success id_request_v1 /  challenge_response_v1 success_response_v1 challenge_response_v1 id_response_v1 empty_peap empty_peap after_eap_success no_reply]
Mar 31, 2026 9:37:02 AM de.learnlib.logging.LearnLogger logQuery
INFO: DB CACHE [ε | challenge_v1 success_request_with_credentials_v1 id_request_v1 inner_failure inner_success eap_success id_request_v1 /  challenge_response_v1 success_response_v1 id_response_v1 empty_peap empty_peap after_eap_success id_response_v1]
Mar 31, 2026 9:37:02 AM de.learnlib.logging.LearnLogger logQuery
INFO: DISABLED [ε | challenge_v1 success_request_all_zeros_v1 inner_failure inner_success eap_success id_request_v1 /  challenge_response_v1 no_reply - - - -]
Mar 31, 2026 9:37:02 AM de.learnlib.logging.LearnLogger logQuery
INFO: DB CACHE [ε | challenge_v1 challenge_v1 inner_failure inner_success eap_success id_request_v1 /  challenge_response_v1 challenge_response_v1 empty_peap empty_peap after_eap_success no_reply]
Mar 31, 2026 9:37:02 AM de.learnlib.logging.LearnLogger logQuery
INFO: DB CACHE [ε | challenge_v1 id_request_v1 inner_failure inner_success eap_success id_request_v1 /  challenge_response_v1 id_response_v1 empty_peap empty_peap after_eap_success no_reply]
Mar 31, 2026 9:37:02 AM de.learnlib.logging.LearnLogger logQuery
INFO: DB CACHE [ε | id_request_v1 inner_failure inner_success eap_success id_request_v1 /  id_response_v1 empty_peap empty_peap after_eap_success no_reply]
Mar 31, 2026 9:37:07 AM de.learnlib.logging.LearnLogger logQuery
INFO: DB CACHE [ε | challenge_v1 success_request_with_credentials_v1 challenge_v1 eap_success 4_way_message_1 4_way_message_1 /  challenge_response_v1 success_response_v1 challenge_response_v1 after_eap_success 4_way_message_2 -]
Mar 31, 2026 9:37:07 AM de.learnlib.logging.LearnLogger logQuery
INFO: DISABLED [ε | challenge_v1 success_request_with_credentials_v1 challenge_v1 eap_success 4_way_message_1 eap_success id_request_v1 /  challenge_response_v1 success_response_v1 challenge_response_v1 after_eap_success 4_way_message_2 - -]
Mar 31, 2026 9:37:07 AM de.learnlib.logging.LearnLogger logQuery
INFO: DISABLED [ε | challenge_v1 success_request_with_credentials_v1 challenge_v1 eap_success 4_way_message_1 inner_failure 4_way_message_1 /  challenge_response_v1 success_response_v1 challenge_response_v1 after_eap_success 4_way_message_2 - -]
Mar 31, 2026 9:37:07 AM de.learnlib.logging.LearnLogger logQuery
INFO: DISABLED [ε | challenge_v1 success_request_with_credentials_v1 challenge_v1 eap_success 4_way_message_1 inner_failure inner_success eap_success id_request_v1 /  challenge_response_v1 success_response_v1 challenge_response_v1 after_eap_success 4_way_message_2 - - - -]
Mar 31, 2026 9:37:07 AM de.learnlib.logging.LearnLogger logQuery
INFO: DISABLED [ε | challenge_v1 success_request_with_credentials_v1 challenge_v1 eap_success 4_way_message_1 inner_success eap_success id_request_v1 /  challenge_response_v1 success_response_v1 challenge_response_v1 after_eap_success 4_way_message_2 - - -]
Mar 31, 2026 9:37:07 AM de.learnlib.logging.LearnLogger logQuery
INFO: DB CACHE [ε | challenge_v1 success_request_with_credentials_v1 challenge_v1 eap_success 4_way_message_1 success_request_with_credentials_v1 /  challenge_response_v1 success_response_v1 challenge_response_v1 after_eap_success 4_way_message_2 -]
Mar 31, 2026 9:37:07 AM de.learnlib.logging.LearnLogger logQuery
INFO: DB CACHE [ε | challenge_v1 success_request_with_credentials_v1 challenge_v1 eap_success 4_way_message_1 success_request_all_zeros_v1 /  challenge_response_v1 success_response_v1 challenge_response_v1 after_eap_success 4_way_message_2 -]
Mar 31, 2026 9:37:07 AM de.learnlib.logging.LearnLogger logQuery
INFO: DB CACHE [ε | challenge_v1 success_request_with_credentials_v1 challenge_v1 eap_success 4_way_message_1 challenge_v1 /  challenge_response_v1 success_response_v1 challenge_response_v1 after_eap_success 4_way_message_2 -]
Mar 31, 2026 9:37:07 AM de.learnlib.logging.LearnLogger logQuery
INFO: DB CACHE [ε | challenge_v1 success_request_with_credentials_v1 challenge_v1 eap_success 4_way_message_1 id_request_v1 /  challenge_response_v1 success_response_v1 challenge_response_v1 after_eap_success 4_way_message_2 -]
Mar 31, 2026 9:37:07 AM de.learnlib.logging.LearnLogger logQuery
INFO: DB CACHE [ε | challenge_v1 success_request_with_credentials_v1 challenge_v1 eap_success eap_success 4_way_message_1 /  challenge_response_v1 success_response_v1 challenge_response_v1 after_eap_success after_eap_success 4_way_message_2]
Mar 31, 2026 9:37:07 AM de.learnlib.logging.LearnLogger logQuery
INFO: DB CACHE [ε | challenge_v1 success_request_with_credentials_v1 challenge_v1 eap_success eap_success eap_success id_request_v1 /  challenge_response_v1 success_response_v1 challenge_response_v1 after_eap_success after_eap_success after_eap_success id_response_v1]
Mar 31, 2026 9:37:07 AM de.learnlib.logging.LearnLogger logQuery
INFO: DB CACHE [ε | challenge_v1 success_request_with_credentials_v1 challenge_v1 eap_success eap_success inner_failure 4_way_message_1 /  challenge_response_v1 success_response_v1 challenge_response_v1 after_eap_success after_eap_success empty_peap no_reply]
Mar 31, 2026 9:37:07 AM de.learnlib.logging.LearnLogger logQuery
INFO: DB CACHE [ε | challenge_v1 success_request_with_credentials_v1 challenge_v1 eap_success eap_success inner_failure inner_success eap_success id_request_v1 /  challenge_response_v1 success_response_v1 challenge_response_v1 after_eap_success after_eap_success empty_peap empty_peap after_eap_success id_response_v1]
Mar 31, 2026 9:37:07 AM de.learnlib.logging.LearnLogger logQuery
INFO: DB CACHE [ε | challenge_v1 success_request_with_credentials_v1 challenge_v1 eap_success eap_success inner_success eap_success id_request_v1 /  challenge_response_v1 success_response_v1 challenge_response_v1 after_eap_success after_eap_success empty_peap after_eap_success id_response_v1]
Mar 31, 2026 9:37:07 AM de.learnlib.logging.LearnLogger logQuery
INFO: DB CACHE [ε | challenge_v1 success_request_with_credentials_v1 challenge_v1 eap_success eap_success success_request_with_credentials_v1 /  challenge_response_v1 success_response_v1 challenge_response_v1 after_eap_success after_eap_success success_response_v1]
Mar 31, 2026 9:37:07 AM de.learnlib.logging.LearnLogger logQuery
INFO: DB CACHE [ε | challenge_v1 success_request_with_credentials_v1 challenge_v1 eap_success eap_success success_request_all_zeros_v1 /  challenge_response_v1 success_response_v1 challenge_response_v1 after_eap_success after_eap_success no_reply]
Mar 31, 2026 9:37:07 AM de.learnlib.logging.LearnLogger logQuery
INFO: DB CACHE [ε | challenge_v1 success_request_with_credentials_v1 challenge_v1 eap_success eap_success challenge_v1 /  challenge_response_v1 success_response_v1 challenge_response_v1 after_eap_success after_eap_success challenge_response_v1]
Mar 31, 2026 9:37:07 AM de.learnlib.logging.LearnLogger logQuery
INFO: DB CACHE [ε | challenge_v1 success_request_with_credentials_v1 challenge_v1 eap_success inner_failure 4_way_message_1 4_way_message_1 /  challenge_response_v1 success_response_v1 challenge_response_v1 after_eap_success empty_peap no_reply -]
Mar 31, 2026 9:37:07 AM de.learnlib.logging.LearnLogger logQuery
INFO: DISABLED [ε | challenge_v1 success_request_with_credentials_v1 challenge_v1 eap_success inner_failure 4_way_message_1 eap_success id_request_v1 /  challenge_response_v1 success_response_v1 challenge_response_v1 after_eap_success empty_peap no_reply - -]
Mar 31, 2026 9:37:07 AM de.learnlib.logging.LearnLogger logQuery
INFO: DISABLED [ε | challenge_v1 success_request_with_credentials_v1 challenge_v1 eap_success inner_failure 4_way_message_1 inner_failure 4_way_message_1 /  challenge_response_v1 success_response_v1 challenge_response_v1 after_eap_success empty_peap no_reply - -]
Mar 31, 2026 9:37:07 AM de.learnlib.logging.LearnLogger logQuery
INFO: DISABLED [ε | challenge_v1 success_request_with_credentials_v1 challenge_v1 eap_success inner_failure 4_way_message_1 inner_failure inner_success eap_success id_request_v1 /  challenge_response_v1 success_response_v1 challenge_response_v1 after_eap_success empty_peap no_reply - - - -]
Mar 31, 2026 9:37:07 AM de.learnlib.logging.LearnLogger logQuery
INFO: DISABLED [ε | challenge_v1 success_request_with_credentials_v1 challenge_v1 eap_success inner_failure 4_way_message_1 inner_success eap_success id_request_v1 /  challenge_response_v1 success_response_v1 challenge_response_v1 after_eap_success empty_peap no_reply - - -]
Mar 31, 2026 9:37:07 AM de.learnlib.logging.LearnLogger logQuery
INFO: DB CACHE [ε | challenge_v1 success_request_with_credentials_v1 challenge_v1 eap_success inner_failure 4_way_message_1 success_request_with_credentials_v1 /  challenge_response_v1 success_response_v1 challenge_response_v1 after_eap_success empty_peap no_reply -]
Mar 31, 2026 9:37:07 AM de.learnlib.logging.LearnLogger logQuery
INFO: DB CACHE [ε | challenge_v1 success_request_with_credentials_v1 challenge_v1 eap_success inner_failure 4_way_message_1 success_request_all_zeros_v1 /  challenge_response_v1 success_response_v1 challenge_response_v1 after_eap_success empty_peap no_reply -]
Mar 31, 2026 9:37:07 AM de.learnlib.logging.LearnLogger logQuery
INFO: DB CACHE [ε | challenge_v1 success_request_with_credentials_v1 challenge_v1 eap_success inner_failure 4_way_message_1 challenge_v1 /  challenge_response_v1 success_response_v1 challenge_response_v1 after_eap_success empty_peap no_reply -]
Mar 31, 2026 9:37:07 AM de.learnlib.logging.LearnLogger logQuery
INFO: DB CACHE [ε | challenge_v1 success_request_with_credentials_v1 challenge_v1 eap_success inner_failure 4_way_message_1 id_request_v1 /  challenge_response_v1 success_response_v1 challenge_response_v1 after_eap_success empty_peap no_reply -]
Mar 31, 2026 9:37:07 AM de.learnlib.logging.LearnLogger logQuery
INFO: DB CACHE [ε | challenge_v1 success_request_with_credentials_v1 challenge_v1 eap_success inner_failure eap_success 4_way_message_1 /  challenge_response_v1 success_response_v1 challenge_response_v1 after_eap_success empty_peap after_eap_success no_reply]
Mar 31, 2026 9:37:07 AM de.learnlib.logging.LearnLogger logQuery
INFO: DB CACHE [ε | challenge_v1 success_request_with_credentials_v1 challenge_v1 eap_success inner_failure eap_success eap_success id_request_v1 /  challenge_response_v1 success_response_v1 challenge_response_v1 after_eap_success empty_peap after_eap_success after_eap_success id_response_v1]
Mar 31, 2026 9:37:07 AM de.learnlib.logging.LearnLogger logQuery
INFO: DB CACHE [ε | challenge_v1 success_request_with_credentials_v1 challenge_v1 eap_success inner_failure eap_success inner_failure 4_way_message_1 /  challenge_response_v1 success_response_v1 challenge_response_v1 after_eap_success empty_peap after_eap_success empty_peap no_reply]
Mar 31, 2026 9:37:07 AM de.learnlib.logging.LearnLogger logQuery
INFO: DB CACHE [ε | challenge_v1 success_request_with_credentials_v1 challenge_v1 eap_success inner_failure eap_success inner_failure inner_success eap_success id_request_v1 /  challenge_response_v1 success_response_v1 challenge_response_v1 after_eap_success empty_peap after_eap_success empty_peap empty_peap after_eap_success id_response_v1]
Mar 31, 2026 9:37:07 AM de.learnlib.logging.LearnLogger logQuery
INFO: DB CACHE [ε | challenge_v1 success_request_with_credentials_v1 challenge_v1 eap_success inner_failure eap_success inner_success eap_success id_request_v1 /  challenge_response_v1 success_response_v1 challenge_response_v1 after_eap_success empty_peap after_eap_success empty_peap after_eap_success id_response_v1]
Mar 31, 2026 9:37:07 AM de.learnlib.logging.LearnLogger logQuery
INFO: DB CACHE [ε | challenge_v1 success_request_with_credentials_v1 challenge_v1 eap_success inner_failure eap_success success_request_with_credentials_v1 /  challenge_response_v1 success_response_v1 challenge_response_v1 after_eap_success empty_peap after_eap_success success_response_v1]
Mar 31, 2026 9:37:07 AM de.learnlib.logging.LearnLogger logQuery
INFO: DB CACHE [ε | challenge_v1 success_request_with_credentials_v1 challenge_v1 eap_success inner_failure eap_success success_request_all_zeros_v1 /  challenge_response_v1 success_response_v1 challenge_response_v1 after_eap_success empty_peap after_eap_success no_reply]
Mar 31, 2026 9:37:07 AM de.learnlib.logging.LearnLogger logQuery
INFO: DB CACHE [ε | challenge_v1 success_request_with_credentials_v1 challenge_v1 eap_success inner_failure eap_success challenge_v1 /  challenge_response_v1 success_response_v1 challenge_response_v1 after_eap_success empty_peap after_eap_success challenge_response_v1]
Mar 31, 2026 9:37:07 AM de.learnlib.logging.LearnLogger logQuery
INFO: DB CACHE [ε | challenge_v1 success_request_with_credentials_v1 challenge_v1 eap_success inner_failure eap_success id_request_v1 /  challenge_response_v1 success_response_v1 challenge_response_v1 after_eap_success empty_peap after_eap_success id_response_v1]
Mar 31, 2026 9:37:07 AM de.learnlib.logging.LearnLogger logQuery
INFO: DB CACHE [ε | challenge_v1 success_request_with_credentials_v1 challenge_v1 eap_success inner_failure inner_failure 4_way_message_1 /  challenge_response_v1 success_response_v1 challenge_response_v1 after_eap_success empty_peap empty_peap no_reply]
Mar 31, 2026 9:37:07 AM de.learnlib.logging.LearnLogger logQuery
INFO: DB CACHE [ε | challenge_v1 success_request_with_credentials_v1 challenge_v1 eap_success inner_failure inner_failure eap_success id_request_v1 /  challenge_response_v1 success_response_v1 challenge_response_v1 after_eap_success empty_peap empty_peap after_eap_success id_response_v1]
Mar 31, 2026 9:37:07 AM de.learnlib.logging.LearnLogger logQuery
INFO: DB CACHE [ε | challenge_v1 success_request_with_credentials_v1 challenge_v1 eap_success inner_failure inner_failure inner_failure 4_way_message_1 /  challenge_response_v1 success_response_v1 challenge_response_v1 after_eap_success empty_peap empty_peap empty_peap no_reply]
Mar 31, 2026 9:37:07 AM de.learnlib.logging.LearnLogger logQuery
INFO: DB CACHE [ε | challenge_v1 success_request_with_credentials_v1 challenge_v1 eap_success inner_failure inner_failure inner_failure inner_success eap_success id_request_v1 /  challenge_response_v1 success_response_v1 challenge_response_v1 after_eap_success empty_peap empty_peap empty_peap empty_peap after_eap_success id_response_v1]
Mar 31, 2026 9:37:07 AM de.learnlib.logging.LearnLogger logQuery
INFO: DB CACHE [ε | challenge_v1 success_request_with_credentials_v1 challenge_v1 eap_success inner_failure inner_failure inner_success eap_success id_request_v1 /  challenge_response_v1 success_response_v1 challenge_response_v1 after_eap_success empty_peap empty_peap empty_peap after_eap_success id_response_v1]
Mar 31, 2026 9:37:07 AM de.learnlib.logging.LearnLogger logQuery
INFO: DB CACHE [ε | challenge_v1 success_request_with_credentials_v1 challenge_v1 eap_success inner_failure inner_failure success_request_with_credentials_v1 /  challenge_response_v1 success_response_v1 challenge_response_v1 after_eap_success empty_peap empty_peap success_response_v1]
Mar 31, 2026 9:37:07 AM de.learnlib.logging.LearnLogger logQuery
INFO: DB CACHE [ε | challenge_v1 success_request_with_credentials_v1 challenge_v1 eap_success inner_failure inner_failure success_request_all_zeros_v1 /  challenge_response_v1 success_response_v1 challenge_response_v1 after_eap_success empty_peap empty_peap no_reply]
Mar 31, 2026 9:37:07 AM de.learnlib.logging.LearnLogger logQuery
INFO: DB CACHE [ε | challenge_v1 success_request_with_credentials_v1 challenge_v1 eap_success inner_failure inner_failure challenge_v1 /  challenge_response_v1 success_response_v1 challenge_response_v1 after_eap_success empty_peap empty_peap challenge_response_v1]
Mar 31, 2026 9:37:07 AM de.learnlib.logging.LearnLogger logQuery
INFO: DB CACHE [ε | challenge_v1 success_request_with_credentials_v1 challenge_v1 eap_success inner_failure inner_failure id_request_v1 /  challenge_response_v1 success_response_v1 challenge_response_v1 after_eap_success empty_peap empty_peap id_response_v1]
Mar 31, 2026 9:37:07 AM de.learnlib.logging.LearnLogger logQuery
INFO: DISABLED [ε | challenge_v1 success_request_with_credentials_v1 challenge_v1 eap_success inner_failure inner_success 4_way_message_1 4_way_message_1 4_way_message_1 /  challenge_response_v1 success_response_v1 challenge_response_v1 after_eap_success empty_peap empty_peap no_reply - -]
Mar 31, 2026 9:37:07 AM de.learnlib.logging.LearnLogger logQuery
INFO: DISABLED [ε | challenge_v1 success_request_with_credentials_v1 challenge_v1 eap_success inner_failure inner_success 4_way_message_1 4_way_message_1 eap_success id_request_v1 /  challenge_response_v1 success_response_v1 challenge_response_v1 after_eap_success empty_peap empty_peap no_reply - - -]
Mar 31, 2026 9:37:07 AM de.learnlib.logging.LearnLogger logQuery
INFO: DISABLED [ε | challenge_v1 success_request_with_credentials_v1 challenge_v1 eap_success inner_failure inner_success 4_way_message_1 4_way_message_1 inner_failure 4_way_message_1 /  challenge_response_v1 success_response_v1 challenge_response_v1 after_eap_success empty_peap empty_peap no_reply - - -]
Mar 31, 2026 9:37:07 AM de.learnlib.logging.LearnLogger logQuery
INFO: DISABLED [ε | challenge_v1 success_request_with_credentials_v1 challenge_v1 eap_success inner_failure inner_success 4_way_message_1 4_way_message_1 inner_failure inner_success eap_success id_request_v1 /  challenge_response_v1 success_response_v1 challenge_response_v1 after_eap_success empty_peap empty_peap no_reply - - - - -]
Mar 31, 2026 9:37:07 AM de.learnlib.logging.LearnLogger logQuery
INFO: DISABLED [ε | challenge_v1 success_request_with_credentials_v1 challenge_v1 eap_success inner_failure inner_success 4_way_message_1 4_way_message_1 inner_success eap_success id_request_v1 /  challenge_response_v1 success_response_v1 challenge_response_v1 after_eap_success empty_peap empty_peap no_reply - - - -]
Mar 31, 2026 9:37:07 AM de.learnlib.logging.LearnLogger logQuery
INFO: DISABLED [ε | challenge_v1 success_request_with_credentials_v1 challenge_v1 eap_success inner_failure inner_success 4_way_message_1 4_way_message_1 success_request_with_credentials_v1 /  challenge_response_v1 success_response_v1 challenge_response_v1 after_eap_success empty_peap empty_peap no_reply - -]
Mar 31, 2026 9:37:07 AM de.learnlib.logging.LearnLogger logQuery
INFO: DISABLED [ε | challenge_v1 success_request_with_credentials_v1 challenge_v1 eap_success inner_failure inner_success 4_way_message_1 4_way_message_1 success_request_all_zeros_v1 /  challenge_response_v1 success_response_v1 challenge_response_v1 after_eap_success empty_peap empty_peap no_reply - -]
Mar 31, 2026 9:37:07 AM de.learnlib.logging.LearnLogger logQuery
INFO: DISABLED [ε | challenge_v1 success_request_with_credentials_v1 challenge_v1 eap_success inner_failure inner_success 4_way_message_1 4_way_message_1 challenge_v1 /  challenge_response_v1 success_response_v1 challenge_response_v1 after_eap_success empty_peap empty_peap no_reply - -]
Mar 31, 2026 9:37:07 AM de.learnlib.logging.LearnLogger logQuery
INFO: DISABLED [ε | challenge_v1 success_request_with_credentials_v1 challenge_v1 eap_success inner_failure inner_success 4_way_message_1 4_way_message_1 id_request_v1 /  challenge_response_v1 success_response_v1 challenge_response_v1 after_eap_success empty_peap empty_peap no_reply - -]
Mar 31, 2026 9:37:07 AM de.learnlib.logging.LearnLogger logQuery
INFO: DISABLED [ε | challenge_v1 success_request_with_credentials_v1 challenge_v1 eap_success inner_failure inner_success 4_way_message_1 eap_success 4_way_message_1 /  challenge_response_v1 success_response_v1 challenge_response_v1 after_eap_success empty_peap empty_peap no_reply - -]
Mar 31, 2026 9:37:07 AM de.learnlib.logging.LearnLogger logQuery
INFO: DISABLED [ε | challenge_v1 success_request_with_credentials_v1 challenge_v1 eap_success inner_failure inner_success 4_way_message_1 eap_success eap_success id_request_v1 /  challenge_response_v1 success_response_v1 challenge_response_v1 after_eap_success empty_peap empty_peap no_reply - - -]
Mar 31, 2026 9:37:07 AM de.learnlib.logging.LearnLogger logQuery
INFO: DISABLED [ε | challenge_v1 success_request_with_credentials_v1 challenge_v1 eap_success inner_failure inner_success 4_way_message_1 eap_success inner_failure 4_way_message_1 /  challenge_response_v1 success_response_v1 challenge_response_v1 after_eap_success empty_peap empty_peap no_reply - - -]
Mar 31, 2026 9:37:07 AM de.learnlib.logging.LearnLogger logQuery
INFO: DISABLED [ε | challenge_v1 success_request_with_credentials_v1 challenge_v1 eap_success inner_failure inner_success 4_way_message_1 eap_success inner_failure inner_success eap_success id_request_v1 /  challenge_response_v1 success_response_v1 challenge_response_v1 after_eap_success empty_peap empty_peap no_reply - - - - -]
Mar 31, 2026 9:37:07 AM de.learnlib.logging.LearnLogger logQuery
INFO: DISABLED [ε | challenge_v1 success_request_with_credentials_v1 challenge_v1 eap_success inner_failure inner_success 4_way_message_1 eap_success inner_success eap_success id_request_v1 /  challenge_response_v1 success_response_v1 challenge_response_v1 after_eap_success empty_peap empty_peap no_reply - - - -]
Mar 31, 2026 9:37:07 AM de.learnlib.logging.LearnLogger logQuery
INFO: DISABLED [ε | challenge_v1 success_request_with_credentials_v1 challenge_v1 eap_success inner_failure inner_success 4_way_message_1 eap_success success_request_with_credentials_v1 /  challenge_response_v1 success_response_v1 challenge_response_v1 after_eap_success empty_peap empty_peap no_reply - -]
Mar 31, 2026 9:37:07 AM de.learnlib.logging.LearnLogger logQuery
INFO: DISABLED [ε | challenge_v1 success_request_with_credentials_v1 challenge_v1 eap_success inner_failure inner_success 4_way_message_1 eap_success success_request_all_zeros_v1 /  challenge_response_v1 success_response_v1 challenge_response_v1 after_eap_success empty_peap empty_peap no_reply - -]
Mar 31, 2026 9:37:07 AM de.learnlib.logging.LearnLogger logQuery
INFO: DISABLED [ε | challenge_v1 success_request_with_credentials_v1 challenge_v1 eap_success inner_failure inner_success 4_way_message_1 eap_success challenge_v1 /  challenge_response_v1 success_response_v1 challenge_response_v1 after_eap_success empty_peap empty_peap no_reply - -]
Mar 31, 2026 9:37:07 AM de.learnlib.logging.LearnLogger logQuery
INFO: DISABLED [ε | challenge_v1 success_request_with_credentials_v1 challenge_v1 eap_success inner_failure inner_success 4_way_message_1 eap_success id_request_v1 /  challenge_response_v1 success_response_v1 challenge_response_v1 after_eap_success empty_peap empty_peap no_reply - -]
Mar 31, 2026 9:37:07 AM de.learnlib.logging.LearnLogger logQuery
INFO: DISABLED [ε | challenge_v1 success_request_with_credentials_v1 challenge_v1 eap_success inner_failure inner_success 4_way_message_1 inner_failure 4_way_message_1 /  challenge_response_v1 success_response_v1 challenge_response_v1 after_eap_success empty_peap empty_peap no_reply - -]
Mar 31, 2026 9:37:07 AM de.learnlib.logging.LearnLogger logQuery
INFO: DISABLED [ε | challenge_v1 success_request_with_credentials_v1 challenge_v1 eap_success inner_failure inner_success 4_way_message_1 inner_failure eap_success id_request_v1 /  challenge_response_v1 success_response_v1 challenge_response_v1 after_eap_success empty_peap empty_peap no_reply - - -]
Mar 31, 2026 9:37:07 AM de.learnlib.logging.LearnLogger logQuery
INFO: DISABLED [ε | challenge_v1 success_request_with_credentials_v1 challenge_v1 eap_success inner_failure inner_success 4_way_message_1 inner_failure inner_failure 4_way_message_1 /  challenge_response_v1 success_response_v1 challenge_response_v1 after_eap_success empty_peap empty_peap no_reply - - -]
Mar 31, 2026 9:37:07 AM de.learnlib.logging.LearnLogger logQuery
INFO: DISABLED [ε | challenge_v1 success_request_with_credentials_v1 challenge_v1 eap_success inner_failure inner_success 4_way_message_1 inner_failure inner_failure inner_success eap_success id_request_v1 /  challenge_response_v1 success_response_v1 challenge_response_v1 after_eap_success empty_peap empty_peap no_reply - - - - -]
Mar 31, 2026 9:37:07 AM de.learnlib.logging.LearnLogger logQuery
INFO: DISABLED [ε | challenge_v1 success_request_with_credentials_v1 challenge_v1 eap_success inner_failure inner_success 4_way_message_1 inner_failure inner_success eap_success id_request_v1 /  challenge_response_v1 success_response_v1 challenge_response_v1 after_eap_success empty_peap empty_peap no_reply - - - -]
Mar 31, 2026 9:37:07 AM de.learnlib.logging.LearnLogger logQuery
INFO: DISABLED [ε | challenge_v1 success_request_with_credentials_v1 challenge_v1 eap_success inner_failure inner_success 4_way_message_1 inner_failure success_request_with_credentials_v1 /  challenge_response_v1 success_response_v1 challenge_response_v1 after_eap_success empty_peap empty_peap no_reply - -]
Mar 31, 2026 9:37:07 AM de.learnlib.logging.LearnLogger logQuery
INFO: DISABLED [ε | challenge_v1 success_request_with_credentials_v1 challenge_v1 eap_success inner_failure inner_success 4_way_message_1 inner_failure success_request_all_zeros_v1 /  challenge_response_v1 success_response_v1 challenge_response_v1 after_eap_success empty_peap empty_peap no_reply - -]
Mar 31, 2026 9:37:07 AM de.learnlib.logging.LearnLogger logQuery
INFO: DISABLED [ε | challenge_v1 success_request_with_credentials_v1 challenge_v1 eap_success inner_failure inner_success 4_way_message_1 inner_failure challenge_v1 /  challenge_response_v1 success_response_v1 challenge_response_v1 after_eap_success empty_peap empty_peap no_reply - -]
Mar 31, 2026 9:37:07 AM de.learnlib.logging.LearnLogger logQuery
INFO: DISABLED [ε | challenge_v1 success_request_with_credentials_v1 challenge_v1 eap_success inner_failure inner_success 4_way_message_1 inner_failure id_request_v1 /  challenge_response_v1 success_response_v1 challenge_response_v1 after_eap_success empty_peap empty_peap no_reply - -]
Mar 31, 2026 9:37:07 AM de.learnlib.logging.LearnLogger logQuery
INFO: DISABLED [ε | challenge_v1 success_request_with_credentials_v1 challenge_v1 eap_success inner_failure inner_success 4_way_message_1 inner_success 4_way_message_1 /  challenge_response_v1 success_response_v1 challenge_response_v1 after_eap_success empty_peap empty_peap no_reply - -]
Mar 31, 2026 9:37:07 AM de.learnlib.logging.LearnLogger logQuery
INFO: DISABLED [ε | challenge_v1 success_request_with_credentials_v1 challenge_v1 eap_success inner_failure inner_success 4_way_message_1 inner_success eap_success id_request_v1 /  challenge_response_v1 success_response_v1 challenge_response_v1 after_eap_success empty_peap empty_peap no_reply - - -]
Mar 31, 2026 9:37:07 AM de.learnlib.logging.LearnLogger logQuery
INFO: DISABLED [ε | challenge_v1 success_request_with_credentials_v1 challenge_v1 eap_success inner_failure inner_success 4_way_message_1 inner_success inner_failure 4_way_message_1 /  challenge_response_v1 success_response_v1 challenge_response_v1 after_eap_success empty_peap empty_peap no_reply - - -]
Mar 31, 2026 9:37:07 AM de.learnlib.logging.LearnLogger logQuery
INFO: DISABLED [ε | challenge_v1 success_request_with_credentials_v1 challenge_v1 eap_success inner_failure inner_success 4_way_message_1 inner_success inner_failure inner_success eap_success id_request_v1 /  challenge_response_v1 success_response_v1 challenge_response_v1 after_eap_success empty_peap empty_peap no_reply - - - - -]
Mar 31, 2026 9:37:07 AM de.learnlib.logging.LearnLogger logQuery
INFO: DISABLED [ε | challenge_v1 success_request_with_credentials_v1 challenge_v1 eap_success inner_failure inner_success 4_way_message_1 inner_success inner_success eap_success id_request_v1 /  challenge_response_v1 success_response_v1 challenge_response_v1 after_eap_success empty_peap empty_peap no_reply - - - -]
Mar 31, 2026 9:37:07 AM de.learnlib.logging.LearnLogger logQuery
INFO: DISABLED [ε | challenge_v1 success_request_with_credentials_v1 challenge_v1 eap_success inner_failure inner_success 4_way_message_1 inner_success success_request_with_credentials_v1 /  challenge_response_v1 success_response_v1 challenge_response_v1 after_eap_success empty_peap empty_peap no_reply - -]
Mar 31, 2026 9:37:07 AM de.learnlib.logging.LearnLogger logQuery
INFO: DISABLED [ε | challenge_v1 success_request_with_credentials_v1 challenge_v1 eap_success inner_failure inner_success 4_way_message_1 inner_success success_request_all_zeros_v1 /  challenge_response_v1 success_response_v1 challenge_response_v1 after_eap_success empty_peap empty_peap no_reply - -]
Mar 31, 2026 9:37:07 AM de.learnlib.logging.LearnLogger logQuery
INFO: DISABLED [ε | challenge_v1 success_request_with_credentials_v1 challenge_v1 eap_success inner_failure inner_success 4_way_message_1 inner_success challenge_v1 /  challenge_response_v1 success_response_v1 challenge_response_v1 after_eap_success empty_peap empty_peap no_reply - -]
Mar 31, 2026 9:37:07 AM de.learnlib.logging.LearnLogger logQuery
INFO: DISABLED [ε | challenge_v1 success_request_with_credentials_v1 challenge_v1 eap_success inner_failure inner_success 4_way_message_1 inner_success id_request_v1 /  challenge_response_v1 success_response_v1 challenge_response_v1 after_eap_success empty_peap empty_peap no_reply - -]
Mar 31, 2026 9:37:07 AM de.learnlib.logging.LearnLogger logQuery
INFO: DISABLED [ε | challenge_v1 success_request_with_credentials_v1 challenge_v1 eap_success inner_failure inner_success 4_way_message_1 success_request_with_credentials_v1 4_way_message_1 /  challenge_response_v1 success_response_v1 challenge_response_v1 after_eap_success empty_peap empty_peap no_reply - -]
Mar 31, 2026 9:37:07 AM de.learnlib.logging.LearnLogger logQuery
INFO: DISABLED [ε | challenge_v1 success_request_with_credentials_v1 challenge_v1 eap_success inner_failure inner_success 4_way_message_1 success_request_with_credentials_v1 eap_success id_request_v1 /  challenge_response_v1 success_response_v1 challenge_response_v1 after_eap_success empty_peap empty_peap no_reply - - -]
Mar 31, 2026 9:37:07 AM de.learnlib.logging.LearnLogger logQuery
INFO: DISABLED [ε | challenge_v1 success_request_with_credentials_v1 challenge_v1 eap_success inner_failure inner_success 4_way_message_1 success_request_with_credentials_v1 inner_failure 4_way_message_1 /  challenge_response_v1 success_response_v1 challenge_response_v1 after_eap_success empty_peap empty_peap no_reply - - -]
Mar 31, 2026 9:37:07 AM de.learnlib.logging.LearnLogger logQuery
INFO: DISABLED [ε | challenge_v1 success_request_with_credentials_v1 challenge_v1 eap_success inner_failure inner_success 4_way_message_1 success_request_with_credentials_v1 inner_failure inner_success eap_success id_request_v1 /  challenge_response_v1 success_response_v1 challenge_response_v1 after_eap_success empty_peap empty_peap no_reply - - - - -]
Mar 31, 2026 9:37:07 AM de.learnlib.logging.LearnLogger logQuery
INFO: DISABLED [ε | challenge_v1 success_request_with_credentials_v1 challenge_v1 eap_success inner_failure inner_success 4_way_message_1 success_request_with_credentials_v1 inner_success eap_success id_request_v1 /  challenge_response_v1 success_response_v1 challenge_response_v1 after_eap_success empty_peap empty_peap no_reply - - - -]
Mar 31, 2026 9:37:07 AM de.learnlib.logging.LearnLogger logQuery
INFO: DISABLED [ε | challenge_v1 success_request_with_credentials_v1 challenge_v1 eap_success inner_failure inner_success 4_way_message_1 success_request_with_credentials_v1 success_request_with_credentials_v1 /  challenge_response_v1 success_response_v1 challenge_response_v1 after_eap_success empty_peap empty_peap no_reply - -]
Mar 31, 2026 9:37:07 AM de.learnlib.logging.LearnLogger logQuery
INFO: DISABLED [ε | challenge_v1 success_request_with_credentials_v1 challenge_v1 eap_success inner_failure inner_success 4_way_message_1 success_request_with_credentials_v1 success_request_all_zeros_v1 /  challenge_response_v1 success_response_v1 challenge_response_v1 after_eap_success empty_peap empty_peap no_reply - -]
Mar 31, 2026 9:37:07 AM de.learnlib.logging.LearnLogger logQuery
INFO: DISABLED [ε | challenge_v1 success_request_with_credentials_v1 challenge_v1 eap_success inner_failure inner_success 4_way_message_1 success_request_with_credentials_v1 challenge_v1 /  challenge_response_v1 success_response_v1 challenge_response_v1 after_eap_success empty_peap empty_peap no_reply - -]
Mar 31, 2026 9:37:07 AM de.learnlib.logging.LearnLogger logQuery
INFO: DISABLED [ε | challenge_v1 success_request_with_credentials_v1 challenge_v1 eap_success inner_failure inner_success 4_way_message_1 success_request_with_credentials_v1 id_request_v1 /  challenge_response_v1 success_response_v1 challenge_response_v1 after_eap_success empty_peap empty_peap no_reply - -]
Mar 31, 2026 9:37:07 AM de.learnlib.logging.LearnLogger logQuery
INFO: DISABLED [ε | challenge_v1 success_request_with_credentials_v1 challenge_v1 eap_success inner_failure inner_success 4_way_message_1 success_request_all_zeros_v1 4_way_message_1 /  challenge_response_v1 success_response_v1 challenge_response_v1 after_eap_success empty_peap empty_peap no_reply - -]
Mar 31, 2026 9:37:07 AM de.learnlib.logging.LearnLogger logQuery
INFO: DISABLED [ε | challenge_v1 success_request_with_credentials_v1 challenge_v1 eap_success inner_failure inner_success 4_way_message_1 success_request_all_zeros_v1 eap_success id_request_v1 /  challenge_response_v1 success_response_v1 challenge_response_v1 after_eap_success empty_peap empty_peap no_reply - - -]
Mar 31, 2026 9:37:07 AM de.learnlib.logging.LearnLogger logQuery
INFO: DISABLED [ε | challenge_v1 success_request_with_credentials_v1 challenge_v1 eap_success inner_failure inner_success 4_way_message_1 success_request_all_zeros_v1 inner_failure 4_way_message_1 /  challenge_response_v1 success_response_v1 challenge_response_v1 after_eap_success empty_peap empty_peap no_reply - - -]
Mar 31, 2026 9:37:07 AM de.learnlib.logging.LearnLogger logQuery
INFO: DISABLED [ε | challenge_v1 success_request_with_credentials_v1 challenge_v1 eap_success inner_failure inner_success 4_way_message_1 success_request_all_zeros_v1 inner_failure inner_success eap_success id_request_v1 /  challenge_response_v1 success_response_v1 challenge_response_v1 after_eap_success empty_peap empty_peap no_reply - - - - -]
Mar 31, 2026 9:37:07 AM de.learnlib.logging.LearnLogger logQuery
INFO: DISABLED [ε | challenge_v1 success_request_with_credentials_v1 challenge_v1 eap_success inner_failure inner_success 4_way_message_1 success_request_all_zeros_v1 inner_success eap_success id_request_v1 /  challenge_response_v1 success_response_v1 challenge_response_v1 after_eap_success empty_peap empty_peap no_reply - - - -]
Mar 31, 2026 9:37:07 AM de.learnlib.logging.LearnLogger logQuery
INFO: DISABLED [ε | challenge_v1 success_request_with_credentials_v1 challenge_v1 eap_success inner_failure inner_success 4_way_message_1 success_request_all_zeros_v1 success_request_with_credentials_v1 /  challenge_response_v1 success_response_v1 challenge_response_v1 after_eap_success empty_peap empty_peap no_reply - -]
Mar 31, 2026 9:37:07 AM de.learnlib.logging.LearnLogger logQuery
INFO: DISABLED [ε | challenge_v1 success_request_with_credentials_v1 challenge_v1 eap_success inner_failure inner_success 4_way_message_1 success_request_all_zeros_v1 success_request_all_zeros_v1 /  challenge_response_v1 success_response_v1 challenge_response_v1 after_eap_success empty_peap empty_peap no_reply - -]
Mar 31, 2026 9:37:07 AM de.learnlib.logging.LearnLogger logQuery
INFO: DISABLED [ε | challenge_v1 success_request_with_credentials_v1 challenge_v1 eap_success inner_failure inner_success 4_way_message_1 success_request_all_zeros_v1 challenge_v1 /  challenge_response_v1 success_response_v1 challenge_response_v1 after_eap_success empty_peap empty_peap no_reply - -]
Mar 31, 2026 9:37:07 AM de.learnlib.logging.LearnLogger logQuery
INFO: DISABLED [ε | challenge_v1 success_request_with_credentials_v1 challenge_v1 eap_success inner_failure inner_success 4_way_message_1 success_request_all_zeros_v1 id_request_v1 /  challenge_response_v1 success_response_v1 challenge_response_v1 after_eap_success empty_peap empty_peap no_reply - -]
Mar 31, 2026 9:37:07 AM de.learnlib.logging.LearnLogger logQuery
INFO: DISABLED [ε | challenge_v1 success_request_with_credentials_v1 challenge_v1 eap_success inner_failure inner_success 4_way_message_1 challenge_v1 4_way_message_1 /  challenge_response_v1 success_response_v1 challenge_response_v1 after_eap_success empty_peap empty_peap no_reply - -]
Mar 31, 2026 9:37:07 AM de.learnlib.logging.LearnLogger logQuery
INFO: DISABLED [ε | challenge_v1 success_request_with_credentials_v1 challenge_v1 eap_success inner_failure inner_success 4_way_message_1 challenge_v1 eap_success id_request_v1 /  challenge_response_v1 success_response_v1 challenge_response_v1 after_eap_success empty_peap empty_peap no_reply - - -]
Mar 31, 2026 9:37:07 AM de.learnlib.logging.LearnLogger logQuery
INFO: DISABLED [ε | challenge_v1 success_request_with_credentials_v1 challenge_v1 eap_success inner_failure inner_success 4_way_message_1 challenge_v1 inner_failure 4_way_message_1 /  challenge_response_v1 success_response_v1 challenge_response_v1 after_eap_success empty_peap empty_peap no_reply - - -]
Mar 31, 2026 9:37:07 AM de.learnlib.logging.LearnLogger logQuery
INFO: DISABLED [ε | challenge_v1 success_request_with_credentials_v1 challenge_v1 eap_success inner_failure inner_success 4_way_message_1 challenge_v1 inner_failure inner_success eap_success id_request_v1 /  challenge_response_v1 success_response_v1 challenge_response_v1 after_eap_success empty_peap empty_peap no_reply - - - - -]
Mar 31, 2026 9:37:07 AM de.learnlib.logging.LearnLogger logQuery
INFO: DISABLED [ε | challenge_v1 success_request_with_credentials_v1 challenge_v1 eap_success inner_failure inner_success 4_way_message_1 challenge_v1 inner_success eap_success id_request_v1 /  challenge_response_v1 success_response_v1 challenge_response_v1 after_eap_success empty_peap empty_peap no_reply - - - -]
Mar 31, 2026 9:37:07 AM de.learnlib.logging.LearnLogger logQuery
INFO: DISABLED [ε | challenge_v1 success_request_with_credentials_v1 challenge_v1 eap_success inner_failure inner_success 4_way_message_1 challenge_v1 success_request_with_credentials_v1 /  challenge_response_v1 success_response_v1 challenge_response_v1 after_eap_success empty_peap empty_peap no_reply - -]
Mar 31, 2026 9:37:07 AM de.learnlib.logging.LearnLogger logQuery
INFO: DISABLED [ε | challenge_v1 success_request_with_credentials_v1 challenge_v1 eap_success inner_failure inner_success 4_way_message_1 challenge_v1 success_request_all_zeros_v1 /  challenge_response_v1 success_response_v1 challenge_response_v1 after_eap_success empty_peap empty_peap no_reply - -]
Mar 31, 2026 9:37:07 AM de.learnlib.logging.LearnLogger logQuery
INFO: DISABLED [ε | challenge_v1 success_request_with_credentials_v1 challenge_v1 eap_success inner_failure inner_success 4_way_message_1 challenge_v1 challenge_v1 /  challenge_response_v1 success_response_v1 challenge_response_v1 after_eap_success empty_peap empty_peap no_reply - -]
Mar 31, 2026 9:37:07 AM de.learnlib.logging.LearnLogger logQuery
INFO: DISABLED [ε | challenge_v1 success_request_with_credentials_v1 challenge_v1 eap_success inner_failure inner_success 4_way_message_1 challenge_v1 id_request_v1 /  challenge_response_v1 success_response_v1 challenge_response_v1 after_eap_success empty_peap empty_peap no_reply - -]
Mar 31, 2026 9:37:07 AM de.learnlib.logging.LearnLogger logQuery
INFO: DISABLED [ε | challenge_v1 success_request_with_credentials_v1 challenge_v1 eap_success inner_failure inner_success 4_way_message_1 id_request_v1 4_way_message_1 /  challenge_response_v1 success_response_v1 challenge_response_v1 after_eap_success empty_peap empty_peap no_reply - -]
Mar 31, 2026 9:37:07 AM de.learnlib.logging.LearnLogger logQuery
INFO: DISABLED [ε | challenge_v1 success_request_with_credentials_v1 challenge_v1 eap_success inner_failure inner_success 4_way_message_1 id_request_v1 eap_success id_request_v1 /  challenge_response_v1 success_response_v1 challenge_response_v1 after_eap_success empty_peap empty_peap no_reply - - -]
Mar 31, 2026 9:37:07 AM de.learnlib.logging.LearnLogger logQuery
INFO: DISABLED [ε | challenge_v1 success_request_with_credentials_v1 challenge_v1 eap_success inner_failure inner_success 4_way_message_1 id_request_v1 inner_failure 4_way_message_1 /  challenge_response_v1 success_response_v1 challenge_response_v1 after_eap_success empty_peap empty_peap no_reply - - -]
Mar 31, 2026 9:37:07 AM de.learnlib.logging.LearnLogger logQuery
INFO: DISABLED [ε | challenge_v1 success_request_with_credentials_v1 challenge_v1 eap_success inner_failure inner_success 4_way_message_1 id_request_v1 inner_failure inner_success eap_success id_request_v1 /  challenge_response_v1 success_response_v1 challenge_response_v1 after_eap_success empty_peap empty_peap no_reply - - - - -]
Mar 31, 2026 9:37:07 AM de.learnlib.logging.LearnLogger logQuery
INFO: DISABLED [ε | challenge_v1 success_request_with_credentials_v1 challenge_v1 eap_success inner_failure inner_success 4_way_message_1 id_request_v1 inner_success eap_success id_request_v1 /  challenge_response_v1 success_response_v1 challenge_response_v1 after_eap_success empty_peap empty_peap no_reply - - - -]
Mar 31, 2026 9:37:07 AM de.learnlib.logging.LearnLogger logQuery
INFO: DISABLED [ε | challenge_v1 success_request_with_credentials_v1 challenge_v1 eap_success inner_failure inner_success 4_way_message_1 id_request_v1 success_request_with_credentials_v1 /  challenge_response_v1 success_response_v1 challenge_response_v1 after_eap_success empty_peap empty_peap no_reply - -]
Mar 31, 2026 9:37:07 AM de.learnlib.logging.LearnLogger logQuery
INFO: DISABLED [ε | challenge_v1 success_request_with_credentials_v1 challenge_v1 eap_success inner_failure inner_success 4_way_message_1 id_request_v1 success_request_all_zeros_v1 /  challenge_response_v1 success_response_v1 challenge_response_v1 after_eap_success empty_peap empty_peap no_reply - -]
Mar 31, 2026 9:37:07 AM de.learnlib.logging.LearnLogger logQuery
INFO: DISABLED [ε | challenge_v1 success_request_with_credentials_v1 challenge_v1 eap_success inner_failure inner_success 4_way_message_1 id_request_v1 challenge_v1 /  challenge_response_v1 success_response_v1 challenge_response_v1 after_eap_success empty_peap empty_peap no_reply - -]
Mar 31, 2026 9:37:07 AM de.learnlib.logging.LearnLogger logQuery
INFO: DISABLED [ε | challenge_v1 success_request_with_credentials_v1 challenge_v1 eap_success inner_failure inner_success 4_way_message_1 id_request_v1 id_request_v1 /  challenge_response_v1 success_response_v1 challenge_response_v1 after_eap_success empty_peap empty_peap no_reply - -]
Mar 31, 2026 9:37:07 AM de.learnlib.logging.LearnLogger logQuery
INFO: DB CACHE [ε | challenge_v1 success_request_with_credentials_v1 challenge_v1 eap_success inner_failure inner_success eap_success 4_way_message_1 /  challenge_response_v1 success_response_v1 challenge_response_v1 after_eap_success empty_peap empty_peap after_eap_success no_reply]
Mar 31, 2026 9:37:07 AM de.learnlib.logging.LearnLogger logQuery
INFO: DB CACHE [ε | challenge_v1 success_request_with_credentials_v1 challenge_v1 eap_success inner_failure inner_success eap_success eap_success id_request_v1 /  challenge_response_v1 success_response_v1 challenge_response_v1 after_eap_success empty_peap empty_peap after_eap_success after_eap_success id_response_v1]
Mar 31, 2026 9:37:07 AM de.learnlib.logging.LearnLogger logQuery
INFO: DB CACHE [ε | challenge_v1 success_request_with_credentials_v1 challenge_v1 eap_success inner_failure inner_success eap_success inner_failure 4_way_message_1 /  challenge_response_v1 success_response_v1 challenge_response_v1 after_eap_success empty_peap empty_peap after_eap_success empty_peap no_reply]
Mar 31, 2026 9:37:07 AM de.learnlib.logging.LearnLogger logQuery
INFO: DB CACHE [ε | challenge_v1 success_request_with_credentials_v1 challenge_v1 eap_success inner_failure inner_success eap_success inner_failure inner_success eap_success id_request_v1 /  challenge_response_v1 success_response_v1 challenge_response_v1 after_eap_success empty_peap empty_peap after_eap_success empty_peap empty_peap after_eap_success id_response_v1]
Mar 31, 2026 9:37:07 AM de.learnlib.logging.LearnLogger logQuery
INFO: DB CACHE [ε | challenge_v1 success_request_with_credentials_v1 challenge_v1 eap_success inner_failure inner_success eap_success inner_success eap_success id_request_v1 /  challenge_response_v1 success_response_v1 challenge_response_v1 after_eap_success empty_peap empty_peap after_eap_success empty_peap after_eap_success id_response_v1]
Mar 31, 2026 9:37:07 AM de.learnlib.logging.LearnLogger logQuery
INFO: DB CACHE [ε | challenge_v1 success_request_with_credentials_v1 challenge_v1 eap_success inner_failure inner_success eap_success success_request_with_credentials_v1 /  challenge_response_v1 success_response_v1 challenge_response_v1 after_eap_success empty_peap empty_peap after_eap_success success_response_v1]
Mar 31, 2026 9:37:07 AM de.learnlib.logging.LearnLogger logQuery
INFO: DB CACHE [ε | challenge_v1 success_request_with_credentials_v1 challenge_v1 eap_success inner_failure inner_success eap_success success_request_all_zeros_v1 /  challenge_response_v1 success_response_v1 challenge_response_v1 after_eap_success empty_peap empty_peap after_eap_success no_reply]
Mar 31, 2026 9:37:07 AM de.learnlib.logging.LearnLogger logQuery
INFO: DB CACHE [ε | challenge_v1 success_request_with_credentials_v1 challenge_v1 eap_success inner_failure inner_success eap_success challenge_v1 /  challenge_response_v1 success_response_v1 challenge_response_v1 after_eap_success empty_peap empty_peap after_eap_success challenge_response_v1]
Mar 31, 2026 9:37:07 AM de.learnlib.logging.LearnLogger logQuery
INFO: DB CACHE [ε | challenge_v1 success_request_with_credentials_v1 challenge_v1 eap_success inner_failure inner_success inner_failure 4_way_message_1 /  challenge_response_v1 success_response_v1 challenge_response_v1 after_eap_success empty_peap empty_peap empty_peap no_reply]
Mar 31, 2026 9:37:07 AM de.learnlib.logging.LearnLogger logQuery
INFO: DB CACHE [ε | challenge_v1 success_request_with_credentials_v1 challenge_v1 eap_success inner_failure inner_success inner_failure eap_success id_request_v1 /  challenge_response_v1 success_response_v1 challenge_response_v1 after_eap_success empty_peap empty_peap empty_peap after_eap_success id_response_v1]
Mar 31, 2026 9:37:07 AM de.learnlib.logging.LearnLogger logQuery
INFO: DB CACHE [ε | challenge_v1 success_request_with_credentials_v1 challenge_v1 eap_success inner_failure inner_success inner_failure inner_failure 4_way_message_1 /  challenge_response_v1 success_response_v1 challenge_response_v1 after_eap_success empty_peap empty_peap empty_peap empty_peap no_reply]
Mar 31, 2026 9:37:07 AM de.learnlib.logging.LearnLogger logQuery
INFO: DB CACHE [ε | challenge_v1 success_request_with_credentials_v1 challenge_v1 eap_success inner_failure inner_success inner_failure inner_failure inner_success eap_success id_request_v1 /  challenge_response_v1 success_response_v1 challenge_response_v1 after_eap_success empty_peap empty_peap empty_peap empty_peap empty_peap after_eap_success id_response_v1]
Mar 31, 2026 9:37:07 AM de.learnlib.logging.LearnLogger logQuery
INFO: DB CACHE [ε | challenge_v1 success_request_with_credentials_v1 challenge_v1 eap_success inner_failure inner_success inner_failure inner_success eap_success id_request_v1 /  challenge_response_v1 success_response_v1 challenge_response_v1 after_eap_success empty_peap empty_peap empty_peap empty_peap after_eap_success id_response_v1]
Mar 31, 2026 9:37:07 AM de.learnlib.logging.LearnLogger logQuery
INFO: DB CACHE [ε | challenge_v1 success_request_with_credentials_v1 challenge_v1 eap_success inner_failure inner_success inner_failure success_request_with_credentials_v1 /  challenge_response_v1 success_response_v1 challenge_response_v1 after_eap_success empty_peap empty_peap empty_peap success_response_v1]
Mar 31, 2026 9:37:07 AM de.learnlib.logging.LearnLogger logQuery
INFO: DB CACHE [ε | challenge_v1 success_request_with_credentials_v1 challenge_v1 eap_success inner_failure inner_success inner_failure success_request_all_zeros_v1 /  challenge_response_v1 success_response_v1 challenge_response_v1 after_eap_success empty_peap empty_peap empty_peap no_reply]
Mar 31, 2026 9:37:07 AM de.learnlib.logging.LearnLogger logQuery
INFO: DB CACHE [ε | challenge_v1 success_request_with_credentials_v1 challenge_v1 eap_success inner_failure inner_success inner_failure challenge_v1 /  challenge_response_v1 success_response_v1 challenge_response_v1 after_eap_success empty_peap empty_peap empty_peap challenge_response_v1]
Mar 31, 2026 9:37:07 AM de.learnlib.logging.LearnLogger logQuery
INFO: DB CACHE [ε | challenge_v1 success_request_with_credentials_v1 challenge_v1 eap_success inner_failure inner_success inner_failure id_request_v1 /  challenge_response_v1 success_response_v1 challenge_response_v1 after_eap_success empty_peap empty_peap empty_peap id_response_v1]
Mar 31, 2026 9:37:07 AM de.learnlib.logging.LearnLogger logQuery
INFO: DB CACHE [ε | challenge_v1 success_request_with_credentials_v1 challenge_v1 eap_success inner_failure inner_success inner_success 4_way_message_1 /  challenge_response_v1 success_response_v1 challenge_response_v1 after_eap_success empty_peap empty_peap empty_peap no_reply]
Mar 31, 2026 9:37:07 AM de.learnlib.logging.LearnLogger logQuery
INFO: DB CACHE [ε | challenge_v1 success_request_with_credentials_v1 challenge_v1 eap_success inner_failure inner_success inner_success eap_success id_request_v1 /  challenge_response_v1 success_response_v1 challenge_response_v1 after_eap_success empty_peap empty_peap empty_peap after_eap_success id_response_v1]
Mar 31, 2026 9:37:07 AM de.learnlib.logging.LearnLogger logQuery
INFO: DB CACHE [ε | challenge_v1 success_request_with_credentials_v1 challenge_v1 eap_success inner_failure inner_success inner_success inner_failure 4_way_message_1 /  challenge_response_v1 success_response_v1 challenge_response_v1 after_eap_success empty_peap empty_peap empty_peap empty_peap no_reply]
Mar 31, 2026 9:37:07 AM de.learnlib.logging.LearnLogger logQuery
INFO: DB CACHE [ε | challenge_v1 success_request_with_credentials_v1 challenge_v1 eap_success inner_failure inner_success inner_success inner_failure inner_success eap_success id_request_v1 /  challenge_response_v1 success_response_v1 challenge_response_v1 after_eap_success empty_peap empty_peap empty_peap empty_peap empty_peap after_eap_success id_response_v1]
Mar 31, 2026 9:37:07 AM de.learnlib.logging.LearnLogger logQuery
INFO: DB CACHE [ε | challenge_v1 success_request_with_credentials_v1 challenge_v1 eap_success inner_failure inner_success inner_success inner_success eap_success id_request_v1 /  challenge_response_v1 success_response_v1 challenge_response_v1 after_eap_success empty_peap empty_peap empty_peap empty_peap after_eap_success id_response_v1]
Mar 31, 2026 9:37:07 AM de.learnlib.logging.LearnLogger logQuery
INFO: DB CACHE [ε | challenge_v1 success_request_with_credentials_v1 challenge_v1 eap_success inner_failure inner_success inner_success success_request_with_credentials_v1 /  challenge_response_v1 success_response_v1 challenge_response_v1 after_eap_success empty_peap empty_peap empty_peap success_response_v1]
Mar 31, 2026 9:37:07 AM de.learnlib.logging.LearnLogger logQuery
INFO: DB CACHE [ε | challenge_v1 success_request_with_credentials_v1 challenge_v1 eap_success inner_failure inner_success inner_success success_request_all_zeros_v1 /  challenge_response_v1 success_response_v1 challenge_response_v1 after_eap_success empty_peap empty_peap empty_peap no_reply]
Mar 31, 2026 9:37:07 AM de.learnlib.logging.LearnLogger logQuery
INFO: DB CACHE [ε | challenge_v1 success_request_with_credentials_v1 challenge_v1 eap_success inner_failure inner_success inner_success challenge_v1 /  challenge_response_v1 success_response_v1 challenge_response_v1 after_eap_success empty_peap empty_peap empty_peap challenge_response_v1]
Mar 31, 2026 9:37:07 AM de.learnlib.logging.LearnLogger logQuery
INFO: DB CACHE [ε | challenge_v1 success_request_with_credentials_v1 challenge_v1 eap_success inner_failure inner_success inner_success id_request_v1 /  challenge_response_v1 success_response_v1 challenge_response_v1 after_eap_success empty_peap empty_peap empty_peap id_response_v1]
Mar 31, 2026 9:37:07 AM de.learnlib.logging.LearnLogger logQuery
INFO: DB CACHE [ε | challenge_v1 success_request_with_credentials_v1 challenge_v1 eap_success inner_failure inner_success success_request_with_credentials_v1 4_way_message_1 /  challenge_response_v1 success_response_v1 challenge_response_v1 after_eap_success empty_peap empty_peap success_response_v1 4_way_message_2]
Mar 31, 2026 9:37:07 AM de.learnlib.logging.LearnLogger logQuery
INFO: DB CACHE [ε | challenge_v1 success_request_with_credentials_v1 challenge_v1 eap_success inner_failure inner_success success_request_with_credentials_v1 eap_success id_request_v1 /  challenge_response_v1 success_response_v1 challenge_response_v1 after_eap_success empty_peap empty_peap success_response_v1 after_eap_success id_response_v1]
Mar 31, 2026 9:37:07 AM de.learnlib.logging.LearnLogger logQuery
INFO: DB CACHE [ε | challenge_v1 success_request_with_credentials_v1 challenge_v1 eap_success inner_failure inner_success success_request_with_credentials_v1 inner_failure 4_way_message_1 /  challenge_response_v1 success_response_v1 challenge_response_v1 after_eap_success empty_peap empty_peap success_response_v1 empty_peap no_reply]
Mar 31, 2026 9:37:07 AM de.learnlib.logging.LearnLogger logQuery
INFO: DB CACHE [ε | challenge_v1 success_request_with_credentials_v1 challenge_v1 eap_success inner_failure inner_success success_request_with_credentials_v1 inner_failure inner_success eap_success id_request_v1 /  challenge_response_v1 success_response_v1 challenge_response_v1 after_eap_success empty_peap empty_peap success_response_v1 empty_peap empty_peap after_eap_success id_response_v1]
Mar 31, 2026 9:37:07 AM de.learnlib.logging.LearnLogger logQuery
INFO: DB CACHE [ε | challenge_v1 success_request_with_credentials_v1 challenge_v1 eap_success inner_failure inner_success success_request_with_credentials_v1 inner_success eap_success id_request_v1 /  challenge_response_v1 success_response_v1 challenge_response_v1 after_eap_success empty_peap empty_peap success_response_v1 empty_peap after_eap_success id_response_v1]
Mar 31, 2026 9:37:07 AM de.learnlib.logging.LearnLogger logQuery
INFO: DB CACHE [ε | challenge_v1 success_request_with_credentials_v1 challenge_v1 eap_success inner_failure inner_success success_request_with_credentials_v1 success_request_with_credentials_v1 /  challenge_response_v1 success_response_v1 challenge_response_v1 after_eap_success empty_peap empty_peap success_response_v1 success_response_v1]
Mar 31, 2026 9:37:07 AM de.learnlib.logging.LearnLogger logQuery
INFO: DB CACHE [ε | challenge_v1 success_request_with_credentials_v1 challenge_v1 eap_success inner_failure inner_success success_request_with_credentials_v1 success_request_all_zeros_v1 /  challenge_response_v1 success_response_v1 challenge_response_v1 after_eap_success empty_peap empty_peap success_response_v1 no_reply]
Mar 31, 2026 9:37:07 AM de.learnlib.logging.LearnLogger logQuery
INFO: DB CACHE [ε | challenge_v1 success_request_with_credentials_v1 challenge_v1 eap_success inner_failure inner_success success_request_with_credentials_v1 challenge_v1 /  challenge_response_v1 success_response_v1 challenge_response_v1 after_eap_success empty_peap empty_peap success_response_v1 challenge_response_v1]
Mar 31, 2026 9:37:07 AM de.learnlib.logging.LearnLogger logQuery
INFO: DB CACHE [ε | challenge_v1 success_request_with_credentials_v1 challenge_v1 eap_success inner_failure inner_success success_request_with_credentials_v1 id_request_v1 /  challenge_response_v1 success_response_v1 challenge_response_v1 after_eap_success empty_peap empty_peap success_response_v1 id_response_v1]
Mar 31, 2026 9:37:07 AM de.learnlib.logging.LearnLogger logQuery
INFO: DB CACHE [ε | challenge_v1 success_request_with_credentials_v1 challenge_v1 eap_success inner_failure inner_success success_request_all_zeros_v1 4_way_message_1 /  challenge_response_v1 success_response_v1 challenge_response_v1 after_eap_success empty_peap empty_peap no_reply -]
Mar 31, 2026 9:37:07 AM de.learnlib.logging.LearnLogger logQuery
INFO: DB CACHE [ε | challenge_v1 success_request_with_credentials_v1 challenge_v1 eap_success inner_failure inner_success success_request_all_zeros_v1 eap_success id_request_v1 /  challenge_response_v1 success_response_v1 challenge_response_v1 after_eap_success empty_peap empty_peap no_reply - -]
Mar 31, 2026 9:37:07 AM de.learnlib.logging.LearnLogger logQuery
INFO: DB CACHE [ε | challenge_v1 success_request_with_credentials_v1 challenge_v1 eap_success inner_failure inner_success success_request_all_zeros_v1 inner_failure 4_way_message_1 /  challenge_response_v1 success_response_v1 challenge_response_v1 after_eap_success empty_peap empty_peap no_reply - -]
Mar 31, 2026 9:37:07 AM de.learnlib.logging.LearnLogger logQuery
INFO: DISABLED [ε | challenge_v1 success_request_with_credentials_v1 challenge_v1 eap_success inner_failure inner_success success_request_all_zeros_v1 inner_failure inner_success eap_success id_request_v1 /  challenge_response_v1 success_response_v1 challenge_response_v1 after_eap_success empty_peap empty_peap no_reply - - - -]
Mar 31, 2026 9:37:07 AM de.learnlib.logging.LearnLogger logQuery
INFO: DB CACHE [ε | challenge_v1 success_request_with_credentials_v1 challenge_v1 eap_success inner_failure inner_success success_request_all_zeros_v1 inner_success eap_success id_request_v1 /  challenge_response_v1 success_response_v1 challenge_response_v1 after_eap_success empty_peap empty_peap no_reply - - -]
Mar 31, 2026 9:37:07 AM de.learnlib.logging.LearnLogger logQuery
INFO: DB CACHE [ε | challenge_v1 success_request_with_credentials_v1 challenge_v1 eap_success inner_failure inner_success success_request_all_zeros_v1 success_request_with_credentials_v1 /  challenge_response_v1 success_response_v1 challenge_response_v1 after_eap_success empty_peap empty_peap no_reply -]
Mar 31, 2026 9:37:07 AM de.learnlib.logging.LearnLogger logQuery
INFO: DB CACHE [ε | challenge_v1 success_request_with_credentials_v1 challenge_v1 eap_success inner_failure inner_success success_request_all_zeros_v1 success_request_all_zeros_v1 /  challenge_response_v1 success_response_v1 challenge_response_v1 after_eap_success empty_peap empty_peap no_reply -]
Mar 31, 2026 9:37:07 AM de.learnlib.logging.LearnLogger logQuery
INFO: DB CACHE [ε | challenge_v1 success_request_with_credentials_v1 challenge_v1 eap_success inner_failure inner_success success_request_all_zeros_v1 challenge_v1 /  challenge_response_v1 success_response_v1 challenge_response_v1 after_eap_success empty_peap empty_peap no_reply -]
Mar 31, 2026 9:37:07 AM de.learnlib.logging.LearnLogger logQuery
INFO: DB CACHE [ε | challenge_v1 success_request_with_credentials_v1 challenge_v1 eap_success inner_failure inner_success success_request_all_zeros_v1 id_request_v1 /  challenge_response_v1 success_response_v1 challenge_response_v1 after_eap_success empty_peap empty_peap no_reply -]
Mar 31, 2026 9:37:07 AM de.learnlib.logging.LearnLogger logQuery
INFO: DB CACHE [ε | challenge_v1 success_request_with_credentials_v1 challenge_v1 eap_success inner_failure inner_success challenge_v1 4_way_message_1 /  challenge_response_v1 success_response_v1 challenge_response_v1 after_eap_success empty_peap empty_peap challenge_response_v1 no_reply]
Mar 31, 2026 9:37:07 AM de.learnlib.logging.LearnLogger logQuery
INFO: DB CACHE [ε | challenge_v1 success_request_with_credentials_v1 challenge_v1 eap_success inner_failure inner_success challenge_v1 eap_success id_request_v1 /  challenge_response_v1 success_response_v1 challenge_response_v1 after_eap_success empty_peap empty_peap challenge_response_v1 after_eap_success id_response_v1]
Mar 31, 2026 9:37:07 AM de.learnlib.logging.LearnLogger logQuery
INFO: DB CACHE [ε | challenge_v1 success_request_with_credentials_v1 challenge_v1 eap_success inner_failure inner_success challenge_v1 inner_failure 4_way_message_1 /  challenge_response_v1 success_response_v1 challenge_response_v1 after_eap_success empty_peap empty_peap challenge_response_v1 empty_peap no_reply]
Mar 31, 2026 9:37:07 AM de.learnlib.logging.LearnLogger logQuery
INFO: DB CACHE [ε | challenge_v1 success_request_with_credentials_v1 challenge_v1 eap_success inner_failure inner_success challenge_v1 inner_failure inner_success eap_success id_request_v1 /  challenge_response_v1 success_response_v1 challenge_response_v1 after_eap_success empty_peap empty_peap challenge_response_v1 empty_peap empty_peap after_eap_success id_response_v1]
Mar 31, 2026 9:37:07 AM de.learnlib.logging.LearnLogger logQuery
INFO: DB CACHE [ε | challenge_v1 success_request_with_credentials_v1 challenge_v1 eap_success inner_failure inner_success challenge_v1 inner_success eap_success id_request_v1 /  challenge_response_v1 success_response_v1 challenge_response_v1 after_eap_success empty_peap empty_peap challenge_response_v1 empty_peap after_eap_success id_response_v1]
Mar 31, 2026 9:37:07 AM de.learnlib.logging.LearnLogger logQuery
INFO: DB CACHE [ε | challenge_v1 success_request_with_credentials_v1 challenge_v1 eap_success inner_failure inner_success challenge_v1 success_request_with_credentials_v1 /  challenge_response_v1 success_response_v1 challenge_response_v1 after_eap_success empty_peap empty_peap challenge_response_v1 success_response_v1]
Mar 31, 2026 9:37:07 AM de.learnlib.logging.LearnLogger logQuery
INFO: DB CACHE [ε | challenge_v1 success_request_with_credentials_v1 challenge_v1 eap_success inner_failure inner_success challenge_v1 success_request_all_zeros_v1 /  challenge_response_v1 success_response_v1 challenge_response_v1 after_eap_success empty_peap empty_peap challenge_response_v1 no_reply]
Mar 31, 2026 9:37:07 AM de.learnlib.logging.LearnLogger logQuery
INFO: DB CACHE [ε | challenge_v1 success_request_with_credentials_v1 challenge_v1 eap_success inner_failure inner_success challenge_v1 challenge_v1 /  challenge_response_v1 success_response_v1 challenge_response_v1 after_eap_success empty_peap empty_peap challenge_response_v1 challenge_response_v1]
Mar 31, 2026 9:37:07 AM de.learnlib.logging.LearnLogger logQuery
INFO: DB CACHE [ε | challenge_v1 success_request_with_credentials_v1 challenge_v1 eap_success inner_failure inner_success challenge_v1 id_request_v1 /  challenge_response_v1 success_response_v1 challenge_response_v1 after_eap_success empty_peap empty_peap challenge_response_v1 id_response_v1]
Mar 31, 2026 9:37:07 AM de.learnlib.logging.LearnLogger logQuery
INFO: DB CACHE [ε | challenge_v1 success_request_with_credentials_v1 challenge_v1 eap_success inner_failure inner_success id_request_v1 4_way_message_1 /  challenge_response_v1 success_response_v1 challenge_response_v1 after_eap_success empty_peap empty_peap id_response_v1 no_reply]
Mar 31, 2026 9:37:07 AM de.learnlib.logging.LearnLogger logQuery
INFO: DB CACHE [ε | challenge_v1 success_request_with_credentials_v1 challenge_v1 eap_success inner_failure inner_success id_request_v1 eap_success id_request_v1 /  challenge_response_v1 success_response_v1 challenge_response_v1 after_eap_success empty_peap empty_peap id_response_v1 after_eap_success id_response_v1]
Mar 31, 2026 9:37:07 AM de.learnlib.logging.LearnLogger logQuery
INFO: DB CACHE [ε | challenge_v1 success_request_with_credentials_v1 challenge_v1 eap_success inner_failure inner_success id_request_v1 inner_failure 4_way_message_1 /  challenge_response_v1 success_response_v1 challenge_response_v1 after_eap_success empty_peap empty_peap id_response_v1 empty_peap no_reply]
Mar 31, 2026 9:37:07 AM de.learnlib.logging.LearnLogger logQuery
INFO: DB CACHE [ε | challenge_v1 success_request_with_credentials_v1 challenge_v1 eap_success inner_failure inner_success id_request_v1 inner_failure inner_success eap_success id_request_v1 /  challenge_response_v1 success_response_v1 challenge_response_v1 after_eap_success empty_peap empty_peap id_response_v1 empty_peap empty_peap after_eap_success id_response_v1]
Mar 31, 2026 9:37:07 AM de.learnlib.logging.LearnLogger logQuery
INFO: DB CACHE [ε | challenge_v1 success_request_with_credentials_v1 challenge_v1 eap_success inner_failure inner_success id_request_v1 inner_success eap_success id_request_v1 /  challenge_response_v1 success_response_v1 challenge_response_v1 after_eap_success empty_peap empty_peap id_response_v1 empty_peap after_eap_success id_response_v1]
Mar 31, 2026 9:37:07 AM de.learnlib.logging.LearnLogger logQuery
INFO: DB CACHE [ε | challenge_v1 success_request_with_credentials_v1 challenge_v1 eap_success inner_failure inner_success id_request_v1 success_request_with_credentials_v1 /  challenge_response_v1 success_response_v1 challenge_response_v1 after_eap_success empty_peap empty_peap id_response_v1 success_response_v1]
Mar 31, 2026 9:37:07 AM de.learnlib.logging.LearnLogger logQuery
INFO: DB CACHE [ε | challenge_v1 success_request_with_credentials_v1 challenge_v1 eap_success inner_failure inner_success id_request_v1 success_request_all_zeros_v1 /  challenge_response_v1 success_response_v1 challenge_response_v1 after_eap_success empty_peap empty_peap id_response_v1 no_reply]
Mar 31, 2026 9:37:07 AM de.learnlib.logging.LearnLogger logQuery
INFO: DB CACHE [ε | challenge_v1 success_request_with_credentials_v1 challenge_v1 eap_success inner_failure inner_success id_request_v1 challenge_v1 /  challenge_response_v1 success_response_v1 challenge_response_v1 after_eap_success empty_peap empty_peap id_response_v1 challenge_response_v1]
Mar 31, 2026 9:37:07 AM de.learnlib.logging.LearnLogger logQuery
INFO: DB CACHE [ε | challenge_v1 success_request_with_credentials_v1 challenge_v1 eap_success inner_failure inner_success id_request_v1 id_request_v1 /  challenge_response_v1 success_response_v1 challenge_response_v1 after_eap_success empty_peap empty_peap id_response_v1 id_response_v1]
Mar 31, 2026 9:37:07 AM de.learnlib.logging.LearnLogger logQuery
INFO: DB CACHE [ε | challenge_v1 success_request_with_credentials_v1 challenge_v1 eap_success inner_failure success_request_with_credentials_v1 4_way_message_1 /  challenge_response_v1 success_response_v1 challenge_response_v1 after_eap_success empty_peap success_response_v1 4_way_message_2]
Mar 31, 2026 9:37:07 AM de.learnlib.logging.LearnLogger logQuery
INFO: DB CACHE [ε | challenge_v1 success_request_with_credentials_v1 challenge_v1 eap_success inner_failure success_request_with_credentials_v1 eap_success id_request_v1 /  challenge_response_v1 success_response_v1 challenge_response_v1 after_eap_success empty_peap success_response_v1 after_eap_success id_response_v1]
Mar 31, 2026 9:37:07 AM de.learnlib.logging.LearnLogger logQuery
INFO: DB CACHE [ε | challenge_v1 success_request_with_credentials_v1 challenge_v1 eap_success inner_failure success_request_with_credentials_v1 inner_failure 4_way_message_1 /  challenge_response_v1 success_response_v1 challenge_response_v1 after_eap_success empty_peap success_response_v1 empty_peap no_reply]
Mar 31, 2026 9:37:07 AM de.learnlib.logging.LearnLogger logQuery
INFO: DB CACHE [ε | challenge_v1 success_request_with_credentials_v1 challenge_v1 eap_success inner_failure success_request_with_credentials_v1 inner_failure inner_success eap_success id_request_v1 /  challenge_response_v1 success_response_v1 challenge_response_v1 after_eap_success empty_peap success_response_v1 empty_peap empty_peap after_eap_success id_response_v1]
Mar 31, 2026 9:37:07 AM de.learnlib.logging.LearnLogger logQuery
INFO: DB CACHE [ε | challenge_v1 success_request_with_credentials_v1 challenge_v1 eap_success inner_failure success_request_with_credentials_v1 inner_success eap_success id_request_v1 /  challenge_response_v1 success_response_v1 challenge_response_v1 after_eap_success empty_peap success_response_v1 empty_peap after_eap_success id_response_v1]
Mar 31, 2026 9:37:07 AM de.learnlib.logging.LearnLogger logQuery
INFO: DB CACHE [ε | challenge_v1 success_request_with_credentials_v1 challenge_v1 eap_success inner_failure success_request_with_credentials_v1 success_request_with_credentials_v1 /  challenge_response_v1 success_response_v1 challenge_response_v1 after_eap_success empty_peap success_response_v1 success_response_v1]
Mar 31, 2026 9:37:07 AM de.learnlib.logging.LearnLogger logQuery
INFO: DB CACHE [ε | challenge_v1 success_request_with_credentials_v1 challenge_v1 eap_success inner_failure success_request_with_credentials_v1 success_request_all_zeros_v1 /  challenge_response_v1 success_response_v1 challenge_response_v1 after_eap_success empty_peap success_response_v1 no_reply]
Mar 31, 2026 9:37:07 AM de.learnlib.logging.LearnLogger logQuery
INFO: DB CACHE [ε | challenge_v1 success_request_with_credentials_v1 challenge_v1 eap_success inner_failure success_request_with_credentials_v1 challenge_v1 /  challenge_response_v1 success_response_v1 challenge_response_v1 after_eap_success empty_peap success_response_v1 challenge_response_v1]
Mar 31, 2026 9:37:07 AM de.learnlib.logging.LearnLogger logQuery
INFO: DB CACHE [ε | challenge_v1 success_request_with_credentials_v1 challenge_v1 eap_success inner_failure success_request_with_credentials_v1 id_request_v1 /  challenge_response_v1 success_response_v1 challenge_response_v1 after_eap_success empty_peap success_response_v1 id_response_v1]
Mar 31, 2026 9:37:07 AM de.learnlib.logging.LearnLogger logQuery
INFO: DB CACHE [ε | challenge_v1 success_request_with_credentials_v1 challenge_v1 eap_success inner_failure success_request_all_zeros_v1 4_way_message_1 /  challenge_response_v1 success_response_v1 challenge_response_v1 after_eap_success empty_peap no_reply -]
Mar 31, 2026 9:37:07 AM de.learnlib.logging.LearnLogger logQuery
INFO: DB CACHE [ε | challenge_v1 success_request_with_credentials_v1 challenge_v1 eap_success inner_failure success_request_all_zeros_v1 eap_success id_request_v1 /  challenge_response_v1 success_response_v1 challenge_response_v1 after_eap_success empty_peap no_reply - -]
Mar 31, 2026 9:37:07 AM de.learnlib.logging.LearnLogger logQuery
INFO: DB CACHE [ε | challenge_v1 success_request_with_credentials_v1 challenge_v1 eap_success inner_failure success_request_all_zeros_v1 inner_failure 4_way_message_1 /  challenge_response_v1 success_response_v1 challenge_response_v1 after_eap_success empty_peap no_reply - -]
Mar 31, 2026 9:37:07 AM de.learnlib.logging.LearnLogger logQuery
INFO: DISABLED [ε | challenge_v1 success_request_with_credentials_v1 challenge_v1 eap_success inner_failure success_request_all_zeros_v1 inner_failure inner_success eap_success id_request_v1 /  challenge_response_v1 success_response_v1 challenge_response_v1 after_eap_success empty_peap no_reply - - - -]
Mar 31, 2026 9:37:07 AM de.learnlib.logging.LearnLogger logQuery
INFO: DB CACHE [ε | challenge_v1 success_request_with_credentials_v1 challenge_v1 eap_success inner_failure success_request_all_zeros_v1 inner_success eap_success id_request_v1 /  challenge_response_v1 success_response_v1 challenge_response_v1 after_eap_success empty_peap no_reply - - -]
Mar 31, 2026 9:37:07 AM de.learnlib.logging.LearnLogger logQuery
INFO: DB CACHE [ε | challenge_v1 success_request_with_credentials_v1 challenge_v1 eap_success inner_failure success_request_all_zeros_v1 success_request_with_credentials_v1 /  challenge_response_v1 success_response_v1 challenge_response_v1 after_eap_success empty_peap no_reply -]
Mar 31, 2026 9:37:07 AM de.learnlib.logging.LearnLogger logQuery
INFO: DB CACHE [ε | challenge_v1 success_request_with_credentials_v1 challenge_v1 eap_success inner_failure success_request_all_zeros_v1 success_request_all_zeros_v1 /  challenge_response_v1 success_response_v1 challenge_response_v1 after_eap_success empty_peap no_reply -]
Mar 31, 2026 9:37:07 AM de.learnlib.logging.LearnLogger logQuery
INFO: DB CACHE [ε | challenge_v1 success_request_with_credentials_v1 challenge_v1 eap_success inner_failure success_request_all_zeros_v1 challenge_v1 /  challenge_response_v1 success_response_v1 challenge_response_v1 after_eap_success empty_peap no_reply -]
Mar 31, 2026 9:37:07 AM de.learnlib.logging.LearnLogger logQuery
INFO: DB CACHE [ε | challenge_v1 success_request_with_credentials_v1 challenge_v1 eap_success inner_failure success_request_all_zeros_v1 id_request_v1 /  challenge_response_v1 success_response_v1 challenge_response_v1 after_eap_success empty_peap no_reply -]
Mar 31, 2026 9:37:07 AM de.learnlib.logging.LearnLogger logQuery
INFO: DB CACHE [ε | challenge_v1 success_request_with_credentials_v1 challenge_v1 eap_success inner_failure challenge_v1 4_way_message_1 /  challenge_response_v1 success_response_v1 challenge_response_v1 after_eap_success empty_peap challenge_response_v1 no_reply]
Mar 31, 2026 9:37:07 AM de.learnlib.logging.LearnLogger logQuery
INFO: DB CACHE [ε | challenge_v1 success_request_with_credentials_v1 challenge_v1 eap_success inner_failure challenge_v1 eap_success id_request_v1 /  challenge_response_v1 success_response_v1 challenge_response_v1 after_eap_success empty_peap challenge_response_v1 after_eap_success id_response_v1]
Mar 31, 2026 9:37:07 AM de.learnlib.logging.LearnLogger logQuery
INFO: DB CACHE [ε | challenge_v1 success_request_with_credentials_v1 challenge_v1 eap_success inner_failure challenge_v1 inner_failure 4_way_message_1 /  challenge_response_v1 success_response_v1 challenge_response_v1 after_eap_success empty_peap challenge_response_v1 empty_peap no_reply]
Mar 31, 2026 9:37:07 AM de.learnlib.logging.LearnLogger logQuery
INFO: DB CACHE [ε | challenge_v1 success_request_with_credentials_v1 challenge_v1 eap_success inner_failure challenge_v1 inner_failure inner_success eap_success id_request_v1 /  challenge_response_v1 success_response_v1 challenge_response_v1 after_eap_success empty_peap challenge_response_v1 empty_peap empty_peap after_eap_success id_response_v1]
Mar 31, 2026 9:37:07 AM de.learnlib.logging.LearnLogger logQuery
INFO: DB CACHE [ε | challenge_v1 success_request_with_credentials_v1 challenge_v1 eap_success inner_failure challenge_v1 inner_success eap_success id_request_v1 /  challenge_response_v1 success_response_v1 challenge_response_v1 after_eap_success empty_peap challenge_response_v1 empty_peap after_eap_success id_response_v1]
Mar 31, 2026 9:37:07 AM de.learnlib.logging.LearnLogger logQuery
INFO: DB CACHE [ε | challenge_v1 success_request_with_credentials_v1 challenge_v1 eap_success inner_failure challenge_v1 success_request_with_credentials_v1 /  challenge_response_v1 success_response_v1 challenge_response_v1 after_eap_success empty_peap challenge_response_v1 success_response_v1]
Mar 31, 2026 9:37:07 AM de.learnlib.logging.LearnLogger logQuery
INFO: DB CACHE [ε | challenge_v1 success_request_with_credentials_v1 challenge_v1 eap_success inner_failure challenge_v1 success_request_all_zeros_v1 /  challenge_response_v1 success_response_v1 challenge_response_v1 after_eap_success empty_peap challenge_response_v1 no_reply]
Mar 31, 2026 9:37:07 AM de.learnlib.logging.LearnLogger logQuery
INFO: DB CACHE [ε | challenge_v1 success_request_with_credentials_v1 challenge_v1 eap_success inner_failure challenge_v1 challenge_v1 /  challenge_response_v1 success_response_v1 challenge_response_v1 after_eap_success empty_peap challenge_response_v1 challenge_response_v1]
Mar 31, 2026 9:37:07 AM de.learnlib.logging.LearnLogger logQuery
INFO: DB CACHE [ε | challenge_v1 success_request_with_credentials_v1 challenge_v1 eap_success inner_failure challenge_v1 id_request_v1 /  challenge_response_v1 success_response_v1 challenge_response_v1 after_eap_success empty_peap challenge_response_v1 id_response_v1]
Mar 31, 2026 9:37:07 AM de.learnlib.logging.LearnLogger logQuery
INFO: DB CACHE [ε | challenge_v1 success_request_with_credentials_v1 challenge_v1 eap_success inner_failure id_request_v1 4_way_message_1 /  challenge_response_v1 success_response_v1 challenge_response_v1 after_eap_success empty_peap id_response_v1 no_reply]
Mar 31, 2026 9:37:07 AM de.learnlib.logging.LearnLogger logQuery
INFO: DB CACHE [ε | challenge_v1 success_request_with_credentials_v1 challenge_v1 eap_success inner_failure id_request_v1 eap_success id_request_v1 /  challenge_response_v1 success_response_v1 challenge_response_v1 after_eap_success empty_peap id_response_v1 after_eap_success id_response_v1]
Mar 31, 2026 9:37:07 AM de.learnlib.logging.LearnLogger logQuery
INFO: DB CACHE [ε | challenge_v1 success_request_with_credentials_v1 challenge_v1 eap_success inner_failure id_request_v1 inner_failure 4_way_message_1 /  challenge_response_v1 success_response_v1 challenge_response_v1 after_eap_success empty_peap id_response_v1 empty_peap no_reply]
Mar 31, 2026 9:37:07 AM de.learnlib.logging.LearnLogger logQuery
INFO: DB CACHE [ε | challenge_v1 success_request_with_credentials_v1 challenge_v1 eap_success inner_failure id_request_v1 inner_failure inner_success eap_success id_request_v1 /  challenge_response_v1 success_response_v1 challenge_response_v1 after_eap_success empty_peap id_response_v1 empty_peap empty_peap after_eap_success id_response_v1]
Mar 31, 2026 9:37:07 AM de.learnlib.logging.LearnLogger logQuery
INFO: DB CACHE [ε | challenge_v1 success_request_with_credentials_v1 challenge_v1 eap_success inner_failure id_request_v1 inner_success eap_success id_request_v1 /  challenge_response_v1 success_response_v1 challenge_response_v1 after_eap_success empty_peap id_response_v1 empty_peap after_eap_success id_response_v1]
Mar 31, 2026 9:37:07 AM de.learnlib.logging.LearnLogger logQuery
INFO: DB CACHE [ε | challenge_v1 success_request_with_credentials_v1 challenge_v1 eap_success inner_failure id_request_v1 success_request_with_credentials_v1 /  challenge_response_v1 success_response_v1 challenge_response_v1 after_eap_success empty_peap id_response_v1 success_response_v1]
Mar 31, 2026 9:37:07 AM de.learnlib.logging.LearnLogger logQuery
INFO: DB CACHE [ε | challenge_v1 success_request_with_credentials_v1 challenge_v1 eap_success inner_failure id_request_v1 success_request_all_zeros_v1 /  challenge_response_v1 success_response_v1 challenge_response_v1 after_eap_success empty_peap id_response_v1 no_reply]
Mar 31, 2026 9:37:07 AM de.learnlib.logging.LearnLogger logQuery
INFO: DB CACHE [ε | challenge_v1 success_request_with_credentials_v1 challenge_v1 eap_success inner_failure id_request_v1 challenge_v1 /  challenge_response_v1 success_response_v1 challenge_response_v1 after_eap_success empty_peap id_response_v1 challenge_response_v1]
Mar 31, 2026 9:37:07 AM de.learnlib.logging.LearnLogger logQuery
INFO: DB CACHE [ε | challenge_v1 success_request_with_credentials_v1 challenge_v1 eap_success inner_failure id_request_v1 id_request_v1 /  challenge_response_v1 success_response_v1 challenge_response_v1 after_eap_success empty_peap id_response_v1 id_response_v1]
Mar 31, 2026 9:37:07 AM de.learnlib.logging.LearnLogger logQuery
INFO: DB CACHE [ε | challenge_v1 success_request_with_credentials_v1 challenge_v1 eap_success inner_success 4_way_message_1 /  challenge_response_v1 success_response_v1 challenge_response_v1 after_eap_success empty_peap 4_way_message_2]
Mar 31, 2026 9:37:07 AM de.learnlib.logging.LearnLogger logQuery
INFO: DB CACHE [ε | challenge_v1 success_request_with_credentials_v1 challenge_v1 eap_success inner_success inner_failure 4_way_message_1 /  challenge_response_v1 success_response_v1 challenge_response_v1 after_eap_success empty_peap empty_peap no_reply]
Mar 31, 2026 9:37:07 AM de.learnlib.logging.LearnLogger logQuery
INFO: DB CACHE [ε | challenge_v1 success_request_with_credentials_v1 challenge_v1 eap_success inner_success inner_failure inner_success eap_success id_request_v1 /  challenge_response_v1 success_response_v1 challenge_response_v1 after_eap_success empty_peap empty_peap empty_peap after_eap_success id_response_v1]
Mar 31, 2026 9:37:07 AM de.learnlib.logging.LearnLogger logQuery
INFO: DB CACHE [ε | challenge_v1 success_request_with_credentials_v1 challenge_v1 eap_success inner_success inner_success eap_success id_request_v1 /  challenge_response_v1 success_response_v1 challenge_response_v1 after_eap_success empty_peap empty_peap after_eap_success id_response_v1]
Mar 31, 2026 9:37:07 AM de.learnlib.logging.LearnLogger logQuery
INFO: DB CACHE [ε | challenge_v1 success_request_with_credentials_v1 challenge_v1 eap_success inner_success success_request_with_credentials_v1 /  challenge_response_v1 success_response_v1 challenge_response_v1 after_eap_success empty_peap success_response_v1]
Mar 31, 2026 9:37:07 AM de.learnlib.logging.LearnLogger logQuery
INFO: DB CACHE [ε | challenge_v1 success_request_with_credentials_v1 challenge_v1 eap_success inner_success success_request_all_zeros_v1 /  challenge_response_v1 success_response_v1 challenge_response_v1 after_eap_success empty_peap no_reply]
Mar 31, 2026 9:37:07 AM de.learnlib.logging.LearnLogger logQuery
INFO: DB CACHE [ε | challenge_v1 success_request_with_credentials_v1 challenge_v1 eap_success inner_success challenge_v1 /  challenge_response_v1 success_response_v1 challenge_response_v1 after_eap_success empty_peap challenge_response_v1]
Mar 31, 2026 9:37:07 AM de.learnlib.logging.LearnLogger logQuery
INFO: DB CACHE [ε | challenge_v1 success_request_with_credentials_v1 challenge_v1 eap_success inner_success id_request_v1 /  challenge_response_v1 success_response_v1 challenge_response_v1 after_eap_success empty_peap id_response_v1]
Mar 31, 2026 9:37:07 AM de.learnlib.logging.LearnLogger logQuery
INFO: DB CACHE [ε | challenge_v1 success_request_with_credentials_v1 challenge_v1 eap_success success_request_with_credentials_v1 4_way_message_1 /  challenge_response_v1 success_response_v1 challenge_response_v1 after_eap_success success_response_v1 4_way_message_2]
Mar 31, 2026 9:37:07 AM de.learnlib.logging.LearnLogger logQuery
INFO: DB CACHE [ε | challenge_v1 success_request_with_credentials_v1 challenge_v1 eap_success success_request_with_credentials_v1 eap_success id_request_v1 /  challenge_response_v1 success_response_v1 challenge_response_v1 after_eap_success success_response_v1 after_eap_success id_response_v1]
Mar 31, 2026 9:37:07 AM de.learnlib.logging.LearnLogger logQuery
INFO: DB CACHE [ε | challenge_v1 success_request_with_credentials_v1 challenge_v1 eap_success success_request_with_credentials_v1 inner_failure 4_way_message_1 /  challenge_response_v1 success_response_v1 challenge_response_v1 after_eap_success success_response_v1 empty_peap no_reply]
Mar 31, 2026 9:37:07 AM de.learnlib.logging.LearnLogger logQuery
INFO: DB CACHE [ε | challenge_v1 success_request_with_credentials_v1 challenge_v1 eap_success success_request_with_credentials_v1 inner_failure inner_success eap_success id_request_v1 /  challenge_response_v1 success_response_v1 challenge_response_v1 after_eap_success success_response_v1 empty_peap empty_peap after_eap_success id_response_v1]
Mar 31, 2026 9:37:07 AM de.learnlib.logging.LearnLogger logQuery
INFO: DB CACHE [ε | challenge_v1 success_request_with_credentials_v1 challenge_v1 eap_success success_request_with_credentials_v1 inner_success eap_success id_request_v1 /  challenge_response_v1 success_response_v1 challenge_response_v1 after_eap_success success_response_v1 empty_peap after_eap_success id_response_v1]
Mar 31, 2026 9:37:07 AM de.learnlib.logging.LearnLogger logQuery
INFO: DB CACHE [ε | challenge_v1 success_request_with_credentials_v1 challenge_v1 eap_success success_request_with_credentials_v1 success_request_with_credentials_v1 /  challenge_response_v1 success_response_v1 challenge_response_v1 after_eap_success success_response_v1 success_response_v1]
Mar 31, 2026 9:37:07 AM de.learnlib.logging.LearnLogger logQuery
INFO: DB CACHE [ε | challenge_v1 success_request_with_credentials_v1 challenge_v1 eap_success success_request_with_credentials_v1 success_request_all_zeros_v1 /  challenge_response_v1 success_response_v1 challenge_response_v1 after_eap_success success_response_v1 no_reply]
Mar 31, 2026 9:37:07 AM de.learnlib.logging.LearnLogger logQuery
INFO: DB CACHE [ε | challenge_v1 success_request_with_credentials_v1 challenge_v1 eap_success success_request_with_credentials_v1 challenge_v1 /  challenge_response_v1 success_response_v1 challenge_response_v1 after_eap_success success_response_v1 challenge_response_v1]
Mar 31, 2026 9:37:07 AM de.learnlib.logging.LearnLogger logQuery
INFO: DB CACHE [ε | challenge_v1 success_request_with_credentials_v1 challenge_v1 eap_success success_request_with_credentials_v1 id_request_v1 /  challenge_response_v1 success_response_v1 challenge_response_v1 after_eap_success success_response_v1 id_response_v1]
Mar 31, 2026 9:37:07 AM de.learnlib.logging.LearnLogger logQuery
INFO: DB CACHE [ε | challenge_v1 success_request_with_credentials_v1 challenge_v1 eap_success success_request_all_zeros_v1 4_way_message_1 /  challenge_response_v1 success_response_v1 challenge_response_v1 after_eap_success no_reply -]
Mar 31, 2026 9:37:07 AM de.learnlib.logging.LearnLogger logQuery
INFO: DISABLED [ε | challenge_v1 success_request_with_credentials_v1 challenge_v1 eap_success success_request_all_zeros_v1 eap_success id_request_v1 /  challenge_response_v1 success_response_v1 challenge_response_v1 after_eap_success no_reply - -]
Mar 31, 2026 9:37:07 AM de.learnlib.logging.LearnLogger logQuery
INFO: DISABLED [ε | challenge_v1 success_request_with_credentials_v1 challenge_v1 eap_success success_request_all_zeros_v1 inner_failure 4_way_message_1 /  challenge_response_v1 success_response_v1 challenge_response_v1 after_eap_success no_reply - -]
Mar 31, 2026 9:37:07 AM de.learnlib.logging.LearnLogger logQuery
INFO: DISABLED [ε | challenge_v1 success_request_with_credentials_v1 challenge_v1 eap_success success_request_all_zeros_v1 inner_failure inner_success eap_success id_request_v1 /  challenge_response_v1 success_response_v1 challenge_response_v1 after_eap_success no_reply - - - -]
Mar 31, 2026 9:37:07 AM de.learnlib.logging.LearnLogger logQuery
INFO: DISABLED [ε | challenge_v1 success_request_with_credentials_v1 challenge_v1 eap_success success_request_all_zeros_v1 inner_success eap_success id_request_v1 /  challenge_response_v1 success_response_v1 challenge_response_v1 after_eap_success no_reply - - -]
Mar 31, 2026 9:37:07 AM de.learnlib.logging.LearnLogger logQuery
INFO: DB CACHE [ε | challenge_v1 success_request_with_credentials_v1 challenge_v1 eap_success success_request_all_zeros_v1 success_request_with_credentials_v1 /  challenge_response_v1 success_response_v1 challenge_response_v1 after_eap_success no_reply -]
Mar 31, 2026 9:37:07 AM de.learnlib.logging.LearnLogger logQuery
INFO: DB CACHE [ε | challenge_v1 success_request_with_credentials_v1 challenge_v1 eap_success success_request_all_zeros_v1 success_request_all_zeros_v1 /  challenge_response_v1 success_response_v1 challenge_response_v1 after_eap_success no_reply -]
Mar 31, 2026 9:37:07 AM de.learnlib.logging.LearnLogger logQuery
INFO: DB CACHE [ε | challenge_v1 success_request_with_credentials_v1 challenge_v1 eap_success success_request_all_zeros_v1 challenge_v1 /  challenge_response_v1 success_response_v1 challenge_response_v1 after_eap_success no_reply -]
Mar 31, 2026 9:37:07 AM de.learnlib.logging.LearnLogger logQuery
INFO: DB CACHE [ε | challenge_v1 success_request_with_credentials_v1 challenge_v1 eap_success success_request_all_zeros_v1 id_request_v1 /  challenge_response_v1 success_response_v1 challenge_response_v1 after_eap_success no_reply -]
Mar 31, 2026 9:37:07 AM de.learnlib.logging.LearnLogger logQuery
INFO: DB CACHE [ε | challenge_v1 success_request_with_credentials_v1 challenge_v1 eap_success challenge_v1 4_way_message_1 /  challenge_response_v1 success_response_v1 challenge_response_v1 after_eap_success challenge_response_v1 4_way_message_2]
Mar 31, 2026 9:37:07 AM de.learnlib.logging.LearnLogger logQuery
INFO: DB CACHE [ε | challenge_v1 success_request_with_credentials_v1 challenge_v1 eap_success challenge_v1 eap_success id_request_v1 /  challenge_response_v1 success_response_v1 challenge_response_v1 after_eap_success challenge_response_v1 after_eap_success id_response_v1]
Mar 31, 2026 9:37:07 AM de.learnlib.logging.LearnLogger logQuery
INFO: DB CACHE [ε | challenge_v1 success_request_with_credentials_v1 challenge_v1 eap_success challenge_v1 inner_failure 4_way_message_1 /  challenge_response_v1 success_response_v1 challenge_response_v1 after_eap_success challenge_response_v1 empty_peap no_reply]
Mar 31, 2026 9:37:07 AM de.learnlib.logging.LearnLogger logQuery
INFO: DB CACHE [ε | challenge_v1 success_request_with_credentials_v1 challenge_v1 eap_success challenge_v1 inner_failure inner_success eap_success id_request_v1 /  challenge_response_v1 success_response_v1 challenge_response_v1 after_eap_success challenge_response_v1 empty_peap empty_peap after_eap_success id_response_v1]
Mar 31, 2026 9:37:07 AM de.learnlib.logging.LearnLogger logQuery
INFO: DB CACHE [ε | challenge_v1 success_request_with_credentials_v1 challenge_v1 eap_success challenge_v1 inner_success eap_success id_request_v1 /  challenge_response_v1 success_response_v1 challenge_response_v1 after_eap_success challenge_response_v1 empty_peap after_eap_success id_response_v1]
Mar 31, 2026 9:37:07 AM de.learnlib.logging.LearnLogger logQuery
INFO: DB CACHE [ε | challenge_v1 success_request_with_credentials_v1 challenge_v1 eap_success challenge_v1 success_request_with_credentials_v1 /  challenge_response_v1 success_response_v1 challenge_response_v1 after_eap_success challenge_response_v1 success_response_v1]
Mar 31, 2026 9:37:07 AM de.learnlib.logging.LearnLogger logQuery
INFO: DB CACHE [ε | challenge_v1 success_request_with_credentials_v1 challenge_v1 eap_success challenge_v1 success_request_all_zeros_v1 /  challenge_response_v1 success_response_v1 challenge_response_v1 after_eap_success challenge_response_v1 no_reply]
Mar 31, 2026 9:37:07 AM de.learnlib.logging.LearnLogger logQuery
INFO: DB CACHE [ε | challenge_v1 success_request_with_credentials_v1 challenge_v1 eap_success challenge_v1 challenge_v1 /  challenge_response_v1 success_response_v1 challenge_response_v1 after_eap_success challenge_response_v1 challenge_response_v1]
Mar 31, 2026 9:37:07 AM de.learnlib.logging.LearnLogger logQuery
INFO: DB CACHE [ε | challenge_v1 success_request_with_credentials_v1 challenge_v1 eap_success challenge_v1 id_request_v1 /  challenge_response_v1 success_response_v1 challenge_response_v1 after_eap_success challenge_response_v1 id_response_v1]
Mar 31, 2026 9:37:07 AM de.learnlib.logging.LearnLogger logQuery
INFO: DB CACHE [ε | challenge_v1 success_request_with_credentials_v1 challenge_v1 eap_success id_request_v1 4_way_message_1 /  challenge_response_v1 success_response_v1 challenge_response_v1 after_eap_success id_response_v1 4_way_message_2]
Mar 31, 2026 9:37:07 AM de.learnlib.logging.LearnLogger logQuery
INFO: DB CACHE [ε | challenge_v1 success_request_with_credentials_v1 challenge_v1 eap_success id_request_v1 eap_success id_request_v1 /  challenge_response_v1 success_response_v1 challenge_response_v1 after_eap_success id_response_v1 after_eap_success id_response_v1]
Mar 31, 2026 9:37:07 AM de.learnlib.logging.LearnLogger logQuery
INFO: DB CACHE [ε | challenge_v1 success_request_with_credentials_v1 challenge_v1 eap_success id_request_v1 inner_failure 4_way_message_1 /  challenge_response_v1 success_response_v1 challenge_response_v1 after_eap_success id_response_v1 empty_peap no_reply]
Mar 31, 2026 9:37:07 AM de.learnlib.logging.LearnLogger logQuery
INFO: DB CACHE [ε | challenge_v1 success_request_with_credentials_v1 challenge_v1 eap_success id_request_v1 inner_failure inner_success eap_success id_request_v1 /  challenge_response_v1 success_response_v1 challenge_response_v1 after_eap_success id_response_v1 empty_peap empty_peap after_eap_success id_response_v1]
Mar 31, 2026 9:37:07 AM de.learnlib.logging.LearnLogger logQuery
INFO: DB CACHE [ε | challenge_v1 success_request_with_credentials_v1 challenge_v1 eap_success id_request_v1 inner_success eap_success id_request_v1 /  challenge_response_v1 success_response_v1 challenge_response_v1 after_eap_success id_response_v1 empty_peap after_eap_success id_response_v1]
Mar 31, 2026 9:37:07 AM de.learnlib.logging.LearnLogger logQuery
INFO: DB CACHE [ε | challenge_v1 success_request_with_credentials_v1 challenge_v1 eap_success id_request_v1 success_request_with_credentials_v1 /  challenge_response_v1 success_response_v1 challenge_response_v1 after_eap_success id_response_v1 success_response_v1]
Mar 31, 2026 9:37:07 AM de.learnlib.logging.LearnLogger logQuery
INFO: DB CACHE [ε | challenge_v1 success_request_with_credentials_v1 challenge_v1 eap_success id_request_v1 success_request_all_zeros_v1 /  challenge_response_v1 success_response_v1 challenge_response_v1 after_eap_success id_response_v1 no_reply]
Mar 31, 2026 9:37:07 AM de.learnlib.logging.LearnLogger logQuery
INFO: DB CACHE [ε | challenge_v1 success_request_with_credentials_v1 challenge_v1 eap_success id_request_v1 challenge_v1 /  challenge_response_v1 success_response_v1 challenge_response_v1 after_eap_success id_response_v1 challenge_response_v1]
Mar 31, 2026 9:37:07 AM de.learnlib.logging.LearnLogger logQuery
INFO: DB CACHE [ε | challenge_v1 success_request_with_credentials_v1 challenge_v1 eap_success id_request_v1 id_request_v1 /  challenge_response_v1 success_response_v1 challenge_response_v1 after_eap_success id_response_v1 id_response_v1]
Mar 31, 2026 9:37:07 AM de.learnlib.logging.LearnLogger logQuery
INFO: DISABLED [ε | 4_way_message_1 inner_success 4_way_message_1 /  no_reply - -]
Mar 31, 2026 9:37:07 AM de.learnlib.logging.LearnLogger logQuery
INFO: DISABLED [ε | eap_success 4_way_message_1 inner_success 4_way_message_1 /  after_eap_success no_reply - -]
Mar 31, 2026 9:37:07 AM de.learnlib.logging.LearnLogger logQuery
INFO: DB CACHE [ε | eap_success eap_success inner_success 4_way_message_1 /  after_eap_success after_eap_success no_reply -]
Mar 31, 2026 9:37:07 AM de.learnlib.logging.LearnLogger logQuery
INFO: DISABLED [ε | eap_success inner_failure inner_success 4_way_message_1 /  after_eap_success no_reply - -]
Mar 31, 2026 9:37:07 AM de.learnlib.logging.LearnLogger logQuery
INFO: DISABLED [ε | eap_success inner_success inner_success 4_way_message_1 /  after_eap_success no_reply - -]
Mar 31, 2026 9:37:07 AM de.learnlib.logging.LearnLogger logQuery
INFO: DISABLED [ε | eap_success success_request_with_credentials_v1 inner_success 4_way_message_1 /  after_eap_success no_reply - -]
Mar 31, 2026 9:37:07 AM de.learnlib.logging.LearnLogger logQuery
INFO: DISABLED [ε | eap_success success_request_all_zeros_v1 inner_success 4_way_message_1 /  after_eap_success no_reply - -]
Mar 31, 2026 9:37:07 AM de.learnlib.logging.LearnLogger logQuery
INFO: DISABLED [ε | eap_success challenge_v1 inner_success 4_way_message_1 /  after_eap_success no_reply - -]
Mar 31, 2026 9:37:07 AM de.learnlib.logging.LearnLogger logQuery
INFO: DISABLED [ε | eap_success id_request_v1 inner_success 4_way_message_1 /  after_eap_success no_reply - -]
Mar 31, 2026 9:37:07 AM de.learnlib.logging.LearnLogger logQuery
INFO: DB CACHE [ε | inner_failure inner_success 4_way_message_1 /  empty_peap empty_peap no_reply]
Mar 31, 2026 9:37:07 AM de.learnlib.logging.LearnLogger logQuery
INFO: DB CACHE [ε | inner_success inner_success 4_way_message_1 /  empty_peap empty_peap no_reply]
Mar 31, 2026 9:37:07 AM de.learnlib.logging.LearnLogger logQuery
INFO: DISABLED [ε | success_request_with_credentials_v1 inner_success 4_way_message_1 /  no_reply - -]
Mar 31, 2026 9:37:07 AM de.learnlib.logging.LearnLogger logQuery
INFO: DISABLED [ε | success_request_all_zeros_v1 4_way_message_1 inner_success 4_way_message_1 /  no_reply - - -]
Mar 31, 2026 9:37:07 AM de.learnlib.logging.LearnLogger logQuery
INFO: DISABLED [ε | success_request_all_zeros_v1 eap_success inner_success 4_way_message_1 /  no_reply - - -]
Mar 31, 2026 9:37:07 AM de.learnlib.logging.LearnLogger logQuery
INFO: DISABLED [ε | success_request_all_zeros_v1 inner_failure inner_success 4_way_message_1 /  no_reply - - -]
Mar 31, 2026 9:37:07 AM de.learnlib.logging.LearnLogger logQuery
INFO: DISABLED [ε | success_request_all_zeros_v1 inner_success inner_success 4_way_message_1 /  no_reply - - -]
Mar 31, 2026 9:37:07 AM de.learnlib.logging.LearnLogger logQuery
INFO: DISABLED [ε | success_request_all_zeros_v1 success_request_with_credentials_v1 inner_success 4_way_message_1 /  no_reply - - -]
Mar 31, 2026 9:37:07 AM de.learnlib.logging.LearnLogger logQuery
INFO: DISABLED [ε | success_request_all_zeros_v1 success_request_all_zeros_v1 inner_success 4_way_message_1 /  no_reply - - -]
Mar 31, 2026 9:37:07 AM de.learnlib.logging.LearnLogger logQuery
INFO: DISABLED [ε | success_request_all_zeros_v1 challenge_v1 inner_success 4_way_message_1 /  no_reply - - -]
Mar 31, 2026 9:37:07 AM de.learnlib.logging.LearnLogger logQuery
INFO: DISABLED [ε | success_request_all_zeros_v1 id_request_v1 inner_success 4_way_message_1 /  no_reply - - -]
Mar 31, 2026 9:37:07 AM de.learnlib.logging.LearnLogger logQuery
INFO: DISABLED [ε | challenge_v1 4_way_message_1 inner_success 4_way_message_1 /  challenge_response_v1 no_reply - -]
Mar 31, 2026 9:37:07 AM de.learnlib.logging.LearnLogger logQuery
INFO: DB CACHE [ε | challenge_v1 eap_success inner_success 4_way_message_1 /  challenge_response_v1 after_eap_success no_reply -]
Mar 31, 2026 9:37:07 AM de.learnlib.logging.LearnLogger logQuery
INFO: DB CACHE [ε | challenge_v1 inner_failure inner_success 4_way_message_1 /  challenge_response_v1 empty_peap empty_peap no_reply]
Mar 31, 2026 9:37:07 AM de.learnlib.logging.LearnLogger logQuery
INFO: DB CACHE [ε | challenge_v1 inner_success inner_success 4_way_message_1 /  challenge_response_v1 empty_peap empty_peap no_reply]
Mar 31, 2026 9:37:07 AM de.learnlib.logging.LearnLogger logQuery
INFO: DISABLED [ε | challenge_v1 success_request_with_credentials_v1 4_way_message_1 inner_success 4_way_message_1 /  challenge_response_v1 success_response_v1 4_way_message_2 - -]
Mar 31, 2026 9:37:07 AM de.learnlib.logging.LearnLogger logQuery
INFO: DISABLED [ε | challenge_v1 success_request_with_credentials_v1 eap_success 4_way_message_1 inner_success 4_way_message_1 /  challenge_response_v1 success_response_v1 after_eap_success 4_way_message_2 - -]
Mar 31, 2026 9:37:07 AM de.learnlib.logging.LearnLogger logQuery
INFO: DB CACHE [ε | challenge_v1 success_request_with_credentials_v1 eap_success eap_success inner_success 4_way_message_1 /  challenge_response_v1 success_response_v1 after_eap_success after_eap_success empty_peap 4_way_message_2]
Mar 31, 2026 9:37:07 AM de.learnlib.logging.LearnLogger logQuery
INFO: DISABLED [ε | challenge_v1 success_request_with_credentials_v1 eap_success inner_failure 4_way_message_1 4_way_message_1 inner_success 4_way_message_1 /  challenge_response_v1 success_response_v1 after_eap_success empty_peap no_reply - - -]
Mar 31, 2026 9:37:07 AM de.learnlib.logging.LearnLogger logQuery
INFO: DISABLED [ε | challenge_v1 success_request_with_credentials_v1 eap_success inner_failure 4_way_message_1 eap_success inner_success 4_way_message_1 /  challenge_response_v1 success_response_v1 after_eap_success empty_peap no_reply - - -]
Mar 31, 2026 9:37:07 AM de.learnlib.logging.LearnLogger logQuery
INFO: DISABLED [ε | challenge_v1 success_request_with_credentials_v1 eap_success inner_failure 4_way_message_1 inner_failure inner_success 4_way_message_1 /  challenge_response_v1 success_response_v1 after_eap_success empty_peap no_reply - - -]
Mar 31, 2026 9:37:07 AM de.learnlib.logging.LearnLogger logQuery
INFO: DISABLED [ε | challenge_v1 success_request_with_credentials_v1 eap_success inner_failure 4_way_message_1 inner_success inner_success 4_way_message_1 /  challenge_response_v1 success_response_v1 after_eap_success empty_peap no_reply - - -]
Mar 31, 2026 9:37:07 AM de.learnlib.logging.LearnLogger logQuery
INFO: DISABLED [ε | challenge_v1 success_request_with_credentials_v1 eap_success inner_failure 4_way_message_1 success_request_with_credentials_v1 inner_success 4_way_message_1 /  challenge_response_v1 success_response_v1 after_eap_success empty_peap no_reply - - -]
Mar 31, 2026 9:37:07 AM de.learnlib.logging.LearnLogger logQuery
INFO: DISABLED [ε | challenge_v1 success_request_with_credentials_v1 eap_success inner_failure 4_way_message_1 success_request_all_zeros_v1 inner_success 4_way_message_1 /  challenge_response_v1 success_response_v1 after_eap_success empty_peap no_reply - - -]
Mar 31, 2026 9:37:07 AM de.learnlib.logging.LearnLogger logQuery
INFO: DISABLED [ε | challenge_v1 success_request_with_credentials_v1 eap_success inner_failure 4_way_message_1 challenge_v1 inner_success 4_way_message_1 /  challenge_response_v1 success_response_v1 after_eap_success empty_peap no_reply - - -]
Mar 31, 2026 9:37:07 AM de.learnlib.logging.LearnLogger logQuery
INFO: DISABLED [ε | challenge_v1 success_request_with_credentials_v1 eap_success inner_failure 4_way_message_1 id_request_v1 inner_success 4_way_message_1 /  challenge_response_v1 success_response_v1 after_eap_success empty_peap no_reply - - -]
Mar 31, 2026 9:37:07 AM de.learnlib.logging.LearnLogger logQuery
INFO: DB CACHE [ε | challenge_v1 success_request_with_credentials_v1 eap_success inner_failure eap_success inner_success 4_way_message_1 /  challenge_response_v1 success_response_v1 after_eap_success empty_peap after_eap_success empty_peap 4_way_message_2]
Mar 31, 2026 9:37:07 AM de.learnlib.logging.LearnLogger logQuery
INFO: DB CACHE [ε | challenge_v1 success_request_with_credentials_v1 eap_success inner_failure inner_failure inner_success 4_way_message_1 /  challenge_response_v1 success_response_v1 after_eap_success empty_peap empty_peap empty_peap 4_way_message_2]
Mar 31, 2026 9:37:07 AM de.learnlib.logging.LearnLogger logQuery
INFO: DB CACHE [ε | challenge_v1 success_request_with_credentials_v1 eap_success inner_failure inner_success inner_success 4_way_message_1 /  challenge_response_v1 success_response_v1 after_eap_success empty_peap empty_peap empty_peap 4_way_message_2]
Mar 31, 2026 9:37:07 AM de.learnlib.logging.LearnLogger logQuery
INFO: DB CACHE [ε | challenge_v1 success_request_with_credentials_v1 eap_success inner_failure success_request_with_credentials_v1 inner_success 4_way_message_1 /  challenge_response_v1 success_response_v1 after_eap_success empty_peap success_response_v1 empty_peap 4_way_message_2]
Mar 31, 2026 9:37:07 AM de.learnlib.logging.LearnLogger logQuery
INFO: DISABLED [ε | challenge_v1 success_request_with_credentials_v1 eap_success inner_failure success_request_all_zeros_v1 inner_success 4_way_message_1 /  challenge_response_v1 success_response_v1 after_eap_success empty_peap no_reply - -]
Mar 31, 2026 9:37:07 AM de.learnlib.logging.LearnLogger logQuery
INFO: DB CACHE [ε | challenge_v1 success_request_with_credentials_v1 eap_success inner_failure challenge_v1 inner_success 4_way_message_1 /  challenge_response_v1 success_response_v1 after_eap_success empty_peap challenge_response_v1 empty_peap no_reply]
Mar 31, 2026 9:37:07 AM de.learnlib.logging.LearnLogger logQuery
INFO: DB CACHE [ε | challenge_v1 success_request_with_credentials_v1 eap_success inner_failure id_request_v1 inner_success 4_way_message_1 /  challenge_response_v1 success_response_v1 after_eap_success empty_peap id_response_v1 empty_peap 4_way_message_2]
Mar 31, 2026 9:37:07 AM de.learnlib.logging.LearnLogger logQuery
INFO: DB CACHE [ε | challenge_v1 success_request_with_credentials_v1 eap_success inner_success inner_success 4_way_message_1 /  challenge_response_v1 success_response_v1 after_eap_success empty_peap empty_peap 4_way_message_2]
Mar 31, 2026 9:37:07 AM de.learnlib.logging.LearnLogger logQuery
INFO: DB CACHE [ε | challenge_v1 success_request_with_credentials_v1 eap_success success_request_with_credentials_v1 inner_success 4_way_message_1 /  challenge_response_v1 success_response_v1 after_eap_success success_response_v1 empty_peap 4_way_message_2]
Mar 31, 2026 9:37:07 AM de.learnlib.logging.LearnLogger logQuery
INFO: DISABLED [ε | challenge_v1 success_request_with_credentials_v1 eap_success success_request_all_zeros_v1 inner_success 4_way_message_1 /  challenge_response_v1 success_response_v1 after_eap_success no_reply - -]
Mar 31, 2026 9:37:07 AM de.learnlib.logging.LearnLogger logQuery
INFO: DB CACHE [ε | challenge_v1 success_request_with_credentials_v1 eap_success challenge_v1 inner_success 4_way_message_1 /  challenge_response_v1 success_response_v1 after_eap_success challenge_response_v1 empty_peap 4_way_message_2]
Mar 31, 2026 9:37:07 AM de.learnlib.logging.LearnLogger logQuery
INFO: DB CACHE [ε | challenge_v1 success_request_with_credentials_v1 eap_success id_request_v1 inner_success 4_way_message_1 /  challenge_response_v1 success_response_v1 after_eap_success id_response_v1 empty_peap 4_way_message_2]
Mar 31, 2026 9:37:07 AM de.learnlib.logging.LearnLogger logQuery
INFO: DISABLED [ε | challenge_v1 success_request_with_credentials_v1 inner_failure 4_way_message_1 inner_success 4_way_message_1 /  challenge_response_v1 success_response_v1 empty_peap 4_way_message_2 - -]
Mar 31, 2026 9:37:07 AM de.learnlib.logging.LearnLogger logQuery
INFO: DISABLED [ε | challenge_v1 success_request_with_credentials_v1 inner_failure eap_success 4_way_message_1 inner_success 4_way_message_1 /  challenge_response_v1 success_response_v1 empty_peap after_eap_success no_reply - -]
Mar 31, 2026 9:37:07 AM de.learnlib.logging.LearnLogger logQuery
INFO: DB CACHE [ε | challenge_v1 success_request_with_credentials_v1 inner_failure eap_success eap_success inner_success 4_way_message_1 /  challenge_response_v1 success_response_v1 empty_peap after_eap_success after_eap_success no_reply -]
Mar 31, 2026 9:37:07 AM de.learnlib.logging.LearnLogger logQuery
INFO: DISABLED [ε | challenge_v1 success_request_with_credentials_v1 inner_failure eap_success inner_failure inner_success 4_way_message_1 /  challenge_response_v1 success_response_v1 empty_peap after_eap_success no_reply - -]
Mar 31, 2026 9:37:07 AM de.learnlib.logging.LearnLogger logQuery
INFO: DISABLED [ε | challenge_v1 success_request_with_credentials_v1 inner_failure eap_success inner_success inner_success 4_way_message_1 /  challenge_response_v1 success_response_v1 empty_peap after_eap_success no_reply - -]
Mar 31, 2026 9:37:07 AM de.learnlib.logging.LearnLogger logQuery
INFO: DISABLED [ε | challenge_v1 success_request_with_credentials_v1 inner_failure eap_success success_request_with_credentials_v1 4_way_message_1 inner_success 4_way_message_1 /  challenge_response_v1 success_response_v1 empty_peap after_eap_success no_reply - - -]
Mar 31, 2026 9:37:07 AM de.learnlib.logging.LearnLogger logQuery
INFO: DISABLED [ε | challenge_v1 success_request_with_credentials_v1 inner_failure eap_success success_request_with_credentials_v1 eap_success inner_success 4_way_message_1 /  challenge_response_v1 success_response_v1 empty_peap after_eap_success no_reply - - -]
Mar 31, 2026 9:37:07 AM de.learnlib.logging.LearnLogger logQuery
INFO: DISABLED [ε | challenge_v1 success_request_with_credentials_v1 inner_failure eap_success success_request_with_credentials_v1 inner_failure inner_success 4_way_message_1 /  challenge_response_v1 success_response_v1 empty_peap after_eap_success no_reply - - -]
Mar 31, 2026 9:37:07 AM de.learnlib.logging.LearnLogger logQuery
INFO: DISABLED [ε | challenge_v1 success_request_with_credentials_v1 inner_failure eap_success success_request_with_credentials_v1 inner_success inner_success 4_way_message_1 /  challenge_response_v1 success_response_v1 empty_peap after_eap_success no_reply - - -]
Mar 31, 2026 9:37:07 AM de.learnlib.logging.LearnLogger logQuery
INFO: DISABLED [ε | challenge_v1 success_request_with_credentials_v1 inner_failure eap_success success_request_with_credentials_v1 success_request_with_credentials_v1 inner_success 4_way_message_1 /  challenge_response_v1 success_response_v1 empty_peap after_eap_success no_reply - - -]
Mar 31, 2026 9:37:07 AM de.learnlib.logging.LearnLogger logQuery
INFO: DISABLED [ε | challenge_v1 success_request_with_credentials_v1 inner_failure eap_success success_request_with_credentials_v1 success_request_all_zeros_v1 inner_success 4_way_message_1 /  challenge_response_v1 success_response_v1 empty_peap after_eap_success no_reply - - -]
Mar 31, 2026 9:37:07 AM de.learnlib.logging.LearnLogger logQuery
INFO: DISABLED [ε | challenge_v1 success_request_with_credentials_v1 inner_failure eap_success success_request_with_credentials_v1 challenge_v1 inner_success 4_way_message_1 /  challenge_response_v1 success_response_v1 empty_peap after_eap_success no_reply - - -]
Mar 31, 2026 9:37:07 AM de.learnlib.logging.LearnLogger logQuery
INFO: DISABLED [ε | challenge_v1 success_request_with_credentials_v1 inner_failure eap_success success_request_with_credentials_v1 id_request_v1 inner_success 4_way_message_1 /  challenge_response_v1 success_response_v1 empty_peap after_eap_success no_reply - - -]
Mar 31, 2026 9:37:07 AM de.learnlib.logging.LearnLogger logQuery
INFO: DISABLED [ε | challenge_v1 success_request_with_credentials_v1 inner_failure eap_success success_request_all_zeros_v1 inner_success 4_way_message_1 /  challenge_response_v1 success_response_v1 empty_peap after_eap_success no_reply - -]
Mar 31, 2026 9:37:07 AM de.learnlib.logging.LearnLogger logQuery
INFO: DISABLED [ε | challenge_v1 success_request_with_credentials_v1 inner_failure eap_success challenge_v1 inner_success 4_way_message_1 /  challenge_response_v1 success_response_v1 empty_peap after_eap_success no_reply - -]
Mar 31, 2026 9:37:07 AM de.learnlib.logging.LearnLogger logQuery
INFO: DISABLED [ε | challenge_v1 success_request_with_credentials_v1 inner_failure eap_success id_request_v1 inner_success 4_way_message_1 /  challenge_response_v1 success_response_v1 empty_peap after_eap_success no_reply - -]
Mar 31, 2026 9:37:07 AM de.learnlib.logging.LearnLogger logQuery
INFO: DB CACHE [ε | challenge_v1 success_request_with_credentials_v1 inner_failure inner_failure inner_success 4_way_message_1 /  challenge_response_v1 success_response_v1 empty_peap empty_peap empty_peap 4_way_message_2]
Mar 31, 2026 9:37:07 AM de.learnlib.logging.LearnLogger logQuery
INFO: DB CACHE [ε | challenge_v1 success_request_with_credentials_v1 inner_failure inner_success inner_success 4_way_message_1 /  challenge_response_v1 success_response_v1 empty_peap empty_peap empty_peap 4_way_message_2]
Mar 31, 2026 9:37:07 AM de.learnlib.logging.LearnLogger logQuery
INFO: DB CACHE [ε | challenge_v1 success_request_with_credentials_v1 inner_failure success_request_with_credentials_v1 inner_success 4_way_message_1 /  challenge_response_v1 success_response_v1 empty_peap success_response_v1 empty_peap 4_way_message_2]
Mar 31, 2026 9:37:07 AM de.learnlib.logging.LearnLogger logQuery
INFO: DISABLED [ε | challenge_v1 success_request_with_credentials_v1 inner_failure success_request_all_zeros_v1 inner_success 4_way_message_1 /  challenge_response_v1 success_response_v1 empty_peap no_reply - -]
Mar 31, 2026 9:37:07 AM de.learnlib.logging.LearnLogger logQuery
INFO: DB CACHE [ε | challenge_v1 success_request_with_credentials_v1 inner_failure challenge_v1 inner_success 4_way_message_1 /  challenge_response_v1 success_response_v1 empty_peap challenge_response_v1 empty_peap 4_way_message_2]
Mar 31, 2026 9:37:07 AM de.learnlib.logging.LearnLogger logQuery
INFO: DB CACHE [ε | challenge_v1 success_request_with_credentials_v1 inner_failure id_request_v1 inner_success 4_way_message_1 /  challenge_response_v1 success_response_v1 empty_peap id_response_v1 empty_peap 4_way_message_2]
Mar 31, 2026 9:37:07 AM de.learnlib.logging.LearnLogger logQuery
INFO: DB CACHE [ε | challenge_v1 success_request_with_credentials_v1 inner_success inner_success 4_way_message_1 /  challenge_response_v1 success_response_v1 empty_peap empty_peap 4_way_message_2]
Mar 31, 2026 9:37:07 AM de.learnlib.logging.LearnLogger logQuery
INFO: DB CACHE [ε | challenge_v1 success_request_with_credentials_v1 success_request_with_credentials_v1 inner_success 4_way_message_1 /  challenge_response_v1 success_response_v1 success_response_v1 empty_peap 4_way_message_2]
Mar 31, 2026 9:37:07 AM de.learnlib.logging.LearnLogger logQuery
INFO: DISABLED [ε | challenge_v1 success_request_with_credentials_v1 success_request_all_zeros_v1 inner_success 4_way_message_1 /  challenge_response_v1 success_response_v1 no_reply - -]
Mar 31, 2026 9:37:07 AM de.learnlib.logging.LearnLogger logQuery
INFO: DISABLED [ε | challenge_v1 success_request_with_credentials_v1 challenge_v1 4_way_message_1 inner_success 4_way_message_1 /  challenge_response_v1 success_response_v1 challenge_response_v1 4_way_message_2 - -]
Mar 31, 2026 9:37:07 AM de.learnlib.logging.LearnLogger logQuery
INFO: DISABLED [ε | challenge_v1 success_request_with_credentials_v1 challenge_v1 eap_success 4_way_message_1 inner_success 4_way_message_1 /  challenge_response_v1 success_response_v1 challenge_response_v1 after_eap_success 4_way_message_2 - -]
Mar 31, 2026 9:37:07 AM de.learnlib.logging.LearnLogger logQuery
INFO: DB CACHE [ε | challenge_v1 success_request_with_credentials_v1 challenge_v1 eap_success eap_success inner_success 4_way_message_1 /  challenge_response_v1 success_response_v1 challenge_response_v1 after_eap_success after_eap_success empty_peap 4_way_message_2]
Mar 31, 2026 9:37:07 AM de.learnlib.logging.LearnLogger logQuery
INFO: DISABLED [ε | challenge_v1 success_request_with_credentials_v1 challenge_v1 eap_success inner_failure 4_way_message_1 inner_success 4_way_message_1 /  challenge_response_v1 success_response_v1 challenge_response_v1 after_eap_success empty_peap no_reply - -]
Mar 31, 2026 9:37:07 AM de.learnlib.logging.LearnLogger logQuery
INFO: DB CACHE [ε | challenge_v1 success_request_with_credentials_v1 challenge_v1 eap_success inner_failure eap_success inner_success 4_way_message_1 /  challenge_response_v1 success_response_v1 challenge_response_v1 after_eap_success empty_peap after_eap_success empty_peap no_reply]
Mar 31, 2026 9:37:07 AM de.learnlib.logging.LearnLogger logQuery
INFO: DB CACHE [ε | challenge_v1 success_request_with_credentials_v1 challenge_v1 eap_success inner_failure inner_failure inner_success 4_way_message_1 /  challenge_response_v1 success_response_v1 challenge_response_v1 after_eap_success empty_peap empty_peap empty_peap no_reply]
Mar 31, 2026 9:37:07 AM de.learnlib.logging.LearnLogger logQuery
INFO: DISABLED [ε | challenge_v1 success_request_with_credentials_v1 challenge_v1 eap_success inner_failure inner_success 4_way_message_1 4_way_message_1 inner_success 4_way_message_1 /  challenge_response_v1 success_response_v1 challenge_response_v1 after_eap_success empty_peap empty_peap no_reply - - -]
Mar 31, 2026 9:37:07 AM de.learnlib.logging.LearnLogger logQuery
INFO: DISABLED [ε | challenge_v1 success_request_with_credentials_v1 challenge_v1 eap_success inner_failure inner_success 4_way_message_1 eap_success inner_success 4_way_message_1 /  challenge_response_v1 success_response_v1 challenge_response_v1 after_eap_success empty_peap empty_peap no_reply - - -]
Mar 31, 2026 9:37:07 AM de.learnlib.logging.LearnLogger logQuery
INFO: DISABLED [ε | challenge_v1 success_request_with_credentials_v1 challenge_v1 eap_success inner_failure inner_success 4_way_message_1 inner_failure inner_success 4_way_message_1 /  challenge_response_v1 success_response_v1 challenge_response_v1 after_eap_success empty_peap empty_peap no_reply - - -]
Mar 31, 2026 9:37:07 AM de.learnlib.logging.LearnLogger logQuery
INFO: DISABLED [ε | challenge_v1 success_request_with_credentials_v1 challenge_v1 eap_success inner_failure inner_success 4_way_message_1 inner_success inner_success 4_way_message_1 /  challenge_response_v1 success_response_v1 challenge_response_v1 after_eap_success empty_peap empty_peap no_reply - - -]
Mar 31, 2026 9:37:07 AM de.learnlib.logging.LearnLogger logQuery
INFO: DISABLED [ε | challenge_v1 success_request_with_credentials_v1 challenge_v1 eap_success inner_failure inner_success 4_way_message_1 success_request_with_credentials_v1 inner_success 4_way_message_1 /  challenge_response_v1 success_response_v1 challenge_response_v1 after_eap_success empty_peap empty_peap no_reply - - -]
Mar 31, 2026 9:37:07 AM de.learnlib.logging.LearnLogger logQuery
INFO: DISABLED [ε | challenge_v1 success_request_with_credentials_v1 challenge_v1 eap_success inner_failure inner_success 4_way_message_1 success_request_all_zeros_v1 inner_success 4_way_message_1 /  challenge_response_v1 success_response_v1 challenge_response_v1 after_eap_success empty_peap empty_peap no_reply - - -]
Mar 31, 2026 9:37:07 AM de.learnlib.logging.LearnLogger logQuery
INFO: DISABLED [ε | challenge_v1 success_request_with_credentials_v1 challenge_v1 eap_success inner_failure inner_success 4_way_message_1 challenge_v1 inner_success 4_way_message_1 /  challenge_response_v1 success_response_v1 challenge_response_v1 after_eap_success empty_peap empty_peap no_reply - - -]
Mar 31, 2026 9:37:07 AM de.learnlib.logging.LearnLogger logQuery
INFO: DISABLED [ε | challenge_v1 success_request_with_credentials_v1 challenge_v1 eap_success inner_failure inner_success 4_way_message_1 id_request_v1 inner_success 4_way_message_1 /  challenge_response_v1 success_response_v1 challenge_response_v1 after_eap_success empty_peap empty_peap no_reply - - -]
Mar 31, 2026 9:37:07 AM de.learnlib.logging.LearnLogger logQuery
INFO: DB CACHE [ε | challenge_v1 success_request_with_credentials_v1 challenge_v1 eap_success inner_failure inner_success eap_success inner_success 4_way_message_1 /  challenge_response_v1 success_response_v1 challenge_response_v1 after_eap_success empty_peap empty_peap after_eap_success empty_peap no_reply]
Mar 31, 2026 9:37:07 AM de.learnlib.logging.LearnLogger logQuery
INFO: DB CACHE [ε | challenge_v1 success_request_with_credentials_v1 challenge_v1 eap_success inner_failure inner_success inner_failure inner_success 4_way_message_1 /  challenge_response_v1 success_response_v1 challenge_response_v1 after_eap_success empty_peap empty_peap empty_peap empty_peap no_reply]
Mar 31, 2026 9:37:07 AM de.learnlib.logging.LearnLogger logQuery
INFO: DB CACHE [ε | challenge_v1 success_request_with_credentials_v1 challenge_v1 eap_success inner_failure inner_success inner_success inner_success 4_way_message_1 /  challenge_response_v1 success_response_v1 challenge_response_v1 after_eap_success empty_peap empty_peap empty_peap empty_peap no_reply]
Mar 31, 2026 9:37:07 AM de.learnlib.logging.LearnLogger logQuery
INFO: DB CACHE [ε | challenge_v1 success_request_with_credentials_v1 challenge_v1 eap_success inner_failure inner_success success_request_with_credentials_v1 inner_success 4_way_message_1 /  challenge_response_v1 success_response_v1 challenge_response_v1 after_eap_success empty_peap empty_peap success_response_v1 empty_peap 4_way_message_2]
Mar 31, 2026 9:37:07 AM de.learnlib.logging.LearnLogger logQuery
INFO: DISABLED [ε | challenge_v1 success_request_with_credentials_v1 challenge_v1 eap_success inner_failure inner_success success_request_all_zeros_v1 inner_success 4_way_message_1 /  challenge_response_v1 success_response_v1 challenge_response_v1 after_eap_success empty_peap empty_peap no_reply - -]
Mar 31, 2026 9:37:07 AM de.learnlib.logging.LearnLogger logQuery
INFO: DB CACHE [ε | challenge_v1 success_request_with_credentials_v1 challenge_v1 eap_success inner_failure inner_success challenge_v1 inner_success 4_way_message_1 /  challenge_response_v1 success_response_v1 challenge_response_v1 after_eap_success empty_peap empty_peap challenge_response_v1 empty_peap no_reply]
Mar 31, 2026 9:37:07 AM de.learnlib.logging.LearnLogger logQuery
INFO: DB CACHE [ε | challenge_v1 success_request_with_credentials_v1 challenge_v1 eap_success inner_failure inner_success id_request_v1 inner_success 4_way_message_1 /  challenge_response_v1 success_response_v1 challenge_response_v1 after_eap_success empty_peap empty_peap id_response_v1 empty_peap no_reply]
Mar 31, 2026 9:37:07 AM de.learnlib.logging.LearnLogger logQuery
INFO: DB CACHE [ε | challenge_v1 success_request_with_credentials_v1 challenge_v1 eap_success inner_failure success_request_with_credentials_v1 inner_success 4_way_message_1 /  challenge_response_v1 success_response_v1 challenge_response_v1 after_eap_success empty_peap success_response_v1 empty_peap 4_way_message_2]
Mar 31, 2026 9:37:07 AM de.learnlib.logging.LearnLogger logQuery
INFO: DISABLED [ε | challenge_v1 success_request_with_credentials_v1 challenge_v1 eap_success inner_failure success_request_all_zeros_v1 inner_success 4_way_message_1 /  challenge_response_v1 success_response_v1 challenge_response_v1 after_eap_success empty_peap no_reply - -]
Mar 31, 2026 9:37:07 AM de.learnlib.logging.LearnLogger logQuery
INFO: DB CACHE [ε | challenge_v1 success_request_with_credentials_v1 challenge_v1 eap_success inner_failure challenge_v1 inner_success 4_way_message_1 /  challenge_response_v1 success_response_v1 challenge_response_v1 after_eap_success empty_peap challenge_response_v1 empty_peap no_reply]
Mar 31, 2026 9:37:07 AM de.learnlib.logging.LearnLogger logQuery
INFO: DB CACHE [ε | challenge_v1 success_request_with_credentials_v1 challenge_v1 eap_success inner_failure id_request_v1 inner_success 4_way_message_1 /  challenge_response_v1 success_response_v1 challenge_response_v1 after_eap_success empty_peap id_response_v1 empty_peap no_reply]
Mar 31, 2026 9:37:07 AM de.learnlib.logging.LearnLogger logQuery
INFO: DB CACHE [ε | challenge_v1 success_request_with_credentials_v1 challenge_v1 eap_success inner_success inner_success 4_way_message_1 /  challenge_response_v1 success_response_v1 challenge_response_v1 after_eap_success empty_peap empty_peap 4_way_message_2]
Mar 31, 2026 9:37:07 AM de.learnlib.logging.LearnLogger logQuery
INFO: DB CACHE [ε | challenge_v1 success_request_with_credentials_v1 challenge_v1 eap_success success_request_with_credentials_v1 inner_success 4_way_message_1 /  challenge_response_v1 success_response_v1 challenge_response_v1 after_eap_success success_response_v1 empty_peap 4_way_message_2]
Mar 31, 2026 9:37:07 AM de.learnlib.logging.LearnLogger logQuery
INFO: DISABLED [ε | challenge_v1 success_request_with_credentials_v1 challenge_v1 eap_success success_request_all_zeros_v1 inner_success 4_way_message_1 /  challenge_response_v1 success_response_v1 challenge_response_v1 after_eap_success no_reply - -]
Mar 31, 2026 9:37:07 AM de.learnlib.logging.LearnLogger logQuery
INFO: DB CACHE [ε | challenge_v1 success_request_with_credentials_v1 challenge_v1 eap_success challenge_v1 inner_success 4_way_message_1 /  challenge_response_v1 success_response_v1 challenge_response_v1 after_eap_success challenge_response_v1 empty_peap 4_way_message_2]
Mar 31, 2026 9:37:07 AM de.learnlib.logging.LearnLogger logQuery
INFO: DB CACHE [ε | challenge_v1 success_request_with_credentials_v1 challenge_v1 eap_success id_request_v1 inner_success 4_way_message_1 /  challenge_response_v1 success_response_v1 challenge_response_v1 after_eap_success id_response_v1 empty_peap 4_way_message_2]
Mar 31, 2026 9:37:07 AM de.learnlib.logging.LearnLogger logQuery
INFO: DISABLED [ε | challenge_v1 success_request_with_credentials_v1 challenge_v1 inner_failure 4_way_message_1 inner_success 4_way_message_1 /  challenge_response_v1 success_response_v1 challenge_response_v1 empty_peap 4_way_message_2 - -]
Mar 31, 2026 9:37:07 AM de.learnlib.logging.LearnLogger logQuery
INFO: DB CACHE [ε | challenge_v1 success_request_with_credentials_v1 challenge_v1 inner_failure eap_success inner_success 4_way_message_1 /  challenge_response_v1 success_response_v1 challenge_response_v1 empty_peap after_eap_success no_reply -]
Mar 31, 2026 9:37:07 AM de.learnlib.logging.LearnLogger logQuery
INFO: DB CACHE [ε | challenge_v1 success_request_with_credentials_v1 challenge_v1 inner_failure inner_failure inner_success 4_way_message_1 /  challenge_response_v1 success_response_v1 challenge_response_v1 empty_peap empty_peap empty_peap 4_way_message_2]
Mar 31, 2026 9:37:07 AM de.learnlib.logging.LearnLogger logQuery
INFO: DISABLED [ε | challenge_v1 success_request_with_credentials_v1 challenge_v1 inner_failure inner_success 4_way_message_1 inner_success 4_way_message_1 /  challenge_response_v1 success_response_v1 challenge_response_v1 empty_peap empty_peap 4_way_message_2 - -]
Mar 31, 2026 9:37:07 AM de.learnlib.logging.LearnLogger logQuery
INFO: DISABLED [ε | challenge_v1 success_request_with_credentials_v1 challenge_v1 inner_failure inner_success eap_success 4_way_message_1 inner_success 4_way_message_1 /  challenge_response_v1 success_response_v1 challenge_response_v1 empty_peap empty_peap after_eap_success no_reply - -]
Mar 31, 2026 9:37:07 AM de.learnlib.logging.LearnLogger logQuery
INFO: DB CACHE [ε | challenge_v1 success_request_with_credentials_v1 challenge_v1 inner_failure inner_success eap_success eap_success inner_success 4_way_message_1 /  challenge_response_v1 success_response_v1 challenge_response_v1 empty_peap empty_peap after_eap_success after_eap_success no_reply -]
Mar 31, 2026 9:37:07 AM de.learnlib.logging.LearnLogger logQuery
INFO: DISABLED [ε | challenge_v1 success_request_with_credentials_v1 challenge_v1 inner_failure inner_success eap_success inner_failure inner_success 4_way_message_1 /  challenge_response_v1 success_response_v1 challenge_response_v1 empty_peap empty_peap after_eap_success no_reply - -]
Mar 31, 2026 9:37:07 AM de.learnlib.logging.LearnLogger logQuery
INFO: DISABLED [ε | challenge_v1 success_request_with_credentials_v1 challenge_v1 inner_failure inner_success eap_success inner_success inner_success 4_way_message_1 /  challenge_response_v1 success_response_v1 challenge_response_v1 empty_peap empty_peap after_eap_success no_reply - -]
Mar 31, 2026 9:37:07 AM de.learnlib.logging.LearnLogger logQuery
INFO: DISABLED [ε | challenge_v1 success_request_with_credentials_v1 challenge_v1 inner_failure inner_success eap_success success_request_with_credentials_v1 inner_success 4_way_message_1 /  challenge_response_v1 success_response_v1 challenge_response_v1 empty_peap empty_peap after_eap_success no_reply - -]
Mar 31, 2026 9:37:07 AM de.learnlib.logging.LearnLogger logQuery
INFO: DISABLED [ε | challenge_v1 success_request_with_credentials_v1 challenge_v1 inner_failure inner_success eap_success success_request_all_zeros_v1 inner_success 4_way_message_1 /  challenge_response_v1 success_response_v1 challenge_response_v1 empty_peap empty_peap after_eap_success no_reply - -]
Mar 31, 2026 9:37:07 AM de.learnlib.logging.LearnLogger logQuery
INFO: DISABLED [ε | challenge_v1 success_request_with_credentials_v1 challenge_v1 inner_failure inner_success eap_success challenge_v1 inner_success 4_way_message_1 /  challenge_response_v1 success_response_v1 challenge_response_v1 empty_peap empty_peap after_eap_success no_reply - -]
Mar 31, 2026 9:37:07 AM de.learnlib.logging.LearnLogger logQuery
INFO: DISABLED [ε | challenge_v1 success_request_with_credentials_v1 challenge_v1 inner_failure inner_success eap_success id_request_v1 4_way_message_1 inner_success 4_way_message_1 /  challenge_response_v1 success_response_v1 challenge_response_v1 empty_peap empty_peap after_eap_success no_reply - - -]
Mar 31, 2026 9:37:07 AM de.learnlib.logging.LearnLogger logQuery
INFO: DISABLED [ε | challenge_v1 success_request_with_credentials_v1 challenge_v1 inner_failure inner_success eap_success id_request_v1 eap_success inner_success 4_way_message_1 /  challenge_response_v1 success_response_v1 challenge_response_v1 empty_peap empty_peap after_eap_success no_reply - - -]
Mar 31, 2026 9:37:07 AM de.learnlib.logging.LearnLogger logQuery
INFO: DISABLED [ε | challenge_v1 success_request_with_credentials_v1 challenge_v1 inner_failure inner_success eap_success id_request_v1 inner_failure inner_success 4_way_message_1 /  challenge_response_v1 success_response_v1 challenge_response_v1 empty_peap empty_peap after_eap_success no_reply - - -]
Mar 31, 2026 9:37:07 AM de.learnlib.logging.LearnLogger logQuery
INFO: DISABLED [ε | challenge_v1 success_request_with_credentials_v1 challenge_v1 inner_failure inner_success eap_success id_request_v1 inner_success inner_success 4_way_message_1 /  challenge_response_v1 success_response_v1 challenge_response_v1 empty_peap empty_peap after_eap_success no_reply - - -]
Mar 31, 2026 9:37:07 AM de.learnlib.logging.LearnLogger logQuery
INFO: DISABLED [ε | challenge_v1 success_request_with_credentials_v1 challenge_v1 inner_failure inner_success eap_success id_request_v1 success_request_with_credentials_v1 inner_success 4_way_message_1 /  challenge_response_v1 success_response_v1 challenge_response_v1 empty_peap empty_peap after_eap_success no_reply - - -]
Mar 31, 2026 9:37:07 AM de.learnlib.logging.LearnLogger logQuery
INFO: DISABLED [ε | challenge_v1 success_request_with_credentials_v1 challenge_v1 inner_failure inner_success eap_success id_request_v1 success_request_all_zeros_v1 inner_success 4_way_message_1 /  challenge_response_v1 success_response_v1 challenge_response_v1 empty_peap empty_peap after_eap_success no_reply - - -]
Mar 31, 2026 9:37:07 AM de.learnlib.logging.LearnLogger logQuery
INFO: DISABLED [ε | challenge_v1 success_request_with_credentials_v1 challenge_v1 inner_failure inner_success eap_success id_request_v1 challenge_v1 inner_success 4_way_message_1 /  challenge_response_v1 success_response_v1 challenge_response_v1 empty_peap empty_peap after_eap_success no_reply - - -]
Mar 31, 2026 9:37:07 AM de.learnlib.logging.LearnLogger logQuery
INFO: DISABLED [ε | challenge_v1 success_request_with_credentials_v1 challenge_v1 inner_failure inner_success eap_success id_request_v1 id_request_v1 inner_success 4_way_message_1 /  challenge_response_v1 success_response_v1 challenge_response_v1 empty_peap empty_peap after_eap_success no_reply - - -]
Mar 31, 2026 9:37:07 AM de.learnlib.logging.LearnLogger logQuery
INFO: DB CACHE [ε | challenge_v1 success_request_with_credentials_v1 challenge_v1 inner_failure inner_success inner_failure inner_success 4_way_message_1 /  challenge_response_v1 success_response_v1 challenge_response_v1 empty_peap empty_peap empty_peap empty_peap 4_way_message_2]
Mar 31, 2026 9:37:07 AM de.learnlib.logging.LearnLogger logQuery
INFO: DB CACHE [ε | challenge_v1 success_request_with_credentials_v1 challenge_v1 inner_failure inner_success inner_success inner_success 4_way_message_1 /  challenge_response_v1 success_response_v1 challenge_response_v1 empty_peap empty_peap empty_peap empty_peap 4_way_message_2]
Mar 31, 2026 9:37:07 AM de.learnlib.logging.LearnLogger logQuery
INFO: DB CACHE [ε | challenge_v1 success_request_with_credentials_v1 challenge_v1 inner_failure inner_success success_request_with_credentials_v1 inner_success 4_way_message_1 /  challenge_response_v1 success_response_v1 challenge_response_v1 empty_peap empty_peap success_response_v1 empty_peap 4_way_message_2]
Mar 31, 2026 9:37:07 AM de.learnlib.logging.LearnLogger logQuery
INFO: DISABLED [ε | challenge_v1 success_request_with_credentials_v1 challenge_v1 inner_failure inner_success success_request_all_zeros_v1 inner_success 4_way_message_1 /  challenge_response_v1 success_response_v1 challenge_response_v1 empty_peap empty_peap no_reply - -]
Mar 31, 2026 9:37:07 AM de.learnlib.logging.LearnLogger logQuery
INFO: DB CACHE [ε | challenge_v1 success_request_with_credentials_v1 challenge_v1 inner_failure inner_success challenge_v1 inner_success 4_way_message_1 /  challenge_response_v1 success_response_v1 challenge_response_v1 empty_peap empty_peap challenge_response_v1 empty_peap 4_way_message_2]
Mar 31, 2026 9:37:07 AM de.learnlib.logging.LearnLogger logQuery
INFO: DB CACHE [ε | challenge_v1 success_request_with_credentials_v1 challenge_v1 inner_failure inner_success id_request_v1 inner_success 4_way_message_1 /  challenge_response_v1 success_response_v1 challenge_response_v1 empty_peap empty_peap id_response_v1 empty_peap 4_way_message_2]
Mar 31, 2026 9:37:07 AM de.learnlib.logging.LearnLogger logQuery
INFO: DB CACHE [ε | challenge_v1 success_request_with_credentials_v1 challenge_v1 inner_failure success_request_with_credentials_v1 inner_success 4_way_message_1 /  challenge_response_v1 success_response_v1 challenge_response_v1 empty_peap success_response_v1 empty_peap 4_way_message_2]
Mar 31, 2026 9:37:07 AM de.learnlib.logging.LearnLogger logQuery
INFO: DISABLED [ε | challenge_v1 success_request_with_credentials_v1 challenge_v1 inner_failure success_request_all_zeros_v1 inner_success 4_way_message_1 /  challenge_response_v1 success_response_v1 challenge_response_v1 empty_peap no_reply - -]
Mar 31, 2026 9:37:07 AM de.learnlib.logging.LearnLogger logQuery
INFO: DB CACHE [ε | challenge_v1 success_request_with_credentials_v1 challenge_v1 inner_failure challenge_v1 inner_success 4_way_message_1 /  challenge_response_v1 success_response_v1 challenge_response_v1 empty_peap challenge_response_v1 empty_peap 4_way_message_2]
Mar 31, 2026 9:37:07 AM de.learnlib.logging.LearnLogger logQuery
INFO: DB CACHE [ε | challenge_v1 success_request_with_credentials_v1 challenge_v1 inner_failure id_request_v1 inner_success 4_way_message_1 /  challenge_response_v1 success_response_v1 challenge_response_v1 empty_peap id_response_v1 empty_peap 4_way_message_2]
Mar 31, 2026 9:37:07 AM de.learnlib.logging.LearnLogger logQuery
INFO: DB CACHE [ε | challenge_v1 success_request_with_credentials_v1 challenge_v1 inner_success inner_success 4_way_message_1 /  challenge_response_v1 success_response_v1 challenge_response_v1 empty_peap empty_peap 4_way_message_2]
Mar 31, 2026 9:37:07 AM de.learnlib.logging.LearnLogger logQuery
INFO: DB CACHE [ε | challenge_v1 success_request_with_credentials_v1 challenge_v1 success_request_with_credentials_v1 inner_success 4_way_message_1 /  challenge_response_v1 success_response_v1 challenge_response_v1 success_response_v1 empty_peap 4_way_message_2]
Mar 31, 2026 9:37:07 AM de.learnlib.logging.LearnLogger logQuery
INFO: DISABLED [ε | challenge_v1 success_request_with_credentials_v1 challenge_v1 success_request_all_zeros_v1 inner_success 4_way_message_1 /  challenge_response_v1 success_response_v1 challenge_response_v1 no_reply - -]
Mar 31, 2026 9:37:07 AM de.learnlib.logging.LearnLogger logQuery
INFO: DB CACHE [ε | challenge_v1 success_request_with_credentials_v1 challenge_v1 challenge_v1 inner_success 4_way_message_1 /  challenge_response_v1 success_response_v1 challenge_response_v1 challenge_response_v1 empty_peap 4_way_message_2]
Mar 31, 2026 9:37:07 AM de.learnlib.logging.LearnLogger logQuery
INFO: DB CACHE [ε | challenge_v1 success_request_with_credentials_v1 challenge_v1 id_request_v1 inner_success 4_way_message_1 /  challenge_response_v1 success_response_v1 challenge_response_v1 id_response_v1 empty_peap 4_way_message_2]
Mar 31, 2026 9:37:07 AM de.learnlib.logging.LearnLogger logQuery
INFO: DB CACHE [ε | challenge_v1 success_request_with_credentials_v1 id_request_v1 inner_success 4_way_message_1 /  challenge_response_v1 success_response_v1 id_response_v1 empty_peap 4_way_message_2]
Mar 31, 2026 9:37:07 AM de.learnlib.logging.LearnLogger logQuery
INFO: DISABLED [ε | challenge_v1 success_request_all_zeros_v1 inner_success 4_way_message_1 /  challenge_response_v1 no_reply - -]
Mar 31, 2026 9:37:07 AM de.learnlib.logging.LearnLogger logQuery
INFO: DB CACHE [ε | challenge_v1 challenge_v1 inner_success 4_way_message_1 /  challenge_response_v1 challenge_response_v1 empty_peap no_reply]
Mar 31, 2026 9:37:07 AM de.learnlib.logging.LearnLogger logQuery
INFO: DB CACHE [ε | challenge_v1 id_request_v1 inner_success 4_way_message_1 /  challenge_response_v1 id_response_v1 empty_peap no_reply]
Mar 31, 2026 9:37:07 AM de.learnlib.logging.LearnLogger logQuery
INFO: DB CACHE [ε | id_request_v1 inner_success 4_way_message_1 /  id_response_v1 empty_peap no_reply]
Mar 31, 2026 9:37:07 AM de.learnlib.logging.LearnLogger logQuery
INFO: DISABLED [ε | 4_way_message_1 inner_failure inner_success 4_way_message_1 /  no_reply - - -]
Mar 31, 2026 9:37:07 AM de.learnlib.logging.LearnLogger logQuery
INFO: DISABLED [ε | eap_success 4_way_message_1 inner_failure inner_success 4_way_message_1 /  after_eap_success no_reply - - -]
Mar 31, 2026 9:37:07 AM de.learnlib.logging.LearnLogger logQuery
INFO: DISABLED [ε | eap_success eap_success inner_failure inner_success 4_way_message_1 /  after_eap_success after_eap_success no_reply - -]
Mar 31, 2026 9:37:07 AM de.learnlib.logging.LearnLogger logQuery
INFO: DISABLED [ε | eap_success inner_failure inner_failure inner_success 4_way_message_1 /  after_eap_success no_reply - - -]
Mar 31, 2026 9:37:07 AM de.learnlib.logging.LearnLogger logQuery
INFO: DISABLED [ε | eap_success inner_success inner_failure inner_success 4_way_message_1 /  after_eap_success no_reply - - -]
Mar 31, 2026 9:37:07 AM de.learnlib.logging.LearnLogger logQuery
INFO: DISABLED [ε | eap_success success_request_with_credentials_v1 inner_failure inner_success 4_way_message_1 /  after_eap_success no_reply - - -]
Mar 31, 2026 9:37:07 AM de.learnlib.logging.LearnLogger logQuery
INFO: DISABLED [ε | eap_success success_request_all_zeros_v1 inner_failure inner_success 4_way_message_1 /  after_eap_success no_reply - - -]
Mar 31, 2026 9:37:07 AM de.learnlib.logging.LearnLogger logQuery
INFO: DISABLED [ε | eap_success challenge_v1 inner_failure inner_success 4_way_message_1 /  after_eap_success no_reply - - -]
Mar 31, 2026 9:37:07 AM de.learnlib.logging.LearnLogger logQuery
INFO: DISABLED [ε | eap_success id_request_v1 inner_failure inner_success 4_way_message_1 /  after_eap_success no_reply - - -]
Mar 31, 2026 9:37:07 AM de.learnlib.logging.LearnLogger logQuery
INFO: DB CACHE [ε | inner_failure inner_failure inner_success 4_way_message_1 /  empty_peap empty_peap empty_peap no_reply]
Mar 31, 2026 9:37:07 AM de.learnlib.logging.LearnLogger logQuery
INFO: DB CACHE [ε | inner_success inner_failure inner_success 4_way_message_1 /  empty_peap empty_peap empty_peap no_reply]
Mar 31, 2026 9:37:07 AM de.learnlib.logging.LearnLogger logQuery
INFO: DISABLED [ε | success_request_with_credentials_v1 inner_failure inner_success 4_way_message_1 /  no_reply - - -]
Mar 31, 2026 9:37:07 AM de.learnlib.logging.LearnLogger logQuery
INFO: DISABLED [ε | success_request_all_zeros_v1 4_way_message_1 inner_failure inner_success 4_way_message_1 /  no_reply - - - -]
Mar 31, 2026 9:37:07 AM de.learnlib.logging.LearnLogger logQuery
INFO: DISABLED [ε | success_request_all_zeros_v1 eap_success inner_failure inner_success 4_way_message_1 /  no_reply - - - -]
Mar 31, 2026 9:37:07 AM de.learnlib.logging.LearnLogger logQuery
INFO: DISABLED [ε | success_request_all_zeros_v1 inner_failure inner_failure inner_success 4_way_message_1 /  no_reply - - - -]
Mar 31, 2026 9:37:07 AM de.learnlib.logging.LearnLogger logQuery
INFO: DISABLED [ε | success_request_all_zeros_v1 inner_success inner_failure inner_success 4_way_message_1 /  no_reply - - - -]
Mar 31, 2026 9:37:07 AM de.learnlib.logging.LearnLogger logQuery
INFO: DISABLED [ε | success_request_all_zeros_v1 success_request_with_credentials_v1 inner_failure inner_success 4_way_message_1 /  no_reply - - - -]
Mar 31, 2026 9:37:07 AM de.learnlib.logging.LearnLogger logQuery
INFO: DISABLED [ε | success_request_all_zeros_v1 success_request_all_zeros_v1 inner_failure inner_success 4_way_message_1 /  no_reply - - - -]
Mar 31, 2026 9:37:07 AM de.learnlib.logging.LearnLogger logQuery
INFO: DISABLED [ε | success_request_all_zeros_v1 challenge_v1 inner_failure inner_success 4_way_message_1 /  no_reply - - - -]
Mar 31, 2026 9:37:07 AM de.learnlib.logging.LearnLogger logQuery
INFO: DISABLED [ε | success_request_all_zeros_v1 id_request_v1 inner_failure inner_success 4_way_message_1 /  no_reply - - - -]
Mar 31, 2026 9:37:07 AM de.learnlib.logging.LearnLogger logQuery
INFO: DISABLED [ε | challenge_v1 4_way_message_1 inner_failure inner_success 4_way_message_1 /  challenge_response_v1 no_reply - - -]
Mar 31, 2026 9:37:07 AM de.learnlib.logging.LearnLogger logQuery
INFO: DISABLED [ε | challenge_v1 eap_success inner_failure inner_success 4_way_message_1 /  challenge_response_v1 after_eap_success no_reply - -]
Mar 31, 2026 9:37:07 AM de.learnlib.logging.LearnLogger logQuery
INFO: DB CACHE [ε | challenge_v1 inner_failure inner_failure inner_success 4_way_message_1 /  challenge_response_v1 empty_peap empty_peap empty_peap no_reply]
Mar 31, 2026 9:37:07 AM de.learnlib.logging.LearnLogger logQuery
INFO: DB CACHE [ε | challenge_v1 inner_success inner_failure inner_success 4_way_message_1 /  challenge_response_v1 empty_peap empty_peap empty_peap no_reply]
Mar 31, 2026 9:37:07 AM de.learnlib.logging.LearnLogger logQuery
INFO: DISABLED [ε | challenge_v1 success_request_with_credentials_v1 4_way_message_1 inner_failure inner_success 4_way_message_1 /  challenge_response_v1 success_response_v1 4_way_message_2 - - -]
Mar 31, 2026 9:37:07 AM de.learnlib.logging.LearnLogger logQuery
INFO: DISABLED [ε | challenge_v1 success_request_with_credentials_v1 eap_success 4_way_message_1 inner_failure inner_success 4_way_message_1 /  challenge_response_v1 success_response_v1 after_eap_success 4_way_message_2 - - -]
Mar 31, 2026 9:37:07 AM de.learnlib.logging.LearnLogger logQuery
INFO: DB CACHE [ε | challenge_v1 success_request_with_credentials_v1 eap_success eap_success inner_failure inner_success 4_way_message_1 /  challenge_response_v1 success_response_v1 after_eap_success after_eap_success empty_peap empty_peap 4_way_message_2]
Mar 31, 2026 9:37:07 AM de.learnlib.logging.LearnLogger logQuery
INFO: DISABLED [ε | challenge_v1 success_request_with_credentials_v1 eap_success inner_failure 4_way_message_1 4_way_message_1 inner_failure inner_success 4_way_message_1 /  challenge_response_v1 success_response_v1 after_eap_success empty_peap no_reply - - - -]
Mar 31, 2026 9:37:07 AM de.learnlib.logging.LearnLogger logQuery
INFO: DISABLED [ε | challenge_v1 success_request_with_credentials_v1 eap_success inner_failure 4_way_message_1 eap_success inner_failure inner_success 4_way_message_1 /  challenge_response_v1 success_response_v1 after_eap_success empty_peap no_reply - - - -]
Mar 31, 2026 9:37:07 AM de.learnlib.logging.LearnLogger logQuery
INFO: DISABLED [ε | challenge_v1 success_request_with_credentials_v1 eap_success inner_failure 4_way_message_1 inner_failure inner_failure inner_success 4_way_message_1 /  challenge_response_v1 success_response_v1 after_eap_success empty_peap no_reply - - - -]
Mar 31, 2026 9:37:07 AM de.learnlib.logging.LearnLogger logQuery
INFO: DISABLED [ε | challenge_v1 success_request_with_credentials_v1 eap_success inner_failure 4_way_message_1 inner_success inner_failure inner_success 4_way_message_1 /  challenge_response_v1 success_response_v1 after_eap_success empty_peap no_reply - - - -]
Mar 31, 2026 9:37:07 AM de.learnlib.logging.LearnLogger logQuery
INFO: DISABLED [ε | challenge_v1 success_request_with_credentials_v1 eap_success inner_failure 4_way_message_1 success_request_with_credentials_v1 inner_failure inner_success 4_way_message_1 /  challenge_response_v1 success_response_v1 after_eap_success empty_peap no_reply - - - -]
Mar 31, 2026 9:37:07 AM de.learnlib.logging.LearnLogger logQuery
INFO: DISABLED [ε | challenge_v1 success_request_with_credentials_v1 eap_success inner_failure 4_way_message_1 success_request_all_zeros_v1 inner_failure inner_success 4_way_message_1 /  challenge_response_v1 success_response_v1 after_eap_success empty_peap no_reply - - - -]
Mar 31, 2026 9:37:07 AM de.learnlib.logging.LearnLogger logQuery
INFO: DISABLED [ε | challenge_v1 success_request_with_credentials_v1 eap_success inner_failure 4_way_message_1 challenge_v1 inner_failure inner_success 4_way_message_1 /  challenge_response_v1 success_response_v1 after_eap_success empty_peap no_reply - - - -]
Mar 31, 2026 9:37:07 AM de.learnlib.logging.LearnLogger logQuery
INFO: DISABLED [ε | challenge_v1 success_request_with_credentials_v1 eap_success inner_failure 4_way_message_1 id_request_v1 inner_failure inner_success 4_way_message_1 /  challenge_response_v1 success_response_v1 after_eap_success empty_peap no_reply - - - -]
Mar 31, 2026 9:37:07 AM de.learnlib.logging.LearnLogger logQuery
INFO: DB CACHE [ε | challenge_v1 success_request_with_credentials_v1 eap_success inner_failure eap_success inner_failure inner_success 4_way_message_1 /  challenge_response_v1 success_response_v1 after_eap_success empty_peap after_eap_success empty_peap empty_peap 4_way_message_2]
Mar 31, 2026 9:37:07 AM de.learnlib.logging.LearnLogger logQuery
INFO: DB CACHE [ε | challenge_v1 success_request_with_credentials_v1 eap_success inner_failure inner_failure inner_failure inner_success 4_way_message_1 /  challenge_response_v1 success_response_v1 after_eap_success empty_peap empty_peap empty_peap empty_peap 4_way_message_2]
Mar 31, 2026 9:37:07 AM de.learnlib.logging.LearnLogger logQuery
INFO: DB CACHE [ε | challenge_v1 success_request_with_credentials_v1 eap_success inner_failure inner_success inner_failure inner_success 4_way_message_1 /  challenge_response_v1 success_response_v1 after_eap_success empty_peap empty_peap empty_peap empty_peap 4_way_message_2]
Mar 31, 2026 9:37:07 AM de.learnlib.logging.LearnLogger logQuery
INFO: DB CACHE [ε | challenge_v1 success_request_with_credentials_v1 eap_success inner_failure success_request_with_credentials_v1 inner_failure inner_success 4_way_message_1 /  challenge_response_v1 success_response_v1 after_eap_success empty_peap success_response_v1 empty_peap empty_peap 4_way_message_2]
Mar 31, 2026 9:37:07 AM de.learnlib.logging.LearnLogger logQuery
INFO: DISABLED [ε | challenge_v1 success_request_with_credentials_v1 eap_success inner_failure success_request_all_zeros_v1 inner_failure inner_success 4_way_message_1 /  challenge_response_v1 success_response_v1 after_eap_success empty_peap no_reply - - -]
Mar 31, 2026 9:37:07 AM de.learnlib.logging.LearnLogger logQuery
INFO: DB CACHE [ε | challenge_v1 success_request_with_credentials_v1 eap_success inner_failure challenge_v1 inner_failure inner_success 4_way_message_1 /  challenge_response_v1 success_response_v1 after_eap_success empty_peap challenge_response_v1 empty_peap empty_peap no_reply]
Mar 31, 2026 9:37:07 AM de.learnlib.logging.LearnLogger logQuery
INFO: DB CACHE [ε | challenge_v1 success_request_with_credentials_v1 eap_success inner_failure id_request_v1 inner_failure inner_success 4_way_message_1 /  challenge_response_v1 success_response_v1 after_eap_success empty_peap id_response_v1 empty_peap empty_peap 4_way_message_2]
Mar 31, 2026 9:37:07 AM de.learnlib.logging.LearnLogger logQuery
INFO: DB CACHE [ε | challenge_v1 success_request_with_credentials_v1 eap_success inner_success inner_failure inner_success 4_way_message_1 /  challenge_response_v1 success_response_v1 after_eap_success empty_peap empty_peap empty_peap 4_way_message_2]
Mar 31, 2026 9:37:07 AM de.learnlib.logging.LearnLogger logQuery
INFO: DB CACHE [ε | challenge_v1 success_request_with_credentials_v1 eap_success success_request_with_credentials_v1 inner_failure inner_success 4_way_message_1 /  challenge_response_v1 success_response_v1 after_eap_success success_response_v1 empty_peap empty_peap 4_way_message_2]
Mar 31, 2026 9:37:07 AM de.learnlib.logging.LearnLogger logQuery
INFO: DISABLED [ε | challenge_v1 success_request_with_credentials_v1 eap_success success_request_all_zeros_v1 inner_failure inner_success 4_way_message_1 /  challenge_response_v1 success_response_v1 after_eap_success no_reply - - -]
Mar 31, 2026 9:37:07 AM de.learnlib.logging.LearnLogger logQuery
INFO: DB CACHE [ε | challenge_v1 success_request_with_credentials_v1 eap_success challenge_v1 inner_failure inner_success 4_way_message_1 /  challenge_response_v1 success_response_v1 after_eap_success challenge_response_v1 empty_peap empty_peap no_reply]
Mar 31, 2026 9:37:07 AM de.learnlib.logging.LearnLogger logQuery
INFO: DB CACHE [ε | challenge_v1 success_request_with_credentials_v1 eap_success id_request_v1 inner_failure inner_success 4_way_message_1 /  challenge_response_v1 success_response_v1 after_eap_success id_response_v1 empty_peap empty_peap 4_way_message_2]
Mar 31, 2026 9:37:07 AM de.learnlib.logging.LearnLogger logQuery
INFO: DISABLED [ε | challenge_v1 success_request_with_credentials_v1 inner_failure 4_way_message_1 inner_failure inner_success 4_way_message_1 /  challenge_response_v1 success_response_v1 empty_peap 4_way_message_2 - - -]
Mar 31, 2026 9:37:07 AM de.learnlib.logging.LearnLogger logQuery
INFO: DISABLED [ε | challenge_v1 success_request_with_credentials_v1 inner_failure eap_success 4_way_message_1 inner_failure inner_success 4_way_message_1 /  challenge_response_v1 success_response_v1 empty_peap after_eap_success no_reply - - -]
Mar 31, 2026 9:37:07 AM de.learnlib.logging.LearnLogger logQuery
INFO: DISABLED [ε | challenge_v1 success_request_with_credentials_v1 inner_failure eap_success eap_success inner_failure inner_success 4_way_message_1 /  challenge_response_v1 success_response_v1 empty_peap after_eap_success after_eap_success no_reply - -]
Mar 31, 2026 9:37:07 AM de.learnlib.logging.LearnLogger logQuery
INFO: DISABLED [ε | challenge_v1 success_request_with_credentials_v1 inner_failure eap_success inner_failure inner_failure inner_success 4_way_message_1 /  challenge_response_v1 success_response_v1 empty_peap after_eap_success no_reply - - -]
Mar 31, 2026 9:37:07 AM de.learnlib.logging.LearnLogger logQuery
INFO: DISABLED [ε | challenge_v1 success_request_with_credentials_v1 inner_failure eap_success inner_success inner_failure inner_success 4_way_message_1 /  challenge_response_v1 success_response_v1 empty_peap after_eap_success no_reply - - -]
Mar 31, 2026 9:37:07 AM de.learnlib.logging.LearnLogger logQuery
INFO: DISABLED [ε | challenge_v1 success_request_with_credentials_v1 inner_failure eap_success success_request_with_credentials_v1 4_way_message_1 inner_failure inner_success 4_way_message_1 /  challenge_response_v1 success_response_v1 empty_peap after_eap_success no_reply - - - -]
Mar 31, 2026 9:37:07 AM de.learnlib.logging.LearnLogger logQuery
INFO: DISABLED [ε | challenge_v1 success_request_with_credentials_v1 inner_failure eap_success success_request_with_credentials_v1 eap_success inner_failure inner_success 4_way_message_1 /  challenge_response_v1 success_response_v1 empty_peap after_eap_success no_reply - - - -]
Mar 31, 2026 9:37:07 AM de.learnlib.logging.LearnLogger logQuery
INFO: DISABLED [ε | challenge_v1 success_request_with_credentials_v1 inner_failure eap_success success_request_with_credentials_v1 inner_failure inner_failure inner_success 4_way_message_1 /  challenge_response_v1 success_response_v1 empty_peap after_eap_success no_reply - - - -]
Mar 31, 2026 9:37:07 AM de.learnlib.logging.LearnLogger logQuery
INFO: DISABLED [ε | challenge_v1 success_request_with_credentials_v1 inner_failure eap_success success_request_with_credentials_v1 inner_success inner_failure inner_success 4_way_message_1 /  challenge_response_v1 success_response_v1 empty_peap after_eap_success no_reply - - - -]
Mar 31, 2026 9:37:07 AM de.learnlib.logging.LearnLogger logQuery
INFO: DISABLED [ε | challenge_v1 success_request_with_credentials_v1 inner_failure eap_success success_request_with_credentials_v1 success_request_with_credentials_v1 inner_failure inner_success 4_way_message_1 /  challenge_response_v1 success_response_v1 empty_peap after_eap_success no_reply - - - -]
Mar 31, 2026 9:37:07 AM de.learnlib.logging.LearnLogger logQuery
INFO: DISABLED [ε | challenge_v1 success_request_with_credentials_v1 inner_failure eap_success success_request_with_credentials_v1 success_request_all_zeros_v1 inner_failure inner_success 4_way_message_1 /  challenge_response_v1 success_response_v1 empty_peap after_eap_success no_reply - - - -]
Mar 31, 2026 9:37:07 AM de.learnlib.logging.LearnLogger logQuery
INFO: DISABLED [ε | challenge_v1 success_request_with_credentials_v1 inner_failure eap_success success_request_with_credentials_v1 challenge_v1 inner_failure inner_success 4_way_message_1 /  challenge_response_v1 success_response_v1 empty_peap after_eap_success no_reply - - - -]
Mar 31, 2026 9:37:07 AM de.learnlib.logging.LearnLogger logQuery
INFO: DISABLED [ε | challenge_v1 success_request_with_credentials_v1 inner_failure eap_success success_request_with_credentials_v1 id_request_v1 inner_failure inner_success 4_way_message_1 /  challenge_response_v1 success_response_v1 empty_peap after_eap_success no_reply - - - -]
Mar 31, 2026 9:37:07 AM de.learnlib.logging.LearnLogger logQuery
INFO: DISABLED [ε | challenge_v1 success_request_with_credentials_v1 inner_failure eap_success success_request_all_zeros_v1 inner_failure inner_success 4_way_message_1 /  challenge_response_v1 success_response_v1 empty_peap after_eap_success no_reply - - -]
Mar 31, 2026 9:37:07 AM de.learnlib.logging.LearnLogger logQuery
INFO: DISABLED [ε | challenge_v1 success_request_with_credentials_v1 inner_failure eap_success challenge_v1 inner_failure inner_success 4_way_message_1 /  challenge_response_v1 success_response_v1 empty_peap after_eap_success no_reply - - -]
Mar 31, 2026 9:37:07 AM de.learnlib.logging.LearnLogger logQuery
INFO: DISABLED [ε | challenge_v1 success_request_with_credentials_v1 inner_failure eap_success id_request_v1 inner_failure inner_success 4_way_message_1 /  challenge_response_v1 success_response_v1 empty_peap after_eap_success no_reply - - -]
Mar 31, 2026 9:37:07 AM de.learnlib.logging.LearnLogger logQuery
INFO: DB CACHE [ε | challenge_v1 success_request_with_credentials_v1 inner_failure inner_failure inner_failure inner_success 4_way_message_1 /  challenge_response_v1 success_response_v1 empty_peap empty_peap empty_peap empty_peap 4_way_message_2]
Mar 31, 2026 9:37:07 AM de.learnlib.logging.LearnLogger logQuery
INFO: DB CACHE [ε | challenge_v1 success_request_with_credentials_v1 inner_failure inner_success inner_failure inner_success 4_way_message_1 /  challenge_response_v1 success_response_v1 empty_peap empty_peap empty_peap empty_peap 4_way_message_2]
Mar 31, 2026 9:37:07 AM de.learnlib.logging.LearnLogger logQuery
INFO: DB CACHE [ε | challenge_v1 success_request_with_credentials_v1 inner_failure success_request_with_credentials_v1 inner_failure inner_success 4_way_message_1 /  challenge_response_v1 success_response_v1 empty_peap success_response_v1 empty_peap empty_peap 4_way_message_2]
Mar 31, 2026 9:37:07 AM de.learnlib.logging.LearnLogger logQuery
INFO: DISABLED [ε | challenge_v1 success_request_with_credentials_v1 inner_failure success_request_all_zeros_v1 inner_failure inner_success 4_way_message_1 /  challenge_response_v1 success_response_v1 empty_peap no_reply - - -]
Mar 31, 2026 9:37:07 AM de.learnlib.logging.LearnLogger logQuery
INFO: DB CACHE [ε | challenge_v1 success_request_with_credentials_v1 inner_failure challenge_v1 inner_failure inner_success 4_way_message_1 /  challenge_response_v1 success_response_v1 empty_peap challenge_response_v1 empty_peap empty_peap 4_way_message_2]
Mar 31, 2026 9:37:07 AM de.learnlib.logging.LearnLogger logQuery
INFO: DB CACHE [ε | challenge_v1 success_request_with_credentials_v1 inner_failure id_request_v1 inner_failure inner_success 4_way_message_1 /  challenge_response_v1 success_response_v1 empty_peap id_response_v1 empty_peap empty_peap 4_way_message_2]
Mar 31, 2026 9:37:07 AM de.learnlib.logging.LearnLogger logQuery
INFO: DB CACHE [ε | challenge_v1 success_request_with_credentials_v1 inner_success inner_failure inner_success 4_way_message_1 /  challenge_response_v1 success_response_v1 empty_peap empty_peap empty_peap 4_way_message_2]
Mar 31, 2026 9:37:07 AM de.learnlib.logging.LearnLogger logQuery
INFO: DB CACHE [ε | challenge_v1 success_request_with_credentials_v1 success_request_with_credentials_v1 inner_failure inner_success 4_way_message_1 /  challenge_response_v1 success_response_v1 success_response_v1 empty_peap empty_peap 4_way_message_2]
Mar 31, 2026 9:37:07 AM de.learnlib.logging.LearnLogger logQuery
INFO: DISABLED [ε | challenge_v1 success_request_with_credentials_v1 success_request_all_zeros_v1 inner_failure inner_success 4_way_message_1 /  challenge_response_v1 success_response_v1 no_reply - - -]
Mar 31, 2026 9:37:07 AM de.learnlib.logging.LearnLogger logQuery
INFO: DISABLED [ε | challenge_v1 success_request_with_credentials_v1 challenge_v1 4_way_message_1 inner_failure inner_success 4_way_message_1 /  challenge_response_v1 success_response_v1 challenge_response_v1 4_way_message_2 - - -]
Mar 31, 2026 9:37:07 AM de.learnlib.logging.LearnLogger logQuery
INFO: DISABLED [ε | challenge_v1 success_request_with_credentials_v1 challenge_v1 eap_success 4_way_message_1 inner_failure inner_success 4_way_message_1 /  challenge_response_v1 success_response_v1 challenge_response_v1 after_eap_success 4_way_message_2 - - -]
Mar 31, 2026 9:37:07 AM de.learnlib.logging.LearnLogger logQuery
INFO: DB CACHE [ε | challenge_v1 success_request_with_credentials_v1 challenge_v1 eap_success eap_success inner_failure inner_success 4_way_message_1 /  challenge_response_v1 success_response_v1 challenge_response_v1 after_eap_success after_eap_success empty_peap empty_peap no_reply]
Mar 31, 2026 9:37:07 AM de.learnlib.logging.LearnLogger logQuery
INFO: DISABLED [ε | challenge_v1 success_request_with_credentials_v1 challenge_v1 eap_success inner_failure 4_way_message_1 inner_failure inner_success 4_way_message_1 /  challenge_response_v1 success_response_v1 challenge_response_v1 after_eap_success empty_peap no_reply - - -]
Mar 31, 2026 9:37:07 AM de.learnlib.logging.LearnLogger logQuery
INFO: DB CACHE [ε | challenge_v1 success_request_with_credentials_v1 challenge_v1 eap_success inner_failure eap_success inner_failure inner_success 4_way_message_1 /  challenge_response_v1 success_response_v1 challenge_response_v1 after_eap_success empty_peap after_eap_success empty_peap empty_peap no_reply]
Mar 31, 2026 9:37:07 AM de.learnlib.logging.LearnLogger logQuery
INFO: DB CACHE [ε | challenge_v1 success_request_with_credentials_v1 challenge_v1 eap_success inner_failure inner_failure inner_failure inner_success 4_way_message_1 /  challenge_response_v1 success_response_v1 challenge_response_v1 after_eap_success empty_peap empty_peap empty_peap empty_peap no_reply]
Mar 31, 2026 9:37:07 AM de.learnlib.logging.LearnLogger logQuery
INFO: DISABLED [ε | challenge_v1 success_request_with_credentials_v1 challenge_v1 eap_success inner_failure inner_success 4_way_message_1 4_way_message_1 inner_failure inner_success 4_way_message_1 /  challenge_response_v1 success_response_v1 challenge_response_v1 after_eap_success empty_peap empty_peap no_reply - - - -]
Mar 31, 2026 9:37:07 AM de.learnlib.logging.LearnLogger logQuery
INFO: DISABLED [ε | challenge_v1 success_request_with_credentials_v1 challenge_v1 eap_success inner_failure inner_success 4_way_message_1 eap_success inner_failure inner_success 4_way_message_1 /  challenge_response_v1 success_response_v1 challenge_response_v1 after_eap_success empty_peap empty_peap no_reply - - - -]
Mar 31, 2026 9:37:07 AM de.learnlib.logging.LearnLogger logQuery
INFO: DISABLED [ε | challenge_v1 success_request_with_credentials_v1 challenge_v1 eap_success inner_failure inner_success 4_way_message_1 inner_failure inner_failure inner_success 4_way_message_1 /  challenge_response_v1 success_response_v1 challenge_response_v1 after_eap_success empty_peap empty_peap no_reply - - - -]
Mar 31, 2026 9:37:07 AM de.learnlib.logging.LearnLogger logQuery
INFO: DISABLED [ε | challenge_v1 success_request_with_credentials_v1 challenge_v1 eap_success inner_failure inner_success 4_way_message_1 inner_success inner_failure inner_success 4_way_message_1 /  challenge_response_v1 success_response_v1 challenge_response_v1 after_eap_success empty_peap empty_peap no_reply - - - -]
Mar 31, 2026 9:37:07 AM de.learnlib.logging.LearnLogger logQuery
INFO: DISABLED [ε | challenge_v1 success_request_with_credentials_v1 challenge_v1 eap_success inner_failure inner_success 4_way_message_1 success_request_with_credentials_v1 inner_failure inner_success 4_way_message_1 /  challenge_response_v1 success_response_v1 challenge_response_v1 after_eap_success empty_peap empty_peap no_reply - - - -]
Mar 31, 2026 9:37:07 AM de.learnlib.logging.LearnLogger logQuery
INFO: DISABLED [ε | challenge_v1 success_request_with_credentials_v1 challenge_v1 eap_success inner_failure inner_success 4_way_message_1 success_request_all_zeros_v1 inner_failure inner_success 4_way_message_1 /  challenge_response_v1 success_response_v1 challenge_response_v1 after_eap_success empty_peap empty_peap no_reply - - - -]
Mar 31, 2026 9:37:07 AM de.learnlib.logging.LearnLogger logQuery
INFO: DISABLED [ε | challenge_v1 success_request_with_credentials_v1 challenge_v1 eap_success inner_failure inner_success 4_way_message_1 challenge_v1 inner_failure inner_success 4_way_message_1 /  challenge_response_v1 success_response_v1 challenge_response_v1 after_eap_success empty_peap empty_peap no_reply - - - -]
Mar 31, 2026 9:37:07 AM de.learnlib.logging.LearnLogger logQuery
INFO: DISABLED [ε | challenge_v1 success_request_with_credentials_v1 challenge_v1 eap_success inner_failure inner_success 4_way_message_1 id_request_v1 inner_failure inner_success 4_way_message_1 /  challenge_response_v1 success_response_v1 challenge_response_v1 after_eap_success empty_peap empty_peap no_reply - - - -]
Mar 31, 2026 9:37:07 AM de.learnlib.logging.LearnLogger logQuery
INFO: DB CACHE [ε | challenge_v1 success_request_with_credentials_v1 challenge_v1 eap_success inner_failure inner_success eap_success inner_failure inner_success 4_way_message_1 /  challenge_response_v1 success_response_v1 challenge_response_v1 after_eap_success empty_peap empty_peap after_eap_success empty_peap empty_peap no_reply]
Mar 31, 2026 9:37:07 AM de.learnlib.logging.LearnLogger logQuery
INFO: DB CACHE [ε | challenge_v1 success_request_with_credentials_v1 challenge_v1 eap_success inner_failure inner_success inner_failure inner_failure inner_success 4_way_message_1 /  challenge_response_v1 success_response_v1 challenge_response_v1 after_eap_success empty_peap empty_peap empty_peap empty_peap empty_peap no_reply]
Mar 31, 2026 9:37:07 AM de.learnlib.logging.LearnLogger logQuery
INFO: DB CACHE [ε | challenge_v1 success_request_with_credentials_v1 challenge_v1 eap_success inner_failure inner_success inner_success inner_failure inner_success 4_way_message_1 /  challenge_response_v1 success_response_v1 challenge_response_v1 after_eap_success empty_peap empty_peap empty_peap empty_peap empty_peap no_reply]
Mar 31, 2026 9:37:07 AM de.learnlib.logging.LearnLogger logQuery
INFO: DB CACHE [ε | challenge_v1 success_request_with_credentials_v1 challenge_v1 eap_success inner_failure inner_success success_request_with_credentials_v1 inner_failure inner_success 4_way_message_1 /  challenge_response_v1 success_response_v1 challenge_response_v1 after_eap_success empty_peap empty_peap success_response_v1 empty_peap empty_peap 4_way_message_2]
Mar 31, 2026 9:37:07 AM de.learnlib.logging.LearnLogger logQuery
INFO: DISABLED [ε | challenge_v1 success_request_with_credentials_v1 challenge_v1 eap_success inner_failure inner_success success_request_all_zeros_v1 inner_failure inner_success 4_way_message_1 /  challenge_response_v1 success_response_v1 challenge_response_v1 after_eap_success empty_peap empty_peap no_reply - - -]
Mar 31, 2026 9:37:07 AM de.learnlib.logging.LearnLogger logQuery
INFO: DB CACHE [ε | challenge_v1 success_request_with_credentials_v1 challenge_v1 eap_success inner_failure inner_success challenge_v1 inner_failure inner_success 4_way_message_1 /  challenge_response_v1 success_response_v1 challenge_response_v1 after_eap_success empty_peap empty_peap challenge_response_v1 empty_peap empty_peap no_reply]
Mar 31, 2026 9:37:07 AM de.learnlib.logging.LearnLogger logQuery
INFO: DB CACHE [ε | challenge_v1 success_request_with_credentials_v1 challenge_v1 eap_success inner_failure inner_success id_request_v1 inner_failure inner_success 4_way_message_1 /  challenge_response_v1 success_response_v1 challenge_response_v1 after_eap_success empty_peap empty_peap id_response_v1 empty_peap empty_peap no_reply]
Mar 31, 2026 9:37:07 AM de.learnlib.logging.LearnLogger logQuery
INFO: DB CACHE [ε | challenge_v1 success_request_with_credentials_v1 challenge_v1 eap_success inner_failure success_request_with_credentials_v1 inner_failure inner_success 4_way_message_1 /  challenge_response_v1 success_response_v1 challenge_response_v1 after_eap_success empty_peap success_response_v1 empty_peap empty_peap 4_way_message_2]
Mar 31, 2026 9:37:07 AM de.learnlib.logging.LearnLogger logQuery
INFO: DISABLED [ε | challenge_v1 success_request_with_credentials_v1 challenge_v1 eap_success inner_failure success_request_all_zeros_v1 inner_failure inner_success 4_way_message_1 /  challenge_response_v1 success_response_v1 challenge_response_v1 after_eap_success empty_peap no_reply - - -]
Mar 31, 2026 9:37:07 AM de.learnlib.logging.LearnLogger logQuery
INFO: DB CACHE [ε | challenge_v1 success_request_with_credentials_v1 challenge_v1 eap_success inner_failure challenge_v1 inner_failure inner_success 4_way_message_1 /  challenge_response_v1 success_response_v1 challenge_response_v1 after_eap_success empty_peap challenge_response_v1 empty_peap empty_peap no_reply]
Mar 31, 2026 9:37:07 AM de.learnlib.logging.LearnLogger logQuery
INFO: DB CACHE [ε | challenge_v1 success_request_with_credentials_v1 challenge_v1 eap_success inner_failure id_request_v1 inner_failure inner_success 4_way_message_1 /  challenge_response_v1 success_response_v1 challenge_response_v1 after_eap_success empty_peap id_response_v1 empty_peap empty_peap no_reply]
Mar 31, 2026 9:37:07 AM de.learnlib.logging.LearnLogger logQuery
INFO: DB CACHE [ε | challenge_v1 success_request_with_credentials_v1 challenge_v1 eap_success inner_success inner_failure inner_success 4_way_message_1 /  challenge_response_v1 success_response_v1 challenge_response_v1 after_eap_success empty_peap empty_peap empty_peap no_reply]
Mar 31, 2026 9:37:07 AM de.learnlib.logging.LearnLogger logQuery
INFO: DB CACHE [ε | challenge_v1 success_request_with_credentials_v1 challenge_v1 eap_success success_request_with_credentials_v1 inner_failure inner_success 4_way_message_1 /  challenge_response_v1 success_response_v1 challenge_response_v1 after_eap_success success_response_v1 empty_peap empty_peap 4_way_message_2]
Mar 31, 2026 9:37:07 AM de.learnlib.logging.LearnLogger logQuery
INFO: DISABLED [ε | challenge_v1 success_request_with_credentials_v1 challenge_v1 eap_success success_request_all_zeros_v1 inner_failure inner_success 4_way_message_1 /  challenge_response_v1 success_response_v1 challenge_response_v1 after_eap_success no_reply - - -]
Mar 31, 2026 9:37:07 AM de.learnlib.logging.LearnLogger logQuery
INFO: DB CACHE [ε | challenge_v1 success_request_with_credentials_v1 challenge_v1 eap_success challenge_v1 inner_failure inner_success 4_way_message_1 /  challenge_response_v1 success_response_v1 challenge_response_v1 after_eap_success challenge_response_v1 empty_peap empty_peap no_reply]
Mar 31, 2026 9:37:07 AM de.learnlib.logging.LearnLogger logQuery
INFO: DB CACHE [ε | challenge_v1 success_request_with_credentials_v1 challenge_v1 eap_success id_request_v1 inner_failure inner_success 4_way_message_1 /  challenge_response_v1 success_response_v1 challenge_response_v1 after_eap_success id_response_v1 empty_peap empty_peap no_reply]
Mar 31, 2026 9:37:07 AM de.learnlib.logging.LearnLogger logQuery
INFO: DISABLED [ε | challenge_v1 success_request_with_credentials_v1 challenge_v1 inner_failure 4_way_message_1 inner_failure inner_success 4_way_message_1 /  challenge_response_v1 success_response_v1 challenge_response_v1 empty_peap 4_way_message_2 - - -]
Mar 31, 2026 9:37:07 AM de.learnlib.logging.LearnLogger logQuery
INFO: DISABLED [ε | challenge_v1 success_request_with_credentials_v1 challenge_v1 inner_failure eap_success inner_failure inner_success 4_way_message_1 /  challenge_response_v1 success_response_v1 challenge_response_v1 empty_peap after_eap_success no_reply - -]
Mar 31, 2026 9:37:07 AM de.learnlib.logging.LearnLogger logQuery
INFO: DB CACHE [ε | challenge_v1 success_request_with_credentials_v1 challenge_v1 inner_failure inner_failure inner_failure inner_success 4_way_message_1 /  challenge_response_v1 success_response_v1 challenge_response_v1 empty_peap empty_peap empty_peap empty_peap 4_way_message_2]
Mar 31, 2026 9:37:07 AM de.learnlib.logging.LearnLogger logQuery
INFO: DISABLED [ε | challenge_v1 success_request_with_credentials_v1 challenge_v1 inner_failure inner_success 4_way_message_1 inner_failure inner_success 4_way_message_1 /  challenge_response_v1 success_response_v1 challenge_response_v1 empty_peap empty_peap 4_way_message_2 - - -]
Mar 31, 2026 9:37:07 AM de.learnlib.logging.LearnLogger logQuery
INFO: DISABLED [ε | challenge_v1 success_request_with_credentials_v1 challenge_v1 inner_failure inner_success eap_success 4_way_message_1 inner_failure inner_success 4_way_message_1 /  challenge_response_v1 success_response_v1 challenge_response_v1 empty_peap empty_peap after_eap_success no_reply - - -]
Mar 31, 2026 9:37:07 AM de.learnlib.logging.LearnLogger logQuery
INFO: DISABLED [ε | challenge_v1 success_request_with_credentials_v1 challenge_v1 inner_failure inner_success eap_success eap_success inner_failure inner_success 4_way_message_1 /  challenge_response_v1 success_response_v1 challenge_response_v1 empty_peap empty_peap after_eap_success after_eap_success no_reply - -]
Mar 31, 2026 9:37:07 AM de.learnlib.logging.LearnLogger logQuery
INFO: DISABLED [ε | challenge_v1 success_request_with_credentials_v1 challenge_v1 inner_failure inner_success eap_success inner_failure inner_failure inner_success 4_way_message_1 /  challenge_response_v1 success_response_v1 challenge_response_v1 empty_peap empty_peap after_eap_success no_reply - - -]
Mar 31, 2026 9:37:07 AM de.learnlib.logging.LearnLogger logQuery
INFO: DISABLED [ε | challenge_v1 success_request_with_credentials_v1 challenge_v1 inner_failure inner_success eap_success inner_success inner_failure inner_success 4_way_message_1 /  challenge_response_v1 success_response_v1 challenge_response_v1 empty_peap empty_peap after_eap_success no_reply - - -]
Mar 31, 2026 9:37:07 AM de.learnlib.logging.LearnLogger logQuery
INFO: DISABLED [ε | challenge_v1 success_request_with_credentials_v1 challenge_v1 inner_failure inner_success eap_success success_request_with_credentials_v1 inner_failure inner_success 4_way_message_1 /  challenge_response_v1 success_response_v1 challenge_response_v1 empty_peap empty_peap after_eap_success no_reply - - -]
Mar 31, 2026 9:37:07 AM de.learnlib.logging.LearnLogger logQuery
INFO: DISABLED [ε | challenge_v1 success_request_with_credentials_v1 challenge_v1 inner_failure inner_success eap_success success_request_all_zeros_v1 inner_failure inner_success 4_way_message_1 /  challenge_response_v1 success_response_v1 challenge_response_v1 empty_peap empty_peap after_eap_success no_reply - - -]
Mar 31, 2026 9:37:07 AM de.learnlib.logging.LearnLogger logQuery
INFO: DISABLED [ε | challenge_v1 success_request_with_credentials_v1 challenge_v1 inner_failure inner_success eap_success challenge_v1 inner_failure inner_success 4_way_message_1 /  challenge_response_v1 success_response_v1 challenge_response_v1 empty_peap empty_peap after_eap_success no_reply - - -]
Mar 31, 2026 9:37:07 AM de.learnlib.logging.LearnLogger logQuery
INFO: DISABLED [ε | challenge_v1 success_request_with_credentials_v1 challenge_v1 inner_failure inner_success eap_success id_request_v1 4_way_message_1 inner_failure inner_success 4_way_message_1 /  challenge_response_v1 success_response_v1 challenge_response_v1 empty_peap empty_peap after_eap_success no_reply - - - -]
Mar 31, 2026 9:37:07 AM de.learnlib.logging.LearnLogger logQuery
INFO: DISABLED [ε | challenge_v1 success_request_with_credentials_v1 challenge_v1 inner_failure inner_success eap_success id_request_v1 eap_success inner_failure inner_success 4_way_message_1 /  challenge_response_v1 success_response_v1 challenge_response_v1 empty_peap empty_peap after_eap_success no_reply - - - -]
Mar 31, 2026 9:37:07 AM de.learnlib.logging.LearnLogger logQuery
INFO: DISABLED [ε | challenge_v1 success_request_with_credentials_v1 challenge_v1 inner_failure inner_success eap_success id_request_v1 inner_failure inner_failure inner_success 4_way_message_1 /  challenge_response_v1 success_response_v1 challenge_response_v1 empty_peap empty_peap after_eap_success no_reply - - - -]
Mar 31, 2026 9:37:07 AM de.learnlib.logging.LearnLogger logQuery
INFO: DISABLED [ε | challenge_v1 success_request_with_credentials_v1 challenge_v1 inner_failure inner_success eap_success id_request_v1 inner_success inner_failure inner_success 4_way_message_1 /  challenge_response_v1 success_response_v1 challenge_response_v1 empty_peap empty_peap after_eap_success no_reply - - - -]
Mar 31, 2026 9:37:07 AM de.learnlib.logging.LearnLogger logQuery
INFO: DISABLED [ε | challenge_v1 success_request_with_credentials_v1 challenge_v1 inner_failure inner_success eap_success id_request_v1 success_request_with_credentials_v1 inner_failure inner_success 4_way_message_1 /  challenge_response_v1 success_response_v1 challenge_response_v1 empty_peap empty_peap after_eap_success no_reply - - - -]
Mar 31, 2026 9:37:07 AM de.learnlib.logging.LearnLogger logQuery
INFO: DISABLED [ε | challenge_v1 success_request_with_credentials_v1 challenge_v1 inner_failure inner_success eap_success id_request_v1 success_request_all_zeros_v1 inner_failure inner_success 4_way_message_1 /  challenge_response_v1 success_response_v1 challenge_response_v1 empty_peap empty_peap after_eap_success no_reply - - - -]
Mar 31, 2026 9:37:07 AM de.learnlib.logging.LearnLogger logQuery
INFO: DISABLED [ε | challenge_v1 success_request_with_credentials_v1 challenge_v1 inner_failure inner_success eap_success id_request_v1 challenge_v1 inner_failure inner_success 4_way_message_1 /  challenge_response_v1 success_response_v1 challenge_response_v1 empty_peap empty_peap after_eap_success no_reply - - - -]
Mar 31, 2026 9:37:07 AM de.learnlib.logging.LearnLogger logQuery
INFO: DISABLED [ε | challenge_v1 success_request_with_credentials_v1 challenge_v1 inner_failure inner_success eap_success id_request_v1 id_request_v1 inner_failure inner_success 4_way_message_1 /  challenge_response_v1 success_response_v1 challenge_response_v1 empty_peap empty_peap after_eap_success no_reply - - - -]
Mar 31, 2026 9:37:07 AM de.learnlib.logging.LearnLogger logQuery
INFO: DB CACHE [ε | challenge_v1 success_request_with_credentials_v1 challenge_v1 inner_failure inner_success inner_failure inner_failure inner_success 4_way_message_1 /  challenge_response_v1 success_response_v1 challenge_response_v1 empty_peap empty_peap empty_peap empty_peap empty_peap 4_way_message_2]
Mar 31, 2026 9:37:07 AM de.learnlib.logging.LearnLogger logQuery
INFO: DB CACHE [ε | challenge_v1 success_request_with_credentials_v1 challenge_v1 inner_failure inner_success inner_success inner_failure inner_success 4_way_message_1 /  challenge_response_v1 success_response_v1 challenge_response_v1 empty_peap empty_peap empty_peap empty_peap empty_peap 4_way_message_2]
Mar 31, 2026 9:37:07 AM de.learnlib.logging.LearnLogger logQuery
INFO: DB CACHE [ε | challenge_v1 success_request_with_credentials_v1 challenge_v1 inner_failure inner_success success_request_with_credentials_v1 inner_failure inner_success 4_way_message_1 /  challenge_response_v1 success_response_v1 challenge_response_v1 empty_peap empty_peap success_response_v1 empty_peap empty_peap 4_way_message_2]
Mar 31, 2026 9:37:07 AM de.learnlib.logging.LearnLogger logQuery
INFO: DISABLED [ε | challenge_v1 success_request_with_credentials_v1 challenge_v1 inner_failure inner_success success_request_all_zeros_v1 inner_failure inner_success 4_way_message_1 /  challenge_response_v1 success_response_v1 challenge_response_v1 empty_peap empty_peap no_reply - - -]
Mar 31, 2026 9:37:07 AM de.learnlib.logging.LearnLogger logQuery
INFO: DB CACHE [ε | challenge_v1 success_request_with_credentials_v1 challenge_v1 inner_failure inner_success challenge_v1 inner_failure inner_success 4_way_message_1 /  challenge_response_v1 success_response_v1 challenge_response_v1 empty_peap empty_peap challenge_response_v1 empty_peap empty_peap 4_way_message_2]
Mar 31, 2026 9:37:07 AM de.learnlib.logging.LearnLogger logQuery
INFO: DB CACHE [ε | challenge_v1 success_request_with_credentials_v1 challenge_v1 inner_failure inner_success id_request_v1 inner_failure inner_success 4_way_message_1 /  challenge_response_v1 success_response_v1 challenge_response_v1 empty_peap empty_peap id_response_v1 empty_peap empty_peap 4_way_message_2]
Mar 31, 2026 9:37:07 AM de.learnlib.logging.LearnLogger logQuery
INFO: DB CACHE [ε | challenge_v1 success_request_with_credentials_v1 challenge_v1 inner_failure success_request_with_credentials_v1 inner_failure inner_success 4_way_message_1 /  challenge_response_v1 success_response_v1 challenge_response_v1 empty_peap success_response_v1 empty_peap empty_peap 4_way_message_2]
Mar 31, 2026 9:37:07 AM de.learnlib.logging.LearnLogger logQuery
INFO: DISABLED [ε | challenge_v1 success_request_with_credentials_v1 challenge_v1 inner_failure success_request_all_zeros_v1 inner_failure inner_success 4_way_message_1 /  challenge_response_v1 success_response_v1 challenge_response_v1 empty_peap no_reply - - -]
Mar 31, 2026 9:37:07 AM de.learnlib.logging.LearnLogger logQuery
INFO: DB CACHE [ε | challenge_v1 success_request_with_credentials_v1 challenge_v1 inner_failure challenge_v1 inner_failure inner_success 4_way_message_1 /  challenge_response_v1 success_response_v1 challenge_response_v1 empty_peap challenge_response_v1 empty_peap empty_peap 4_way_message_2]
Mar 31, 2026 9:37:07 AM de.learnlib.logging.LearnLogger logQuery
INFO: DB CACHE [ε | challenge_v1 success_request_with_credentials_v1 challenge_v1 inner_failure id_request_v1 inner_failure inner_success 4_way_message_1 /  challenge_response_v1 success_response_v1 challenge_response_v1 empty_peap id_response_v1 empty_peap empty_peap 4_way_message_2]
Mar 31, 2026 9:37:07 AM de.learnlib.logging.LearnLogger logQuery
INFO: DB CACHE [ε | challenge_v1 success_request_with_credentials_v1 challenge_v1 inner_success inner_failure inner_success 4_way_message_1 /  challenge_response_v1 success_response_v1 challenge_response_v1 empty_peap empty_peap empty_peap 4_way_message_2]
Mar 31, 2026 9:37:07 AM de.learnlib.logging.LearnLogger logQuery
INFO: DB CACHE [ε | challenge_v1 success_request_with_credentials_v1 challenge_v1 success_request_with_credentials_v1 inner_failure inner_success 4_way_message_1 /  challenge_response_v1 success_response_v1 challenge_response_v1 success_response_v1 empty_peap empty_peap 4_way_message_2]
Mar 31, 2026 9:37:07 AM de.learnlib.logging.LearnLogger logQuery
INFO: DISABLED [ε | challenge_v1 success_request_with_credentials_v1 challenge_v1 success_request_all_zeros_v1 inner_failure inner_success 4_way_message_1 /  challenge_response_v1 success_response_v1 challenge_response_v1 no_reply - - -]
Mar 31, 2026 9:37:07 AM de.learnlib.logging.LearnLogger logQuery
INFO: DB CACHE [ε | challenge_v1 success_request_with_credentials_v1 challenge_v1 challenge_v1 inner_failure inner_success 4_way_message_1 /  challenge_response_v1 success_response_v1 challenge_response_v1 challenge_response_v1 empty_peap empty_peap 4_way_message_2]
Mar 31, 2026 9:37:07 AM de.learnlib.logging.LearnLogger logQuery
INFO: DB CACHE [ε | challenge_v1 success_request_with_credentials_v1 challenge_v1 id_request_v1 inner_failure inner_success 4_way_message_1 /  challenge_response_v1 success_response_v1 challenge_response_v1 id_response_v1 empty_peap empty_peap 4_way_message_2]
Mar 31, 2026 9:37:07 AM de.learnlib.logging.LearnLogger logQuery
INFO: DB CACHE [ε | challenge_v1 success_request_with_credentials_v1 id_request_v1 inner_failure inner_success 4_way_message_1 /  challenge_response_v1 success_response_v1 id_response_v1 empty_peap empty_peap 4_way_message_2]
Mar 31, 2026 9:37:07 AM de.learnlib.logging.LearnLogger logQuery
INFO: DISABLED [ε | challenge_v1 success_request_all_zeros_v1 inner_failure inner_success 4_way_message_1 /  challenge_response_v1 no_reply - - -]
Mar 31, 2026 9:37:07 AM de.learnlib.logging.LearnLogger logQuery
INFO: DB CACHE [ε | challenge_v1 challenge_v1 inner_failure inner_success 4_way_message_1 /  challenge_response_v1 challenge_response_v1 empty_peap empty_peap no_reply]
Mar 31, 2026 9:37:07 AM de.learnlib.logging.LearnLogger logQuery
INFO: DB CACHE [ε | challenge_v1 id_request_v1 inner_failure inner_success 4_way_message_1 /  challenge_response_v1 id_response_v1 empty_peap empty_peap no_reply]
Mar 31, 2026 9:37:07 AM de.learnlib.logging.LearnLogger logQuery
INFO: DB CACHE [ε | id_request_v1 inner_failure inner_success 4_way_message_1 /  id_response_v1 empty_peap empty_peap no_reply]
