Apr 02, 2026 4:28:51 PM de.learnlib.logging.LearnLogger logQuery
INFO: DB CACHE [ε | id_request_v1 /  id_response_v1]
Apr 02, 2026 4:28:51 PM de.learnlib.logging.LearnLogger logQuery
INFO: DB CACHE [ε | id_request_v1 success_request_with_credentials_v1 /  id_response_v1 no_reply]
Apr 02, 2026 4:28:51 PM de.learnlib.logging.LearnLogger logQuery
INFO: DB CACHE [ε | id_request_v1 id_request_v1 /  id_response_v1 id_response_v1]
Apr 02, 2026 4:28:51 PM de.learnlib.logging.LearnLogger logQuery
INFO: DB CACHE [ε | challenge_v1 /  challenge_response_v1]
Apr 02, 2026 4:28:51 PM de.learnlib.logging.LearnLogger logQuery
INFO: DB CACHE [ε | challenge_v1 success_request_with_credentials_v1 /  challenge_response_v1 success_response_v1]
Apr 02, 2026 4:28:51 PM de.learnlib.logging.LearnLogger logQuery
INFO: DB CACHE [ε | challenge_v1 id_request_v1 /  challenge_response_v1 id_response_v1]
Apr 02, 2026 4:28:51 PM de.learnlib.logging.LearnLogger logQuery
INFO: DB CACHE [ε | success_request_all_zeros_v1 /  no_reply]
Apr 02, 2026 4:28:51 PM de.learnlib.logging.LearnLogger logQuery
INFO: DB CACHE [ε | success_request_with_credentials_v1 /  no_reply]
Apr 02, 2026 4:28:51 PM de.learnlib.logging.LearnLogger logQuery
INFO: DB CACHE [ε | inner_success /  empty_peap]
Apr 02, 2026 4:28:51 PM de.learnlib.logging.LearnLogger logQuery
INFO: DB CACHE [ε | inner_success success_request_with_credentials_v1 /  empty_peap no_reply]
Apr 02, 2026 4:28:51 PM de.learnlib.logging.LearnLogger logQuery
INFO: DB CACHE [ε | inner_success id_request_v1 /  empty_peap no_reply]
Apr 02, 2026 4:28:51 PM de.learnlib.logging.LearnLogger logQuery
INFO: DB CACHE [ε | inner_failure /  inner_failure_response]
Apr 02, 2026 4:28:51 PM de.learnlib.logging.LearnLogger logQuery
INFO: DB CACHE [ε | eap_success /  deauthentication]
Apr 02, 2026 4:28:51 PM de.learnlib.logging.LearnLogger logQuery
INFO: DB CACHE [ε | 4_way_message_1 /  deauthentication]
Apr 02, 2026 4:28:53 PM de.learnlib.logging.LearnLogger logQuery
INFO: [ε | id_request_v1 id_request_v1 success_request_with_credentials_v1 / ε | id_response_v1 id_response_v1 no_reply]
Apr 02, 2026 4:28:56 PM de.learnlib.logging.LearnLogger logQuery
INFO: [ε | id_request_v1 id_request_v1 id_request_v1 / ε | id_response_v1 id_response_v1 id_response_v1]
Apr 02, 2026 4:28:56 PM de.learnlib.logging.LearnLogger logQuery
INFO: DB CACHE [ε | challenge_v1 id_request_v1 success_request_with_credentials_v1 /  challenge_response_v1 id_response_v1 success_response_v1]
Apr 02, 2026 4:28:56 PM de.learnlib.logging.LearnLogger logQuery
INFO: DB CACHE [ε | challenge_v1 id_request_v1 id_request_v1 /  challenge_response_v1 id_response_v1 id_response_v1]
Apr 02, 2026 4:28:56 PM de.learnlib.logging.LearnLogger logQuery
INFO: DB CACHE [ε | id_request_v1 challenge_v1 /  id_response_v1 challenge_response_v1]
Apr 02, 2026 4:28:58 PM de.learnlib.logging.LearnLogger logQuery
INFO: [ε | id_request_v1 challenge_v1 success_request_with_credentials_v1 / ε | id_response_v1 challenge_response_v1 success_response_v1]
Apr 02, 2026 4:29:01 PM de.learnlib.logging.LearnLogger logQuery
INFO: [ε | id_request_v1 challenge_v1 id_request_v1 / ε | id_response_v1 challenge_response_v1 id_response_v1]
Apr 02, 2026 4:29:01 PM de.learnlib.logging.LearnLogger logQuery
INFO: DB CACHE [ε | challenge_v1 challenge_v1 /  challenge_response_v1 challenge_response_v1]
Apr 02, 2026 4:29:01 PM de.learnlib.logging.LearnLogger logQuery
INFO: DB CACHE [ε | challenge_v1 challenge_v1 success_request_with_credentials_v1 /  challenge_response_v1 challenge_response_v1 success_response_v1]
Apr 02, 2026 4:29:01 PM de.learnlib.logging.LearnLogger logQuery
INFO: DB CACHE [ε | challenge_v1 challenge_v1 id_request_v1 /  challenge_response_v1 challenge_response_v1 id_response_v1]
Apr 02, 2026 4:29:01 PM de.learnlib.logging.LearnLogger logQuery
INFO: DB CACHE [ε | inner_success challenge_v1 /  empty_peap no_reply]
Apr 02, 2026 4:29:01 PM de.learnlib.logging.LearnLogger logQuery
INFO: DB CACHE [ε | id_request_v1 success_request_all_zeros_v1 /  id_response_v1 no_reply]
Apr 02, 2026 4:29:01 PM de.learnlib.logging.LearnLogger logQuery
INFO: DB CACHE [ε | challenge_v1 success_request_all_zeros_v1 /  challenge_response_v1 no_reply]
Apr 02, 2026 4:29:01 PM de.learnlib.logging.LearnLogger logQuery
INFO: DB CACHE [ε | inner_success success_request_all_zeros_v1 /  empty_peap no_reply]
Apr 02, 2026 4:29:01 PM de.learnlib.logging.LearnLogger logQuery
INFO: DB CACHE [ε | challenge_v1 success_request_with_credentials_v1 success_request_with_credentials_v1 /  challenge_response_v1 success_response_v1 success_response_v1]
Apr 02, 2026 4:29:01 PM de.learnlib.logging.LearnLogger logQuery
INFO: DB CACHE [ε | challenge_v1 success_request_with_credentials_v1 id_request_v1 /  challenge_response_v1 success_response_v1 id_response_v1]
Apr 02, 2026 4:29:01 PM de.learnlib.logging.LearnLogger logQuery
INFO: DB CACHE [ε | id_request_v1 inner_success /  id_response_v1 empty_peap]
Apr 02, 2026 4:29:04 PM de.learnlib.logging.LearnLogger logQuery
INFO: [ε | id_request_v1 inner_success success_request_with_credentials_v1 / ε | id_response_v1 empty_peap no_reply]
Apr 02, 2026 4:29:06 PM de.learnlib.logging.LearnLogger logQuery
INFO: [ε | id_request_v1 inner_success id_request_v1 / ε | id_response_v1 empty_peap no_reply]
Apr 02, 2026 4:29:07 PM de.learnlib.logging.LearnLogger logQuery
INFO: DB CACHE [ε | challenge_v1 inner_success /  challenge_response_v1 deauthentication]
Apr 02, 2026 4:29:07 PM de.learnlib.logging.LearnLogger logQuery
INFO: DB CACHE [ε | inner_success inner_success /  empty_peap no_reply]
Apr 02, 2026 4:29:07 PM de.learnlib.logging.LearnLogger logQuery
INFO: DB CACHE [ε | id_request_v1 inner_failure /  id_response_v1 inner_failure_response]
Apr 02, 2026 4:29:07 PM de.learnlib.logging.LearnLogger logQuery
INFO: DB CACHE [ε | challenge_v1 inner_failure /  challenge_response_v1 inner_failure_response]
Apr 02, 2026 4:29:07 PM de.learnlib.logging.LearnLogger logQuery
INFO: DB CACHE [ε | inner_success inner_failure /  empty_peap no_reply]
Apr 02, 2026 4:29:07 PM de.learnlib.logging.LearnLogger logQuery
INFO: DB CACHE [ε | id_request_v1 eap_success /  id_response_v1 deauthentication]
Apr 02, 2026 4:29:07 PM de.learnlib.logging.LearnLogger logQuery
INFO: DB CACHE [ε | challenge_v1 eap_success /  challenge_response_v1 deauthentication]
Apr 02, 2026 4:29:07 PM de.learnlib.logging.LearnLogger logQuery
INFO: DB CACHE [ε | inner_success eap_success /  empty_peap after_eap_success]
Apr 02, 2026 4:29:07 PM de.learnlib.logging.LearnLogger logQuery
INFO: DB CACHE [ε | inner_success eap_success success_request_with_credentials_v1 /  empty_peap after_eap_success no_reply]
Apr 02, 2026 4:29:07 PM de.learnlib.logging.LearnLogger logQuery
INFO: DB CACHE [ε | inner_success eap_success id_request_v1 /  empty_peap after_eap_success no_reply]
Apr 02, 2026 4:29:07 PM de.learnlib.logging.LearnLogger logQuery
INFO: DB CACHE [ε | id_request_v1 4_way_message_1 /  id_response_v1 deauthentication]
Apr 02, 2026 4:29:07 PM de.learnlib.logging.LearnLogger logQuery
INFO: DB CACHE [ε | challenge_v1 4_way_message_1 /  challenge_response_v1 deauthentication]
Apr 02, 2026 4:29:07 PM de.learnlib.logging.LearnLogger logQuery
INFO: DB CACHE [ε | inner_success 4_way_message_1 /  empty_peap 4_way_message_2]
Apr 02, 2026 4:29:09 PM de.learnlib.logging.LearnLogger logQuery
INFO: [ε | id_request_v1 id_request_v1 id_request_v1 success_request_with_credentials_v1 / ε | id_response_v1 id_response_v1 id_response_v1 no_reply]
Apr 02, 2026 4:29:12 PM de.learnlib.logging.LearnLogger logQuery
INFO: [ε | id_request_v1 id_request_v1 id_request_v1 id_request_v1 / ε | id_response_v1 id_response_v1 id_response_v1 id_response_v1]
Apr 02, 2026 4:29:14 PM de.learnlib.logging.LearnLogger logQuery
INFO: [ε | id_request_v1 challenge_v1 id_request_v1 success_request_with_credentials_v1 / ε | id_response_v1 challenge_response_v1 id_response_v1 success_response_v1]
Apr 02, 2026 4:29:17 PM de.learnlib.logging.LearnLogger logQuery
INFO: [ε | id_request_v1 challenge_v1 id_request_v1 id_request_v1 / ε | id_response_v1 challenge_response_v1 id_response_v1 id_response_v1]
Apr 02, 2026 4:29:19 PM de.learnlib.logging.LearnLogger logQuery
INFO: [ε | id_request_v1 id_request_v1 challenge_v1 / ε | id_response_v1 id_response_v1 challenge_response_v1]
Apr 02, 2026 4:29:22 PM de.learnlib.logging.LearnLogger logQuery
INFO: [ε | id_request_v1 id_request_v1 challenge_v1 success_request_with_credentials_v1 / ε | id_response_v1 id_response_v1 challenge_response_v1 success_response_v1]
Apr 02, 2026 4:29:24 PM de.learnlib.logging.LearnLogger logQuery
INFO: [ε | id_request_v1 id_request_v1 challenge_v1 id_request_v1 / ε | id_response_v1 id_response_v1 challenge_response_v1 id_response_v1]
Apr 02, 2026 4:29:27 PM de.learnlib.logging.LearnLogger logQuery
INFO: [ε | id_request_v1 challenge_v1 challenge_v1 / ε | id_response_v1 challenge_response_v1 challenge_response_v1]
Apr 02, 2026 4:29:29 PM de.learnlib.logging.LearnLogger logQuery
INFO: [ε | id_request_v1 challenge_v1 challenge_v1 success_request_with_credentials_v1 / ε | id_response_v1 challenge_response_v1 challenge_response_v1 success_response_v1]
Apr 02, 2026 4:29:32 PM de.learnlib.logging.LearnLogger logQuery
INFO: [ε | id_request_v1 challenge_v1 challenge_v1 id_request_v1 / ε | id_response_v1 challenge_response_v1 challenge_response_v1 id_response_v1]
Apr 02, 2026 4:29:35 PM de.learnlib.logging.LearnLogger logQuery
INFO: [ε | id_request_v1 inner_success challenge_v1 / ε | id_response_v1 empty_peap no_reply]
Apr 02, 2026 4:29:37 PM de.learnlib.logging.LearnLogger logQuery
INFO: [ε | id_request_v1 id_request_v1 success_request_all_zeros_v1 / ε | id_response_v1 id_response_v1 no_reply]
Apr 02, 2026 4:29:40 PM de.learnlib.logging.LearnLogger logQuery
INFO: [ε | id_request_v1 challenge_v1 success_request_all_zeros_v1 / ε | id_response_v1 challenge_response_v1 no_reply]
Apr 02, 2026 4:29:43 PM de.learnlib.logging.LearnLogger logQuery
INFO: [ε | id_request_v1 inner_success success_request_all_zeros_v1 / ε | id_response_v1 empty_peap no_reply]
Apr 02, 2026 4:29:46 PM de.learnlib.logging.LearnLogger logQuery
INFO: [ε | id_request_v1 challenge_v1 success_request_with_credentials_v1 success_request_with_credentials_v1 / ε | id_response_v1 challenge_response_v1 success_response_v1 success_response_v1]
Apr 02, 2026 4:29:48 PM de.learnlib.logging.LearnLogger logQuery
INFO: [ε | id_request_v1 challenge_v1 success_request_with_credentials_v1 id_request_v1 / ε | id_response_v1 challenge_response_v1 success_response_v1 id_response_v1]
Apr 02, 2026 4:29:51 PM de.learnlib.logging.LearnLogger logQuery
INFO: [ε | id_request_v1 id_request_v1 inner_success / ε | id_response_v1 id_response_v1 empty_peap]
Apr 02, 2026 4:29:53 PM de.learnlib.logging.LearnLogger logQuery
INFO: [ε | id_request_v1 id_request_v1 inner_success success_request_with_credentials_v1 / ε | id_response_v1 id_response_v1 empty_peap no_reply]
Apr 02, 2026 4:29:56 PM de.learnlib.logging.LearnLogger logQuery
INFO: [ε | id_request_v1 id_request_v1 inner_success id_request_v1 / ε | id_response_v1 id_response_v1 empty_peap no_reply]
Apr 02, 2026 4:29:59 PM de.learnlib.logging.LearnLogger logQuery
INFO: [ε | id_request_v1 challenge_v1 inner_success / ε | id_response_v1 challenge_response_v1 deauthentication]
Apr 02, 2026 4:30:02 PM de.learnlib.logging.LearnLogger logQuery
INFO: [ε | id_request_v1 inner_success inner_success / ε | id_response_v1 empty_peap no_reply]
Apr 02, 2026 4:30:04 PM de.learnlib.logging.LearnLogger logQuery
INFO: [ε | id_request_v1 id_request_v1 inner_failure / ε | id_response_v1 id_response_v1 inner_failure_response]
Apr 02, 2026 4:30:07 PM de.learnlib.logging.LearnLogger logQuery
INFO: [ε | id_request_v1 challenge_v1 inner_failure / ε | id_response_v1 challenge_response_v1 inner_failure_response]
Apr 02, 2026 4:30:10 PM de.learnlib.logging.LearnLogger logQuery
INFO: [ε | id_request_v1 inner_success inner_failure / ε | id_response_v1 empty_peap no_reply]
Apr 02, 2026 4:30:12 PM de.learnlib.logging.LearnLogger logQuery
INFO: [ε | id_request_v1 id_request_v1 eap_success / ε | id_response_v1 id_response_v1 deauthentication]
Apr 02, 2026 4:30:15 PM de.learnlib.logging.LearnLogger logQuery
INFO: [ε | id_request_v1 challenge_v1 eap_success / ε | id_response_v1 challenge_response_v1 deauthentication]
Apr 02, 2026 4:30:18 PM de.learnlib.logging.LearnLogger logQuery
INFO: [ε | id_request_v1 inner_success eap_success / ε | id_response_v1 empty_peap after_eap_success]
Apr 02, 2026 4:30:21 PM de.learnlib.logging.LearnLogger logQuery
INFO: [ε | id_request_v1 inner_success eap_success success_request_with_credentials_v1 / ε | id_response_v1 empty_peap after_eap_success no_reply]
Apr 02, 2026 4:30:24 PM de.learnlib.logging.LearnLogger logQuery
INFO: [ε | id_request_v1 inner_success eap_success id_request_v1 / ε | id_response_v1 empty_peap after_eap_success no_reply]
Apr 02, 2026 4:30:27 PM de.learnlib.logging.LearnLogger logQuery
INFO: [ε | id_request_v1 id_request_v1 4_way_message_1 / ε | id_response_v1 id_response_v1 deauthentication]
Apr 02, 2026 4:30:30 PM de.learnlib.logging.LearnLogger logQuery
INFO: [ε | id_request_v1 challenge_v1 4_way_message_1 / ε | id_response_v1 challenge_response_v1 deauthentication]
Apr 02, 2026 4:30:32 PM de.learnlib.logging.LearnLogger logQuery
INFO: [ε | id_request_v1 inner_success 4_way_message_1 / ε | id_response_v1 empty_peap 4_way_message_2]
Apr 02, 2026 4:30:35 PM de.learnlib.logging.LearnLogger logQuery
INFO: [ε | challenge_v1 id_request_v1 id_request_v1 success_request_with_credentials_v1 / ε | challenge_response_v1 id_response_v1 id_response_v1 success_response_v1]
Apr 02, 2026 4:30:38 PM de.learnlib.logging.LearnLogger logQuery
INFO: [ε | challenge_v1 id_request_v1 id_request_v1 id_request_v1 / ε | challenge_response_v1 id_response_v1 id_response_v1 id_response_v1]
Apr 02, 2026 4:30:40 PM de.learnlib.logging.LearnLogger logQuery
INFO: [ε | challenge_v1 challenge_v1 id_request_v1 success_request_with_credentials_v1 / ε | challenge_response_v1 challenge_response_v1 id_response_v1 success_response_v1]
Apr 02, 2026 4:30:43 PM de.learnlib.logging.LearnLogger logQuery
INFO: [ε | challenge_v1 challenge_v1 id_request_v1 id_request_v1 / ε | challenge_response_v1 challenge_response_v1 id_response_v1 id_response_v1]
Apr 02, 2026 4:30:43 PM de.learnlib.logging.LearnLogger logQuery
INFO: DB CACHE [ε | challenge_v1 success_request_with_credentials_v1 id_request_v1 success_request_with_credentials_v1 /  challenge_response_v1 success_response_v1 id_response_v1 success_response_v1]
Apr 02, 2026 4:30:43 PM de.learnlib.logging.LearnLogger logQuery
INFO: DB CACHE [ε | challenge_v1 success_request_with_credentials_v1 id_request_v1 id_request_v1 /  challenge_response_v1 success_response_v1 id_response_v1 id_response_v1]
Apr 02, 2026 4:30:43 PM de.learnlib.logging.LearnLogger logQuery
INFO: DB CACHE [ε | challenge_v1 id_request_v1 challenge_v1 /  challenge_response_v1 id_response_v1 challenge_response_v1]
Apr 02, 2026 4:30:45 PM de.learnlib.logging.LearnLogger logQuery
INFO: [ε | challenge_v1 id_request_v1 challenge_v1 success_request_with_credentials_v1 / ε | challenge_response_v1 id_response_v1 challenge_response_v1 success_response_v1]
Apr 02, 2026 4:30:48 PM de.learnlib.logging.LearnLogger logQuery
INFO: [ε | challenge_v1 id_request_v1 challenge_v1 id_request_v1 / ε | challenge_response_v1 id_response_v1 challenge_response_v1 id_response_v1]
Apr 02, 2026 4:30:48 PM de.learnlib.logging.LearnLogger logQuery
INFO: DB CACHE [ε | challenge_v1 challenge_v1 challenge_v1 /  challenge_response_v1 challenge_response_v1 challenge_response_v1]
Apr 02, 2026 4:30:50 PM de.learnlib.logging.LearnLogger logQuery
INFO: [ε | challenge_v1 challenge_v1 challenge_v1 success_request_with_credentials_v1 / ε | challenge_response_v1 challenge_response_v1 challenge_response_v1 success_response_v1]
Apr 02, 2026 4:30:53 PM de.learnlib.logging.LearnLogger logQuery
INFO: [ε | challenge_v1 challenge_v1 challenge_v1 id_request_v1 / ε | challenge_response_v1 challenge_response_v1 challenge_response_v1 id_response_v1]
Apr 02, 2026 4:30:53 PM de.learnlib.logging.LearnLogger logQuery
INFO: DB CACHE [ε | challenge_v1 success_request_with_credentials_v1 challenge_v1 /  challenge_response_v1 success_response_v1 challenge_response_v1]
Apr 02, 2026 4:30:53 PM de.learnlib.logging.LearnLogger logQuery
INFO: DB CACHE [ε | challenge_v1 success_request_with_credentials_v1 challenge_v1 success_request_with_credentials_v1 /  challenge_response_v1 success_response_v1 challenge_response_v1 success_response_v1]
Apr 02, 2026 4:30:53 PM de.learnlib.logging.LearnLogger logQuery
INFO: DB CACHE [ε | challenge_v1 success_request_with_credentials_v1 challenge_v1 id_request_v1 /  challenge_response_v1 success_response_v1 challenge_response_v1 id_response_v1]
Apr 02, 2026 4:30:53 PM de.learnlib.logging.LearnLogger logQuery
INFO: DB CACHE [ε | challenge_v1 id_request_v1 success_request_all_zeros_v1 /  challenge_response_v1 id_response_v1 no_reply]
Apr 02, 2026 4:30:53 PM de.learnlib.logging.LearnLogger logQuery
INFO: DB CACHE [ε | challenge_v1 challenge_v1 success_request_all_zeros_v1 /  challenge_response_v1 challenge_response_v1 no_reply]
Apr 02, 2026 4:30:53 PM de.learnlib.logging.LearnLogger logQuery
INFO: DB CACHE [ε | challenge_v1 success_request_with_credentials_v1 success_request_all_zeros_v1 /  challenge_response_v1 success_response_v1 no_reply]
Apr 02, 2026 4:30:55 PM de.learnlib.logging.LearnLogger logQuery
INFO: [ε | challenge_v1 id_request_v1 success_request_with_credentials_v1 success_request_with_credentials_v1 / ε | challenge_response_v1 id_response_v1 success_response_v1 success_response_v1]
Apr 02, 2026 4:30:58 PM de.learnlib.logging.LearnLogger logQuery
INFO: [ε | challenge_v1 id_request_v1 success_request_with_credentials_v1 id_request_v1 / ε | challenge_response_v1 id_response_v1 success_response_v1 id_response_v1]
Apr 02, 2026 4:31:00 PM de.learnlib.logging.LearnLogger logQuery
INFO: [ε | challenge_v1 challenge_v1 success_request_with_credentials_v1 success_request_with_credentials_v1 / ε | challenge_response_v1 challenge_response_v1 success_response_v1 success_response_v1]
Apr 02, 2026 4:31:03 PM de.learnlib.logging.LearnLogger logQuery
INFO: [ε | challenge_v1 challenge_v1 success_request_with_credentials_v1 id_request_v1 / ε | challenge_response_v1 challenge_response_v1 success_response_v1 id_response_v1]
Apr 02, 2026 4:31:03 PM de.learnlib.logging.LearnLogger logQuery
INFO: DB CACHE [ε | challenge_v1 success_request_with_credentials_v1 success_request_with_credentials_v1 success_request_with_credentials_v1 /  challenge_response_v1 success_response_v1 success_response_v1 success_response_v1]
Apr 02, 2026 4:31:03 PM de.learnlib.logging.LearnLogger logQuery
INFO: DB CACHE [ε | challenge_v1 success_request_with_credentials_v1 success_request_with_credentials_v1 id_request_v1 /  challenge_response_v1 success_response_v1 success_response_v1 id_response_v1]
Apr 02, 2026 4:31:03 PM de.learnlib.logging.LearnLogger logQuery
INFO: DB CACHE [ε | challenge_v1 id_request_v1 inner_success /  challenge_response_v1 id_response_v1 deauthentication]
Apr 02, 2026 4:31:03 PM de.learnlib.logging.LearnLogger logQuery
INFO: DB CACHE [ε | challenge_v1 challenge_v1 inner_success /  challenge_response_v1 challenge_response_v1 deauthentication]
Apr 02, 2026 4:31:03 PM de.learnlib.logging.LearnLogger logQuery
INFO: DB CACHE [ε | challenge_v1 success_request_with_credentials_v1 inner_success /  challenge_response_v1 success_response_v1 empty_peap]
Apr 02, 2026 4:31:03 PM de.learnlib.logging.LearnLogger logQuery
INFO: DB CACHE [ε | challenge_v1 success_request_with_credentials_v1 inner_success success_request_with_credentials_v1 /  challenge_response_v1 success_response_v1 empty_peap no_reply]
Apr 02, 2026 4:31:03 PM de.learnlib.logging.LearnLogger logQuery
INFO: DB CACHE [ε | challenge_v1 success_request_with_credentials_v1 inner_success id_request_v1 /  challenge_response_v1 success_response_v1 empty_peap no_reply]
Apr 02, 2026 4:31:03 PM de.learnlib.logging.LearnLogger logQuery
INFO: DB CACHE [ε | challenge_v1 id_request_v1 inner_failure /  challenge_response_v1 id_response_v1 inner_failure_response]
Apr 02, 2026 4:31:03 PM de.learnlib.logging.LearnLogger logQuery
INFO: DB CACHE [ε | challenge_v1 challenge_v1 inner_failure /  challenge_response_v1 challenge_response_v1 inner_failure_response]
Apr 02, 2026 4:31:03 PM de.learnlib.logging.LearnLogger logQuery
INFO: DB CACHE [ε | challenge_v1 success_request_with_credentials_v1 inner_failure /  challenge_response_v1 success_response_v1 inner_failure_response]
Apr 02, 2026 4:31:03 PM de.learnlib.logging.LearnLogger logQuery
INFO: DB CACHE [ε | challenge_v1 id_request_v1 eap_success /  challenge_response_v1 id_response_v1 deauthentication]
Apr 02, 2026 4:31:03 PM de.learnlib.logging.LearnLogger logQuery
INFO: DB CACHE [ε | challenge_v1 challenge_v1 eap_success /  challenge_response_v1 challenge_response_v1 deauthentication]
Apr 02, 2026 4:31:03 PM de.learnlib.logging.LearnLogger logQuery
INFO: DB CACHE [ε | challenge_v1 success_request_with_credentials_v1 eap_success /  challenge_response_v1 success_response_v1 deauthentication]
Apr 02, 2026 4:31:03 PM de.learnlib.logging.LearnLogger logQuery
INFO: DB CACHE [ε | challenge_v1 id_request_v1 4_way_message_1 /  challenge_response_v1 id_response_v1 deauthentication]
Apr 02, 2026 4:31:03 PM de.learnlib.logging.LearnLogger logQuery
INFO: DB CACHE [ε | challenge_v1 challenge_v1 4_way_message_1 /  challenge_response_v1 challenge_response_v1 deauthentication]
Apr 02, 2026 4:31:03 PM de.learnlib.logging.LearnLogger logQuery
INFO: DB CACHE [ε | challenge_v1 success_request_with_credentials_v1 4_way_message_1 /  challenge_response_v1 success_response_v1 deauthentication]
Apr 02, 2026 4:31:03 PM de.learnlib.logging.LearnLogger logQuery
INFO: DB CACHE [ε | inner_success eap_success challenge_v1 /  empty_peap after_eap_success no_reply]
Apr 02, 2026 4:31:03 PM de.learnlib.logging.LearnLogger logQuery
INFO: DB CACHE [ε | inner_success eap_success success_request_all_zeros_v1 /  empty_peap after_eap_success no_reply]
Apr 02, 2026 4:31:03 PM de.learnlib.logging.LearnLogger logQuery
INFO: DB CACHE [ε | inner_success eap_success inner_success /  empty_peap after_eap_success no_reply]
Apr 02, 2026 4:31:03 PM de.learnlib.logging.LearnLogger logQuery
INFO: DB CACHE [ε | inner_success eap_success inner_failure /  empty_peap after_eap_success no_reply]
Apr 02, 2026 4:31:03 PM de.learnlib.logging.LearnLogger logQuery
INFO: DB CACHE [ε | inner_success eap_success eap_success /  empty_peap after_eap_success after_eap_success]
Apr 02, 2026 4:31:06 PM de.learnlib.logging.LearnLogger logQuery
INFO: [ε | inner_success eap_success eap_success success_request_with_credentials_v1 / ε | empty_peap after_eap_success after_eap_success no_reply]
Apr 02, 2026 4:31:10 PM de.learnlib.logging.LearnLogger logQuery
INFO: [ε | inner_success eap_success eap_success id_request_v1 / ε | empty_peap after_eap_success after_eap_success no_reply]
Apr 02, 2026 4:31:10 PM de.learnlib.logging.LearnLogger logQuery
INFO: DB CACHE [ε | inner_success eap_success 4_way_message_1 /  empty_peap after_eap_success 4_way_message_2]
Apr 02, 2026 4:31:12 PM de.learnlib.logging.LearnLogger logQuery
INFO: [ε | challenge_v1 id_request_v1 id_request_v1 id_request_v1 success_request_with_credentials_v1 / ε | challenge_response_v1 id_response_v1 id_response_v1 id_response_v1 success_response_v1]
Apr 02, 2026 4:31:15 PM de.learnlib.logging.LearnLogger logQuery
INFO: [ε | challenge_v1 id_request_v1 id_request_v1 id_request_v1 id_request_v1 / ε | challenge_response_v1 id_response_v1 id_response_v1 id_response_v1 id_response_v1]
Apr 02, 2026 4:31:18 PM de.learnlib.logging.LearnLogger logQuery
INFO: [ε | challenge_v1 id_request_v1 challenge_v1 id_request_v1 success_request_with_credentials_v1 / ε | challenge_response_v1 id_response_v1 challenge_response_v1 id_response_v1 success_response_v1]
Apr 02, 2026 4:31:20 PM de.learnlib.logging.LearnLogger logQuery
INFO: [ε | challenge_v1 id_request_v1 challenge_v1 id_request_v1 id_request_v1 / ε | challenge_response_v1 id_response_v1 challenge_response_v1 id_response_v1 id_response_v1]
Apr 02, 2026 4:31:23 PM de.learnlib.logging.LearnLogger logQuery
INFO: [ε | challenge_v1 id_request_v1 success_request_with_credentials_v1 id_request_v1 success_request_with_credentials_v1 / ε | challenge_response_v1 id_response_v1 success_response_v1 id_response_v1 success_response_v1]
Apr 02, 2026 4:31:25 PM de.learnlib.logging.LearnLogger logQuery
INFO: [ε | challenge_v1 id_request_v1 success_request_with_credentials_v1 id_request_v1 id_request_v1 / ε | challenge_response_v1 id_response_v1 success_response_v1 id_response_v1 id_response_v1]
Apr 02, 2026 4:31:28 PM de.learnlib.logging.LearnLogger logQuery
INFO: [ε | challenge_v1 id_request_v1 id_request_v1 challenge_v1 / ε | challenge_response_v1 id_response_v1 id_response_v1 challenge_response_v1]
Apr 02, 2026 4:31:30 PM de.learnlib.logging.LearnLogger logQuery
INFO: [ε | challenge_v1 id_request_v1 id_request_v1 challenge_v1 success_request_with_credentials_v1 / ε | challenge_response_v1 id_response_v1 id_response_v1 challenge_response_v1 success_response_v1]
Apr 02, 2026 4:31:33 PM de.learnlib.logging.LearnLogger logQuery
INFO: [ε | challenge_v1 id_request_v1 id_request_v1 challenge_v1 id_request_v1 / ε | challenge_response_v1 id_response_v1 id_response_v1 challenge_response_v1 id_response_v1]
Apr 02, 2026 4:31:36 PM de.learnlib.logging.LearnLogger logQuery
INFO: [ε | challenge_v1 id_request_v1 challenge_v1 challenge_v1 / ε | challenge_response_v1 id_response_v1 challenge_response_v1 challenge_response_v1]
Apr 02, 2026 4:31:38 PM de.learnlib.logging.LearnLogger logQuery
INFO: [ε | challenge_v1 id_request_v1 challenge_v1 challenge_v1 success_request_with_credentials_v1 / ε | challenge_response_v1 id_response_v1 challenge_response_v1 challenge_response_v1 success_response_v1]
Apr 02, 2026 4:31:41 PM de.learnlib.logging.LearnLogger logQuery
INFO: [ε | challenge_v1 id_request_v1 challenge_v1 challenge_v1 id_request_v1 / ε | challenge_response_v1 id_response_v1 challenge_response_v1 challenge_response_v1 id_response_v1]
Apr 02, 2026 4:31:43 PM de.learnlib.logging.LearnLogger logQuery
INFO: [ε | challenge_v1 id_request_v1 success_request_with_credentials_v1 challenge_v1 / ε | challenge_response_v1 id_response_v1 success_response_v1 challenge_response_v1]
Apr 02, 2026 4:31:46 PM de.learnlib.logging.LearnLogger logQuery
INFO: [ε | challenge_v1 id_request_v1 success_request_with_credentials_v1 challenge_v1 success_request_with_credentials_v1 / ε | challenge_response_v1 id_response_v1 success_response_v1 challenge_response_v1 success_response_v1]
Apr 02, 2026 4:31:49 PM de.learnlib.logging.LearnLogger logQuery
INFO: [ε | challenge_v1 id_request_v1 success_request_with_credentials_v1 challenge_v1 id_request_v1 / ε | challenge_response_v1 id_response_v1 success_response_v1 challenge_response_v1 id_response_v1]
Apr 02, 2026 4:31:51 PM de.learnlib.logging.LearnLogger logQuery
INFO: [ε | challenge_v1 id_request_v1 id_request_v1 success_request_all_zeros_v1 / ε | challenge_response_v1 id_response_v1 id_response_v1 no_reply]
Apr 02, 2026 4:31:54 PM de.learnlib.logging.LearnLogger logQuery
INFO: [ε | challenge_v1 id_request_v1 challenge_v1 success_request_all_zeros_v1 / ε | challenge_response_v1 id_response_v1 challenge_response_v1 no_reply]
Apr 02, 2026 4:31:57 PM de.learnlib.logging.LearnLogger logQuery
INFO: [ε | challenge_v1 id_request_v1 success_request_with_credentials_v1 success_request_all_zeros_v1 / ε | challenge_response_v1 id_response_v1 success_response_v1 no_reply]
Apr 02, 2026 4:32:00 PM de.learnlib.logging.LearnLogger logQuery
INFO: [ε | challenge_v1 id_request_v1 id_request_v1 success_request_with_credentials_v1 success_request_with_credentials_v1 / ε | challenge_response_v1 id_response_v1 id_response_v1 success_response_v1 success_response_v1]
Apr 02, 2026 4:32:02 PM de.learnlib.logging.LearnLogger logQuery
INFO: [ε | challenge_v1 id_request_v1 id_request_v1 success_request_with_credentials_v1 id_request_v1 / ε | challenge_response_v1 id_response_v1 id_response_v1 success_response_v1 id_response_v1]
Apr 02, 2026 4:32:05 PM de.learnlib.logging.LearnLogger logQuery
INFO: [ε | challenge_v1 id_request_v1 challenge_v1 success_request_with_credentials_v1 success_request_with_credentials_v1 / ε | challenge_response_v1 id_response_v1 challenge_response_v1 success_response_v1 success_response_v1]
Apr 02, 2026 4:32:08 PM de.learnlib.logging.LearnLogger logQuery
INFO: [ε | challenge_v1 id_request_v1 challenge_v1 success_request_with_credentials_v1 id_request_v1 / ε | challenge_response_v1 id_response_v1 challenge_response_v1 success_response_v1 id_response_v1]
Apr 02, 2026 4:32:10 PM de.learnlib.logging.LearnLogger logQuery
INFO: [ε | challenge_v1 id_request_v1 success_request_with_credentials_v1 success_request_with_credentials_v1 success_request_with_credentials_v1 / ε | challenge_response_v1 id_response_v1 success_response_v1 success_response_v1 success_response_v1]
Apr 02, 2026 4:32:13 PM de.learnlib.logging.LearnLogger logQuery
INFO: [ε | challenge_v1 id_request_v1 success_request_with_credentials_v1 success_request_with_credentials_v1 id_request_v1 / ε | challenge_response_v1 id_response_v1 success_response_v1 success_response_v1 id_response_v1]
Apr 02, 2026 4:32:15 PM de.learnlib.logging.LearnLogger logQuery
INFO: [ε | challenge_v1 id_request_v1 id_request_v1 inner_success / ε | challenge_response_v1 id_response_v1 id_response_v1 deauthentication]
Apr 02, 2026 4:32:18 PM de.learnlib.logging.LearnLogger logQuery
INFO: [ε | challenge_v1 id_request_v1 challenge_v1 inner_success / ε | challenge_response_v1 id_response_v1 challenge_response_v1 deauthentication]
Apr 02, 2026 4:32:21 PM de.learnlib.logging.LearnLogger logQuery
INFO: [ε | challenge_v1 id_request_v1 success_request_with_credentials_v1 inner_success / ε | challenge_response_v1 id_response_v1 success_response_v1 empty_peap]
Apr 02, 2026 4:32:23 PM de.learnlib.logging.LearnLogger logQuery
INFO: [ε | challenge_v1 id_request_v1 success_request_with_credentials_v1 inner_success success_request_with_credentials_v1 / ε | challenge_response_v1 id_response_v1 success_response_v1 empty_peap no_reply]
Apr 02, 2026 4:32:26 PM de.learnlib.logging.LearnLogger logQuery
INFO: [ε | challenge_v1 id_request_v1 success_request_with_credentials_v1 inner_success id_request_v1 / ε | challenge_response_v1 id_response_v1 success_response_v1 empty_peap no_reply]
Apr 02, 2026 4:32:29 PM de.learnlib.logging.LearnLogger logQuery
INFO: [ε | challenge_v1 id_request_v1 id_request_v1 inner_failure / ε | challenge_response_v1 id_response_v1 id_response_v1 inner_failure_response]
Apr 02, 2026 4:32:32 PM de.learnlib.logging.LearnLogger logQuery
INFO: [ε | challenge_v1 id_request_v1 challenge_v1 inner_failure / ε | challenge_response_v1 id_response_v1 challenge_response_v1 inner_failure_response]
Apr 02, 2026 4:32:34 PM de.learnlib.logging.LearnLogger logQuery
INFO: [ε | challenge_v1 id_request_v1 success_request_with_credentials_v1 inner_failure / ε | challenge_response_v1 id_response_v1 success_response_v1 inner_failure_response]
Apr 02, 2026 4:32:37 PM de.learnlib.logging.LearnLogger logQuery
INFO: [ε | challenge_v1 id_request_v1 id_request_v1 eap_success / ε | challenge_response_v1 id_response_v1 id_response_v1 deauthentication]
Apr 02, 2026 4:32:40 PM de.learnlib.logging.LearnLogger logQuery
INFO: [ε | challenge_v1 id_request_v1 challenge_v1 eap_success / ε | challenge_response_v1 id_response_v1 challenge_response_v1 deauthentication]
Apr 02, 2026 4:32:42 PM de.learnlib.logging.LearnLogger logQuery
INFO: [ε | challenge_v1 id_request_v1 success_request_with_credentials_v1 eap_success / ε | challenge_response_v1 id_response_v1 success_response_v1 deauthentication]
Apr 02, 2026 4:32:45 PM de.learnlib.logging.LearnLogger logQuery
INFO: [ε | challenge_v1 id_request_v1 id_request_v1 4_way_message_1 / ε | challenge_response_v1 id_response_v1 id_response_v1 deauthentication]
Apr 02, 2026 4:32:48 PM de.learnlib.logging.LearnLogger logQuery
INFO: [ε | challenge_v1 id_request_v1 challenge_v1 4_way_message_1 / ε | challenge_response_v1 id_response_v1 challenge_response_v1 deauthentication]
Apr 02, 2026 4:32:51 PM de.learnlib.logging.LearnLogger logQuery
INFO: [ε | challenge_v1 id_request_v1 success_request_with_credentials_v1 4_way_message_1 / ε | challenge_response_v1 id_response_v1 success_response_v1 deauthentication]
Apr 02, 2026 4:32:54 PM de.learnlib.logging.LearnLogger logQuery
INFO: [ε | challenge_v1 challenge_v1 id_request_v1 id_request_v1 success_request_with_credentials_v1 / ε | challenge_response_v1 challenge_response_v1 id_response_v1 id_response_v1 success_response_v1]
Apr 02, 2026 4:32:56 PM de.learnlib.logging.LearnLogger logQuery
INFO: [ε | challenge_v1 challenge_v1 id_request_v1 id_request_v1 id_request_v1 / ε | challenge_response_v1 challenge_response_v1 id_response_v1 id_response_v1 id_response_v1]
Apr 02, 2026 4:32:59 PM de.learnlib.logging.LearnLogger logQuery
INFO: [ε | challenge_v1 challenge_v1 challenge_v1 id_request_v1 success_request_with_credentials_v1 / ε | challenge_response_v1 challenge_response_v1 challenge_response_v1 id_response_v1 success_response_v1]
Apr 02, 2026 4:33:01 PM de.learnlib.logging.LearnLogger logQuery
INFO: [ε | challenge_v1 challenge_v1 challenge_v1 id_request_v1 id_request_v1 / ε | challenge_response_v1 challenge_response_v1 challenge_response_v1 id_response_v1 id_response_v1]
Apr 02, 2026 4:33:04 PM de.learnlib.logging.LearnLogger logQuery
INFO: [ε | challenge_v1 challenge_v1 success_request_with_credentials_v1 id_request_v1 success_request_with_credentials_v1 / ε | challenge_response_v1 challenge_response_v1 success_response_v1 id_response_v1 success_response_v1]
Apr 02, 2026 4:33:07 PM de.learnlib.logging.LearnLogger logQuery
INFO: [ε | challenge_v1 challenge_v1 success_request_with_credentials_v1 id_request_v1 id_request_v1 / ε | challenge_response_v1 challenge_response_v1 success_response_v1 id_response_v1 id_response_v1]
Apr 02, 2026 4:33:09 PM de.learnlib.logging.LearnLogger logQuery
INFO: [ε | challenge_v1 challenge_v1 id_request_v1 challenge_v1 / ε | challenge_response_v1 challenge_response_v1 id_response_v1 challenge_response_v1]
Apr 02, 2026 4:33:12 PM de.learnlib.logging.LearnLogger logQuery
INFO: [ε | challenge_v1 challenge_v1 id_request_v1 challenge_v1 success_request_with_credentials_v1 / ε | challenge_response_v1 challenge_response_v1 id_response_v1 challenge_response_v1 success_response_v1]
Apr 02, 2026 4:33:14 PM de.learnlib.logging.LearnLogger logQuery
INFO: [ε | challenge_v1 challenge_v1 id_request_v1 challenge_v1 id_request_v1 / ε | challenge_response_v1 challenge_response_v1 id_response_v1 challenge_response_v1 id_response_v1]
Apr 02, 2026 4:33:17 PM de.learnlib.logging.LearnLogger logQuery
INFO: [ε | challenge_v1 challenge_v1 challenge_v1 challenge_v1 / ε | challenge_response_v1 challenge_response_v1 challenge_response_v1 challenge_response_v1]
Apr 02, 2026 4:33:19 PM de.learnlib.logging.LearnLogger logQuery
INFO: [ε | challenge_v1 challenge_v1 challenge_v1 challenge_v1 success_request_with_credentials_v1 / ε | challenge_response_v1 challenge_response_v1 challenge_response_v1 challenge_response_v1 success_response_v1]
Apr 02, 2026 4:33:22 PM de.learnlib.logging.LearnLogger logQuery
INFO: [ε | challenge_v1 challenge_v1 challenge_v1 challenge_v1 id_request_v1 / ε | challenge_response_v1 challenge_response_v1 challenge_response_v1 challenge_response_v1 id_response_v1]
Apr 02, 2026 4:33:24 PM de.learnlib.logging.LearnLogger logQuery
INFO: [ε | challenge_v1 challenge_v1 success_request_with_credentials_v1 challenge_v1 / ε | challenge_response_v1 challenge_response_v1 success_response_v1 challenge_response_v1]
Apr 02, 2026 4:33:27 PM de.learnlib.logging.LearnLogger logQuery
INFO: [ε | challenge_v1 challenge_v1 success_request_with_credentials_v1 challenge_v1 success_request_with_credentials_v1 / ε | challenge_response_v1 challenge_response_v1 success_response_v1 challenge_response_v1 success_response_v1]
Apr 02, 2026 4:33:30 PM de.learnlib.logging.LearnLogger logQuery
INFO: [ε | challenge_v1 challenge_v1 success_request_with_credentials_v1 challenge_v1 id_request_v1 / ε | challenge_response_v1 challenge_response_v1 success_response_v1 challenge_response_v1 id_response_v1]
Apr 02, 2026 4:33:32 PM de.learnlib.logging.LearnLogger logQuery
INFO: [ε | challenge_v1 challenge_v1 id_request_v1 success_request_all_zeros_v1 / ε | challenge_response_v1 challenge_response_v1 id_response_v1 no_reply]
Apr 02, 2026 4:33:35 PM de.learnlib.logging.LearnLogger logQuery
INFO: [ε | challenge_v1 challenge_v1 challenge_v1 success_request_all_zeros_v1 / ε | challenge_response_v1 challenge_response_v1 challenge_response_v1 no_reply]
Apr 02, 2026 4:33:38 PM de.learnlib.logging.LearnLogger logQuery
INFO: [ε | challenge_v1 challenge_v1 success_request_with_credentials_v1 success_request_all_zeros_v1 / ε | challenge_response_v1 challenge_response_v1 success_response_v1 no_reply]
Apr 02, 2026 4:33:41 PM de.learnlib.logging.LearnLogger logQuery
INFO: [ε | challenge_v1 challenge_v1 id_request_v1 success_request_with_credentials_v1 success_request_with_credentials_v1 / ε | challenge_response_v1 challenge_response_v1 id_response_v1 success_response_v1 success_response_v1]
Apr 02, 2026 4:33:44 PM de.learnlib.logging.LearnLogger logQuery
INFO: [ε | challenge_v1 challenge_v1 id_request_v1 success_request_with_credentials_v1 id_request_v1 / ε | challenge_response_v1 challenge_response_v1 id_response_v1 success_response_v1 id_response_v1]
Apr 02, 2026 4:33:46 PM de.learnlib.logging.LearnLogger logQuery
INFO: [ε | challenge_v1 challenge_v1 challenge_v1 success_request_with_credentials_v1 success_request_with_credentials_v1 / ε | challenge_response_v1 challenge_response_v1 challenge_response_v1 success_response_v1 success_response_v1]
Apr 02, 2026 4:33:49 PM de.learnlib.logging.LearnLogger logQuery
INFO: [ε | challenge_v1 challenge_v1 challenge_v1 success_request_with_credentials_v1 id_request_v1 / ε | challenge_response_v1 challenge_response_v1 challenge_response_v1 success_response_v1 id_response_v1]
Apr 02, 2026 4:33:51 PM de.learnlib.logging.LearnLogger logQuery
INFO: [ε | challenge_v1 challenge_v1 success_request_with_credentials_v1 success_request_with_credentials_v1 success_request_with_credentials_v1 / ε | challenge_response_v1 challenge_response_v1 success_response_v1 success_response_v1 success_response_v1]
Apr 02, 2026 4:33:54 PM de.learnlib.logging.LearnLogger logQuery
INFO: [ε | challenge_v1 challenge_v1 success_request_with_credentials_v1 success_request_with_credentials_v1 id_request_v1 / ε | challenge_response_v1 challenge_response_v1 success_response_v1 success_response_v1 id_response_v1]
Apr 02, 2026 4:33:56 PM de.learnlib.logging.LearnLogger logQuery
INFO: [ε | challenge_v1 challenge_v1 id_request_v1 inner_success / ε | challenge_response_v1 challenge_response_v1 id_response_v1 deauthentication]
Apr 02, 2026 4:33:59 PM de.learnlib.logging.LearnLogger logQuery
INFO: [ε | challenge_v1 challenge_v1 challenge_v1 inner_success / ε | challenge_response_v1 challenge_response_v1 challenge_response_v1 deauthentication]
Apr 02, 2026 4:34:02 PM de.learnlib.logging.LearnLogger logQuery
INFO: [ε | challenge_v1 challenge_v1 success_request_with_credentials_v1 inner_success / ε | challenge_response_v1 challenge_response_v1 success_response_v1 empty_peap]
Apr 02, 2026 4:34:04 PM de.learnlib.logging.LearnLogger logQuery
INFO: [ε | challenge_v1 challenge_v1 success_request_with_credentials_v1 inner_success success_request_with_credentials_v1 / ε | challenge_response_v1 challenge_response_v1 success_response_v1 empty_peap no_reply]
Apr 02, 2026 4:34:07 PM de.learnlib.logging.LearnLogger logQuery
INFO: [ε | challenge_v1 challenge_v1 success_request_with_credentials_v1 inner_success id_request_v1 / ε | challenge_response_v1 challenge_response_v1 success_response_v1 empty_peap no_reply]
Apr 02, 2026 4:34:10 PM de.learnlib.logging.LearnLogger logQuery
INFO: [ε | challenge_v1 challenge_v1 id_request_v1 inner_failure / ε | challenge_response_v1 challenge_response_v1 id_response_v1 inner_failure_response]
Apr 02, 2026 4:34:13 PM de.learnlib.logging.LearnLogger logQuery
INFO: [ε | challenge_v1 challenge_v1 challenge_v1 inner_failure / ε | challenge_response_v1 challenge_response_v1 challenge_response_v1 inner_failure_response]
Apr 02, 2026 4:34:15 PM de.learnlib.logging.LearnLogger logQuery
INFO: [ε | challenge_v1 challenge_v1 success_request_with_credentials_v1 inner_failure / ε | challenge_response_v1 challenge_response_v1 success_response_v1 inner_failure_response]
Apr 02, 2026 4:34:18 PM de.learnlib.logging.LearnLogger logQuery
INFO: [ε | challenge_v1 challenge_v1 id_request_v1 eap_success / ε | challenge_response_v1 challenge_response_v1 id_response_v1 deauthentication]
Apr 02, 2026 4:34:21 PM de.learnlib.logging.LearnLogger logQuery
INFO: [ε | challenge_v1 challenge_v1 challenge_v1 eap_success / ε | challenge_response_v1 challenge_response_v1 challenge_response_v1 deauthentication]
Apr 02, 2026 4:34:24 PM de.learnlib.logging.LearnLogger logQuery
INFO: [ε | challenge_v1 challenge_v1 success_request_with_credentials_v1 eap_success / ε | challenge_response_v1 challenge_response_v1 success_response_v1 deauthentication]
Apr 02, 2026 4:34:26 PM de.learnlib.logging.LearnLogger logQuery
INFO: [ε | challenge_v1 challenge_v1 id_request_v1 4_way_message_1 / ε | challenge_response_v1 challenge_response_v1 id_response_v1 deauthentication]
Apr 02, 2026 4:34:29 PM de.learnlib.logging.LearnLogger logQuery
INFO: [ε | challenge_v1 challenge_v1 challenge_v1 4_way_message_1 / ε | challenge_response_v1 challenge_response_v1 challenge_response_v1 deauthentication]
Apr 02, 2026 4:34:32 PM de.learnlib.logging.LearnLogger logQuery
INFO: [ε | challenge_v1 challenge_v1 success_request_with_credentials_v1 4_way_message_1 / ε | challenge_response_v1 challenge_response_v1 success_response_v1 deauthentication]
Apr 02, 2026 4:34:35 PM de.learnlib.logging.LearnLogger logQuery
INFO: [ε | challenge_v1 success_request_with_credentials_v1 id_request_v1 id_request_v1 success_request_with_credentials_v1 / ε | challenge_response_v1 success_response_v1 id_response_v1 id_response_v1 success_response_v1]
Apr 02, 2026 4:34:37 PM de.learnlib.logging.LearnLogger logQuery
INFO: [ε | challenge_v1 success_request_with_credentials_v1 id_request_v1 id_request_v1 id_request_v1 / ε | challenge_response_v1 success_response_v1 id_response_v1 id_response_v1 id_response_v1]
Apr 02, 2026 4:34:40 PM de.learnlib.logging.LearnLogger logQuery
INFO: [ε | challenge_v1 success_request_with_credentials_v1 challenge_v1 id_request_v1 success_request_with_credentials_v1 / ε | challenge_response_v1 success_response_v1 challenge_response_v1 id_response_v1 success_response_v1]
Apr 02, 2026 4:34:42 PM de.learnlib.logging.LearnLogger logQuery
INFO: [ε | challenge_v1 success_request_with_credentials_v1 challenge_v1 id_request_v1 id_request_v1 / ε | challenge_response_v1 success_response_v1 challenge_response_v1 id_response_v1 id_response_v1]
Apr 02, 2026 4:34:45 PM de.learnlib.logging.LearnLogger logQuery
INFO: [ε | challenge_v1 success_request_with_credentials_v1 success_request_with_credentials_v1 id_request_v1 success_request_with_credentials_v1 / ε | challenge_response_v1 success_response_v1 success_response_v1 id_response_v1 success_response_v1]
Apr 02, 2026 4:34:48 PM de.learnlib.logging.LearnLogger logQuery
INFO: [ε | challenge_v1 success_request_with_credentials_v1 success_request_with_credentials_v1 id_request_v1 id_request_v1 / ε | challenge_response_v1 success_response_v1 success_response_v1 id_response_v1 id_response_v1]
Apr 02, 2026 4:34:48 PM de.learnlib.logging.LearnLogger logQuery
INFO: DB CACHE [ε | challenge_v1 success_request_with_credentials_v1 id_request_v1 challenge_v1 /  challenge_response_v1 success_response_v1 id_response_v1 challenge_response_v1]
Apr 02, 2026 4:34:50 PM de.learnlib.logging.LearnLogger logQuery
INFO: [ε | challenge_v1 success_request_with_credentials_v1 id_request_v1 challenge_v1 success_request_with_credentials_v1 / ε | challenge_response_v1 success_response_v1 id_response_v1 challenge_response_v1 success_response_v1]
Apr 02, 2026 4:34:53 PM de.learnlib.logging.LearnLogger logQuery
INFO: [ε | challenge_v1 success_request_with_credentials_v1 id_request_v1 challenge_v1 id_request_v1 / ε | challenge_response_v1 success_response_v1 id_response_v1 challenge_response_v1 id_response_v1]
Apr 02, 2026 4:34:53 PM de.learnlib.logging.LearnLogger logQuery
INFO: DB CACHE [ε | challenge_v1 success_request_with_credentials_v1 challenge_v1 challenge_v1 /  challenge_response_v1 success_response_v1 challenge_response_v1 challenge_response_v1]
Apr 02, 2026 4:34:55 PM de.learnlib.logging.LearnLogger logQuery
INFO: [ε | challenge_v1 success_request_with_credentials_v1 challenge_v1 challenge_v1 success_request_with_credentials_v1 / ε | challenge_response_v1 success_response_v1 challenge_response_v1 challenge_response_v1 success_response_v1]
Apr 02, 2026 4:34:58 PM de.learnlib.logging.LearnLogger logQuery
INFO: [ε | challenge_v1 success_request_with_credentials_v1 challenge_v1 challenge_v1 id_request_v1 / ε | challenge_response_v1 success_response_v1 challenge_response_v1 challenge_response_v1 id_response_v1]
Apr 02, 2026 4:34:58 PM de.learnlib.logging.LearnLogger logQuery
INFO: DB CACHE [ε | challenge_v1 success_request_with_credentials_v1 success_request_with_credentials_v1 challenge_v1 /  challenge_response_v1 success_response_v1 success_response_v1 challenge_response_v1]
Apr 02, 2026 4:35:01 PM de.learnlib.logging.LearnLogger logQuery
INFO: [ε | challenge_v1 success_request_with_credentials_v1 success_request_with_credentials_v1 challenge_v1 success_request_with_credentials_v1 / ε | challenge_response_v1 success_response_v1 success_response_v1 challenge_response_v1 success_response_v1]
Apr 02, 2026 4:35:03 PM de.learnlib.logging.LearnLogger logQuery
INFO: [ε | challenge_v1 success_request_with_credentials_v1 success_request_with_credentials_v1 challenge_v1 id_request_v1 / ε | challenge_response_v1 success_response_v1 success_response_v1 challenge_response_v1 id_response_v1]
Apr 02, 2026 4:35:03 PM de.learnlib.logging.LearnLogger logQuery
INFO: DB CACHE [ε | challenge_v1 success_request_with_credentials_v1 inner_success challenge_v1 /  challenge_response_v1 success_response_v1 empty_peap no_reply]
Apr 02, 2026 4:35:03 PM de.learnlib.logging.LearnLogger logQuery
INFO: DB CACHE [ε | challenge_v1 success_request_with_credentials_v1 id_request_v1 success_request_all_zeros_v1 /  challenge_response_v1 success_response_v1 id_response_v1 no_reply]
Apr 02, 2026 4:35:03 PM de.learnlib.logging.LearnLogger logQuery
INFO: DB CACHE [ε | challenge_v1 success_request_with_credentials_v1 challenge_v1 success_request_all_zeros_v1 /  challenge_response_v1 success_response_v1 challenge_response_v1 no_reply]
Apr 02, 2026 4:35:03 PM de.learnlib.logging.LearnLogger logQuery
INFO: DB CACHE [ε | challenge_v1 success_request_with_credentials_v1 success_request_with_credentials_v1 success_request_all_zeros_v1 /  challenge_response_v1 success_response_v1 success_response_v1 no_reply]
Apr 02, 2026 4:35:03 PM de.learnlib.logging.LearnLogger logQuery
INFO: DB CACHE [ε | challenge_v1 success_request_with_credentials_v1 inner_success success_request_all_zeros_v1 /  challenge_response_v1 success_response_v1 empty_peap no_reply]
Apr 02, 2026 4:35:06 PM de.learnlib.logging.LearnLogger logQuery
INFO: [ε | challenge_v1 success_request_with_credentials_v1 id_request_v1 success_request_with_credentials_v1 success_request_with_credentials_v1 / ε | challenge_response_v1 success_response_v1 id_response_v1 success_response_v1 success_response_v1]
Apr 02, 2026 4:35:08 PM de.learnlib.logging.LearnLogger logQuery
INFO: [ε | challenge_v1 success_request_with_credentials_v1 id_request_v1 success_request_with_credentials_v1 id_request_v1 / ε | challenge_response_v1 success_response_v1 id_response_v1 success_response_v1 id_response_v1]
Apr 02, 2026 4:35:11 PM de.learnlib.logging.LearnLogger logQuery
INFO: [ε | challenge_v1 success_request_with_credentials_v1 challenge_v1 success_request_with_credentials_v1 success_request_with_credentials_v1 / ε | challenge_response_v1 success_response_v1 challenge_response_v1 success_response_v1 success_response_v1]
Apr 02, 2026 4:35:13 PM de.learnlib.logging.LearnLogger logQuery
INFO: [ε | challenge_v1 success_request_with_credentials_v1 challenge_v1 success_request_with_credentials_v1 id_request_v1 / ε | challenge_response_v1 success_response_v1 challenge_response_v1 success_response_v1 id_response_v1]
Apr 02, 2026 4:35:16 PM de.learnlib.logging.LearnLogger logQuery
INFO: [ε | challenge_v1 success_request_with_credentials_v1 success_request_with_credentials_v1 success_request_with_credentials_v1 success_request_with_credentials_v1 / ε | challenge_response_v1 success_response_v1 success_response_v1 success_response_v1 success_response_v1]
Apr 02, 2026 4:35:19 PM de.learnlib.logging.LearnLogger logQuery
INFO: [ε | challenge_v1 success_request_with_credentials_v1 success_request_with_credentials_v1 success_request_with_credentials_v1 id_request_v1 / ε | challenge_response_v1 success_response_v1 success_response_v1 success_response_v1 id_response_v1]
Apr 02, 2026 4:35:19 PM de.learnlib.logging.LearnLogger logQuery
INFO: DB CACHE [ε | challenge_v1 success_request_with_credentials_v1 id_request_v1 inner_success /  challenge_response_v1 success_response_v1 id_response_v1 empty_peap]
Apr 02, 2026 4:35:21 PM de.learnlib.logging.LearnLogger logQuery
INFO: [ε | challenge_v1 success_request_with_credentials_v1 id_request_v1 inner_success success_request_with_credentials_v1 / ε | challenge_response_v1 success_response_v1 id_response_v1 empty_peap no_reply]
Apr 02, 2026 4:35:24 PM de.learnlib.logging.LearnLogger logQuery
INFO: [ε | challenge_v1 success_request_with_credentials_v1 id_request_v1 inner_success id_request_v1 / ε | challenge_response_v1 success_response_v1 id_response_v1 empty_peap no_reply]
Apr 02, 2026 4:35:25 PM de.learnlib.logging.LearnLogger logQuery
INFO: DB CACHE [ε | challenge_v1 success_request_with_credentials_v1 challenge_v1 inner_success /  challenge_response_v1 success_response_v1 challenge_response_v1 empty_peap]
Apr 02, 2026 4:35:27 PM de.learnlib.logging.LearnLogger logQuery
INFO: [ε | challenge_v1 success_request_with_credentials_v1 challenge_v1 inner_success success_request_with_credentials_v1 / ε | challenge_response_v1 success_response_v1 challenge_response_v1 empty_peap no_reply]
Apr 02, 2026 4:35:30 PM de.learnlib.logging.LearnLogger logQuery
INFO: [ε | challenge_v1 success_request_with_credentials_v1 challenge_v1 inner_success id_request_v1 / ε | challenge_response_v1 success_response_v1 challenge_response_v1 empty_peap no_reply]
Apr 02, 2026 4:35:30 PM de.learnlib.logging.LearnLogger logQuery
INFO: DB CACHE [ε | challenge_v1 success_request_with_credentials_v1 success_request_with_credentials_v1 inner_success /  challenge_response_v1 success_response_v1 success_response_v1 empty_peap]
Apr 02, 2026 4:35:33 PM de.learnlib.logging.LearnLogger logQuery
INFO: [ε | challenge_v1 success_request_with_credentials_v1 success_request_with_credentials_v1 inner_success success_request_with_credentials_v1 / ε | challenge_response_v1 success_response_v1 success_response_v1 empty_peap no_reply]
Apr 02, 2026 4:35:36 PM de.learnlib.logging.LearnLogger logQuery
INFO: [ε | challenge_v1 success_request_with_credentials_v1 success_request_with_credentials_v1 inner_success id_request_v1 / ε | challenge_response_v1 success_response_v1 success_response_v1 empty_peap no_reply]
Apr 02, 2026 4:35:36 PM de.learnlib.logging.LearnLogger logQuery
INFO: DB CACHE [ε | challenge_v1 success_request_with_credentials_v1 inner_success inner_success /  challenge_response_v1 success_response_v1 empty_peap no_reply]
Apr 02, 2026 4:35:36 PM de.learnlib.logging.LearnLogger logQuery
INFO: DB CACHE [ε | challenge_v1 success_request_with_credentials_v1 id_request_v1 inner_failure /  challenge_response_v1 success_response_v1 id_response_v1 inner_failure_response]
Apr 02, 2026 4:35:36 PM de.learnlib.logging.LearnLogger logQuery
INFO: DB CACHE [ε | challenge_v1 success_request_with_credentials_v1 challenge_v1 inner_failure /  challenge_response_v1 success_response_v1 challenge_response_v1 inner_failure_response]
Apr 02, 2026 4:35:36 PM de.learnlib.logging.LearnLogger logQuery
INFO: DB CACHE [ε | challenge_v1 success_request_with_credentials_v1 success_request_with_credentials_v1 inner_failure /  challenge_response_v1 success_response_v1 success_response_v1 inner_failure_response]
Apr 02, 2026 4:35:36 PM de.learnlib.logging.LearnLogger logQuery
INFO: DB CACHE [ε | challenge_v1 success_request_with_credentials_v1 inner_success inner_failure /  challenge_response_v1 success_response_v1 empty_peap no_reply]
Apr 02, 2026 4:35:36 PM de.learnlib.logging.LearnLogger logQuery
INFO: DB CACHE [ε | challenge_v1 success_request_with_credentials_v1 id_request_v1 eap_success /  challenge_response_v1 success_response_v1 id_response_v1 deauthentication]
Apr 02, 2026 4:35:36 PM de.learnlib.logging.LearnLogger logQuery
INFO: DB CACHE [ε | challenge_v1 success_request_with_credentials_v1 challenge_v1 eap_success /  challenge_response_v1 success_response_v1 challenge_response_v1 deauthentication]
Apr 02, 2026 4:35:36 PM de.learnlib.logging.LearnLogger logQuery
INFO: DB CACHE [ε | challenge_v1 success_request_with_credentials_v1 success_request_with_credentials_v1 eap_success /  challenge_response_v1 success_response_v1 success_response_v1 deauthentication]
Apr 02, 2026 4:35:36 PM de.learnlib.logging.LearnLogger logQuery
INFO: DB CACHE [ε | challenge_v1 success_request_with_credentials_v1 inner_success eap_success /  challenge_response_v1 success_response_v1 empty_peap after_eap_success]
Apr 02, 2026 4:35:39 PM de.learnlib.logging.LearnLogger logQuery
INFO: [ε | challenge_v1 success_request_with_credentials_v1 inner_success eap_success success_request_with_credentials_v1 / ε | challenge_response_v1 success_response_v1 empty_peap after_eap_success no_reply]
Apr 02, 2026 4:35:43 PM de.learnlib.logging.LearnLogger logQuery
INFO: [ε | challenge_v1 success_request_with_credentials_v1 inner_success eap_success id_request_v1 / ε | challenge_response_v1 success_response_v1 empty_peap after_eap_success no_reply]
Apr 02, 2026 4:35:43 PM de.learnlib.logging.LearnLogger logQuery
INFO: DB CACHE [ε | challenge_v1 success_request_with_credentials_v1 id_request_v1 4_way_message_1 /  challenge_response_v1 success_response_v1 id_response_v1 deauthentication]
Apr 02, 2026 4:35:43 PM de.learnlib.logging.LearnLogger logQuery
INFO: DB CACHE [ε | challenge_v1 success_request_with_credentials_v1 challenge_v1 4_way_message_1 /  challenge_response_v1 success_response_v1 challenge_response_v1 deauthentication]
Apr 02, 2026 4:35:43 PM de.learnlib.logging.LearnLogger logQuery
INFO: DB CACHE [ε | challenge_v1 success_request_with_credentials_v1 success_request_with_credentials_v1 4_way_message_1 /  challenge_response_v1 success_response_v1 success_response_v1 deauthentication]
Apr 02, 2026 4:35:43 PM de.learnlib.logging.LearnLogger logQuery
INFO: DB CACHE [ε | challenge_v1 success_request_with_credentials_v1 inner_success 4_way_message_1 /  challenge_response_v1 success_response_v1 empty_peap 4_way_message_2]
Apr 02, 2026 4:35:43 PM de.learnlib.logging.LearnLogger logQuery
INFO: DB CACHE [ε | success_request_all_zeros_v1 id_request_v1 /  no_reply -]
Apr 02, 2026 4:35:43 PM de.learnlib.logging.LearnLogger logQuery
INFO: DB CACHE [ε | success_request_all_zeros_v1 challenge_v1 /  no_reply -]
Apr 02, 2026 4:35:43 PM de.learnlib.logging.LearnLogger logQuery
INFO: DB CACHE [ε | success_request_all_zeros_v1 success_request_all_zeros_v1 /  no_reply -]
Apr 02, 2026 4:35:43 PM de.learnlib.logging.LearnLogger logQuery
INFO: DB CACHE [ε | success_request_all_zeros_v1 success_request_with_credentials_v1 /  no_reply -]
Apr 02, 2026 4:35:43 PM de.learnlib.logging.LearnLogger logQuery
INFO: DB CACHE [ε | success_request_all_zeros_v1 inner_success /  no_reply -]
Apr 02, 2026 4:35:43 PM de.learnlib.logging.LearnLogger logQuery
INFO: DB CACHE [ε | success_request_all_zeros_v1 inner_failure /  no_reply -]
Apr 02, 2026 4:35:43 PM de.learnlib.logging.LearnLogger logQuery
INFO: DB CACHE [ε | success_request_all_zeros_v1 eap_success /  no_reply -]
Apr 02, 2026 4:35:43 PM de.learnlib.logging.LearnLogger logQuery
INFO: DB CACHE [ε | success_request_all_zeros_v1 4_way_message_1 /  no_reply -]
Apr 02, 2026 4:35:46 PM de.learnlib.logging.LearnLogger logQuery
INFO: [ε | inner_success eap_success eap_success challenge_v1 / ε | empty_peap after_eap_success after_eap_success no_reply]
Apr 02, 2026 4:35:49 PM de.learnlib.logging.LearnLogger logQuery
INFO: [ε | inner_success eap_success eap_success success_request_all_zeros_v1 / ε | empty_peap after_eap_success after_eap_success no_reply]
Apr 02, 2026 4:35:53 PM de.learnlib.logging.LearnLogger logQuery
INFO: [ε | inner_success eap_success eap_success inner_success / ε | empty_peap after_eap_success after_eap_success no_reply]
Apr 02, 2026 4:35:56 PM de.learnlib.logging.LearnLogger logQuery
INFO: [ε | inner_success eap_success eap_success inner_failure / ε | empty_peap after_eap_success after_eap_success no_reply]
Apr 02, 2026 4:36:00 PM de.learnlib.logging.LearnLogger logQuery
INFO: [ε | inner_success eap_success eap_success eap_success / ε | empty_peap after_eap_success after_eap_success after_eap_success]
Apr 02, 2026 4:36:04 PM de.learnlib.logging.LearnLogger logQuery
INFO: [ε | inner_success eap_success eap_success eap_success success_request_with_credentials_v1 / ε | empty_peap after_eap_success after_eap_success after_eap_success no_reply]
Apr 02, 2026 4:36:08 PM de.learnlib.logging.LearnLogger logQuery
INFO: [ε | inner_success eap_success eap_success eap_success id_request_v1 / ε | empty_peap after_eap_success after_eap_success after_eap_success no_reply]
Apr 02, 2026 4:36:11 PM de.learnlib.logging.LearnLogger logQuery
INFO: [ε | inner_success eap_success eap_success 4_way_message_1 / ε | empty_peap after_eap_success after_eap_success 4_way_message_2]
Apr 02, 2026 4:36:14 PM de.learnlib.logging.LearnLogger logQuery
INFO: [ε | challenge_v1 success_request_with_credentials_v1 id_request_v1 id_request_v1 id_request_v1 success_request_with_credentials_v1 / ε | challenge_response_v1 success_response_v1 id_response_v1 id_response_v1 id_response_v1 success_response_v1]
Apr 02, 2026 4:36:17 PM de.learnlib.logging.LearnLogger logQuery
INFO: [ε | challenge_v1 success_request_with_credentials_v1 id_request_v1 id_request_v1 id_request_v1 id_request_v1 / ε | challenge_response_v1 success_response_v1 id_response_v1 id_response_v1 id_response_v1 id_response_v1]
Apr 02, 2026 4:36:19 PM de.learnlib.logging.LearnLogger logQuery
INFO: [ε | challenge_v1 success_request_with_credentials_v1 id_request_v1 challenge_v1 id_request_v1 success_request_with_credentials_v1 / ε | challenge_response_v1 success_response_v1 id_response_v1 challenge_response_v1 id_response_v1 success_response_v1]
Apr 02, 2026 4:36:22 PM de.learnlib.logging.LearnLogger logQuery
INFO: [ε | challenge_v1 success_request_with_credentials_v1 id_request_v1 challenge_v1 id_request_v1 id_request_v1 / ε | challenge_response_v1 success_response_v1 id_response_v1 challenge_response_v1 id_response_v1 id_response_v1]
Apr 02, 2026 4:36:25 PM de.learnlib.logging.LearnLogger logQuery
INFO: [ε | challenge_v1 success_request_with_credentials_v1 id_request_v1 success_request_with_credentials_v1 id_request_v1 success_request_with_credentials_v1 / ε | challenge_response_v1 success_response_v1 id_response_v1 success_response_v1 id_response_v1 success_response_v1]
Apr 02, 2026 4:36:27 PM de.learnlib.logging.LearnLogger logQuery
INFO: [ε | challenge_v1 success_request_with_credentials_v1 id_request_v1 success_request_with_credentials_v1 id_request_v1 id_request_v1 / ε | challenge_response_v1 success_response_v1 id_response_v1 success_response_v1 id_response_v1 id_response_v1]
Apr 02, 2026 4:36:30 PM de.learnlib.logging.LearnLogger logQuery
INFO: [ε | challenge_v1 success_request_with_credentials_v1 id_request_v1 id_request_v1 challenge_v1 / ε | challenge_response_v1 success_response_v1 id_response_v1 id_response_v1 challenge_response_v1]
Apr 02, 2026 4:36:33 PM de.learnlib.logging.LearnLogger logQuery
INFO: [ε | challenge_v1 success_request_with_credentials_v1 id_request_v1 id_request_v1 challenge_v1 success_request_with_credentials_v1 / ε | challenge_response_v1 success_response_v1 id_response_v1 id_response_v1 challenge_response_v1 success_response_v1]
Apr 02, 2026 4:36:35 PM de.learnlib.logging.LearnLogger logQuery
INFO: [ε | challenge_v1 success_request_with_credentials_v1 id_request_v1 id_request_v1 challenge_v1 id_request_v1 / ε | challenge_response_v1 success_response_v1 id_response_v1 id_response_v1 challenge_response_v1 id_response_v1]
Apr 02, 2026 4:36:38 PM de.learnlib.logging.LearnLogger logQuery
INFO: [ε | challenge_v1 success_request_with_credentials_v1 id_request_v1 challenge_v1 challenge_v1 / ε | challenge_response_v1 success_response_v1 id_response_v1 challenge_response_v1 challenge_response_v1]
Apr 02, 2026 4:36:41 PM de.learnlib.logging.LearnLogger logQuery
INFO: [ε | challenge_v1 success_request_with_credentials_v1 id_request_v1 challenge_v1 challenge_v1 success_request_with_credentials_v1 / ε | challenge_response_v1 success_response_v1 id_response_v1 challenge_response_v1 challenge_response_v1 success_response_v1]
Apr 02, 2026 4:36:43 PM de.learnlib.logging.LearnLogger logQuery
INFO: [ε | challenge_v1 success_request_with_credentials_v1 id_request_v1 challenge_v1 challenge_v1 id_request_v1 / ε | challenge_response_v1 success_response_v1 id_response_v1 challenge_response_v1 challenge_response_v1 id_response_v1]
Apr 02, 2026 4:36:46 PM de.learnlib.logging.LearnLogger logQuery
INFO: [ε | challenge_v1 success_request_with_credentials_v1 id_request_v1 success_request_with_credentials_v1 challenge_v1 / ε | challenge_response_v1 success_response_v1 id_response_v1 success_response_v1 challenge_response_v1]
Apr 02, 2026 4:36:49 PM de.learnlib.logging.LearnLogger logQuery
INFO: [ε | challenge_v1 success_request_with_credentials_v1 id_request_v1 success_request_with_credentials_v1 challenge_v1 success_request_with_credentials_v1 / ε | challenge_response_v1 success_response_v1 id_response_v1 success_response_v1 challenge_response_v1 success_response_v1]
Apr 02, 2026 4:36:51 PM de.learnlib.logging.LearnLogger logQuery
INFO: [ε | challenge_v1 success_request_with_credentials_v1 id_request_v1 success_request_with_credentials_v1 challenge_v1 id_request_v1 / ε | challenge_response_v1 success_response_v1 id_response_v1 success_response_v1 challenge_response_v1 id_response_v1]
Apr 02, 2026 4:36:54 PM de.learnlib.logging.LearnLogger logQuery
INFO: [ε | challenge_v1 success_request_with_credentials_v1 id_request_v1 inner_success challenge_v1 / ε | challenge_response_v1 success_response_v1 id_response_v1 empty_peap no_reply]
Apr 02, 2026 4:36:57 PM de.learnlib.logging.LearnLogger logQuery
INFO: [ε | challenge_v1 success_request_with_credentials_v1 id_request_v1 id_request_v1 success_request_all_zeros_v1 / ε | challenge_response_v1 success_response_v1 id_response_v1 id_response_v1 no_reply]
Apr 02, 2026 4:37:00 PM de.learnlib.logging.LearnLogger logQuery
INFO: [ε | challenge_v1 success_request_with_credentials_v1 id_request_v1 challenge_v1 success_request_all_zeros_v1 / ε | challenge_response_v1 success_response_v1 id_response_v1 challenge_response_v1 no_reply]
Apr 02, 2026 4:37:03 PM de.learnlib.logging.LearnLogger logQuery
INFO: [ε | challenge_v1 success_request_with_credentials_v1 id_request_v1 success_request_with_credentials_v1 success_request_all_zeros_v1 / ε | challenge_response_v1 success_response_v1 id_response_v1 success_response_v1 no_reply]
Apr 02, 2026 4:37:06 PM de.learnlib.logging.LearnLogger logQuery
INFO: [ε | challenge_v1 success_request_with_credentials_v1 id_request_v1 inner_success success_request_all_zeros_v1 / ε | challenge_response_v1 success_response_v1 id_response_v1 empty_peap no_reply]
Apr 02, 2026 4:37:09 PM de.learnlib.logging.LearnLogger logQuery
INFO: [ε | challenge_v1 success_request_with_credentials_v1 id_request_v1 id_request_v1 success_request_with_credentials_v1 success_request_with_credentials_v1 / ε | challenge_response_v1 success_response_v1 id_response_v1 id_response_v1 success_response_v1 success_response_v1]
Apr 02, 2026 4:37:11 PM de.learnlib.logging.LearnLogger logQuery
INFO: [ε | challenge_v1 success_request_with_credentials_v1 id_request_v1 id_request_v1 success_request_with_credentials_v1 id_request_v1 / ε | challenge_response_v1 success_response_v1 id_response_v1 id_response_v1 success_response_v1 id_response_v1]
Apr 02, 2026 4:37:14 PM de.learnlib.logging.LearnLogger logQuery
INFO: [ε | challenge_v1 success_request_with_credentials_v1 id_request_v1 challenge_v1 success_request_with_credentials_v1 success_request_with_credentials_v1 / ε | challenge_response_v1 success_response_v1 id_response_v1 challenge_response_v1 success_response_v1 success_response_v1]
Apr 02, 2026 4:37:17 PM de.learnlib.logging.LearnLogger logQuery
INFO: [ε | challenge_v1 success_request_with_credentials_v1 id_request_v1 challenge_v1 success_request_with_credentials_v1 id_request_v1 / ε | challenge_response_v1 success_response_v1 id_response_v1 challenge_response_v1 success_response_v1 id_response_v1]
Apr 02, 2026 4:37:20 PM de.learnlib.logging.LearnLogger logQuery
INFO: [ε | challenge_v1 success_request_with_credentials_v1 id_request_v1 success_request_with_credentials_v1 success_request_with_credentials_v1 success_request_with_credentials_v1 / ε | challenge_response_v1 success_response_v1 id_response_v1 success_response_v1 success_response_v1 success_response_v1]
Apr 02, 2026 4:37:22 PM de.learnlib.logging.LearnLogger logQuery
INFO: [ε | challenge_v1 success_request_with_credentials_v1 id_request_v1 success_request_with_credentials_v1 success_request_with_credentials_v1 id_request_v1 / ε | challenge_response_v1 success_response_v1 id_response_v1 success_response_v1 success_response_v1 id_response_v1]
Apr 02, 2026 4:37:25 PM de.learnlib.logging.LearnLogger logQuery
INFO: [ε | challenge_v1 success_request_with_credentials_v1 id_request_v1 id_request_v1 inner_success / ε | challenge_response_v1 success_response_v1 id_response_v1 id_response_v1 empty_peap]
Apr 02, 2026 4:37:28 PM de.learnlib.logging.LearnLogger logQuery
INFO: [ε | challenge_v1 success_request_with_credentials_v1 id_request_v1 id_request_v1 inner_success success_request_with_credentials_v1 / ε | challenge_response_v1 success_response_v1 id_response_v1 id_response_v1 empty_peap no_reply]
Apr 02, 2026 4:37:31 PM de.learnlib.logging.LearnLogger logQuery
INFO: [ε | challenge_v1 success_request_with_credentials_v1 id_request_v1 id_request_v1 inner_success id_request_v1 / ε | challenge_response_v1 success_response_v1 id_response_v1 id_response_v1 empty_peap no_reply]
Apr 02, 2026 4:37:33 PM de.learnlib.logging.LearnLogger logQuery
INFO: [ε | challenge_v1 success_request_with_credentials_v1 id_request_v1 challenge_v1 inner_success / ε | challenge_response_v1 success_response_v1 id_response_v1 challenge_response_v1 empty_peap]
Apr 02, 2026 4:37:36 PM de.learnlib.logging.LearnLogger logQuery
INFO: [ε | challenge_v1 success_request_with_credentials_v1 id_request_v1 challenge_v1 inner_success success_request_with_credentials_v1 / ε | challenge_response_v1 success_response_v1 id_response_v1 challenge_response_v1 empty_peap no_reply]
Apr 02, 2026 4:37:39 PM de.learnlib.logging.LearnLogger logQuery
INFO: [ε | challenge_v1 success_request_with_credentials_v1 id_request_v1 challenge_v1 inner_success id_request_v1 / ε | challenge_response_v1 success_response_v1 id_response_v1 challenge_response_v1 empty_peap no_reply]
Apr 02, 2026 4:37:42 PM de.learnlib.logging.LearnLogger logQuery
INFO: [ε | challenge_v1 success_request_with_credentials_v1 id_request_v1 success_request_with_credentials_v1 inner_success / ε | challenge_response_v1 success_response_v1 id_response_v1 success_response_v1 empty_peap]
Apr 02, 2026 4:37:45 PM de.learnlib.logging.LearnLogger logQuery
INFO: [ε | challenge_v1 success_request_with_credentials_v1 id_request_v1 success_request_with_credentials_v1 inner_success success_request_with_credentials_v1 / ε | challenge_response_v1 success_response_v1 id_response_v1 success_response_v1 empty_peap no_reply]
Apr 02, 2026 4:37:48 PM de.learnlib.logging.LearnLogger logQuery
INFO: [ε | challenge_v1 success_request_with_credentials_v1 id_request_v1 success_request_with_credentials_v1 inner_success id_request_v1 / ε | challenge_response_v1 success_response_v1 id_response_v1 success_response_v1 empty_peap no_reply]
Apr 02, 2026 4:37:51 PM de.learnlib.logging.LearnLogger logQuery
INFO: [ε | challenge_v1 success_request_with_credentials_v1 id_request_v1 inner_success inner_success / ε | challenge_response_v1 success_response_v1 id_response_v1 empty_peap no_reply]
Apr 02, 2026 4:37:54 PM de.learnlib.logging.LearnLogger logQuery
INFO: [ε | challenge_v1 success_request_with_credentials_v1 id_request_v1 id_request_v1 inner_failure / ε | challenge_response_v1 success_response_v1 id_response_v1 id_response_v1 inner_failure_response]
Apr 02, 2026 4:37:56 PM de.learnlib.logging.LearnLogger logQuery
INFO: [ε | challenge_v1 success_request_with_credentials_v1 id_request_v1 challenge_v1 inner_failure / ε | challenge_response_v1 success_response_v1 id_response_v1 challenge_response_v1 inner_failure_response]
Apr 02, 2026 4:37:59 PM de.learnlib.logging.LearnLogger logQuery
INFO: [ε | challenge_v1 success_request_with_credentials_v1 id_request_v1 success_request_with_credentials_v1 inner_failure / ε | challenge_response_v1 success_response_v1 id_response_v1 success_response_v1 inner_failure_response]
Apr 02, 2026 4:38:02 PM de.learnlib.logging.LearnLogger logQuery
INFO: [ε | challenge_v1 success_request_with_credentials_v1 id_request_v1 inner_success inner_failure / ε | challenge_response_v1 success_response_v1 id_response_v1 empty_peap no_reply]
Apr 02, 2026 4:38:05 PM de.learnlib.logging.LearnLogger logQuery
INFO: [ε | challenge_v1 success_request_with_credentials_v1 id_request_v1 id_request_v1 eap_success / ε | challenge_response_v1 success_response_v1 id_response_v1 id_response_v1 deauthentication]
Apr 02, 2026 4:38:08 PM de.learnlib.logging.LearnLogger logQuery
INFO: [ε | challenge_v1 success_request_with_credentials_v1 id_request_v1 challenge_v1 eap_success / ε | challenge_response_v1 success_response_v1 id_response_v1 challenge_response_v1 deauthentication]
Apr 02, 2026 4:38:10 PM de.learnlib.logging.LearnLogger logQuery
INFO: [ε | challenge_v1 success_request_with_credentials_v1 id_request_v1 success_request_with_credentials_v1 eap_success / ε | challenge_response_v1 success_response_v1 id_response_v1 success_response_v1 deauthentication]
Apr 02, 2026 4:38:13 PM de.learnlib.logging.LearnLogger logQuery
INFO: [ε | challenge_v1 success_request_with_credentials_v1 id_request_v1 inner_success eap_success / ε | challenge_response_v1 success_response_v1 id_response_v1 empty_peap after_eap_success]
Apr 02, 2026 4:38:17 PM de.learnlib.logging.LearnLogger logQuery
INFO: [ε | challenge_v1 success_request_with_credentials_v1 id_request_v1 inner_success eap_success success_request_with_credentials_v1 / ε | challenge_response_v1 success_response_v1 id_response_v1 empty_peap after_eap_success no_reply]
Apr 02, 2026 4:38:20 PM de.learnlib.logging.LearnLogger logQuery
INFO: [ε | challenge_v1 success_request_with_credentials_v1 id_request_v1 inner_success eap_success id_request_v1 / ε | challenge_response_v1 success_response_v1 id_response_v1 empty_peap after_eap_success no_reply]
Apr 02, 2026 4:38:23 PM de.learnlib.logging.LearnLogger logQuery
INFO: [ε | challenge_v1 success_request_with_credentials_v1 id_request_v1 id_request_v1 4_way_message_1 / ε | challenge_response_v1 success_response_v1 id_response_v1 id_response_v1 deauthentication]
Apr 02, 2026 4:38:26 PM de.learnlib.logging.LearnLogger logQuery
INFO: [ε | challenge_v1 success_request_with_credentials_v1 id_request_v1 challenge_v1 4_way_message_1 / ε | challenge_response_v1 success_response_v1 id_response_v1 challenge_response_v1 deauthentication]
Apr 02, 2026 4:38:28 PM de.learnlib.logging.LearnLogger logQuery
INFO: [ε | challenge_v1 success_request_with_credentials_v1 id_request_v1 success_request_with_credentials_v1 4_way_message_1 / ε | challenge_response_v1 success_response_v1 id_response_v1 success_response_v1 deauthentication]
Apr 02, 2026 4:38:31 PM de.learnlib.logging.LearnLogger logQuery
INFO: [ε | challenge_v1 success_request_with_credentials_v1 id_request_v1 inner_success 4_way_message_1 / ε | challenge_response_v1 success_response_v1 id_response_v1 empty_peap 4_way_message_2]
Apr 02, 2026 4:38:34 PM de.learnlib.logging.LearnLogger logQuery
INFO: [ε | challenge_v1 success_request_with_credentials_v1 challenge_v1 id_request_v1 id_request_v1 success_request_with_credentials_v1 / ε | challenge_response_v1 success_response_v1 challenge_response_v1 id_response_v1 id_response_v1 success_response_v1]
Apr 02, 2026 4:38:37 PM de.learnlib.logging.LearnLogger logQuery
INFO: [ε | challenge_v1 success_request_with_credentials_v1 challenge_v1 id_request_v1 id_request_v1 id_request_v1 / ε | challenge_response_v1 success_response_v1 challenge_response_v1 id_response_v1 id_response_v1 id_response_v1]
Apr 02, 2026 4:38:39 PM de.learnlib.logging.LearnLogger logQuery
INFO: [ε | challenge_v1 success_request_with_credentials_v1 challenge_v1 challenge_v1 id_request_v1 success_request_with_credentials_v1 / ε | challenge_response_v1 success_response_v1 challenge_response_v1 challenge_response_v1 id_response_v1 success_response_v1]
Apr 02, 2026 4:38:42 PM de.learnlib.logging.LearnLogger logQuery
INFO: [ε | challenge_v1 success_request_with_credentials_v1 challenge_v1 challenge_v1 id_request_v1 id_request_v1 / ε | challenge_response_v1 success_response_v1 challenge_response_v1 challenge_response_v1 id_response_v1 id_response_v1]
Apr 02, 2026 4:38:45 PM de.learnlib.logging.LearnLogger logQuery
INFO: [ε | challenge_v1 success_request_with_credentials_v1 challenge_v1 success_request_with_credentials_v1 id_request_v1 success_request_with_credentials_v1 / ε | challenge_response_v1 success_response_v1 challenge_response_v1 success_response_v1 id_response_v1 success_response_v1]
Apr 02, 2026 4:38:47 PM de.learnlib.logging.LearnLogger logQuery
INFO: [ε | challenge_v1 success_request_with_credentials_v1 challenge_v1 success_request_with_credentials_v1 id_request_v1 id_request_v1 / ε | challenge_response_v1 success_response_v1 challenge_response_v1 success_response_v1 id_response_v1 id_response_v1]
Apr 02, 2026 4:38:50 PM de.learnlib.logging.LearnLogger logQuery
INFO: [ε | challenge_v1 success_request_with_credentials_v1 challenge_v1 id_request_v1 challenge_v1 / ε | challenge_response_v1 success_response_v1 challenge_response_v1 id_response_v1 challenge_response_v1]
Apr 02, 2026 4:38:52 PM de.learnlib.logging.LearnLogger logQuery
INFO: [ε | challenge_v1 success_request_with_credentials_v1 challenge_v1 id_request_v1 challenge_v1 success_request_with_credentials_v1 / ε | challenge_response_v1 success_response_v1 challenge_response_v1 id_response_v1 challenge_response_v1 success_response_v1]
Apr 02, 2026 4:38:55 PM de.learnlib.logging.LearnLogger logQuery
INFO: [ε | challenge_v1 success_request_with_credentials_v1 challenge_v1 id_request_v1 challenge_v1 id_request_v1 / ε | challenge_response_v1 success_response_v1 challenge_response_v1 id_response_v1 challenge_response_v1 id_response_v1]
Apr 02, 2026 4:38:58 PM de.learnlib.logging.LearnLogger logQuery
INFO: [ε | challenge_v1 success_request_with_credentials_v1 challenge_v1 challenge_v1 challenge_v1 / ε | challenge_response_v1 success_response_v1 challenge_response_v1 challenge_response_v1 challenge_response_v1]
Apr 02, 2026 4:39:00 PM de.learnlib.logging.LearnLogger logQuery
INFO: [ε | challenge_v1 success_request_with_credentials_v1 challenge_v1 challenge_v1 challenge_v1 success_request_with_credentials_v1 / ε | challenge_response_v1 success_response_v1 challenge_response_v1 challenge_response_v1 challenge_response_v1 success_response_v1]
Apr 02, 2026 4:39:03 PM de.learnlib.logging.LearnLogger logQuery
INFO: [ε | challenge_v1 success_request_with_credentials_v1 challenge_v1 challenge_v1 challenge_v1 id_request_v1 / ε | challenge_response_v1 success_response_v1 challenge_response_v1 challenge_response_v1 challenge_response_v1 id_response_v1]
Apr 02, 2026 4:39:06 PM de.learnlib.logging.LearnLogger logQuery
INFO: [ε | challenge_v1 success_request_with_credentials_v1 challenge_v1 success_request_with_credentials_v1 challenge_v1 / ε | challenge_response_v1 success_response_v1 challenge_response_v1 success_response_v1 challenge_response_v1]
Apr 02, 2026 4:39:08 PM de.learnlib.logging.LearnLogger logQuery
INFO: [ε | challenge_v1 success_request_with_credentials_v1 challenge_v1 success_request_with_credentials_v1 challenge_v1 success_request_with_credentials_v1 / ε | challenge_response_v1 success_response_v1 challenge_response_v1 success_response_v1 challenge_response_v1 success_response_v1]
Apr 02, 2026 4:39:11 PM de.learnlib.logging.LearnLogger logQuery
INFO: [ε | challenge_v1 success_request_with_credentials_v1 challenge_v1 success_request_with_credentials_v1 challenge_v1 id_request_v1 / ε | challenge_response_v1 success_response_v1 challenge_response_v1 success_response_v1 challenge_response_v1 id_response_v1]
Apr 02, 2026 4:39:14 PM de.learnlib.logging.LearnLogger logQuery
INFO: [ε | challenge_v1 success_request_with_credentials_v1 challenge_v1 inner_success challenge_v1 / ε | challenge_response_v1 success_response_v1 challenge_response_v1 empty_peap no_reply]
Apr 02, 2026 4:39:17 PM de.learnlib.logging.LearnLogger logQuery
INFO: [ε | challenge_v1 success_request_with_credentials_v1 challenge_v1 id_request_v1 success_request_all_zeros_v1 / ε | challenge_response_v1 success_response_v1 challenge_response_v1 id_response_v1 no_reply]
Apr 02, 2026 4:39:19 PM de.learnlib.logging.LearnLogger logQuery
INFO: [ε | challenge_v1 success_request_with_credentials_v1 challenge_v1 challenge_v1 success_request_all_zeros_v1 / ε | challenge_response_v1 success_response_v1 challenge_response_v1 challenge_response_v1 no_reply]
Apr 02, 2026 4:39:22 PM de.learnlib.logging.LearnLogger logQuery
INFO: [ε | challenge_v1 success_request_with_credentials_v1 challenge_v1 success_request_with_credentials_v1 success_request_all_zeros_v1 / ε | challenge_response_v1 success_response_v1 challenge_response_v1 success_response_v1 no_reply]
Apr 02, 2026 4:39:25 PM de.learnlib.logging.LearnLogger logQuery
INFO: [ε | challenge_v1 success_request_with_credentials_v1 challenge_v1 inner_success success_request_all_zeros_v1 / ε | challenge_response_v1 success_response_v1 challenge_response_v1 empty_peap no_reply]
Apr 02, 2026 4:39:28 PM de.learnlib.logging.LearnLogger logQuery
INFO: [ε | challenge_v1 success_request_with_credentials_v1 challenge_v1 id_request_v1 success_request_with_credentials_v1 success_request_with_credentials_v1 / ε | challenge_response_v1 success_response_v1 challenge_response_v1 id_response_v1 success_response_v1 success_response_v1]
Apr 02, 2026 4:39:31 PM de.learnlib.logging.LearnLogger logQuery
INFO: [ε | challenge_v1 success_request_with_credentials_v1 challenge_v1 id_request_v1 success_request_with_credentials_v1 id_request_v1 / ε | challenge_response_v1 success_response_v1 challenge_response_v1 id_response_v1 success_response_v1 id_response_v1]
Apr 02, 2026 4:39:33 PM de.learnlib.logging.LearnLogger logQuery
INFO: [ε | challenge_v1 success_request_with_credentials_v1 challenge_v1 challenge_v1 success_request_with_credentials_v1 success_request_with_credentials_v1 / ε | challenge_response_v1 success_response_v1 challenge_response_v1 challenge_response_v1 success_response_v1 success_response_v1]
Apr 02, 2026 4:39:36 PM de.learnlib.logging.LearnLogger logQuery
INFO: [ε | challenge_v1 success_request_with_credentials_v1 challenge_v1 challenge_v1 success_request_with_credentials_v1 id_request_v1 / ε | challenge_response_v1 success_response_v1 challenge_response_v1 challenge_response_v1 success_response_v1 id_response_v1]
Apr 02, 2026 4:39:39 PM de.learnlib.logging.LearnLogger logQuery
INFO: [ε | challenge_v1 success_request_with_credentials_v1 challenge_v1 success_request_with_credentials_v1 success_request_with_credentials_v1 success_request_with_credentials_v1 / ε | challenge_response_v1 success_response_v1 challenge_response_v1 success_response_v1 success_response_v1 success_response_v1]
Apr 02, 2026 4:39:41 PM de.learnlib.logging.LearnLogger logQuery
INFO: [ε | challenge_v1 success_request_with_credentials_v1 challenge_v1 success_request_with_credentials_v1 success_request_with_credentials_v1 id_request_v1 / ε | challenge_response_v1 success_response_v1 challenge_response_v1 success_response_v1 success_response_v1 id_response_v1]
Apr 02, 2026 4:39:44 PM de.learnlib.logging.LearnLogger logQuery
INFO: [ε | challenge_v1 success_request_with_credentials_v1 challenge_v1 id_request_v1 inner_success / ε | challenge_response_v1 success_response_v1 challenge_response_v1 id_response_v1 empty_peap]
Apr 02, 2026 4:39:47 PM de.learnlib.logging.LearnLogger logQuery
INFO: [ε | challenge_v1 success_request_with_credentials_v1 challenge_v1 id_request_v1 inner_success success_request_with_credentials_v1 / ε | challenge_response_v1 success_response_v1 challenge_response_v1 id_response_v1 empty_peap no_reply]
Apr 02, 2026 4:39:50 PM de.learnlib.logging.LearnLogger logQuery
INFO: [ε | challenge_v1 success_request_with_credentials_v1 challenge_v1 id_request_v1 inner_success id_request_v1 / ε | challenge_response_v1 success_response_v1 challenge_response_v1 id_response_v1 empty_peap no_reply]
Apr 02, 2026 4:39:53 PM de.learnlib.logging.LearnLogger logQuery
INFO: [ε | challenge_v1 success_request_with_credentials_v1 challenge_v1 challenge_v1 inner_success / ε | challenge_response_v1 success_response_v1 challenge_response_v1 challenge_response_v1 empty_peap]
Apr 02, 2026 4:39:56 PM de.learnlib.logging.LearnLogger logQuery
INFO: [ε | challenge_v1 success_request_with_credentials_v1 challenge_v1 challenge_v1 inner_success success_request_with_credentials_v1 / ε | challenge_response_v1 success_response_v1 challenge_response_v1 challenge_response_v1 empty_peap no_reply]
Apr 02, 2026 4:39:59 PM de.learnlib.logging.LearnLogger logQuery
INFO: [ε | challenge_v1 success_request_with_credentials_v1 challenge_v1 challenge_v1 inner_success id_request_v1 / ε | challenge_response_v1 success_response_v1 challenge_response_v1 challenge_response_v1 empty_peap no_reply]
Apr 02, 2026 4:40:01 PM de.learnlib.logging.LearnLogger logQuery
INFO: [ε | challenge_v1 success_request_with_credentials_v1 challenge_v1 success_request_with_credentials_v1 inner_success / ε | challenge_response_v1 success_response_v1 challenge_response_v1 success_response_v1 empty_peap]
Apr 02, 2026 4:40:04 PM de.learnlib.logging.LearnLogger logQuery
INFO: [ε | challenge_v1 success_request_with_credentials_v1 challenge_v1 success_request_with_credentials_v1 inner_success success_request_with_credentials_v1 / ε | challenge_response_v1 success_response_v1 challenge_response_v1 success_response_v1 empty_peap no_reply]
Apr 02, 2026 4:40:07 PM de.learnlib.logging.LearnLogger logQuery
INFO: [ε | challenge_v1 success_request_with_credentials_v1 challenge_v1 success_request_with_credentials_v1 inner_success id_request_v1 / ε | challenge_response_v1 success_response_v1 challenge_response_v1 success_response_v1 empty_peap no_reply]
Apr 02, 2026 4:40:10 PM de.learnlib.logging.LearnLogger logQuery
INFO: [ε | challenge_v1 success_request_with_credentials_v1 challenge_v1 inner_success inner_success / ε | challenge_response_v1 success_response_v1 challenge_response_v1 empty_peap no_reply]
Apr 02, 2026 4:40:13 PM de.learnlib.logging.LearnLogger logQuery
INFO: [ε | challenge_v1 success_request_with_credentials_v1 challenge_v1 id_request_v1 inner_failure / ε | challenge_response_v1 success_response_v1 challenge_response_v1 id_response_v1 inner_failure_response]
Apr 02, 2026 4:40:16 PM de.learnlib.logging.LearnLogger logQuery
INFO: [ε | challenge_v1 success_request_with_credentials_v1 challenge_v1 challenge_v1 inner_failure / ε | challenge_response_v1 success_response_v1 challenge_response_v1 challenge_response_v1 inner_failure_response]
Apr 02, 2026 4:40:18 PM de.learnlib.logging.LearnLogger logQuery
INFO: [ε | challenge_v1 success_request_with_credentials_v1 challenge_v1 success_request_with_credentials_v1 inner_failure / ε | challenge_response_v1 success_response_v1 challenge_response_v1 success_response_v1 inner_failure_response]
Apr 02, 2026 4:40:21 PM de.learnlib.logging.LearnLogger logQuery
INFO: [ε | challenge_v1 success_request_with_credentials_v1 challenge_v1 inner_success inner_failure / ε | challenge_response_v1 success_response_v1 challenge_response_v1 empty_peap no_reply]
Apr 02, 2026 4:40:24 PM de.learnlib.logging.LearnLogger logQuery
INFO: [ε | challenge_v1 success_request_with_credentials_v1 challenge_v1 id_request_v1 eap_success / ε | challenge_response_v1 success_response_v1 challenge_response_v1 id_response_v1 deauthentication]
Apr 02, 2026 4:40:27 PM de.learnlib.logging.LearnLogger logQuery
INFO: [ε | challenge_v1 success_request_with_credentials_v1 challenge_v1 challenge_v1 eap_success / ε | challenge_response_v1 success_response_v1 challenge_response_v1 challenge_response_v1 deauthentication]
Apr 02, 2026 4:40:30 PM de.learnlib.logging.LearnLogger logQuery
INFO: [ε | challenge_v1 success_request_with_credentials_v1 challenge_v1 success_request_with_credentials_v1 eap_success / ε | challenge_response_v1 success_response_v1 challenge_response_v1 success_response_v1 deauthentication]
Apr 02, 2026 4:40:33 PM de.learnlib.logging.LearnLogger logQuery
INFO: [ε | challenge_v1 success_request_with_credentials_v1 challenge_v1 inner_success eap_success / ε | challenge_response_v1 success_response_v1 challenge_response_v1 empty_peap after_eap_success]
Apr 02, 2026 4:40:36 PM de.learnlib.logging.LearnLogger logQuery
INFO: [ε | challenge_v1 success_request_with_credentials_v1 challenge_v1 inner_success eap_success success_request_with_credentials_v1 / ε | challenge_response_v1 success_response_v1 challenge_response_v1 empty_peap after_eap_success no_reply]
Apr 02, 2026 4:40:39 PM de.learnlib.logging.LearnLogger logQuery
INFO: [ε | challenge_v1 success_request_with_credentials_v1 challenge_v1 inner_success eap_success id_request_v1 / ε | challenge_response_v1 success_response_v1 challenge_response_v1 empty_peap after_eap_success no_reply]
Apr 02, 2026 4:40:42 PM de.learnlib.logging.LearnLogger logQuery
INFO: [ε | challenge_v1 success_request_with_credentials_v1 challenge_v1 id_request_v1 4_way_message_1 / ε | challenge_response_v1 success_response_v1 challenge_response_v1 id_response_v1 deauthentication]
Apr 02, 2026 4:40:45 PM de.learnlib.logging.LearnLogger logQuery
INFO: [ε | challenge_v1 success_request_with_credentials_v1 challenge_v1 challenge_v1 4_way_message_1 / ε | challenge_response_v1 success_response_v1 challenge_response_v1 challenge_response_v1 deauthentication]
Apr 02, 2026 4:40:48 PM de.learnlib.logging.LearnLogger logQuery
INFO: [ε | challenge_v1 success_request_with_credentials_v1 challenge_v1 success_request_with_credentials_v1 4_way_message_1 / ε | challenge_response_v1 success_response_v1 challenge_response_v1 success_response_v1 deauthentication]
Apr 02, 2026 4:40:51 PM de.learnlib.logging.LearnLogger logQuery
INFO: [ε | challenge_v1 success_request_with_credentials_v1 challenge_v1 inner_success 4_way_message_1 / ε | challenge_response_v1 success_response_v1 challenge_response_v1 empty_peap 4_way_message_2]
Apr 02, 2026 4:40:54 PM de.learnlib.logging.LearnLogger logQuery
INFO: [ε | challenge_v1 success_request_with_credentials_v1 success_request_with_credentials_v1 id_request_v1 id_request_v1 success_request_with_credentials_v1 / ε | challenge_response_v1 success_response_v1 success_response_v1 id_response_v1 id_response_v1 success_response_v1]
Apr 02, 2026 4:40:56 PM de.learnlib.logging.LearnLogger logQuery
INFO: [ε | challenge_v1 success_request_with_credentials_v1 success_request_with_credentials_v1 id_request_v1 id_request_v1 id_request_v1 / ε | challenge_response_v1 success_response_v1 success_response_v1 id_response_v1 id_response_v1 id_response_v1]
Apr 02, 2026 4:40:59 PM de.learnlib.logging.LearnLogger logQuery
INFO: [ε | challenge_v1 success_request_with_credentials_v1 success_request_with_credentials_v1 challenge_v1 id_request_v1 success_request_with_credentials_v1 / ε | challenge_response_v1 success_response_v1 success_response_v1 challenge_response_v1 id_response_v1 success_response_v1]
Apr 02, 2026 4:41:02 PM de.learnlib.logging.LearnLogger logQuery
INFO: [ε | challenge_v1 success_request_with_credentials_v1 success_request_with_credentials_v1 challenge_v1 id_request_v1 id_request_v1 / ε | challenge_response_v1 success_response_v1 success_response_v1 challenge_response_v1 id_response_v1 id_response_v1]
Apr 02, 2026 4:41:05 PM de.learnlib.logging.LearnLogger logQuery
INFO: [ε | challenge_v1 success_request_with_credentials_v1 success_request_with_credentials_v1 success_request_with_credentials_v1 id_request_v1 success_request_with_credentials_v1 / ε | challenge_response_v1 success_response_v1 success_response_v1 success_response_v1 id_response_v1 success_response_v1]
Apr 02, 2026 4:41:07 PM de.learnlib.logging.LearnLogger logQuery
INFO: [ε | challenge_v1 success_request_with_credentials_v1 success_request_with_credentials_v1 success_request_with_credentials_v1 id_request_v1 id_request_v1 / ε | challenge_response_v1 success_response_v1 success_response_v1 success_response_v1 id_response_v1 id_response_v1]
Apr 02, 2026 4:41:10 PM de.learnlib.logging.LearnLogger logQuery
INFO: [ε | challenge_v1 success_request_with_credentials_v1 success_request_with_credentials_v1 id_request_v1 challenge_v1 / ε | challenge_response_v1 success_response_v1 success_response_v1 id_response_v1 challenge_response_v1]
Apr 02, 2026 4:41:13 PM de.learnlib.logging.LearnLogger logQuery
INFO: [ε | challenge_v1 success_request_with_credentials_v1 success_request_with_credentials_v1 id_request_v1 challenge_v1 success_request_with_credentials_v1 / ε | challenge_response_v1 success_response_v1 success_response_v1 id_response_v1 challenge_response_v1 success_response_v1]
Apr 02, 2026 4:41:15 PM de.learnlib.logging.LearnLogger logQuery
INFO: [ε | challenge_v1 success_request_with_credentials_v1 success_request_with_credentials_v1 id_request_v1 challenge_v1 id_request_v1 / ε | challenge_response_v1 success_response_v1 success_response_v1 id_response_v1 challenge_response_v1 id_response_v1]
Apr 02, 2026 4:41:18 PM de.learnlib.logging.LearnLogger logQuery
INFO: [ε | challenge_v1 success_request_with_credentials_v1 success_request_with_credentials_v1 challenge_v1 challenge_v1 / ε | challenge_response_v1 success_response_v1 success_response_v1 challenge_response_v1 challenge_response_v1]
Apr 02, 2026 4:41:21 PM de.learnlib.logging.LearnLogger logQuery
INFO: [ε | challenge_v1 success_request_with_credentials_v1 success_request_with_credentials_v1 challenge_v1 challenge_v1 success_request_with_credentials_v1 / ε | challenge_response_v1 success_response_v1 success_response_v1 challenge_response_v1 challenge_response_v1 success_response_v1]
Apr 02, 2026 4:41:23 PM de.learnlib.logging.LearnLogger logQuery
INFO: [ε | challenge_v1 success_request_with_credentials_v1 success_request_with_credentials_v1 challenge_v1 challenge_v1 id_request_v1 / ε | challenge_response_v1 success_response_v1 success_response_v1 challenge_response_v1 challenge_response_v1 id_response_v1]
Apr 02, 2026 4:41:26 PM de.learnlib.logging.LearnLogger logQuery
INFO: [ε | challenge_v1 success_request_with_credentials_v1 success_request_with_credentials_v1 success_request_with_credentials_v1 challenge_v1 / ε | challenge_response_v1 success_response_v1 success_response_v1 success_response_v1 challenge_response_v1]
Apr 02, 2026 4:41:29 PM de.learnlib.logging.LearnLogger logQuery
INFO: [ε | challenge_v1 success_request_with_credentials_v1 success_request_with_credentials_v1 success_request_with_credentials_v1 challenge_v1 success_request_with_credentials_v1 / ε | challenge_response_v1 success_response_v1 success_response_v1 success_response_v1 challenge_response_v1 success_response_v1]
Apr 02, 2026 4:41:31 PM de.learnlib.logging.LearnLogger logQuery
INFO: [ε | challenge_v1 success_request_with_credentials_v1 success_request_with_credentials_v1 success_request_with_credentials_v1 challenge_v1 id_request_v1 / ε | challenge_response_v1 success_response_v1 success_response_v1 success_response_v1 challenge_response_v1 id_response_v1]
Apr 02, 2026 4:41:34 PM de.learnlib.logging.LearnLogger logQuery
INFO: [ε | challenge_v1 success_request_with_credentials_v1 success_request_with_credentials_v1 inner_success challenge_v1 / ε | challenge_response_v1 success_response_v1 success_response_v1 empty_peap no_reply]
Apr 02, 2026 4:41:37 PM de.learnlib.logging.LearnLogger logQuery
INFO: [ε | challenge_v1 success_request_with_credentials_v1 success_request_with_credentials_v1 id_request_v1 success_request_all_zeros_v1 / ε | challenge_response_v1 success_response_v1 success_response_v1 id_response_v1 no_reply]
Apr 02, 2026 4:41:40 PM de.learnlib.logging.LearnLogger logQuery
INFO: [ε | challenge_v1 success_request_with_credentials_v1 success_request_with_credentials_v1 challenge_v1 success_request_all_zeros_v1 / ε | challenge_response_v1 success_response_v1 success_response_v1 challenge_response_v1 no_reply]
Apr 02, 2026 4:41:43 PM de.learnlib.logging.LearnLogger logQuery
INFO: [ε | challenge_v1 success_request_with_credentials_v1 success_request_with_credentials_v1 success_request_with_credentials_v1 success_request_all_zeros_v1 / ε | challenge_response_v1 success_response_v1 success_response_v1 success_response_v1 no_reply]
Apr 02, 2026 4:41:46 PM de.learnlib.logging.LearnLogger logQuery
INFO: [ε | challenge_v1 success_request_with_credentials_v1 success_request_with_credentials_v1 inner_success success_request_all_zeros_v1 / ε | challenge_response_v1 success_response_v1 success_response_v1 empty_peap no_reply]
Apr 02, 2026 4:41:49 PM de.learnlib.logging.LearnLogger logQuery
INFO: [ε | challenge_v1 success_request_with_credentials_v1 success_request_with_credentials_v1 id_request_v1 success_request_with_credentials_v1 success_request_with_credentials_v1 / ε | challenge_response_v1 success_response_v1 success_response_v1 id_response_v1 success_response_v1 success_response_v1]
Apr 02, 2026 4:41:51 PM de.learnlib.logging.LearnLogger logQuery
INFO: [ε | challenge_v1 success_request_with_credentials_v1 success_request_with_credentials_v1 id_request_v1 success_request_with_credentials_v1 id_request_v1 / ε | challenge_response_v1 success_response_v1 success_response_v1 id_response_v1 success_response_v1 id_response_v1]
Apr 02, 2026 4:41:54 PM de.learnlib.logging.LearnLogger logQuery
INFO: [ε | challenge_v1 success_request_with_credentials_v1 success_request_with_credentials_v1 challenge_v1 success_request_with_credentials_v1 success_request_with_credentials_v1 / ε | challenge_response_v1 success_response_v1 success_response_v1 challenge_response_v1 success_response_v1 success_response_v1]
Apr 02, 2026 4:41:57 PM de.learnlib.logging.LearnLogger logQuery
INFO: [ε | challenge_v1 success_request_with_credentials_v1 success_request_with_credentials_v1 challenge_v1 success_request_with_credentials_v1 id_request_v1 / ε | challenge_response_v1 success_response_v1 success_response_v1 challenge_response_v1 success_response_v1 id_response_v1]
Apr 02, 2026 4:41:59 PM de.learnlib.logging.LearnLogger logQuery
INFO: [ε | challenge_v1 success_request_with_credentials_v1 success_request_with_credentials_v1 success_request_with_credentials_v1 success_request_with_credentials_v1 success_request_with_credentials_v1 / ε | challenge_response_v1 success_response_v1 success_response_v1 success_response_v1 success_response_v1 success_response_v1]
Apr 02, 2026 4:42:02 PM de.learnlib.logging.LearnLogger logQuery
INFO: [ε | challenge_v1 success_request_with_credentials_v1 success_request_with_credentials_v1 success_request_with_credentials_v1 success_request_with_credentials_v1 id_request_v1 / ε | challenge_response_v1 success_response_v1 success_response_v1 success_response_v1 success_response_v1 id_response_v1]
Apr 02, 2026 4:42:05 PM de.learnlib.logging.LearnLogger logQuery
INFO: [ε | challenge_v1 success_request_with_credentials_v1 success_request_with_credentials_v1 id_request_v1 inner_success / ε | challenge_response_v1 success_response_v1 success_response_v1 id_response_v1 empty_peap]
Apr 02, 2026 4:42:07 PM de.learnlib.logging.LearnLogger logQuery
INFO: [ε | challenge_v1 success_request_with_credentials_v1 success_request_with_credentials_v1 id_request_v1 inner_success success_request_with_credentials_v1 / ε | challenge_response_v1 success_response_v1 success_response_v1 id_response_v1 empty_peap no_reply]
Apr 02, 2026 4:42:10 PM de.learnlib.logging.LearnLogger logQuery
INFO: [ε | challenge_v1 success_request_with_credentials_v1 success_request_with_credentials_v1 id_request_v1 inner_success id_request_v1 / ε | challenge_response_v1 success_response_v1 success_response_v1 id_response_v1 empty_peap no_reply]
Apr 02, 2026 4:42:13 PM de.learnlib.logging.LearnLogger logQuery
INFO: [ε | challenge_v1 success_request_with_credentials_v1 success_request_with_credentials_v1 challenge_v1 inner_success / ε | challenge_response_v1 success_response_v1 success_response_v1 challenge_response_v1 empty_peap]
Apr 02, 2026 4:42:16 PM de.learnlib.logging.LearnLogger logQuery
INFO: [ε | challenge_v1 success_request_with_credentials_v1 success_request_with_credentials_v1 challenge_v1 inner_success success_request_with_credentials_v1 / ε | challenge_response_v1 success_response_v1 success_response_v1 challenge_response_v1 empty_peap no_reply]
Apr 02, 2026 4:42:19 PM de.learnlib.logging.LearnLogger logQuery
INFO: [ε | challenge_v1 success_request_with_credentials_v1 success_request_with_credentials_v1 challenge_v1 inner_success id_request_v1 / ε | challenge_response_v1 success_response_v1 success_response_v1 challenge_response_v1 empty_peap no_reply]
Apr 02, 2026 4:42:22 PM de.learnlib.logging.LearnLogger logQuery
INFO: [ε | challenge_v1 success_request_with_credentials_v1 success_request_with_credentials_v1 success_request_with_credentials_v1 inner_success / ε | challenge_response_v1 success_response_v1 success_response_v1 success_response_v1 empty_peap]
Apr 02, 2026 4:42:25 PM de.learnlib.logging.LearnLogger logQuery
INFO: [ε | challenge_v1 success_request_with_credentials_v1 success_request_with_credentials_v1 success_request_with_credentials_v1 inner_success success_request_with_credentials_v1 / ε | challenge_response_v1 success_response_v1 success_response_v1 success_response_v1 empty_peap no_reply]
Apr 02, 2026 4:42:28 PM de.learnlib.logging.LearnLogger logQuery
INFO: [ε | challenge_v1 success_request_with_credentials_v1 success_request_with_credentials_v1 success_request_with_credentials_v1 inner_success id_request_v1 / ε | challenge_response_v1 success_response_v1 success_response_v1 success_response_v1 empty_peap no_reply]
Apr 02, 2026 4:42:31 PM de.learnlib.logging.LearnLogger logQuery
INFO: [ε | challenge_v1 success_request_with_credentials_v1 success_request_with_credentials_v1 inner_success inner_success / ε | challenge_response_v1 success_response_v1 success_response_v1 empty_peap no_reply]
Apr 02, 2026 4:42:33 PM de.learnlib.logging.LearnLogger logQuery
INFO: [ε | challenge_v1 success_request_with_credentials_v1 success_request_with_credentials_v1 id_request_v1 inner_failure / ε | challenge_response_v1 success_response_v1 success_response_v1 id_response_v1 inner_failure_response]
Apr 02, 2026 4:42:36 PM de.learnlib.logging.LearnLogger logQuery
INFO: [ε | challenge_v1 success_request_with_credentials_v1 success_request_with_credentials_v1 challenge_v1 inner_failure / ε | challenge_response_v1 success_response_v1 success_response_v1 challenge_response_v1 inner_failure_response]
Apr 02, 2026 4:42:39 PM de.learnlib.logging.LearnLogger logQuery
INFO: [ε | challenge_v1 success_request_with_credentials_v1 success_request_with_credentials_v1 success_request_with_credentials_v1 inner_failure / ε | challenge_response_v1 success_response_v1 success_response_v1 success_response_v1 inner_failure_response]
Apr 02, 2026 4:42:42 PM de.learnlib.logging.LearnLogger logQuery
INFO: [ε | challenge_v1 success_request_with_credentials_v1 success_request_with_credentials_v1 inner_success inner_failure / ε | challenge_response_v1 success_response_v1 success_response_v1 empty_peap no_reply]
Apr 02, 2026 4:42:45 PM de.learnlib.logging.LearnLogger logQuery
INFO: [ε | challenge_v1 success_request_with_credentials_v1 success_request_with_credentials_v1 id_request_v1 eap_success / ε | challenge_response_v1 success_response_v1 success_response_v1 id_response_v1 deauthentication]
Apr 02, 2026 4:42:48 PM de.learnlib.logging.LearnLogger logQuery
INFO: [ε | challenge_v1 success_request_with_credentials_v1 success_request_with_credentials_v1 challenge_v1 eap_success / ε | challenge_response_v1 success_response_v1 success_response_v1 challenge_response_v1 deauthentication]
Apr 02, 2026 4:42:50 PM de.learnlib.logging.LearnLogger logQuery
INFO: [ε | challenge_v1 success_request_with_credentials_v1 success_request_with_credentials_v1 success_request_with_credentials_v1 eap_success / ε | challenge_response_v1 success_response_v1 success_response_v1 success_response_v1 deauthentication]
Apr 02, 2026 4:42:53 PM de.learnlib.logging.LearnLogger logQuery
INFO: [ε | challenge_v1 success_request_with_credentials_v1 success_request_with_credentials_v1 inner_success eap_success / ε | challenge_response_v1 success_response_v1 success_response_v1 empty_peap after_eap_success]
Apr 02, 2026 4:42:57 PM de.learnlib.logging.LearnLogger logQuery
INFO: [ε | challenge_v1 success_request_with_credentials_v1 success_request_with_credentials_v1 inner_success eap_success success_request_with_credentials_v1 / ε | challenge_response_v1 success_response_v1 success_response_v1 empty_peap after_eap_success no_reply]
Apr 02, 2026 4:43:00 PM de.learnlib.logging.LearnLogger logQuery
INFO: [ε | challenge_v1 success_request_with_credentials_v1 success_request_with_credentials_v1 inner_success eap_success id_request_v1 / ε | challenge_response_v1 success_response_v1 success_response_v1 empty_peap after_eap_success no_reply]
Apr 02, 2026 4:43:03 PM de.learnlib.logging.LearnLogger logQuery
INFO: [ε | challenge_v1 success_request_with_credentials_v1 success_request_with_credentials_v1 id_request_v1 4_way_message_1 / ε | challenge_response_v1 success_response_v1 success_response_v1 id_response_v1 deauthentication]
Apr 02, 2026 4:43:06 PM de.learnlib.logging.LearnLogger logQuery
INFO: [ε | challenge_v1 success_request_with_credentials_v1 success_request_with_credentials_v1 challenge_v1 4_way_message_1 / ε | challenge_response_v1 success_response_v1 success_response_v1 challenge_response_v1 deauthentication]
Apr 02, 2026 4:43:09 PM de.learnlib.logging.LearnLogger logQuery
INFO: [ε | challenge_v1 success_request_with_credentials_v1 success_request_with_credentials_v1 success_request_with_credentials_v1 4_way_message_1 / ε | challenge_response_v1 success_response_v1 success_response_v1 success_response_v1 deauthentication]
Apr 02, 2026 4:43:11 PM de.learnlib.logging.LearnLogger logQuery
INFO: [ε | challenge_v1 success_request_with_credentials_v1 success_request_with_credentials_v1 inner_success 4_way_message_1 / ε | challenge_response_v1 success_response_v1 success_response_v1 empty_peap 4_way_message_2]
Apr 02, 2026 4:43:15 PM de.learnlib.logging.LearnLogger logQuery
INFO: [ε | challenge_v1 success_request_with_credentials_v1 inner_success eap_success challenge_v1 / ε | challenge_response_v1 success_response_v1 empty_peap after_eap_success no_reply]
Apr 02, 2026 4:43:18 PM de.learnlib.logging.LearnLogger logQuery
INFO: [ε | challenge_v1 success_request_with_credentials_v1 inner_success eap_success success_request_all_zeros_v1 / ε | challenge_response_v1 success_response_v1 empty_peap after_eap_success no_reply]
Apr 02, 2026 4:43:21 PM de.learnlib.logging.LearnLogger logQuery
INFO: [ε | challenge_v1 success_request_with_credentials_v1 inner_success eap_success inner_success / ε | challenge_response_v1 success_response_v1 empty_peap after_eap_success no_reply]
Apr 02, 2026 4:43:24 PM de.learnlib.logging.LearnLogger logQuery
INFO: [ε | challenge_v1 success_request_with_credentials_v1 inner_success eap_success inner_failure / ε | challenge_response_v1 success_response_v1 empty_peap after_eap_success no_reply]
Apr 02, 2026 4:43:28 PM de.learnlib.logging.LearnLogger logQuery
INFO: [ε | challenge_v1 success_request_with_credentials_v1 inner_success eap_success eap_success / ε | challenge_response_v1 success_response_v1 empty_peap after_eap_success after_eap_success]
Apr 02, 2026 4:43:31 PM de.learnlib.logging.LearnLogger logQuery
INFO: [ε | challenge_v1 success_request_with_credentials_v1 inner_success eap_success eap_success success_request_with_credentials_v1 / ε | challenge_response_v1 success_response_v1 empty_peap after_eap_success after_eap_success no_reply]
Apr 02, 2026 4:43:35 PM de.learnlib.logging.LearnLogger logQuery
INFO: [ε | challenge_v1 success_request_with_credentials_v1 inner_success eap_success eap_success id_request_v1 / ε | challenge_response_v1 success_response_v1 empty_peap after_eap_success after_eap_success no_reply]
Apr 02, 2026 4:43:38 PM de.learnlib.logging.LearnLogger logQuery
INFO: [ε | challenge_v1 success_request_with_credentials_v1 inner_success eap_success 4_way_message_1 / ε | challenge_response_v1 success_response_v1 empty_peap after_eap_success 4_way_message_2]
