Dec 12, 2025 4:41:16 PM de.learnlib.logging.LearnLogger logQuery
INFO: [ε | 4_way_message_1 4_way_message_1 / ε | no_reply -]
Dec 12, 2025 4:41:17 PM de.learnlib.logging.LearnLogger logQuery
INFO: [ε | 4_way_message_1 eap_success / ε | no_reply -]
Dec 12, 2025 4:41:18 PM de.learnlib.logging.LearnLogger logQuery
INFO: [ε | 4_way_message_1 cryptobinding / ε | no_reply -]
Dec 12, 2025 4:41:20 PM de.learnlib.logging.LearnLogger logQuery
INFO: [ε | 4_way_message_1 success_and_cryptobinding / ε | no_reply -]
Dec 12, 2025 4:41:21 PM de.learnlib.logging.LearnLogger logQuery
INFO: [ε | 4_way_message_1 success_request_with_credentials / ε | no_reply -]
Dec 12, 2025 4:41:23 PM de.learnlib.logging.LearnLogger logQuery
INFO: [ε | 4_way_message_1 success_request_all_zeros / ε | no_reply -]
Dec 12, 2025 4:41:24 PM de.learnlib.logging.LearnLogger logQuery
INFO: [ε | 4_way_message_1 tlv_failure / ε | no_reply -]
Dec 12, 2025 4:41:26 PM de.learnlib.logging.LearnLogger logQuery
INFO: [ε | 4_way_message_1 tlv_request / ε | no_reply -]
Dec 12, 2025 4:41:27 PM de.learnlib.logging.LearnLogger logQuery
INFO: [ε | 4_way_message_1 challenge_v0 / ε | no_reply -]
Dec 12, 2025 4:41:29 PM de.learnlib.logging.LearnLogger logQuery
INFO: [ε | 4_way_message_1 id_request_v0 / ε | no_reply -]
Dec 12, 2025 4:41:30 PM de.learnlib.logging.LearnLogger logQuery
INFO: [ε | eap_success 4_way_message_1 / ε | after_eap_success no_reply]
Dec 12, 2025 4:41:32 PM de.learnlib.logging.LearnLogger logQuery
INFO: [ε | eap_success eap_success / ε | after_eap_success after_eap_success]
Dec 12, 2025 4:41:34 PM de.learnlib.logging.LearnLogger logQuery
INFO: [ε | eap_success cryptobinding / ε | after_eap_success no_reply]
Dec 12, 2025 4:41:35 PM de.learnlib.logging.LearnLogger logQuery
INFO: [ε | eap_success success_and_cryptobinding / ε | after_eap_success no_reply]
Dec 12, 2025 4:41:37 PM de.learnlib.logging.LearnLogger logQuery
INFO: [ε | eap_success success_request_with_credentials / ε | after_eap_success no_reply]
Dec 12, 2025 4:41:39 PM de.learnlib.logging.LearnLogger logQuery
INFO: [ε | eap_success success_request_all_zeros / ε | after_eap_success no_reply]
Dec 12, 2025 4:41:41 PM de.learnlib.logging.LearnLogger logQuery
INFO: [ε | eap_success tlv_failure / ε | after_eap_success no_reply]
Dec 12, 2025 4:41:43 PM de.learnlib.logging.LearnLogger logQuery
INFO: [ε | eap_success tlv_request / ε | after_eap_success no_reply]
Dec 12, 2025 4:41:44 PM de.learnlib.logging.LearnLogger logQuery
INFO: [ε | eap_success challenge_v0 / ε | after_eap_success no_reply]
Dec 12, 2025 4:41:46 PM de.learnlib.logging.LearnLogger logQuery
INFO: [ε | eap_success id_request_v0 / ε | after_eap_success no_reply]
Dec 12, 2025 4:41:48 PM de.learnlib.logging.LearnLogger logQuery
INFO: [ε | cryptobinding 4_way_message_1 / ε | no_reply -]
Dec 12, 2025 4:41:49 PM de.learnlib.logging.LearnLogger logQuery
INFO: [ε | cryptobinding eap_success / ε | no_reply -]
Dec 12, 2025 4:41:50 PM de.learnlib.logging.LearnLogger logQuery
INFO: [ε | cryptobinding cryptobinding / ε | no_reply -]
Dec 12, 2025 4:41:52 PM de.learnlib.logging.LearnLogger logQuery
INFO: [ε | cryptobinding success_and_cryptobinding / ε | no_reply -]
Dec 12, 2025 4:41:53 PM de.learnlib.logging.LearnLogger logQuery
INFO: [ε | cryptobinding success_request_with_credentials / ε | no_reply -]
Dec 12, 2025 4:42:01 PM de.learnlib.logging.LearnLogger logQuery
INFO: [ε | cryptobinding success_request_all_zeros / ε | no_reply -]
Dec 12, 2025 4:42:02 PM de.learnlib.logging.LearnLogger logQuery
INFO: [ε | cryptobinding tlv_failure / ε | no_reply -]
Dec 12, 2025 4:42:04 PM de.learnlib.logging.LearnLogger logQuery
INFO: [ε | cryptobinding tlv_request / ε | no_reply -]
Dec 12, 2025 4:42:05 PM de.learnlib.logging.LearnLogger logQuery
INFO: [ε | cryptobinding challenge_v0 / ε | no_reply -]
Dec 12, 2025 4:42:06 PM de.learnlib.logging.LearnLogger logQuery
INFO: [ε | cryptobinding id_request_v0 / ε | no_reply -]
Dec 12, 2025 4:42:08 PM de.learnlib.logging.LearnLogger logQuery
INFO: [ε | success_and_cryptobinding 4_way_message_1 / ε | tlv_failure -]
Dec 12, 2025 4:42:09 PM de.learnlib.logging.LearnLogger logQuery
INFO: [ε | success_and_cryptobinding eap_success / ε | tlv_failure -]
Dec 12, 2025 4:42:10 PM de.learnlib.logging.LearnLogger logQuery
INFO: [ε | success_and_cryptobinding cryptobinding / ε | tlv_failure -]
Dec 12, 2025 4:42:11 PM de.learnlib.logging.LearnLogger logQuery
INFO: [ε | success_and_cryptobinding success_and_cryptobinding / ε | tlv_failure -]
Dec 12, 2025 4:42:13 PM de.learnlib.logging.LearnLogger logQuery
INFO: [ε | success_and_cryptobinding success_request_with_credentials / ε | tlv_failure -]
Dec 12, 2025 4:42:14 PM de.learnlib.logging.LearnLogger logQuery
INFO: [ε | success_and_cryptobinding success_request_all_zeros / ε | tlv_failure -]
Dec 12, 2025 4:42:15 PM de.learnlib.logging.LearnLogger logQuery
INFO: [ε | success_and_cryptobinding tlv_failure / ε | tlv_failure -]
Dec 12, 2025 4:42:16 PM de.learnlib.logging.LearnLogger logQuery
INFO: [ε | success_and_cryptobinding tlv_request / ε | tlv_failure -]
Dec 12, 2025 4:42:17 PM de.learnlib.logging.LearnLogger logQuery
INFO: [ε | success_and_cryptobinding challenge_v0 / ε | tlv_failure -]
Dec 12, 2025 4:42:18 PM de.learnlib.logging.LearnLogger logQuery
INFO: [ε | success_and_cryptobinding id_request_v0 / ε | tlv_failure -]
Dec 12, 2025 4:42:20 PM de.learnlib.logging.LearnLogger logQuery
INFO: [ε | success_request_with_credentials 4_way_message_1 / ε | no_reply -]
Dec 12, 2025 4:42:21 PM de.learnlib.logging.LearnLogger logQuery
INFO: [ε | success_request_with_credentials eap_success / ε | no_reply -]
Dec 12, 2025 4:42:23 PM de.learnlib.logging.LearnLogger logQuery
INFO: [ε | success_request_with_credentials cryptobinding / ε | no_reply -]
Dec 12, 2025 4:42:24 PM de.learnlib.logging.LearnLogger logQuery
INFO: [ε | success_request_with_credentials success_and_cryptobinding / ε | no_reply -]
Dec 12, 2025 4:42:26 PM de.learnlib.logging.LearnLogger logQuery
INFO: [ε | success_request_with_credentials success_request_with_credentials / ε | no_reply -]
Dec 12, 2025 4:42:27 PM de.learnlib.logging.LearnLogger logQuery
INFO: [ε | success_request_with_credentials success_request_all_zeros / ε | no_reply -]
Dec 12, 2025 4:42:29 PM de.learnlib.logging.LearnLogger logQuery
INFO: [ε | success_request_with_credentials tlv_failure / ε | no_reply -]
Dec 12, 2025 4:42:30 PM de.learnlib.logging.LearnLogger logQuery
INFO: [ε | success_request_with_credentials tlv_request / ε | no_reply -]
Dec 12, 2025 4:42:31 PM de.learnlib.logging.LearnLogger logQuery
INFO: [ε | success_request_with_credentials challenge_v0 / ε | no_reply -]
Dec 12, 2025 4:42:33 PM de.learnlib.logging.LearnLogger logQuery
INFO: [ε | success_request_with_credentials id_request_v0 / ε | no_reply -]
Dec 12, 2025 4:42:34 PM de.learnlib.logging.LearnLogger logQuery
INFO: [ε | success_request_all_zeros 4_way_message_1 / ε | no_reply -]
Dec 12, 2025 4:42:36 PM de.learnlib.logging.LearnLogger logQuery
INFO: [ε | success_request_all_zeros eap_success / ε | no_reply -]
Dec 12, 2025 4:42:37 PM de.learnlib.logging.LearnLogger logQuery
INFO: [ε | success_request_all_zeros cryptobinding / ε | no_reply -]
Dec 12, 2025 4:42:38 PM de.learnlib.logging.LearnLogger logQuery
INFO: [ε | success_request_all_zeros success_and_cryptobinding / ε | no_reply -]
Dec 12, 2025 4:42:40 PM de.learnlib.logging.LearnLogger logQuery
INFO: [ε | success_request_all_zeros success_request_with_credentials / ε | no_reply -]
Dec 12, 2025 4:42:41 PM de.learnlib.logging.LearnLogger logQuery
INFO: [ε | success_request_all_zeros success_request_all_zeros / ε | no_reply -]
Dec 12, 2025 4:42:43 PM de.learnlib.logging.LearnLogger logQuery
INFO: [ε | success_request_all_zeros tlv_failure / ε | no_reply -]
Dec 12, 2025 4:42:44 PM de.learnlib.logging.LearnLogger logQuery
INFO: [ε | success_request_all_zeros tlv_request / ε | no_reply -]
Dec 12, 2025 4:42:45 PM de.learnlib.logging.LearnLogger logQuery
INFO: [ε | success_request_all_zeros challenge_v0 / ε | no_reply -]
Dec 12, 2025 4:42:47 PM de.learnlib.logging.LearnLogger logQuery
INFO: [ε | success_request_all_zeros id_request_v0 / ε | no_reply -]
Dec 12, 2025 4:42:48 PM de.learnlib.logging.LearnLogger logQuery
INFO: [ε | tlv_failure 4_way_message_1 / ε | tlv_failure -]
Dec 12, 2025 4:42:49 PM de.learnlib.logging.LearnLogger logQuery
INFO: [ε | tlv_failure eap_success / ε | tlv_failure -]
Dec 12, 2025 4:42:51 PM de.learnlib.logging.LearnLogger logQuery
INFO: [ε | tlv_failure cryptobinding / ε | tlv_failure -]
Dec 12, 2025 4:42:52 PM de.learnlib.logging.LearnLogger logQuery
INFO: [ε | tlv_failure success_and_cryptobinding / ε | tlv_failure -]
Dec 12, 2025 4:42:53 PM de.learnlib.logging.LearnLogger logQuery
INFO: [ε | tlv_failure success_request_with_credentials / ε | tlv_failure -]
Dec 12, 2025 4:42:54 PM de.learnlib.logging.LearnLogger logQuery
INFO: [ε | tlv_failure success_request_all_zeros / ε | tlv_failure -]
Dec 12, 2025 4:42:55 PM de.learnlib.logging.LearnLogger logQuery
INFO: [ε | tlv_failure tlv_failure / ε | tlv_failure -]
Dec 12, 2025 4:42:57 PM de.learnlib.logging.LearnLogger logQuery
INFO: [ε | tlv_failure tlv_request / ε | tlv_failure -]
Dec 12, 2025 4:42:58 PM de.learnlib.logging.LearnLogger logQuery
INFO: [ε | tlv_failure challenge_v0 / ε | tlv_failure -]
Dec 12, 2025 4:42:59 PM de.learnlib.logging.LearnLogger logQuery
INFO: [ε | tlv_failure id_request_v0 / ε | tlv_failure -]
Dec 12, 2025 4:43:00 PM de.learnlib.logging.LearnLogger logQuery
INFO: [ε | tlv_request 4_way_message_1 / ε | tlv_failure -]
Dec 12, 2025 4:43:02 PM de.learnlib.logging.LearnLogger logQuery
INFO: [ε | tlv_request eap_success / ε | tlv_failure -]
Dec 12, 2025 4:43:03 PM de.learnlib.logging.LearnLogger logQuery
INFO: [ε | tlv_request cryptobinding / ε | tlv_failure -]
Dec 12, 2025 4:43:04 PM de.learnlib.logging.LearnLogger logQuery
INFO: [ε | tlv_request success_and_cryptobinding / ε | tlv_failure -]
Dec 12, 2025 4:43:05 PM de.learnlib.logging.LearnLogger logQuery
INFO: [ε | tlv_request success_request_with_credentials / ε | tlv_failure -]
Dec 12, 2025 4:43:06 PM de.learnlib.logging.LearnLogger logQuery
INFO: [ε | tlv_request success_request_all_zeros / ε | tlv_failure -]
Dec 12, 2025 4:43:08 PM de.learnlib.logging.LearnLogger logQuery
INFO: [ε | tlv_request tlv_failure / ε | tlv_failure -]
Dec 12, 2025 4:43:09 PM de.learnlib.logging.LearnLogger logQuery
INFO: [ε | tlv_request tlv_request / ε | tlv_failure -]
Dec 12, 2025 4:43:10 PM de.learnlib.logging.LearnLogger logQuery
INFO: [ε | tlv_request challenge_v0 / ε | tlv_failure -]
Dec 12, 2025 4:43:11 PM de.learnlib.logging.LearnLogger logQuery
INFO: [ε | tlv_request id_request_v0 / ε | tlv_failure -]
Dec 12, 2025 4:43:13 PM de.learnlib.logging.LearnLogger logQuery
INFO: [ε | challenge_v0 4_way_message_1 / ε | no_reply -]
Dec 12, 2025 4:43:14 PM de.learnlib.logging.LearnLogger logQuery
INFO: [ε | challenge_v0 eap_success / ε | no_reply -]
Dec 12, 2025 4:43:15 PM de.learnlib.logging.LearnLogger logQuery
INFO: [ε | challenge_v0 cryptobinding / ε | no_reply -]
Dec 12, 2025 4:43:17 PM de.learnlib.logging.LearnLogger logQuery
INFO: [ε | challenge_v0 success_and_cryptobinding / ε | no_reply -]
Dec 12, 2025 4:43:18 PM de.learnlib.logging.LearnLogger logQuery
INFO: [ε | challenge_v0 success_request_with_credentials / ε | no_reply -]
Dec 12, 2025 4:43:20 PM de.learnlib.logging.LearnLogger logQuery
INFO: [ε | challenge_v0 success_request_all_zeros / ε | no_reply -]
Dec 12, 2025 4:43:21 PM de.learnlib.logging.LearnLogger logQuery
INFO: [ε | challenge_v0 tlv_failure / ε | no_reply -]
Dec 12, 2025 4:43:22 PM de.learnlib.logging.LearnLogger logQuery
INFO: [ε | challenge_v0 tlv_request / ε | no_reply -]
Dec 12, 2025 4:43:24 PM de.learnlib.logging.LearnLogger logQuery
INFO: [ε | challenge_v0 challenge_v0 / ε | no_reply -]
Dec 12, 2025 4:43:25 PM de.learnlib.logging.LearnLogger logQuery
INFO: [ε | challenge_v0 id_request_v0 / ε | no_reply -]
Dec 12, 2025 4:43:27 PM de.learnlib.logging.LearnLogger logQuery
INFO: [ε | id_request_v0 4_way_message_1 / ε | id_response_v0 no_reply]
Dec 12, 2025 4:43:28 PM de.learnlib.logging.LearnLogger logQuery
INFO: [ε | id_request_v0 eap_success / ε | id_response_v0 after_eap_success]
Dec 12, 2025 4:43:30 PM de.learnlib.logging.LearnLogger logQuery
INFO: [ε | id_request_v0 cryptobinding / ε | id_response_v0 no_reply]
Dec 12, 2025 4:43:31 PM de.learnlib.logging.LearnLogger logQuery
INFO: [ε | id_request_v0 success_and_cryptobinding / ε | id_response_v0 tlv_failure]
Dec 12, 2025 4:43:33 PM de.learnlib.logging.LearnLogger logQuery
INFO: [ε | id_request_v0 success_request_with_credentials / ε | id_response_v0 no_reply]
Dec 12, 2025 4:43:34 PM de.learnlib.logging.LearnLogger logQuery
INFO: [ε | id_request_v0 success_request_all_zeros / ε | id_response_v0 no_reply]
Dec 12, 2025 4:43:36 PM de.learnlib.logging.LearnLogger logQuery
INFO: [ε | id_request_v0 tlv_failure / ε | id_response_v0 tlv_failure]
Dec 12, 2025 4:43:37 PM de.learnlib.logging.LearnLogger logQuery
INFO: [ε | id_request_v0 tlv_request / ε | id_response_v0 tlv_failure]
Dec 12, 2025 4:43:38 PM de.learnlib.logging.LearnLogger logQuery
INFO: [ε | id_request_v0 challenge_v0 / ε | id_response_v0 challenge_response_v0]
Dec 12, 2025 4:43:40 PM de.learnlib.logging.LearnLogger logQuery
INFO: [ε | id_request_v0 id_request_v0 / ε | id_response_v0 nak]
Dec 12, 2025 4:43:40 PM de.learnlib.logging.LearnLogger logQuery
INFO: DB CACHE [ε | eap_success 4_way_message_1 4_way_message_1 /  after_eap_success no_reply -]
Dec 12, 2025 4:43:40 PM de.learnlib.logging.LearnLogger logQuery
INFO: DB CACHE [ε | eap_success 4_way_message_1 eap_success /  after_eap_success no_reply -]
Dec 12, 2025 4:43:40 PM de.learnlib.logging.LearnLogger logQuery
INFO: DB CACHE [ε | eap_success 4_way_message_1 cryptobinding /  after_eap_success no_reply -]
Dec 12, 2025 4:43:40 PM de.learnlib.logging.LearnLogger logQuery
INFO: DB CACHE [ε | eap_success 4_way_message_1 success_and_cryptobinding /  after_eap_success no_reply -]
Dec 12, 2025 4:43:40 PM de.learnlib.logging.LearnLogger logQuery
INFO: DB CACHE [ε | eap_success 4_way_message_1 success_request_with_credentials /  after_eap_success no_reply -]
Dec 12, 2025 4:43:40 PM de.learnlib.logging.LearnLogger logQuery
INFO: DB CACHE [ε | eap_success 4_way_message_1 success_request_all_zeros /  after_eap_success no_reply -]
Dec 12, 2025 4:43:40 PM de.learnlib.logging.LearnLogger logQuery
INFO: DB CACHE [ε | eap_success 4_way_message_1 tlv_failure /  after_eap_success no_reply -]
Dec 12, 2025 4:43:40 PM de.learnlib.logging.LearnLogger logQuery
INFO: DB CACHE [ε | eap_success 4_way_message_1 tlv_request /  after_eap_success no_reply -]
Dec 12, 2025 4:43:40 PM de.learnlib.logging.LearnLogger logQuery
INFO: DB CACHE [ε | eap_success 4_way_message_1 challenge_v0 /  after_eap_success no_reply -]
Dec 12, 2025 4:43:40 PM de.learnlib.logging.LearnLogger logQuery
INFO: DB CACHE [ε | eap_success 4_way_message_1 id_request_v0 /  after_eap_success no_reply -]
Dec 12, 2025 4:43:42 PM de.learnlib.logging.LearnLogger logQuery
INFO: [ε | eap_success eap_success 4_way_message_1 / ε | after_eap_success after_eap_success no_reply]
Dec 12, 2025 4:43:44 PM de.learnlib.logging.LearnLogger logQuery
INFO: [ε | eap_success eap_success eap_success / ε | after_eap_success after_eap_success after_eap_success]
Dec 12, 2025 4:43:45 PM de.learnlib.logging.LearnLogger logQuery
INFO: [ε | eap_success eap_success cryptobinding / ε | after_eap_success after_eap_success no_reply]
Dec 12, 2025 4:43:47 PM de.learnlib.logging.LearnLogger logQuery
INFO: [ε | eap_success eap_success success_and_cryptobinding / ε | after_eap_success after_eap_success no_reply]
Dec 12, 2025 4:43:50 PM de.learnlib.logging.LearnLogger logQuery
INFO: [ε | eap_success eap_success success_request_with_credentials / ε | after_eap_success after_eap_success no_reply]
Dec 12, 2025 4:43:51 PM de.learnlib.logging.LearnLogger logQuery
INFO: [ε | eap_success eap_success success_request_all_zeros / ε | after_eap_success after_eap_success no_reply]
Dec 12, 2025 4:43:53 PM de.learnlib.logging.LearnLogger logQuery
INFO: [ε | eap_success eap_success tlv_failure / ε | after_eap_success after_eap_success no_reply]
Dec 12, 2025 4:43:55 PM de.learnlib.logging.LearnLogger logQuery
INFO: [ε | eap_success eap_success tlv_request / ε | after_eap_success after_eap_success no_reply]
Dec 12, 2025 4:43:57 PM de.learnlib.logging.LearnLogger logQuery
INFO: [ε | eap_success eap_success challenge_v0 / ε | after_eap_success after_eap_success no_reply]
Dec 12, 2025 4:43:59 PM de.learnlib.logging.LearnLogger logQuery
INFO: [ε | eap_success eap_success id_request_v0 / ε | after_eap_success after_eap_success no_reply]
Dec 12, 2025 4:44:00 PM de.learnlib.logging.LearnLogger logQuery
INFO: DB CACHE [ε | eap_success cryptobinding 4_way_message_1 /  after_eap_success no_reply -]
Dec 12, 2025 4:44:00 PM de.learnlib.logging.LearnLogger logQuery
INFO: DB CACHE [ε | eap_success cryptobinding eap_success /  after_eap_success no_reply -]
Dec 12, 2025 4:44:00 PM de.learnlib.logging.LearnLogger logQuery
INFO: DB CACHE [ε | eap_success cryptobinding cryptobinding /  after_eap_success no_reply -]
Dec 12, 2025 4:44:00 PM de.learnlib.logging.LearnLogger logQuery
INFO: DB CACHE [ε | eap_success cryptobinding success_and_cryptobinding /  after_eap_success no_reply -]
Dec 12, 2025 4:44:00 PM de.learnlib.logging.LearnLogger logQuery
INFO: DB CACHE [ε | eap_success cryptobinding success_request_with_credentials /  after_eap_success no_reply -]
Dec 12, 2025 4:44:00 PM de.learnlib.logging.LearnLogger logQuery
INFO: DB CACHE [ε | eap_success cryptobinding success_request_all_zeros /  after_eap_success no_reply -]
Dec 12, 2025 4:44:00 PM de.learnlib.logging.LearnLogger logQuery
INFO: DB CACHE [ε | eap_success cryptobinding tlv_failure /  after_eap_success no_reply -]
Dec 12, 2025 4:44:00 PM de.learnlib.logging.LearnLogger logQuery
INFO: DB CACHE [ε | eap_success cryptobinding tlv_request /  after_eap_success no_reply -]
Dec 12, 2025 4:44:00 PM de.learnlib.logging.LearnLogger logQuery
INFO: DB CACHE [ε | eap_success cryptobinding challenge_v0 /  after_eap_success no_reply -]
Dec 12, 2025 4:44:00 PM de.learnlib.logging.LearnLogger logQuery
INFO: DB CACHE [ε | eap_success cryptobinding id_request_v0 /  after_eap_success no_reply -]
Dec 12, 2025 4:44:00 PM de.learnlib.logging.LearnLogger logQuery
INFO: DB CACHE [ε | eap_success success_and_cryptobinding 4_way_message_1 /  after_eap_success no_reply -]
Dec 12, 2025 4:44:00 PM de.learnlib.logging.LearnLogger logQuery
INFO: DB CACHE [ε | eap_success success_and_cryptobinding eap_success /  after_eap_success no_reply -]
Dec 12, 2025 4:44:00 PM de.learnlib.logging.LearnLogger logQuery
INFO: DB CACHE [ε | eap_success success_and_cryptobinding cryptobinding /  after_eap_success no_reply -]
Dec 12, 2025 4:44:00 PM de.learnlib.logging.LearnLogger logQuery
INFO: DB CACHE [ε | eap_success success_and_cryptobinding success_and_cryptobinding /  after_eap_success no_reply -]
Dec 12, 2025 4:44:00 PM de.learnlib.logging.LearnLogger logQuery
INFO: DB CACHE [ε | eap_success success_and_cryptobinding success_request_with_credentials /  after_eap_success no_reply -]
Dec 12, 2025 4:44:00 PM de.learnlib.logging.LearnLogger logQuery
INFO: DB CACHE [ε | eap_success success_and_cryptobinding success_request_all_zeros /  after_eap_success no_reply -]
Dec 12, 2025 4:44:00 PM de.learnlib.logging.LearnLogger logQuery
INFO: DB CACHE [ε | eap_success success_and_cryptobinding tlv_failure /  after_eap_success no_reply -]
Dec 12, 2025 4:44:00 PM de.learnlib.logging.LearnLogger logQuery
INFO: DB CACHE [ε | eap_success success_and_cryptobinding tlv_request /  after_eap_success no_reply -]
Dec 12, 2025 4:44:00 PM de.learnlib.logging.LearnLogger logQuery
INFO: DB CACHE [ε | eap_success success_and_cryptobinding challenge_v0 /  after_eap_success no_reply -]
Dec 12, 2025 4:44:00 PM de.learnlib.logging.LearnLogger logQuery
INFO: DB CACHE [ε | eap_success success_and_cryptobinding id_request_v0 /  after_eap_success no_reply -]
Dec 12, 2025 4:44:00 PM de.learnlib.logging.LearnLogger logQuery
INFO: DB CACHE [ε | eap_success success_request_with_credentials 4_way_message_1 /  after_eap_success no_reply -]
Dec 12, 2025 4:44:00 PM de.learnlib.logging.LearnLogger logQuery
INFO: DB CACHE [ε | eap_success success_request_with_credentials eap_success /  after_eap_success no_reply -]
Dec 12, 2025 4:44:00 PM de.learnlib.logging.LearnLogger logQuery
INFO: DB CACHE [ε | eap_success success_request_with_credentials cryptobinding /  after_eap_success no_reply -]
Dec 12, 2025 4:44:00 PM de.learnlib.logging.LearnLogger logQuery
INFO: DB CACHE [ε | eap_success success_request_with_credentials success_and_cryptobinding /  after_eap_success no_reply -]
Dec 12, 2025 4:44:00 PM de.learnlib.logging.LearnLogger logQuery
INFO: DB CACHE [ε | eap_success success_request_with_credentials success_request_with_credentials /  after_eap_success no_reply -]
Dec 12, 2025 4:44:00 PM de.learnlib.logging.LearnLogger logQuery
INFO: DB CACHE [ε | eap_success success_request_with_credentials success_request_all_zeros /  after_eap_success no_reply -]
Dec 12, 2025 4:44:00 PM de.learnlib.logging.LearnLogger logQuery
INFO: DB CACHE [ε | eap_success success_request_with_credentials tlv_failure /  after_eap_success no_reply -]
Dec 12, 2025 4:44:00 PM de.learnlib.logging.LearnLogger logQuery
INFO: DB CACHE [ε | eap_success success_request_with_credentials tlv_request /  after_eap_success no_reply -]
Dec 12, 2025 4:44:00 PM de.learnlib.logging.LearnLogger logQuery
INFO: DB CACHE [ε | eap_success success_request_with_credentials challenge_v0 /  after_eap_success no_reply -]
Dec 12, 2025 4:44:00 PM de.learnlib.logging.LearnLogger logQuery
INFO: DB CACHE [ε | eap_success success_request_with_credentials id_request_v0 /  after_eap_success no_reply -]
Dec 12, 2025 4:44:00 PM de.learnlib.logging.LearnLogger logQuery
INFO: DB CACHE [ε | eap_success success_request_all_zeros 4_way_message_1 /  after_eap_success no_reply -]
Dec 12, 2025 4:44:00 PM de.learnlib.logging.LearnLogger logQuery
INFO: DB CACHE [ε | eap_success success_request_all_zeros eap_success /  after_eap_success no_reply -]
Dec 12, 2025 4:44:00 PM de.learnlib.logging.LearnLogger logQuery
INFO: DB CACHE [ε | eap_success success_request_all_zeros cryptobinding /  after_eap_success no_reply -]
Dec 12, 2025 4:44:00 PM de.learnlib.logging.LearnLogger logQuery
INFO: DB CACHE [ε | eap_success success_request_all_zeros success_and_cryptobinding /  after_eap_success no_reply -]
Dec 12, 2025 4:44:00 PM de.learnlib.logging.LearnLogger logQuery
INFO: DB CACHE [ε | eap_success success_request_all_zeros success_request_with_credentials /  after_eap_success no_reply -]
Dec 12, 2025 4:44:00 PM de.learnlib.logging.LearnLogger logQuery
INFO: DB CACHE [ε | eap_success success_request_all_zeros success_request_all_zeros /  after_eap_success no_reply -]
Dec 12, 2025 4:44:00 PM de.learnlib.logging.LearnLogger logQuery
INFO: DB CACHE [ε | eap_success success_request_all_zeros tlv_failure /  after_eap_success no_reply -]
Dec 12, 2025 4:44:00 PM de.learnlib.logging.LearnLogger logQuery
INFO: DB CACHE [ε | eap_success success_request_all_zeros tlv_request /  after_eap_success no_reply -]
Dec 12, 2025 4:44:00 PM de.learnlib.logging.LearnLogger logQuery
INFO: DB CACHE [ε | eap_success success_request_all_zeros challenge_v0 /  after_eap_success no_reply -]
Dec 12, 2025 4:44:00 PM de.learnlib.logging.LearnLogger logQuery
INFO: DB CACHE [ε | eap_success success_request_all_zeros id_request_v0 /  after_eap_success no_reply -]
Dec 12, 2025 4:44:00 PM de.learnlib.logging.LearnLogger logQuery
INFO: DB CACHE [ε | eap_success tlv_failure 4_way_message_1 /  after_eap_success no_reply -]
Dec 12, 2025 4:44:00 PM de.learnlib.logging.LearnLogger logQuery
INFO: DB CACHE [ε | eap_success tlv_failure eap_success /  after_eap_success no_reply -]
Dec 12, 2025 4:44:00 PM de.learnlib.logging.LearnLogger logQuery
INFO: DB CACHE [ε | eap_success tlv_failure cryptobinding /  after_eap_success no_reply -]
Dec 12, 2025 4:44:00 PM de.learnlib.logging.LearnLogger logQuery
INFO: DB CACHE [ε | eap_success tlv_failure success_and_cryptobinding /  after_eap_success no_reply -]
Dec 12, 2025 4:44:00 PM de.learnlib.logging.LearnLogger logQuery
INFO: DB CACHE [ε | eap_success tlv_failure success_request_with_credentials /  after_eap_success no_reply -]
Dec 12, 2025 4:44:00 PM de.learnlib.logging.LearnLogger logQuery
INFO: DB CACHE [ε | eap_success tlv_failure success_request_all_zeros /  after_eap_success no_reply -]
Dec 12, 2025 4:44:00 PM de.learnlib.logging.LearnLogger logQuery
INFO: DB CACHE [ε | eap_success tlv_failure tlv_failure /  after_eap_success no_reply -]
Dec 12, 2025 4:44:00 PM de.learnlib.logging.LearnLogger logQuery
INFO: DB CACHE [ε | eap_success tlv_failure tlv_request /  after_eap_success no_reply -]
Dec 12, 2025 4:44:00 PM de.learnlib.logging.LearnLogger logQuery
INFO: DB CACHE [ε | eap_success tlv_failure challenge_v0 /  after_eap_success no_reply -]
Dec 12, 2025 4:44:00 PM de.learnlib.logging.LearnLogger logQuery
INFO: DB CACHE [ε | eap_success tlv_failure id_request_v0 /  after_eap_success no_reply -]
Dec 12, 2025 4:44:00 PM de.learnlib.logging.LearnLogger logQuery
INFO: DB CACHE [ε | eap_success tlv_request 4_way_message_1 /  after_eap_success no_reply -]
Dec 12, 2025 4:44:00 PM de.learnlib.logging.LearnLogger logQuery
INFO: DB CACHE [ε | eap_success tlv_request eap_success /  after_eap_success no_reply -]
Dec 12, 2025 4:44:00 PM de.learnlib.logging.LearnLogger logQuery
INFO: DB CACHE [ε | eap_success tlv_request cryptobinding /  after_eap_success no_reply -]
Dec 12, 2025 4:44:00 PM de.learnlib.logging.LearnLogger logQuery
INFO: DB CACHE [ε | eap_success tlv_request success_and_cryptobinding /  after_eap_success no_reply -]
Dec 12, 2025 4:44:00 PM de.learnlib.logging.LearnLogger logQuery
INFO: DB CACHE [ε | eap_success tlv_request success_request_with_credentials /  after_eap_success no_reply -]
Dec 12, 2025 4:44:00 PM de.learnlib.logging.LearnLogger logQuery
INFO: DB CACHE [ε | eap_success tlv_request success_request_all_zeros /  after_eap_success no_reply -]
Dec 12, 2025 4:44:00 PM de.learnlib.logging.LearnLogger logQuery
INFO: DB CACHE [ε | eap_success tlv_request tlv_failure /  after_eap_success no_reply -]
Dec 12, 2025 4:44:00 PM de.learnlib.logging.LearnLogger logQuery
INFO: DB CACHE [ε | eap_success tlv_request tlv_request /  after_eap_success no_reply -]
Dec 12, 2025 4:44:00 PM de.learnlib.logging.LearnLogger logQuery
INFO: DB CACHE [ε | eap_success tlv_request challenge_v0 /  after_eap_success no_reply -]
Dec 12, 2025 4:44:00 PM de.learnlib.logging.LearnLogger logQuery
INFO: DB CACHE [ε | eap_success tlv_request id_request_v0 /  after_eap_success no_reply -]
Dec 12, 2025 4:44:00 PM de.learnlib.logging.LearnLogger logQuery
INFO: DB CACHE [ε | eap_success challenge_v0 4_way_message_1 /  after_eap_success no_reply -]
Dec 12, 2025 4:44:00 PM de.learnlib.logging.LearnLogger logQuery
INFO: DB CACHE [ε | eap_success challenge_v0 eap_success /  after_eap_success no_reply -]
Dec 12, 2025 4:44:00 PM de.learnlib.logging.LearnLogger logQuery
INFO: DB CACHE [ε | eap_success challenge_v0 cryptobinding /  after_eap_success no_reply -]
Dec 12, 2025 4:44:00 PM de.learnlib.logging.LearnLogger logQuery
INFO: DB CACHE [ε | eap_success challenge_v0 success_and_cryptobinding /  after_eap_success no_reply -]
Dec 12, 2025 4:44:00 PM de.learnlib.logging.LearnLogger logQuery
INFO: DB CACHE [ε | eap_success challenge_v0 success_request_with_credentials /  after_eap_success no_reply -]
Dec 12, 2025 4:44:00 PM de.learnlib.logging.LearnLogger logQuery
INFO: DB CACHE [ε | eap_success challenge_v0 success_request_all_zeros /  after_eap_success no_reply -]
Dec 12, 2025 4:44:00 PM de.learnlib.logging.LearnLogger logQuery
INFO: DB CACHE [ε | eap_success challenge_v0 tlv_failure /  after_eap_success no_reply -]
Dec 12, 2025 4:44:00 PM de.learnlib.logging.LearnLogger logQuery
INFO: DB CACHE [ε | eap_success challenge_v0 tlv_request /  after_eap_success no_reply -]
Dec 12, 2025 4:44:00 PM de.learnlib.logging.LearnLogger logQuery
INFO: DB CACHE [ε | eap_success challenge_v0 challenge_v0 /  after_eap_success no_reply -]
Dec 12, 2025 4:44:00 PM de.learnlib.logging.LearnLogger logQuery
INFO: DB CACHE [ε | eap_success challenge_v0 id_request_v0 /  after_eap_success no_reply -]
Dec 12, 2025 4:44:00 PM de.learnlib.logging.LearnLogger logQuery
INFO: DB CACHE [ε | eap_success id_request_v0 4_way_message_1 /  after_eap_success no_reply -]
Dec 12, 2025 4:44:00 PM de.learnlib.logging.LearnLogger logQuery
INFO: DB CACHE [ε | eap_success id_request_v0 eap_success /  after_eap_success no_reply -]
Dec 12, 2025 4:44:00 PM de.learnlib.logging.LearnLogger logQuery
INFO: DB CACHE [ε | eap_success id_request_v0 cryptobinding /  after_eap_success no_reply -]
Dec 12, 2025 4:44:00 PM de.learnlib.logging.LearnLogger logQuery
INFO: DB CACHE [ε | eap_success id_request_v0 success_and_cryptobinding /  after_eap_success no_reply -]
Dec 12, 2025 4:44:00 PM de.learnlib.logging.LearnLogger logQuery
INFO: DB CACHE [ε | eap_success id_request_v0 success_request_with_credentials /  after_eap_success no_reply -]
Dec 12, 2025 4:44:00 PM de.learnlib.logging.LearnLogger logQuery
INFO: DB CACHE [ε | eap_success id_request_v0 success_request_all_zeros /  after_eap_success no_reply -]
Dec 12, 2025 4:44:00 PM de.learnlib.logging.LearnLogger logQuery
INFO: DB CACHE [ε | eap_success id_request_v0 tlv_failure /  after_eap_success no_reply -]
Dec 12, 2025 4:44:00 PM de.learnlib.logging.LearnLogger logQuery
INFO: DB CACHE [ε | eap_success id_request_v0 tlv_request /  after_eap_success no_reply -]
Dec 12, 2025 4:44:00 PM de.learnlib.logging.LearnLogger logQuery
INFO: DB CACHE [ε | eap_success id_request_v0 challenge_v0 /  after_eap_success no_reply -]
Dec 12, 2025 4:44:00 PM de.learnlib.logging.LearnLogger logQuery
INFO: DB CACHE [ε | eap_success id_request_v0 id_request_v0 /  after_eap_success no_reply -]
Dec 12, 2025 4:44:00 PM de.learnlib.logging.LearnLogger logQuery
INFO: DISABLED [ε | challenge_v0 4_way_message_1 4_way_message_1 /  no_reply - -]
Dec 12, 2025 4:44:00 PM de.learnlib.logging.LearnLogger logQuery
INFO: DISABLED [ε | challenge_v0 4_way_message_1 eap_success /  no_reply - -]
Dec 12, 2025 4:44:00 PM de.learnlib.logging.LearnLogger logQuery
INFO: DISABLED [ε | challenge_v0 4_way_message_1 cryptobinding /  no_reply - -]
Dec 12, 2025 4:44:00 PM de.learnlib.logging.LearnLogger logQuery
INFO: DISABLED [ε | challenge_v0 4_way_message_1 success_and_cryptobinding /  no_reply - -]
Dec 12, 2025 4:44:00 PM de.learnlib.logging.LearnLogger logQuery
INFO: DISABLED [ε | challenge_v0 4_way_message_1 success_request_with_credentials /  no_reply - -]
Dec 12, 2025 4:44:00 PM de.learnlib.logging.LearnLogger logQuery
INFO: DISABLED [ε | challenge_v0 4_way_message_1 success_request_all_zeros /  no_reply - -]
Dec 12, 2025 4:44:00 PM de.learnlib.logging.LearnLogger logQuery
INFO: DISABLED [ε | challenge_v0 4_way_message_1 tlv_failure /  no_reply - -]
Dec 12, 2025 4:44:00 PM de.learnlib.logging.LearnLogger logQuery
INFO: DISABLED [ε | challenge_v0 4_way_message_1 tlv_request /  no_reply - -]
Dec 12, 2025 4:44:00 PM de.learnlib.logging.LearnLogger logQuery
INFO: DISABLED [ε | challenge_v0 4_way_message_1 challenge_v0 /  no_reply - -]
Dec 12, 2025 4:44:00 PM de.learnlib.logging.LearnLogger logQuery
INFO: DISABLED [ε | challenge_v0 4_way_message_1 id_request_v0 /  no_reply - -]
Dec 12, 2025 4:44:00 PM de.learnlib.logging.LearnLogger logQuery
INFO: DISABLED [ε | challenge_v0 eap_success 4_way_message_1 /  no_reply - -]
Dec 12, 2025 4:44:00 PM de.learnlib.logging.LearnLogger logQuery
INFO: DISABLED [ε | challenge_v0 eap_success eap_success /  no_reply - -]
Dec 12, 2025 4:44:00 PM de.learnlib.logging.LearnLogger logQuery
INFO: DISABLED [ε | challenge_v0 eap_success cryptobinding /  no_reply - -]
Dec 12, 2025 4:44:00 PM de.learnlib.logging.LearnLogger logQuery
INFO: DISABLED [ε | challenge_v0 eap_success success_and_cryptobinding /  no_reply - -]
Dec 12, 2025 4:44:00 PM de.learnlib.logging.LearnLogger logQuery
INFO: DISABLED [ε | challenge_v0 eap_success success_request_with_credentials /  no_reply - -]
Dec 12, 2025 4:44:00 PM de.learnlib.logging.LearnLogger logQuery
INFO: DISABLED [ε | challenge_v0 eap_success success_request_all_zeros /  no_reply - -]
Dec 12, 2025 4:44:00 PM de.learnlib.logging.LearnLogger logQuery
INFO: DISABLED [ε | challenge_v0 eap_success tlv_failure /  no_reply - -]
Dec 12, 2025 4:44:00 PM de.learnlib.logging.LearnLogger logQuery
INFO: DISABLED [ε | challenge_v0 eap_success tlv_request /  no_reply - -]
Dec 12, 2025 4:44:00 PM de.learnlib.logging.LearnLogger logQuery
INFO: DISABLED [ε | challenge_v0 eap_success challenge_v0 /  no_reply - -]
Dec 12, 2025 4:44:00 PM de.learnlib.logging.LearnLogger logQuery
INFO: DISABLED [ε | challenge_v0 eap_success id_request_v0 /  no_reply - -]
Dec 12, 2025 4:44:00 PM de.learnlib.logging.LearnLogger logQuery
INFO: DISABLED [ε | challenge_v0 cryptobinding 4_way_message_1 /  no_reply - -]
Dec 12, 2025 4:44:00 PM de.learnlib.logging.LearnLogger logQuery
INFO: DISABLED [ε | challenge_v0 cryptobinding eap_success /  no_reply - -]
Dec 12, 2025 4:44:00 PM de.learnlib.logging.LearnLogger logQuery
INFO: DISABLED [ε | challenge_v0 cryptobinding cryptobinding /  no_reply - -]
Dec 12, 2025 4:44:00 PM de.learnlib.logging.LearnLogger logQuery
INFO: DISABLED [ε | challenge_v0 cryptobinding success_and_cryptobinding /  no_reply - -]
Dec 12, 2025 4:44:00 PM de.learnlib.logging.LearnLogger logQuery
INFO: DISABLED [ε | challenge_v0 cryptobinding success_request_with_credentials /  no_reply - -]
Dec 12, 2025 4:44:00 PM de.learnlib.logging.LearnLogger logQuery
INFO: DISABLED [ε | challenge_v0 cryptobinding success_request_all_zeros /  no_reply - -]
Dec 12, 2025 4:44:00 PM de.learnlib.logging.LearnLogger logQuery
INFO: DISABLED [ε | challenge_v0 cryptobinding tlv_failure /  no_reply - -]
Dec 12, 2025 4:44:00 PM de.learnlib.logging.LearnLogger logQuery
INFO: DISABLED [ε | challenge_v0 cryptobinding tlv_request /  no_reply - -]
Dec 12, 2025 4:44:00 PM de.learnlib.logging.LearnLogger logQuery
INFO: DISABLED [ε | challenge_v0 cryptobinding challenge_v0 /  no_reply - -]
Dec 12, 2025 4:44:00 PM de.learnlib.logging.LearnLogger logQuery
INFO: DISABLED [ε | challenge_v0 cryptobinding id_request_v0 /  no_reply - -]
Dec 12, 2025 4:44:00 PM de.learnlib.logging.LearnLogger logQuery
INFO: DISABLED [ε | challenge_v0 success_and_cryptobinding 4_way_message_1 /  no_reply - -]
Dec 12, 2025 4:44:00 PM de.learnlib.logging.LearnLogger logQuery
INFO: DISABLED [ε | challenge_v0 success_and_cryptobinding eap_success /  no_reply - -]
Dec 12, 2025 4:44:00 PM de.learnlib.logging.LearnLogger logQuery
INFO: DISABLED [ε | challenge_v0 success_and_cryptobinding cryptobinding /  no_reply - -]
Dec 12, 2025 4:44:00 PM de.learnlib.logging.LearnLogger logQuery
INFO: DISABLED [ε | challenge_v0 success_and_cryptobinding success_and_cryptobinding /  no_reply - -]
Dec 12, 2025 4:44:00 PM de.learnlib.logging.LearnLogger logQuery
INFO: DISABLED [ε | challenge_v0 success_and_cryptobinding success_request_with_credentials /  no_reply - -]
Dec 12, 2025 4:44:00 PM de.learnlib.logging.LearnLogger logQuery
INFO: DISABLED [ε | challenge_v0 success_and_cryptobinding success_request_all_zeros /  no_reply - -]
Dec 12, 2025 4:44:00 PM de.learnlib.logging.LearnLogger logQuery
INFO: DISABLED [ε | challenge_v0 success_and_cryptobinding tlv_failure /  no_reply - -]
Dec 12, 2025 4:44:00 PM de.learnlib.logging.LearnLogger logQuery
INFO: DISABLED [ε | challenge_v0 success_and_cryptobinding tlv_request /  no_reply - -]
Dec 12, 2025 4:44:00 PM de.learnlib.logging.LearnLogger logQuery
INFO: DISABLED [ε | challenge_v0 success_and_cryptobinding challenge_v0 /  no_reply - -]
Dec 12, 2025 4:44:00 PM de.learnlib.logging.LearnLogger logQuery
INFO: DISABLED [ε | challenge_v0 success_and_cryptobinding id_request_v0 /  no_reply - -]
Dec 12, 2025 4:44:00 PM de.learnlib.logging.LearnLogger logQuery
INFO: DISABLED [ε | challenge_v0 success_request_with_credentials 4_way_message_1 /  no_reply - -]
Dec 12, 2025 4:44:00 PM de.learnlib.logging.LearnLogger logQuery
INFO: DISABLED [ε | challenge_v0 success_request_with_credentials eap_success /  no_reply - -]
Dec 12, 2025 4:44:00 PM de.learnlib.logging.LearnLogger logQuery
INFO: DISABLED [ε | challenge_v0 success_request_with_credentials cryptobinding /  no_reply - -]
Dec 12, 2025 4:44:00 PM de.learnlib.logging.LearnLogger logQuery
INFO: DISABLED [ε | challenge_v0 success_request_with_credentials success_and_cryptobinding /  no_reply - -]
Dec 12, 2025 4:44:00 PM de.learnlib.logging.LearnLogger logQuery
INFO: DISABLED [ε | challenge_v0 success_request_with_credentials success_request_with_credentials /  no_reply - -]
Dec 12, 2025 4:44:00 PM de.learnlib.logging.LearnLogger logQuery
INFO: DISABLED [ε | challenge_v0 success_request_with_credentials success_request_all_zeros /  no_reply - -]
Dec 12, 2025 4:44:00 PM de.learnlib.logging.LearnLogger logQuery
INFO: DISABLED [ε | challenge_v0 success_request_with_credentials tlv_failure /  no_reply - -]
Dec 12, 2025 4:44:00 PM de.learnlib.logging.LearnLogger logQuery
INFO: DISABLED [ε | challenge_v0 success_request_with_credentials tlv_request /  no_reply - -]
Dec 12, 2025 4:44:00 PM de.learnlib.logging.LearnLogger logQuery
INFO: DISABLED [ε | challenge_v0 success_request_with_credentials challenge_v0 /  no_reply - -]
Dec 12, 2025 4:44:00 PM de.learnlib.logging.LearnLogger logQuery
INFO: DISABLED [ε | challenge_v0 success_request_with_credentials id_request_v0 /  no_reply - -]
Dec 12, 2025 4:44:00 PM de.learnlib.logging.LearnLogger logQuery
INFO: DISABLED [ε | challenge_v0 success_request_all_zeros 4_way_message_1 /  no_reply - -]
Dec 12, 2025 4:44:00 PM de.learnlib.logging.LearnLogger logQuery
INFO: DISABLED [ε | challenge_v0 success_request_all_zeros eap_success /  no_reply - -]
Dec 12, 2025 4:44:00 PM de.learnlib.logging.LearnLogger logQuery
INFO: DISABLED [ε | challenge_v0 success_request_all_zeros cryptobinding /  no_reply - -]
Dec 12, 2025 4:44:00 PM de.learnlib.logging.LearnLogger logQuery
INFO: DISABLED [ε | challenge_v0 success_request_all_zeros success_and_cryptobinding /  no_reply - -]
Dec 12, 2025 4:44:00 PM de.learnlib.logging.LearnLogger logQuery
INFO: DISABLED [ε | challenge_v0 success_request_all_zeros success_request_with_credentials /  no_reply - -]
Dec 12, 2025 4:44:00 PM de.learnlib.logging.LearnLogger logQuery
INFO: DISABLED [ε | challenge_v0 success_request_all_zeros success_request_all_zeros /  no_reply - -]
Dec 12, 2025 4:44:00 PM de.learnlib.logging.LearnLogger logQuery
INFO: DISABLED [ε | challenge_v0 success_request_all_zeros tlv_failure /  no_reply - -]
Dec 12, 2025 4:44:00 PM de.learnlib.logging.LearnLogger logQuery
INFO: DISABLED [ε | challenge_v0 success_request_all_zeros tlv_request /  no_reply - -]
Dec 12, 2025 4:44:00 PM de.learnlib.logging.LearnLogger logQuery
INFO: DISABLED [ε | challenge_v0 success_request_all_zeros challenge_v0 /  no_reply - -]
Dec 12, 2025 4:44:00 PM de.learnlib.logging.LearnLogger logQuery
INFO: DISABLED [ε | challenge_v0 success_request_all_zeros id_request_v0 /  no_reply - -]
Dec 12, 2025 4:44:00 PM de.learnlib.logging.LearnLogger logQuery
INFO: DISABLED [ε | challenge_v0 tlv_failure 4_way_message_1 /  no_reply - -]
Dec 12, 2025 4:44:00 PM de.learnlib.logging.LearnLogger logQuery
INFO: DISABLED [ε | challenge_v0 tlv_failure eap_success /  no_reply - -]
Dec 12, 2025 4:44:00 PM de.learnlib.logging.LearnLogger logQuery
INFO: DISABLED [ε | challenge_v0 tlv_failure cryptobinding /  no_reply - -]
Dec 12, 2025 4:44:00 PM de.learnlib.logging.LearnLogger logQuery
INFO: DISABLED [ε | challenge_v0 tlv_failure success_and_cryptobinding /  no_reply - -]
Dec 12, 2025 4:44:00 PM de.learnlib.logging.LearnLogger logQuery
INFO: DISABLED [ε | challenge_v0 tlv_failure success_request_with_credentials /  no_reply - -]
Dec 12, 2025 4:44:00 PM de.learnlib.logging.LearnLogger logQuery
INFO: DISABLED [ε | challenge_v0 tlv_failure success_request_all_zeros /  no_reply - -]
Dec 12, 2025 4:44:00 PM de.learnlib.logging.LearnLogger logQuery
INFO: DISABLED [ε | challenge_v0 tlv_failure tlv_failure /  no_reply - -]
Dec 12, 2025 4:44:00 PM de.learnlib.logging.LearnLogger logQuery
INFO: DISABLED [ε | challenge_v0 tlv_failure tlv_request /  no_reply - -]
Dec 12, 2025 4:44:00 PM de.learnlib.logging.LearnLogger logQuery
INFO: DISABLED [ε | challenge_v0 tlv_failure challenge_v0 /  no_reply - -]
Dec 12, 2025 4:44:00 PM de.learnlib.logging.LearnLogger logQuery
INFO: DISABLED [ε | challenge_v0 tlv_failure id_request_v0 /  no_reply - -]
Dec 12, 2025 4:44:00 PM de.learnlib.logging.LearnLogger logQuery
INFO: DISABLED [ε | challenge_v0 tlv_request 4_way_message_1 /  no_reply - -]
Dec 12, 2025 4:44:00 PM de.learnlib.logging.LearnLogger logQuery
INFO: DISABLED [ε | challenge_v0 tlv_request eap_success /  no_reply - -]
Dec 12, 2025 4:44:00 PM de.learnlib.logging.LearnLogger logQuery
INFO: DISABLED [ε | challenge_v0 tlv_request cryptobinding /  no_reply - -]
Dec 12, 2025 4:44:00 PM de.learnlib.logging.LearnLogger logQuery
INFO: DISABLED [ε | challenge_v0 tlv_request success_and_cryptobinding /  no_reply - -]
Dec 12, 2025 4:44:00 PM de.learnlib.logging.LearnLogger logQuery
INFO: DISABLED [ε | challenge_v0 tlv_request success_request_with_credentials /  no_reply - -]
Dec 12, 2025 4:44:00 PM de.learnlib.logging.LearnLogger logQuery
INFO: DISABLED [ε | challenge_v0 tlv_request success_request_all_zeros /  no_reply - -]
Dec 12, 2025 4:44:00 PM de.learnlib.logging.LearnLogger logQuery
INFO: DISABLED [ε | challenge_v0 tlv_request tlv_failure /  no_reply - -]
Dec 12, 2025 4:44:00 PM de.learnlib.logging.LearnLogger logQuery
INFO: DISABLED [ε | challenge_v0 tlv_request tlv_request /  no_reply - -]
Dec 12, 2025 4:44:00 PM de.learnlib.logging.LearnLogger logQuery
INFO: DISABLED [ε | challenge_v0 tlv_request challenge_v0 /  no_reply - -]
Dec 12, 2025 4:44:00 PM de.learnlib.logging.LearnLogger logQuery
INFO: DISABLED [ε | challenge_v0 tlv_request id_request_v0 /  no_reply - -]
Dec 12, 2025 4:44:00 PM de.learnlib.logging.LearnLogger logQuery
INFO: DISABLED [ε | challenge_v0 challenge_v0 4_way_message_1 /  no_reply - -]
Dec 12, 2025 4:44:00 PM de.learnlib.logging.LearnLogger logQuery
INFO: DISABLED [ε | challenge_v0 challenge_v0 eap_success /  no_reply - -]
Dec 12, 2025 4:44:00 PM de.learnlib.logging.LearnLogger logQuery
INFO: DISABLED [ε | challenge_v0 challenge_v0 cryptobinding /  no_reply - -]
Dec 12, 2025 4:44:00 PM de.learnlib.logging.LearnLogger logQuery
INFO: DISABLED [ε | challenge_v0 challenge_v0 success_and_cryptobinding /  no_reply - -]
Dec 12, 2025 4:44:00 PM de.learnlib.logging.LearnLogger logQuery
INFO: DISABLED [ε | challenge_v0 challenge_v0 success_request_with_credentials /  no_reply - -]
Dec 12, 2025 4:44:00 PM de.learnlib.logging.LearnLogger logQuery
INFO: DISABLED [ε | challenge_v0 challenge_v0 success_request_all_zeros /  no_reply - -]
Dec 12, 2025 4:44:00 PM de.learnlib.logging.LearnLogger logQuery
INFO: DISABLED [ε | challenge_v0 challenge_v0 tlv_failure /  no_reply - -]
Dec 12, 2025 4:44:00 PM de.learnlib.logging.LearnLogger logQuery
INFO: DISABLED [ε | challenge_v0 challenge_v0 tlv_request /  no_reply - -]
Dec 12, 2025 4:44:00 PM de.learnlib.logging.LearnLogger logQuery
INFO: DISABLED [ε | challenge_v0 challenge_v0 challenge_v0 /  no_reply - -]
Dec 12, 2025 4:44:00 PM de.learnlib.logging.LearnLogger logQuery
INFO: DISABLED [ε | challenge_v0 challenge_v0 id_request_v0 /  no_reply - -]
Dec 12, 2025 4:44:00 PM de.learnlib.logging.LearnLogger logQuery
INFO: DISABLED [ε | challenge_v0 id_request_v0 4_way_message_1 /  no_reply - -]
Dec 12, 2025 4:44:00 PM de.learnlib.logging.LearnLogger logQuery
INFO: DISABLED [ε | challenge_v0 id_request_v0 eap_success /  no_reply - -]
Dec 12, 2025 4:44:00 PM de.learnlib.logging.LearnLogger logQuery
INFO: DISABLED [ε | challenge_v0 id_request_v0 cryptobinding /  no_reply - -]
Dec 12, 2025 4:44:00 PM de.learnlib.logging.LearnLogger logQuery
INFO: DISABLED [ε | challenge_v0 id_request_v0 success_and_cryptobinding /  no_reply - -]
Dec 12, 2025 4:44:00 PM de.learnlib.logging.LearnLogger logQuery
INFO: DISABLED [ε | challenge_v0 id_request_v0 success_request_with_credentials /  no_reply - -]
Dec 12, 2025 4:44:00 PM de.learnlib.logging.LearnLogger logQuery
INFO: DISABLED [ε | challenge_v0 id_request_v0 success_request_all_zeros /  no_reply - -]
Dec 12, 2025 4:44:00 PM de.learnlib.logging.LearnLogger logQuery
INFO: DISABLED [ε | challenge_v0 id_request_v0 tlv_failure /  no_reply - -]
Dec 12, 2025 4:44:00 PM de.learnlib.logging.LearnLogger logQuery
INFO: DISABLED [ε | challenge_v0 id_request_v0 tlv_request /  no_reply - -]
Dec 12, 2025 4:44:00 PM de.learnlib.logging.LearnLogger logQuery
INFO: DISABLED [ε | challenge_v0 id_request_v0 challenge_v0 /  no_reply - -]
Dec 12, 2025 4:44:00 PM de.learnlib.logging.LearnLogger logQuery
INFO: DISABLED [ε | challenge_v0 id_request_v0 id_request_v0 /  no_reply - -]
Dec 12, 2025 4:44:00 PM de.learnlib.logging.LearnLogger logQuery
INFO: DB CACHE [ε | id_request_v0 4_way_message_1 4_way_message_1 /  id_response_v0 no_reply -]
Dec 12, 2025 4:44:00 PM de.learnlib.logging.LearnLogger logQuery
INFO: DB CACHE [ε | id_request_v0 4_way_message_1 eap_success /  id_response_v0 no_reply -]
Dec 12, 2025 4:44:00 PM de.learnlib.logging.LearnLogger logQuery
INFO: DB CACHE [ε | id_request_v0 4_way_message_1 cryptobinding /  id_response_v0 no_reply -]
Dec 12, 2025 4:44:00 PM de.learnlib.logging.LearnLogger logQuery
INFO: DB CACHE [ε | id_request_v0 4_way_message_1 success_and_cryptobinding /  id_response_v0 no_reply -]
Dec 12, 2025 4:44:00 PM de.learnlib.logging.LearnLogger logQuery
INFO: DB CACHE [ε | id_request_v0 4_way_message_1 success_request_with_credentials /  id_response_v0 no_reply -]
Dec 12, 2025 4:44:00 PM de.learnlib.logging.LearnLogger logQuery
INFO: DB CACHE [ε | id_request_v0 4_way_message_1 success_request_all_zeros /  id_response_v0 no_reply -]
Dec 12, 2025 4:44:00 PM de.learnlib.logging.LearnLogger logQuery
INFO: DB CACHE [ε | id_request_v0 4_way_message_1 tlv_failure /  id_response_v0 no_reply -]
Dec 12, 2025 4:44:00 PM de.learnlib.logging.LearnLogger logQuery
INFO: DB CACHE [ε | id_request_v0 4_way_message_1 tlv_request /  id_response_v0 no_reply -]
Dec 12, 2025 4:44:00 PM de.learnlib.logging.LearnLogger logQuery
INFO: DB CACHE [ε | id_request_v0 4_way_message_1 challenge_v0 /  id_response_v0 no_reply -]
Dec 12, 2025 4:44:00 PM de.learnlib.logging.LearnLogger logQuery
INFO: DB CACHE [ε | id_request_v0 4_way_message_1 id_request_v0 /  id_response_v0 no_reply -]
Dec 12, 2025 4:44:01 PM de.learnlib.logging.LearnLogger logQuery
INFO: [ε | id_request_v0 eap_success 4_way_message_1 / ε | id_response_v0 after_eap_success no_reply]
Dec 12, 2025 4:44:03 PM de.learnlib.logging.LearnLogger logQuery
INFO: [ε | id_request_v0 eap_success eap_success / ε | id_response_v0 after_eap_success after_eap_success]
Dec 12, 2025 4:44:05 PM de.learnlib.logging.LearnLogger logQuery
INFO: [ε | id_request_v0 eap_success cryptobinding / ε | id_response_v0 after_eap_success no_reply]
Dec 12, 2025 4:44:07 PM de.learnlib.logging.LearnLogger logQuery
INFO: [ε | id_request_v0 eap_success success_and_cryptobinding / ε | id_response_v0 after_eap_success no_reply]
Dec 12, 2025 4:44:08 PM de.learnlib.logging.LearnLogger logQuery
INFO: [ε | id_request_v0 eap_success success_request_with_credentials / ε | id_response_v0 after_eap_success no_reply]
Dec 12, 2025 4:44:10 PM de.learnlib.logging.LearnLogger logQuery
INFO: [ε | id_request_v0 eap_success success_request_all_zeros / ε | id_response_v0 after_eap_success no_reply]
Dec 12, 2025 4:44:12 PM de.learnlib.logging.LearnLogger logQuery
INFO: [ε | id_request_v0 eap_success tlv_failure / ε | id_response_v0 after_eap_success no_reply]
Dec 12, 2025 4:44:14 PM de.learnlib.logging.LearnLogger logQuery
INFO: [ε | id_request_v0 eap_success tlv_request / ε | id_response_v0 after_eap_success no_reply]
Dec 12, 2025 4:44:16 PM de.learnlib.logging.LearnLogger logQuery
INFO: [ε | id_request_v0 eap_success challenge_v0 / ε | id_response_v0 after_eap_success no_reply]
Dec 12, 2025 4:44:17 PM de.learnlib.logging.LearnLogger logQuery
INFO: [ε | id_request_v0 eap_success id_request_v0 / ε | id_response_v0 after_eap_success no_reply]
Dec 12, 2025 4:44:18 PM de.learnlib.logging.LearnLogger logQuery
INFO: DB CACHE [ε | id_request_v0 cryptobinding 4_way_message_1 /  id_response_v0 no_reply -]
Dec 12, 2025 4:44:18 PM de.learnlib.logging.LearnLogger logQuery
INFO: DB CACHE [ε | id_request_v0 cryptobinding eap_success /  id_response_v0 no_reply -]
Dec 12, 2025 4:44:18 PM de.learnlib.logging.LearnLogger logQuery
INFO: DB CACHE [ε | id_request_v0 cryptobinding cryptobinding /  id_response_v0 no_reply -]
Dec 12, 2025 4:44:18 PM de.learnlib.logging.LearnLogger logQuery
INFO: DB CACHE [ε | id_request_v0 cryptobinding success_and_cryptobinding /  id_response_v0 no_reply -]
Dec 12, 2025 4:44:18 PM de.learnlib.logging.LearnLogger logQuery
INFO: DB CACHE [ε | id_request_v0 cryptobinding success_request_with_credentials /  id_response_v0 no_reply -]
Dec 12, 2025 4:44:18 PM de.learnlib.logging.LearnLogger logQuery
INFO: DB CACHE [ε | id_request_v0 cryptobinding success_request_all_zeros /  id_response_v0 no_reply -]
Dec 12, 2025 4:44:18 PM de.learnlib.logging.LearnLogger logQuery
INFO: DB CACHE [ε | id_request_v0 cryptobinding tlv_failure /  id_response_v0 no_reply -]
Dec 12, 2025 4:44:18 PM de.learnlib.logging.LearnLogger logQuery
INFO: DB CACHE [ε | id_request_v0 cryptobinding tlv_request /  id_response_v0 no_reply -]
Dec 12, 2025 4:44:18 PM de.learnlib.logging.LearnLogger logQuery
INFO: DB CACHE [ε | id_request_v0 cryptobinding challenge_v0 /  id_response_v0 no_reply -]
Dec 12, 2025 4:44:18 PM de.learnlib.logging.LearnLogger logQuery
INFO: DB CACHE [ε | id_request_v0 cryptobinding id_request_v0 /  id_response_v0 no_reply -]
Dec 12, 2025 4:44:18 PM de.learnlib.logging.LearnLogger logQuery
INFO: DB CACHE [ε | id_request_v0 success_and_cryptobinding 4_way_message_1 /  id_response_v0 tlv_failure -]
Dec 12, 2025 4:44:18 PM de.learnlib.logging.LearnLogger logQuery
INFO: DB CACHE [ε | id_request_v0 success_and_cryptobinding eap_success /  id_response_v0 tlv_failure -]
Dec 12, 2025 4:44:18 PM de.learnlib.logging.LearnLogger logQuery
INFO: DB CACHE [ε | id_request_v0 success_and_cryptobinding cryptobinding /  id_response_v0 tlv_failure -]
Dec 12, 2025 4:44:18 PM de.learnlib.logging.LearnLogger logQuery
INFO: DB CACHE [ε | id_request_v0 success_and_cryptobinding success_and_cryptobinding /  id_response_v0 tlv_failure -]
Dec 12, 2025 4:44:18 PM de.learnlib.logging.LearnLogger logQuery
INFO: DB CACHE [ε | id_request_v0 success_and_cryptobinding success_request_with_credentials /  id_response_v0 tlv_failure -]
Dec 12, 2025 4:44:18 PM de.learnlib.logging.LearnLogger logQuery
INFO: DB CACHE [ε | id_request_v0 success_and_cryptobinding success_request_all_zeros /  id_response_v0 tlv_failure -]
Dec 12, 2025 4:44:18 PM de.learnlib.logging.LearnLogger logQuery
INFO: DB CACHE [ε | id_request_v0 success_and_cryptobinding tlv_failure /  id_response_v0 tlv_failure -]
Dec 12, 2025 4:44:18 PM de.learnlib.logging.LearnLogger logQuery
INFO: DB CACHE [ε | id_request_v0 success_and_cryptobinding tlv_request /  id_response_v0 tlv_failure -]
Dec 12, 2025 4:44:18 PM de.learnlib.logging.LearnLogger logQuery
INFO: DB CACHE [ε | id_request_v0 success_and_cryptobinding challenge_v0 /  id_response_v0 tlv_failure -]
Dec 12, 2025 4:44:18 PM de.learnlib.logging.LearnLogger logQuery
INFO: DB CACHE [ε | id_request_v0 success_and_cryptobinding id_request_v0 /  id_response_v0 tlv_failure -]
Dec 12, 2025 4:44:18 PM de.learnlib.logging.LearnLogger logQuery
INFO: DB CACHE [ε | id_request_v0 success_request_with_credentials 4_way_message_1 /  id_response_v0 no_reply -]
Dec 12, 2025 4:44:18 PM de.learnlib.logging.LearnLogger logQuery
INFO: DB CACHE [ε | id_request_v0 success_request_with_credentials eap_success /  id_response_v0 no_reply -]
Dec 12, 2025 4:44:18 PM de.learnlib.logging.LearnLogger logQuery
INFO: DB CACHE [ε | id_request_v0 success_request_with_credentials cryptobinding /  id_response_v0 no_reply -]
Dec 12, 2025 4:44:18 PM de.learnlib.logging.LearnLogger logQuery
INFO: DB CACHE [ε | id_request_v0 success_request_with_credentials success_and_cryptobinding /  id_response_v0 no_reply -]
Dec 12, 2025 4:44:18 PM de.learnlib.logging.LearnLogger logQuery
INFO: DB CACHE [ε | id_request_v0 success_request_with_credentials success_request_with_credentials /  id_response_v0 no_reply -]
Dec 12, 2025 4:44:18 PM de.learnlib.logging.LearnLogger logQuery
INFO: DB CACHE [ε | id_request_v0 success_request_with_credentials success_request_all_zeros /  id_response_v0 no_reply -]
Dec 12, 2025 4:44:18 PM de.learnlib.logging.LearnLogger logQuery
INFO: DB CACHE [ε | id_request_v0 success_request_with_credentials tlv_failure /  id_response_v0 no_reply -]
Dec 12, 2025 4:44:18 PM de.learnlib.logging.LearnLogger logQuery
INFO: DB CACHE [ε | id_request_v0 success_request_with_credentials tlv_request /  id_response_v0 no_reply -]
Dec 12, 2025 4:44:18 PM de.learnlib.logging.LearnLogger logQuery
INFO: DB CACHE [ε | id_request_v0 success_request_with_credentials challenge_v0 /  id_response_v0 no_reply -]
Dec 12, 2025 4:44:18 PM de.learnlib.logging.LearnLogger logQuery
INFO: DB CACHE [ε | id_request_v0 success_request_with_credentials id_request_v0 /  id_response_v0 no_reply -]
Dec 12, 2025 4:44:18 PM de.learnlib.logging.LearnLogger logQuery
INFO: DB CACHE [ε | id_request_v0 success_request_all_zeros 4_way_message_1 /  id_response_v0 no_reply -]
Dec 12, 2025 4:44:18 PM de.learnlib.logging.LearnLogger logQuery
INFO: DB CACHE [ε | id_request_v0 success_request_all_zeros eap_success /  id_response_v0 no_reply -]
Dec 12, 2025 4:44:18 PM de.learnlib.logging.LearnLogger logQuery
INFO: DB CACHE [ε | id_request_v0 success_request_all_zeros cryptobinding /  id_response_v0 no_reply -]
Dec 12, 2025 4:44:18 PM de.learnlib.logging.LearnLogger logQuery
INFO: DB CACHE [ε | id_request_v0 success_request_all_zeros success_and_cryptobinding /  id_response_v0 no_reply -]
Dec 12, 2025 4:44:18 PM de.learnlib.logging.LearnLogger logQuery
INFO: DB CACHE [ε | id_request_v0 success_request_all_zeros success_request_with_credentials /  id_response_v0 no_reply -]
Dec 12, 2025 4:44:18 PM de.learnlib.logging.LearnLogger logQuery
INFO: DB CACHE [ε | id_request_v0 success_request_all_zeros success_request_all_zeros /  id_response_v0 no_reply -]
Dec 12, 2025 4:44:18 PM de.learnlib.logging.LearnLogger logQuery
INFO: DB CACHE [ε | id_request_v0 success_request_all_zeros tlv_failure /  id_response_v0 no_reply -]
Dec 12, 2025 4:44:18 PM de.learnlib.logging.LearnLogger logQuery
INFO: DB CACHE [ε | id_request_v0 success_request_all_zeros tlv_request /  id_response_v0 no_reply -]
Dec 12, 2025 4:44:18 PM de.learnlib.logging.LearnLogger logQuery
INFO: DB CACHE [ε | id_request_v0 success_request_all_zeros challenge_v0 /  id_response_v0 no_reply -]
Dec 12, 2025 4:44:18 PM de.learnlib.logging.LearnLogger logQuery
INFO: DB CACHE [ε | id_request_v0 success_request_all_zeros id_request_v0 /  id_response_v0 no_reply -]
Dec 12, 2025 4:44:18 PM de.learnlib.logging.LearnLogger logQuery
INFO: DB CACHE [ε | id_request_v0 tlv_failure 4_way_message_1 /  id_response_v0 tlv_failure -]
Dec 12, 2025 4:44:18 PM de.learnlib.logging.LearnLogger logQuery
INFO: DB CACHE [ε | id_request_v0 tlv_failure eap_success /  id_response_v0 tlv_failure -]
Dec 12, 2025 4:44:18 PM de.learnlib.logging.LearnLogger logQuery
INFO: DB CACHE [ε | id_request_v0 tlv_failure cryptobinding /  id_response_v0 tlv_failure -]
Dec 12, 2025 4:44:18 PM de.learnlib.logging.LearnLogger logQuery
INFO: DB CACHE [ε | id_request_v0 tlv_failure success_and_cryptobinding /  id_response_v0 tlv_failure -]
Dec 12, 2025 4:44:18 PM de.learnlib.logging.LearnLogger logQuery
INFO: DB CACHE [ε | id_request_v0 tlv_failure success_request_with_credentials /  id_response_v0 tlv_failure -]
Dec 12, 2025 4:44:18 PM de.learnlib.logging.LearnLogger logQuery
INFO: DB CACHE [ε | id_request_v0 tlv_failure success_request_all_zeros /  id_response_v0 tlv_failure -]
Dec 12, 2025 4:44:18 PM de.learnlib.logging.LearnLogger logQuery
INFO: DB CACHE [ε | id_request_v0 tlv_failure tlv_failure /  id_response_v0 tlv_failure -]
Dec 12, 2025 4:44:18 PM de.learnlib.logging.LearnLogger logQuery
INFO: DB CACHE [ε | id_request_v0 tlv_failure tlv_request /  id_response_v0 tlv_failure -]
Dec 12, 2025 4:44:18 PM de.learnlib.logging.LearnLogger logQuery
INFO: DB CACHE [ε | id_request_v0 tlv_failure challenge_v0 /  id_response_v0 tlv_failure -]
Dec 12, 2025 4:44:18 PM de.learnlib.logging.LearnLogger logQuery
INFO: DB CACHE [ε | id_request_v0 tlv_failure id_request_v0 /  id_response_v0 tlv_failure -]
Dec 12, 2025 4:44:18 PM de.learnlib.logging.LearnLogger logQuery
INFO: DB CACHE [ε | id_request_v0 tlv_request 4_way_message_1 /  id_response_v0 tlv_failure -]
Dec 12, 2025 4:44:18 PM de.learnlib.logging.LearnLogger logQuery
INFO: DB CACHE [ε | id_request_v0 tlv_request eap_success /  id_response_v0 tlv_failure -]
Dec 12, 2025 4:44:18 PM de.learnlib.logging.LearnLogger logQuery
INFO: DB CACHE [ε | id_request_v0 tlv_request cryptobinding /  id_response_v0 tlv_failure -]
Dec 12, 2025 4:44:18 PM de.learnlib.logging.LearnLogger logQuery
INFO: DB CACHE [ε | id_request_v0 tlv_request success_and_cryptobinding /  id_response_v0 tlv_failure -]
Dec 12, 2025 4:44:18 PM de.learnlib.logging.LearnLogger logQuery
INFO: DB CACHE [ε | id_request_v0 tlv_request success_request_with_credentials /  id_response_v0 tlv_failure -]
Dec 12, 2025 4:44:18 PM de.learnlib.logging.LearnLogger logQuery
INFO: DB CACHE [ε | id_request_v0 tlv_request success_request_all_zeros /  id_response_v0 tlv_failure -]
Dec 12, 2025 4:44:18 PM de.learnlib.logging.LearnLogger logQuery
INFO: DB CACHE [ε | id_request_v0 tlv_request tlv_failure /  id_response_v0 tlv_failure -]
Dec 12, 2025 4:44:18 PM de.learnlib.logging.LearnLogger logQuery
INFO: DB CACHE [ε | id_request_v0 tlv_request tlv_request /  id_response_v0 tlv_failure -]
Dec 12, 2025 4:44:18 PM de.learnlib.logging.LearnLogger logQuery
INFO: DB CACHE [ε | id_request_v0 tlv_request challenge_v0 /  id_response_v0 tlv_failure -]
Dec 12, 2025 4:44:18 PM de.learnlib.logging.LearnLogger logQuery
INFO: DB CACHE [ε | id_request_v0 tlv_request id_request_v0 /  id_response_v0 tlv_failure -]
Dec 12, 2025 4:44:19 PM de.learnlib.logging.LearnLogger logQuery
INFO: [ε | id_request_v0 challenge_v0 4_way_message_1 / ε | id_response_v0 challenge_response_v0 no_reply]
Dec 12, 2025 4:44:21 PM de.learnlib.logging.LearnLogger logQuery
INFO: [ε | id_request_v0 challenge_v0 eap_success / ε | id_response_v0 challenge_response_v0 after_eap_success]
Dec 12, 2025 4:44:22 PM de.learnlib.logging.LearnLogger logQuery
INFO: [ε | id_request_v0 challenge_v0 cryptobinding / ε | id_response_v0 challenge_response_v0 no_reply]
Dec 12, 2025 4:44:24 PM de.learnlib.logging.LearnLogger logQuery
INFO: [ε | id_request_v0 challenge_v0 success_and_cryptobinding / ε | id_response_v0 challenge_response_v0 tlv_failure]
Dec 12, 2025 4:44:25 PM de.learnlib.logging.LearnLogger logQuery
INFO: [ε | id_request_v0 challenge_v0 success_request_with_credentials / ε | id_response_v0 challenge_response_v0 success_response_v0]
Dec 12, 2025 4:44:26 PM de.learnlib.logging.LearnLogger logQuery
INFO: [ε | id_request_v0 challenge_v0 success_request_all_zeros / ε | id_response_v0 challenge_response_v0 disassociation]
Dec 12, 2025 4:44:27 PM de.learnlib.logging.LearnLogger logQuery
INFO: [ε | id_request_v0 challenge_v0 tlv_failure / ε | id_response_v0 challenge_response_v0 tlv_failure]
Dec 12, 2025 4:44:29 PM de.learnlib.logging.LearnLogger logQuery
INFO: [ε | id_request_v0 challenge_v0 tlv_request / ε | id_response_v0 challenge_response_v0 tlv_failure]
Dec 12, 2025 4:44:30 PM de.learnlib.logging.LearnLogger logQuery
INFO: [ε | id_request_v0 challenge_v0 challenge_v0 / ε | id_response_v0 challenge_response_v0 disassociation]
Dec 12, 2025 4:44:31 PM de.learnlib.logging.LearnLogger logQuery
INFO: [ε | id_request_v0 challenge_v0 id_request_v0 / ε | id_response_v0 challenge_response_v0 no_reply]
Dec 12, 2025 4:44:33 PM de.learnlib.logging.LearnLogger logQuery
INFO: [ε | id_request_v0 id_request_v0 4_way_message_1 / ε | id_response_v0 nak no_reply]
Dec 12, 2025 4:44:34 PM de.learnlib.logging.LearnLogger logQuery
INFO: [ε | id_request_v0 id_request_v0 eap_success / ε | id_response_v0 nak after_eap_success]
Dec 12, 2025 4:44:36 PM de.learnlib.logging.LearnLogger logQuery
INFO: [ε | id_request_v0 id_request_v0 cryptobinding / ε | id_response_v0 nak no_reply]
Dec 12, 2025 4:44:37 PM de.learnlib.logging.LearnLogger logQuery
INFO: [ε | id_request_v0 id_request_v0 success_and_cryptobinding / ε | id_response_v0 nak tlv_failure]
Dec 12, 2025 4:44:39 PM de.learnlib.logging.LearnLogger logQuery
INFO: [ε | id_request_v0 id_request_v0 success_request_with_credentials / ε | id_response_v0 nak no_reply]
Dec 12, 2025 4:44:40 PM de.learnlib.logging.LearnLogger logQuery
INFO: [ε | id_request_v0 id_request_v0 success_request_all_zeros / ε | id_response_v0 nak no_reply]
Dec 12, 2025 4:44:42 PM de.learnlib.logging.LearnLogger logQuery
INFO: [ε | id_request_v0 id_request_v0 tlv_failure / ε | id_response_v0 nak tlv_failure]
Dec 12, 2025 4:44:43 PM de.learnlib.logging.LearnLogger logQuery
INFO: [ε | id_request_v0 id_request_v0 tlv_request / ε | id_response_v0 nak tlv_failure]
Dec 12, 2025 4:44:45 PM de.learnlib.logging.LearnLogger logQuery
INFO: [ε | id_request_v0 id_request_v0 challenge_v0 / ε | id_response_v0 nak challenge_response_v0]
Dec 12, 2025 4:44:46 PM de.learnlib.logging.LearnLogger logQuery
INFO: [ε | id_request_v0 id_request_v0 id_request_v0 / ε | id_response_v0 nak nak]
Dec 12, 2025 4:44:46 PM de.learnlib.logging.LearnLogger logQuery
INFO: DB CACHE [ε | id_request_v0 challenge_v0 4_way_message_1 4_way_message_1 /  id_response_v0 challenge_response_v0 no_reply -]
Dec 12, 2025 4:44:46 PM de.learnlib.logging.LearnLogger logQuery
INFO: DB CACHE [ε | id_request_v0 challenge_v0 4_way_message_1 eap_success /  id_response_v0 challenge_response_v0 no_reply -]
Dec 12, 2025 4:44:46 PM de.learnlib.logging.LearnLogger logQuery
INFO: DB CACHE [ε | id_request_v0 challenge_v0 4_way_message_1 cryptobinding /  id_response_v0 challenge_response_v0 no_reply -]
Dec 12, 2025 4:44:46 PM de.learnlib.logging.LearnLogger logQuery
INFO: DB CACHE [ε | id_request_v0 challenge_v0 4_way_message_1 success_and_cryptobinding /  id_response_v0 challenge_response_v0 no_reply -]
Dec 12, 2025 4:44:46 PM de.learnlib.logging.LearnLogger logQuery
INFO: DB CACHE [ε | id_request_v0 challenge_v0 4_way_message_1 success_request_with_credentials /  id_response_v0 challenge_response_v0 no_reply -]
Dec 12, 2025 4:44:46 PM de.learnlib.logging.LearnLogger logQuery
INFO: DB CACHE [ε | id_request_v0 challenge_v0 4_way_message_1 success_request_all_zeros /  id_response_v0 challenge_response_v0 no_reply -]
Dec 12, 2025 4:44:46 PM de.learnlib.logging.LearnLogger logQuery
INFO: DB CACHE [ε | id_request_v0 challenge_v0 4_way_message_1 tlv_failure /  id_response_v0 challenge_response_v0 no_reply -]
Dec 12, 2025 4:44:46 PM de.learnlib.logging.LearnLogger logQuery
INFO: DB CACHE [ε | id_request_v0 challenge_v0 4_way_message_1 tlv_request /  id_response_v0 challenge_response_v0 no_reply -]
Dec 12, 2025 4:44:46 PM de.learnlib.logging.LearnLogger logQuery
INFO: DB CACHE [ε | id_request_v0 challenge_v0 4_way_message_1 challenge_v0 /  id_response_v0 challenge_response_v0 no_reply -]
Dec 12, 2025 4:44:46 PM de.learnlib.logging.LearnLogger logQuery
INFO: DB CACHE [ε | id_request_v0 challenge_v0 4_way_message_1 id_request_v0 /  id_response_v0 challenge_response_v0 no_reply -]
Dec 12, 2025 4:44:48 PM de.learnlib.logging.LearnLogger logQuery
INFO: [ε | id_request_v0 challenge_v0 eap_success 4_way_message_1 / ε | id_response_v0 challenge_response_v0 after_eap_success no_reply]
Dec 12, 2025 4:44:49 PM de.learnlib.logging.LearnLogger logQuery
INFO: [ε | id_request_v0 challenge_v0 eap_success eap_success / ε | id_response_v0 challenge_response_v0 after_eap_success after_eap_success]
Dec 12, 2025 4:44:51 PM de.learnlib.logging.LearnLogger logQuery
INFO: [ε | id_request_v0 challenge_v0 eap_success cryptobinding / ε | id_response_v0 challenge_response_v0 after_eap_success no_reply]
Dec 12, 2025 4:44:53 PM de.learnlib.logging.LearnLogger logQuery
INFO: [ε | id_request_v0 challenge_v0 eap_success success_and_cryptobinding / ε | id_response_v0 challenge_response_v0 after_eap_success no_reply]
Dec 12, 2025 4:44:55 PM de.learnlib.logging.LearnLogger logQuery
INFO: [ε | id_request_v0 challenge_v0 eap_success success_request_with_credentials / ε | id_response_v0 challenge_response_v0 after_eap_success no_reply]
Dec 12, 2025 4:44:57 PM de.learnlib.logging.LearnLogger logQuery
INFO: [ε | id_request_v0 challenge_v0 eap_success success_request_all_zeros / ε | id_response_v0 challenge_response_v0 after_eap_success no_reply]
Dec 12, 2025 4:44:58 PM de.learnlib.logging.LearnLogger logQuery
INFO: [ε | id_request_v0 challenge_v0 eap_success tlv_failure / ε | id_response_v0 challenge_response_v0 after_eap_success no_reply]
Dec 12, 2025 4:45:00 PM de.learnlib.logging.LearnLogger logQuery
INFO: [ε | id_request_v0 challenge_v0 eap_success tlv_request / ε | id_response_v0 challenge_response_v0 after_eap_success no_reply]
Dec 12, 2025 4:45:02 PM de.learnlib.logging.LearnLogger logQuery
INFO: [ε | id_request_v0 challenge_v0 eap_success challenge_v0 / ε | id_response_v0 challenge_response_v0 after_eap_success no_reply]
Dec 12, 2025 4:45:04 PM de.learnlib.logging.LearnLogger logQuery
INFO: [ε | id_request_v0 challenge_v0 eap_success id_request_v0 / ε | id_response_v0 challenge_response_v0 after_eap_success no_reply]
Dec 12, 2025 4:45:04 PM de.learnlib.logging.LearnLogger logQuery
INFO: DB CACHE [ε | id_request_v0 challenge_v0 cryptobinding 4_way_message_1 /  id_response_v0 challenge_response_v0 no_reply -]
Dec 12, 2025 4:45:04 PM de.learnlib.logging.LearnLogger logQuery
INFO: DB CACHE [ε | id_request_v0 challenge_v0 cryptobinding eap_success /  id_response_v0 challenge_response_v0 no_reply -]
Dec 12, 2025 4:45:04 PM de.learnlib.logging.LearnLogger logQuery
INFO: DB CACHE [ε | id_request_v0 challenge_v0 cryptobinding cryptobinding /  id_response_v0 challenge_response_v0 no_reply -]
Dec 12, 2025 4:45:04 PM de.learnlib.logging.LearnLogger logQuery
INFO: DB CACHE [ε | id_request_v0 challenge_v0 cryptobinding success_and_cryptobinding /  id_response_v0 challenge_response_v0 no_reply -]
Dec 12, 2025 4:45:04 PM de.learnlib.logging.LearnLogger logQuery
INFO: DB CACHE [ε | id_request_v0 challenge_v0 cryptobinding success_request_with_credentials /  id_response_v0 challenge_response_v0 no_reply -]
Dec 12, 2025 4:45:04 PM de.learnlib.logging.LearnLogger logQuery
INFO: DB CACHE [ε | id_request_v0 challenge_v0 cryptobinding success_request_all_zeros /  id_response_v0 challenge_response_v0 no_reply -]
Dec 12, 2025 4:45:04 PM de.learnlib.logging.LearnLogger logQuery
INFO: DB CACHE [ε | id_request_v0 challenge_v0 cryptobinding tlv_failure /  id_response_v0 challenge_response_v0 no_reply -]
Dec 12, 2025 4:45:04 PM de.learnlib.logging.LearnLogger logQuery
INFO: DB CACHE [ε | id_request_v0 challenge_v0 cryptobinding tlv_request /  id_response_v0 challenge_response_v0 no_reply -]
Dec 12, 2025 4:45:04 PM de.learnlib.logging.LearnLogger logQuery
INFO: DB CACHE [ε | id_request_v0 challenge_v0 cryptobinding challenge_v0 /  id_response_v0 challenge_response_v0 no_reply -]
Dec 12, 2025 4:45:04 PM de.learnlib.logging.LearnLogger logQuery
INFO: DB CACHE [ε | id_request_v0 challenge_v0 cryptobinding id_request_v0 /  id_response_v0 challenge_response_v0 no_reply -]
Dec 12, 2025 4:45:04 PM de.learnlib.logging.LearnLogger logQuery
INFO: DB CACHE [ε | id_request_v0 challenge_v0 success_and_cryptobinding 4_way_message_1 /  id_response_v0 challenge_response_v0 tlv_failure -]
Dec 12, 2025 4:45:04 PM de.learnlib.logging.LearnLogger logQuery
INFO: DB CACHE [ε | id_request_v0 challenge_v0 success_and_cryptobinding eap_success /  id_response_v0 challenge_response_v0 tlv_failure -]
Dec 12, 2025 4:45:04 PM de.learnlib.logging.LearnLogger logQuery
INFO: DB CACHE [ε | id_request_v0 challenge_v0 success_and_cryptobinding cryptobinding /  id_response_v0 challenge_response_v0 tlv_failure -]
Dec 12, 2025 4:45:04 PM de.learnlib.logging.LearnLogger logQuery
INFO: DB CACHE [ε | id_request_v0 challenge_v0 success_and_cryptobinding success_and_cryptobinding /  id_response_v0 challenge_response_v0 tlv_failure -]
Dec 12, 2025 4:45:04 PM de.learnlib.logging.LearnLogger logQuery
INFO: DB CACHE [ε | id_request_v0 challenge_v0 success_and_cryptobinding success_request_with_credentials /  id_response_v0 challenge_response_v0 tlv_failure -]
Dec 12, 2025 4:45:04 PM de.learnlib.logging.LearnLogger logQuery
INFO: DB CACHE [ε | id_request_v0 challenge_v0 success_and_cryptobinding success_request_all_zeros /  id_response_v0 challenge_response_v0 tlv_failure -]
Dec 12, 2025 4:45:04 PM de.learnlib.logging.LearnLogger logQuery
INFO: DB CACHE [ε | id_request_v0 challenge_v0 success_and_cryptobinding tlv_failure /  id_response_v0 challenge_response_v0 tlv_failure -]
Dec 12, 2025 4:45:04 PM de.learnlib.logging.LearnLogger logQuery
INFO: DB CACHE [ε | id_request_v0 challenge_v0 success_and_cryptobinding tlv_request /  id_response_v0 challenge_response_v0 tlv_failure -]
Dec 12, 2025 4:45:04 PM de.learnlib.logging.LearnLogger logQuery
INFO: DB CACHE [ε | id_request_v0 challenge_v0 success_and_cryptobinding challenge_v0 /  id_response_v0 challenge_response_v0 tlv_failure -]
Dec 12, 2025 4:45:04 PM de.learnlib.logging.LearnLogger logQuery
INFO: DB CACHE [ε | id_request_v0 challenge_v0 success_and_cryptobinding id_request_v0 /  id_response_v0 challenge_response_v0 tlv_failure -]
Dec 12, 2025 4:45:06 PM de.learnlib.logging.LearnLogger logQuery
INFO: [ε | id_request_v0 challenge_v0 success_request_with_credentials 4_way_message_1 / ε | id_response_v0 challenge_response_v0 success_response_v0 no_reply]
Dec 12, 2025 4:45:07 PM de.learnlib.logging.LearnLogger logQuery
INFO: [ε | id_request_v0 challenge_v0 success_request_with_credentials eap_success / ε | id_response_v0 challenge_response_v0 success_response_v0 after_eap_success]
Dec 12, 2025 4:45:09 PM de.learnlib.logging.LearnLogger logQuery
INFO: [ε | id_request_v0 challenge_v0 success_request_with_credentials cryptobinding / ε | id_response_v0 challenge_response_v0 success_response_v0 no_reply]
Dec 12, 2025 4:45:10 PM de.learnlib.logging.LearnLogger logQuery
INFO: [ε | id_request_v0 challenge_v0 success_request_with_credentials success_and_cryptobinding / ε | id_response_v0 challenge_response_v0 success_response_v0 tlv_success_and_cryptobinding]
Dec 12, 2025 4:45:12 PM de.learnlib.logging.LearnLogger logQuery
INFO: [ε | id_request_v0 challenge_v0 success_request_with_credentials success_request_with_credentials / ε | id_response_v0 challenge_response_v0 success_response_v0 no_reply]
Dec 12, 2025 4:45:13 PM de.learnlib.logging.LearnLogger logQuery
INFO: [ε | id_request_v0 challenge_v0 success_request_with_credentials success_request_all_zeros / ε | id_response_v0 challenge_response_v0 success_response_v0 no_reply]
Dec 12, 2025 4:45:15 PM de.learnlib.logging.LearnLogger logQuery
INFO: [ε | id_request_v0 challenge_v0 success_request_with_credentials tlv_failure / ε | id_response_v0 challenge_response_v0 success_response_v0 tlv_failure]
Dec 12, 2025 4:45:16 PM de.learnlib.logging.LearnLogger logQuery
INFO: [ε | id_request_v0 challenge_v0 success_request_with_credentials tlv_request / ε | id_response_v0 challenge_response_v0 success_response_v0 tlv_success]
Dec 12, 2025 4:45:18 PM de.learnlib.logging.LearnLogger logQuery
INFO: [ε | id_request_v0 challenge_v0 success_request_with_credentials challenge_v0 / ε | id_response_v0 challenge_response_v0 success_response_v0 no_reply]
Dec 12, 2025 4:45:19 PM de.learnlib.logging.LearnLogger logQuery
INFO: [ε | id_request_v0 challenge_v0 success_request_with_credentials id_request_v0 / ε | id_response_v0 challenge_response_v0 success_response_v0 no_reply]
Dec 12, 2025 4:45:20 PM de.learnlib.logging.LearnLogger logQuery
INFO: DB CACHE [ε | id_request_v0 challenge_v0 success_request_all_zeros 4_way_message_1 /  id_response_v0 challenge_response_v0 disassociation -]
Dec 12, 2025 4:45:20 PM de.learnlib.logging.LearnLogger logQuery
INFO: DB CACHE [ε | id_request_v0 challenge_v0 success_request_all_zeros eap_success /  id_response_v0 challenge_response_v0 disassociation -]
Dec 12, 2025 4:45:20 PM de.learnlib.logging.LearnLogger logQuery
INFO: DB CACHE [ε | id_request_v0 challenge_v0 success_request_all_zeros cryptobinding /  id_response_v0 challenge_response_v0 disassociation -]
Dec 12, 2025 4:45:20 PM de.learnlib.logging.LearnLogger logQuery
INFO: DB CACHE [ε | id_request_v0 challenge_v0 success_request_all_zeros success_and_cryptobinding /  id_response_v0 challenge_response_v0 disassociation -]
Dec 12, 2025 4:45:20 PM de.learnlib.logging.LearnLogger logQuery
INFO: DB CACHE [ε | id_request_v0 challenge_v0 success_request_all_zeros success_request_with_credentials /  id_response_v0 challenge_response_v0 disassociation -]
Dec 12, 2025 4:45:20 PM de.learnlib.logging.LearnLogger logQuery
INFO: DB CACHE [ε | id_request_v0 challenge_v0 success_request_all_zeros success_request_all_zeros /  id_response_v0 challenge_response_v0 disassociation -]
Dec 12, 2025 4:45:20 PM de.learnlib.logging.LearnLogger logQuery
INFO: DB CACHE [ε | id_request_v0 challenge_v0 success_request_all_zeros tlv_failure /  id_response_v0 challenge_response_v0 disassociation -]
Dec 12, 2025 4:45:20 PM de.learnlib.logging.LearnLogger logQuery
INFO: DB CACHE [ε | id_request_v0 challenge_v0 success_request_all_zeros tlv_request /  id_response_v0 challenge_response_v0 disassociation -]
Dec 12, 2025 4:45:20 PM de.learnlib.logging.LearnLogger logQuery
INFO: DB CACHE [ε | id_request_v0 challenge_v0 success_request_all_zeros challenge_v0 /  id_response_v0 challenge_response_v0 disassociation -]
Dec 12, 2025 4:45:20 PM de.learnlib.logging.LearnLogger logQuery
INFO: DB CACHE [ε | id_request_v0 challenge_v0 success_request_all_zeros id_request_v0 /  id_response_v0 challenge_response_v0 disassociation -]
Dec 12, 2025 4:45:20 PM de.learnlib.logging.LearnLogger logQuery
INFO: DB CACHE [ε | id_request_v0 challenge_v0 tlv_failure 4_way_message_1 /  id_response_v0 challenge_response_v0 tlv_failure -]
Dec 12, 2025 4:45:20 PM de.learnlib.logging.LearnLogger logQuery
INFO: DB CACHE [ε | id_request_v0 challenge_v0 tlv_failure eap_success /  id_response_v0 challenge_response_v0 tlv_failure -]
Dec 12, 2025 4:45:20 PM de.learnlib.logging.LearnLogger logQuery
INFO: DB CACHE [ε | id_request_v0 challenge_v0 tlv_failure cryptobinding /  id_response_v0 challenge_response_v0 tlv_failure -]
Dec 12, 2025 4:45:20 PM de.learnlib.logging.LearnLogger logQuery
INFO: DB CACHE [ε | id_request_v0 challenge_v0 tlv_failure success_and_cryptobinding /  id_response_v0 challenge_response_v0 tlv_failure -]
Dec 12, 2025 4:45:20 PM de.learnlib.logging.LearnLogger logQuery
INFO: DB CACHE [ε | id_request_v0 challenge_v0 tlv_failure success_request_with_credentials /  id_response_v0 challenge_response_v0 tlv_failure -]
Dec 12, 2025 4:45:20 PM de.learnlib.logging.LearnLogger logQuery
INFO: DB CACHE [ε | id_request_v0 challenge_v0 tlv_failure success_request_all_zeros /  id_response_v0 challenge_response_v0 tlv_failure -]
Dec 12, 2025 4:45:20 PM de.learnlib.logging.LearnLogger logQuery
INFO: DB CACHE [ε | id_request_v0 challenge_v0 tlv_failure tlv_failure /  id_response_v0 challenge_response_v0 tlv_failure -]
Dec 12, 2025 4:45:20 PM de.learnlib.logging.LearnLogger logQuery
INFO: DB CACHE [ε | id_request_v0 challenge_v0 tlv_failure tlv_request /  id_response_v0 challenge_response_v0 tlv_failure -]
Dec 12, 2025 4:45:20 PM de.learnlib.logging.LearnLogger logQuery
INFO: DB CACHE [ε | id_request_v0 challenge_v0 tlv_failure challenge_v0 /  id_response_v0 challenge_response_v0 tlv_failure -]
Dec 12, 2025 4:45:20 PM de.learnlib.logging.LearnLogger logQuery
INFO: DB CACHE [ε | id_request_v0 challenge_v0 tlv_failure id_request_v0 /  id_response_v0 challenge_response_v0 tlv_failure -]
Dec 12, 2025 4:45:20 PM de.learnlib.logging.LearnLogger logQuery
INFO: DB CACHE [ε | id_request_v0 challenge_v0 tlv_request 4_way_message_1 /  id_response_v0 challenge_response_v0 tlv_failure -]
Dec 12, 2025 4:45:20 PM de.learnlib.logging.LearnLogger logQuery
INFO: DB CACHE [ε | id_request_v0 challenge_v0 tlv_request eap_success /  id_response_v0 challenge_response_v0 tlv_failure -]
Dec 12, 2025 4:45:20 PM de.learnlib.logging.LearnLogger logQuery
INFO: DB CACHE [ε | id_request_v0 challenge_v0 tlv_request cryptobinding /  id_response_v0 challenge_response_v0 tlv_failure -]
Dec 12, 2025 4:45:20 PM de.learnlib.logging.LearnLogger logQuery
INFO: DB CACHE [ε | id_request_v0 challenge_v0 tlv_request success_and_cryptobinding /  id_response_v0 challenge_response_v0 tlv_failure -]
Dec 12, 2025 4:45:20 PM de.learnlib.logging.LearnLogger logQuery
INFO: DB CACHE [ε | id_request_v0 challenge_v0 tlv_request success_request_with_credentials /  id_response_v0 challenge_response_v0 tlv_failure -]
Dec 12, 2025 4:45:20 PM de.learnlib.logging.LearnLogger logQuery
INFO: DB CACHE [ε | id_request_v0 challenge_v0 tlv_request success_request_all_zeros /  id_response_v0 challenge_response_v0 tlv_failure -]
Dec 12, 2025 4:45:20 PM de.learnlib.logging.LearnLogger logQuery
INFO: DB CACHE [ε | id_request_v0 challenge_v0 tlv_request tlv_failure /  id_response_v0 challenge_response_v0 tlv_failure -]
Dec 12, 2025 4:45:20 PM de.learnlib.logging.LearnLogger logQuery
INFO: DB CACHE [ε | id_request_v0 challenge_v0 tlv_request tlv_request /  id_response_v0 challenge_response_v0 tlv_failure -]
Dec 12, 2025 4:45:20 PM de.learnlib.logging.LearnLogger logQuery
INFO: DB CACHE [ε | id_request_v0 challenge_v0 tlv_request challenge_v0 /  id_response_v0 challenge_response_v0 tlv_failure -]
Dec 12, 2025 4:45:20 PM de.learnlib.logging.LearnLogger logQuery
INFO: DB CACHE [ε | id_request_v0 challenge_v0 tlv_request id_request_v0 /  id_response_v0 challenge_response_v0 tlv_failure -]
Dec 12, 2025 4:45:20 PM de.learnlib.logging.LearnLogger logQuery
INFO: DB CACHE [ε | id_request_v0 challenge_v0 challenge_v0 4_way_message_1 /  id_response_v0 challenge_response_v0 disassociation -]
Dec 12, 2025 4:45:20 PM de.learnlib.logging.LearnLogger logQuery
INFO: DB CACHE [ε | id_request_v0 challenge_v0 challenge_v0 eap_success /  id_response_v0 challenge_response_v0 disassociation -]
Dec 12, 2025 4:45:20 PM de.learnlib.logging.LearnLogger logQuery
INFO: DB CACHE [ε | id_request_v0 challenge_v0 challenge_v0 cryptobinding /  id_response_v0 challenge_response_v0 disassociation -]
Dec 12, 2025 4:45:20 PM de.learnlib.logging.LearnLogger logQuery
INFO: DB CACHE [ε | id_request_v0 challenge_v0 challenge_v0 success_and_cryptobinding /  id_response_v0 challenge_response_v0 disassociation -]
Dec 12, 2025 4:45:20 PM de.learnlib.logging.LearnLogger logQuery
INFO: DB CACHE [ε | id_request_v0 challenge_v0 challenge_v0 success_request_with_credentials /  id_response_v0 challenge_response_v0 disassociation -]
Dec 12, 2025 4:45:20 PM de.learnlib.logging.LearnLogger logQuery
INFO: DB CACHE [ε | id_request_v0 challenge_v0 challenge_v0 success_request_all_zeros /  id_response_v0 challenge_response_v0 disassociation -]
Dec 12, 2025 4:45:20 PM de.learnlib.logging.LearnLogger logQuery
INFO: DB CACHE [ε | id_request_v0 challenge_v0 challenge_v0 tlv_failure /  id_response_v0 challenge_response_v0 disassociation -]
Dec 12, 2025 4:45:20 PM de.learnlib.logging.LearnLogger logQuery
INFO: DB CACHE [ε | id_request_v0 challenge_v0 challenge_v0 tlv_request /  id_response_v0 challenge_response_v0 disassociation -]
Dec 12, 2025 4:45:20 PM de.learnlib.logging.LearnLogger logQuery
INFO: DB CACHE [ε | id_request_v0 challenge_v0 challenge_v0 challenge_v0 /  id_response_v0 challenge_response_v0 disassociation -]
Dec 12, 2025 4:45:20 PM de.learnlib.logging.LearnLogger logQuery
INFO: DB CACHE [ε | id_request_v0 challenge_v0 challenge_v0 id_request_v0 /  id_response_v0 challenge_response_v0 disassociation -]
Dec 12, 2025 4:45:20 PM de.learnlib.logging.LearnLogger logQuery
INFO: DB CACHE [ε | id_request_v0 challenge_v0 id_request_v0 4_way_message_1 /  id_response_v0 challenge_response_v0 no_reply -]
Dec 12, 2025 4:45:20 PM de.learnlib.logging.LearnLogger logQuery
INFO: DB CACHE [ε | id_request_v0 challenge_v0 id_request_v0 eap_success /  id_response_v0 challenge_response_v0 no_reply -]
Dec 12, 2025 4:45:20 PM de.learnlib.logging.LearnLogger logQuery
INFO: DB CACHE [ε | id_request_v0 challenge_v0 id_request_v0 cryptobinding /  id_response_v0 challenge_response_v0 no_reply -]
Dec 12, 2025 4:45:20 PM de.learnlib.logging.LearnLogger logQuery
INFO: DB CACHE [ε | id_request_v0 challenge_v0 id_request_v0 success_and_cryptobinding /  id_response_v0 challenge_response_v0 no_reply -]
Dec 12, 2025 4:45:20 PM de.learnlib.logging.LearnLogger logQuery
INFO: DB CACHE [ε | id_request_v0 challenge_v0 id_request_v0 success_request_with_credentials /  id_response_v0 challenge_response_v0 no_reply -]
Dec 12, 2025 4:45:20 PM de.learnlib.logging.LearnLogger logQuery
INFO: DB CACHE [ε | id_request_v0 challenge_v0 id_request_v0 success_request_all_zeros /  id_response_v0 challenge_response_v0 no_reply -]
Dec 12, 2025 4:45:20 PM de.learnlib.logging.LearnLogger logQuery
INFO: DB CACHE [ε | id_request_v0 challenge_v0 id_request_v0 tlv_failure /  id_response_v0 challenge_response_v0 no_reply -]
Dec 12, 2025 4:45:20 PM de.learnlib.logging.LearnLogger logQuery
INFO: DB CACHE [ε | id_request_v0 challenge_v0 id_request_v0 tlv_request /  id_response_v0 challenge_response_v0 no_reply -]
Dec 12, 2025 4:45:20 PM de.learnlib.logging.LearnLogger logQuery
INFO: DB CACHE [ε | id_request_v0 challenge_v0 id_request_v0 challenge_v0 /  id_response_v0 challenge_response_v0 no_reply -]
Dec 12, 2025 4:45:20 PM de.learnlib.logging.LearnLogger logQuery
INFO: DB CACHE [ε | id_request_v0 challenge_v0 id_request_v0 id_request_v0 /  id_response_v0 challenge_response_v0 no_reply -]
Dec 12, 2025 4:45:20 PM de.learnlib.logging.LearnLogger logQuery
INFO: DB CACHE [ε | id_request_v0 challenge_v0 success_request_with_credentials 4_way_message_1 4_way_message_1 /  id_response_v0 challenge_response_v0 success_response_v0 no_reply -]
Dec 12, 2025 4:45:20 PM de.learnlib.logging.LearnLogger logQuery
INFO: DB CACHE [ε | id_request_v0 challenge_v0 success_request_with_credentials 4_way_message_1 eap_success /  id_response_v0 challenge_response_v0 success_response_v0 no_reply -]
Dec 12, 2025 4:45:20 PM de.learnlib.logging.LearnLogger logQuery
INFO: DB CACHE [ε | id_request_v0 challenge_v0 success_request_with_credentials 4_way_message_1 cryptobinding /  id_response_v0 challenge_response_v0 success_response_v0 no_reply -]
Dec 12, 2025 4:45:20 PM de.learnlib.logging.LearnLogger logQuery
INFO: DB CACHE [ε | id_request_v0 challenge_v0 success_request_with_credentials 4_way_message_1 success_and_cryptobinding /  id_response_v0 challenge_response_v0 success_response_v0 no_reply -]
Dec 12, 2025 4:45:20 PM de.learnlib.logging.LearnLogger logQuery
INFO: DB CACHE [ε | id_request_v0 challenge_v0 success_request_with_credentials 4_way_message_1 success_request_with_credentials /  id_response_v0 challenge_response_v0 success_response_v0 no_reply -]
Dec 12, 2025 4:45:20 PM de.learnlib.logging.LearnLogger logQuery
INFO: DB CACHE [ε | id_request_v0 challenge_v0 success_request_with_credentials 4_way_message_1 success_request_all_zeros /  id_response_v0 challenge_response_v0 success_response_v0 no_reply -]
Dec 12, 2025 4:45:20 PM de.learnlib.logging.LearnLogger logQuery
INFO: DB CACHE [ε | id_request_v0 challenge_v0 success_request_with_credentials 4_way_message_1 tlv_failure /  id_response_v0 challenge_response_v0 success_response_v0 no_reply -]
Dec 12, 2025 4:45:20 PM de.learnlib.logging.LearnLogger logQuery
INFO: DB CACHE [ε | id_request_v0 challenge_v0 success_request_with_credentials 4_way_message_1 tlv_request /  id_response_v0 challenge_response_v0 success_response_v0 no_reply -]
Dec 12, 2025 4:45:20 PM de.learnlib.logging.LearnLogger logQuery
INFO: DB CACHE [ε | id_request_v0 challenge_v0 success_request_with_credentials 4_way_message_1 challenge_v0 /  id_response_v0 challenge_response_v0 success_response_v0 no_reply -]
Dec 12, 2025 4:45:20 PM de.learnlib.logging.LearnLogger logQuery
INFO: DB CACHE [ε | id_request_v0 challenge_v0 success_request_with_credentials 4_way_message_1 id_request_v0 /  id_response_v0 challenge_response_v0 success_response_v0 no_reply -]
Dec 12, 2025 4:45:22 PM de.learnlib.logging.LearnLogger logQuery
INFO: [ε | id_request_v0 challenge_v0 success_request_with_credentials eap_success 4_way_message_1 / ε | id_response_v0 challenge_response_v0 success_response_v0 after_eap_success no_reply]
Dec 12, 2025 4:45:24 PM de.learnlib.logging.LearnLogger logQuery
INFO: [ε | id_request_v0 challenge_v0 success_request_with_credentials eap_success eap_success / ε | id_response_v0 challenge_response_v0 success_response_v0 after_eap_success after_eap_success]
Dec 12, 2025 4:45:26 PM de.learnlib.logging.LearnLogger logQuery
INFO: [ε | id_request_v0 challenge_v0 success_request_with_credentials eap_success cryptobinding / ε | id_response_v0 challenge_response_v0 success_response_v0 after_eap_success no_reply]
Dec 12, 2025 4:45:27 PM de.learnlib.logging.LearnLogger logQuery
INFO: [ε | id_request_v0 challenge_v0 success_request_with_credentials eap_success success_and_cryptobinding / ε | id_response_v0 challenge_response_v0 success_response_v0 after_eap_success no_reply]
Dec 12, 2025 4:45:29 PM de.learnlib.logging.LearnLogger logQuery
INFO: [ε | id_request_v0 challenge_v0 success_request_with_credentials eap_success success_request_with_credentials / ε | id_response_v0 challenge_response_v0 success_response_v0 after_eap_success no_reply]
Dec 12, 2025 4:45:31 PM de.learnlib.logging.LearnLogger logQuery
INFO: [ε | id_request_v0 challenge_v0 success_request_with_credentials eap_success success_request_all_zeros / ε | id_response_v0 challenge_response_v0 success_response_v0 after_eap_success no_reply]
Dec 12, 2025 4:45:33 PM de.learnlib.logging.LearnLogger logQuery
INFO: [ε | id_request_v0 challenge_v0 success_request_with_credentials eap_success tlv_failure / ε | id_response_v0 challenge_response_v0 success_response_v0 after_eap_success no_reply]
Dec 12, 2025 4:45:35 PM de.learnlib.logging.LearnLogger logQuery
INFO: [ε | id_request_v0 challenge_v0 success_request_with_credentials eap_success tlv_request / ε | id_response_v0 challenge_response_v0 success_response_v0 after_eap_success no_reply]
Dec 12, 2025 4:45:37 PM de.learnlib.logging.LearnLogger logQuery
INFO: [ε | id_request_v0 challenge_v0 success_request_with_credentials eap_success challenge_v0 / ε | id_response_v0 challenge_response_v0 success_response_v0 after_eap_success no_reply]
Dec 12, 2025 4:45:39 PM de.learnlib.logging.LearnLogger logQuery
INFO: [ε | id_request_v0 challenge_v0 success_request_with_credentials eap_success id_request_v0 / ε | id_response_v0 challenge_response_v0 success_response_v0 after_eap_success no_reply]
Dec 12, 2025 4:45:39 PM de.learnlib.logging.LearnLogger logQuery
INFO: DB CACHE [ε | id_request_v0 challenge_v0 success_request_with_credentials cryptobinding 4_way_message_1 /  id_response_v0 challenge_response_v0 success_response_v0 no_reply -]
Dec 12, 2025 4:45:39 PM de.learnlib.logging.LearnLogger logQuery
INFO: DB CACHE [ε | id_request_v0 challenge_v0 success_request_with_credentials cryptobinding eap_success /  id_response_v0 challenge_response_v0 success_response_v0 no_reply -]
Dec 12, 2025 4:45:39 PM de.learnlib.logging.LearnLogger logQuery
INFO: DB CACHE [ε | id_request_v0 challenge_v0 success_request_with_credentials cryptobinding cryptobinding /  id_response_v0 challenge_response_v0 success_response_v0 no_reply -]
Dec 12, 2025 4:45:39 PM de.learnlib.logging.LearnLogger logQuery
INFO: DB CACHE [ε | id_request_v0 challenge_v0 success_request_with_credentials cryptobinding success_and_cryptobinding /  id_response_v0 challenge_response_v0 success_response_v0 no_reply -]
Dec 12, 2025 4:45:39 PM de.learnlib.logging.LearnLogger logQuery
INFO: DB CACHE [ε | id_request_v0 challenge_v0 success_request_with_credentials cryptobinding success_request_with_credentials /  id_response_v0 challenge_response_v0 success_response_v0 no_reply -]
Dec 12, 2025 4:45:39 PM de.learnlib.logging.LearnLogger logQuery
INFO: DB CACHE [ε | id_request_v0 challenge_v0 success_request_with_credentials cryptobinding success_request_all_zeros /  id_response_v0 challenge_response_v0 success_response_v0 no_reply -]
Dec 12, 2025 4:45:39 PM de.learnlib.logging.LearnLogger logQuery
INFO: DB CACHE [ε | id_request_v0 challenge_v0 success_request_with_credentials cryptobinding tlv_failure /  id_response_v0 challenge_response_v0 success_response_v0 no_reply -]
Dec 12, 2025 4:45:39 PM de.learnlib.logging.LearnLogger logQuery
INFO: DB CACHE [ε | id_request_v0 challenge_v0 success_request_with_credentials cryptobinding tlv_request /  id_response_v0 challenge_response_v0 success_response_v0 no_reply -]
Dec 12, 2025 4:45:39 PM de.learnlib.logging.LearnLogger logQuery
INFO: DB CACHE [ε | id_request_v0 challenge_v0 success_request_with_credentials cryptobinding challenge_v0 /  id_response_v0 challenge_response_v0 success_response_v0 no_reply -]
Dec 12, 2025 4:45:39 PM de.learnlib.logging.LearnLogger logQuery
INFO: DB CACHE [ε | id_request_v0 challenge_v0 success_request_with_credentials cryptobinding id_request_v0 /  id_response_v0 challenge_response_v0 success_response_v0 no_reply -]
Dec 12, 2025 4:45:40 PM de.learnlib.logging.LearnLogger logQuery
INFO: [ε | id_request_v0 challenge_v0 success_request_with_credentials success_and_cryptobinding 4_way_message_1 / ε | id_response_v0 challenge_response_v0 success_response_v0 tlv_success_and_cryptobinding no_reply]
Dec 12, 2025 4:45:42 PM de.learnlib.logging.LearnLogger logQuery
INFO: [ε | id_request_v0 challenge_v0 success_request_with_credentials success_and_cryptobinding eap_success / ε | id_response_v0 challenge_response_v0 success_response_v0 tlv_success_and_cryptobinding after_eap_success]
Dec 12, 2025 4:45:43 PM de.learnlib.logging.LearnLogger logQuery
INFO: [ε | id_request_v0 challenge_v0 success_request_with_credentials success_and_cryptobinding cryptobinding / ε | id_response_v0 challenge_response_v0 success_response_v0 tlv_success_and_cryptobinding no_reply]
Dec 12, 2025 4:45:45 PM de.learnlib.logging.LearnLogger logQuery
INFO: [ε | id_request_v0 challenge_v0 success_request_with_credentials success_and_cryptobinding success_and_cryptobinding / ε | id_response_v0 challenge_response_v0 success_response_v0 tlv_success_and_cryptobinding no_reply]
Dec 12, 2025 4:45:47 PM de.learnlib.logging.LearnLogger logQuery
INFO: [ε | id_request_v0 challenge_v0 success_request_with_credentials success_and_cryptobinding success_request_with_credentials / ε | id_response_v0 challenge_response_v0 success_response_v0 tlv_success_and_cryptobinding no_reply]
Dec 12, 2025 4:45:48 PM de.learnlib.logging.LearnLogger logQuery
INFO: [ε | id_request_v0 challenge_v0 success_request_with_credentials success_and_cryptobinding success_request_all_zeros / ε | id_response_v0 challenge_response_v0 success_response_v0 tlv_success_and_cryptobinding no_reply]
Dec 12, 2025 4:45:50 PM de.learnlib.logging.LearnLogger logQuery
INFO: [ε | id_request_v0 challenge_v0 success_request_with_credentials success_and_cryptobinding tlv_failure / ε | id_response_v0 challenge_response_v0 success_response_v0 tlv_success_and_cryptobinding no_reply]
Dec 12, 2025 4:45:52 PM de.learnlib.logging.LearnLogger logQuery
INFO: [ε | id_request_v0 challenge_v0 success_request_with_credentials success_and_cryptobinding tlv_request / ε | id_response_v0 challenge_response_v0 success_response_v0 tlv_success_and_cryptobinding no_reply]
Dec 12, 2025 4:45:53 PM de.learnlib.logging.LearnLogger logQuery
INFO: [ε | id_request_v0 challenge_v0 success_request_with_credentials success_and_cryptobinding challenge_v0 / ε | id_response_v0 challenge_response_v0 success_response_v0 tlv_success_and_cryptobinding no_reply]
Dec 12, 2025 4:45:55 PM de.learnlib.logging.LearnLogger logQuery
INFO: [ε | id_request_v0 challenge_v0 success_request_with_credentials success_and_cryptobinding id_request_v0 / ε | id_response_v0 challenge_response_v0 success_response_v0 tlv_success_and_cryptobinding no_reply]
Dec 12, 2025 4:45:55 PM de.learnlib.logging.LearnLogger logQuery
INFO: DB CACHE [ε | id_request_v0 challenge_v0 success_request_with_credentials success_request_with_credentials 4_way_message_1 /  id_response_v0 challenge_response_v0 success_response_v0 no_reply -]
Dec 12, 2025 4:45:55 PM de.learnlib.logging.LearnLogger logQuery
INFO: DB CACHE [ε | id_request_v0 challenge_v0 success_request_with_credentials success_request_with_credentials eap_success /  id_response_v0 challenge_response_v0 success_response_v0 no_reply -]
Dec 12, 2025 4:45:55 PM de.learnlib.logging.LearnLogger logQuery
INFO: DB CACHE [ε | id_request_v0 challenge_v0 success_request_with_credentials success_request_with_credentials cryptobinding /  id_response_v0 challenge_response_v0 success_response_v0 no_reply -]
Dec 12, 2025 4:45:55 PM de.learnlib.logging.LearnLogger logQuery
INFO: DB CACHE [ε | id_request_v0 challenge_v0 success_request_with_credentials success_request_with_credentials success_and_cryptobinding /  id_response_v0 challenge_response_v0 success_response_v0 no_reply -]
Dec 12, 2025 4:45:55 PM de.learnlib.logging.LearnLogger logQuery
INFO: DB CACHE [ε | id_request_v0 challenge_v0 success_request_with_credentials success_request_with_credentials success_request_with_credentials /  id_response_v0 challenge_response_v0 success_response_v0 no_reply -]
Dec 12, 2025 4:45:55 PM de.learnlib.logging.LearnLogger logQuery
INFO: DB CACHE [ε | id_request_v0 challenge_v0 success_request_with_credentials success_request_with_credentials success_request_all_zeros /  id_response_v0 challenge_response_v0 success_response_v0 no_reply -]
Dec 12, 2025 4:45:55 PM de.learnlib.logging.LearnLogger logQuery
INFO: DB CACHE [ε | id_request_v0 challenge_v0 success_request_with_credentials success_request_with_credentials tlv_failure /  id_response_v0 challenge_response_v0 success_response_v0 no_reply -]
Dec 12, 2025 4:45:55 PM de.learnlib.logging.LearnLogger logQuery
INFO: DB CACHE [ε | id_request_v0 challenge_v0 success_request_with_credentials success_request_with_credentials tlv_request /  id_response_v0 challenge_response_v0 success_response_v0 no_reply -]
Dec 12, 2025 4:45:55 PM de.learnlib.logging.LearnLogger logQuery
INFO: DB CACHE [ε | id_request_v0 challenge_v0 success_request_with_credentials success_request_with_credentials challenge_v0 /  id_response_v0 challenge_response_v0 success_response_v0 no_reply -]
Dec 12, 2025 4:45:55 PM de.learnlib.logging.LearnLogger logQuery
INFO: DB CACHE [ε | id_request_v0 challenge_v0 success_request_with_credentials success_request_with_credentials id_request_v0 /  id_response_v0 challenge_response_v0 success_response_v0 no_reply -]
Dec 12, 2025 4:45:55 PM de.learnlib.logging.LearnLogger logQuery
INFO: DB CACHE [ε | id_request_v0 challenge_v0 success_request_with_credentials success_request_all_zeros 4_way_message_1 /  id_response_v0 challenge_response_v0 success_response_v0 no_reply -]
Dec 12, 2025 4:45:55 PM de.learnlib.logging.LearnLogger logQuery
INFO: DB CACHE [ε | id_request_v0 challenge_v0 success_request_with_credentials success_request_all_zeros eap_success /  id_response_v0 challenge_response_v0 success_response_v0 no_reply -]
Dec 12, 2025 4:45:55 PM de.learnlib.logging.LearnLogger logQuery
INFO: DB CACHE [ε | id_request_v0 challenge_v0 success_request_with_credentials success_request_all_zeros cryptobinding /  id_response_v0 challenge_response_v0 success_response_v0 no_reply -]
Dec 12, 2025 4:45:55 PM de.learnlib.logging.LearnLogger logQuery
INFO: DB CACHE [ε | id_request_v0 challenge_v0 success_request_with_credentials success_request_all_zeros success_and_cryptobinding /  id_response_v0 challenge_response_v0 success_response_v0 no_reply -]
Dec 12, 2025 4:45:55 PM de.learnlib.logging.LearnLogger logQuery
INFO: DB CACHE [ε | id_request_v0 challenge_v0 success_request_with_credentials success_request_all_zeros success_request_with_credentials /  id_response_v0 challenge_response_v0 success_response_v0 no_reply -]
Dec 12, 2025 4:45:55 PM de.learnlib.logging.LearnLogger logQuery
INFO: DB CACHE [ε | id_request_v0 challenge_v0 success_request_with_credentials success_request_all_zeros success_request_all_zeros /  id_response_v0 challenge_response_v0 success_response_v0 no_reply -]
Dec 12, 2025 4:45:55 PM de.learnlib.logging.LearnLogger logQuery
INFO: DB CACHE [ε | id_request_v0 challenge_v0 success_request_with_credentials success_request_all_zeros tlv_failure /  id_response_v0 challenge_response_v0 success_response_v0 no_reply -]
Dec 12, 2025 4:45:55 PM de.learnlib.logging.LearnLogger logQuery
INFO: DB CACHE [ε | id_request_v0 challenge_v0 success_request_with_credentials success_request_all_zeros tlv_request /  id_response_v0 challenge_response_v0 success_response_v0 no_reply -]
Dec 12, 2025 4:45:55 PM de.learnlib.logging.LearnLogger logQuery
INFO: DB CACHE [ε | id_request_v0 challenge_v0 success_request_with_credentials success_request_all_zeros challenge_v0 /  id_response_v0 challenge_response_v0 success_response_v0 no_reply -]
Dec 12, 2025 4:45:55 PM de.learnlib.logging.LearnLogger logQuery
INFO: DB CACHE [ε | id_request_v0 challenge_v0 success_request_with_credentials success_request_all_zeros id_request_v0 /  id_response_v0 challenge_response_v0 success_response_v0 no_reply -]
Dec 12, 2025 4:45:55 PM de.learnlib.logging.LearnLogger logQuery
INFO: DB CACHE [ε | id_request_v0 challenge_v0 success_request_with_credentials tlv_failure 4_way_message_1 /  id_response_v0 challenge_response_v0 success_response_v0 tlv_failure -]
Dec 12, 2025 4:45:55 PM de.learnlib.logging.LearnLogger logQuery
INFO: DB CACHE [ε | id_request_v0 challenge_v0 success_request_with_credentials tlv_failure eap_success /  id_response_v0 challenge_response_v0 success_response_v0 tlv_failure -]
Dec 12, 2025 4:45:55 PM de.learnlib.logging.LearnLogger logQuery
INFO: DB CACHE [ε | id_request_v0 challenge_v0 success_request_with_credentials tlv_failure cryptobinding /  id_response_v0 challenge_response_v0 success_response_v0 tlv_failure -]
Dec 12, 2025 4:45:55 PM de.learnlib.logging.LearnLogger logQuery
INFO: DB CACHE [ε | id_request_v0 challenge_v0 success_request_with_credentials tlv_failure success_and_cryptobinding /  id_response_v0 challenge_response_v0 success_response_v0 tlv_failure -]
Dec 12, 2025 4:45:55 PM de.learnlib.logging.LearnLogger logQuery
INFO: DB CACHE [ε | id_request_v0 challenge_v0 success_request_with_credentials tlv_failure success_request_with_credentials /  id_response_v0 challenge_response_v0 success_response_v0 tlv_failure -]
Dec 12, 2025 4:45:55 PM de.learnlib.logging.LearnLogger logQuery
INFO: DB CACHE [ε | id_request_v0 challenge_v0 success_request_with_credentials tlv_failure success_request_all_zeros /  id_response_v0 challenge_response_v0 success_response_v0 tlv_failure -]
Dec 12, 2025 4:45:55 PM de.learnlib.logging.LearnLogger logQuery
INFO: DB CACHE [ε | id_request_v0 challenge_v0 success_request_with_credentials tlv_failure tlv_failure /  id_response_v0 challenge_response_v0 success_response_v0 tlv_failure -]
Dec 12, 2025 4:45:55 PM de.learnlib.logging.LearnLogger logQuery
INFO: DB CACHE [ε | id_request_v0 challenge_v0 success_request_with_credentials tlv_failure tlv_request /  id_response_v0 challenge_response_v0 success_response_v0 tlv_failure -]
Dec 12, 2025 4:45:55 PM de.learnlib.logging.LearnLogger logQuery
INFO: DB CACHE [ε | id_request_v0 challenge_v0 success_request_with_credentials tlv_failure challenge_v0 /  id_response_v0 challenge_response_v0 success_response_v0 tlv_failure -]
Dec 12, 2025 4:45:55 PM de.learnlib.logging.LearnLogger logQuery
INFO: DB CACHE [ε | id_request_v0 challenge_v0 success_request_with_credentials tlv_failure id_request_v0 /  id_response_v0 challenge_response_v0 success_response_v0 tlv_failure -]
Dec 12, 2025 4:45:57 PM de.learnlib.logging.LearnLogger logQuery
INFO: [ε | id_request_v0 challenge_v0 success_request_with_credentials tlv_request 4_way_message_1 / ε | id_response_v0 challenge_response_v0 success_response_v0 tlv_success no_reply]
Dec 12, 2025 4:45:59 PM de.learnlib.logging.LearnLogger logQuery
INFO: [ε | id_request_v0 challenge_v0 success_request_with_credentials tlv_request eap_success / ε | id_response_v0 challenge_response_v0 success_response_v0 tlv_success after_eap_success]
Dec 12, 2025 4:46:00 PM de.learnlib.logging.LearnLogger logQuery
INFO: [ε | id_request_v0 challenge_v0 success_request_with_credentials tlv_request cryptobinding / ε | id_response_v0 challenge_response_v0 success_response_v0 tlv_success no_reply]
Dec 12, 2025 4:46:02 PM de.learnlib.logging.LearnLogger logQuery
INFO: [ε | id_request_v0 challenge_v0 success_request_with_credentials tlv_request success_and_cryptobinding / ε | id_response_v0 challenge_response_v0 success_response_v0 tlv_success no_reply]
Dec 12, 2025 4:46:03 PM de.learnlib.logging.LearnLogger logQuery
INFO: [ε | id_request_v0 challenge_v0 success_request_with_credentials tlv_request success_request_with_credentials / ε | id_response_v0 challenge_response_v0 success_response_v0 tlv_success no_reply]
Dec 12, 2025 4:46:05 PM de.learnlib.logging.LearnLogger logQuery
INFO: [ε | id_request_v0 challenge_v0 success_request_with_credentials tlv_request success_request_all_zeros / ε | id_response_v0 challenge_response_v0 success_response_v0 tlv_success no_reply]
Dec 12, 2025 4:46:07 PM de.learnlib.logging.LearnLogger logQuery
INFO: [ε | id_request_v0 challenge_v0 success_request_with_credentials tlv_request tlv_failure / ε | id_response_v0 challenge_response_v0 success_response_v0 tlv_success no_reply]
Dec 12, 2025 4:46:08 PM de.learnlib.logging.LearnLogger logQuery
INFO: [ε | id_request_v0 challenge_v0 success_request_with_credentials tlv_request tlv_request / ε | id_response_v0 challenge_response_v0 success_response_v0 tlv_success no_reply]
Dec 12, 2025 4:46:10 PM de.learnlib.logging.LearnLogger logQuery
INFO: [ε | id_request_v0 challenge_v0 success_request_with_credentials tlv_request challenge_v0 / ε | id_response_v0 challenge_response_v0 success_response_v0 tlv_success no_reply]
Dec 12, 2025 4:46:12 PM de.learnlib.logging.LearnLogger logQuery
INFO: [ε | id_request_v0 challenge_v0 success_request_with_credentials tlv_request id_request_v0 / ε | id_response_v0 challenge_response_v0 success_response_v0 tlv_success no_reply]
Dec 12, 2025 4:46:12 PM de.learnlib.logging.LearnLogger logQuery
INFO: DB CACHE [ε | id_request_v0 challenge_v0 success_request_with_credentials challenge_v0 4_way_message_1 /  id_response_v0 challenge_response_v0 success_response_v0 no_reply -]
Dec 12, 2025 4:46:12 PM de.learnlib.logging.LearnLogger logQuery
INFO: DB CACHE [ε | id_request_v0 challenge_v0 success_request_with_credentials challenge_v0 eap_success /  id_response_v0 challenge_response_v0 success_response_v0 no_reply -]
Dec 12, 2025 4:46:12 PM de.learnlib.logging.LearnLogger logQuery
INFO: DB CACHE [ε | id_request_v0 challenge_v0 success_request_with_credentials challenge_v0 cryptobinding /  id_response_v0 challenge_response_v0 success_response_v0 no_reply -]
Dec 12, 2025 4:46:12 PM de.learnlib.logging.LearnLogger logQuery
INFO: DB CACHE [ε | id_request_v0 challenge_v0 success_request_with_credentials challenge_v0 success_and_cryptobinding /  id_response_v0 challenge_response_v0 success_response_v0 no_reply -]
Dec 12, 2025 4:46:12 PM de.learnlib.logging.LearnLogger logQuery
INFO: DB CACHE [ε | id_request_v0 challenge_v0 success_request_with_credentials challenge_v0 success_request_with_credentials /  id_response_v0 challenge_response_v0 success_response_v0 no_reply -]
Dec 12, 2025 4:46:12 PM de.learnlib.logging.LearnLogger logQuery
INFO: DB CACHE [ε | id_request_v0 challenge_v0 success_request_with_credentials challenge_v0 success_request_all_zeros /  id_response_v0 challenge_response_v0 success_response_v0 no_reply -]
Dec 12, 2025 4:46:12 PM de.learnlib.logging.LearnLogger logQuery
INFO: DB CACHE [ε | id_request_v0 challenge_v0 success_request_with_credentials challenge_v0 tlv_failure /  id_response_v0 challenge_response_v0 success_response_v0 no_reply -]
Dec 12, 2025 4:46:12 PM de.learnlib.logging.LearnLogger logQuery
INFO: DB CACHE [ε | id_request_v0 challenge_v0 success_request_with_credentials challenge_v0 tlv_request /  id_response_v0 challenge_response_v0 success_response_v0 no_reply -]
Dec 12, 2025 4:46:12 PM de.learnlib.logging.LearnLogger logQuery
INFO: DB CACHE [ε | id_request_v0 challenge_v0 success_request_with_credentials challenge_v0 challenge_v0 /  id_response_v0 challenge_response_v0 success_response_v0 no_reply -]
Dec 12, 2025 4:46:12 PM de.learnlib.logging.LearnLogger logQuery
INFO: DB CACHE [ε | id_request_v0 challenge_v0 success_request_with_credentials challenge_v0 id_request_v0 /  id_response_v0 challenge_response_v0 success_response_v0 no_reply -]
Dec 12, 2025 4:46:12 PM de.learnlib.logging.LearnLogger logQuery
INFO: DB CACHE [ε | id_request_v0 challenge_v0 success_request_with_credentials id_request_v0 4_way_message_1 /  id_response_v0 challenge_response_v0 success_response_v0 no_reply -]
Dec 12, 2025 4:46:12 PM de.learnlib.logging.LearnLogger logQuery
INFO: DB CACHE [ε | id_request_v0 challenge_v0 success_request_with_credentials id_request_v0 eap_success /  id_response_v0 challenge_response_v0 success_response_v0 no_reply -]
Dec 12, 2025 4:46:12 PM de.learnlib.logging.LearnLogger logQuery
INFO: DB CACHE [ε | id_request_v0 challenge_v0 success_request_with_credentials id_request_v0 cryptobinding /  id_response_v0 challenge_response_v0 success_response_v0 no_reply -]
Dec 12, 2025 4:46:12 PM de.learnlib.logging.LearnLogger logQuery
INFO: DB CACHE [ε | id_request_v0 challenge_v0 success_request_with_credentials id_request_v0 success_and_cryptobinding /  id_response_v0 challenge_response_v0 success_response_v0 no_reply -]
Dec 12, 2025 4:46:12 PM de.learnlib.logging.LearnLogger logQuery
INFO: DB CACHE [ε | id_request_v0 challenge_v0 success_request_with_credentials id_request_v0 success_request_with_credentials /  id_response_v0 challenge_response_v0 success_response_v0 no_reply -]
Dec 12, 2025 4:46:12 PM de.learnlib.logging.LearnLogger logQuery
INFO: DB CACHE [ε | id_request_v0 challenge_v0 success_request_with_credentials id_request_v0 success_request_all_zeros /  id_response_v0 challenge_response_v0 success_response_v0 no_reply -]
Dec 12, 2025 4:46:12 PM de.learnlib.logging.LearnLogger logQuery
INFO: DB CACHE [ε | id_request_v0 challenge_v0 success_request_with_credentials id_request_v0 tlv_failure /  id_response_v0 challenge_response_v0 success_response_v0 no_reply -]
Dec 12, 2025 4:46:12 PM de.learnlib.logging.LearnLogger logQuery
INFO: DB CACHE [ε | id_request_v0 challenge_v0 success_request_with_credentials id_request_v0 tlv_request /  id_response_v0 challenge_response_v0 success_response_v0 no_reply -]
Dec 12, 2025 4:46:12 PM de.learnlib.logging.LearnLogger logQuery
INFO: DB CACHE [ε | id_request_v0 challenge_v0 success_request_with_credentials id_request_v0 challenge_v0 /  id_response_v0 challenge_response_v0 success_response_v0 no_reply -]
Dec 12, 2025 4:46:12 PM de.learnlib.logging.LearnLogger logQuery
INFO: DB CACHE [ε | id_request_v0 challenge_v0 success_request_with_credentials id_request_v0 id_request_v0 /  id_response_v0 challenge_response_v0 success_response_v0 no_reply -]
Dec 12, 2025 4:49:38 PM de.learnlib.logging.LearnLogger logQuery
INFO: DB CACHE [ε | id_request_v0 challenge_v0 success_request_with_credentials tlv_request 4_way_message_1 4_way_message_1 /  id_response_v0 challenge_response_v0 success_response_v0 tlv_success no_reply -]
Dec 12, 2025 4:49:38 PM de.learnlib.logging.LearnLogger logQuery
INFO: DB CACHE [ε | id_request_v0 challenge_v0 success_request_with_credentials tlv_request 4_way_message_1 eap_success /  id_response_v0 challenge_response_v0 success_response_v0 tlv_success no_reply -]
Dec 12, 2025 4:49:38 PM de.learnlib.logging.LearnLogger logQuery
INFO: DB CACHE [ε | id_request_v0 challenge_v0 success_request_with_credentials tlv_request 4_way_message_1 cryptobinding /  id_response_v0 challenge_response_v0 success_response_v0 tlv_success no_reply -]
Dec 12, 2025 4:49:38 PM de.learnlib.logging.LearnLogger logQuery
INFO: DB CACHE [ε | id_request_v0 challenge_v0 success_request_with_credentials tlv_request 4_way_message_1 success_and_cryptobinding /  id_response_v0 challenge_response_v0 success_response_v0 tlv_success no_reply -]
Dec 12, 2025 4:49:38 PM de.learnlib.logging.LearnLogger logQuery
INFO: DB CACHE [ε | id_request_v0 challenge_v0 success_request_with_credentials tlv_request 4_way_message_1 success_request_with_credentials /  id_response_v0 challenge_response_v0 success_response_v0 tlv_success no_reply -]
Dec 12, 2025 4:49:38 PM de.learnlib.logging.LearnLogger logQuery
INFO: DB CACHE [ε | id_request_v0 challenge_v0 success_request_with_credentials tlv_request 4_way_message_1 success_request_all_zeros /  id_response_v0 challenge_response_v0 success_response_v0 tlv_success no_reply -]
Dec 12, 2025 4:49:38 PM de.learnlib.logging.LearnLogger logQuery
INFO: DB CACHE [ε | id_request_v0 challenge_v0 success_request_with_credentials tlv_request 4_way_message_1 tlv_failure /  id_response_v0 challenge_response_v0 success_response_v0 tlv_success no_reply -]
Dec 12, 2025 4:49:38 PM de.learnlib.logging.LearnLogger logQuery
INFO: DB CACHE [ε | id_request_v0 challenge_v0 success_request_with_credentials tlv_request 4_way_message_1 tlv_request /  id_response_v0 challenge_response_v0 success_response_v0 tlv_success no_reply -]
Dec 12, 2025 4:49:38 PM de.learnlib.logging.LearnLogger logQuery
INFO: DB CACHE [ε | id_request_v0 challenge_v0 success_request_with_credentials tlv_request 4_way_message_1 challenge_v0 /  id_response_v0 challenge_response_v0 success_response_v0 tlv_success no_reply -]
Dec 12, 2025 4:49:38 PM de.learnlib.logging.LearnLogger logQuery
INFO: DB CACHE [ε | id_request_v0 challenge_v0 success_request_with_credentials tlv_request 4_way_message_1 id_request_v0 /  id_response_v0 challenge_response_v0 success_response_v0 tlv_success no_reply -]
Dec 12, 2025 4:49:38 PM de.learnlib.logging.LearnLogger logQuery
INFO: DISABLED [ε | id_request_v0 challenge_v0 success_request_with_credentials tlv_request eap_success 4_way_message_1 4_way_message_1 4_way_message_1 /  id_response_v0 challenge_response_v0 success_response_v0 tlv_success after_eap_success 4_way_message_2 - -]
Dec 12, 2025 4:49:38 PM de.learnlib.logging.LearnLogger logQuery
INFO: DISABLED [ε | id_request_v0 challenge_v0 success_request_with_credentials tlv_request eap_success 4_way_message_1 4_way_message_1 eap_success /  id_response_v0 challenge_response_v0 success_response_v0 tlv_success after_eap_success 4_way_message_2 - -]
Dec 12, 2025 4:49:38 PM de.learnlib.logging.LearnLogger logQuery
INFO: DISABLED [ε | id_request_v0 challenge_v0 success_request_with_credentials tlv_request eap_success 4_way_message_1 4_way_message_1 cryptobinding /  id_response_v0 challenge_response_v0 success_response_v0 tlv_success after_eap_success 4_way_message_2 - -]
Dec 12, 2025 4:49:38 PM de.learnlib.logging.LearnLogger logQuery
INFO: DISABLED [ε | id_request_v0 challenge_v0 success_request_with_credentials tlv_request eap_success 4_way_message_1 4_way_message_1 success_and_cryptobinding /  id_response_v0 challenge_response_v0 success_response_v0 tlv_success after_eap_success 4_way_message_2 - -]
Dec 12, 2025 4:49:38 PM de.learnlib.logging.LearnLogger logQuery
INFO: DISABLED [ε | id_request_v0 challenge_v0 success_request_with_credentials tlv_request eap_success 4_way_message_1 4_way_message_1 success_request_with_credentials /  id_response_v0 challenge_response_v0 success_response_v0 tlv_success after_eap_success 4_way_message_2 - -]
Dec 12, 2025 4:49:38 PM de.learnlib.logging.LearnLogger logQuery
INFO: DISABLED [ε | id_request_v0 challenge_v0 success_request_with_credentials tlv_request eap_success 4_way_message_1 4_way_message_1 success_request_all_zeros /  id_response_v0 challenge_response_v0 success_response_v0 tlv_success after_eap_success 4_way_message_2 - -]
Dec 12, 2025 4:49:38 PM de.learnlib.logging.LearnLogger logQuery
INFO: DISABLED [ε | id_request_v0 challenge_v0 success_request_with_credentials tlv_request eap_success 4_way_message_1 4_way_message_1 tlv_failure /  id_response_v0 challenge_response_v0 success_response_v0 tlv_success after_eap_success 4_way_message_2 - -]
Dec 12, 2025 4:49:38 PM de.learnlib.logging.LearnLogger logQuery
INFO: DISABLED [ε | id_request_v0 challenge_v0 success_request_with_credentials tlv_request eap_success 4_way_message_1 4_way_message_1 tlv_request /  id_response_v0 challenge_response_v0 success_response_v0 tlv_success after_eap_success 4_way_message_2 - -]
Dec 12, 2025 4:49:38 PM de.learnlib.logging.LearnLogger logQuery
INFO: DISABLED [ε | id_request_v0 challenge_v0 success_request_with_credentials tlv_request eap_success 4_way_message_1 4_way_message_1 challenge_v0 /  id_response_v0 challenge_response_v0 success_response_v0 tlv_success after_eap_success 4_way_message_2 - -]
Dec 12, 2025 4:49:38 PM de.learnlib.logging.LearnLogger logQuery
INFO: DISABLED [ε | id_request_v0 challenge_v0 success_request_with_credentials tlv_request eap_success 4_way_message_1 4_way_message_1 id_request_v0 /  id_response_v0 challenge_response_v0 success_response_v0 tlv_success after_eap_success 4_way_message_2 - -]
Dec 12, 2025 4:49:38 PM de.learnlib.logging.LearnLogger logQuery
INFO: DISABLED [ε | id_request_v0 challenge_v0 success_request_with_credentials tlv_request eap_success 4_way_message_1 eap_success 4_way_message_1 /  id_response_v0 challenge_response_v0 success_response_v0 tlv_success after_eap_success 4_way_message_2 - -]
Dec 12, 2025 4:49:38 PM de.learnlib.logging.LearnLogger logQuery
INFO: DISABLED [ε | id_request_v0 challenge_v0 success_request_with_credentials tlv_request eap_success 4_way_message_1 eap_success eap_success /  id_response_v0 challenge_response_v0 success_response_v0 tlv_success after_eap_success 4_way_message_2 - -]
Dec 12, 2025 4:49:38 PM de.learnlib.logging.LearnLogger logQuery
INFO: DISABLED [ε | id_request_v0 challenge_v0 success_request_with_credentials tlv_request eap_success 4_way_message_1 eap_success cryptobinding /  id_response_v0 challenge_response_v0 success_response_v0 tlv_success after_eap_success 4_way_message_2 - -]
Dec 12, 2025 4:49:38 PM de.learnlib.logging.LearnLogger logQuery
INFO: DISABLED [ε | id_request_v0 challenge_v0 success_request_with_credentials tlv_request eap_success 4_way_message_1 eap_success success_and_cryptobinding /  id_response_v0 challenge_response_v0 success_response_v0 tlv_success after_eap_success 4_way_message_2 - -]
Dec 12, 2025 4:49:38 PM de.learnlib.logging.LearnLogger logQuery
INFO: DISABLED [ε | id_request_v0 challenge_v0 success_request_with_credentials tlv_request eap_success 4_way_message_1 eap_success success_request_with_credentials /  id_response_v0 challenge_response_v0 success_response_v0 tlv_success after_eap_success 4_way_message_2 - -]
Dec 12, 2025 4:49:38 PM de.learnlib.logging.LearnLogger logQuery
INFO: DISABLED [ε | id_request_v0 challenge_v0 success_request_with_credentials tlv_request eap_success 4_way_message_1 eap_success success_request_all_zeros /  id_response_v0 challenge_response_v0 success_response_v0 tlv_success after_eap_success 4_way_message_2 - -]
Dec 12, 2025 4:49:38 PM de.learnlib.logging.LearnLogger logQuery
INFO: DISABLED [ε | id_request_v0 challenge_v0 success_request_with_credentials tlv_request eap_success 4_way_message_1 eap_success tlv_failure /  id_response_v0 challenge_response_v0 success_response_v0 tlv_success after_eap_success 4_way_message_2 - -]
Dec 12, 2025 4:49:38 PM de.learnlib.logging.LearnLogger logQuery
INFO: DISABLED [ε | id_request_v0 challenge_v0 success_request_with_credentials tlv_request eap_success 4_way_message_1 eap_success tlv_request /  id_response_v0 challenge_response_v0 success_response_v0 tlv_success after_eap_success 4_way_message_2 - -]
Dec 12, 2025 4:49:38 PM de.learnlib.logging.LearnLogger logQuery
INFO: DISABLED [ε | id_request_v0 challenge_v0 success_request_with_credentials tlv_request eap_success 4_way_message_1 eap_success challenge_v0 /  id_response_v0 challenge_response_v0 success_response_v0 tlv_success after_eap_success 4_way_message_2 - -]
Dec 12, 2025 4:49:38 PM de.learnlib.logging.LearnLogger logQuery
INFO: DISABLED [ε | id_request_v0 challenge_v0 success_request_with_credentials tlv_request eap_success 4_way_message_1 eap_success id_request_v0 /  id_response_v0 challenge_response_v0 success_response_v0 tlv_success after_eap_success 4_way_message_2 - -]
Dec 12, 2025 4:49:38 PM de.learnlib.logging.LearnLogger logQuery
INFO: DISABLED [ε | id_request_v0 challenge_v0 success_request_with_credentials tlv_request eap_success 4_way_message_1 cryptobinding 4_way_message_1 /  id_response_v0 challenge_response_v0 success_response_v0 tlv_success after_eap_success 4_way_message_2 - -]
Dec 12, 2025 4:49:38 PM de.learnlib.logging.LearnLogger logQuery
INFO: DISABLED [ε | id_request_v0 challenge_v0 success_request_with_credentials tlv_request eap_success 4_way_message_1 cryptobinding eap_success /  id_response_v0 challenge_response_v0 success_response_v0 tlv_success after_eap_success 4_way_message_2 - -]
Dec 12, 2025 4:49:38 PM de.learnlib.logging.LearnLogger logQuery
INFO: DISABLED [ε | id_request_v0 challenge_v0 success_request_with_credentials tlv_request eap_success 4_way_message_1 cryptobinding cryptobinding /  id_response_v0 challenge_response_v0 success_response_v0 tlv_success after_eap_success 4_way_message_2 - -]
Dec 12, 2025 4:49:38 PM de.learnlib.logging.LearnLogger logQuery
INFO: DISABLED [ε | id_request_v0 challenge_v0 success_request_with_credentials tlv_request eap_success 4_way_message_1 cryptobinding success_and_cryptobinding /  id_response_v0 challenge_response_v0 success_response_v0 tlv_success after_eap_success 4_way_message_2 - -]
Dec 12, 2025 4:49:38 PM de.learnlib.logging.LearnLogger logQuery
INFO: DISABLED [ε | id_request_v0 challenge_v0 success_request_with_credentials tlv_request eap_success 4_way_message_1 cryptobinding success_request_with_credentials /  id_response_v0 challenge_response_v0 success_response_v0 tlv_success after_eap_success 4_way_message_2 - -]
Dec 12, 2025 4:49:38 PM de.learnlib.logging.LearnLogger logQuery
INFO: DISABLED [ε | id_request_v0 challenge_v0 success_request_with_credentials tlv_request eap_success 4_way_message_1 cryptobinding success_request_all_zeros /  id_response_v0 challenge_response_v0 success_response_v0 tlv_success after_eap_success 4_way_message_2 - -]
Dec 12, 2025 4:49:38 PM de.learnlib.logging.LearnLogger logQuery
INFO: DISABLED [ε | id_request_v0 challenge_v0 success_request_with_credentials tlv_request eap_success 4_way_message_1 cryptobinding tlv_failure /  id_response_v0 challenge_response_v0 success_response_v0 tlv_success after_eap_success 4_way_message_2 - -]
Dec 12, 2025 4:49:38 PM de.learnlib.logging.LearnLogger logQuery
INFO: DISABLED [ε | id_request_v0 challenge_v0 success_request_with_credentials tlv_request eap_success 4_way_message_1 cryptobinding tlv_request /  id_response_v0 challenge_response_v0 success_response_v0 tlv_success after_eap_success 4_way_message_2 - -]
Dec 12, 2025 4:49:38 PM de.learnlib.logging.LearnLogger logQuery
INFO: DISABLED [ε | id_request_v0 challenge_v0 success_request_with_credentials tlv_request eap_success 4_way_message_1 cryptobinding challenge_v0 /  id_response_v0 challenge_response_v0 success_response_v0 tlv_success after_eap_success 4_way_message_2 - -]
Dec 12, 2025 4:49:38 PM de.learnlib.logging.LearnLogger logQuery
INFO: DISABLED [ε | id_request_v0 challenge_v0 success_request_with_credentials tlv_request eap_success 4_way_message_1 cryptobinding id_request_v0 /  id_response_v0 challenge_response_v0 success_response_v0 tlv_success after_eap_success 4_way_message_2 - -]
Dec 12, 2025 4:49:38 PM de.learnlib.logging.LearnLogger logQuery
INFO: DISABLED [ε | id_request_v0 challenge_v0 success_request_with_credentials tlv_request eap_success 4_way_message_1 success_and_cryptobinding 4_way_message_1 /  id_response_v0 challenge_response_v0 success_response_v0 tlv_success after_eap_success 4_way_message_2 - -]
Dec 12, 2025 4:49:38 PM de.learnlib.logging.LearnLogger logQuery
INFO: DISABLED [ε | id_request_v0 challenge_v0 success_request_with_credentials tlv_request eap_success 4_way_message_1 success_and_cryptobinding eap_success /  id_response_v0 challenge_response_v0 success_response_v0 tlv_success after_eap_success 4_way_message_2 - -]
Dec 12, 2025 4:49:38 PM de.learnlib.logging.LearnLogger logQuery
INFO: DISABLED [ε | id_request_v0 challenge_v0 success_request_with_credentials tlv_request eap_success 4_way_message_1 success_and_cryptobinding cryptobinding /  id_response_v0 challenge_response_v0 success_response_v0 tlv_success after_eap_success 4_way_message_2 - -]
Dec 12, 2025 4:49:38 PM de.learnlib.logging.LearnLogger logQuery
INFO: DISABLED [ε | id_request_v0 challenge_v0 success_request_with_credentials tlv_request eap_success 4_way_message_1 success_and_cryptobinding success_and_cryptobinding /  id_response_v0 challenge_response_v0 success_response_v0 tlv_success after_eap_success 4_way_message_2 - -]
Dec 12, 2025 4:49:38 PM de.learnlib.logging.LearnLogger logQuery
INFO: DISABLED [ε | id_request_v0 challenge_v0 success_request_with_credentials tlv_request eap_success 4_way_message_1 success_and_cryptobinding success_request_with_credentials /  id_response_v0 challenge_response_v0 success_response_v0 tlv_success after_eap_success 4_way_message_2 - -]
Dec 12, 2025 4:49:38 PM de.learnlib.logging.LearnLogger logQuery
INFO: DISABLED [ε | id_request_v0 challenge_v0 success_request_with_credentials tlv_request eap_success 4_way_message_1 success_and_cryptobinding success_request_all_zeros /  id_response_v0 challenge_response_v0 success_response_v0 tlv_success after_eap_success 4_way_message_2 - -]
Dec 12, 2025 4:49:38 PM de.learnlib.logging.LearnLogger logQuery
INFO: DISABLED [ε | id_request_v0 challenge_v0 success_request_with_credentials tlv_request eap_success 4_way_message_1 success_and_cryptobinding tlv_failure /  id_response_v0 challenge_response_v0 success_response_v0 tlv_success after_eap_success 4_way_message_2 - -]
Dec 12, 2025 4:49:38 PM de.learnlib.logging.LearnLogger logQuery
INFO: DISABLED [ε | id_request_v0 challenge_v0 success_request_with_credentials tlv_request eap_success 4_way_message_1 success_and_cryptobinding tlv_request /  id_response_v0 challenge_response_v0 success_response_v0 tlv_success after_eap_success 4_way_message_2 - -]
Dec 12, 2025 4:49:38 PM de.learnlib.logging.LearnLogger logQuery
INFO: DISABLED [ε | id_request_v0 challenge_v0 success_request_with_credentials tlv_request eap_success 4_way_message_1 success_and_cryptobinding challenge_v0 /  id_response_v0 challenge_response_v0 success_response_v0 tlv_success after_eap_success 4_way_message_2 - -]
Dec 12, 2025 4:49:38 PM de.learnlib.logging.LearnLogger logQuery
INFO: DISABLED [ε | id_request_v0 challenge_v0 success_request_with_credentials tlv_request eap_success 4_way_message_1 success_and_cryptobinding id_request_v0 /  id_response_v0 challenge_response_v0 success_response_v0 tlv_success after_eap_success 4_way_message_2 - -]
Dec 12, 2025 4:49:38 PM de.learnlib.logging.LearnLogger logQuery
INFO: DISABLED [ε | id_request_v0 challenge_v0 success_request_with_credentials tlv_request eap_success 4_way_message_1 success_request_with_credentials 4_way_message_1 /  id_response_v0 challenge_response_v0 success_response_v0 tlv_success after_eap_success 4_way_message_2 - -]
Dec 12, 2025 4:49:38 PM de.learnlib.logging.LearnLogger logQuery
INFO: DISABLED [ε | id_request_v0 challenge_v0 success_request_with_credentials tlv_request eap_success 4_way_message_1 success_request_with_credentials eap_success /  id_response_v0 challenge_response_v0 success_response_v0 tlv_success after_eap_success 4_way_message_2 - -]
Dec 12, 2025 4:49:38 PM de.learnlib.logging.LearnLogger logQuery
INFO: DISABLED [ε | id_request_v0 challenge_v0 success_request_with_credentials tlv_request eap_success 4_way_message_1 success_request_with_credentials cryptobinding /  id_response_v0 challenge_response_v0 success_response_v0 tlv_success after_eap_success 4_way_message_2 - -]
Dec 12, 2025 4:49:38 PM de.learnlib.logging.LearnLogger logQuery
INFO: DISABLED [ε | id_request_v0 challenge_v0 success_request_with_credentials tlv_request eap_success 4_way_message_1 success_request_with_credentials success_and_cryptobinding /  id_response_v0 challenge_response_v0 success_response_v0 tlv_success after_eap_success 4_way_message_2 - -]
Dec 12, 2025 4:49:38 PM de.learnlib.logging.LearnLogger logQuery
INFO: DISABLED [ε | id_request_v0 challenge_v0 success_request_with_credentials tlv_request eap_success 4_way_message_1 success_request_with_credentials success_request_with_credentials /  id_response_v0 challenge_response_v0 success_response_v0 tlv_success after_eap_success 4_way_message_2 - -]
Dec 12, 2025 4:49:38 PM de.learnlib.logging.LearnLogger logQuery
INFO: DISABLED [ε | id_request_v0 challenge_v0 success_request_with_credentials tlv_request eap_success 4_way_message_1 success_request_with_credentials success_request_all_zeros /  id_response_v0 challenge_response_v0 success_response_v0 tlv_success after_eap_success 4_way_message_2 - -]
Dec 12, 2025 4:49:38 PM de.learnlib.logging.LearnLogger logQuery
INFO: DISABLED [ε | id_request_v0 challenge_v0 success_request_with_credentials tlv_request eap_success 4_way_message_1 success_request_with_credentials tlv_failure /  id_response_v0 challenge_response_v0 success_response_v0 tlv_success after_eap_success 4_way_message_2 - -]
Dec 12, 2025 4:49:38 PM de.learnlib.logging.LearnLogger logQuery
INFO: DISABLED [ε | id_request_v0 challenge_v0 success_request_with_credentials tlv_request eap_success 4_way_message_1 success_request_with_credentials tlv_request /  id_response_v0 challenge_response_v0 success_response_v0 tlv_success after_eap_success 4_way_message_2 - -]
Dec 12, 2025 4:49:38 PM de.learnlib.logging.LearnLogger logQuery
INFO: DISABLED [ε | id_request_v0 challenge_v0 success_request_with_credentials tlv_request eap_success 4_way_message_1 success_request_with_credentials challenge_v0 /  id_response_v0 challenge_response_v0 success_response_v0 tlv_success after_eap_success 4_way_message_2 - -]
Dec 12, 2025 4:49:38 PM de.learnlib.logging.LearnLogger logQuery
INFO: DISABLED [ε | id_request_v0 challenge_v0 success_request_with_credentials tlv_request eap_success 4_way_message_1 success_request_with_credentials id_request_v0 /  id_response_v0 challenge_response_v0 success_response_v0 tlv_success after_eap_success 4_way_message_2 - -]
Dec 12, 2025 4:49:38 PM de.learnlib.logging.LearnLogger logQuery
INFO: DISABLED [ε | id_request_v0 challenge_v0 success_request_with_credentials tlv_request eap_success 4_way_message_1 success_request_all_zeros 4_way_message_1 /  id_response_v0 challenge_response_v0 success_response_v0 tlv_success after_eap_success 4_way_message_2 - -]
Dec 12, 2025 4:49:38 PM de.learnlib.logging.LearnLogger logQuery
INFO: DISABLED [ε | id_request_v0 challenge_v0 success_request_with_credentials tlv_request eap_success 4_way_message_1 success_request_all_zeros eap_success /  id_response_v0 challenge_response_v0 success_response_v0 tlv_success after_eap_success 4_way_message_2 - -]
Dec 12, 2025 4:49:38 PM de.learnlib.logging.LearnLogger logQuery
INFO: DISABLED [ε | id_request_v0 challenge_v0 success_request_with_credentials tlv_request eap_success 4_way_message_1 success_request_all_zeros cryptobinding /  id_response_v0 challenge_response_v0 success_response_v0 tlv_success after_eap_success 4_way_message_2 - -]
Dec 12, 2025 4:49:38 PM de.learnlib.logging.LearnLogger logQuery
INFO: DISABLED [ε | id_request_v0 challenge_v0 success_request_with_credentials tlv_request eap_success 4_way_message_1 success_request_all_zeros success_and_cryptobinding /  id_response_v0 challenge_response_v0 success_response_v0 tlv_success after_eap_success 4_way_message_2 - -]
Dec 12, 2025 4:49:38 PM de.learnlib.logging.LearnLogger logQuery
INFO: DISABLED [ε | id_request_v0 challenge_v0 success_request_with_credentials tlv_request eap_success 4_way_message_1 success_request_all_zeros success_request_with_credentials /  id_response_v0 challenge_response_v0 success_response_v0 tlv_success after_eap_success 4_way_message_2 - -]
Dec 12, 2025 4:49:38 PM de.learnlib.logging.LearnLogger logQuery
INFO: DISABLED [ε | id_request_v0 challenge_v0 success_request_with_credentials tlv_request eap_success 4_way_message_1 success_request_all_zeros success_request_all_zeros /  id_response_v0 challenge_response_v0 success_response_v0 tlv_success after_eap_success 4_way_message_2 - -]
Dec 12, 2025 4:49:38 PM de.learnlib.logging.LearnLogger logQuery
INFO: DISABLED [ε | id_request_v0 challenge_v0 success_request_with_credentials tlv_request eap_success 4_way_message_1 success_request_all_zeros tlv_failure /  id_response_v0 challenge_response_v0 success_response_v0 tlv_success after_eap_success 4_way_message_2 - -]
Dec 12, 2025 4:49:38 PM de.learnlib.logging.LearnLogger logQuery
INFO: DISABLED [ε | id_request_v0 challenge_v0 success_request_with_credentials tlv_request eap_success 4_way_message_1 success_request_all_zeros tlv_request /  id_response_v0 challenge_response_v0 success_response_v0 tlv_success after_eap_success 4_way_message_2 - -]
Dec 12, 2025 4:49:38 PM de.learnlib.logging.LearnLogger logQuery
INFO: DISABLED [ε | id_request_v0 challenge_v0 success_request_with_credentials tlv_request eap_success 4_way_message_1 success_request_all_zeros challenge_v0 /  id_response_v0 challenge_response_v0 success_response_v0 tlv_success after_eap_success 4_way_message_2 - -]
Dec 12, 2025 4:49:38 PM de.learnlib.logging.LearnLogger logQuery
INFO: DISABLED [ε | id_request_v0 challenge_v0 success_request_with_credentials tlv_request eap_success 4_way_message_1 success_request_all_zeros id_request_v0 /  id_response_v0 challenge_response_v0 success_response_v0 tlv_success after_eap_success 4_way_message_2 - -]
Dec 12, 2025 4:49:38 PM de.learnlib.logging.LearnLogger logQuery
INFO: DISABLED [ε | id_request_v0 challenge_v0 success_request_with_credentials tlv_request eap_success 4_way_message_1 tlv_failure 4_way_message_1 /  id_response_v0 challenge_response_v0 success_response_v0 tlv_success after_eap_success 4_way_message_2 - -]
Dec 12, 2025 4:49:38 PM de.learnlib.logging.LearnLogger logQuery
INFO: DISABLED [ε | id_request_v0 challenge_v0 success_request_with_credentials tlv_request eap_success 4_way_message_1 tlv_failure eap_success /  id_response_v0 challenge_response_v0 success_response_v0 tlv_success after_eap_success 4_way_message_2 - -]
Dec 12, 2025 4:49:38 PM de.learnlib.logging.LearnLogger logQuery
INFO: DISABLED [ε | id_request_v0 challenge_v0 success_request_with_credentials tlv_request eap_success 4_way_message_1 tlv_failure cryptobinding /  id_response_v0 challenge_response_v0 success_response_v0 tlv_success after_eap_success 4_way_message_2 - -]
Dec 12, 2025 4:49:38 PM de.learnlib.logging.LearnLogger logQuery
INFO: DISABLED [ε | id_request_v0 challenge_v0 success_request_with_credentials tlv_request eap_success 4_way_message_1 tlv_failure success_and_cryptobinding /  id_response_v0 challenge_response_v0 success_response_v0 tlv_success after_eap_success 4_way_message_2 - -]
Dec 12, 2025 4:49:38 PM de.learnlib.logging.LearnLogger logQuery
INFO: DISABLED [ε | id_request_v0 challenge_v0 success_request_with_credentials tlv_request eap_success 4_way_message_1 tlv_failure success_request_with_credentials /  id_response_v0 challenge_response_v0 success_response_v0 tlv_success after_eap_success 4_way_message_2 - -]
Dec 12, 2025 4:49:38 PM de.learnlib.logging.LearnLogger logQuery
INFO: DISABLED [ε | id_request_v0 challenge_v0 success_request_with_credentials tlv_request eap_success 4_way_message_1 tlv_failure success_request_all_zeros /  id_response_v0 challenge_response_v0 success_response_v0 tlv_success after_eap_success 4_way_message_2 - -]
Dec 12, 2025 4:49:38 PM de.learnlib.logging.LearnLogger logQuery
INFO: DISABLED [ε | id_request_v0 challenge_v0 success_request_with_credentials tlv_request eap_success 4_way_message_1 tlv_failure tlv_failure /  id_response_v0 challenge_response_v0 success_response_v0 tlv_success after_eap_success 4_way_message_2 - -]
Dec 12, 2025 4:49:38 PM de.learnlib.logging.LearnLogger logQuery
INFO: DISABLED [ε | id_request_v0 challenge_v0 success_request_with_credentials tlv_request eap_success 4_way_message_1 tlv_failure tlv_request /  id_response_v0 challenge_response_v0 success_response_v0 tlv_success after_eap_success 4_way_message_2 - -]
Dec 12, 2025 4:49:38 PM de.learnlib.logging.LearnLogger logQuery
INFO: DISABLED [ε | id_request_v0 challenge_v0 success_request_with_credentials tlv_request eap_success 4_way_message_1 tlv_failure challenge_v0 /  id_response_v0 challenge_response_v0 success_response_v0 tlv_success after_eap_success 4_way_message_2 - -]
Dec 12, 2025 4:49:38 PM de.learnlib.logging.LearnLogger logQuery
INFO: DISABLED [ε | id_request_v0 challenge_v0 success_request_with_credentials tlv_request eap_success 4_way_message_1 tlv_failure id_request_v0 /  id_response_v0 challenge_response_v0 success_response_v0 tlv_success after_eap_success 4_way_message_2 - -]
Dec 12, 2025 4:49:38 PM de.learnlib.logging.LearnLogger logQuery
INFO: DISABLED [ε | id_request_v0 challenge_v0 success_request_with_credentials tlv_request eap_success 4_way_message_1 tlv_request 4_way_message_1 /  id_response_v0 challenge_response_v0 success_response_v0 tlv_success after_eap_success 4_way_message_2 - -]
Dec 12, 2025 4:49:38 PM de.learnlib.logging.LearnLogger logQuery
INFO: DISABLED [ε | id_request_v0 challenge_v0 success_request_with_credentials tlv_request eap_success 4_way_message_1 tlv_request eap_success /  id_response_v0 challenge_response_v0 success_response_v0 tlv_success after_eap_success 4_way_message_2 - -]
Dec 12, 2025 4:49:38 PM de.learnlib.logging.LearnLogger logQuery
INFO: DISABLED [ε | id_request_v0 challenge_v0 success_request_with_credentials tlv_request eap_success 4_way_message_1 tlv_request cryptobinding /  id_response_v0 challenge_response_v0 success_response_v0 tlv_success after_eap_success 4_way_message_2 - -]
Dec 12, 2025 4:49:38 PM de.learnlib.logging.LearnLogger logQuery
INFO: DISABLED [ε | id_request_v0 challenge_v0 success_request_with_credentials tlv_request eap_success 4_way_message_1 tlv_request success_and_cryptobinding /  id_response_v0 challenge_response_v0 success_response_v0 tlv_success after_eap_success 4_way_message_2 - -]
Dec 12, 2025 4:49:38 PM de.learnlib.logging.LearnLogger logQuery
INFO: DISABLED [ε | id_request_v0 challenge_v0 success_request_with_credentials tlv_request eap_success 4_way_message_1 tlv_request success_request_with_credentials /  id_response_v0 challenge_response_v0 success_response_v0 tlv_success after_eap_success 4_way_message_2 - -]
Dec 12, 2025 4:49:38 PM de.learnlib.logging.LearnLogger logQuery
INFO: DISABLED [ε | id_request_v0 challenge_v0 success_request_with_credentials tlv_request eap_success 4_way_message_1 tlv_request success_request_all_zeros /  id_response_v0 challenge_response_v0 success_response_v0 tlv_success after_eap_success 4_way_message_2 - -]
Dec 12, 2025 4:49:38 PM de.learnlib.logging.LearnLogger logQuery
INFO: DISABLED [ε | id_request_v0 challenge_v0 success_request_with_credentials tlv_request eap_success 4_way_message_1 tlv_request tlv_failure /  id_response_v0 challenge_response_v0 success_response_v0 tlv_success after_eap_success 4_way_message_2 - -]
Dec 12, 2025 4:49:38 PM de.learnlib.logging.LearnLogger logQuery
INFO: DISABLED [ε | id_request_v0 challenge_v0 success_request_with_credentials tlv_request eap_success 4_way_message_1 tlv_request tlv_request /  id_response_v0 challenge_response_v0 success_response_v0 tlv_success after_eap_success 4_way_message_2 - -]
Dec 12, 2025 4:49:38 PM de.learnlib.logging.LearnLogger logQuery
INFO: DISABLED [ε | id_request_v0 challenge_v0 success_request_with_credentials tlv_request eap_success 4_way_message_1 tlv_request challenge_v0 /  id_response_v0 challenge_response_v0 success_response_v0 tlv_success after_eap_success 4_way_message_2 - -]
Dec 12, 2025 4:49:38 PM de.learnlib.logging.LearnLogger logQuery
INFO: DISABLED [ε | id_request_v0 challenge_v0 success_request_with_credentials tlv_request eap_success 4_way_message_1 tlv_request id_request_v0 /  id_response_v0 challenge_response_v0 success_response_v0 tlv_success after_eap_success 4_way_message_2 - -]
Dec 12, 2025 4:49:38 PM de.learnlib.logging.LearnLogger logQuery
INFO: DISABLED [ε | id_request_v0 challenge_v0 success_request_with_credentials tlv_request eap_success 4_way_message_1 challenge_v0 4_way_message_1 /  id_response_v0 challenge_response_v0 success_response_v0 tlv_success after_eap_success 4_way_message_2 - -]
Dec 12, 2025 4:49:38 PM de.learnlib.logging.LearnLogger logQuery
INFO: DISABLED [ε | id_request_v0 challenge_v0 success_request_with_credentials tlv_request eap_success 4_way_message_1 challenge_v0 eap_success /  id_response_v0 challenge_response_v0 success_response_v0 tlv_success after_eap_success 4_way_message_2 - -]
Dec 12, 2025 4:49:38 PM de.learnlib.logging.LearnLogger logQuery
INFO: DISABLED [ε | id_request_v0 challenge_v0 success_request_with_credentials tlv_request eap_success 4_way_message_1 challenge_v0 cryptobinding /  id_response_v0 challenge_response_v0 success_response_v0 tlv_success after_eap_success 4_way_message_2 - -]
Dec 12, 2025 4:49:38 PM de.learnlib.logging.LearnLogger logQuery
INFO: DISABLED [ε | id_request_v0 challenge_v0 success_request_with_credentials tlv_request eap_success 4_way_message_1 challenge_v0 success_and_cryptobinding /  id_response_v0 challenge_response_v0 success_response_v0 tlv_success after_eap_success 4_way_message_2 - -]
Dec 12, 2025 4:49:38 PM de.learnlib.logging.LearnLogger logQuery
INFO: DISABLED [ε | id_request_v0 challenge_v0 success_request_with_credentials tlv_request eap_success 4_way_message_1 challenge_v0 success_request_with_credentials /  id_response_v0 challenge_response_v0 success_response_v0 tlv_success after_eap_success 4_way_message_2 - -]
Dec 12, 2025 4:49:38 PM de.learnlib.logging.LearnLogger logQuery
INFO: DISABLED [ε | id_request_v0 challenge_v0 success_request_with_credentials tlv_request eap_success 4_way_message_1 challenge_v0 success_request_all_zeros /  id_response_v0 challenge_response_v0 success_response_v0 tlv_success after_eap_success 4_way_message_2 - -]
Dec 12, 2025 4:49:38 PM de.learnlib.logging.LearnLogger logQuery
INFO: DISABLED [ε | id_request_v0 challenge_v0 success_request_with_credentials tlv_request eap_success 4_way_message_1 challenge_v0 tlv_failure /  id_response_v0 challenge_response_v0 success_response_v0 tlv_success after_eap_success 4_way_message_2 - -]
Dec 12, 2025 4:49:38 PM de.learnlib.logging.LearnLogger logQuery
INFO: DISABLED [ε | id_request_v0 challenge_v0 success_request_with_credentials tlv_request eap_success 4_way_message_1 challenge_v0 tlv_request /  id_response_v0 challenge_response_v0 success_response_v0 tlv_success after_eap_success 4_way_message_2 - -]
Dec 12, 2025 4:49:38 PM de.learnlib.logging.LearnLogger logQuery
INFO: DISABLED [ε | id_request_v0 challenge_v0 success_request_with_credentials tlv_request eap_success 4_way_message_1 challenge_v0 challenge_v0 /  id_response_v0 challenge_response_v0 success_response_v0 tlv_success after_eap_success 4_way_message_2 - -]
Dec 12, 2025 4:49:38 PM de.learnlib.logging.LearnLogger logQuery
INFO: DISABLED [ε | id_request_v0 challenge_v0 success_request_with_credentials tlv_request eap_success 4_way_message_1 challenge_v0 id_request_v0 /  id_response_v0 challenge_response_v0 success_response_v0 tlv_success after_eap_success 4_way_message_2 - -]
Dec 12, 2025 4:49:38 PM de.learnlib.logging.LearnLogger logQuery
INFO: DISABLED [ε | id_request_v0 challenge_v0 success_request_with_credentials tlv_request eap_success 4_way_message_1 id_request_v0 4_way_message_1 /  id_response_v0 challenge_response_v0 success_response_v0 tlv_success after_eap_success 4_way_message_2 - -]
Dec 12, 2025 4:49:38 PM de.learnlib.logging.LearnLogger logQuery
INFO: DISABLED [ε | id_request_v0 challenge_v0 success_request_with_credentials tlv_request eap_success 4_way_message_1 id_request_v0 eap_success /  id_response_v0 challenge_response_v0 success_response_v0 tlv_success after_eap_success 4_way_message_2 - -]
Dec 12, 2025 4:49:38 PM de.learnlib.logging.LearnLogger logQuery
INFO: DISABLED [ε | id_request_v0 challenge_v0 success_request_with_credentials tlv_request eap_success 4_way_message_1 id_request_v0 cryptobinding /  id_response_v0 challenge_response_v0 success_response_v0 tlv_success after_eap_success 4_way_message_2 - -]
Dec 12, 2025 4:49:38 PM de.learnlib.logging.LearnLogger logQuery
INFO: DISABLED [ε | id_request_v0 challenge_v0 success_request_with_credentials tlv_request eap_success 4_way_message_1 id_request_v0 success_and_cryptobinding /  id_response_v0 challenge_response_v0 success_response_v0 tlv_success after_eap_success 4_way_message_2 - -]
Dec 12, 2025 4:49:38 PM de.learnlib.logging.LearnLogger logQuery
INFO: DISABLED [ε | id_request_v0 challenge_v0 success_request_with_credentials tlv_request eap_success 4_way_message_1 id_request_v0 success_request_with_credentials /  id_response_v0 challenge_response_v0 success_response_v0 tlv_success after_eap_success 4_way_message_2 - -]
Dec 12, 2025 4:49:38 PM de.learnlib.logging.LearnLogger logQuery
INFO: DISABLED [ε | id_request_v0 challenge_v0 success_request_with_credentials tlv_request eap_success 4_way_message_1 id_request_v0 success_request_all_zeros /  id_response_v0 challenge_response_v0 success_response_v0 tlv_success after_eap_success 4_way_message_2 - -]
Dec 12, 2025 4:49:38 PM de.learnlib.logging.LearnLogger logQuery
INFO: DISABLED [ε | id_request_v0 challenge_v0 success_request_with_credentials tlv_request eap_success 4_way_message_1 id_request_v0 tlv_failure /  id_response_v0 challenge_response_v0 success_response_v0 tlv_success after_eap_success 4_way_message_2 - -]
Dec 12, 2025 4:49:38 PM de.learnlib.logging.LearnLogger logQuery
INFO: DISABLED [ε | id_request_v0 challenge_v0 success_request_with_credentials tlv_request eap_success 4_way_message_1 id_request_v0 tlv_request /  id_response_v0 challenge_response_v0 success_response_v0 tlv_success after_eap_success 4_way_message_2 - -]
Dec 12, 2025 4:49:38 PM de.learnlib.logging.LearnLogger logQuery
INFO: DISABLED [ε | id_request_v0 challenge_v0 success_request_with_credentials tlv_request eap_success 4_way_message_1 id_request_v0 challenge_v0 /  id_response_v0 challenge_response_v0 success_response_v0 tlv_success after_eap_success 4_way_message_2 - -]
Dec 12, 2025 4:49:38 PM de.learnlib.logging.LearnLogger logQuery
INFO: DISABLED [ε | id_request_v0 challenge_v0 success_request_with_credentials tlv_request eap_success 4_way_message_1 id_request_v0 id_request_v0 /  id_response_v0 challenge_response_v0 success_response_v0 tlv_success after_eap_success 4_way_message_2 - -]
Dec 12, 2025 4:49:40 PM de.learnlib.logging.LearnLogger logQuery
INFO: [ε | id_request_v0 challenge_v0 success_request_with_credentials tlv_request eap_success eap_success 4_way_message_1 / ε | id_response_v0 challenge_response_v0 success_response_v0 tlv_success after_eap_success after_eap_success 4_way_message_2]
Dec 12, 2025 4:49:42 PM de.learnlib.logging.LearnLogger logQuery
INFO: [ε | id_request_v0 challenge_v0 success_request_with_credentials tlv_request eap_success eap_success eap_success / ε | id_response_v0 challenge_response_v0 success_response_v0 tlv_success after_eap_success after_eap_success after_eap_success]
Dec 12, 2025 4:49:43 PM de.learnlib.logging.LearnLogger logQuery
INFO: [ε | id_request_v0 challenge_v0 success_request_with_credentials tlv_request eap_success eap_success cryptobinding / ε | id_response_v0 challenge_response_v0 success_response_v0 tlv_success after_eap_success after_eap_success no_reply]
Dec 12, 2025 4:49:46 PM de.learnlib.logging.LearnLogger logQuery
INFO: [ε | id_request_v0 challenge_v0 success_request_with_credentials tlv_request eap_success eap_success success_and_cryptobinding / ε | id_response_v0 challenge_response_v0 success_response_v0 tlv_success after_eap_success after_eap_success no_reply]
Dec 12, 2025 4:49:48 PM de.learnlib.logging.LearnLogger logQuery
INFO: [ε | id_request_v0 challenge_v0 success_request_with_credentials tlv_request eap_success eap_success success_request_with_credentials / ε | id_response_v0 challenge_response_v0 success_response_v0 tlv_success after_eap_success after_eap_success no_reply]
Dec 12, 2025 4:49:50 PM de.learnlib.logging.LearnLogger logQuery
INFO: [ε | id_request_v0 challenge_v0 success_request_with_credentials tlv_request eap_success eap_success success_request_all_zeros / ε | id_response_v0 challenge_response_v0 success_response_v0 tlv_success after_eap_success after_eap_success no_reply]
Dec 12, 2025 4:49:52 PM de.learnlib.logging.LearnLogger logQuery
INFO: [ε | id_request_v0 challenge_v0 success_request_with_credentials tlv_request eap_success eap_success tlv_failure / ε | id_response_v0 challenge_response_v0 success_response_v0 tlv_success after_eap_success after_eap_success no_reply]
Dec 12, 2025 4:49:52 PM de.learnlib.logging.LearnLogger logQuery
INFO: DB CACHE [ε | id_request_v0 challenge_v0 success_request_with_credentials tlv_request eap_success eap_success tlv_request /  id_response_v0 challenge_response_v0 success_response_v0 tlv_success after_eap_success after_eap_success no_reply]
Dec 12, 2025 4:49:52 PM de.learnlib.logging.LearnLogger logQuery
INFO: DB CACHE [ε | id_request_v0 challenge_v0 success_request_with_credentials tlv_request eap_success eap_success challenge_v0 /  id_response_v0 challenge_response_v0 success_response_v0 tlv_success after_eap_success after_eap_success no_reply]
Dec 12, 2025 4:49:52 PM de.learnlib.logging.LearnLogger logQuery
INFO: DB CACHE [ε | id_request_v0 challenge_v0 success_request_with_credentials tlv_request eap_success eap_success id_request_v0 /  id_response_v0 challenge_response_v0 success_response_v0 tlv_success after_eap_success after_eap_success no_reply]
Dec 12, 2025 4:49:52 PM de.learnlib.logging.LearnLogger logQuery
INFO: DB CACHE [ε | id_request_v0 challenge_v0 success_request_with_credentials tlv_request eap_success cryptobinding 4_way_message_1 /  id_response_v0 challenge_response_v0 success_response_v0 tlv_success after_eap_success no_reply -]
Dec 12, 2025 4:49:52 PM de.learnlib.logging.LearnLogger logQuery
INFO: DB CACHE [ε | id_request_v0 challenge_v0 success_request_with_credentials tlv_request eap_success cryptobinding eap_success /  id_response_v0 challenge_response_v0 success_response_v0 tlv_success after_eap_success no_reply -]
Dec 12, 2025 4:49:52 PM de.learnlib.logging.LearnLogger logQuery
INFO: DB CACHE [ε | id_request_v0 challenge_v0 success_request_with_credentials tlv_request eap_success cryptobinding cryptobinding /  id_response_v0 challenge_response_v0 success_response_v0 tlv_success after_eap_success no_reply -]
Dec 12, 2025 4:49:52 PM de.learnlib.logging.LearnLogger logQuery
INFO: DB CACHE [ε | id_request_v0 challenge_v0 success_request_with_credentials tlv_request eap_success cryptobinding success_and_cryptobinding /  id_response_v0 challenge_response_v0 success_response_v0 tlv_success after_eap_success no_reply -]
Dec 12, 2025 4:49:52 PM de.learnlib.logging.LearnLogger logQuery
INFO: DB CACHE [ε | id_request_v0 challenge_v0 success_request_with_credentials tlv_request eap_success cryptobinding success_request_with_credentials /  id_response_v0 challenge_response_v0 success_response_v0 tlv_success after_eap_success no_reply -]
Dec 12, 2025 4:49:52 PM de.learnlib.logging.LearnLogger logQuery
INFO: DB CACHE [ε | id_request_v0 challenge_v0 success_request_with_credentials tlv_request eap_success cryptobinding success_request_all_zeros /  id_response_v0 challenge_response_v0 success_response_v0 tlv_success after_eap_success no_reply -]
Dec 12, 2025 4:49:52 PM de.learnlib.logging.LearnLogger logQuery
INFO: DB CACHE [ε | id_request_v0 challenge_v0 success_request_with_credentials tlv_request eap_success cryptobinding tlv_failure /  id_response_v0 challenge_response_v0 success_response_v0 tlv_success after_eap_success no_reply -]
Dec 12, 2025 4:49:52 PM de.learnlib.logging.LearnLogger logQuery
INFO: DB CACHE [ε | id_request_v0 challenge_v0 success_request_with_credentials tlv_request eap_success cryptobinding tlv_request /  id_response_v0 challenge_response_v0 success_response_v0 tlv_success after_eap_success no_reply -]
Dec 12, 2025 4:49:52 PM de.learnlib.logging.LearnLogger logQuery
INFO: DB CACHE [ε | id_request_v0 challenge_v0 success_request_with_credentials tlv_request eap_success cryptobinding challenge_v0 /  id_response_v0 challenge_response_v0 success_response_v0 tlv_success after_eap_success no_reply -]
Dec 12, 2025 4:49:52 PM de.learnlib.logging.LearnLogger logQuery
INFO: DB CACHE [ε | id_request_v0 challenge_v0 success_request_with_credentials tlv_request eap_success cryptobinding id_request_v0 /  id_response_v0 challenge_response_v0 success_response_v0 tlv_success after_eap_success no_reply -]
Dec 12, 2025 4:49:52 PM de.learnlib.logging.LearnLogger logQuery
INFO: DB CACHE [ε | id_request_v0 challenge_v0 success_request_with_credentials tlv_request eap_success success_and_cryptobinding 4_way_message_1 /  id_response_v0 challenge_response_v0 success_response_v0 tlv_success after_eap_success no_reply -]
Dec 12, 2025 4:49:52 PM de.learnlib.logging.LearnLogger logQuery
INFO: DB CACHE [ε | id_request_v0 challenge_v0 success_request_with_credentials tlv_request eap_success success_and_cryptobinding eap_success /  id_response_v0 challenge_response_v0 success_response_v0 tlv_success after_eap_success no_reply -]
Dec 12, 2025 4:49:52 PM de.learnlib.logging.LearnLogger logQuery
INFO: DB CACHE [ε | id_request_v0 challenge_v0 success_request_with_credentials tlv_request eap_success success_and_cryptobinding cryptobinding /  id_response_v0 challenge_response_v0 success_response_v0 tlv_success after_eap_success no_reply -]
Dec 12, 2025 4:49:52 PM de.learnlib.logging.LearnLogger logQuery
INFO: DB CACHE [ε | id_request_v0 challenge_v0 success_request_with_credentials tlv_request eap_success success_and_cryptobinding success_and_cryptobinding /  id_response_v0 challenge_response_v0 success_response_v0 tlv_success after_eap_success no_reply -]
Dec 12, 2025 4:49:52 PM de.learnlib.logging.LearnLogger logQuery
INFO: DB CACHE [ε | id_request_v0 challenge_v0 success_request_with_credentials tlv_request eap_success success_and_cryptobinding success_request_with_credentials /  id_response_v0 challenge_response_v0 success_response_v0 tlv_success after_eap_success no_reply -]
Dec 12, 2025 4:49:52 PM de.learnlib.logging.LearnLogger logQuery
INFO: DB CACHE [ε | id_request_v0 challenge_v0 success_request_with_credentials tlv_request eap_success success_and_cryptobinding success_request_all_zeros /  id_response_v0 challenge_response_v0 success_response_v0 tlv_success after_eap_success no_reply -]
Dec 12, 2025 4:49:52 PM de.learnlib.logging.LearnLogger logQuery
INFO: DB CACHE [ε | id_request_v0 challenge_v0 success_request_with_credentials tlv_request eap_success success_and_cryptobinding tlv_failure /  id_response_v0 challenge_response_v0 success_response_v0 tlv_success after_eap_success no_reply -]
Dec 12, 2025 4:49:52 PM de.learnlib.logging.LearnLogger logQuery
INFO: DB CACHE [ε | id_request_v0 challenge_v0 success_request_with_credentials tlv_request eap_success success_and_cryptobinding tlv_request /  id_response_v0 challenge_response_v0 success_response_v0 tlv_success after_eap_success no_reply -]
Dec 12, 2025 4:49:52 PM de.learnlib.logging.LearnLogger logQuery
INFO: DB CACHE [ε | id_request_v0 challenge_v0 success_request_with_credentials tlv_request eap_success success_and_cryptobinding challenge_v0 /  id_response_v0 challenge_response_v0 success_response_v0 tlv_success after_eap_success no_reply -]
Dec 12, 2025 4:49:52 PM de.learnlib.logging.LearnLogger logQuery
INFO: DB CACHE [ε | id_request_v0 challenge_v0 success_request_with_credentials tlv_request eap_success success_and_cryptobinding id_request_v0 /  id_response_v0 challenge_response_v0 success_response_v0 tlv_success after_eap_success no_reply -]
Dec 12, 2025 4:49:52 PM de.learnlib.logging.LearnLogger logQuery
INFO: DB CACHE [ε | id_request_v0 challenge_v0 success_request_with_credentials tlv_request eap_success success_request_with_credentials 4_way_message_1 /  id_response_v0 challenge_response_v0 success_response_v0 tlv_success after_eap_success no_reply -]
Dec 12, 2025 4:49:52 PM de.learnlib.logging.LearnLogger logQuery
INFO: DB CACHE [ε | id_request_v0 challenge_v0 success_request_with_credentials tlv_request eap_success success_request_with_credentials eap_success /  id_response_v0 challenge_response_v0 success_response_v0 tlv_success after_eap_success no_reply -]
Dec 12, 2025 4:49:52 PM de.learnlib.logging.LearnLogger logQuery
INFO: DB CACHE [ε | id_request_v0 challenge_v0 success_request_with_credentials tlv_request eap_success success_request_with_credentials cryptobinding /  id_response_v0 challenge_response_v0 success_response_v0 tlv_success after_eap_success no_reply -]
Dec 12, 2025 4:49:52 PM de.learnlib.logging.LearnLogger logQuery
INFO: DB CACHE [ε | id_request_v0 challenge_v0 success_request_with_credentials tlv_request eap_success success_request_with_credentials success_and_cryptobinding /  id_response_v0 challenge_response_v0 success_response_v0 tlv_success after_eap_success no_reply -]
Dec 12, 2025 4:49:52 PM de.learnlib.logging.LearnLogger logQuery
INFO: DB CACHE [ε | id_request_v0 challenge_v0 success_request_with_credentials tlv_request eap_success success_request_with_credentials success_request_with_credentials /  id_response_v0 challenge_response_v0 success_response_v0 tlv_success after_eap_success no_reply -]
Dec 12, 2025 4:49:52 PM de.learnlib.logging.LearnLogger logQuery
INFO: DB CACHE [ε | id_request_v0 challenge_v0 success_request_with_credentials tlv_request eap_success success_request_with_credentials success_request_all_zeros /  id_response_v0 challenge_response_v0 success_response_v0 tlv_success after_eap_success no_reply -]
Dec 12, 2025 4:49:52 PM de.learnlib.logging.LearnLogger logQuery
INFO: DB CACHE [ε | id_request_v0 challenge_v0 success_request_with_credentials tlv_request eap_success success_request_with_credentials tlv_failure /  id_response_v0 challenge_response_v0 success_response_v0 tlv_success after_eap_success no_reply -]
Dec 12, 2025 4:49:52 PM de.learnlib.logging.LearnLogger logQuery
INFO: DB CACHE [ε | id_request_v0 challenge_v0 success_request_with_credentials tlv_request eap_success success_request_with_credentials tlv_request /  id_response_v0 challenge_response_v0 success_response_v0 tlv_success after_eap_success no_reply -]
Dec 12, 2025 4:49:52 PM de.learnlib.logging.LearnLogger logQuery
INFO: DB CACHE [ε | id_request_v0 challenge_v0 success_request_with_credentials tlv_request eap_success success_request_with_credentials challenge_v0 /  id_response_v0 challenge_response_v0 success_response_v0 tlv_success after_eap_success no_reply -]
Dec 12, 2025 4:49:52 PM de.learnlib.logging.LearnLogger logQuery
INFO: DB CACHE [ε | id_request_v0 challenge_v0 success_request_with_credentials tlv_request eap_success success_request_with_credentials id_request_v0 /  id_response_v0 challenge_response_v0 success_response_v0 tlv_success after_eap_success no_reply -]
Dec 12, 2025 4:49:52 PM de.learnlib.logging.LearnLogger logQuery
INFO: DB CACHE [ε | id_request_v0 challenge_v0 success_request_with_credentials tlv_request eap_success success_request_all_zeros 4_way_message_1 /  id_response_v0 challenge_response_v0 success_response_v0 tlv_success after_eap_success no_reply -]
Dec 12, 2025 4:49:52 PM de.learnlib.logging.LearnLogger logQuery
INFO: DB CACHE [ε | id_request_v0 challenge_v0 success_request_with_credentials tlv_request eap_success success_request_all_zeros eap_success /  id_response_v0 challenge_response_v0 success_response_v0 tlv_success after_eap_success no_reply -]
Dec 12, 2025 4:49:52 PM de.learnlib.logging.LearnLogger logQuery
INFO: DB CACHE [ε | id_request_v0 challenge_v0 success_request_with_credentials tlv_request eap_success success_request_all_zeros cryptobinding /  id_response_v0 challenge_response_v0 success_response_v0 tlv_success after_eap_success no_reply -]
Dec 12, 2025 4:49:52 PM de.learnlib.logging.LearnLogger logQuery
INFO: DB CACHE [ε | id_request_v0 challenge_v0 success_request_with_credentials tlv_request eap_success success_request_all_zeros success_and_cryptobinding /  id_response_v0 challenge_response_v0 success_response_v0 tlv_success after_eap_success no_reply -]
Dec 12, 2025 4:49:52 PM de.learnlib.logging.LearnLogger logQuery
INFO: DB CACHE [ε | id_request_v0 challenge_v0 success_request_with_credentials tlv_request eap_success success_request_all_zeros success_request_with_credentials /  id_response_v0 challenge_response_v0 success_response_v0 tlv_success after_eap_success no_reply -]
Dec 12, 2025 4:49:52 PM de.learnlib.logging.LearnLogger logQuery
INFO: DB CACHE [ε | id_request_v0 challenge_v0 success_request_with_credentials tlv_request eap_success success_request_all_zeros success_request_all_zeros /  id_response_v0 challenge_response_v0 success_response_v0 tlv_success after_eap_success no_reply -]
Dec 12, 2025 4:49:52 PM de.learnlib.logging.LearnLogger logQuery
INFO: DB CACHE [ε | id_request_v0 challenge_v0 success_request_with_credentials tlv_request eap_success success_request_all_zeros tlv_failure /  id_response_v0 challenge_response_v0 success_response_v0 tlv_success after_eap_success no_reply -]
Dec 12, 2025 4:49:52 PM de.learnlib.logging.LearnLogger logQuery
INFO: DB CACHE [ε | id_request_v0 challenge_v0 success_request_with_credentials tlv_request eap_success success_request_all_zeros tlv_request /  id_response_v0 challenge_response_v0 success_response_v0 tlv_success after_eap_success no_reply -]
Dec 12, 2025 4:49:52 PM de.learnlib.logging.LearnLogger logQuery
INFO: DB CACHE [ε | id_request_v0 challenge_v0 success_request_with_credentials tlv_request eap_success success_request_all_zeros challenge_v0 /  id_response_v0 challenge_response_v0 success_response_v0 tlv_success after_eap_success no_reply -]
Dec 12, 2025 4:49:52 PM de.learnlib.logging.LearnLogger logQuery
INFO: DB CACHE [ε | id_request_v0 challenge_v0 success_request_with_credentials tlv_request eap_success success_request_all_zeros id_request_v0 /  id_response_v0 challenge_response_v0 success_response_v0 tlv_success after_eap_success no_reply -]
Dec 12, 2025 4:49:52 PM de.learnlib.logging.LearnLogger logQuery
INFO: DB CACHE [ε | id_request_v0 challenge_v0 success_request_with_credentials tlv_request eap_success tlv_failure 4_way_message_1 /  id_response_v0 challenge_response_v0 success_response_v0 tlv_success after_eap_success no_reply -]
Dec 12, 2025 4:49:52 PM de.learnlib.logging.LearnLogger logQuery
INFO: DB CACHE [ε | id_request_v0 challenge_v0 success_request_with_credentials tlv_request eap_success tlv_failure eap_success /  id_response_v0 challenge_response_v0 success_response_v0 tlv_success after_eap_success no_reply -]
Dec 12, 2025 4:49:52 PM de.learnlib.logging.LearnLogger logQuery
INFO: DB CACHE [ε | id_request_v0 challenge_v0 success_request_with_credentials tlv_request eap_success tlv_failure cryptobinding /  id_response_v0 challenge_response_v0 success_response_v0 tlv_success after_eap_success no_reply -]
Dec 12, 2025 4:49:52 PM de.learnlib.logging.LearnLogger logQuery
INFO: DB CACHE [ε | id_request_v0 challenge_v0 success_request_with_credentials tlv_request eap_success tlv_failure success_and_cryptobinding /  id_response_v0 challenge_response_v0 success_response_v0 tlv_success after_eap_success no_reply -]
Dec 12, 2025 4:49:52 PM de.learnlib.logging.LearnLogger logQuery
INFO: DB CACHE [ε | id_request_v0 challenge_v0 success_request_with_credentials tlv_request eap_success tlv_failure success_request_with_credentials /  id_response_v0 challenge_response_v0 success_response_v0 tlv_success after_eap_success no_reply -]
Dec 12, 2025 4:49:52 PM de.learnlib.logging.LearnLogger logQuery
INFO: DB CACHE [ε | id_request_v0 challenge_v0 success_request_with_credentials tlv_request eap_success tlv_failure success_request_all_zeros /  id_response_v0 challenge_response_v0 success_response_v0 tlv_success after_eap_success no_reply -]
Dec 12, 2025 4:49:52 PM de.learnlib.logging.LearnLogger logQuery
INFO: DB CACHE [ε | id_request_v0 challenge_v0 success_request_with_credentials tlv_request eap_success tlv_failure tlv_failure /  id_response_v0 challenge_response_v0 success_response_v0 tlv_success after_eap_success no_reply -]
Dec 12, 2025 4:49:52 PM de.learnlib.logging.LearnLogger logQuery
INFO: DB CACHE [ε | id_request_v0 challenge_v0 success_request_with_credentials tlv_request eap_success tlv_failure tlv_request /  id_response_v0 challenge_response_v0 success_response_v0 tlv_success after_eap_success no_reply -]
Dec 12, 2025 4:49:52 PM de.learnlib.logging.LearnLogger logQuery
INFO: DB CACHE [ε | id_request_v0 challenge_v0 success_request_with_credentials tlv_request eap_success tlv_failure challenge_v0 /  id_response_v0 challenge_response_v0 success_response_v0 tlv_success after_eap_success no_reply -]
Dec 12, 2025 4:49:52 PM de.learnlib.logging.LearnLogger logQuery
INFO: DB CACHE [ε | id_request_v0 challenge_v0 success_request_with_credentials tlv_request eap_success tlv_failure id_request_v0 /  id_response_v0 challenge_response_v0 success_response_v0 tlv_success after_eap_success no_reply -]
Dec 12, 2025 4:49:52 PM de.learnlib.logging.LearnLogger logQuery
INFO: DB CACHE [ε | id_request_v0 challenge_v0 success_request_with_credentials tlv_request eap_success tlv_request 4_way_message_1 /  id_response_v0 challenge_response_v0 success_response_v0 tlv_success after_eap_success no_reply -]
Dec 12, 2025 4:49:52 PM de.learnlib.logging.LearnLogger logQuery
INFO: DB CACHE [ε | id_request_v0 challenge_v0 success_request_with_credentials tlv_request eap_success tlv_request eap_success /  id_response_v0 challenge_response_v0 success_response_v0 tlv_success after_eap_success no_reply -]
Dec 12, 2025 4:49:52 PM de.learnlib.logging.LearnLogger logQuery
INFO: DB CACHE [ε | id_request_v0 challenge_v0 success_request_with_credentials tlv_request eap_success tlv_request cryptobinding /  id_response_v0 challenge_response_v0 success_response_v0 tlv_success after_eap_success no_reply -]
Dec 12, 2025 4:49:52 PM de.learnlib.logging.LearnLogger logQuery
INFO: DB CACHE [ε | id_request_v0 challenge_v0 success_request_with_credentials tlv_request eap_success tlv_request success_and_cryptobinding /  id_response_v0 challenge_response_v0 success_response_v0 tlv_success after_eap_success no_reply -]
Dec 12, 2025 4:49:52 PM de.learnlib.logging.LearnLogger logQuery
INFO: DB CACHE [ε | id_request_v0 challenge_v0 success_request_with_credentials tlv_request eap_success tlv_request success_request_with_credentials /  id_response_v0 challenge_response_v0 success_response_v0 tlv_success after_eap_success no_reply -]
Dec 12, 2025 4:49:52 PM de.learnlib.logging.LearnLogger logQuery
INFO: DB CACHE [ε | id_request_v0 challenge_v0 success_request_with_credentials tlv_request eap_success tlv_request success_request_all_zeros /  id_response_v0 challenge_response_v0 success_response_v0 tlv_success after_eap_success no_reply -]
Dec 12, 2025 4:49:52 PM de.learnlib.logging.LearnLogger logQuery
INFO: DB CACHE [ε | id_request_v0 challenge_v0 success_request_with_credentials tlv_request eap_success tlv_request tlv_failure /  id_response_v0 challenge_response_v0 success_response_v0 tlv_success after_eap_success no_reply -]
Dec 12, 2025 4:49:52 PM de.learnlib.logging.LearnLogger logQuery
INFO: DB CACHE [ε | id_request_v0 challenge_v0 success_request_with_credentials tlv_request eap_success tlv_request tlv_request /  id_response_v0 challenge_response_v0 success_response_v0 tlv_success after_eap_success no_reply -]
Dec 12, 2025 4:49:52 PM de.learnlib.logging.LearnLogger logQuery
INFO: DB CACHE [ε | id_request_v0 challenge_v0 success_request_with_credentials tlv_request eap_success tlv_request challenge_v0 /  id_response_v0 challenge_response_v0 success_response_v0 tlv_success after_eap_success no_reply -]
Dec 12, 2025 4:49:52 PM de.learnlib.logging.LearnLogger logQuery
INFO: DB CACHE [ε | id_request_v0 challenge_v0 success_request_with_credentials tlv_request eap_success tlv_request id_request_v0 /  id_response_v0 challenge_response_v0 success_response_v0 tlv_success after_eap_success no_reply -]
Dec 12, 2025 4:49:52 PM de.learnlib.logging.LearnLogger logQuery
INFO: DB CACHE [ε | id_request_v0 challenge_v0 success_request_with_credentials tlv_request eap_success challenge_v0 4_way_message_1 /  id_response_v0 challenge_response_v0 success_response_v0 tlv_success after_eap_success no_reply -]
Dec 12, 2025 4:49:52 PM de.learnlib.logging.LearnLogger logQuery
INFO: DB CACHE [ε | id_request_v0 challenge_v0 success_request_with_credentials tlv_request eap_success challenge_v0 eap_success /  id_response_v0 challenge_response_v0 success_response_v0 tlv_success after_eap_success no_reply -]
Dec 12, 2025 4:49:52 PM de.learnlib.logging.LearnLogger logQuery
INFO: DB CACHE [ε | id_request_v0 challenge_v0 success_request_with_credentials tlv_request eap_success challenge_v0 cryptobinding /  id_response_v0 challenge_response_v0 success_response_v0 tlv_success after_eap_success no_reply -]
Dec 12, 2025 4:49:52 PM de.learnlib.logging.LearnLogger logQuery
INFO: DB CACHE [ε | id_request_v0 challenge_v0 success_request_with_credentials tlv_request eap_success challenge_v0 success_and_cryptobinding /  id_response_v0 challenge_response_v0 success_response_v0 tlv_success after_eap_success no_reply -]
Dec 12, 2025 4:49:52 PM de.learnlib.logging.LearnLogger logQuery
INFO: DB CACHE [ε | id_request_v0 challenge_v0 success_request_with_credentials tlv_request eap_success challenge_v0 success_request_with_credentials /  id_response_v0 challenge_response_v0 success_response_v0 tlv_success after_eap_success no_reply -]
Dec 12, 2025 4:49:52 PM de.learnlib.logging.LearnLogger logQuery
INFO: DB CACHE [ε | id_request_v0 challenge_v0 success_request_with_credentials tlv_request eap_success challenge_v0 success_request_all_zeros /  id_response_v0 challenge_response_v0 success_response_v0 tlv_success after_eap_success no_reply -]
Dec 12, 2025 4:49:52 PM de.learnlib.logging.LearnLogger logQuery
INFO: DB CACHE [ε | id_request_v0 challenge_v0 success_request_with_credentials tlv_request eap_success challenge_v0 tlv_failure /  id_response_v0 challenge_response_v0 success_response_v0 tlv_success after_eap_success no_reply -]
Dec 12, 2025 4:49:52 PM de.learnlib.logging.LearnLogger logQuery
INFO: DB CACHE [ε | id_request_v0 challenge_v0 success_request_with_credentials tlv_request eap_success challenge_v0 tlv_request /  id_response_v0 challenge_response_v0 success_response_v0 tlv_success after_eap_success no_reply -]
Dec 12, 2025 4:49:52 PM de.learnlib.logging.LearnLogger logQuery
INFO: DB CACHE [ε | id_request_v0 challenge_v0 success_request_with_credentials tlv_request eap_success challenge_v0 challenge_v0 /  id_response_v0 challenge_response_v0 success_response_v0 tlv_success after_eap_success no_reply -]
Dec 12, 2025 4:49:52 PM de.learnlib.logging.LearnLogger logQuery
INFO: DB CACHE [ε | id_request_v0 challenge_v0 success_request_with_credentials tlv_request eap_success challenge_v0 id_request_v0 /  id_response_v0 challenge_response_v0 success_response_v0 tlv_success after_eap_success no_reply -]
Dec 12, 2025 4:49:52 PM de.learnlib.logging.LearnLogger logQuery
INFO: DB CACHE [ε | id_request_v0 challenge_v0 success_request_with_credentials tlv_request eap_success id_request_v0 4_way_message_1 /  id_response_v0 challenge_response_v0 success_response_v0 tlv_success after_eap_success no_reply -]
Dec 12, 2025 4:49:52 PM de.learnlib.logging.LearnLogger logQuery
INFO: DB CACHE [ε | id_request_v0 challenge_v0 success_request_with_credentials tlv_request eap_success id_request_v0 eap_success /  id_response_v0 challenge_response_v0 success_response_v0 tlv_success after_eap_success no_reply -]
Dec 12, 2025 4:49:52 PM de.learnlib.logging.LearnLogger logQuery
INFO: DB CACHE [ε | id_request_v0 challenge_v0 success_request_with_credentials tlv_request eap_success id_request_v0 cryptobinding /  id_response_v0 challenge_response_v0 success_response_v0 tlv_success after_eap_success no_reply -]
Dec 12, 2025 4:49:52 PM de.learnlib.logging.LearnLogger logQuery
INFO: DB CACHE [ε | id_request_v0 challenge_v0 success_request_with_credentials tlv_request eap_success id_request_v0 success_and_cryptobinding /  id_response_v0 challenge_response_v0 success_response_v0 tlv_success after_eap_success no_reply -]
Dec 12, 2025 4:49:52 PM de.learnlib.logging.LearnLogger logQuery
INFO: DB CACHE [ε | id_request_v0 challenge_v0 success_request_with_credentials tlv_request eap_success id_request_v0 success_request_with_credentials /  id_response_v0 challenge_response_v0 success_response_v0 tlv_success after_eap_success no_reply -]
Dec 12, 2025 4:49:52 PM de.learnlib.logging.LearnLogger logQuery
INFO: DB CACHE [ε | id_request_v0 challenge_v0 success_request_with_credentials tlv_request eap_success id_request_v0 success_request_all_zeros /  id_response_v0 challenge_response_v0 success_response_v0 tlv_success after_eap_success no_reply -]
Dec 12, 2025 4:49:52 PM de.learnlib.logging.LearnLogger logQuery
INFO: DB CACHE [ε | id_request_v0 challenge_v0 success_request_with_credentials tlv_request eap_success id_request_v0 tlv_failure /  id_response_v0 challenge_response_v0 success_response_v0 tlv_success after_eap_success no_reply -]
Dec 12, 2025 4:49:52 PM de.learnlib.logging.LearnLogger logQuery
INFO: DB CACHE [ε | id_request_v0 challenge_v0 success_request_with_credentials tlv_request eap_success id_request_v0 tlv_request /  id_response_v0 challenge_response_v0 success_response_v0 tlv_success after_eap_success no_reply -]
Dec 12, 2025 4:49:52 PM de.learnlib.logging.LearnLogger logQuery
INFO: DB CACHE [ε | id_request_v0 challenge_v0 success_request_with_credentials tlv_request eap_success id_request_v0 challenge_v0 /  id_response_v0 challenge_response_v0 success_response_v0 tlv_success after_eap_success no_reply -]
Dec 12, 2025 4:49:52 PM de.learnlib.logging.LearnLogger logQuery
INFO: DB CACHE [ε | id_request_v0 challenge_v0 success_request_with_credentials tlv_request eap_success id_request_v0 id_request_v0 /  id_response_v0 challenge_response_v0 success_response_v0 tlv_success after_eap_success no_reply -]
Dec 12, 2025 4:49:52 PM de.learnlib.logging.LearnLogger logQuery
INFO: DB CACHE [ε | id_request_v0 challenge_v0 success_request_with_credentials tlv_request cryptobinding 4_way_message_1 /  id_response_v0 challenge_response_v0 success_response_v0 tlv_success no_reply -]
Dec 12, 2025 4:49:52 PM de.learnlib.logging.LearnLogger logQuery
INFO: DB CACHE [ε | id_request_v0 challenge_v0 success_request_with_credentials tlv_request cryptobinding eap_success /  id_response_v0 challenge_response_v0 success_response_v0 tlv_success no_reply -]
Dec 12, 2025 4:49:52 PM de.learnlib.logging.LearnLogger logQuery
INFO: DB CACHE [ε | id_request_v0 challenge_v0 success_request_with_credentials tlv_request cryptobinding cryptobinding /  id_response_v0 challenge_response_v0 success_response_v0 tlv_success no_reply -]
Dec 12, 2025 4:49:52 PM de.learnlib.logging.LearnLogger logQuery
INFO: DB CACHE [ε | id_request_v0 challenge_v0 success_request_with_credentials tlv_request cryptobinding success_and_cryptobinding /  id_response_v0 challenge_response_v0 success_response_v0 tlv_success no_reply -]
Dec 12, 2025 4:49:52 PM de.learnlib.logging.LearnLogger logQuery
INFO: DB CACHE [ε | id_request_v0 challenge_v0 success_request_with_credentials tlv_request cryptobinding success_request_with_credentials /  id_response_v0 challenge_response_v0 success_response_v0 tlv_success no_reply -]
Dec 12, 2025 4:49:52 PM de.learnlib.logging.LearnLogger logQuery
INFO: DB CACHE [ε | id_request_v0 challenge_v0 success_request_with_credentials tlv_request cryptobinding success_request_all_zeros /  id_response_v0 challenge_response_v0 success_response_v0 tlv_success no_reply -]
Dec 12, 2025 4:49:52 PM de.learnlib.logging.LearnLogger logQuery
INFO: DB CACHE [ε | id_request_v0 challenge_v0 success_request_with_credentials tlv_request cryptobinding tlv_failure /  id_response_v0 challenge_response_v0 success_response_v0 tlv_success no_reply -]
Dec 12, 2025 4:49:52 PM de.learnlib.logging.LearnLogger logQuery
INFO: DB CACHE [ε | id_request_v0 challenge_v0 success_request_with_credentials tlv_request cryptobinding tlv_request /  id_response_v0 challenge_response_v0 success_response_v0 tlv_success no_reply -]
Dec 12, 2025 4:49:52 PM de.learnlib.logging.LearnLogger logQuery
INFO: DB CACHE [ε | id_request_v0 challenge_v0 success_request_with_credentials tlv_request cryptobinding challenge_v0 /  id_response_v0 challenge_response_v0 success_response_v0 tlv_success no_reply -]
Dec 12, 2025 4:49:52 PM de.learnlib.logging.LearnLogger logQuery
INFO: DB CACHE [ε | id_request_v0 challenge_v0 success_request_with_credentials tlv_request cryptobinding id_request_v0 /  id_response_v0 challenge_response_v0 success_response_v0 tlv_success no_reply -]
Dec 12, 2025 4:49:52 PM de.learnlib.logging.LearnLogger logQuery
INFO: DB CACHE [ε | id_request_v0 challenge_v0 success_request_with_credentials tlv_request success_and_cryptobinding 4_way_message_1 /  id_response_v0 challenge_response_v0 success_response_v0 tlv_success no_reply -]
Dec 12, 2025 4:49:52 PM de.learnlib.logging.LearnLogger logQuery
INFO: DB CACHE [ε | id_request_v0 challenge_v0 success_request_with_credentials tlv_request success_and_cryptobinding eap_success /  id_response_v0 challenge_response_v0 success_response_v0 tlv_success no_reply -]
Dec 12, 2025 4:49:52 PM de.learnlib.logging.LearnLogger logQuery
INFO: DB CACHE [ε | id_request_v0 challenge_v0 success_request_with_credentials tlv_request success_and_cryptobinding cryptobinding /  id_response_v0 challenge_response_v0 success_response_v0 tlv_success no_reply -]
Dec 12, 2025 4:49:52 PM de.learnlib.logging.LearnLogger logQuery
INFO: DB CACHE [ε | id_request_v0 challenge_v0 success_request_with_credentials tlv_request success_and_cryptobinding success_and_cryptobinding /  id_response_v0 challenge_response_v0 success_response_v0 tlv_success no_reply -]
Dec 12, 2025 4:49:52 PM de.learnlib.logging.LearnLogger logQuery
INFO: DB CACHE [ε | id_request_v0 challenge_v0 success_request_with_credentials tlv_request success_and_cryptobinding success_request_with_credentials /  id_response_v0 challenge_response_v0 success_response_v0 tlv_success no_reply -]
Dec 12, 2025 4:49:52 PM de.learnlib.logging.LearnLogger logQuery
INFO: DB CACHE [ε | id_request_v0 challenge_v0 success_request_with_credentials tlv_request success_and_cryptobinding success_request_all_zeros /  id_response_v0 challenge_response_v0 success_response_v0 tlv_success no_reply -]
Dec 12, 2025 4:49:52 PM de.learnlib.logging.LearnLogger logQuery
INFO: DB CACHE [ε | id_request_v0 challenge_v0 success_request_with_credentials tlv_request success_and_cryptobinding tlv_failure /  id_response_v0 challenge_response_v0 success_response_v0 tlv_success no_reply -]
Dec 12, 2025 4:49:52 PM de.learnlib.logging.LearnLogger logQuery
INFO: DB CACHE [ε | id_request_v0 challenge_v0 success_request_with_credentials tlv_request success_and_cryptobinding tlv_request /  id_response_v0 challenge_response_v0 success_response_v0 tlv_success no_reply -]
Dec 12, 2025 4:49:52 PM de.learnlib.logging.LearnLogger logQuery
INFO: DB CACHE [ε | id_request_v0 challenge_v0 success_request_with_credentials tlv_request success_and_cryptobinding challenge_v0 /  id_response_v0 challenge_response_v0 success_response_v0 tlv_success no_reply -]
Dec 12, 2025 4:49:52 PM de.learnlib.logging.LearnLogger logQuery
INFO: DB CACHE [ε | id_request_v0 challenge_v0 success_request_with_credentials tlv_request success_and_cryptobinding id_request_v0 /  id_response_v0 challenge_response_v0 success_response_v0 tlv_success no_reply -]
Dec 12, 2025 4:49:52 PM de.learnlib.logging.LearnLogger logQuery
INFO: DB CACHE [ε | id_request_v0 challenge_v0 success_request_with_credentials tlv_request success_request_with_credentials 4_way_message_1 /  id_response_v0 challenge_response_v0 success_response_v0 tlv_success no_reply -]
Dec 12, 2025 4:49:52 PM de.learnlib.logging.LearnLogger logQuery
INFO: DB CACHE [ε | id_request_v0 challenge_v0 success_request_with_credentials tlv_request success_request_with_credentials eap_success /  id_response_v0 challenge_response_v0 success_response_v0 tlv_success no_reply -]
Dec 12, 2025 4:49:52 PM de.learnlib.logging.LearnLogger logQuery
INFO: DB CACHE [ε | id_request_v0 challenge_v0 success_request_with_credentials tlv_request success_request_with_credentials cryptobinding /  id_response_v0 challenge_response_v0 success_response_v0 tlv_success no_reply -]
Dec 12, 2025 4:49:52 PM de.learnlib.logging.LearnLogger logQuery
INFO: DB CACHE [ε | id_request_v0 challenge_v0 success_request_with_credentials tlv_request success_request_with_credentials success_and_cryptobinding /  id_response_v0 challenge_response_v0 success_response_v0 tlv_success no_reply -]
Dec 12, 2025 4:49:52 PM de.learnlib.logging.LearnLogger logQuery
INFO: DB CACHE [ε | id_request_v0 challenge_v0 success_request_with_credentials tlv_request success_request_with_credentials success_request_with_credentials /  id_response_v0 challenge_response_v0 success_response_v0 tlv_success no_reply -]
Dec 12, 2025 4:49:52 PM de.learnlib.logging.LearnLogger logQuery
INFO: DB CACHE [ε | id_request_v0 challenge_v0 success_request_with_credentials tlv_request success_request_with_credentials success_request_all_zeros /  id_response_v0 challenge_response_v0 success_response_v0 tlv_success no_reply -]
Dec 12, 2025 4:49:52 PM de.learnlib.logging.LearnLogger logQuery
INFO: DB CACHE [ε | id_request_v0 challenge_v0 success_request_with_credentials tlv_request success_request_with_credentials tlv_failure /  id_response_v0 challenge_response_v0 success_response_v0 tlv_success no_reply -]
Dec 12, 2025 4:49:52 PM de.learnlib.logging.LearnLogger logQuery
INFO: DB CACHE [ε | id_request_v0 challenge_v0 success_request_with_credentials tlv_request success_request_with_credentials tlv_request /  id_response_v0 challenge_response_v0 success_response_v0 tlv_success no_reply -]
Dec 12, 2025 4:49:52 PM de.learnlib.logging.LearnLogger logQuery
INFO: DB CACHE [ε | id_request_v0 challenge_v0 success_request_with_credentials tlv_request success_request_with_credentials challenge_v0 /  id_response_v0 challenge_response_v0 success_response_v0 tlv_success no_reply -]
Dec 12, 2025 4:49:52 PM de.learnlib.logging.LearnLogger logQuery
INFO: DB CACHE [ε | id_request_v0 challenge_v0 success_request_with_credentials tlv_request success_request_with_credentials id_request_v0 /  id_response_v0 challenge_response_v0 success_response_v0 tlv_success no_reply -]
Dec 12, 2025 4:49:52 PM de.learnlib.logging.LearnLogger logQuery
INFO: DB CACHE [ε | id_request_v0 challenge_v0 success_request_with_credentials tlv_request success_request_all_zeros 4_way_message_1 /  id_response_v0 challenge_response_v0 success_response_v0 tlv_success no_reply -]
Dec 12, 2025 4:49:52 PM de.learnlib.logging.LearnLogger logQuery
INFO: DB CACHE [ε | id_request_v0 challenge_v0 success_request_with_credentials tlv_request success_request_all_zeros eap_success /  id_response_v0 challenge_response_v0 success_response_v0 tlv_success no_reply -]
Dec 12, 2025 4:49:52 PM de.learnlib.logging.LearnLogger logQuery
INFO: DB CACHE [ε | id_request_v0 challenge_v0 success_request_with_credentials tlv_request success_request_all_zeros cryptobinding /  id_response_v0 challenge_response_v0 success_response_v0 tlv_success no_reply -]
Dec 12, 2025 4:49:52 PM de.learnlib.logging.LearnLogger logQuery
INFO: DB CACHE [ε | id_request_v0 challenge_v0 success_request_with_credentials tlv_request success_request_all_zeros success_and_cryptobinding /  id_response_v0 challenge_response_v0 success_response_v0 tlv_success no_reply -]
Dec 12, 2025 4:49:52 PM de.learnlib.logging.LearnLogger logQuery
INFO: DB CACHE [ε | id_request_v0 challenge_v0 success_request_with_credentials tlv_request success_request_all_zeros success_request_with_credentials /  id_response_v0 challenge_response_v0 success_response_v0 tlv_success no_reply -]
Dec 12, 2025 4:49:52 PM de.learnlib.logging.LearnLogger logQuery
INFO: DB CACHE [ε | id_request_v0 challenge_v0 success_request_with_credentials tlv_request success_request_all_zeros success_request_all_zeros /  id_response_v0 challenge_response_v0 success_response_v0 tlv_success no_reply -]
Dec 12, 2025 4:49:52 PM de.learnlib.logging.LearnLogger logQuery
INFO: DB CACHE [ε | id_request_v0 challenge_v0 success_request_with_credentials tlv_request success_request_all_zeros tlv_failure /  id_response_v0 challenge_response_v0 success_response_v0 tlv_success no_reply -]
Dec 12, 2025 4:49:52 PM de.learnlib.logging.LearnLogger logQuery
INFO: DB CACHE [ε | id_request_v0 challenge_v0 success_request_with_credentials tlv_request success_request_all_zeros tlv_request /  id_response_v0 challenge_response_v0 success_response_v0 tlv_success no_reply -]
Dec 12, 2025 4:49:52 PM de.learnlib.logging.LearnLogger logQuery
INFO: DB CACHE [ε | id_request_v0 challenge_v0 success_request_with_credentials tlv_request success_request_all_zeros challenge_v0 /  id_response_v0 challenge_response_v0 success_response_v0 tlv_success no_reply -]
Dec 12, 2025 4:49:52 PM de.learnlib.logging.LearnLogger logQuery
INFO: DB CACHE [ε | id_request_v0 challenge_v0 success_request_with_credentials tlv_request success_request_all_zeros id_request_v0 /  id_response_v0 challenge_response_v0 success_response_v0 tlv_success no_reply -]
Dec 12, 2025 4:49:52 PM de.learnlib.logging.LearnLogger logQuery
INFO: DB CACHE [ε | id_request_v0 challenge_v0 success_request_with_credentials tlv_request tlv_failure 4_way_message_1 /  id_response_v0 challenge_response_v0 success_response_v0 tlv_success no_reply -]
Dec 12, 2025 4:49:52 PM de.learnlib.logging.LearnLogger logQuery
INFO: DB CACHE [ε | id_request_v0 challenge_v0 success_request_with_credentials tlv_request tlv_failure eap_success /  id_response_v0 challenge_response_v0 success_response_v0 tlv_success no_reply -]
Dec 12, 2025 4:49:52 PM de.learnlib.logging.LearnLogger logQuery
INFO: DB CACHE [ε | id_request_v0 challenge_v0 success_request_with_credentials tlv_request tlv_failure cryptobinding /  id_response_v0 challenge_response_v0 success_response_v0 tlv_success no_reply -]
Dec 12, 2025 4:49:52 PM de.learnlib.logging.LearnLogger logQuery
INFO: DB CACHE [ε | id_request_v0 challenge_v0 success_request_with_credentials tlv_request tlv_failure success_and_cryptobinding /  id_response_v0 challenge_response_v0 success_response_v0 tlv_success no_reply -]
Dec 12, 2025 4:49:52 PM de.learnlib.logging.LearnLogger logQuery
INFO: DB CACHE [ε | id_request_v0 challenge_v0 success_request_with_credentials tlv_request tlv_failure success_request_with_credentials /  id_response_v0 challenge_response_v0 success_response_v0 tlv_success no_reply -]
Dec 12, 2025 4:49:52 PM de.learnlib.logging.LearnLogger logQuery
INFO: DB CACHE [ε | id_request_v0 challenge_v0 success_request_with_credentials tlv_request tlv_failure success_request_all_zeros /  id_response_v0 challenge_response_v0 success_response_v0 tlv_success no_reply -]
Dec 12, 2025 4:49:52 PM de.learnlib.logging.LearnLogger logQuery
INFO: DB CACHE [ε | id_request_v0 challenge_v0 success_request_with_credentials tlv_request tlv_failure tlv_failure /  id_response_v0 challenge_response_v0 success_response_v0 tlv_success no_reply -]
Dec 12, 2025 4:49:52 PM de.learnlib.logging.LearnLogger logQuery
INFO: DB CACHE [ε | id_request_v0 challenge_v0 success_request_with_credentials tlv_request tlv_failure tlv_request /  id_response_v0 challenge_response_v0 success_response_v0 tlv_success no_reply -]
Dec 12, 2025 4:49:52 PM de.learnlib.logging.LearnLogger logQuery
INFO: DB CACHE [ε | id_request_v0 challenge_v0 success_request_with_credentials tlv_request tlv_failure challenge_v0 /  id_response_v0 challenge_response_v0 success_response_v0 tlv_success no_reply -]
Dec 12, 2025 4:49:52 PM de.learnlib.logging.LearnLogger logQuery
INFO: DB CACHE [ε | id_request_v0 challenge_v0 success_request_with_credentials tlv_request tlv_failure id_request_v0 /  id_response_v0 challenge_response_v0 success_response_v0 tlv_success no_reply -]
Dec 12, 2025 4:49:52 PM de.learnlib.logging.LearnLogger logQuery
INFO: DB CACHE [ε | id_request_v0 challenge_v0 success_request_with_credentials tlv_request tlv_request 4_way_message_1 /  id_response_v0 challenge_response_v0 success_response_v0 tlv_success no_reply -]
Dec 12, 2025 4:49:52 PM de.learnlib.logging.LearnLogger logQuery
INFO: DB CACHE [ε | id_request_v0 challenge_v0 success_request_with_credentials tlv_request tlv_request eap_success /  id_response_v0 challenge_response_v0 success_response_v0 tlv_success no_reply -]
Dec 12, 2025 4:49:52 PM de.learnlib.logging.LearnLogger logQuery
INFO: DB CACHE [ε | id_request_v0 challenge_v0 success_request_with_credentials tlv_request tlv_request cryptobinding /  id_response_v0 challenge_response_v0 success_response_v0 tlv_success no_reply -]
Dec 12, 2025 4:49:52 PM de.learnlib.logging.LearnLogger logQuery
INFO: DB CACHE [ε | id_request_v0 challenge_v0 success_request_with_credentials tlv_request tlv_request success_and_cryptobinding /  id_response_v0 challenge_response_v0 success_response_v0 tlv_success no_reply -]
Dec 12, 2025 4:49:52 PM de.learnlib.logging.LearnLogger logQuery
INFO: DB CACHE [ε | id_request_v0 challenge_v0 success_request_with_credentials tlv_request tlv_request success_request_with_credentials /  id_response_v0 challenge_response_v0 success_response_v0 tlv_success no_reply -]
Dec 12, 2025 4:49:52 PM de.learnlib.logging.LearnLogger logQuery
INFO: DB CACHE [ε | id_request_v0 challenge_v0 success_request_with_credentials tlv_request tlv_request success_request_all_zeros /  id_response_v0 challenge_response_v0 success_response_v0 tlv_success no_reply -]
Dec 12, 2025 4:49:52 PM de.learnlib.logging.LearnLogger logQuery
INFO: DB CACHE [ε | id_request_v0 challenge_v0 success_request_with_credentials tlv_request tlv_request tlv_failure /  id_response_v0 challenge_response_v0 success_response_v0 tlv_success no_reply -]
Dec 12, 2025 4:49:52 PM de.learnlib.logging.LearnLogger logQuery
INFO: DB CACHE [ε | id_request_v0 challenge_v0 success_request_with_credentials tlv_request tlv_request tlv_request /  id_response_v0 challenge_response_v0 success_response_v0 tlv_success no_reply -]
Dec 12, 2025 4:49:52 PM de.learnlib.logging.LearnLogger logQuery
INFO: DB CACHE [ε | id_request_v0 challenge_v0 success_request_with_credentials tlv_request tlv_request challenge_v0 /  id_response_v0 challenge_response_v0 success_response_v0 tlv_success no_reply -]
Dec 12, 2025 4:49:52 PM de.learnlib.logging.LearnLogger logQuery
INFO: DB CACHE [ε | id_request_v0 challenge_v0 success_request_with_credentials tlv_request tlv_request id_request_v0 /  id_response_v0 challenge_response_v0 success_response_v0 tlv_success no_reply -]
Dec 12, 2025 4:49:52 PM de.learnlib.logging.LearnLogger logQuery
INFO: DB CACHE [ε | id_request_v0 challenge_v0 success_request_with_credentials tlv_request challenge_v0 4_way_message_1 /  id_response_v0 challenge_response_v0 success_response_v0 tlv_success no_reply -]
Dec 12, 2025 4:49:52 PM de.learnlib.logging.LearnLogger logQuery
INFO: DB CACHE [ε | id_request_v0 challenge_v0 success_request_with_credentials tlv_request challenge_v0 eap_success /  id_response_v0 challenge_response_v0 success_response_v0 tlv_success no_reply -]
Dec 12, 2025 4:49:52 PM de.learnlib.logging.LearnLogger logQuery
INFO: DB CACHE [ε | id_request_v0 challenge_v0 success_request_with_credentials tlv_request challenge_v0 cryptobinding /  id_response_v0 challenge_response_v0 success_response_v0 tlv_success no_reply -]
Dec 12, 2025 4:49:52 PM de.learnlib.logging.LearnLogger logQuery
INFO: DB CACHE [ε | id_request_v0 challenge_v0 success_request_with_credentials tlv_request challenge_v0 success_and_cryptobinding /  id_response_v0 challenge_response_v0 success_response_v0 tlv_success no_reply -]
Dec 12, 2025 4:49:52 PM de.learnlib.logging.LearnLogger logQuery
INFO: DB CACHE [ε | id_request_v0 challenge_v0 success_request_with_credentials tlv_request challenge_v0 success_request_with_credentials /  id_response_v0 challenge_response_v0 success_response_v0 tlv_success no_reply -]
Dec 12, 2025 4:49:52 PM de.learnlib.logging.LearnLogger logQuery
INFO: DB CACHE [ε | id_request_v0 challenge_v0 success_request_with_credentials tlv_request challenge_v0 success_request_all_zeros /  id_response_v0 challenge_response_v0 success_response_v0 tlv_success no_reply -]
Dec 12, 2025 4:49:52 PM de.learnlib.logging.LearnLogger logQuery
INFO: DB CACHE [ε | id_request_v0 challenge_v0 success_request_with_credentials tlv_request challenge_v0 tlv_failure /  id_response_v0 challenge_response_v0 success_response_v0 tlv_success no_reply -]
Dec 12, 2025 4:49:52 PM de.learnlib.logging.LearnLogger logQuery
INFO: DB CACHE [ε | id_request_v0 challenge_v0 success_request_with_credentials tlv_request challenge_v0 tlv_request /  id_response_v0 challenge_response_v0 success_response_v0 tlv_success no_reply -]
Dec 12, 2025 4:49:52 PM de.learnlib.logging.LearnLogger logQuery
INFO: DB CACHE [ε | id_request_v0 challenge_v0 success_request_with_credentials tlv_request challenge_v0 challenge_v0 /  id_response_v0 challenge_response_v0 success_response_v0 tlv_success no_reply -]
Dec 12, 2025 4:49:52 PM de.learnlib.logging.LearnLogger logQuery
INFO: DB CACHE [ε | id_request_v0 challenge_v0 success_request_with_credentials tlv_request challenge_v0 id_request_v0 /  id_response_v0 challenge_response_v0 success_response_v0 tlv_success no_reply -]
Dec 12, 2025 4:49:52 PM de.learnlib.logging.LearnLogger logQuery
INFO: DB CACHE [ε | id_request_v0 challenge_v0 success_request_with_credentials tlv_request id_request_v0 4_way_message_1 /  id_response_v0 challenge_response_v0 success_response_v0 tlv_success no_reply -]
Dec 12, 2025 4:49:52 PM de.learnlib.logging.LearnLogger logQuery
INFO: DB CACHE [ε | id_request_v0 challenge_v0 success_request_with_credentials tlv_request id_request_v0 eap_success /  id_response_v0 challenge_response_v0 success_response_v0 tlv_success no_reply -]
Dec 12, 2025 4:49:52 PM de.learnlib.logging.LearnLogger logQuery
INFO: DB CACHE [ε | id_request_v0 challenge_v0 success_request_with_credentials tlv_request id_request_v0 cryptobinding /  id_response_v0 challenge_response_v0 success_response_v0 tlv_success no_reply -]
Dec 12, 2025 4:49:52 PM de.learnlib.logging.LearnLogger logQuery
INFO: DB CACHE [ε | id_request_v0 challenge_v0 success_request_with_credentials tlv_request id_request_v0 success_and_cryptobinding /  id_response_v0 challenge_response_v0 success_response_v0 tlv_success no_reply -]
Dec 12, 2025 4:49:52 PM de.learnlib.logging.LearnLogger logQuery
INFO: DB CACHE [ε | id_request_v0 challenge_v0 success_request_with_credentials tlv_request id_request_v0 success_request_with_credentials /  id_response_v0 challenge_response_v0 success_response_v0 tlv_success no_reply -]
Dec 12, 2025 4:49:52 PM de.learnlib.logging.LearnLogger logQuery
INFO: DB CACHE [ε | id_request_v0 challenge_v0 success_request_with_credentials tlv_request id_request_v0 success_request_all_zeros /  id_response_v0 challenge_response_v0 success_response_v0 tlv_success no_reply -]
Dec 12, 2025 4:49:52 PM de.learnlib.logging.LearnLogger logQuery
INFO: DB CACHE [ε | id_request_v0 challenge_v0 success_request_with_credentials tlv_request id_request_v0 tlv_failure /  id_response_v0 challenge_response_v0 success_response_v0 tlv_success no_reply -]
Dec 12, 2025 4:49:52 PM de.learnlib.logging.LearnLogger logQuery
INFO: DB CACHE [ε | id_request_v0 challenge_v0 success_request_with_credentials tlv_request id_request_v0 tlv_request /  id_response_v0 challenge_response_v0 success_response_v0 tlv_success no_reply -]
Dec 12, 2025 4:49:52 PM de.learnlib.logging.LearnLogger logQuery
INFO: DB CACHE [ε | id_request_v0 challenge_v0 success_request_with_credentials tlv_request id_request_v0 challenge_v0 /  id_response_v0 challenge_response_v0 success_response_v0 tlv_success no_reply -]
Dec 12, 2025 4:49:52 PM de.learnlib.logging.LearnLogger logQuery
INFO: DB CACHE [ε | id_request_v0 challenge_v0 success_request_with_credentials tlv_request id_request_v0 id_request_v0 /  id_response_v0 challenge_response_v0 success_response_v0 tlv_success no_reply -]
Dec 12, 2025 4:49:52 PM de.learnlib.logging.LearnLogger logQuery
INFO: DISABLED [ε | 4_way_message_1 eap_success 4_way_message_1 /  no_reply - -]
Dec 12, 2025 4:49:52 PM de.learnlib.logging.LearnLogger logQuery
INFO: DISABLED [ε | eap_success 4_way_message_1 eap_success 4_way_message_1 /  after_eap_success no_reply - -]
Dec 12, 2025 4:49:52 PM de.learnlib.logging.LearnLogger logQuery
INFO: DB CACHE [ε | eap_success eap_success eap_success 4_way_message_1 /  after_eap_success after_eap_success after_eap_success no_reply]
Dec 12, 2025 4:49:52 PM de.learnlib.logging.LearnLogger logQuery
INFO: DISABLED [ε | eap_success cryptobinding eap_success 4_way_message_1 /  after_eap_success no_reply - -]
Dec 12, 2025 4:49:52 PM de.learnlib.logging.LearnLogger logQuery
INFO: DISABLED [ε | eap_success success_and_cryptobinding eap_success 4_way_message_1 /  after_eap_success no_reply - -]
Dec 12, 2025 4:49:52 PM de.learnlib.logging.LearnLogger logQuery
INFO: DISABLED [ε | eap_success success_request_with_credentials eap_success 4_way_message_1 /  after_eap_success no_reply - -]
Dec 12, 2025 4:49:52 PM de.learnlib.logging.LearnLogger logQuery
INFO: DISABLED [ε | eap_success success_request_all_zeros eap_success 4_way_message_1 /  after_eap_success no_reply - -]
Dec 12, 2025 4:49:52 PM de.learnlib.logging.LearnLogger logQuery
INFO: DISABLED [ε | eap_success tlv_failure eap_success 4_way_message_1 /  after_eap_success no_reply - -]
Dec 12, 2025 4:49:52 PM de.learnlib.logging.LearnLogger logQuery
INFO: DISABLED [ε | eap_success tlv_request eap_success 4_way_message_1 /  after_eap_success no_reply - -]
Dec 12, 2025 4:49:52 PM de.learnlib.logging.LearnLogger logQuery
INFO: DISABLED [ε | eap_success challenge_v0 eap_success 4_way_message_1 /  after_eap_success no_reply - -]
Dec 12, 2025 4:49:52 PM de.learnlib.logging.LearnLogger logQuery
INFO: DISABLED [ε | eap_success id_request_v0 eap_success 4_way_message_1 /  after_eap_success no_reply - -]
Dec 12, 2025 4:49:52 PM de.learnlib.logging.LearnLogger logQuery
INFO: DISABLED [ε | cryptobinding eap_success 4_way_message_1 /  no_reply - -]
Dec 12, 2025 4:49:52 PM de.learnlib.logging.LearnLogger logQuery
INFO: DISABLED [ε | success_and_cryptobinding eap_success 4_way_message_1 /  tlv_failure - -]
Dec 12, 2025 4:49:52 PM de.learnlib.logging.LearnLogger logQuery
INFO: DISABLED [ε | success_request_with_credentials eap_success 4_way_message_1 /  no_reply - -]
Dec 12, 2025 4:49:52 PM de.learnlib.logging.LearnLogger logQuery
INFO: DISABLED [ε | success_request_all_zeros eap_success 4_way_message_1 /  no_reply - -]
Dec 12, 2025 4:49:52 PM de.learnlib.logging.LearnLogger logQuery
INFO: DISABLED [ε | tlv_failure eap_success 4_way_message_1 /  tlv_failure - -]
Dec 12, 2025 4:49:52 PM de.learnlib.logging.LearnLogger logQuery
INFO: DISABLED [ε | tlv_request eap_success 4_way_message_1 /  tlv_failure - -]
Dec 12, 2025 4:49:52 PM de.learnlib.logging.LearnLogger logQuery
INFO: DISABLED [ε | challenge_v0 4_way_message_1 eap_success 4_way_message_1 /  no_reply - - -]
Dec 12, 2025 4:49:52 PM de.learnlib.logging.LearnLogger logQuery
INFO: DISABLED [ε | challenge_v0 eap_success eap_success 4_way_message_1 /  no_reply - - -]
Dec 12, 2025 4:49:52 PM de.learnlib.logging.LearnLogger logQuery
INFO: DISABLED [ε | challenge_v0 cryptobinding eap_success 4_way_message_1 /  no_reply - - -]
Dec 12, 2025 4:49:52 PM de.learnlib.logging.LearnLogger logQuery
INFO: DISABLED [ε | challenge_v0 success_and_cryptobinding eap_success 4_way_message_1 /  no_reply - - -]
Dec 12, 2025 4:49:52 PM de.learnlib.logging.LearnLogger logQuery
INFO: DISABLED [ε | challenge_v0 success_request_with_credentials eap_success 4_way_message_1 /  no_reply - - -]
Dec 12, 2025 4:49:52 PM de.learnlib.logging.LearnLogger logQuery
INFO: DISABLED [ε | challenge_v0 success_request_all_zeros eap_success 4_way_message_1 /  no_reply - - -]
Dec 12, 2025 4:49:52 PM de.learnlib.logging.LearnLogger logQuery
INFO: DISABLED [ε | challenge_v0 tlv_failure eap_success 4_way_message_1 /  no_reply - - -]
Dec 12, 2025 4:49:52 PM de.learnlib.logging.LearnLogger logQuery
INFO: DISABLED [ε | challenge_v0 tlv_request eap_success 4_way_message_1 /  no_reply - - -]
Dec 12, 2025 4:49:52 PM de.learnlib.logging.LearnLogger logQuery
INFO: DISABLED [ε | challenge_v0 challenge_v0 eap_success 4_way_message_1 /  no_reply - - -]
Dec 12, 2025 4:49:52 PM de.learnlib.logging.LearnLogger logQuery
INFO: DISABLED [ε | challenge_v0 id_request_v0 eap_success 4_way_message_1 /  no_reply - - -]
Dec 12, 2025 4:49:52 PM de.learnlib.logging.LearnLogger logQuery
INFO: DISABLED [ε | id_request_v0 4_way_message_1 eap_success 4_way_message_1 /  id_response_v0 no_reply - -]
Dec 12, 2025 4:49:52 PM de.learnlib.logging.LearnLogger logQuery
INFO: DB CACHE [ε | id_request_v0 eap_success eap_success 4_way_message_1 /  id_response_v0 after_eap_success after_eap_success no_reply]
Dec 12, 2025 4:49:52 PM de.learnlib.logging.LearnLogger logQuery
INFO: DISABLED [ε | id_request_v0 cryptobinding eap_success 4_way_message_1 /  id_response_v0 no_reply - -]
Dec 12, 2025 4:49:52 PM de.learnlib.logging.LearnLogger logQuery
INFO: DISABLED [ε | id_request_v0 success_and_cryptobinding eap_success 4_way_message_1 /  id_response_v0 tlv_failure - -]
Dec 12, 2025 4:49:52 PM de.learnlib.logging.LearnLogger logQuery
INFO: DISABLED [ε | id_request_v0 success_request_with_credentials eap_success 4_way_message_1 /  id_response_v0 no_reply - -]
Dec 12, 2025 4:49:52 PM de.learnlib.logging.LearnLogger logQuery
INFO: DISABLED [ε | id_request_v0 success_request_all_zeros eap_success 4_way_message_1 /  id_response_v0 no_reply - -]
Dec 12, 2025 4:49:52 PM de.learnlib.logging.LearnLogger logQuery
INFO: DISABLED [ε | id_request_v0 tlv_failure eap_success 4_way_message_1 /  id_response_v0 tlv_failure - -]
Dec 12, 2025 4:49:52 PM de.learnlib.logging.LearnLogger logQuery
INFO: DISABLED [ε | id_request_v0 tlv_request eap_success 4_way_message_1 /  id_response_v0 tlv_failure - -]
Dec 12, 2025 4:49:52 PM de.learnlib.logging.LearnLogger logQuery
INFO: DISABLED [ε | id_request_v0 challenge_v0 4_way_message_1 eap_success 4_way_message_1 /  id_response_v0 challenge_response_v0 no_reply - -]
Dec 12, 2025 4:49:52 PM de.learnlib.logging.LearnLogger logQuery
INFO: DB CACHE [ε | id_request_v0 challenge_v0 eap_success eap_success 4_way_message_1 /  id_response_v0 challenge_response_v0 after_eap_success after_eap_success no_reply]
Dec 12, 2025 4:49:52 PM de.learnlib.logging.LearnLogger logQuery
INFO: DISABLED [ε | id_request_v0 challenge_v0 cryptobinding eap_success 4_way_message_1 /  id_response_v0 challenge_response_v0 no_reply - -]
Dec 12, 2025 4:49:52 PM de.learnlib.logging.LearnLogger logQuery
INFO: DISABLED [ε | id_request_v0 challenge_v0 success_and_cryptobinding eap_success 4_way_message_1 /  id_response_v0 challenge_response_v0 tlv_failure - -]
Dec 12, 2025 4:49:52 PM de.learnlib.logging.LearnLogger logQuery
INFO: DISABLED [ε | id_request_v0 challenge_v0 success_request_with_credentials 4_way_message_1 eap_success 4_way_message_1 /  id_response_v0 challenge_response_v0 success_response_v0 no_reply - -]
Dec 12, 2025 4:49:54 PM de.learnlib.logging.LearnLogger logQuery
INFO: [ε | id_request_v0 challenge_v0 success_request_with_credentials eap_success eap_success 4_way_message_1 / ε | id_response_v0 challenge_response_v0 success_response_v0 after_eap_success after_eap_success no_reply]
Dec 12, 2025 4:49:54 PM de.learnlib.logging.LearnLogger logQuery
INFO: DISABLED [ε | id_request_v0 challenge_v0 success_request_with_credentials cryptobinding eap_success 4_way_message_1 /  id_response_v0 challenge_response_v0 success_response_v0 no_reply - -]
Dec 12, 2025 4:49:56 PM de.learnlib.logging.LearnLogger logQuery
INFO: [ε | id_request_v0 challenge_v0 success_request_with_credentials success_and_cryptobinding eap_success 4_way_message_1 / ε | id_response_v0 challenge_response_v0 success_response_v0 tlv_success_and_cryptobinding after_eap_success 4_way_message_2]
Dec 12, 2025 4:49:56 PM de.learnlib.logging.LearnLogger logQuery
INFO: DISABLED [ε | id_request_v0 challenge_v0 success_request_with_credentials success_request_with_credentials eap_success 4_way_message_1 /  id_response_v0 challenge_response_v0 success_response_v0 no_reply - -]
Dec 12, 2025 4:49:56 PM de.learnlib.logging.LearnLogger logQuery
INFO: DISABLED [ε | id_request_v0 challenge_v0 success_request_with_credentials success_request_all_zeros eap_success 4_way_message_1 /  id_response_v0 challenge_response_v0 success_response_v0 no_reply - -]
Dec 12, 2025 4:49:56 PM de.learnlib.logging.LearnLogger logQuery
INFO: DISABLED [ε | id_request_v0 challenge_v0 success_request_with_credentials tlv_failure eap_success 4_way_message_1 /  id_response_v0 challenge_response_v0 success_response_v0 tlv_failure - -]
Dec 12, 2025 4:49:56 PM de.learnlib.logging.LearnLogger logQuery
INFO: DISABLED [ε | id_request_v0 challenge_v0 success_request_with_credentials tlv_request 4_way_message_1 eap_success 4_way_message_1 /  id_response_v0 challenge_response_v0 success_response_v0 tlv_success no_reply - -]
Dec 12, 2025 4:49:56 PM de.learnlib.logging.LearnLogger logQuery
INFO: DISABLED [ε | id_request_v0 challenge_v0 success_request_with_credentials tlv_request eap_success 4_way_message_1 4_way_message_1 eap_success 4_way_message_1 /  id_response_v0 challenge_response_v0 success_response_v0 tlv_success after_eap_success 4_way_message_2 - - -]
Dec 12, 2025 4:49:56 PM de.learnlib.logging.LearnLogger logQuery
INFO: DISABLED [ε | id_request_v0 challenge_v0 success_request_with_credentials tlv_request eap_success 4_way_message_1 eap_success eap_success 4_way_message_1 /  id_response_v0 challenge_response_v0 success_response_v0 tlv_success after_eap_success 4_way_message_2 - - -]
Dec 12, 2025 4:49:56 PM de.learnlib.logging.LearnLogger logQuery
INFO: DISABLED [ε | id_request_v0 challenge_v0 success_request_with_credentials tlv_request eap_success 4_way_message_1 cryptobinding eap_success 4_way_message_1 /  id_response_v0 challenge_response_v0 success_response_v0 tlv_success after_eap_success 4_way_message_2 - - -]
Dec 12, 2025 4:49:56 PM de.learnlib.logging.LearnLogger logQuery
INFO: DISABLED [ε | id_request_v0 challenge_v0 success_request_with_credentials tlv_request eap_success 4_way_message_1 success_and_cryptobinding eap_success 4_way_message_1 /  id_response_v0 challenge_response_v0 success_response_v0 tlv_success after_eap_success 4_way_message_2 - - -]
Dec 12, 2025 4:49:56 PM de.learnlib.logging.LearnLogger logQuery
INFO: DISABLED [ε | id_request_v0 challenge_v0 success_request_with_credentials tlv_request eap_success 4_way_message_1 success_request_with_credentials eap_success 4_way_message_1 /  id_response_v0 challenge_response_v0 success_response_v0 tlv_success after_eap_success 4_way_message_2 - - -]
Dec 12, 2025 4:49:56 PM de.learnlib.logging.LearnLogger logQuery
INFO: DISABLED [ε | id_request_v0 challenge_v0 success_request_with_credentials tlv_request eap_success 4_way_message_1 success_request_all_zeros eap_success 4_way_message_1 /  id_response_v0 challenge_response_v0 success_response_v0 tlv_success after_eap_success 4_way_message_2 - - -]
Dec 12, 2025 4:49:56 PM de.learnlib.logging.LearnLogger logQuery
INFO: DISABLED [ε | id_request_v0 challenge_v0 success_request_with_credentials tlv_request eap_success 4_way_message_1 tlv_failure eap_success 4_way_message_1 /  id_response_v0 challenge_response_v0 success_response_v0 tlv_success after_eap_success 4_way_message_2 - - -]
Dec 12, 2025 4:49:56 PM de.learnlib.logging.LearnLogger logQuery
INFO: DISABLED [ε | id_request_v0 challenge_v0 success_request_with_credentials tlv_request eap_success 4_way_message_1 tlv_request eap_success 4_way_message_1 /  id_response_v0 challenge_response_v0 success_response_v0 tlv_success after_eap_success 4_way_message_2 - - -]
Dec 12, 2025 4:49:56 PM de.learnlib.logging.LearnLogger logQuery
INFO: DISABLED [ε | id_request_v0 challenge_v0 success_request_with_credentials tlv_request eap_success 4_way_message_1 challenge_v0 eap_success 4_way_message_1 /  id_response_v0 challenge_response_v0 success_response_v0 tlv_success after_eap_success 4_way_message_2 - - -]
Dec 12, 2025 4:49:56 PM de.learnlib.logging.LearnLogger logQuery
INFO: DISABLED [ε | id_request_v0 challenge_v0 success_request_with_credentials tlv_request eap_success 4_way_message_1 id_request_v0 eap_success 4_way_message_1 /  id_response_v0 challenge_response_v0 success_response_v0 tlv_success after_eap_success 4_way_message_2 - - -]
Dec 12, 2025 4:49:58 PM de.learnlib.logging.LearnLogger logQuery
INFO: [ε | id_request_v0 challenge_v0 success_request_with_credentials tlv_request eap_success eap_success eap_success 4_way_message_1 / ε | id_response_v0 challenge_response_v0 success_response_v0 tlv_success after_eap_success after_eap_success after_eap_success 4_way_message_2]
Dec 12, 2025 4:49:58 PM de.learnlib.logging.LearnLogger logQuery
INFO: DISABLED [ε | id_request_v0 challenge_v0 success_request_with_credentials tlv_request eap_success cryptobinding eap_success 4_way_message_1 /  id_response_v0 challenge_response_v0 success_response_v0 tlv_success after_eap_success no_reply - -]
Dec 12, 2025 4:49:58 PM de.learnlib.logging.LearnLogger logQuery
INFO: DISABLED [ε | id_request_v0 challenge_v0 success_request_with_credentials tlv_request eap_success success_and_cryptobinding eap_success 4_way_message_1 /  id_response_v0 challenge_response_v0 success_response_v0 tlv_success after_eap_success no_reply - -]
Dec 12, 2025 4:49:58 PM de.learnlib.logging.LearnLogger logQuery
INFO: DISABLED [ε | id_request_v0 challenge_v0 success_request_with_credentials tlv_request eap_success success_request_with_credentials eap_success 4_way_message_1 /  id_response_v0 challenge_response_v0 success_response_v0 tlv_success after_eap_success no_reply - -]
Dec 12, 2025 4:49:58 PM de.learnlib.logging.LearnLogger logQuery
INFO: DISABLED [ε | id_request_v0 challenge_v0 success_request_with_credentials tlv_request eap_success success_request_all_zeros eap_success 4_way_message_1 /  id_response_v0 challenge_response_v0 success_response_v0 tlv_success after_eap_success no_reply - -]
Dec 12, 2025 4:49:58 PM de.learnlib.logging.LearnLogger logQuery
INFO: DISABLED [ε | id_request_v0 challenge_v0 success_request_with_credentials tlv_request eap_success tlv_failure eap_success 4_way_message_1 /  id_response_v0 challenge_response_v0 success_response_v0 tlv_success after_eap_success no_reply - -]
Dec 12, 2025 4:49:58 PM de.learnlib.logging.LearnLogger logQuery
INFO: DISABLED [ε | id_request_v0 challenge_v0 success_request_with_credentials tlv_request eap_success tlv_request eap_success 4_way_message_1 /  id_response_v0 challenge_response_v0 success_response_v0 tlv_success after_eap_success no_reply - -]
Dec 12, 2025 4:49:58 PM de.learnlib.logging.LearnLogger logQuery
INFO: DISABLED [ε | id_request_v0 challenge_v0 success_request_with_credentials tlv_request eap_success challenge_v0 eap_success 4_way_message_1 /  id_response_v0 challenge_response_v0 success_response_v0 tlv_success after_eap_success no_reply - -]
Dec 12, 2025 4:49:58 PM de.learnlib.logging.LearnLogger logQuery
INFO: DISABLED [ε | id_request_v0 challenge_v0 success_request_with_credentials tlv_request eap_success id_request_v0 eap_success 4_way_message_1 /  id_response_v0 challenge_response_v0 success_response_v0 tlv_success after_eap_success no_reply - -]
Dec 12, 2025 4:49:58 PM de.learnlib.logging.LearnLogger logQuery
INFO: DISABLED [ε | id_request_v0 challenge_v0 success_request_with_credentials tlv_request cryptobinding eap_success 4_way_message_1 /  id_response_v0 challenge_response_v0 success_response_v0 tlv_success no_reply - -]
Dec 12, 2025 4:49:58 PM de.learnlib.logging.LearnLogger logQuery
INFO: DISABLED [ε | id_request_v0 challenge_v0 success_request_with_credentials tlv_request success_and_cryptobinding eap_success 4_way_message_1 /  id_response_v0 challenge_response_v0 success_response_v0 tlv_success no_reply - -]
Dec 12, 2025 4:49:58 PM de.learnlib.logging.LearnLogger logQuery
INFO: DISABLED [ε | id_request_v0 challenge_v0 success_request_with_credentials tlv_request success_request_with_credentials eap_success 4_way_message_1 /  id_response_v0 challenge_response_v0 success_response_v0 tlv_success no_reply - -]
Dec 12, 2025 4:49:58 PM de.learnlib.logging.LearnLogger logQuery
INFO: DISABLED [ε | id_request_v0 challenge_v0 success_request_with_credentials tlv_request success_request_all_zeros eap_success 4_way_message_1 /  id_response_v0 challenge_response_v0 success_response_v0 tlv_success no_reply - -]
Dec 12, 2025 4:49:58 PM de.learnlib.logging.LearnLogger logQuery
INFO: DISABLED [ε | id_request_v0 challenge_v0 success_request_with_credentials tlv_request tlv_failure eap_success 4_way_message_1 /  id_response_v0 challenge_response_v0 success_response_v0 tlv_success no_reply - -]
Dec 12, 2025 4:49:58 PM de.learnlib.logging.LearnLogger logQuery
INFO: DISABLED [ε | id_request_v0 challenge_v0 success_request_with_credentials tlv_request tlv_request eap_success 4_way_message_1 /  id_response_v0 challenge_response_v0 success_response_v0 tlv_success no_reply - -]
Dec 12, 2025 4:49:58 PM de.learnlib.logging.LearnLogger logQuery
INFO: DISABLED [ε | id_request_v0 challenge_v0 success_request_with_credentials tlv_request challenge_v0 eap_success 4_way_message_1 /  id_response_v0 challenge_response_v0 success_response_v0 tlv_success no_reply - -]
Dec 12, 2025 4:49:58 PM de.learnlib.logging.LearnLogger logQuery
INFO: DISABLED [ε | id_request_v0 challenge_v0 success_request_with_credentials tlv_request id_request_v0 eap_success 4_way_message_1 /  id_response_v0 challenge_response_v0 success_response_v0 tlv_success no_reply - -]
Dec 12, 2025 4:49:58 PM de.learnlib.logging.LearnLogger logQuery
INFO: DISABLED [ε | id_request_v0 challenge_v0 success_request_with_credentials challenge_v0 eap_success 4_way_message_1 /  id_response_v0 challenge_response_v0 success_response_v0 no_reply - -]
Dec 12, 2025 4:49:58 PM de.learnlib.logging.LearnLogger logQuery
INFO: DISABLED [ε | id_request_v0 challenge_v0 success_request_with_credentials id_request_v0 eap_success 4_way_message_1 /  id_response_v0 challenge_response_v0 success_response_v0 no_reply - -]
Dec 12, 2025 4:49:58 PM de.learnlib.logging.LearnLogger logQuery
INFO: DISABLED [ε | id_request_v0 challenge_v0 success_request_all_zeros eap_success 4_way_message_1 /  id_response_v0 challenge_response_v0 disassociation - -]
Dec 12, 2025 4:49:58 PM de.learnlib.logging.LearnLogger logQuery
INFO: DISABLED [ε | id_request_v0 challenge_v0 tlv_failure eap_success 4_way_message_1 /  id_response_v0 challenge_response_v0 tlv_failure - -]
Dec 12, 2025 4:49:58 PM de.learnlib.logging.LearnLogger logQuery
INFO: DISABLED [ε | id_request_v0 challenge_v0 tlv_request eap_success 4_way_message_1 /  id_response_v0 challenge_response_v0 tlv_failure - -]
Dec 12, 2025 4:49:58 PM de.learnlib.logging.LearnLogger logQuery
INFO: DISABLED [ε | id_request_v0 challenge_v0 challenge_v0 eap_success 4_way_message_1 /  id_response_v0 challenge_response_v0 disassociation - -]
Dec 12, 2025 4:49:58 PM de.learnlib.logging.LearnLogger logQuery
INFO: DISABLED [ε | id_request_v0 challenge_v0 id_request_v0 eap_success 4_way_message_1 /  id_response_v0 challenge_response_v0 no_reply - -]
Dec 12, 2025 4:49:58 PM de.learnlib.logging.LearnLogger logQuery
INFO: DB CACHE [ε | id_request_v0 id_request_v0 eap_success 4_way_message_1 /  id_response_v0 nak after_eap_success no_reply]
