Mar 26, 2026 12:38:30 PM de.learnlib.logging.LearnLogger logQuery
INFO: DB CACHE [ε | success_request_with_credentials_v1 eap_success id_request_v1 inner_failure /  success_response_v1 after_eap_success id_response_v1 no_reply]
Mar 26, 2026 12:38:30 PM de.learnlib.logging.LearnLogger logQuery
INFO: DB CACHE [ε | id_request_v1 /  id_response_v1]
Mar 26, 2026 12:38:30 PM de.learnlib.logging.LearnLogger logQuery
INFO: DB CACHE [ε | id_request_v1 inner_failure /  id_response_v1 encrypted_alert]
Mar 26, 2026 12:38:30 PM de.learnlib.logging.LearnLogger logQuery
INFO: DB CACHE [ε | id_request_v1 inner_success /  id_response_v1 no_reply]
Mar 26, 2026 12:38:30 PM de.learnlib.logging.LearnLogger logQuery
INFO: DB CACHE [ε | id_request_v1 id_request_v1 /  id_response_v1 id_response_v1]
Mar 26, 2026 12:38:30 PM de.learnlib.logging.LearnLogger logQuery
INFO: DB CACHE [ε | id_request_v1 id_request_v1 inner_success /  id_response_v1 id_response_v1 no_reply]
Mar 26, 2026 12:38:30 PM de.learnlib.logging.LearnLogger logQuery
INFO: DB CACHE [ε | challenge_v1 /  challenge_response_v1]
Mar 26, 2026 12:38:30 PM de.learnlib.logging.LearnLogger logQuery
INFO: DB CACHE [ε | challenge_v1 inner_failure /  challenge_response_v1 encrypted_alert]
Mar 26, 2026 12:38:30 PM de.learnlib.logging.LearnLogger logQuery
INFO: DB CACHE [ε | challenge_v1 inner_success /  challenge_response_v1 no_reply]
Mar 26, 2026 12:38:30 PM de.learnlib.logging.LearnLogger logQuery
INFO: DB CACHE [ε | challenge_v1 id_request_v1 /  challenge_response_v1 id_response_v1]
Mar 26, 2026 12:38:30 PM de.learnlib.logging.LearnLogger logQuery
INFO: DB CACHE [ε | challenge_v1 id_request_v1 inner_success /  challenge_response_v1 id_response_v1 no_reply]
Mar 26, 2026 12:38:30 PM de.learnlib.logging.LearnLogger logQuery
INFO: DB CACHE [ε | success_request_all_zeros_v1 /  encrypted_alert]
Mar 26, 2026 12:38:30 PM de.learnlib.logging.LearnLogger logQuery
INFO: DB CACHE [ε | success_request_with_credentials_v1 inner_failure /  success_response_v1 no_reply]
Mar 26, 2026 12:38:30 PM de.learnlib.logging.LearnLogger logQuery
INFO: DB CACHE [ε | success_request_with_credentials_v1 inner_success /  success_response_v1 empty_peap]
Mar 26, 2026 12:38:30 PM de.learnlib.logging.LearnLogger logQuery
INFO: DB CACHE [ε | success_request_with_credentials_v1 id_request_v1 /  success_response_v1 id_response_v1]
Mar 26, 2026 12:38:30 PM de.learnlib.logging.LearnLogger logQuery
INFO: DB CACHE [ε | success_request_with_credentials_v1 id_request_v1 inner_success /  success_response_v1 id_response_v1 empty_peap]
Mar 26, 2026 12:38:30 PM de.learnlib.logging.LearnLogger logQuery
INFO: DB CACHE [ε | inner_success /  no_reply]
Mar 26, 2026 12:38:30 PM de.learnlib.logging.LearnLogger logQuery
INFO: DB CACHE [ε | inner_failure /  no_reply]
Mar 26, 2026 12:38:30 PM de.learnlib.logging.LearnLogger logQuery
INFO: DB CACHE [ε | eap_success /  after_eap_success]
Mar 26, 2026 12:38:30 PM de.learnlib.logging.LearnLogger logQuery
INFO: DB CACHE [ε | eap_success inner_failure /  after_eap_success no_reply]
Mar 26, 2026 12:38:30 PM de.learnlib.logging.LearnLogger logQuery
INFO: DB CACHE [ε | eap_success inner_success /  after_eap_success no_reply]
Mar 26, 2026 12:38:30 PM de.learnlib.logging.LearnLogger logQuery
INFO: DB CACHE [ε | eap_success id_request_v1 /  after_eap_success id_response_v1]
Mar 26, 2026 12:38:30 PM de.learnlib.logging.LearnLogger logQuery
INFO: DB CACHE [ε | eap_success id_request_v1 inner_success /  after_eap_success id_response_v1 no_reply]
Mar 26, 2026 12:38:30 PM de.learnlib.logging.LearnLogger logQuery
INFO: DB CACHE [ε | 4_way_message_1 /  no_reply]
Mar 26, 2026 12:38:30 PM de.learnlib.logging.LearnLogger logQuery
INFO: DB CACHE [ε | id_request_v1 id_request_v1 inner_failure /  id_response_v1 id_response_v1 encrypted_alert]
Mar 26, 2026 12:38:30 PM de.learnlib.logging.LearnLogger logQuery
INFO: DB CACHE [ε | id_request_v1 id_request_v1 id_request_v1 /  id_response_v1 id_response_v1 id_response_v1]
Mar 26, 2026 12:38:30 PM de.learnlib.logging.LearnLogger logQuery
INFO: DB CACHE [ε | id_request_v1 id_request_v1 id_request_v1 inner_success /  id_response_v1 id_response_v1 id_response_v1 no_reply]
Mar 26, 2026 12:38:30 PM de.learnlib.logging.LearnLogger logQuery
INFO: DB CACHE [ε | challenge_v1 id_request_v1 inner_failure /  challenge_response_v1 id_response_v1 encrypted_alert]
Mar 26, 2026 12:38:30 PM de.learnlib.logging.LearnLogger logQuery
INFO: DB CACHE [ε | challenge_v1 id_request_v1 id_request_v1 /  challenge_response_v1 id_response_v1 id_response_v1]
Mar 26, 2026 12:38:30 PM de.learnlib.logging.LearnLogger logQuery
INFO: DB CACHE [ε | challenge_v1 id_request_v1 id_request_v1 inner_success /  challenge_response_v1 id_response_v1 id_response_v1 no_reply]
Mar 26, 2026 12:38:30 PM de.learnlib.logging.LearnLogger logQuery
INFO: DB CACHE [ε | success_request_with_credentials_v1 id_request_v1 inner_failure /  success_response_v1 id_response_v1 no_reply]
Mar 26, 2026 12:38:30 PM de.learnlib.logging.LearnLogger logQuery
INFO: DB CACHE [ε | success_request_with_credentials_v1 id_request_v1 id_request_v1 /  success_response_v1 id_response_v1 id_response_v1]
Mar 26, 2026 12:38:30 PM de.learnlib.logging.LearnLogger logQuery
INFO: DB CACHE [ε | success_request_with_credentials_v1 id_request_v1 id_request_v1 inner_success /  success_response_v1 id_response_v1 id_response_v1 empty_peap]
Mar 26, 2026 12:38:30 PM de.learnlib.logging.LearnLogger logQuery
INFO: DB CACHE [ε | eap_success id_request_v1 inner_failure /  after_eap_success id_response_v1 encrypted_alert]
Mar 26, 2026 12:38:30 PM de.learnlib.logging.LearnLogger logQuery
INFO: DB CACHE [ε | eap_success id_request_v1 id_request_v1 /  after_eap_success id_response_v1 id_response_v1]
Mar 26, 2026 12:38:30 PM de.learnlib.logging.LearnLogger logQuery
INFO: DB CACHE [ε | eap_success id_request_v1 id_request_v1 inner_success /  after_eap_success id_response_v1 id_response_v1 no_reply]
Mar 26, 2026 12:38:30 PM de.learnlib.logging.LearnLogger logQuery
INFO: DB CACHE [ε | id_request_v1 challenge_v1 /  id_response_v1 challenge_response_v1]
Mar 26, 2026 12:38:30 PM de.learnlib.logging.LearnLogger logQuery
INFO: DB CACHE [ε | id_request_v1 challenge_v1 inner_failure /  id_response_v1 challenge_response_v1 encrypted_alert]
Mar 26, 2026 12:38:30 PM de.learnlib.logging.LearnLogger logQuery
INFO: DB CACHE [ε | id_request_v1 challenge_v1 inner_success /  id_response_v1 challenge_response_v1 no_reply]
Mar 26, 2026 12:38:30 PM de.learnlib.logging.LearnLogger logQuery
INFO: DB CACHE [ε | id_request_v1 challenge_v1 id_request_v1 /  id_response_v1 challenge_response_v1 id_response_v1]
Mar 26, 2026 12:38:30 PM de.learnlib.logging.LearnLogger logQuery
INFO: DB CACHE [ε | id_request_v1 challenge_v1 id_request_v1 inner_success /  id_response_v1 challenge_response_v1 id_response_v1 no_reply]
Mar 26, 2026 12:38:30 PM de.learnlib.logging.LearnLogger logQuery
INFO: DB CACHE [ε | challenge_v1 challenge_v1 /  challenge_response_v1 challenge_response_v1]
Mar 26, 2026 12:38:30 PM de.learnlib.logging.LearnLogger logQuery
INFO: DB CACHE [ε | challenge_v1 challenge_v1 inner_failure /  challenge_response_v1 challenge_response_v1 encrypted_alert]
Mar 26, 2026 12:38:30 PM de.learnlib.logging.LearnLogger logQuery
INFO: DB CACHE [ε | challenge_v1 challenge_v1 inner_success /  challenge_response_v1 challenge_response_v1 no_reply]
Mar 26, 2026 12:38:30 PM de.learnlib.logging.LearnLogger logQuery
INFO: DB CACHE [ε | challenge_v1 challenge_v1 id_request_v1 /  challenge_response_v1 challenge_response_v1 id_response_v1]
Mar 26, 2026 12:38:30 PM de.learnlib.logging.LearnLogger logQuery
INFO: DB CACHE [ε | challenge_v1 challenge_v1 id_request_v1 inner_success /  challenge_response_v1 challenge_response_v1 id_response_v1 no_reply]
Mar 26, 2026 12:38:30 PM de.learnlib.logging.LearnLogger logQuery
INFO: DB CACHE [ε | success_request_with_credentials_v1 challenge_v1 /  success_response_v1 challenge_response_v1]
Mar 26, 2026 12:38:30 PM de.learnlib.logging.LearnLogger logQuery
INFO: DB CACHE [ε | success_request_with_credentials_v1 challenge_v1 inner_failure /  success_response_v1 challenge_response_v1 no_reply]
Mar 26, 2026 12:38:30 PM de.learnlib.logging.LearnLogger logQuery
INFO: DB CACHE [ε | success_request_with_credentials_v1 challenge_v1 inner_success /  success_response_v1 challenge_response_v1 empty_peap]
Mar 26, 2026 12:38:30 PM de.learnlib.logging.LearnLogger logQuery
INFO: DB CACHE [ε | success_request_with_credentials_v1 challenge_v1 id_request_v1 /  success_response_v1 challenge_response_v1 id_response_v1]
Mar 26, 2026 12:38:30 PM de.learnlib.logging.LearnLogger logQuery
INFO: DB CACHE [ε | success_request_with_credentials_v1 challenge_v1 id_request_v1 inner_success /  success_response_v1 challenge_response_v1 id_response_v1 empty_peap]
Mar 26, 2026 12:38:30 PM de.learnlib.logging.LearnLogger logQuery
INFO: DB CACHE [ε | eap_success challenge_v1 /  after_eap_success challenge_response_v1]
Mar 26, 2026 12:38:30 PM de.learnlib.logging.LearnLogger logQuery
INFO: DB CACHE [ε | eap_success challenge_v1 inner_failure /  after_eap_success challenge_response_v1 encrypted_alert]
Mar 26, 2026 12:38:30 PM de.learnlib.logging.LearnLogger logQuery
INFO: DB CACHE [ε | eap_success challenge_v1 inner_success /  after_eap_success challenge_response_v1 no_reply]
Mar 26, 2026 12:38:30 PM de.learnlib.logging.LearnLogger logQuery
INFO: DB CACHE [ε | eap_success challenge_v1 id_request_v1 /  after_eap_success challenge_response_v1 id_response_v1]
Mar 26, 2026 12:38:30 PM de.learnlib.logging.LearnLogger logQuery
INFO: DB CACHE [ε | eap_success challenge_v1 id_request_v1 inner_success /  after_eap_success challenge_response_v1 id_response_v1 no_reply]
Mar 26, 2026 12:38:30 PM de.learnlib.logging.LearnLogger logQuery
INFO: DB CACHE [ε | id_request_v1 success_request_all_zeros_v1 /  id_response_v1 encrypted_alert]
Mar 26, 2026 12:38:30 PM de.learnlib.logging.LearnLogger logQuery
INFO: DB CACHE [ε | challenge_v1 success_request_all_zeros_v1 /  challenge_response_v1 encrypted_alert]
Mar 26, 2026 12:38:30 PM de.learnlib.logging.LearnLogger logQuery
INFO: DB CACHE [ε | success_request_with_credentials_v1 success_request_all_zeros_v1 /  success_response_v1 encrypted_alert]
Mar 26, 2026 12:38:30 PM de.learnlib.logging.LearnLogger logQuery
INFO: DB CACHE [ε | eap_success success_request_all_zeros_v1 /  after_eap_success encrypted_alert]
Mar 26, 2026 12:38:30 PM de.learnlib.logging.LearnLogger logQuery
INFO: DB CACHE [ε | id_request_v1 success_request_with_credentials_v1 /  id_response_v1 success_response_v1]
Mar 26, 2026 12:38:30 PM de.learnlib.logging.LearnLogger logQuery
INFO: DB CACHE [ε | id_request_v1 success_request_with_credentials_v1 inner_failure /  id_response_v1 success_response_v1 no_reply]
Mar 26, 2026 12:38:30 PM de.learnlib.logging.LearnLogger logQuery
INFO: DB CACHE [ε | id_request_v1 success_request_with_credentials_v1 inner_success /  id_response_v1 success_response_v1 empty_peap]
Mar 26, 2026 12:38:30 PM de.learnlib.logging.LearnLogger logQuery
INFO: DB CACHE [ε | id_request_v1 success_request_with_credentials_v1 id_request_v1 /  id_response_v1 success_response_v1 id_response_v1]
Mar 26, 2026 12:38:30 PM de.learnlib.logging.LearnLogger logQuery
INFO: DB CACHE [ε | id_request_v1 success_request_with_credentials_v1 id_request_v1 inner_success /  id_response_v1 success_response_v1 id_response_v1 empty_peap]
Mar 26, 2026 12:38:30 PM de.learnlib.logging.LearnLogger logQuery
INFO: DB CACHE [ε | challenge_v1 success_request_with_credentials_v1 /  challenge_response_v1 success_response_v1]
Mar 26, 2026 12:38:30 PM de.learnlib.logging.LearnLogger logQuery
INFO: DB CACHE [ε | challenge_v1 success_request_with_credentials_v1 inner_failure /  challenge_response_v1 success_response_v1 no_reply]
Mar 26, 2026 12:38:30 PM de.learnlib.logging.LearnLogger logQuery
INFO: DB CACHE [ε | challenge_v1 success_request_with_credentials_v1 inner_success /  challenge_response_v1 success_response_v1 empty_peap]
Mar 26, 2026 12:38:30 PM de.learnlib.logging.LearnLogger logQuery
INFO: DB CACHE [ε | challenge_v1 success_request_with_credentials_v1 id_request_v1 /  challenge_response_v1 success_response_v1 id_response_v1]
Mar 26, 2026 12:38:30 PM de.learnlib.logging.LearnLogger logQuery
INFO: DB CACHE [ε | challenge_v1 success_request_with_credentials_v1 id_request_v1 inner_success /  challenge_response_v1 success_response_v1 id_response_v1 empty_peap]
Mar 26, 2026 12:38:30 PM de.learnlib.logging.LearnLogger logQuery
INFO: DB CACHE [ε | success_request_with_credentials_v1 success_request_with_credentials_v1 /  success_response_v1 success_response_v1]
Mar 26, 2026 12:38:30 PM de.learnlib.logging.LearnLogger logQuery
INFO: DB CACHE [ε | success_request_with_credentials_v1 success_request_with_credentials_v1 inner_failure /  success_response_v1 success_response_v1 no_reply]
Mar 26, 2026 12:38:30 PM de.learnlib.logging.LearnLogger logQuery
INFO: DB CACHE [ε | success_request_with_credentials_v1 success_request_with_credentials_v1 inner_success /  success_response_v1 success_response_v1 empty_peap]
Mar 26, 2026 12:38:30 PM de.learnlib.logging.LearnLogger logQuery
INFO: DB CACHE [ε | success_request_with_credentials_v1 success_request_with_credentials_v1 id_request_v1 /  success_response_v1 success_response_v1 id_response_v1]
Mar 26, 2026 12:38:30 PM de.learnlib.logging.LearnLogger logQuery
INFO: DB CACHE [ε | success_request_with_credentials_v1 success_request_with_credentials_v1 id_request_v1 inner_success /  success_response_v1 success_response_v1 id_response_v1 empty_peap]
Mar 26, 2026 12:38:30 PM de.learnlib.logging.LearnLogger logQuery
INFO: DB CACHE [ε | eap_success success_request_with_credentials_v1 /  after_eap_success success_response_v1]
Mar 26, 2026 12:38:30 PM de.learnlib.logging.LearnLogger logQuery
INFO: DB CACHE [ε | eap_success success_request_with_credentials_v1 inner_failure /  after_eap_success success_response_v1 no_reply]
Mar 26, 2026 12:38:30 PM de.learnlib.logging.LearnLogger logQuery
INFO: DB CACHE [ε | eap_success success_request_with_credentials_v1 inner_success /  after_eap_success success_response_v1 empty_peap]
Mar 26, 2026 12:38:30 PM de.learnlib.logging.LearnLogger logQuery
INFO: DB CACHE [ε | eap_success success_request_with_credentials_v1 id_request_v1 /  after_eap_success success_response_v1 id_response_v1]
Mar 26, 2026 12:38:30 PM de.learnlib.logging.LearnLogger logQuery
INFO: DB CACHE [ε | eap_success success_request_with_credentials_v1 id_request_v1 inner_success /  after_eap_success success_response_v1 id_response_v1 empty_peap]
Mar 26, 2026 12:38:30 PM de.learnlib.logging.LearnLogger logQuery
INFO: DB CACHE [ε | success_request_with_credentials_v1 inner_success inner_failure /  success_response_v1 empty_peap no_reply]
Mar 26, 2026 12:38:30 PM de.learnlib.logging.LearnLogger logQuery
INFO: DB CACHE [ε | success_request_with_credentials_v1 inner_success inner_success /  success_response_v1 empty_peap no_reply]
Mar 26, 2026 12:38:30 PM de.learnlib.logging.LearnLogger logQuery
INFO: DB CACHE [ε | success_request_with_credentials_v1 inner_success id_request_v1 /  success_response_v1 empty_peap no_reply]
Mar 26, 2026 12:38:30 PM de.learnlib.logging.LearnLogger logQuery
INFO: DB CACHE [ε | success_request_with_credentials_v1 inner_success id_request_v1 inner_success /  success_response_v1 empty_peap no_reply -]
Mar 26, 2026 12:38:30 PM de.learnlib.logging.LearnLogger logQuery
INFO: DB CACHE [ε | id_request_v1 eap_success /  id_response_v1 after_eap_success]
Mar 26, 2026 12:38:30 PM de.learnlib.logging.LearnLogger logQuery
INFO: DB CACHE [ε | id_request_v1 eap_success inner_failure /  id_response_v1 after_eap_success no_reply]
Mar 26, 2026 12:38:30 PM de.learnlib.logging.LearnLogger logQuery
INFO: DB CACHE [ε | id_request_v1 eap_success inner_success /  id_response_v1 after_eap_success no_reply]
Mar 26, 2026 12:38:30 PM de.learnlib.logging.LearnLogger logQuery
INFO: DB CACHE [ε | id_request_v1 eap_success id_request_v1 /  id_response_v1 after_eap_success id_response_v1]
Mar 26, 2026 12:38:30 PM de.learnlib.logging.LearnLogger logQuery
INFO: DB CACHE [ε | id_request_v1 eap_success id_request_v1 inner_success /  id_response_v1 after_eap_success id_response_v1 no_reply]
Mar 26, 2026 12:38:30 PM de.learnlib.logging.LearnLogger logQuery
INFO: DB CACHE [ε | challenge_v1 eap_success /  challenge_response_v1 after_eap_success]
Mar 26, 2026 12:38:30 PM de.learnlib.logging.LearnLogger logQuery
INFO: DB CACHE [ε | challenge_v1 eap_success inner_failure /  challenge_response_v1 after_eap_success no_reply]
Mar 26, 2026 12:38:30 PM de.learnlib.logging.LearnLogger logQuery
INFO: DB CACHE [ε | challenge_v1 eap_success inner_success /  challenge_response_v1 after_eap_success no_reply]
Mar 26, 2026 12:38:30 PM de.learnlib.logging.LearnLogger logQuery
INFO: DB CACHE [ε | challenge_v1 eap_success id_request_v1 /  challenge_response_v1 after_eap_success id_response_v1]
Mar 26, 2026 12:38:30 PM de.learnlib.logging.LearnLogger logQuery
INFO: DB CACHE [ε | challenge_v1 eap_success id_request_v1 inner_success /  challenge_response_v1 after_eap_success id_response_v1 no_reply]
Mar 26, 2026 12:38:30 PM de.learnlib.logging.LearnLogger logQuery
INFO: DB CACHE [ε | success_request_with_credentials_v1 eap_success inner_failure /  success_response_v1 after_eap_success no_reply]
Mar 26, 2026 12:38:30 PM de.learnlib.logging.LearnLogger logQuery
INFO: DB CACHE [ε | success_request_with_credentials_v1 eap_success inner_success /  success_response_v1 after_eap_success no_reply]
Mar 26, 2026 12:38:30 PM de.learnlib.logging.LearnLogger logQuery
INFO: DB CACHE [ε | success_request_with_credentials_v1 eap_success id_request_v1 inner_success /  success_response_v1 after_eap_success id_response_v1 empty_peap]
Mar 26, 2026 12:38:30 PM de.learnlib.logging.LearnLogger logQuery
INFO: DB CACHE [ε | eap_success eap_success /  after_eap_success after_eap_success]
Mar 26, 2026 12:38:30 PM de.learnlib.logging.LearnLogger logQuery
INFO: DB CACHE [ε | eap_success eap_success inner_failure /  after_eap_success after_eap_success no_reply]
Mar 26, 2026 12:38:30 PM de.learnlib.logging.LearnLogger logQuery
INFO: DB CACHE [ε | eap_success eap_success inner_success /  after_eap_success after_eap_success no_reply]
Mar 26, 2026 12:38:30 PM de.learnlib.logging.LearnLogger logQuery
INFO: DB CACHE [ε | eap_success eap_success id_request_v1 /  after_eap_success after_eap_success id_response_v1]
Mar 26, 2026 12:38:30 PM de.learnlib.logging.LearnLogger logQuery
INFO: DB CACHE [ε | eap_success eap_success id_request_v1 inner_success /  after_eap_success after_eap_success id_response_v1 no_reply]
Mar 26, 2026 12:38:30 PM de.learnlib.logging.LearnLogger logQuery
INFO: DB CACHE [ε | id_request_v1 4_way_message_1 /  id_response_v1 no_reply]
Mar 26, 2026 12:38:30 PM de.learnlib.logging.LearnLogger logQuery
INFO: DB CACHE [ε | challenge_v1 4_way_message_1 /  challenge_response_v1 no_reply]
Mar 26, 2026 12:38:30 PM de.learnlib.logging.LearnLogger logQuery
INFO: DB CACHE [ε | success_request_with_credentials_v1 4_way_message_1 /  success_response_v1 no_reply]
Mar 26, 2026 12:38:30 PM de.learnlib.logging.LearnLogger logQuery
INFO: DB CACHE [ε | eap_success 4_way_message_1 /  after_eap_success no_reply]
Mar 26, 2026 12:38:30 PM de.learnlib.logging.LearnLogger logQuery
INFO: DB CACHE [ε | id_request_v1 id_request_v1 id_request_v1 inner_failure /  id_response_v1 id_response_v1 id_response_v1 encrypted_alert]
Mar 26, 2026 12:38:30 PM de.learnlib.logging.LearnLogger logQuery
INFO: DB CACHE [ε | id_request_v1 id_request_v1 id_request_v1 id_request_v1 /  id_response_v1 id_response_v1 id_response_v1 id_response_v1]
Mar 26, 2026 12:38:30 PM de.learnlib.logging.LearnLogger logQuery
INFO: DB CACHE [ε | id_request_v1 id_request_v1 id_request_v1 id_request_v1 inner_success /  id_response_v1 id_response_v1 id_response_v1 id_response_v1 no_reply]
Mar 26, 2026 12:38:30 PM de.learnlib.logging.LearnLogger logQuery
INFO: DB CACHE [ε | id_request_v1 challenge_v1 id_request_v1 inner_failure /  id_response_v1 challenge_response_v1 id_response_v1 encrypted_alert]
Mar 26, 2026 12:38:30 PM de.learnlib.logging.LearnLogger logQuery
INFO: DB CACHE [ε | id_request_v1 challenge_v1 id_request_v1 id_request_v1 /  id_response_v1 challenge_response_v1 id_response_v1 id_response_v1]
Mar 26, 2026 12:38:30 PM de.learnlib.logging.LearnLogger logQuery
INFO: DB CACHE [ε | id_request_v1 challenge_v1 id_request_v1 id_request_v1 inner_success /  id_response_v1 challenge_response_v1 id_response_v1 id_response_v1 no_reply]
Mar 26, 2026 12:38:30 PM de.learnlib.logging.LearnLogger logQuery
INFO: DB CACHE [ε | id_request_v1 success_request_with_credentials_v1 id_request_v1 inner_failure /  id_response_v1 success_response_v1 id_response_v1 no_reply]
Mar 26, 2026 12:38:30 PM de.learnlib.logging.LearnLogger logQuery
INFO: DB CACHE [ε | id_request_v1 success_request_with_credentials_v1 id_request_v1 id_request_v1 /  id_response_v1 success_response_v1 id_response_v1 id_response_v1]
Mar 26, 2026 12:38:30 PM de.learnlib.logging.LearnLogger logQuery
INFO: DB CACHE [ε | id_request_v1 success_request_with_credentials_v1 id_request_v1 id_request_v1 inner_success /  id_response_v1 success_response_v1 id_response_v1 id_response_v1 empty_peap]
Mar 26, 2026 12:38:30 PM de.learnlib.logging.LearnLogger logQuery
INFO: DB CACHE [ε | id_request_v1 eap_success id_request_v1 inner_failure /  id_response_v1 after_eap_success id_response_v1 encrypted_alert]
Mar 26, 2026 12:38:30 PM de.learnlib.logging.LearnLogger logQuery
INFO: DB CACHE [ε | id_request_v1 eap_success id_request_v1 id_request_v1 /  id_response_v1 after_eap_success id_response_v1 id_response_v1]
Mar 26, 2026 12:38:30 PM de.learnlib.logging.LearnLogger logQuery
INFO: DB CACHE [ε | id_request_v1 eap_success id_request_v1 id_request_v1 inner_success /  id_response_v1 after_eap_success id_response_v1 id_response_v1 no_reply]
Mar 26, 2026 12:38:30 PM de.learnlib.logging.LearnLogger logQuery
INFO: DB CACHE [ε | id_request_v1 id_request_v1 challenge_v1 /  id_response_v1 id_response_v1 challenge_response_v1]
Mar 26, 2026 12:38:30 PM de.learnlib.logging.LearnLogger logQuery
INFO: DB CACHE [ε | id_request_v1 id_request_v1 challenge_v1 inner_failure /  id_response_v1 id_response_v1 challenge_response_v1 encrypted_alert]
Mar 26, 2026 12:38:30 PM de.learnlib.logging.LearnLogger logQuery
INFO: DB CACHE [ε | id_request_v1 id_request_v1 challenge_v1 inner_success /  id_response_v1 id_response_v1 challenge_response_v1 no_reply]
Mar 26, 2026 12:38:30 PM de.learnlib.logging.LearnLogger logQuery
INFO: DB CACHE [ε | id_request_v1 id_request_v1 challenge_v1 id_request_v1 /  id_response_v1 id_response_v1 challenge_response_v1 id_response_v1]
Mar 26, 2026 12:38:30 PM de.learnlib.logging.LearnLogger logQuery
INFO: DB CACHE [ε | id_request_v1 id_request_v1 challenge_v1 id_request_v1 inner_success /  id_response_v1 id_response_v1 challenge_response_v1 id_response_v1 no_reply]
Mar 26, 2026 12:38:30 PM de.learnlib.logging.LearnLogger logQuery
INFO: DB CACHE [ε | id_request_v1 challenge_v1 challenge_v1 /  id_response_v1 challenge_response_v1 challenge_response_v1]
Mar 26, 2026 12:38:30 PM de.learnlib.logging.LearnLogger logQuery
INFO: DB CACHE [ε | id_request_v1 challenge_v1 challenge_v1 inner_failure /  id_response_v1 challenge_response_v1 challenge_response_v1 encrypted_alert]
Mar 26, 2026 12:38:30 PM de.learnlib.logging.LearnLogger logQuery
INFO: DB CACHE [ε | id_request_v1 challenge_v1 challenge_v1 inner_success /  id_response_v1 challenge_response_v1 challenge_response_v1 no_reply]
Mar 26, 2026 12:38:30 PM de.learnlib.logging.LearnLogger logQuery
INFO: DB CACHE [ε | id_request_v1 challenge_v1 challenge_v1 id_request_v1 /  id_response_v1 challenge_response_v1 challenge_response_v1 id_response_v1]
Mar 26, 2026 12:38:30 PM de.learnlib.logging.LearnLogger logQuery
INFO: DB CACHE [ε | id_request_v1 challenge_v1 challenge_v1 id_request_v1 inner_success /  id_response_v1 challenge_response_v1 challenge_response_v1 id_response_v1 no_reply]
Mar 26, 2026 12:38:30 PM de.learnlib.logging.LearnLogger logQuery
INFO: DB CACHE [ε | id_request_v1 success_request_with_credentials_v1 challenge_v1 /  id_response_v1 success_response_v1 challenge_response_v1]
Mar 26, 2026 12:38:30 PM de.learnlib.logging.LearnLogger logQuery
INFO: DB CACHE [ε | id_request_v1 success_request_with_credentials_v1 challenge_v1 inner_failure /  id_response_v1 success_response_v1 challenge_response_v1 no_reply]
Mar 26, 2026 12:38:30 PM de.learnlib.logging.LearnLogger logQuery
INFO: DB CACHE [ε | id_request_v1 success_request_with_credentials_v1 challenge_v1 inner_success /  id_response_v1 success_response_v1 challenge_response_v1 empty_peap]
Mar 26, 2026 12:38:30 PM de.learnlib.logging.LearnLogger logQuery
INFO: DB CACHE [ε | id_request_v1 success_request_with_credentials_v1 challenge_v1 id_request_v1 /  id_response_v1 success_response_v1 challenge_response_v1 id_response_v1]
Mar 26, 2026 12:38:30 PM de.learnlib.logging.LearnLogger logQuery
INFO: DB CACHE [ε | id_request_v1 success_request_with_credentials_v1 challenge_v1 id_request_v1 inner_success /  id_response_v1 success_response_v1 challenge_response_v1 id_response_v1 empty_peap]
Mar 26, 2026 12:38:30 PM de.learnlib.logging.LearnLogger logQuery
INFO: DB CACHE [ε | id_request_v1 eap_success challenge_v1 /  id_response_v1 after_eap_success challenge_response_v1]
Mar 26, 2026 12:38:30 PM de.learnlib.logging.LearnLogger logQuery
INFO: DB CACHE [ε | id_request_v1 eap_success challenge_v1 inner_failure /  id_response_v1 after_eap_success challenge_response_v1 encrypted_alert]
Mar 26, 2026 12:38:30 PM de.learnlib.logging.LearnLogger logQuery
INFO: DB CACHE [ε | id_request_v1 eap_success challenge_v1 inner_success /  id_response_v1 after_eap_success challenge_response_v1 no_reply]
Mar 26, 2026 12:38:30 PM de.learnlib.logging.LearnLogger logQuery
INFO: DB CACHE [ε | id_request_v1 eap_success challenge_v1 id_request_v1 /  id_response_v1 after_eap_success challenge_response_v1 id_response_v1]
Mar 26, 2026 12:38:30 PM de.learnlib.logging.LearnLogger logQuery
INFO: DB CACHE [ε | id_request_v1 eap_success challenge_v1 id_request_v1 inner_success /  id_response_v1 after_eap_success challenge_response_v1 id_response_v1 no_reply]
Mar 26, 2026 12:38:30 PM de.learnlib.logging.LearnLogger logQuery
INFO: DB CACHE [ε | id_request_v1 id_request_v1 success_request_all_zeros_v1 /  id_response_v1 id_response_v1 encrypted_alert]
Mar 26, 2026 12:38:30 PM de.learnlib.logging.LearnLogger logQuery
INFO: DB CACHE [ε | id_request_v1 challenge_v1 success_request_all_zeros_v1 /  id_response_v1 challenge_response_v1 encrypted_alert]
Mar 26, 2026 12:38:30 PM de.learnlib.logging.LearnLogger logQuery
INFO: DB CACHE [ε | id_request_v1 success_request_with_credentials_v1 success_request_all_zeros_v1 /  id_response_v1 success_response_v1 encrypted_alert]
Mar 26, 2026 12:38:30 PM de.learnlib.logging.LearnLogger logQuery
INFO: DB CACHE [ε | id_request_v1 eap_success success_request_all_zeros_v1 /  id_response_v1 after_eap_success encrypted_alert]
Mar 26, 2026 12:38:30 PM de.learnlib.logging.LearnLogger logQuery
INFO: DB CACHE [ε | id_request_v1 id_request_v1 success_request_with_credentials_v1 /  id_response_v1 id_response_v1 success_response_v1]
Mar 26, 2026 12:38:30 PM de.learnlib.logging.LearnLogger logQuery
INFO: DB CACHE [ε | id_request_v1 id_request_v1 success_request_with_credentials_v1 inner_failure /  id_response_v1 id_response_v1 success_response_v1 no_reply]
Mar 26, 2026 12:38:30 PM de.learnlib.logging.LearnLogger logQuery
INFO: DB CACHE [ε | id_request_v1 id_request_v1 success_request_with_credentials_v1 inner_success /  id_response_v1 id_response_v1 success_response_v1 empty_peap]
Mar 26, 2026 12:38:30 PM de.learnlib.logging.LearnLogger logQuery
INFO: DB CACHE [ε | id_request_v1 id_request_v1 success_request_with_credentials_v1 id_request_v1 /  id_response_v1 id_response_v1 success_response_v1 id_response_v1]
Mar 26, 2026 12:38:30 PM de.learnlib.logging.LearnLogger logQuery
INFO: DB CACHE [ε | id_request_v1 id_request_v1 success_request_with_credentials_v1 id_request_v1 inner_success /  id_response_v1 id_response_v1 success_response_v1 id_response_v1 empty_peap]
Mar 26, 2026 12:38:30 PM de.learnlib.logging.LearnLogger logQuery
INFO: DB CACHE [ε | id_request_v1 challenge_v1 success_request_with_credentials_v1 /  id_response_v1 challenge_response_v1 success_response_v1]
Mar 26, 2026 12:38:30 PM de.learnlib.logging.LearnLogger logQuery
INFO: DB CACHE [ε | id_request_v1 challenge_v1 success_request_with_credentials_v1 inner_failure /  id_response_v1 challenge_response_v1 success_response_v1 no_reply]
Mar 26, 2026 12:38:30 PM de.learnlib.logging.LearnLogger logQuery
INFO: DB CACHE [ε | id_request_v1 challenge_v1 success_request_with_credentials_v1 inner_success /  id_response_v1 challenge_response_v1 success_response_v1 empty_peap]
Mar 26, 2026 12:38:30 PM de.learnlib.logging.LearnLogger logQuery
INFO: DB CACHE [ε | id_request_v1 challenge_v1 success_request_with_credentials_v1 id_request_v1 /  id_response_v1 challenge_response_v1 success_response_v1 id_response_v1]
Mar 26, 2026 12:38:30 PM de.learnlib.logging.LearnLogger logQuery
INFO: DB CACHE [ε | id_request_v1 challenge_v1 success_request_with_credentials_v1 id_request_v1 inner_success /  id_response_v1 challenge_response_v1 success_response_v1 id_response_v1 empty_peap]
Mar 26, 2026 12:38:30 PM de.learnlib.logging.LearnLogger logQuery
INFO: DB CACHE [ε | id_request_v1 success_request_with_credentials_v1 success_request_with_credentials_v1 /  id_response_v1 success_response_v1 success_response_v1]
Mar 26, 2026 12:38:30 PM de.learnlib.logging.LearnLogger logQuery
INFO: DB CACHE [ε | id_request_v1 success_request_with_credentials_v1 success_request_with_credentials_v1 inner_failure /  id_response_v1 success_response_v1 success_response_v1 no_reply]
Mar 26, 2026 12:38:30 PM de.learnlib.logging.LearnLogger logQuery
INFO: DB CACHE [ε | id_request_v1 success_request_with_credentials_v1 success_request_with_credentials_v1 inner_success /  id_response_v1 success_response_v1 success_response_v1 empty_peap]
Mar 26, 2026 12:38:30 PM de.learnlib.logging.LearnLogger logQuery
INFO: DB CACHE [ε | id_request_v1 success_request_with_credentials_v1 success_request_with_credentials_v1 id_request_v1 /  id_response_v1 success_response_v1 success_response_v1 id_response_v1]
Mar 26, 2026 12:38:30 PM de.learnlib.logging.LearnLogger logQuery
INFO: DB CACHE [ε | id_request_v1 success_request_with_credentials_v1 success_request_with_credentials_v1 id_request_v1 inner_success /  id_response_v1 success_response_v1 success_response_v1 id_response_v1 empty_peap]
Mar 26, 2026 12:38:30 PM de.learnlib.logging.LearnLogger logQuery
INFO: DB CACHE [ε | id_request_v1 eap_success success_request_with_credentials_v1 /  id_response_v1 after_eap_success success_response_v1]
Mar 26, 2026 12:38:30 PM de.learnlib.logging.LearnLogger logQuery
INFO: DB CACHE [ε | id_request_v1 eap_success success_request_with_credentials_v1 inner_failure /  id_response_v1 after_eap_success success_response_v1 no_reply]
Mar 26, 2026 12:38:30 PM de.learnlib.logging.LearnLogger logQuery
INFO: DB CACHE [ε | id_request_v1 eap_success success_request_with_credentials_v1 inner_success /  id_response_v1 after_eap_success success_response_v1 empty_peap]
Mar 26, 2026 12:38:30 PM de.learnlib.logging.LearnLogger logQuery
INFO: DB CACHE [ε | id_request_v1 eap_success success_request_with_credentials_v1 id_request_v1 /  id_response_v1 after_eap_success success_response_v1 id_response_v1]
Mar 26, 2026 12:38:30 PM de.learnlib.logging.LearnLogger logQuery
INFO: DB CACHE [ε | id_request_v1 eap_success success_request_with_credentials_v1 id_request_v1 inner_success /  id_response_v1 after_eap_success success_response_v1 id_response_v1 empty_peap]
Mar 26, 2026 12:38:30 PM de.learnlib.logging.LearnLogger logQuery
INFO: DB CACHE [ε | id_request_v1 success_request_with_credentials_v1 inner_success inner_failure /  id_response_v1 success_response_v1 empty_peap no_reply]
Mar 26, 2026 12:38:30 PM de.learnlib.logging.LearnLogger logQuery
INFO: DB CACHE [ε | id_request_v1 success_request_with_credentials_v1 inner_success inner_success /  id_response_v1 success_response_v1 empty_peap no_reply]
Mar 26, 2026 12:38:30 PM de.learnlib.logging.LearnLogger logQuery
INFO: DB CACHE [ε | id_request_v1 success_request_with_credentials_v1 inner_success id_request_v1 /  id_response_v1 success_response_v1 empty_peap no_reply]
Mar 26, 2026 12:38:30 PM de.learnlib.logging.LearnLogger logQuery
INFO: DB CACHE [ε | id_request_v1 success_request_with_credentials_v1 inner_success id_request_v1 inner_success /  id_response_v1 success_response_v1 empty_peap no_reply -]
Mar 26, 2026 12:38:30 PM de.learnlib.logging.LearnLogger logQuery
INFO: DB CACHE [ε | id_request_v1 id_request_v1 eap_success /  id_response_v1 id_response_v1 after_eap_success]
Mar 26, 2026 12:38:30 PM de.learnlib.logging.LearnLogger logQuery
INFO: DB CACHE [ε | id_request_v1 id_request_v1 eap_success inner_failure /  id_response_v1 id_response_v1 after_eap_success no_reply]
Mar 26, 2026 12:38:30 PM de.learnlib.logging.LearnLogger logQuery
INFO: DB CACHE [ε | id_request_v1 id_request_v1 eap_success inner_success /  id_response_v1 id_response_v1 after_eap_success no_reply]
Mar 26, 2026 12:38:30 PM de.learnlib.logging.LearnLogger logQuery
INFO: DB CACHE [ε | id_request_v1 id_request_v1 eap_success id_request_v1 /  id_response_v1 id_response_v1 after_eap_success id_response_v1]
Mar 26, 2026 12:38:30 PM de.learnlib.logging.LearnLogger logQuery
INFO: DB CACHE [ε | id_request_v1 id_request_v1 eap_success id_request_v1 inner_success /  id_response_v1 id_response_v1 after_eap_success id_response_v1 no_reply]
Mar 26, 2026 12:38:30 PM de.learnlib.logging.LearnLogger logQuery
INFO: DB CACHE [ε | id_request_v1 challenge_v1 eap_success /  id_response_v1 challenge_response_v1 after_eap_success]
Mar 26, 2026 12:38:30 PM de.learnlib.logging.LearnLogger logQuery
INFO: DB CACHE [ε | id_request_v1 challenge_v1 eap_success inner_failure /  id_response_v1 challenge_response_v1 after_eap_success no_reply]
Mar 26, 2026 12:38:30 PM de.learnlib.logging.LearnLogger logQuery
INFO: DB CACHE [ε | id_request_v1 challenge_v1 eap_success inner_success /  id_response_v1 challenge_response_v1 after_eap_success no_reply]
Mar 26, 2026 12:38:30 PM de.learnlib.logging.LearnLogger logQuery
INFO: DB CACHE [ε | id_request_v1 challenge_v1 eap_success id_request_v1 /  id_response_v1 challenge_response_v1 after_eap_success id_response_v1]
Mar 26, 2026 12:38:30 PM de.learnlib.logging.LearnLogger logQuery
INFO: DB CACHE [ε | id_request_v1 challenge_v1 eap_success id_request_v1 inner_success /  id_response_v1 challenge_response_v1 after_eap_success id_response_v1 no_reply]
Mar 26, 2026 12:38:30 PM de.learnlib.logging.LearnLogger logQuery
INFO: DB CACHE [ε | id_request_v1 success_request_with_credentials_v1 eap_success /  id_response_v1 success_response_v1 after_eap_success]
Mar 26, 2026 12:38:30 PM de.learnlib.logging.LearnLogger logQuery
INFO: DB CACHE [ε | id_request_v1 success_request_with_credentials_v1 eap_success inner_failure /  id_response_v1 success_response_v1 after_eap_success no_reply]
Mar 26, 2026 12:38:30 PM de.learnlib.logging.LearnLogger logQuery
INFO: DB CACHE [ε | id_request_v1 success_request_with_credentials_v1 eap_success inner_success /  id_response_v1 success_response_v1 after_eap_success no_reply]
Mar 26, 2026 12:38:30 PM de.learnlib.logging.LearnLogger logQuery
INFO: DB CACHE [ε | id_request_v1 success_request_with_credentials_v1 eap_success id_request_v1 /  id_response_v1 success_response_v1 after_eap_success id_response_v1]
Mar 26, 2026 12:38:30 PM de.learnlib.logging.LearnLogger logQuery
INFO: DB CACHE [ε | id_request_v1 success_request_with_credentials_v1 eap_success id_request_v1 inner_success /  id_response_v1 success_response_v1 after_eap_success id_response_v1 empty_peap]
Mar 26, 2026 12:38:30 PM de.learnlib.logging.LearnLogger logQuery
INFO: DB CACHE [ε | id_request_v1 eap_success eap_success /  id_response_v1 after_eap_success after_eap_success]
Mar 26, 2026 12:38:30 PM de.learnlib.logging.LearnLogger logQuery
INFO: DB CACHE [ε | id_request_v1 eap_success eap_success inner_failure /  id_response_v1 after_eap_success after_eap_success no_reply]
Mar 26, 2026 12:38:30 PM de.learnlib.logging.LearnLogger logQuery
INFO: DB CACHE [ε | id_request_v1 eap_success eap_success inner_success /  id_response_v1 after_eap_success after_eap_success no_reply]
Mar 26, 2026 12:38:30 PM de.learnlib.logging.LearnLogger logQuery
INFO: DB CACHE [ε | id_request_v1 eap_success eap_success id_request_v1 /  id_response_v1 after_eap_success after_eap_success id_response_v1]
Mar 26, 2026 12:38:30 PM de.learnlib.logging.LearnLogger logQuery
INFO: DB CACHE [ε | id_request_v1 eap_success eap_success id_request_v1 inner_success /  id_response_v1 after_eap_success after_eap_success id_response_v1 no_reply]
Mar 26, 2026 12:38:30 PM de.learnlib.logging.LearnLogger logQuery
INFO: DB CACHE [ε | id_request_v1 id_request_v1 4_way_message_1 /  id_response_v1 id_response_v1 no_reply]
Mar 26, 2026 12:38:30 PM de.learnlib.logging.LearnLogger logQuery
INFO: DB CACHE [ε | id_request_v1 challenge_v1 4_way_message_1 /  id_response_v1 challenge_response_v1 no_reply]
Mar 26, 2026 12:38:30 PM de.learnlib.logging.LearnLogger logQuery
INFO: DB CACHE [ε | id_request_v1 success_request_with_credentials_v1 4_way_message_1 /  id_response_v1 success_response_v1 no_reply]
Mar 26, 2026 12:38:30 PM de.learnlib.logging.LearnLogger logQuery
INFO: DB CACHE [ε | id_request_v1 eap_success 4_way_message_1 /  id_response_v1 after_eap_success no_reply]
Mar 26, 2026 12:38:30 PM de.learnlib.logging.LearnLogger logQuery
INFO: DB CACHE [ε | challenge_v1 id_request_v1 id_request_v1 inner_failure /  challenge_response_v1 id_response_v1 id_response_v1 encrypted_alert]
Mar 26, 2026 12:38:30 PM de.learnlib.logging.LearnLogger logQuery
INFO: DB CACHE [ε | challenge_v1 id_request_v1 id_request_v1 id_request_v1 /  challenge_response_v1 id_response_v1 id_response_v1 id_response_v1]
Mar 26, 2026 12:38:30 PM de.learnlib.logging.LearnLogger logQuery
INFO: DB CACHE [ε | challenge_v1 id_request_v1 id_request_v1 id_request_v1 inner_success /  challenge_response_v1 id_response_v1 id_response_v1 id_response_v1 no_reply]
Mar 26, 2026 12:38:30 PM de.learnlib.logging.LearnLogger logQuery
INFO: DB CACHE [ε | challenge_v1 challenge_v1 id_request_v1 inner_failure /  challenge_response_v1 challenge_response_v1 id_response_v1 encrypted_alert]
Mar 26, 2026 12:38:30 PM de.learnlib.logging.LearnLogger logQuery
INFO: DB CACHE [ε | challenge_v1 challenge_v1 id_request_v1 id_request_v1 /  challenge_response_v1 challenge_response_v1 id_response_v1 id_response_v1]
Mar 26, 2026 12:38:30 PM de.learnlib.logging.LearnLogger logQuery
INFO: DB CACHE [ε | challenge_v1 challenge_v1 id_request_v1 id_request_v1 inner_success /  challenge_response_v1 challenge_response_v1 id_response_v1 id_response_v1 no_reply]
Mar 26, 2026 12:38:30 PM de.learnlib.logging.LearnLogger logQuery
INFO: DB CACHE [ε | challenge_v1 success_request_with_credentials_v1 id_request_v1 inner_failure /  challenge_response_v1 success_response_v1 id_response_v1 no_reply]
Mar 26, 2026 12:38:30 PM de.learnlib.logging.LearnLogger logQuery
INFO: DB CACHE [ε | challenge_v1 success_request_with_credentials_v1 id_request_v1 id_request_v1 /  challenge_response_v1 success_response_v1 id_response_v1 id_response_v1]
Mar 26, 2026 12:38:30 PM de.learnlib.logging.LearnLogger logQuery
INFO: DB CACHE [ε | challenge_v1 success_request_with_credentials_v1 id_request_v1 id_request_v1 inner_success /  challenge_response_v1 success_response_v1 id_response_v1 id_response_v1 empty_peap]
Mar 26, 2026 12:38:30 PM de.learnlib.logging.LearnLogger logQuery
INFO: DB CACHE [ε | challenge_v1 eap_success id_request_v1 inner_failure /  challenge_response_v1 after_eap_success id_response_v1 encrypted_alert]
Mar 26, 2026 12:38:30 PM de.learnlib.logging.LearnLogger logQuery
INFO: DB CACHE [ε | challenge_v1 eap_success id_request_v1 id_request_v1 /  challenge_response_v1 after_eap_success id_response_v1 id_response_v1]
Mar 26, 2026 12:38:30 PM de.learnlib.logging.LearnLogger logQuery
INFO: DB CACHE [ε | challenge_v1 eap_success id_request_v1 id_request_v1 inner_success /  challenge_response_v1 after_eap_success id_response_v1 id_response_v1 no_reply]
Mar 26, 2026 12:38:30 PM de.learnlib.logging.LearnLogger logQuery
INFO: DB CACHE [ε | challenge_v1 id_request_v1 challenge_v1 /  challenge_response_v1 id_response_v1 challenge_response_v1]
Mar 26, 2026 12:38:30 PM de.learnlib.logging.LearnLogger logQuery
INFO: DB CACHE [ε | challenge_v1 id_request_v1 challenge_v1 inner_failure /  challenge_response_v1 id_response_v1 challenge_response_v1 encrypted_alert]
Mar 26, 2026 12:38:30 PM de.learnlib.logging.LearnLogger logQuery
INFO: DB CACHE [ε | challenge_v1 id_request_v1 challenge_v1 inner_success /  challenge_response_v1 id_response_v1 challenge_response_v1 no_reply]
Mar 26, 2026 12:38:30 PM de.learnlib.logging.LearnLogger logQuery
INFO: DB CACHE [ε | challenge_v1 id_request_v1 challenge_v1 id_request_v1 /  challenge_response_v1 id_response_v1 challenge_response_v1 id_response_v1]
Mar 26, 2026 12:38:30 PM de.learnlib.logging.LearnLogger logQuery
INFO: DB CACHE [ε | challenge_v1 id_request_v1 challenge_v1 id_request_v1 inner_success /  challenge_response_v1 id_response_v1 challenge_response_v1 id_response_v1 no_reply]
Mar 26, 2026 12:38:30 PM de.learnlib.logging.LearnLogger logQuery
INFO: DB CACHE [ε | challenge_v1 challenge_v1 challenge_v1 /  challenge_response_v1 challenge_response_v1 challenge_response_v1]
Mar 26, 2026 12:38:30 PM de.learnlib.logging.LearnLogger logQuery
INFO: DB CACHE [ε | challenge_v1 challenge_v1 challenge_v1 inner_failure /  challenge_response_v1 challenge_response_v1 challenge_response_v1 encrypted_alert]
Mar 26, 2026 12:38:30 PM de.learnlib.logging.LearnLogger logQuery
INFO: DB CACHE [ε | challenge_v1 challenge_v1 challenge_v1 inner_success /  challenge_response_v1 challenge_response_v1 challenge_response_v1 no_reply]
Mar 26, 2026 12:38:30 PM de.learnlib.logging.LearnLogger logQuery
INFO: DB CACHE [ε | challenge_v1 challenge_v1 challenge_v1 id_request_v1 /  challenge_response_v1 challenge_response_v1 challenge_response_v1 id_response_v1]
Mar 26, 2026 12:38:30 PM de.learnlib.logging.LearnLogger logQuery
INFO: DB CACHE [ε | challenge_v1 challenge_v1 challenge_v1 id_request_v1 inner_success /  challenge_response_v1 challenge_response_v1 challenge_response_v1 id_response_v1 no_reply]
Mar 26, 2026 12:38:30 PM de.learnlib.logging.LearnLogger logQuery
INFO: DB CACHE [ε | challenge_v1 success_request_with_credentials_v1 challenge_v1 /  challenge_response_v1 success_response_v1 challenge_response_v1]
Mar 26, 2026 12:38:30 PM de.learnlib.logging.LearnLogger logQuery
INFO: DB CACHE [ε | challenge_v1 success_request_with_credentials_v1 challenge_v1 inner_failure /  challenge_response_v1 success_response_v1 challenge_response_v1 no_reply]
Mar 26, 2026 12:38:30 PM de.learnlib.logging.LearnLogger logQuery
INFO: DB CACHE [ε | challenge_v1 success_request_with_credentials_v1 challenge_v1 inner_success /  challenge_response_v1 success_response_v1 challenge_response_v1 empty_peap]
Mar 26, 2026 12:38:30 PM de.learnlib.logging.LearnLogger logQuery
INFO: DB CACHE [ε | challenge_v1 success_request_with_credentials_v1 challenge_v1 id_request_v1 /  challenge_response_v1 success_response_v1 challenge_response_v1 id_response_v1]
Mar 26, 2026 12:38:30 PM de.learnlib.logging.LearnLogger logQuery
INFO: DB CACHE [ε | challenge_v1 success_request_with_credentials_v1 challenge_v1 id_request_v1 inner_success /  challenge_response_v1 success_response_v1 challenge_response_v1 id_response_v1 empty_peap]
Mar 26, 2026 12:38:30 PM de.learnlib.logging.LearnLogger logQuery
INFO: DB CACHE [ε | challenge_v1 eap_success challenge_v1 /  challenge_response_v1 after_eap_success challenge_response_v1]
Mar 26, 2026 12:38:30 PM de.learnlib.logging.LearnLogger logQuery
INFO: DB CACHE [ε | challenge_v1 eap_success challenge_v1 inner_failure /  challenge_response_v1 after_eap_success challenge_response_v1 encrypted_alert]
Mar 26, 2026 12:38:30 PM de.learnlib.logging.LearnLogger logQuery
INFO: DB CACHE [ε | challenge_v1 eap_success challenge_v1 inner_success /  challenge_response_v1 after_eap_success challenge_response_v1 no_reply]
Mar 26, 2026 12:38:30 PM de.learnlib.logging.LearnLogger logQuery
INFO: DB CACHE [ε | challenge_v1 eap_success challenge_v1 id_request_v1 /  challenge_response_v1 after_eap_success challenge_response_v1 id_response_v1]
Mar 26, 2026 12:38:30 PM de.learnlib.logging.LearnLogger logQuery
INFO: DB CACHE [ε | challenge_v1 eap_success challenge_v1 id_request_v1 inner_success /  challenge_response_v1 after_eap_success challenge_response_v1 id_response_v1 no_reply]
Mar 26, 2026 12:38:30 PM de.learnlib.logging.LearnLogger logQuery
INFO: DB CACHE [ε | challenge_v1 id_request_v1 success_request_all_zeros_v1 /  challenge_response_v1 id_response_v1 encrypted_alert]
Mar 26, 2026 12:38:30 PM de.learnlib.logging.LearnLogger logQuery
INFO: DB CACHE [ε | challenge_v1 challenge_v1 success_request_all_zeros_v1 /  challenge_response_v1 challenge_response_v1 encrypted_alert]
Mar 26, 2026 12:38:30 PM de.learnlib.logging.LearnLogger logQuery
INFO: DB CACHE [ε | challenge_v1 success_request_with_credentials_v1 success_request_all_zeros_v1 /  challenge_response_v1 success_response_v1 encrypted_alert]
Mar 26, 2026 12:38:30 PM de.learnlib.logging.LearnLogger logQuery
INFO: DB CACHE [ε | challenge_v1 eap_success success_request_all_zeros_v1 /  challenge_response_v1 after_eap_success encrypted_alert]
Mar 26, 2026 12:38:30 PM de.learnlib.logging.LearnLogger logQuery
INFO: DB CACHE [ε | challenge_v1 id_request_v1 success_request_with_credentials_v1 /  challenge_response_v1 id_response_v1 success_response_v1]
Mar 26, 2026 12:38:30 PM de.learnlib.logging.LearnLogger logQuery
INFO: DB CACHE [ε | challenge_v1 id_request_v1 success_request_with_credentials_v1 inner_failure /  challenge_response_v1 id_response_v1 success_response_v1 no_reply]
Mar 26, 2026 12:38:30 PM de.learnlib.logging.LearnLogger logQuery
INFO: DB CACHE [ε | challenge_v1 id_request_v1 success_request_with_credentials_v1 inner_success /  challenge_response_v1 id_response_v1 success_response_v1 empty_peap]
Mar 26, 2026 12:38:30 PM de.learnlib.logging.LearnLogger logQuery
INFO: DB CACHE [ε | challenge_v1 id_request_v1 success_request_with_credentials_v1 id_request_v1 /  challenge_response_v1 id_response_v1 success_response_v1 id_response_v1]
Mar 26, 2026 12:38:30 PM de.learnlib.logging.LearnLogger logQuery
INFO: DB CACHE [ε | challenge_v1 id_request_v1 success_request_with_credentials_v1 id_request_v1 inner_success /  challenge_response_v1 id_response_v1 success_response_v1 id_response_v1 empty_peap]
Mar 26, 2026 12:38:30 PM de.learnlib.logging.LearnLogger logQuery
INFO: DB CACHE [ε | challenge_v1 challenge_v1 success_request_with_credentials_v1 /  challenge_response_v1 challenge_response_v1 success_response_v1]
Mar 26, 2026 12:38:30 PM de.learnlib.logging.LearnLogger logQuery
INFO: DB CACHE [ε | challenge_v1 challenge_v1 success_request_with_credentials_v1 inner_failure /  challenge_response_v1 challenge_response_v1 success_response_v1 no_reply]
Mar 26, 2026 12:38:30 PM de.learnlib.logging.LearnLogger logQuery
INFO: DB CACHE [ε | challenge_v1 challenge_v1 success_request_with_credentials_v1 inner_success /  challenge_response_v1 challenge_response_v1 success_response_v1 empty_peap]
Mar 26, 2026 12:38:30 PM de.learnlib.logging.LearnLogger logQuery
INFO: DB CACHE [ε | challenge_v1 challenge_v1 success_request_with_credentials_v1 id_request_v1 /  challenge_response_v1 challenge_response_v1 success_response_v1 id_response_v1]
Mar 26, 2026 12:38:30 PM de.learnlib.logging.LearnLogger logQuery
INFO: DB CACHE [ε | challenge_v1 challenge_v1 success_request_with_credentials_v1 id_request_v1 inner_success /  challenge_response_v1 challenge_response_v1 success_response_v1 id_response_v1 empty_peap]
Mar 26, 2026 12:38:30 PM de.learnlib.logging.LearnLogger logQuery
INFO: DB CACHE [ε | challenge_v1 success_request_with_credentials_v1 success_request_with_credentials_v1 /  challenge_response_v1 success_response_v1 success_response_v1]
Mar 26, 2026 12:38:30 PM de.learnlib.logging.LearnLogger logQuery
INFO: DB CACHE [ε | challenge_v1 success_request_with_credentials_v1 success_request_with_credentials_v1 inner_failure /  challenge_response_v1 success_response_v1 success_response_v1 no_reply]
Mar 26, 2026 12:38:30 PM de.learnlib.logging.LearnLogger logQuery
INFO: DB CACHE [ε | challenge_v1 success_request_with_credentials_v1 success_request_with_credentials_v1 inner_success /  challenge_response_v1 success_response_v1 success_response_v1 empty_peap]
Mar 26, 2026 12:38:30 PM de.learnlib.logging.LearnLogger logQuery
INFO: DB CACHE [ε | challenge_v1 success_request_with_credentials_v1 success_request_with_credentials_v1 id_request_v1 /  challenge_response_v1 success_response_v1 success_response_v1 id_response_v1]
Mar 26, 2026 12:38:30 PM de.learnlib.logging.LearnLogger logQuery
INFO: DB CACHE [ε | challenge_v1 success_request_with_credentials_v1 success_request_with_credentials_v1 id_request_v1 inner_success /  challenge_response_v1 success_response_v1 success_response_v1 id_response_v1 empty_peap]
Mar 26, 2026 12:38:30 PM de.learnlib.logging.LearnLogger logQuery
INFO: DB CACHE [ε | challenge_v1 eap_success success_request_with_credentials_v1 /  challenge_response_v1 after_eap_success success_response_v1]
Mar 26, 2026 12:38:30 PM de.learnlib.logging.LearnLogger logQuery
INFO: DB CACHE [ε | challenge_v1 eap_success success_request_with_credentials_v1 inner_failure /  challenge_response_v1 after_eap_success success_response_v1 no_reply]
Mar 26, 2026 12:38:30 PM de.learnlib.logging.LearnLogger logQuery
INFO: DB CACHE [ε | challenge_v1 eap_success success_request_with_credentials_v1 inner_success /  challenge_response_v1 after_eap_success success_response_v1 empty_peap]
Mar 26, 2026 12:38:30 PM de.learnlib.logging.LearnLogger logQuery
INFO: DB CACHE [ε | challenge_v1 eap_success success_request_with_credentials_v1 id_request_v1 /  challenge_response_v1 after_eap_success success_response_v1 id_response_v1]
Mar 26, 2026 12:38:30 PM de.learnlib.logging.LearnLogger logQuery
INFO: DB CACHE [ε | challenge_v1 eap_success success_request_with_credentials_v1 id_request_v1 inner_success /  challenge_response_v1 after_eap_success success_response_v1 id_response_v1 empty_peap]
Mar 26, 2026 12:38:30 PM de.learnlib.logging.LearnLogger logQuery
INFO: DB CACHE [ε | challenge_v1 success_request_with_credentials_v1 inner_success inner_failure /  challenge_response_v1 success_response_v1 empty_peap no_reply]
Mar 26, 2026 12:38:30 PM de.learnlib.logging.LearnLogger logQuery
INFO: DB CACHE [ε | challenge_v1 success_request_with_credentials_v1 inner_success inner_success /  challenge_response_v1 success_response_v1 empty_peap no_reply]
Mar 26, 2026 12:38:30 PM de.learnlib.logging.LearnLogger logQuery
INFO: DB CACHE [ε | challenge_v1 success_request_with_credentials_v1 inner_success id_request_v1 /  challenge_response_v1 success_response_v1 empty_peap no_reply]
Mar 26, 2026 12:38:30 PM de.learnlib.logging.LearnLogger logQuery
INFO: DB CACHE [ε | challenge_v1 success_request_with_credentials_v1 inner_success id_request_v1 inner_success /  challenge_response_v1 success_response_v1 empty_peap no_reply -]
Mar 26, 2026 12:38:30 PM de.learnlib.logging.LearnLogger logQuery
INFO: DB CACHE [ε | challenge_v1 id_request_v1 eap_success /  challenge_response_v1 id_response_v1 after_eap_success]
Mar 26, 2026 12:38:30 PM de.learnlib.logging.LearnLogger logQuery
INFO: DB CACHE [ε | challenge_v1 id_request_v1 eap_success inner_failure /  challenge_response_v1 id_response_v1 after_eap_success no_reply]
Mar 26, 2026 12:38:30 PM de.learnlib.logging.LearnLogger logQuery
INFO: DB CACHE [ε | challenge_v1 id_request_v1 eap_success inner_success /  challenge_response_v1 id_response_v1 after_eap_success no_reply]
Mar 26, 2026 12:38:30 PM de.learnlib.logging.LearnLogger logQuery
INFO: DB CACHE [ε | challenge_v1 id_request_v1 eap_success id_request_v1 /  challenge_response_v1 id_response_v1 after_eap_success id_response_v1]
Mar 26, 2026 12:38:30 PM de.learnlib.logging.LearnLogger logQuery
INFO: DB CACHE [ε | challenge_v1 id_request_v1 eap_success id_request_v1 inner_success /  challenge_response_v1 id_response_v1 after_eap_success id_response_v1 no_reply]
Mar 26, 2026 12:38:30 PM de.learnlib.logging.LearnLogger logQuery
INFO: DB CACHE [ε | challenge_v1 challenge_v1 eap_success /  challenge_response_v1 challenge_response_v1 after_eap_success]
Mar 26, 2026 12:38:30 PM de.learnlib.logging.LearnLogger logQuery
INFO: DB CACHE [ε | challenge_v1 challenge_v1 eap_success inner_failure /  challenge_response_v1 challenge_response_v1 after_eap_success no_reply]
Mar 26, 2026 12:38:30 PM de.learnlib.logging.LearnLogger logQuery
INFO: DB CACHE [ε | challenge_v1 challenge_v1 eap_success inner_success /  challenge_response_v1 challenge_response_v1 after_eap_success no_reply]
Mar 26, 2026 12:38:30 PM de.learnlib.logging.LearnLogger logQuery
INFO: DB CACHE [ε | challenge_v1 challenge_v1 eap_success id_request_v1 /  challenge_response_v1 challenge_response_v1 after_eap_success id_response_v1]
Mar 26, 2026 12:38:30 PM de.learnlib.logging.LearnLogger logQuery
INFO: DB CACHE [ε | challenge_v1 challenge_v1 eap_success id_request_v1 inner_success /  challenge_response_v1 challenge_response_v1 after_eap_success id_response_v1 no_reply]
Mar 26, 2026 12:38:30 PM de.learnlib.logging.LearnLogger logQuery
INFO: DB CACHE [ε | challenge_v1 success_request_with_credentials_v1 eap_success /  challenge_response_v1 success_response_v1 after_eap_success]
Mar 26, 2026 12:38:30 PM de.learnlib.logging.LearnLogger logQuery
INFO: DB CACHE [ε | challenge_v1 success_request_with_credentials_v1 eap_success inner_failure /  challenge_response_v1 success_response_v1 after_eap_success no_reply]
Mar 26, 2026 12:38:30 PM de.learnlib.logging.LearnLogger logQuery
INFO: DB CACHE [ε | challenge_v1 success_request_with_credentials_v1 eap_success inner_success /  challenge_response_v1 success_response_v1 after_eap_success no_reply]
Mar 26, 2026 12:38:30 PM de.learnlib.logging.LearnLogger logQuery
INFO: DB CACHE [ε | challenge_v1 success_request_with_credentials_v1 eap_success id_request_v1 /  challenge_response_v1 success_response_v1 after_eap_success id_response_v1]
Mar 26, 2026 12:38:30 PM de.learnlib.logging.LearnLogger logQuery
INFO: DB CACHE [ε | challenge_v1 success_request_with_credentials_v1 eap_success id_request_v1 inner_success /  challenge_response_v1 success_response_v1 after_eap_success id_response_v1 empty_peap]
Mar 26, 2026 12:38:30 PM de.learnlib.logging.LearnLogger logQuery
INFO: DB CACHE [ε | challenge_v1 eap_success eap_success /  challenge_response_v1 after_eap_success after_eap_success]
Mar 26, 2026 12:38:30 PM de.learnlib.logging.LearnLogger logQuery
INFO: DB CACHE [ε | challenge_v1 eap_success eap_success inner_failure /  challenge_response_v1 after_eap_success after_eap_success no_reply]
Mar 26, 2026 12:38:30 PM de.learnlib.logging.LearnLogger logQuery
INFO: DB CACHE [ε | challenge_v1 eap_success eap_success inner_success /  challenge_response_v1 after_eap_success after_eap_success no_reply]
Mar 26, 2026 12:38:30 PM de.learnlib.logging.LearnLogger logQuery
INFO: DB CACHE [ε | challenge_v1 eap_success eap_success id_request_v1 /  challenge_response_v1 after_eap_success after_eap_success id_response_v1]
Mar 26, 2026 12:38:30 PM de.learnlib.logging.LearnLogger logQuery
INFO: DB CACHE [ε | challenge_v1 eap_success eap_success id_request_v1 inner_success /  challenge_response_v1 after_eap_success after_eap_success id_response_v1 no_reply]
Mar 26, 2026 12:38:30 PM de.learnlib.logging.LearnLogger logQuery
INFO: DB CACHE [ε | challenge_v1 id_request_v1 4_way_message_1 /  challenge_response_v1 id_response_v1 no_reply]
Mar 26, 2026 12:38:30 PM de.learnlib.logging.LearnLogger logQuery
INFO: DB CACHE [ε | challenge_v1 challenge_v1 4_way_message_1 /  challenge_response_v1 challenge_response_v1 no_reply]
Mar 26, 2026 12:38:30 PM de.learnlib.logging.LearnLogger logQuery
INFO: DB CACHE [ε | challenge_v1 success_request_with_credentials_v1 4_way_message_1 /  challenge_response_v1 success_response_v1 no_reply]
Mar 26, 2026 12:38:30 PM de.learnlib.logging.LearnLogger logQuery
INFO: DB CACHE [ε | challenge_v1 eap_success 4_way_message_1 /  challenge_response_v1 after_eap_success no_reply]
Mar 26, 2026 12:38:30 PM de.learnlib.logging.LearnLogger logQuery
INFO: DB CACHE [ε | success_request_with_credentials_v1 id_request_v1 id_request_v1 inner_failure /  success_response_v1 id_response_v1 id_response_v1 no_reply]
Mar 26, 2026 12:38:30 PM de.learnlib.logging.LearnLogger logQuery
INFO: DB CACHE [ε | success_request_with_credentials_v1 id_request_v1 id_request_v1 id_request_v1 /  success_response_v1 id_response_v1 id_response_v1 id_response_v1]
Mar 26, 2026 12:38:30 PM de.learnlib.logging.LearnLogger logQuery
INFO: DB CACHE [ε | success_request_with_credentials_v1 id_request_v1 id_request_v1 id_request_v1 inner_success /  success_response_v1 id_response_v1 id_response_v1 id_response_v1 empty_peap]
Mar 26, 2026 12:38:30 PM de.learnlib.logging.LearnLogger logQuery
INFO: DB CACHE [ε | success_request_with_credentials_v1 challenge_v1 id_request_v1 inner_failure /  success_response_v1 challenge_response_v1 id_response_v1 no_reply]
Mar 26, 2026 12:38:30 PM de.learnlib.logging.LearnLogger logQuery
INFO: DB CACHE [ε | success_request_with_credentials_v1 challenge_v1 id_request_v1 id_request_v1 /  success_response_v1 challenge_response_v1 id_response_v1 id_response_v1]
Mar 26, 2026 12:38:30 PM de.learnlib.logging.LearnLogger logQuery
INFO: DB CACHE [ε | success_request_with_credentials_v1 challenge_v1 id_request_v1 id_request_v1 inner_success /  success_response_v1 challenge_response_v1 id_response_v1 id_response_v1 empty_peap]
Mar 26, 2026 12:38:30 PM de.learnlib.logging.LearnLogger logQuery
INFO: DB CACHE [ε | success_request_with_credentials_v1 success_request_with_credentials_v1 id_request_v1 inner_failure /  success_response_v1 success_response_v1 id_response_v1 no_reply]
Mar 26, 2026 12:38:30 PM de.learnlib.logging.LearnLogger logQuery
INFO: DB CACHE [ε | success_request_with_credentials_v1 success_request_with_credentials_v1 id_request_v1 id_request_v1 /  success_response_v1 success_response_v1 id_response_v1 id_response_v1]
Mar 26, 2026 12:38:30 PM de.learnlib.logging.LearnLogger logQuery
INFO: DB CACHE [ε | success_request_with_credentials_v1 success_request_with_credentials_v1 id_request_v1 id_request_v1 inner_success /  success_response_v1 success_response_v1 id_response_v1 id_response_v1 empty_peap]
Mar 26, 2026 12:38:30 PM de.learnlib.logging.LearnLogger logQuery
INFO: DB CACHE [ε | success_request_with_credentials_v1 eap_success id_request_v1 id_request_v1 /  success_response_v1 after_eap_success id_response_v1 id_response_v1]
Mar 26, 2026 12:38:30 PM de.learnlib.logging.LearnLogger logQuery
INFO: DB CACHE [ε | success_request_with_credentials_v1 eap_success id_request_v1 id_request_v1 inner_success /  success_response_v1 after_eap_success id_response_v1 id_response_v1 empty_peap]
Mar 26, 2026 12:38:30 PM de.learnlib.logging.LearnLogger logQuery
INFO: DB CACHE [ε | success_request_with_credentials_v1 id_request_v1 challenge_v1 /  success_response_v1 id_response_v1 challenge_response_v1]
Mar 26, 2026 12:38:30 PM de.learnlib.logging.LearnLogger logQuery
INFO: DB CACHE [ε | success_request_with_credentials_v1 id_request_v1 challenge_v1 inner_failure /  success_response_v1 id_response_v1 challenge_response_v1 no_reply]
Mar 26, 2026 12:38:41 PM de.learnlib.logging.LearnLogger logQuery
INFO: [ε | success_request_with_credentials_v1 id_request_v1 challenge_v1 inner_success / ε | success_response_v1 id_response_v1 challenge_response_v1 empty_peap]
Mar 26, 2026 12:38:47 PM de.learnlib.logging.LearnLogger logQuery
INFO: [ε | success_request_with_credentials_v1 id_request_v1 challenge_v1 id_request_v1 / ε | success_response_v1 id_response_v1 challenge_response_v1 id_response_v1]
Mar 26, 2026 12:38:54 PM de.learnlib.logging.LearnLogger logQuery
INFO: [ε | success_request_with_credentials_v1 id_request_v1 challenge_v1 id_request_v1 inner_success / ε | success_response_v1 id_response_v1 challenge_response_v1 id_response_v1 empty_peap]
Mar 26, 2026 12:38:54 PM de.learnlib.logging.LearnLogger logQuery
INFO: DB CACHE [ε | success_request_with_credentials_v1 challenge_v1 challenge_v1 /  success_response_v1 challenge_response_v1 challenge_response_v1]
Mar 26, 2026 12:39:01 PM de.learnlib.logging.LearnLogger logQuery
INFO: [ε | success_request_with_credentials_v1 challenge_v1 challenge_v1 inner_failure / ε | success_response_v1 challenge_response_v1 challenge_response_v1 no_reply]
Mar 26, 2026 12:39:08 PM de.learnlib.logging.LearnLogger logQuery
INFO: [ε | success_request_with_credentials_v1 challenge_v1 challenge_v1 inner_success / ε | success_response_v1 challenge_response_v1 challenge_response_v1 empty_peap]
Mar 26, 2026 12:39:15 PM de.learnlib.logging.LearnLogger logQuery
INFO: [ε | success_request_with_credentials_v1 challenge_v1 challenge_v1 id_request_v1 / ε | success_response_v1 challenge_response_v1 challenge_response_v1 id_response_v1]
Mar 26, 2026 12:39:21 PM de.learnlib.logging.LearnLogger logQuery
INFO: [ε | success_request_with_credentials_v1 challenge_v1 challenge_v1 id_request_v1 inner_success / ε | success_response_v1 challenge_response_v1 challenge_response_v1 id_response_v1 empty_peap]
Mar 26, 2026 12:39:22 PM de.learnlib.logging.LearnLogger logQuery
INFO: DB CACHE [ε | success_request_with_credentials_v1 success_request_with_credentials_v1 challenge_v1 /  success_response_v1 success_response_v1 challenge_response_v1]
Mar 26, 2026 12:39:28 PM de.learnlib.logging.LearnLogger logQuery
INFO: [ε | success_request_with_credentials_v1 success_request_with_credentials_v1 challenge_v1 inner_failure / ε | success_response_v1 success_response_v1 challenge_response_v1 no_reply]
Mar 26, 2026 12:39:35 PM de.learnlib.logging.LearnLogger logQuery
INFO: [ε | success_request_with_credentials_v1 success_request_with_credentials_v1 challenge_v1 inner_success / ε | success_response_v1 success_response_v1 challenge_response_v1 empty_peap]
Mar 26, 2026 12:39:42 PM de.learnlib.logging.LearnLogger logQuery
INFO: [ε | success_request_with_credentials_v1 success_request_with_credentials_v1 challenge_v1 id_request_v1 / ε | success_response_v1 success_response_v1 challenge_response_v1 id_response_v1]
Mar 26, 2026 12:39:49 PM de.learnlib.logging.LearnLogger logQuery
INFO: [ε | success_request_with_credentials_v1 success_request_with_credentials_v1 challenge_v1 id_request_v1 inner_success / ε | success_response_v1 success_response_v1 challenge_response_v1 id_response_v1 empty_peap]
Mar 26, 2026 12:39:49 PM de.learnlib.logging.LearnLogger logQuery
INFO: DB CACHE [ε | success_request_with_credentials_v1 inner_success challenge_v1 /  success_response_v1 empty_peap no_reply]
Mar 26, 2026 12:39:49 PM de.learnlib.logging.LearnLogger logQuery
INFO: DB CACHE [ε | success_request_with_credentials_v1 eap_success challenge_v1 /  success_response_v1 after_eap_success challenge_response_v1]
Mar 26, 2026 12:39:49 PM de.learnlib.logging.LearnLogger logQuery
INFO: DB CACHE [ε | success_request_with_credentials_v1 eap_success challenge_v1 inner_failure /  success_response_v1 after_eap_success challenge_response_v1 no_reply]
Mar 26, 2026 12:39:49 PM de.learnlib.logging.LearnLogger logQuery
INFO: DB CACHE [ε | success_request_with_credentials_v1 eap_success challenge_v1 inner_success /  success_response_v1 after_eap_success challenge_response_v1 empty_peap]
Mar 26, 2026 12:39:49 PM de.learnlib.logging.LearnLogger logQuery
INFO: DB CACHE [ε | success_request_with_credentials_v1 eap_success challenge_v1 id_request_v1 /  success_response_v1 after_eap_success challenge_response_v1 id_response_v1]
Mar 26, 2026 12:39:49 PM de.learnlib.logging.LearnLogger logQuery
INFO: DB CACHE [ε | success_request_with_credentials_v1 eap_success challenge_v1 id_request_v1 inner_success /  success_response_v1 after_eap_success challenge_response_v1 id_response_v1 empty_peap]
Mar 26, 2026 12:39:49 PM de.learnlib.logging.LearnLogger logQuery
INFO: DB CACHE [ε | success_request_with_credentials_v1 id_request_v1 success_request_all_zeros_v1 /  success_response_v1 id_response_v1 encrypted_alert]
Mar 26, 2026 12:39:49 PM de.learnlib.logging.LearnLogger logQuery
INFO: DB CACHE [ε | success_request_with_credentials_v1 challenge_v1 success_request_all_zeros_v1 /  success_response_v1 challenge_response_v1 encrypted_alert]
Mar 26, 2026 12:39:49 PM de.learnlib.logging.LearnLogger logQuery
INFO: DB CACHE [ε | success_request_with_credentials_v1 success_request_with_credentials_v1 success_request_all_zeros_v1 /  success_response_v1 success_response_v1 encrypted_alert]
Mar 26, 2026 12:39:49 PM de.learnlib.logging.LearnLogger logQuery
INFO: DB CACHE [ε | success_request_with_credentials_v1 inner_success success_request_all_zeros_v1 /  success_response_v1 empty_peap no_reply]
Mar 26, 2026 12:39:49 PM de.learnlib.logging.LearnLogger logQuery
INFO: DB CACHE [ε | success_request_with_credentials_v1 eap_success success_request_all_zeros_v1 /  success_response_v1 after_eap_success encrypted_alert]
Mar 26, 2026 12:39:49 PM de.learnlib.logging.LearnLogger logQuery
INFO: DB CACHE [ε | success_request_with_credentials_v1 id_request_v1 success_request_with_credentials_v1 /  success_response_v1 id_response_v1 success_response_v1]
Mar 26, 2026 12:39:56 PM de.learnlib.logging.LearnLogger logQuery
INFO: [ε | success_request_with_credentials_v1 id_request_v1 success_request_with_credentials_v1 inner_failure / ε | success_response_v1 id_response_v1 success_response_v1 no_reply]
Mar 26, 2026 12:40:03 PM de.learnlib.logging.LearnLogger logQuery
INFO: [ε | success_request_with_credentials_v1 id_request_v1 success_request_with_credentials_v1 inner_success / ε | success_response_v1 id_response_v1 success_response_v1 empty_peap]
Mar 26, 2026 12:40:09 PM de.learnlib.logging.LearnLogger logQuery
INFO: [ε | success_request_with_credentials_v1 id_request_v1 success_request_with_credentials_v1 id_request_v1 / ε | success_response_v1 id_response_v1 success_response_v1 id_response_v1]
Mar 26, 2026 12:40:16 PM de.learnlib.logging.LearnLogger logQuery
INFO: [ε | success_request_with_credentials_v1 id_request_v1 success_request_with_credentials_v1 id_request_v1 inner_success / ε | success_response_v1 id_response_v1 success_response_v1 id_response_v1 empty_peap]
Mar 26, 2026 12:40:16 PM de.learnlib.logging.LearnLogger logQuery
INFO: DB CACHE [ε | success_request_with_credentials_v1 challenge_v1 success_request_with_credentials_v1 /  success_response_v1 challenge_response_v1 success_response_v1]
Mar 26, 2026 12:40:23 PM de.learnlib.logging.LearnLogger logQuery
INFO: [ε | success_request_with_credentials_v1 challenge_v1 success_request_with_credentials_v1 inner_failure / ε | success_response_v1 challenge_response_v1 success_response_v1 no_reply]
Mar 26, 2026 12:40:30 PM de.learnlib.logging.LearnLogger logQuery
INFO: [ε | success_request_with_credentials_v1 challenge_v1 success_request_with_credentials_v1 inner_success / ε | success_response_v1 challenge_response_v1 success_response_v1 empty_peap]
Mar 26, 2026 12:40:37 PM de.learnlib.logging.LearnLogger logQuery
INFO: [ε | success_request_with_credentials_v1 challenge_v1 success_request_with_credentials_v1 id_request_v1 / ε | success_response_v1 challenge_response_v1 success_response_v1 id_response_v1]
Mar 26, 2026 12:40:43 PM de.learnlib.logging.LearnLogger logQuery
INFO: [ε | success_request_with_credentials_v1 challenge_v1 success_request_with_credentials_v1 id_request_v1 inner_success / ε | success_response_v1 challenge_response_v1 success_response_v1 id_response_v1 empty_peap]
Mar 26, 2026 12:40:43 PM de.learnlib.logging.LearnLogger logQuery
INFO: DB CACHE [ε | success_request_with_credentials_v1 success_request_with_credentials_v1 success_request_with_credentials_v1 /  success_response_v1 success_response_v1 success_response_v1]
Mar 26, 2026 12:40:50 PM de.learnlib.logging.LearnLogger logQuery
INFO: [ε | success_request_with_credentials_v1 success_request_with_credentials_v1 success_request_with_credentials_v1 inner_failure / ε | success_response_v1 success_response_v1 success_response_v1 no_reply]
Mar 26, 2026 12:40:57 PM de.learnlib.logging.LearnLogger logQuery
INFO: [ε | success_request_with_credentials_v1 success_request_with_credentials_v1 success_request_with_credentials_v1 inner_success / ε | success_response_v1 success_response_v1 success_response_v1 empty_peap]
Mar 26, 2026 12:41:04 PM de.learnlib.logging.LearnLogger logQuery
INFO: [ε | success_request_with_credentials_v1 success_request_with_credentials_v1 success_request_with_credentials_v1 id_request_v1 / ε | success_response_v1 success_response_v1 success_response_v1 id_response_v1]
Mar 26, 2026 12:41:11 PM de.learnlib.logging.LearnLogger logQuery
INFO: [ε | success_request_with_credentials_v1 success_request_with_credentials_v1 success_request_with_credentials_v1 id_request_v1 inner_success / ε | success_response_v1 success_response_v1 success_response_v1 id_response_v1 empty_peap]
Mar 26, 2026 12:41:11 PM de.learnlib.logging.LearnLogger logQuery
INFO: DB CACHE [ε | success_request_with_credentials_v1 inner_success success_request_with_credentials_v1 /  success_response_v1 empty_peap no_reply]
Mar 26, 2026 12:41:11 PM de.learnlib.logging.LearnLogger logQuery
INFO: DB CACHE [ε | success_request_with_credentials_v1 eap_success success_request_with_credentials_v1 /  success_response_v1 after_eap_success success_response_v1]
Mar 26, 2026 12:41:11 PM de.learnlib.logging.LearnLogger logQuery
INFO: DB CACHE [ε | success_request_with_credentials_v1 eap_success success_request_with_credentials_v1 inner_failure /  success_response_v1 after_eap_success success_response_v1 no_reply]
Mar 26, 2026 12:41:11 PM de.learnlib.logging.LearnLogger logQuery
INFO: DB CACHE [ε | success_request_with_credentials_v1 eap_success success_request_with_credentials_v1 inner_success /  success_response_v1 after_eap_success success_response_v1 empty_peap]
Mar 26, 2026 12:41:11 PM de.learnlib.logging.LearnLogger logQuery
INFO: DB CACHE [ε | success_request_with_credentials_v1 eap_success success_request_with_credentials_v1 id_request_v1 /  success_response_v1 after_eap_success success_response_v1 id_response_v1]
Mar 26, 2026 12:41:11 PM de.learnlib.logging.LearnLogger logQuery
INFO: DB CACHE [ε | success_request_with_credentials_v1 eap_success success_request_with_credentials_v1 id_request_v1 inner_success /  success_response_v1 after_eap_success success_response_v1 id_response_v1 empty_peap]
Mar 26, 2026 12:41:18 PM de.learnlib.logging.LearnLogger logQuery
INFO: [ε | success_request_with_credentials_v1 id_request_v1 inner_success inner_failure / ε | success_response_v1 id_response_v1 empty_peap no_reply]
Mar 26, 2026 12:41:25 PM de.learnlib.logging.LearnLogger logQuery
INFO: [ε | success_request_with_credentials_v1 id_request_v1 inner_success inner_success / ε | success_response_v1 id_response_v1 empty_peap no_reply]
Mar 26, 2026 12:41:32 PM de.learnlib.logging.LearnLogger logQuery
INFO: [ε | success_request_with_credentials_v1 id_request_v1 inner_success id_request_v1 / ε | success_response_v1 id_response_v1 empty_peap no_reply]
Mar 26, 2026 12:41:32 PM de.learnlib.logging.LearnLogger logQuery
INFO: DB CACHE [ε | success_request_with_credentials_v1 id_request_v1 inner_success id_request_v1 inner_success /  success_response_v1 id_response_v1 empty_peap no_reply -]
Mar 26, 2026 12:41:39 PM de.learnlib.logging.LearnLogger logQuery
INFO: [ε | success_request_with_credentials_v1 challenge_v1 inner_success inner_failure / ε | success_response_v1 challenge_response_v1 empty_peap no_reply]
Mar 26, 2026 12:41:46 PM de.learnlib.logging.LearnLogger logQuery
INFO: [ε | success_request_with_credentials_v1 challenge_v1 inner_success inner_success / ε | success_response_v1 challenge_response_v1 empty_peap no_reply]
Mar 26, 2026 12:41:53 PM de.learnlib.logging.LearnLogger logQuery
INFO: [ε | success_request_with_credentials_v1 challenge_v1 inner_success id_request_v1 / ε | success_response_v1 challenge_response_v1 empty_peap no_reply]
Mar 26, 2026 12:41:53 PM de.learnlib.logging.LearnLogger logQuery
INFO: DB CACHE [ε | success_request_with_credentials_v1 challenge_v1 inner_success id_request_v1 inner_success /  success_response_v1 challenge_response_v1 empty_peap no_reply -]
Mar 26, 2026 12:42:00 PM de.learnlib.logging.LearnLogger logQuery
INFO: [ε | success_request_with_credentials_v1 success_request_with_credentials_v1 inner_success inner_failure / ε | success_response_v1 success_response_v1 empty_peap no_reply]
Mar 26, 2026 12:42:07 PM de.learnlib.logging.LearnLogger logQuery
INFO: [ε | success_request_with_credentials_v1 success_request_with_credentials_v1 inner_success inner_success / ε | success_response_v1 success_response_v1 empty_peap no_reply]
Mar 26, 2026 12:42:14 PM de.learnlib.logging.LearnLogger logQuery
INFO: [ε | success_request_with_credentials_v1 success_request_with_credentials_v1 inner_success id_request_v1 / ε | success_response_v1 success_response_v1 empty_peap no_reply]
Mar 26, 2026 12:42:15 PM de.learnlib.logging.LearnLogger logQuery
INFO: DB CACHE [ε | success_request_with_credentials_v1 success_request_with_credentials_v1 inner_success id_request_v1 inner_success /  success_response_v1 success_response_v1 empty_peap no_reply -]
Mar 26, 2026 12:42:15 PM de.learnlib.logging.LearnLogger logQuery
INFO: DB CACHE [ε | success_request_with_credentials_v1 id_request_v1 eap_success /  success_response_v1 id_response_v1 after_eap_success]
Mar 26, 2026 12:42:22 PM de.learnlib.logging.LearnLogger logQuery
INFO: [ε | success_request_with_credentials_v1 id_request_v1 eap_success inner_failure / ε | success_response_v1 id_response_v1 after_eap_success no_reply]
Mar 26, 2026 12:42:29 PM de.learnlib.logging.LearnLogger logQuery
INFO: [ε | success_request_with_credentials_v1 id_request_v1 eap_success inner_success / ε | success_response_v1 id_response_v1 after_eap_success no_reply]
Mar 26, 2026 12:42:36 PM de.learnlib.logging.LearnLogger logQuery
INFO: [ε | success_request_with_credentials_v1 id_request_v1 eap_success id_request_v1 / ε | success_response_v1 id_response_v1 after_eap_success id_response_v1]
Mar 26, 2026 12:42:43 PM de.learnlib.logging.LearnLogger logQuery
INFO: [ε | success_request_with_credentials_v1 id_request_v1 eap_success id_request_v1 inner_success / ε | success_response_v1 id_response_v1 after_eap_success id_response_v1 empty_peap]
Mar 26, 2026 12:42:43 PM de.learnlib.logging.LearnLogger logQuery
INFO: DB CACHE [ε | success_request_with_credentials_v1 challenge_v1 eap_success /  success_response_v1 challenge_response_v1 after_eap_success]
Mar 26, 2026 12:42:50 PM de.learnlib.logging.LearnLogger logQuery
INFO: [ε | success_request_with_credentials_v1 challenge_v1 eap_success inner_failure / ε | success_response_v1 challenge_response_v1 after_eap_success no_reply]
Mar 26, 2026 12:42:57 PM de.learnlib.logging.LearnLogger logQuery
INFO: [ε | success_request_with_credentials_v1 challenge_v1 eap_success inner_success / ε | success_response_v1 challenge_response_v1 after_eap_success no_reply]
Mar 26, 2026 12:43:05 PM de.learnlib.logging.LearnLogger logQuery
INFO: [ε | success_request_with_credentials_v1 challenge_v1 eap_success id_request_v1 / ε | success_response_v1 challenge_response_v1 after_eap_success id_response_v1]
Mar 26, 2026 12:43:12 PM de.learnlib.logging.LearnLogger logQuery
INFO: [ε | success_request_with_credentials_v1 challenge_v1 eap_success id_request_v1 inner_success / ε | success_response_v1 challenge_response_v1 after_eap_success id_response_v1 empty_peap]
Mar 26, 2026 12:43:12 PM de.learnlib.logging.LearnLogger logQuery
INFO: DB CACHE [ε | success_request_with_credentials_v1 success_request_with_credentials_v1 eap_success /  success_response_v1 success_response_v1 after_eap_success]
Mar 26, 2026 12:43:19 PM de.learnlib.logging.LearnLogger logQuery
INFO: [ε | success_request_with_credentials_v1 success_request_with_credentials_v1 eap_success inner_failure / ε | success_response_v1 success_response_v1 after_eap_success no_reply]
Mar 26, 2026 12:43:26 PM de.learnlib.logging.LearnLogger logQuery
INFO: [ε | success_request_with_credentials_v1 success_request_with_credentials_v1 eap_success inner_success / ε | success_response_v1 success_response_v1 after_eap_success no_reply]
Mar 26, 2026 12:43:33 PM de.learnlib.logging.LearnLogger logQuery
INFO: [ε | success_request_with_credentials_v1 success_request_with_credentials_v1 eap_success id_request_v1 / ε | success_response_v1 success_response_v1 after_eap_success id_response_v1]
Mar 26, 2026 12:43:40 PM de.learnlib.logging.LearnLogger logQuery
INFO: [ε | success_request_with_credentials_v1 success_request_with_credentials_v1 eap_success id_request_v1 inner_success / ε | success_response_v1 success_response_v1 after_eap_success id_response_v1 empty_peap]
Mar 26, 2026 12:43:40 PM de.learnlib.logging.LearnLogger logQuery
INFO: DB CACHE [ε | success_request_with_credentials_v1 inner_success eap_success /  success_response_v1 empty_peap after_eap_success]
Mar 26, 2026 12:43:40 PM de.learnlib.logging.LearnLogger logQuery
INFO: DB CACHE [ε | success_request_with_credentials_v1 inner_success eap_success inner_failure /  success_response_v1 empty_peap after_eap_success deauthentication]
Mar 26, 2026 12:43:40 PM de.learnlib.logging.LearnLogger logQuery
INFO: DB CACHE [ε | success_request_with_credentials_v1 inner_success eap_success inner_success /  success_response_v1 empty_peap after_eap_success deauthentication]
Mar 26, 2026 12:43:40 PM de.learnlib.logging.LearnLogger logQuery
INFO: DB CACHE [ε | success_request_with_credentials_v1 inner_success eap_success id_request_v1 /  success_response_v1 empty_peap after_eap_success deauthentication]
Mar 26, 2026 12:43:40 PM de.learnlib.logging.LearnLogger logQuery
INFO: DB CACHE [ε | success_request_with_credentials_v1 inner_success eap_success id_request_v1 inner_success /  success_response_v1 empty_peap after_eap_success deauthentication -]
Mar 26, 2026 12:43:40 PM de.learnlib.logging.LearnLogger logQuery
INFO: DB CACHE [ε | success_request_with_credentials_v1 eap_success eap_success /  success_response_v1 after_eap_success after_eap_success]
Mar 26, 2026 12:43:40 PM de.learnlib.logging.LearnLogger logQuery
INFO: DB CACHE [ε | success_request_with_credentials_v1 eap_success eap_success inner_failure /  success_response_v1 after_eap_success after_eap_success no_reply]
Mar 26, 2026 12:43:40 PM de.learnlib.logging.LearnLogger logQuery
INFO: DB CACHE [ε | success_request_with_credentials_v1 eap_success eap_success inner_success /  success_response_v1 after_eap_success after_eap_success no_reply]
Mar 26, 2026 12:43:40 PM de.learnlib.logging.LearnLogger logQuery
INFO: DB CACHE [ε | success_request_with_credentials_v1 eap_success eap_success id_request_v1 /  success_response_v1 after_eap_success after_eap_success id_response_v1]
Mar 26, 2026 12:43:40 PM de.learnlib.logging.LearnLogger logQuery
INFO: DB CACHE [ε | success_request_with_credentials_v1 eap_success eap_success id_request_v1 inner_success /  success_response_v1 after_eap_success after_eap_success id_response_v1 empty_peap]
Mar 26, 2026 12:43:40 PM de.learnlib.logging.LearnLogger logQuery
INFO: DB CACHE [ε | success_request_with_credentials_v1 id_request_v1 4_way_message_1 /  success_response_v1 id_response_v1 no_reply]
Mar 26, 2026 12:43:40 PM de.learnlib.logging.LearnLogger logQuery
INFO: DB CACHE [ε | success_request_with_credentials_v1 challenge_v1 4_way_message_1 /  success_response_v1 challenge_response_v1 no_reply]
Mar 26, 2026 12:43:40 PM de.learnlib.logging.LearnLogger logQuery
INFO: DB CACHE [ε | success_request_with_credentials_v1 success_request_with_credentials_v1 4_way_message_1 /  success_response_v1 success_response_v1 no_reply]
Mar 26, 2026 12:43:40 PM de.learnlib.logging.LearnLogger logQuery
INFO: DB CACHE [ε | success_request_with_credentials_v1 inner_success 4_way_message_1 /  success_response_v1 empty_peap 4_way_message_2]
Mar 26, 2026 12:43:40 PM de.learnlib.logging.LearnLogger logQuery
INFO: DB CACHE [ε | success_request_with_credentials_v1 eap_success 4_way_message_1 /  success_response_v1 after_eap_success no_reply]
Mar 26, 2026 12:43:47 PM de.learnlib.logging.LearnLogger logQuery
INFO: [ε | eap_success id_request_v1 id_request_v1 inner_failure / ε | after_eap_success id_response_v1 id_response_v1 encrypted_alert]
Mar 26, 2026 12:43:54 PM de.learnlib.logging.LearnLogger logQuery
INFO: [ε | eap_success id_request_v1 id_request_v1 id_request_v1 / ε | after_eap_success id_response_v1 id_response_v1 id_response_v1]
Mar 26, 2026 12:44:01 PM de.learnlib.logging.LearnLogger logQuery
INFO: [ε | eap_success id_request_v1 id_request_v1 id_request_v1 inner_success / ε | after_eap_success id_response_v1 id_response_v1 id_response_v1 no_reply]
Mar 26, 2026 12:44:08 PM de.learnlib.logging.LearnLogger logQuery
INFO: [ε | eap_success challenge_v1 id_request_v1 inner_failure / ε | after_eap_success challenge_response_v1 id_response_v1 encrypted_alert]
Mar 26, 2026 12:44:15 PM de.learnlib.logging.LearnLogger logQuery
INFO: [ε | eap_success challenge_v1 id_request_v1 id_request_v1 / ε | after_eap_success challenge_response_v1 id_response_v1 id_response_v1]
Mar 26, 2026 12:44:22 PM de.learnlib.logging.LearnLogger logQuery
INFO: [ε | eap_success challenge_v1 id_request_v1 id_request_v1 inner_success / ε | after_eap_success challenge_response_v1 id_response_v1 id_response_v1 no_reply]
Mar 26, 2026 12:44:30 PM de.learnlib.logging.LearnLogger logQuery
INFO: [ε | eap_success success_request_with_credentials_v1 id_request_v1 inner_failure / ε | after_eap_success success_response_v1 id_response_v1 no_reply]
Mar 26, 2026 12:44:37 PM de.learnlib.logging.LearnLogger logQuery
INFO: [ε | eap_success success_request_with_credentials_v1 id_request_v1 id_request_v1 / ε | after_eap_success success_response_v1 id_response_v1 id_response_v1]
Mar 26, 2026 12:44:44 PM de.learnlib.logging.LearnLogger logQuery
INFO: [ε | eap_success success_request_with_credentials_v1 id_request_v1 id_request_v1 inner_success / ε | after_eap_success success_response_v1 id_response_v1 id_response_v1 empty_peap]
Mar 26, 2026 12:44:51 PM de.learnlib.logging.LearnLogger logQuery
INFO: [ε | eap_success eap_success id_request_v1 inner_failure / ε | after_eap_success after_eap_success id_response_v1 encrypted_alert]
Mar 26, 2026 12:44:58 PM de.learnlib.logging.LearnLogger logQuery
INFO: [ε | eap_success eap_success id_request_v1 id_request_v1 / ε | after_eap_success after_eap_success id_response_v1 id_response_v1]
Mar 26, 2026 12:45:06 PM de.learnlib.logging.LearnLogger logQuery
INFO: [ε | eap_success eap_success id_request_v1 id_request_v1 inner_success / ε | after_eap_success after_eap_success id_response_v1 id_response_v1 no_reply]
Mar 26, 2026 12:45:13 PM de.learnlib.logging.LearnLogger logQuery
INFO: [ε | eap_success id_request_v1 challenge_v1 / ε | after_eap_success id_response_v1 challenge_response_v1]
Mar 26, 2026 12:45:20 PM de.learnlib.logging.LearnLogger logQuery
INFO: [ε | eap_success id_request_v1 challenge_v1 inner_failure / ε | after_eap_success id_response_v1 challenge_response_v1 encrypted_alert]
Mar 26, 2026 12:45:27 PM de.learnlib.logging.LearnLogger logQuery
INFO: [ε | eap_success id_request_v1 challenge_v1 inner_success / ε | after_eap_success id_response_v1 challenge_response_v1 no_reply]
Mar 26, 2026 12:45:34 PM de.learnlib.logging.LearnLogger logQuery
INFO: [ε | eap_success id_request_v1 challenge_v1 id_request_v1 / ε | after_eap_success id_response_v1 challenge_response_v1 id_response_v1]
Mar 26, 2026 12:45:41 PM de.learnlib.logging.LearnLogger logQuery
INFO: [ε | eap_success id_request_v1 challenge_v1 id_request_v1 inner_success / ε | after_eap_success id_response_v1 challenge_response_v1 id_response_v1 no_reply]
Mar 26, 2026 12:45:48 PM de.learnlib.logging.LearnLogger logQuery
INFO: [ε | eap_success challenge_v1 challenge_v1 / ε | after_eap_success challenge_response_v1 challenge_response_v1]
Mar 26, 2026 12:45:55 PM de.learnlib.logging.LearnLogger logQuery
INFO: [ε | eap_success challenge_v1 challenge_v1 inner_failure / ε | after_eap_success challenge_response_v1 challenge_response_v1 encrypted_alert]
Mar 26, 2026 12:46:03 PM de.learnlib.logging.LearnLogger logQuery
INFO: [ε | eap_success challenge_v1 challenge_v1 inner_success / ε | after_eap_success challenge_response_v1 challenge_response_v1 no_reply]
Mar 26, 2026 12:46:10 PM de.learnlib.logging.LearnLogger logQuery
INFO: [ε | eap_success challenge_v1 challenge_v1 id_request_v1 / ε | after_eap_success challenge_response_v1 challenge_response_v1 id_response_v1]
Mar 26, 2026 12:46:17 PM de.learnlib.logging.LearnLogger logQuery
INFO: [ε | eap_success challenge_v1 challenge_v1 id_request_v1 inner_success / ε | after_eap_success challenge_response_v1 challenge_response_v1 id_response_v1 no_reply]
Mar 26, 2026 12:46:24 PM de.learnlib.logging.LearnLogger logQuery
INFO: [ε | eap_success success_request_with_credentials_v1 challenge_v1 / ε | after_eap_success success_response_v1 challenge_response_v1]
Mar 26, 2026 12:46:31 PM de.learnlib.logging.LearnLogger logQuery
INFO: [ε | eap_success success_request_with_credentials_v1 challenge_v1 inner_failure / ε | after_eap_success success_response_v1 challenge_response_v1 no_reply]
Mar 26, 2026 12:46:38 PM de.learnlib.logging.LearnLogger logQuery
INFO: [ε | eap_success success_request_with_credentials_v1 challenge_v1 inner_success / ε | after_eap_success success_response_v1 challenge_response_v1 empty_peap]
Mar 26, 2026 12:46:45 PM de.learnlib.logging.LearnLogger logQuery
INFO: [ε | eap_success success_request_with_credentials_v1 challenge_v1 id_request_v1 / ε | after_eap_success success_response_v1 challenge_response_v1 id_response_v1]
Mar 26, 2026 12:46:52 PM de.learnlib.logging.LearnLogger logQuery
INFO: [ε | eap_success success_request_with_credentials_v1 challenge_v1 id_request_v1 inner_success / ε | after_eap_success success_response_v1 challenge_response_v1 id_response_v1 empty_peap]
Mar 26, 2026 12:46:59 PM de.learnlib.logging.LearnLogger logQuery
INFO: [ε | eap_success eap_success challenge_v1 / ε | after_eap_success after_eap_success challenge_response_v1]
Mar 26, 2026 12:47:06 PM de.learnlib.logging.LearnLogger logQuery
INFO: [ε | eap_success eap_success challenge_v1 inner_failure / ε | after_eap_success after_eap_success challenge_response_v1 encrypted_alert]
Mar 26, 2026 12:47:14 PM de.learnlib.logging.LearnLogger logQuery
INFO: [ε | eap_success eap_success challenge_v1 inner_success / ε | after_eap_success after_eap_success challenge_response_v1 no_reply]
Mar 26, 2026 12:47:21 PM de.learnlib.logging.LearnLogger logQuery
INFO: [ε | eap_success eap_success challenge_v1 id_request_v1 / ε | after_eap_success after_eap_success challenge_response_v1 id_response_v1]
Mar 26, 2026 12:47:29 PM de.learnlib.logging.LearnLogger logQuery
INFO: [ε | eap_success eap_success challenge_v1 id_request_v1 inner_success / ε | after_eap_success after_eap_success challenge_response_v1 id_response_v1 no_reply]
Mar 26, 2026 12:47:36 PM de.learnlib.logging.LearnLogger logQuery
INFO: [ε | eap_success id_request_v1 success_request_all_zeros_v1 / ε | after_eap_success id_response_v1 encrypted_alert]
Mar 26, 2026 12:47:43 PM de.learnlib.logging.LearnLogger logQuery
INFO: [ε | eap_success challenge_v1 success_request_all_zeros_v1 / ε | after_eap_success challenge_response_v1 encrypted_alert]
Mar 26, 2026 12:47:50 PM de.learnlib.logging.LearnLogger logQuery
INFO: [ε | eap_success success_request_with_credentials_v1 success_request_all_zeros_v1 / ε | after_eap_success success_response_v1 encrypted_alert]
Mar 26, 2026 12:47:57 PM de.learnlib.logging.LearnLogger logQuery
INFO: [ε | eap_success eap_success success_request_all_zeros_v1 / ε | after_eap_success after_eap_success encrypted_alert]
Mar 26, 2026 12:48:04 PM de.learnlib.logging.LearnLogger logQuery
INFO: [ε | eap_success id_request_v1 success_request_with_credentials_v1 / ε | after_eap_success id_response_v1 success_response_v1]
Mar 26, 2026 12:48:11 PM de.learnlib.logging.LearnLogger logQuery
INFO: [ε | eap_success id_request_v1 success_request_with_credentials_v1 inner_failure / ε | after_eap_success id_response_v1 success_response_v1 no_reply]
Mar 26, 2026 12:48:18 PM de.learnlib.logging.LearnLogger logQuery
INFO: [ε | eap_success id_request_v1 success_request_with_credentials_v1 inner_success / ε | after_eap_success id_response_v1 success_response_v1 empty_peap]
Mar 26, 2026 12:48:25 PM de.learnlib.logging.LearnLogger logQuery
INFO: [ε | eap_success id_request_v1 success_request_with_credentials_v1 id_request_v1 / ε | after_eap_success id_response_v1 success_response_v1 id_response_v1]
Mar 26, 2026 12:48:32 PM de.learnlib.logging.LearnLogger logQuery
INFO: [ε | eap_success id_request_v1 success_request_with_credentials_v1 id_request_v1 inner_success / ε | after_eap_success id_response_v1 success_response_v1 id_response_v1 empty_peap]
Mar 26, 2026 12:48:39 PM de.learnlib.logging.LearnLogger logQuery
INFO: [ε | eap_success challenge_v1 success_request_with_credentials_v1 / ε | after_eap_success challenge_response_v1 success_response_v1]
Mar 26, 2026 12:48:47 PM de.learnlib.logging.LearnLogger logQuery
INFO: [ε | eap_success challenge_v1 success_request_with_credentials_v1 inner_failure / ε | after_eap_success challenge_response_v1 success_response_v1 no_reply]
Mar 26, 2026 12:48:54 PM de.learnlib.logging.LearnLogger logQuery
INFO: [ε | eap_success challenge_v1 success_request_with_credentials_v1 inner_success / ε | after_eap_success challenge_response_v1 success_response_v1 empty_peap]
Mar 26, 2026 12:49:01 PM de.learnlib.logging.LearnLogger logQuery
INFO: [ε | eap_success challenge_v1 success_request_with_credentials_v1 id_request_v1 / ε | after_eap_success challenge_response_v1 success_response_v1 id_response_v1]
Mar 26, 2026 12:49:08 PM de.learnlib.logging.LearnLogger logQuery
INFO: [ε | eap_success challenge_v1 success_request_with_credentials_v1 id_request_v1 inner_success / ε | after_eap_success challenge_response_v1 success_response_v1 id_response_v1 empty_peap]
Mar 26, 2026 12:49:15 PM de.learnlib.logging.LearnLogger logQuery
INFO: [ε | eap_success success_request_with_credentials_v1 success_request_with_credentials_v1 / ε | after_eap_success success_response_v1 success_response_v1]
Mar 26, 2026 12:49:22 PM de.learnlib.logging.LearnLogger logQuery
INFO: [ε | eap_success success_request_with_credentials_v1 success_request_with_credentials_v1 inner_failure / ε | after_eap_success success_response_v1 success_response_v1 no_reply]
Mar 26, 2026 12:49:29 PM de.learnlib.logging.LearnLogger logQuery
INFO: [ε | eap_success success_request_with_credentials_v1 success_request_with_credentials_v1 inner_success / ε | after_eap_success success_response_v1 success_response_v1 empty_peap]
Mar 26, 2026 12:49:36 PM de.learnlib.logging.LearnLogger logQuery
INFO: [ε | eap_success success_request_with_credentials_v1 success_request_with_credentials_v1 id_request_v1 / ε | after_eap_success success_response_v1 success_response_v1 id_response_v1]
Mar 26, 2026 12:49:43 PM de.learnlib.logging.LearnLogger logQuery
INFO: [ε | eap_success success_request_with_credentials_v1 success_request_with_credentials_v1 id_request_v1 inner_success / ε | after_eap_success success_response_v1 success_response_v1 id_response_v1 empty_peap]
Mar 26, 2026 12:49:50 PM de.learnlib.logging.LearnLogger logQuery
INFO: [ε | eap_success eap_success success_request_with_credentials_v1 / ε | after_eap_success after_eap_success success_response_v1]
Mar 26, 2026 12:49:57 PM de.learnlib.logging.LearnLogger logQuery
INFO: [ε | eap_success eap_success success_request_with_credentials_v1 inner_failure / ε | after_eap_success after_eap_success success_response_v1 no_reply]
Mar 26, 2026 12:50:05 PM de.learnlib.logging.LearnLogger logQuery
INFO: [ε | eap_success eap_success success_request_with_credentials_v1 inner_success / ε | after_eap_success after_eap_success success_response_v1 empty_peap]
Mar 26, 2026 12:50:12 PM de.learnlib.logging.LearnLogger logQuery
INFO: [ε | eap_success eap_success success_request_with_credentials_v1 id_request_v1 / ε | after_eap_success after_eap_success success_response_v1 id_response_v1]
Mar 26, 2026 12:50:19 PM de.learnlib.logging.LearnLogger logQuery
INFO: [ε | eap_success eap_success success_request_with_credentials_v1 id_request_v1 inner_success / ε | after_eap_success after_eap_success success_response_v1 id_response_v1 empty_peap]
Mar 26, 2026 12:50:26 PM de.learnlib.logging.LearnLogger logQuery
INFO: [ε | eap_success success_request_with_credentials_v1 inner_success inner_failure / ε | after_eap_success success_response_v1 empty_peap no_reply]
Mar 26, 2026 12:50:34 PM de.learnlib.logging.LearnLogger logQuery
INFO: [ε | eap_success success_request_with_credentials_v1 inner_success inner_success / ε | after_eap_success success_response_v1 empty_peap no_reply]
Mar 26, 2026 12:50:41 PM de.learnlib.logging.LearnLogger logQuery
INFO: [ε | eap_success success_request_with_credentials_v1 inner_success id_request_v1 / ε | after_eap_success success_response_v1 empty_peap no_reply]
Mar 26, 2026 12:50:41 PM de.learnlib.logging.LearnLogger logQuery
INFO: DB CACHE [ε | eap_success success_request_with_credentials_v1 inner_success id_request_v1 inner_success /  after_eap_success success_response_v1 empty_peap no_reply -]
Mar 26, 2026 12:50:48 PM de.learnlib.logging.LearnLogger logQuery
INFO: [ε | eap_success id_request_v1 eap_success / ε | after_eap_success id_response_v1 after_eap_success]
Mar 26, 2026 12:50:55 PM de.learnlib.logging.LearnLogger logQuery
INFO: [ε | eap_success id_request_v1 eap_success inner_failure / ε | after_eap_success id_response_v1 after_eap_success no_reply]
Mar 26, 2026 12:51:03 PM de.learnlib.logging.LearnLogger logQuery
INFO: [ε | eap_success id_request_v1 eap_success inner_success / ε | after_eap_success id_response_v1 after_eap_success no_reply]
Mar 26, 2026 12:51:10 PM de.learnlib.logging.LearnLogger logQuery
INFO: [ε | eap_success id_request_v1 eap_success id_request_v1 / ε | after_eap_success id_response_v1 after_eap_success id_response_v1]
Mar 26, 2026 12:51:18 PM de.learnlib.logging.LearnLogger logQuery
INFO: [ε | eap_success id_request_v1 eap_success id_request_v1 inner_success / ε | after_eap_success id_response_v1 after_eap_success id_response_v1 no_reply]
Mar 26, 2026 12:51:25 PM de.learnlib.logging.LearnLogger logQuery
INFO: [ε | eap_success challenge_v1 eap_success / ε | after_eap_success challenge_response_v1 after_eap_success]
Mar 26, 2026 12:51:32 PM de.learnlib.logging.LearnLogger logQuery
INFO: [ε | eap_success challenge_v1 eap_success inner_failure / ε | after_eap_success challenge_response_v1 after_eap_success no_reply]
Mar 26, 2026 12:51:40 PM de.learnlib.logging.LearnLogger logQuery
INFO: [ε | eap_success challenge_v1 eap_success inner_success / ε | after_eap_success challenge_response_v1 after_eap_success no_reply]
Mar 26, 2026 12:51:47 PM de.learnlib.logging.LearnLogger logQuery
INFO: [ε | eap_success challenge_v1 eap_success id_request_v1 / ε | after_eap_success challenge_response_v1 after_eap_success id_response_v1]
Mar 26, 2026 12:51:54 PM de.learnlib.logging.LearnLogger logQuery
INFO: [ε | eap_success challenge_v1 eap_success id_request_v1 inner_success / ε | after_eap_success challenge_response_v1 after_eap_success id_response_v1 no_reply]
Mar 26, 2026 12:52:02 PM de.learnlib.logging.LearnLogger logQuery
INFO: [ε | eap_success success_request_with_credentials_v1 eap_success / ε | after_eap_success success_response_v1 after_eap_success]
Mar 26, 2026 12:52:09 PM de.learnlib.logging.LearnLogger logQuery
INFO: [ε | eap_success success_request_with_credentials_v1 eap_success inner_failure / ε | after_eap_success success_response_v1 after_eap_success no_reply]
Mar 26, 2026 12:52:16 PM de.learnlib.logging.LearnLogger logQuery
INFO: [ε | eap_success success_request_with_credentials_v1 eap_success inner_success / ε | after_eap_success success_response_v1 after_eap_success no_reply]
Mar 26, 2026 12:52:24 PM de.learnlib.logging.LearnLogger logQuery
INFO: [ε | eap_success success_request_with_credentials_v1 eap_success id_request_v1 / ε | after_eap_success success_response_v1 after_eap_success id_response_v1]
Mar 26, 2026 12:52:31 PM de.learnlib.logging.LearnLogger logQuery
INFO: [ε | eap_success success_request_with_credentials_v1 eap_success id_request_v1 inner_success / ε | after_eap_success success_response_v1 after_eap_success id_response_v1 empty_peap]
Mar 26, 2026 12:52:38 PM de.learnlib.logging.LearnLogger logQuery
INFO: [ε | eap_success eap_success eap_success / ε | after_eap_success after_eap_success after_eap_success]
Mar 26, 2026 12:52:46 PM de.learnlib.logging.LearnLogger logQuery
INFO: [ε | eap_success eap_success eap_success inner_failure / ε | after_eap_success after_eap_success after_eap_success no_reply]
Mar 26, 2026 12:52:53 PM de.learnlib.logging.LearnLogger logQuery
INFO: [ε | eap_success eap_success eap_success inner_success / ε | after_eap_success after_eap_success after_eap_success no_reply]
Mar 26, 2026 12:53:01 PM de.learnlib.logging.LearnLogger logQuery
INFO: [ε | eap_success eap_success eap_success id_request_v1 / ε | after_eap_success after_eap_success after_eap_success id_response_v1]
Mar 26, 2026 12:53:08 PM de.learnlib.logging.LearnLogger logQuery
INFO: [ε | eap_success eap_success eap_success id_request_v1 inner_success / ε | after_eap_success after_eap_success after_eap_success id_response_v1 no_reply]
Mar 26, 2026 12:53:16 PM de.learnlib.logging.LearnLogger logQuery
INFO: [ε | eap_success id_request_v1 4_way_message_1 / ε | after_eap_success id_response_v1 no_reply]
Mar 26, 2026 12:53:23 PM de.learnlib.logging.LearnLogger logQuery
INFO: [ε | eap_success challenge_v1 4_way_message_1 / ε | after_eap_success challenge_response_v1 no_reply]
Mar 26, 2026 12:53:31 PM de.learnlib.logging.LearnLogger logQuery
INFO: [ε | eap_success success_request_with_credentials_v1 4_way_message_1 / ε | after_eap_success success_response_v1 no_reply]
Mar 26, 2026 12:53:38 PM de.learnlib.logging.LearnLogger logQuery
INFO: [ε | eap_success eap_success 4_way_message_1 / ε | after_eap_success after_eap_success no_reply]
Mar 26, 2026 12:53:45 PM de.learnlib.logging.LearnLogger logQuery
INFO: [ε | id_request_v1 id_request_v1 id_request_v1 id_request_v1 inner_failure / ε | id_response_v1 id_response_v1 id_response_v1 id_response_v1 encrypted_alert]
Mar 26, 2026 12:53:52 PM de.learnlib.logging.LearnLogger logQuery
INFO: [ε | id_request_v1 id_request_v1 id_request_v1 id_request_v1 id_request_v1 / ε | id_response_v1 id_response_v1 id_response_v1 id_response_v1 id_response_v1]
Mar 26, 2026 12:53:59 PM de.learnlib.logging.LearnLogger logQuery
INFO: [ε | id_request_v1 id_request_v1 id_request_v1 id_request_v1 id_request_v1 inner_success / ε | id_response_v1 id_response_v1 id_response_v1 id_response_v1 id_response_v1 no_reply]
Mar 26, 2026 12:54:06 PM de.learnlib.logging.LearnLogger logQuery
INFO: [ε | id_request_v1 id_request_v1 challenge_v1 id_request_v1 inner_failure / ε | id_response_v1 id_response_v1 challenge_response_v1 id_response_v1 encrypted_alert]
Mar 26, 2026 12:54:13 PM de.learnlib.logging.LearnLogger logQuery
INFO: [ε | id_request_v1 id_request_v1 challenge_v1 id_request_v1 id_request_v1 / ε | id_response_v1 id_response_v1 challenge_response_v1 id_response_v1 id_response_v1]
Mar 26, 2026 12:54:20 PM de.learnlib.logging.LearnLogger logQuery
INFO: [ε | id_request_v1 id_request_v1 challenge_v1 id_request_v1 id_request_v1 inner_success / ε | id_response_v1 id_response_v1 challenge_response_v1 id_response_v1 id_response_v1 no_reply]
Mar 26, 2026 12:54:27 PM de.learnlib.logging.LearnLogger logQuery
INFO: [ε | id_request_v1 id_request_v1 success_request_with_credentials_v1 id_request_v1 inner_failure / ε | id_response_v1 id_response_v1 success_response_v1 id_response_v1 no_reply]
Mar 26, 2026 12:54:34 PM de.learnlib.logging.LearnLogger logQuery
INFO: [ε | id_request_v1 id_request_v1 success_request_with_credentials_v1 id_request_v1 id_request_v1 / ε | id_response_v1 id_response_v1 success_response_v1 id_response_v1 id_response_v1]
Mar 26, 2026 12:54:40 PM de.learnlib.logging.LearnLogger logQuery
INFO: [ε | id_request_v1 id_request_v1 success_request_with_credentials_v1 id_request_v1 id_request_v1 inner_success / ε | id_response_v1 id_response_v1 success_response_v1 id_response_v1 id_response_v1 empty_peap]
Mar 26, 2026 12:54:47 PM de.learnlib.logging.LearnLogger logQuery
INFO: [ε | id_request_v1 id_request_v1 eap_success id_request_v1 inner_failure / ε | id_response_v1 id_response_v1 after_eap_success id_response_v1 encrypted_alert]
Mar 26, 2026 12:54:55 PM de.learnlib.logging.LearnLogger logQuery
INFO: [ε | id_request_v1 id_request_v1 eap_success id_request_v1 id_request_v1 / ε | id_response_v1 id_response_v1 after_eap_success id_response_v1 id_response_v1]
Mar 26, 2026 12:55:02 PM de.learnlib.logging.LearnLogger logQuery
INFO: [ε | id_request_v1 id_request_v1 eap_success id_request_v1 id_request_v1 inner_success / ε | id_response_v1 id_response_v1 after_eap_success id_response_v1 id_response_v1 no_reply]
Mar 26, 2026 12:55:09 PM de.learnlib.logging.LearnLogger logQuery
INFO: [ε | id_request_v1 id_request_v1 id_request_v1 challenge_v1 / ε | id_response_v1 id_response_v1 id_response_v1 challenge_response_v1]
Mar 26, 2026 12:55:15 PM de.learnlib.logging.LearnLogger logQuery
INFO: [ε | id_request_v1 id_request_v1 id_request_v1 challenge_v1 inner_failure / ε | id_response_v1 id_response_v1 id_response_v1 challenge_response_v1 encrypted_alert]
Mar 26, 2026 12:55:22 PM de.learnlib.logging.LearnLogger logQuery
INFO: [ε | id_request_v1 id_request_v1 id_request_v1 challenge_v1 inner_success / ε | id_response_v1 id_response_v1 id_response_v1 challenge_response_v1 no_reply]
Mar 26, 2026 12:55:29 PM de.learnlib.logging.LearnLogger logQuery
INFO: [ε | id_request_v1 id_request_v1 id_request_v1 challenge_v1 id_request_v1 / ε | id_response_v1 id_response_v1 id_response_v1 challenge_response_v1 id_response_v1]
Mar 26, 2026 12:55:36 PM de.learnlib.logging.LearnLogger logQuery
INFO: [ε | id_request_v1 id_request_v1 id_request_v1 challenge_v1 id_request_v1 inner_success / ε | id_response_v1 id_response_v1 id_response_v1 challenge_response_v1 id_response_v1 no_reply]
Mar 26, 2026 12:55:43 PM de.learnlib.logging.LearnLogger logQuery
INFO: [ε | id_request_v1 id_request_v1 challenge_v1 challenge_v1 / ε | id_response_v1 id_response_v1 challenge_response_v1 challenge_response_v1]
Mar 26, 2026 12:55:50 PM de.learnlib.logging.LearnLogger logQuery
INFO: [ε | id_request_v1 id_request_v1 challenge_v1 challenge_v1 inner_failure / ε | id_response_v1 id_response_v1 challenge_response_v1 challenge_response_v1 encrypted_alert]
Mar 26, 2026 12:55:57 PM de.learnlib.logging.LearnLogger logQuery
INFO: [ε | id_request_v1 id_request_v1 challenge_v1 challenge_v1 inner_success / ε | id_response_v1 id_response_v1 challenge_response_v1 challenge_response_v1 no_reply]
Mar 26, 2026 12:56:04 PM de.learnlib.logging.LearnLogger logQuery
INFO: [ε | id_request_v1 id_request_v1 challenge_v1 challenge_v1 id_request_v1 / ε | id_response_v1 id_response_v1 challenge_response_v1 challenge_response_v1 id_response_v1]
Mar 26, 2026 12:56:11 PM de.learnlib.logging.LearnLogger logQuery
INFO: [ε | id_request_v1 id_request_v1 challenge_v1 challenge_v1 id_request_v1 inner_success / ε | id_response_v1 id_response_v1 challenge_response_v1 challenge_response_v1 id_response_v1 no_reply]
Mar 26, 2026 12:56:18 PM de.learnlib.logging.LearnLogger logQuery
INFO: [ε | id_request_v1 id_request_v1 success_request_with_credentials_v1 challenge_v1 / ε | id_response_v1 id_response_v1 success_response_v1 challenge_response_v1]
Mar 26, 2026 12:56:25 PM de.learnlib.logging.LearnLogger logQuery
INFO: [ε | id_request_v1 id_request_v1 success_request_with_credentials_v1 challenge_v1 inner_failure / ε | id_response_v1 id_response_v1 success_response_v1 challenge_response_v1 no_reply]
Mar 26, 2026 12:56:32 PM de.learnlib.logging.LearnLogger logQuery
INFO: [ε | id_request_v1 id_request_v1 success_request_with_credentials_v1 challenge_v1 inner_success / ε | id_response_v1 id_response_v1 success_response_v1 challenge_response_v1 empty_peap]
Mar 26, 2026 12:56:39 PM de.learnlib.logging.LearnLogger logQuery
INFO: [ε | id_request_v1 id_request_v1 success_request_with_credentials_v1 challenge_v1 id_request_v1 / ε | id_response_v1 id_response_v1 success_response_v1 challenge_response_v1 id_response_v1]
Mar 26, 2026 12:56:45 PM de.learnlib.logging.LearnLogger logQuery
INFO: [ε | id_request_v1 id_request_v1 success_request_with_credentials_v1 challenge_v1 id_request_v1 inner_success / ε | id_response_v1 id_response_v1 success_response_v1 challenge_response_v1 id_response_v1 empty_peap]
Mar 26, 2026 12:56:52 PM de.learnlib.logging.LearnLogger logQuery
INFO: [ε | id_request_v1 id_request_v1 eap_success challenge_v1 / ε | id_response_v1 id_response_v1 after_eap_success challenge_response_v1]
Mar 26, 2026 12:56:59 PM de.learnlib.logging.LearnLogger logQuery
INFO: [ε | id_request_v1 id_request_v1 eap_success challenge_v1 inner_failure / ε | id_response_v1 id_response_v1 after_eap_success challenge_response_v1 encrypted_alert]
Mar 26, 2026 12:57:07 PM de.learnlib.logging.LearnLogger logQuery
INFO: [ε | id_request_v1 id_request_v1 eap_success challenge_v1 inner_success / ε | id_response_v1 id_response_v1 after_eap_success challenge_response_v1 no_reply]
Mar 26, 2026 12:57:14 PM de.learnlib.logging.LearnLogger logQuery
INFO: [ε | id_request_v1 id_request_v1 eap_success challenge_v1 id_request_v1 / ε | id_response_v1 id_response_v1 after_eap_success challenge_response_v1 id_response_v1]
Mar 26, 2026 12:57:21 PM de.learnlib.logging.LearnLogger logQuery
INFO: [ε | id_request_v1 id_request_v1 eap_success challenge_v1 id_request_v1 inner_success / ε | id_response_v1 id_response_v1 after_eap_success challenge_response_v1 id_response_v1 no_reply]
Mar 26, 2026 12:57:28 PM de.learnlib.logging.LearnLogger logQuery
INFO: [ε | id_request_v1 id_request_v1 id_request_v1 success_request_all_zeros_v1 / ε | id_response_v1 id_response_v1 id_response_v1 encrypted_alert]
Mar 26, 2026 12:57:35 PM de.learnlib.logging.LearnLogger logQuery
INFO: [ε | id_request_v1 id_request_v1 challenge_v1 success_request_all_zeros_v1 / ε | id_response_v1 id_response_v1 challenge_response_v1 encrypted_alert]
Mar 26, 2026 12:57:42 PM de.learnlib.logging.LearnLogger logQuery
INFO: [ε | id_request_v1 id_request_v1 success_request_with_credentials_v1 success_request_all_zeros_v1 / ε | id_response_v1 id_response_v1 success_response_v1 encrypted_alert]
Mar 26, 2026 12:57:49 PM de.learnlib.logging.LearnLogger logQuery
INFO: [ε | id_request_v1 id_request_v1 eap_success success_request_all_zeros_v1 / ε | id_response_v1 id_response_v1 after_eap_success encrypted_alert]
Mar 26, 2026 12:57:56 PM de.learnlib.logging.LearnLogger logQuery
INFO: [ε | id_request_v1 id_request_v1 id_request_v1 success_request_with_credentials_v1 / ε | id_response_v1 id_response_v1 id_response_v1 success_response_v1]
Mar 26, 2026 12:58:03 PM de.learnlib.logging.LearnLogger logQuery
INFO: [ε | id_request_v1 id_request_v1 id_request_v1 success_request_with_credentials_v1 inner_failure / ε | id_response_v1 id_response_v1 id_response_v1 success_response_v1 no_reply]
Mar 26, 2026 12:58:10 PM de.learnlib.logging.LearnLogger logQuery
INFO: [ε | id_request_v1 id_request_v1 id_request_v1 success_request_with_credentials_v1 inner_success / ε | id_response_v1 id_response_v1 id_response_v1 success_response_v1 empty_peap]
Mar 26, 2026 12:58:16 PM de.learnlib.logging.LearnLogger logQuery
INFO: [ε | id_request_v1 id_request_v1 id_request_v1 success_request_with_credentials_v1 id_request_v1 / ε | id_response_v1 id_response_v1 id_response_v1 success_response_v1 id_response_v1]
Mar 26, 2026 12:58:23 PM de.learnlib.logging.LearnLogger logQuery
INFO: [ε | id_request_v1 id_request_v1 id_request_v1 success_request_with_credentials_v1 id_request_v1 inner_success / ε | id_response_v1 id_response_v1 id_response_v1 success_response_v1 id_response_v1 empty_peap]
Mar 26, 2026 12:58:30 PM de.learnlib.logging.LearnLogger logQuery
INFO: [ε | id_request_v1 id_request_v1 challenge_v1 success_request_with_credentials_v1 / ε | id_response_v1 id_response_v1 challenge_response_v1 success_response_v1]
Mar 26, 2026 12:58:37 PM de.learnlib.logging.LearnLogger logQuery
INFO: [ε | id_request_v1 id_request_v1 challenge_v1 success_request_with_credentials_v1 inner_failure / ε | id_response_v1 id_response_v1 challenge_response_v1 success_response_v1 no_reply]
Mar 26, 2026 12:58:44 PM de.learnlib.logging.LearnLogger logQuery
INFO: [ε | id_request_v1 id_request_v1 challenge_v1 success_request_with_credentials_v1 inner_success / ε | id_response_v1 id_response_v1 challenge_response_v1 success_response_v1 empty_peap]
Mar 26, 2026 12:58:51 PM de.learnlib.logging.LearnLogger logQuery
INFO: [ε | id_request_v1 id_request_v1 challenge_v1 success_request_with_credentials_v1 id_request_v1 / ε | id_response_v1 id_response_v1 challenge_response_v1 success_response_v1 id_response_v1]
Mar 26, 2026 12:58:57 PM de.learnlib.logging.LearnLogger logQuery
INFO: [ε | id_request_v1 id_request_v1 challenge_v1 success_request_with_credentials_v1 id_request_v1 inner_success / ε | id_response_v1 id_response_v1 challenge_response_v1 success_response_v1 id_response_v1 empty_peap]
Mar 26, 2026 12:59:04 PM de.learnlib.logging.LearnLogger logQuery
INFO: [ε | id_request_v1 id_request_v1 success_request_with_credentials_v1 success_request_with_credentials_v1 / ε | id_response_v1 id_response_v1 success_response_v1 success_response_v1]
Mar 26, 2026 12:59:11 PM de.learnlib.logging.LearnLogger logQuery
INFO: [ε | id_request_v1 id_request_v1 success_request_with_credentials_v1 success_request_with_credentials_v1 inner_failure / ε | id_response_v1 id_response_v1 success_response_v1 success_response_v1 no_reply]
Mar 26, 2026 12:59:18 PM de.learnlib.logging.LearnLogger logQuery
INFO: [ε | id_request_v1 id_request_v1 success_request_with_credentials_v1 success_request_with_credentials_v1 inner_success / ε | id_response_v1 id_response_v1 success_response_v1 success_response_v1 empty_peap]
Mar 26, 2026 12:59:25 PM de.learnlib.logging.LearnLogger logQuery
INFO: [ε | id_request_v1 id_request_v1 success_request_with_credentials_v1 success_request_with_credentials_v1 id_request_v1 / ε | id_response_v1 id_response_v1 success_response_v1 success_response_v1 id_response_v1]
Mar 26, 2026 12:59:32 PM de.learnlib.logging.LearnLogger logQuery
INFO: [ε | id_request_v1 id_request_v1 success_request_with_credentials_v1 success_request_with_credentials_v1 id_request_v1 inner_success / ε | id_response_v1 id_response_v1 success_response_v1 success_response_v1 id_response_v1 empty_peap]
Mar 26, 2026 12:59:39 PM de.learnlib.logging.LearnLogger logQuery
INFO: [ε | id_request_v1 id_request_v1 eap_success success_request_with_credentials_v1 / ε | id_response_v1 id_response_v1 after_eap_success success_response_v1]
Mar 26, 2026 12:59:46 PM de.learnlib.logging.LearnLogger logQuery
INFO: [ε | id_request_v1 id_request_v1 eap_success success_request_with_credentials_v1 inner_failure / ε | id_response_v1 id_response_v1 after_eap_success success_response_v1 no_reply]
Mar 26, 2026 12:59:53 PM de.learnlib.logging.LearnLogger logQuery
INFO: [ε | id_request_v1 id_request_v1 eap_success success_request_with_credentials_v1 inner_success / ε | id_response_v1 id_response_v1 after_eap_success success_response_v1 empty_peap]
Mar 26, 2026 1:00:00 PM de.learnlib.logging.LearnLogger logQuery
INFO: [ε | id_request_v1 id_request_v1 eap_success success_request_with_credentials_v1 id_request_v1 / ε | id_response_v1 id_response_v1 after_eap_success success_response_v1 id_response_v1]
Mar 26, 2026 1:00:07 PM de.learnlib.logging.LearnLogger logQuery
INFO: [ε | id_request_v1 id_request_v1 eap_success success_request_with_credentials_v1 id_request_v1 inner_success / ε | id_response_v1 id_response_v1 after_eap_success success_response_v1 id_response_v1 empty_peap]
Mar 26, 2026 1:00:14 PM de.learnlib.logging.LearnLogger logQuery
INFO: [ε | id_request_v1 id_request_v1 success_request_with_credentials_v1 inner_success inner_failure / ε | id_response_v1 id_response_v1 success_response_v1 empty_peap no_reply]
Mar 26, 2026 1:00:21 PM de.learnlib.logging.LearnLogger logQuery
INFO: [ε | id_request_v1 id_request_v1 success_request_with_credentials_v1 inner_success inner_success / ε | id_response_v1 id_response_v1 success_response_v1 empty_peap no_reply]
Mar 26, 2026 1:00:28 PM de.learnlib.logging.LearnLogger logQuery
INFO: [ε | id_request_v1 id_request_v1 success_request_with_credentials_v1 inner_success id_request_v1 / ε | id_response_v1 id_response_v1 success_response_v1 empty_peap no_reply]
Mar 26, 2026 1:00:28 PM de.learnlib.logging.LearnLogger logQuery
INFO: DB CACHE [ε | id_request_v1 id_request_v1 success_request_with_credentials_v1 inner_success id_request_v1 inner_success /  id_response_v1 id_response_v1 success_response_v1 empty_peap no_reply -]
Mar 26, 2026 1:00:35 PM de.learnlib.logging.LearnLogger logQuery
INFO: [ε | id_request_v1 id_request_v1 id_request_v1 eap_success / ε | id_response_v1 id_response_v1 id_response_v1 after_eap_success]
Mar 26, 2026 1:00:42 PM de.learnlib.logging.LearnLogger logQuery
INFO: [ε | id_request_v1 id_request_v1 id_request_v1 eap_success inner_failure / ε | id_response_v1 id_response_v1 id_response_v1 after_eap_success no_reply]
Mar 26, 2026 1:00:50 PM de.learnlib.logging.LearnLogger logQuery
INFO: [ε | id_request_v1 id_request_v1 id_request_v1 eap_success inner_success / ε | id_response_v1 id_response_v1 id_response_v1 after_eap_success no_reply]
Mar 26, 2026 1:00:57 PM de.learnlib.logging.LearnLogger logQuery
INFO: [ε | id_request_v1 id_request_v1 id_request_v1 eap_success id_request_v1 / ε | id_response_v1 id_response_v1 id_response_v1 after_eap_success id_response_v1]
Mar 26, 2026 1:01:04 PM de.learnlib.logging.LearnLogger logQuery
INFO: [ε | id_request_v1 id_request_v1 id_request_v1 eap_success id_request_v1 inner_success / ε | id_response_v1 id_response_v1 id_response_v1 after_eap_success id_response_v1 no_reply]
Mar 26, 2026 1:01:11 PM de.learnlib.logging.LearnLogger logQuery
INFO: [ε | id_request_v1 id_request_v1 challenge_v1 eap_success / ε | id_response_v1 id_response_v1 challenge_response_v1 after_eap_success]
Mar 26, 2026 1:01:18 PM de.learnlib.logging.LearnLogger logQuery
INFO: [ε | id_request_v1 id_request_v1 challenge_v1 eap_success inner_failure / ε | id_response_v1 id_response_v1 challenge_response_v1 after_eap_success no_reply]
Mar 26, 2026 1:01:26 PM de.learnlib.logging.LearnLogger logQuery
INFO: [ε | id_request_v1 id_request_v1 challenge_v1 eap_success inner_success / ε | id_response_v1 id_response_v1 challenge_response_v1 after_eap_success no_reply]
Mar 26, 2026 1:01:33 PM de.learnlib.logging.LearnLogger logQuery
INFO: [ε | id_request_v1 id_request_v1 challenge_v1 eap_success id_request_v1 / ε | id_response_v1 id_response_v1 challenge_response_v1 after_eap_success id_response_v1]
Mar 26, 2026 1:01:40 PM de.learnlib.logging.LearnLogger logQuery
INFO: [ε | id_request_v1 id_request_v1 challenge_v1 eap_success id_request_v1 inner_success / ε | id_response_v1 id_response_v1 challenge_response_v1 after_eap_success id_response_v1 no_reply]
Mar 26, 2026 1:01:47 PM de.learnlib.logging.LearnLogger logQuery
INFO: [ε | id_request_v1 id_request_v1 success_request_with_credentials_v1 eap_success / ε | id_response_v1 id_response_v1 success_response_v1 after_eap_success]
Mar 26, 2026 1:01:54 PM de.learnlib.logging.LearnLogger logQuery
INFO: [ε | id_request_v1 id_request_v1 success_request_with_credentials_v1 eap_success inner_failure / ε | id_response_v1 id_response_v1 success_response_v1 after_eap_success no_reply]
Mar 26, 2026 1:02:02 PM de.learnlib.logging.LearnLogger logQuery
INFO: [ε | id_request_v1 id_request_v1 success_request_with_credentials_v1 eap_success inner_success / ε | id_response_v1 id_response_v1 success_response_v1 after_eap_success no_reply]
Mar 26, 2026 1:02:09 PM de.learnlib.logging.LearnLogger logQuery
INFO: [ε | id_request_v1 id_request_v1 success_request_with_credentials_v1 eap_success id_request_v1 / ε | id_response_v1 id_response_v1 success_response_v1 after_eap_success id_response_v1]
Mar 26, 2026 1:02:16 PM de.learnlib.logging.LearnLogger logQuery
INFO: [ε | id_request_v1 id_request_v1 success_request_with_credentials_v1 eap_success id_request_v1 inner_success / ε | id_response_v1 id_response_v1 success_response_v1 after_eap_success id_response_v1 empty_peap]
Mar 26, 2026 1:02:23 PM de.learnlib.logging.LearnLogger logQuery
INFO: [ε | id_request_v1 id_request_v1 eap_success eap_success / ε | id_response_v1 id_response_v1 after_eap_success after_eap_success]
Mar 26, 2026 1:02:30 PM de.learnlib.logging.LearnLogger logQuery
INFO: [ε | id_request_v1 id_request_v1 eap_success eap_success inner_failure / ε | id_response_v1 id_response_v1 after_eap_success after_eap_success no_reply]
Mar 26, 2026 1:02:38 PM de.learnlib.logging.LearnLogger logQuery
INFO: [ε | id_request_v1 id_request_v1 eap_success eap_success inner_success / ε | id_response_v1 id_response_v1 after_eap_success after_eap_success no_reply]
Mar 26, 2026 1:02:45 PM de.learnlib.logging.LearnLogger logQuery
INFO: [ε | id_request_v1 id_request_v1 eap_success eap_success id_request_v1 / ε | id_response_v1 id_response_v1 after_eap_success after_eap_success id_response_v1]
Mar 26, 2026 1:02:53 PM de.learnlib.logging.LearnLogger logQuery
INFO: [ε | id_request_v1 id_request_v1 eap_success eap_success id_request_v1 inner_success / ε | id_response_v1 id_response_v1 after_eap_success after_eap_success id_response_v1 no_reply]
Mar 26, 2026 1:03:00 PM de.learnlib.logging.LearnLogger logQuery
INFO: [ε | id_request_v1 id_request_v1 id_request_v1 4_way_message_1 / ε | id_response_v1 id_response_v1 id_response_v1 no_reply]
Mar 26, 2026 1:03:07 PM de.learnlib.logging.LearnLogger logQuery
INFO: [ε | id_request_v1 id_request_v1 challenge_v1 4_way_message_1 / ε | id_response_v1 id_response_v1 challenge_response_v1 no_reply]
Mar 26, 2026 1:03:14 PM de.learnlib.logging.LearnLogger logQuery
INFO: [ε | id_request_v1 id_request_v1 success_request_with_credentials_v1 4_way_message_1 / ε | id_response_v1 id_response_v1 success_response_v1 no_reply]
Mar 26, 2026 1:03:22 PM de.learnlib.logging.LearnLogger logQuery
INFO: [ε | id_request_v1 id_request_v1 eap_success 4_way_message_1 / ε | id_response_v1 id_response_v1 after_eap_success no_reply]
Mar 26, 2026 1:03:29 PM de.learnlib.logging.LearnLogger logQuery
INFO: [ε | id_request_v1 challenge_v1 id_request_v1 id_request_v1 inner_failure / ε | id_response_v1 challenge_response_v1 id_response_v1 id_response_v1 encrypted_alert]
Mar 26, 2026 1:03:36 PM de.learnlib.logging.LearnLogger logQuery
INFO: [ε | id_request_v1 challenge_v1 id_request_v1 id_request_v1 id_request_v1 / ε | id_response_v1 challenge_response_v1 id_response_v1 id_response_v1 id_response_v1]
Mar 26, 2026 1:03:43 PM de.learnlib.logging.LearnLogger logQuery
INFO: [ε | id_request_v1 challenge_v1 id_request_v1 id_request_v1 id_request_v1 inner_success / ε | id_response_v1 challenge_response_v1 id_response_v1 id_response_v1 id_response_v1 no_reply]
Mar 26, 2026 1:03:49 PM de.learnlib.logging.LearnLogger logQuery
INFO: [ε | id_request_v1 challenge_v1 challenge_v1 id_request_v1 inner_failure / ε | id_response_v1 challenge_response_v1 challenge_response_v1 id_response_v1 encrypted_alert]
Mar 26, 2026 1:03:56 PM de.learnlib.logging.LearnLogger logQuery
INFO: [ε | id_request_v1 challenge_v1 challenge_v1 id_request_v1 id_request_v1 / ε | id_response_v1 challenge_response_v1 challenge_response_v1 id_response_v1 id_response_v1]
Mar 26, 2026 1:04:03 PM de.learnlib.logging.LearnLogger logQuery
INFO: [ε | id_request_v1 challenge_v1 challenge_v1 id_request_v1 id_request_v1 inner_success / ε | id_response_v1 challenge_response_v1 challenge_response_v1 id_response_v1 id_response_v1 no_reply]
Mar 26, 2026 1:04:11 PM de.learnlib.logging.LearnLogger logQuery
INFO: [ε | id_request_v1 challenge_v1 success_request_with_credentials_v1 id_request_v1 inner_failure / ε | id_response_v1 challenge_response_v1 success_response_v1 id_response_v1 no_reply]
Mar 26, 2026 1:04:17 PM de.learnlib.logging.LearnLogger logQuery
INFO: [ε | id_request_v1 challenge_v1 success_request_with_credentials_v1 id_request_v1 id_request_v1 / ε | id_response_v1 challenge_response_v1 success_response_v1 id_response_v1 id_response_v1]
Mar 26, 2026 1:04:24 PM de.learnlib.logging.LearnLogger logQuery
INFO: [ε | id_request_v1 challenge_v1 success_request_with_credentials_v1 id_request_v1 id_request_v1 inner_success / ε | id_response_v1 challenge_response_v1 success_response_v1 id_response_v1 id_response_v1 empty_peap]
Mar 26, 2026 1:04:31 PM de.learnlib.logging.LearnLogger logQuery
INFO: [ε | id_request_v1 challenge_v1 eap_success id_request_v1 inner_failure / ε | id_response_v1 challenge_response_v1 after_eap_success id_response_v1 encrypted_alert]
Mar 26, 2026 1:04:38 PM de.learnlib.logging.LearnLogger logQuery
INFO: [ε | id_request_v1 challenge_v1 eap_success id_request_v1 id_request_v1 / ε | id_response_v1 challenge_response_v1 after_eap_success id_response_v1 id_response_v1]
Mar 26, 2026 1:04:46 PM de.learnlib.logging.LearnLogger logQuery
INFO: [ε | id_request_v1 challenge_v1 eap_success id_request_v1 id_request_v1 inner_success / ε | id_response_v1 challenge_response_v1 after_eap_success id_response_v1 id_response_v1 no_reply]
Mar 26, 2026 1:04:52 PM de.learnlib.logging.LearnLogger logQuery
INFO: [ε | id_request_v1 challenge_v1 id_request_v1 challenge_v1 / ε | id_response_v1 challenge_response_v1 id_response_v1 challenge_response_v1]
Mar 26, 2026 1:04:59 PM de.learnlib.logging.LearnLogger logQuery
INFO: [ε | id_request_v1 challenge_v1 id_request_v1 challenge_v1 inner_failure / ε | id_response_v1 challenge_response_v1 id_response_v1 challenge_response_v1 encrypted_alert]
Mar 26, 2026 1:05:06 PM de.learnlib.logging.LearnLogger logQuery
INFO: [ε | id_request_v1 challenge_v1 id_request_v1 challenge_v1 inner_success / ε | id_response_v1 challenge_response_v1 id_response_v1 challenge_response_v1 no_reply]
Mar 26, 2026 1:05:13 PM de.learnlib.logging.LearnLogger logQuery
INFO: [ε | id_request_v1 challenge_v1 id_request_v1 challenge_v1 id_request_v1 / ε | id_response_v1 challenge_response_v1 id_response_v1 challenge_response_v1 id_response_v1]
Mar 26, 2026 1:05:20 PM de.learnlib.logging.LearnLogger logQuery
INFO: [ε | id_request_v1 challenge_v1 id_request_v1 challenge_v1 id_request_v1 inner_success / ε | id_response_v1 challenge_response_v1 id_response_v1 challenge_response_v1 id_response_v1 no_reply]
Mar 26, 2026 1:05:27 PM de.learnlib.logging.LearnLogger logQuery
INFO: [ε | id_request_v1 challenge_v1 challenge_v1 challenge_v1 / ε | id_response_v1 challenge_response_v1 challenge_response_v1 challenge_response_v1]
Mar 26, 2026 1:05:34 PM de.learnlib.logging.LearnLogger logQuery
INFO: [ε | id_request_v1 challenge_v1 challenge_v1 challenge_v1 inner_failure / ε | id_response_v1 challenge_response_v1 challenge_response_v1 challenge_response_v1 encrypted_alert]
Mar 26, 2026 1:05:41 PM de.learnlib.logging.LearnLogger logQuery
INFO: [ε | id_request_v1 challenge_v1 challenge_v1 challenge_v1 inner_success / ε | id_response_v1 challenge_response_v1 challenge_response_v1 challenge_response_v1 no_reply]
Mar 26, 2026 1:05:48 PM de.learnlib.logging.LearnLogger logQuery
INFO: [ε | id_request_v1 challenge_v1 challenge_v1 challenge_v1 id_request_v1 / ε | id_response_v1 challenge_response_v1 challenge_response_v1 challenge_response_v1 id_response_v1]
Mar 26, 2026 1:05:55 PM de.learnlib.logging.LearnLogger logQuery
INFO: [ε | id_request_v1 challenge_v1 challenge_v1 challenge_v1 id_request_v1 inner_success / ε | id_response_v1 challenge_response_v1 challenge_response_v1 challenge_response_v1 id_response_v1 no_reply]
Mar 26, 2026 1:06:02 PM de.learnlib.logging.LearnLogger logQuery
INFO: [ε | id_request_v1 challenge_v1 success_request_with_credentials_v1 challenge_v1 / ε | id_response_v1 challenge_response_v1 success_response_v1 challenge_response_v1]
Mar 26, 2026 1:06:09 PM de.learnlib.logging.LearnLogger logQuery
INFO: [ε | id_request_v1 challenge_v1 success_request_with_credentials_v1 challenge_v1 inner_failure / ε | id_response_v1 challenge_response_v1 success_response_v1 challenge_response_v1 no_reply]
Mar 26, 2026 1:06:16 PM de.learnlib.logging.LearnLogger logQuery
INFO: [ε | id_request_v1 challenge_v1 success_request_with_credentials_v1 challenge_v1 inner_success / ε | id_response_v1 challenge_response_v1 success_response_v1 challenge_response_v1 empty_peap]
Mar 26, 2026 1:06:23 PM de.learnlib.logging.LearnLogger logQuery
INFO: [ε | id_request_v1 challenge_v1 success_request_with_credentials_v1 challenge_v1 id_request_v1 / ε | id_response_v1 challenge_response_v1 success_response_v1 challenge_response_v1 id_response_v1]
Mar 26, 2026 1:06:29 PM de.learnlib.logging.LearnLogger logQuery
INFO: [ε | id_request_v1 challenge_v1 success_request_with_credentials_v1 challenge_v1 id_request_v1 inner_success / ε | id_response_v1 challenge_response_v1 success_response_v1 challenge_response_v1 id_response_v1 empty_peap]
Mar 26, 2026 1:06:36 PM de.learnlib.logging.LearnLogger logQuery
INFO: [ε | id_request_v1 challenge_v1 eap_success challenge_v1 / ε | id_response_v1 challenge_response_v1 after_eap_success challenge_response_v1]
Mar 26, 2026 1:06:43 PM de.learnlib.logging.LearnLogger logQuery
INFO: [ε | id_request_v1 challenge_v1 eap_success challenge_v1 inner_failure / ε | id_response_v1 challenge_response_v1 after_eap_success challenge_response_v1 encrypted_alert]
Mar 26, 2026 1:06:51 PM de.learnlib.logging.LearnLogger logQuery
INFO: [ε | id_request_v1 challenge_v1 eap_success challenge_v1 inner_success / ε | id_response_v1 challenge_response_v1 after_eap_success challenge_response_v1 no_reply]
Mar 26, 2026 1:06:58 PM de.learnlib.logging.LearnLogger logQuery
INFO: [ε | id_request_v1 challenge_v1 eap_success challenge_v1 id_request_v1 / ε | id_response_v1 challenge_response_v1 after_eap_success challenge_response_v1 id_response_v1]
Mar 26, 2026 1:07:05 PM de.learnlib.logging.LearnLogger logQuery
INFO: [ε | id_request_v1 challenge_v1 eap_success challenge_v1 id_request_v1 inner_success / ε | id_response_v1 challenge_response_v1 after_eap_success challenge_response_v1 id_response_v1 no_reply]
Mar 26, 2026 1:07:12 PM de.learnlib.logging.LearnLogger logQuery
INFO: [ε | id_request_v1 challenge_v1 id_request_v1 success_request_all_zeros_v1 / ε | id_response_v1 challenge_response_v1 id_response_v1 encrypted_alert]
Mar 26, 2026 1:07:19 PM de.learnlib.logging.LearnLogger logQuery
INFO: [ε | id_request_v1 challenge_v1 challenge_v1 success_request_all_zeros_v1 / ε | id_response_v1 challenge_response_v1 challenge_response_v1 encrypted_alert]
Mar 26, 2026 1:07:26 PM de.learnlib.logging.LearnLogger logQuery
INFO: [ε | id_request_v1 challenge_v1 success_request_with_credentials_v1 success_request_all_zeros_v1 / ε | id_response_v1 challenge_response_v1 success_response_v1 encrypted_alert]
Mar 26, 2026 1:07:33 PM de.learnlib.logging.LearnLogger logQuery
INFO: [ε | id_request_v1 challenge_v1 eap_success success_request_all_zeros_v1 / ε | id_response_v1 challenge_response_v1 after_eap_success encrypted_alert]
Mar 26, 2026 1:07:40 PM de.learnlib.logging.LearnLogger logQuery
INFO: [ε | id_request_v1 challenge_v1 id_request_v1 success_request_with_credentials_v1 / ε | id_response_v1 challenge_response_v1 id_response_v1 success_response_v1]
Mar 26, 2026 1:07:47 PM de.learnlib.logging.LearnLogger logQuery
INFO: [ε | id_request_v1 challenge_v1 id_request_v1 success_request_with_credentials_v1 inner_failure / ε | id_response_v1 challenge_response_v1 id_response_v1 success_response_v1 no_reply]
Mar 26, 2026 1:07:54 PM de.learnlib.logging.LearnLogger logQuery
INFO: [ε | id_request_v1 challenge_v1 id_request_v1 success_request_with_credentials_v1 inner_success / ε | id_response_v1 challenge_response_v1 id_response_v1 success_response_v1 empty_peap]
Mar 26, 2026 1:08:00 PM de.learnlib.logging.LearnLogger logQuery
INFO: [ε | id_request_v1 challenge_v1 id_request_v1 success_request_with_credentials_v1 id_request_v1 / ε | id_response_v1 challenge_response_v1 id_response_v1 success_response_v1 id_response_v1]
Mar 26, 2026 1:08:07 PM de.learnlib.logging.LearnLogger logQuery
INFO: [ε | id_request_v1 challenge_v1 id_request_v1 success_request_with_credentials_v1 id_request_v1 inner_success / ε | id_response_v1 challenge_response_v1 id_response_v1 success_response_v1 id_response_v1 empty_peap]
Mar 26, 2026 1:08:14 PM de.learnlib.logging.LearnLogger logQuery
INFO: [ε | id_request_v1 challenge_v1 challenge_v1 success_request_with_credentials_v1 / ε | id_response_v1 challenge_response_v1 challenge_response_v1 success_response_v1]
Mar 26, 2026 1:08:21 PM de.learnlib.logging.LearnLogger logQuery
INFO: [ε | id_request_v1 challenge_v1 challenge_v1 success_request_with_credentials_v1 inner_failure / ε | id_response_v1 challenge_response_v1 challenge_response_v1 success_response_v1 no_reply]
Mar 26, 2026 1:08:28 PM de.learnlib.logging.LearnLogger logQuery
INFO: [ε | id_request_v1 challenge_v1 challenge_v1 success_request_with_credentials_v1 inner_success / ε | id_response_v1 challenge_response_v1 challenge_response_v1 success_response_v1 empty_peap]
Mar 26, 2026 1:08:34 PM de.learnlib.logging.LearnLogger logQuery
INFO: [ε | id_request_v1 challenge_v1 challenge_v1 success_request_with_credentials_v1 id_request_v1 / ε | id_response_v1 challenge_response_v1 challenge_response_v1 success_response_v1 id_response_v1]
Mar 26, 2026 1:08:41 PM de.learnlib.logging.LearnLogger logQuery
INFO: [ε | id_request_v1 challenge_v1 challenge_v1 success_request_with_credentials_v1 id_request_v1 inner_success / ε | id_response_v1 challenge_response_v1 challenge_response_v1 success_response_v1 id_response_v1 empty_peap]
Mar 26, 2026 1:08:48 PM de.learnlib.logging.LearnLogger logQuery
INFO: [ε | id_request_v1 challenge_v1 success_request_with_credentials_v1 success_request_with_credentials_v1 / ε | id_response_v1 challenge_response_v1 success_response_v1 success_response_v1]
Mar 26, 2026 1:08:55 PM de.learnlib.logging.LearnLogger logQuery
INFO: [ε | id_request_v1 challenge_v1 success_request_with_credentials_v1 success_request_with_credentials_v1 inner_failure / ε | id_response_v1 challenge_response_v1 success_response_v1 success_response_v1 no_reply]
Mar 26, 2026 1:09:02 PM de.learnlib.logging.LearnLogger logQuery
INFO: [ε | id_request_v1 challenge_v1 success_request_with_credentials_v1 success_request_with_credentials_v1 inner_success / ε | id_response_v1 challenge_response_v1 success_response_v1 success_response_v1 empty_peap]
Mar 26, 2026 1:09:09 PM de.learnlib.logging.LearnLogger logQuery
INFO: [ε | id_request_v1 challenge_v1 success_request_with_credentials_v1 success_request_with_credentials_v1 id_request_v1 / ε | id_response_v1 challenge_response_v1 success_response_v1 success_response_v1 id_response_v1]
Mar 26, 2026 1:09:15 PM de.learnlib.logging.LearnLogger logQuery
INFO: [ε | id_request_v1 challenge_v1 success_request_with_credentials_v1 success_request_with_credentials_v1 id_request_v1 inner_success / ε | id_response_v1 challenge_response_v1 success_response_v1 success_response_v1 id_response_v1 empty_peap]
Mar 26, 2026 1:09:22 PM de.learnlib.logging.LearnLogger logQuery
INFO: [ε | id_request_v1 challenge_v1 eap_success success_request_with_credentials_v1 / ε | id_response_v1 challenge_response_v1 after_eap_success success_response_v1]
Mar 26, 2026 1:09:30 PM de.learnlib.logging.LearnLogger logQuery
INFO: [ε | id_request_v1 challenge_v1 eap_success success_request_with_credentials_v1 inner_failure / ε | id_response_v1 challenge_response_v1 after_eap_success success_response_v1 no_reply]
Mar 26, 2026 1:09:37 PM de.learnlib.logging.LearnLogger logQuery
INFO: [ε | id_request_v1 challenge_v1 eap_success success_request_with_credentials_v1 inner_success / ε | id_response_v1 challenge_response_v1 after_eap_success success_response_v1 empty_peap]
Mar 26, 2026 1:09:44 PM de.learnlib.logging.LearnLogger logQuery
INFO: [ε | id_request_v1 challenge_v1 eap_success success_request_with_credentials_v1 id_request_v1 / ε | id_response_v1 challenge_response_v1 after_eap_success success_response_v1 id_response_v1]
Mar 26, 2026 1:09:51 PM de.learnlib.logging.LearnLogger logQuery
INFO: [ε | id_request_v1 challenge_v1 eap_success success_request_with_credentials_v1 id_request_v1 inner_success / ε | id_response_v1 challenge_response_v1 after_eap_success success_response_v1 id_response_v1 empty_peap]
Mar 26, 2026 1:09:58 PM de.learnlib.logging.LearnLogger logQuery
INFO: [ε | id_request_v1 challenge_v1 success_request_with_credentials_v1 inner_success inner_failure / ε | id_response_v1 challenge_response_v1 success_response_v1 empty_peap no_reply]
Mar 26, 2026 1:10:05 PM de.learnlib.logging.LearnLogger logQuery
INFO: [ε | id_request_v1 challenge_v1 success_request_with_credentials_v1 inner_success inner_success / ε | id_response_v1 challenge_response_v1 success_response_v1 empty_peap no_reply]
Mar 26, 2026 1:10:12 PM de.learnlib.logging.LearnLogger logQuery
INFO: [ε | id_request_v1 challenge_v1 success_request_with_credentials_v1 inner_success id_request_v1 / ε | id_response_v1 challenge_response_v1 success_response_v1 empty_peap no_reply]
Mar 26, 2026 1:10:12 PM de.learnlib.logging.LearnLogger logQuery
INFO: DB CACHE [ε | id_request_v1 challenge_v1 success_request_with_credentials_v1 inner_success id_request_v1 inner_success /  id_response_v1 challenge_response_v1 success_response_v1 empty_peap no_reply -]
Mar 26, 2026 1:10:19 PM de.learnlib.logging.LearnLogger logQuery
INFO: [ε | id_request_v1 challenge_v1 id_request_v1 eap_success / ε | id_response_v1 challenge_response_v1 id_response_v1 after_eap_success]
Mar 26, 2026 1:10:26 PM de.learnlib.logging.LearnLogger logQuery
INFO: [ε | id_request_v1 challenge_v1 id_request_v1 eap_success inner_failure / ε | id_response_v1 challenge_response_v1 id_response_v1 after_eap_success no_reply]
Mar 26, 2026 1:10:33 PM de.learnlib.logging.LearnLogger logQuery
INFO: [ε | id_request_v1 challenge_v1 id_request_v1 eap_success inner_success / ε | id_response_v1 challenge_response_v1 id_response_v1 after_eap_success no_reply]
Mar 26, 2026 1:10:41 PM de.learnlib.logging.LearnLogger logQuery
INFO: [ε | id_request_v1 challenge_v1 id_request_v1 eap_success id_request_v1 / ε | id_response_v1 challenge_response_v1 id_response_v1 after_eap_success id_response_v1]
Mar 26, 2026 1:10:48 PM de.learnlib.logging.LearnLogger logQuery
INFO: [ε | id_request_v1 challenge_v1 id_request_v1 eap_success id_request_v1 inner_success / ε | id_response_v1 challenge_response_v1 id_response_v1 after_eap_success id_response_v1 no_reply]
Mar 26, 2026 1:10:55 PM de.learnlib.logging.LearnLogger logQuery
INFO: [ε | id_request_v1 challenge_v1 challenge_v1 eap_success / ε | id_response_v1 challenge_response_v1 challenge_response_v1 after_eap_success]
Mar 26, 2026 1:11:02 PM de.learnlib.logging.LearnLogger logQuery
INFO: [ε | id_request_v1 challenge_v1 challenge_v1 eap_success inner_failure / ε | id_response_v1 challenge_response_v1 challenge_response_v1 after_eap_success no_reply]
Mar 26, 2026 1:11:09 PM de.learnlib.logging.LearnLogger logQuery
INFO: [ε | id_request_v1 challenge_v1 challenge_v1 eap_success inner_success / ε | id_response_v1 challenge_response_v1 challenge_response_v1 after_eap_success no_reply]
Mar 26, 2026 1:11:16 PM de.learnlib.logging.LearnLogger logQuery
INFO: [ε | id_request_v1 challenge_v1 challenge_v1 eap_success id_request_v1 / ε | id_response_v1 challenge_response_v1 challenge_response_v1 after_eap_success id_response_v1]
Mar 26, 2026 1:11:24 PM de.learnlib.logging.LearnLogger logQuery
INFO: [ε | id_request_v1 challenge_v1 challenge_v1 eap_success id_request_v1 inner_success / ε | id_response_v1 challenge_response_v1 challenge_response_v1 after_eap_success id_response_v1 no_reply]
Mar 26, 2026 1:11:31 PM de.learnlib.logging.LearnLogger logQuery
INFO: [ε | id_request_v1 challenge_v1 success_request_with_credentials_v1 eap_success / ε | id_response_v1 challenge_response_v1 success_response_v1 after_eap_success]
Mar 26, 2026 1:11:38 PM de.learnlib.logging.LearnLogger logQuery
INFO: [ε | id_request_v1 challenge_v1 success_request_with_credentials_v1 eap_success inner_failure / ε | id_response_v1 challenge_response_v1 success_response_v1 after_eap_success no_reply]
Mar 26, 2026 1:11:45 PM de.learnlib.logging.LearnLogger logQuery
INFO: [ε | id_request_v1 challenge_v1 success_request_with_credentials_v1 eap_success inner_success / ε | id_response_v1 challenge_response_v1 success_response_v1 after_eap_success no_reply]
Mar 26, 2026 1:11:52 PM de.learnlib.logging.LearnLogger logQuery
INFO: [ε | id_request_v1 challenge_v1 success_request_with_credentials_v1 eap_success id_request_v1 / ε | id_response_v1 challenge_response_v1 success_response_v1 after_eap_success id_response_v1]
Mar 26, 2026 1:11:59 PM de.learnlib.logging.LearnLogger logQuery
INFO: [ε | id_request_v1 challenge_v1 success_request_with_credentials_v1 eap_success id_request_v1 inner_success / ε | id_response_v1 challenge_response_v1 success_response_v1 after_eap_success id_response_v1 empty_peap]
Mar 26, 2026 1:12:07 PM de.learnlib.logging.LearnLogger logQuery
INFO: [ε | id_request_v1 challenge_v1 eap_success eap_success / ε | id_response_v1 challenge_response_v1 after_eap_success after_eap_success]
Mar 26, 2026 1:12:14 PM de.learnlib.logging.LearnLogger logQuery
INFO: [ε | id_request_v1 challenge_v1 eap_success eap_success inner_failure / ε | id_response_v1 challenge_response_v1 after_eap_success after_eap_success no_reply]
Mar 26, 2026 1:12:21 PM de.learnlib.logging.LearnLogger logQuery
INFO: [ε | id_request_v1 challenge_v1 eap_success eap_success inner_success / ε | id_response_v1 challenge_response_v1 after_eap_success after_eap_success no_reply]
Mar 26, 2026 1:12:29 PM de.learnlib.logging.LearnLogger logQuery
INFO: [ε | id_request_v1 challenge_v1 eap_success eap_success id_request_v1 / ε | id_response_v1 challenge_response_v1 after_eap_success after_eap_success id_response_v1]
Mar 26, 2026 1:12:36 PM de.learnlib.logging.LearnLogger logQuery
INFO: [ε | id_request_v1 challenge_v1 eap_success eap_success id_request_v1 inner_success / ε | id_response_v1 challenge_response_v1 after_eap_success after_eap_success id_response_v1 no_reply]
Mar 26, 2026 1:12:43 PM de.learnlib.logging.LearnLogger logQuery
INFO: [ε | id_request_v1 challenge_v1 id_request_v1 4_way_message_1 / ε | id_response_v1 challenge_response_v1 id_response_v1 no_reply]
Mar 26, 2026 1:12:51 PM de.learnlib.logging.LearnLogger logQuery
INFO: [ε | id_request_v1 challenge_v1 challenge_v1 4_way_message_1 / ε | id_response_v1 challenge_response_v1 challenge_response_v1 no_reply]
Mar 26, 2026 1:12:58 PM de.learnlib.logging.LearnLogger logQuery
INFO: [ε | id_request_v1 challenge_v1 success_request_with_credentials_v1 4_way_message_1 / ε | id_response_v1 challenge_response_v1 success_response_v1 no_reply]
Mar 26, 2026 1:13:05 PM de.learnlib.logging.LearnLogger logQuery
INFO: [ε | id_request_v1 challenge_v1 eap_success 4_way_message_1 / ε | id_response_v1 challenge_response_v1 after_eap_success no_reply]
Mar 26, 2026 1:13:12 PM de.learnlib.logging.LearnLogger logQuery
INFO: [ε | id_request_v1 success_request_with_credentials_v1 id_request_v1 id_request_v1 inner_failure / ε | id_response_v1 success_response_v1 id_response_v1 id_response_v1 no_reply]
Mar 26, 2026 1:13:19 PM de.learnlib.logging.LearnLogger logQuery
INFO: [ε | id_request_v1 success_request_with_credentials_v1 id_request_v1 id_request_v1 id_request_v1 / ε | id_response_v1 success_response_v1 id_response_v1 id_response_v1 id_response_v1]
Mar 26, 2026 1:13:26 PM de.learnlib.logging.LearnLogger logQuery
INFO: [ε | id_request_v1 success_request_with_credentials_v1 id_request_v1 id_request_v1 id_request_v1 inner_success / ε | id_response_v1 success_response_v1 id_response_v1 id_response_v1 id_response_v1 empty_peap]
Mar 26, 2026 1:13:33 PM de.learnlib.logging.LearnLogger logQuery
INFO: [ε | id_request_v1 success_request_with_credentials_v1 challenge_v1 id_request_v1 inner_failure / ε | id_response_v1 success_response_v1 challenge_response_v1 id_response_v1 no_reply]
Mar 26, 2026 1:13:40 PM de.learnlib.logging.LearnLogger logQuery
INFO: [ε | id_request_v1 success_request_with_credentials_v1 challenge_v1 id_request_v1 id_request_v1 / ε | id_response_v1 success_response_v1 challenge_response_v1 id_response_v1 id_response_v1]
Mar 26, 2026 1:13:47 PM de.learnlib.logging.LearnLogger logQuery
INFO: [ε | id_request_v1 success_request_with_credentials_v1 challenge_v1 id_request_v1 id_request_v1 inner_success / ε | id_response_v1 success_response_v1 challenge_response_v1 id_response_v1 id_response_v1 empty_peap]
Mar 26, 2026 1:13:54 PM de.learnlib.logging.LearnLogger logQuery
INFO: [ε | id_request_v1 success_request_with_credentials_v1 success_request_with_credentials_v1 id_request_v1 inner_failure / ε | id_response_v1 success_response_v1 success_response_v1 id_response_v1 no_reply]
Mar 26, 2026 1:14:01 PM de.learnlib.logging.LearnLogger logQuery
INFO: [ε | id_request_v1 success_request_with_credentials_v1 success_request_with_credentials_v1 id_request_v1 id_request_v1 / ε | id_response_v1 success_response_v1 success_response_v1 id_response_v1 id_response_v1]
Mar 26, 2026 1:14:08 PM de.learnlib.logging.LearnLogger logQuery
INFO: [ε | id_request_v1 success_request_with_credentials_v1 success_request_with_credentials_v1 id_request_v1 id_request_v1 inner_success / ε | id_response_v1 success_response_v1 success_response_v1 id_response_v1 id_response_v1 empty_peap]
Mar 26, 2026 1:14:15 PM de.learnlib.logging.LearnLogger logQuery
INFO: [ε | id_request_v1 success_request_with_credentials_v1 eap_success id_request_v1 inner_failure / ε | id_response_v1 success_response_v1 after_eap_success id_response_v1 no_reply]
Mar 26, 2026 1:14:22 PM de.learnlib.logging.LearnLogger logQuery
INFO: [ε | id_request_v1 success_request_with_credentials_v1 eap_success id_request_v1 id_request_v1 / ε | id_response_v1 success_response_v1 after_eap_success id_response_v1 id_response_v1]
Mar 26, 2026 1:14:29 PM de.learnlib.logging.LearnLogger logQuery
INFO: [ε | id_request_v1 success_request_with_credentials_v1 eap_success id_request_v1 id_request_v1 inner_success / ε | id_response_v1 success_response_v1 after_eap_success id_response_v1 id_response_v1 empty_peap]
Mar 26, 2026 1:14:36 PM de.learnlib.logging.LearnLogger logQuery
INFO: [ε | id_request_v1 success_request_with_credentials_v1 id_request_v1 challenge_v1 / ε | id_response_v1 success_response_v1 id_response_v1 challenge_response_v1]
Mar 26, 2026 1:14:43 PM de.learnlib.logging.LearnLogger logQuery
INFO: [ε | id_request_v1 success_request_with_credentials_v1 id_request_v1 challenge_v1 inner_failure / ε | id_response_v1 success_response_v1 id_response_v1 challenge_response_v1 no_reply]
Mar 26, 2026 1:14:50 PM de.learnlib.logging.LearnLogger logQuery
INFO: [ε | id_request_v1 success_request_with_credentials_v1 id_request_v1 challenge_v1 inner_success / ε | id_response_v1 success_response_v1 id_response_v1 challenge_response_v1 empty_peap]
Mar 26, 2026 1:14:56 PM de.learnlib.logging.LearnLogger logQuery
INFO: [ε | id_request_v1 success_request_with_credentials_v1 id_request_v1 challenge_v1 id_request_v1 / ε | id_response_v1 success_response_v1 id_response_v1 challenge_response_v1 id_response_v1]
Mar 26, 2026 1:15:03 PM de.learnlib.logging.LearnLogger logQuery
INFO: [ε | id_request_v1 success_request_with_credentials_v1 id_request_v1 challenge_v1 id_request_v1 inner_success / ε | id_response_v1 success_response_v1 id_response_v1 challenge_response_v1 id_response_v1 empty_peap]
Mar 26, 2026 1:15:10 PM de.learnlib.logging.LearnLogger logQuery
INFO: [ε | id_request_v1 success_request_with_credentials_v1 challenge_v1 challenge_v1 / ε | id_response_v1 success_response_v1 challenge_response_v1 challenge_response_v1]
Mar 26, 2026 1:15:17 PM de.learnlib.logging.LearnLogger logQuery
INFO: [ε | id_request_v1 success_request_with_credentials_v1 challenge_v1 challenge_v1 inner_failure / ε | id_response_v1 success_response_v1 challenge_response_v1 challenge_response_v1 no_reply]
Mar 26, 2026 1:15:24 PM de.learnlib.logging.LearnLogger logQuery
INFO: [ε | id_request_v1 success_request_with_credentials_v1 challenge_v1 challenge_v1 inner_success / ε | id_response_v1 success_response_v1 challenge_response_v1 challenge_response_v1 empty_peap]
Mar 26, 2026 1:15:30 PM de.learnlib.logging.LearnLogger logQuery
INFO: [ε | id_request_v1 success_request_with_credentials_v1 challenge_v1 challenge_v1 id_request_v1 / ε | id_response_v1 success_response_v1 challenge_response_v1 challenge_response_v1 id_response_v1]
Mar 26, 2026 1:15:37 PM de.learnlib.logging.LearnLogger logQuery
INFO: [ε | id_request_v1 success_request_with_credentials_v1 challenge_v1 challenge_v1 id_request_v1 inner_success / ε | id_response_v1 success_response_v1 challenge_response_v1 challenge_response_v1 id_response_v1 empty_peap]
Mar 26, 2026 1:15:44 PM de.learnlib.logging.LearnLogger logQuery
INFO: [ε | id_request_v1 success_request_with_credentials_v1 success_request_with_credentials_v1 challenge_v1 / ε | id_response_v1 success_response_v1 success_response_v1 challenge_response_v1]
Mar 26, 2026 1:15:51 PM de.learnlib.logging.LearnLogger logQuery
INFO: [ε | id_request_v1 success_request_with_credentials_v1 success_request_with_credentials_v1 challenge_v1 inner_failure / ε | id_response_v1 success_response_v1 success_response_v1 challenge_response_v1 no_reply]
Mar 26, 2026 1:15:58 PM de.learnlib.logging.LearnLogger logQuery
INFO: [ε | id_request_v1 success_request_with_credentials_v1 success_request_with_credentials_v1 challenge_v1 inner_success / ε | id_response_v1 success_response_v1 success_response_v1 challenge_response_v1 empty_peap]
Mar 26, 2026 1:16:05 PM de.learnlib.logging.LearnLogger logQuery
INFO: [ε | id_request_v1 success_request_with_credentials_v1 success_request_with_credentials_v1 challenge_v1 id_request_v1 / ε | id_response_v1 success_response_v1 success_response_v1 challenge_response_v1 id_response_v1]
Mar 26, 2026 1:16:11 PM de.learnlib.logging.LearnLogger logQuery
INFO: [ε | id_request_v1 success_request_with_credentials_v1 success_request_with_credentials_v1 challenge_v1 id_request_v1 inner_success / ε | id_response_v1 success_response_v1 success_response_v1 challenge_response_v1 id_response_v1 empty_peap]
Mar 26, 2026 1:16:18 PM de.learnlib.logging.LearnLogger logQuery
INFO: [ε | id_request_v1 success_request_with_credentials_v1 inner_success challenge_v1 / ε | id_response_v1 success_response_v1 empty_peap no_reply]
Mar 26, 2026 1:16:25 PM de.learnlib.logging.LearnLogger logQuery
INFO: [ε | id_request_v1 success_request_with_credentials_v1 eap_success challenge_v1 / ε | id_response_v1 success_response_v1 after_eap_success challenge_response_v1]
Mar 26, 2026 1:16:32 PM de.learnlib.logging.LearnLogger logQuery
INFO: [ε | id_request_v1 success_request_with_credentials_v1 eap_success challenge_v1 inner_failure / ε | id_response_v1 success_response_v1 after_eap_success challenge_response_v1 no_reply]
Mar 26, 2026 1:16:40 PM de.learnlib.logging.LearnLogger logQuery
INFO: [ε | id_request_v1 success_request_with_credentials_v1 eap_success challenge_v1 inner_success / ε | id_response_v1 success_response_v1 after_eap_success challenge_response_v1 empty_peap]
Mar 26, 2026 1:16:47 PM de.learnlib.logging.LearnLogger logQuery
INFO: [ε | id_request_v1 success_request_with_credentials_v1 eap_success challenge_v1 id_request_v1 / ε | id_response_v1 success_response_v1 after_eap_success challenge_response_v1 id_response_v1]
Mar 26, 2026 1:16:54 PM de.learnlib.logging.LearnLogger logQuery
INFO: [ε | id_request_v1 success_request_with_credentials_v1 eap_success challenge_v1 id_request_v1 inner_success / ε | id_response_v1 success_response_v1 after_eap_success challenge_response_v1 id_response_v1 empty_peap]
Mar 26, 2026 1:17:00 PM de.learnlib.logging.LearnLogger logQuery
INFO: [ε | id_request_v1 success_request_with_credentials_v1 id_request_v1 success_request_all_zeros_v1 / ε | id_response_v1 success_response_v1 id_response_v1 encrypted_alert]
Mar 26, 2026 1:17:07 PM de.learnlib.logging.LearnLogger logQuery
INFO: [ε | id_request_v1 success_request_with_credentials_v1 challenge_v1 success_request_all_zeros_v1 / ε | id_response_v1 success_response_v1 challenge_response_v1 encrypted_alert]
Mar 26, 2026 1:17:14 PM de.learnlib.logging.LearnLogger logQuery
INFO: [ε | id_request_v1 success_request_with_credentials_v1 success_request_with_credentials_v1 success_request_all_zeros_v1 / ε | id_response_v1 success_response_v1 success_response_v1 encrypted_alert]
Mar 26, 2026 1:17:21 PM de.learnlib.logging.LearnLogger logQuery
INFO: [ε | id_request_v1 success_request_with_credentials_v1 inner_success success_request_all_zeros_v1 / ε | id_response_v1 success_response_v1 empty_peap no_reply]
Mar 26, 2026 1:17:28 PM de.learnlib.logging.LearnLogger logQuery
INFO: [ε | id_request_v1 success_request_with_credentials_v1 eap_success success_request_all_zeros_v1 / ε | id_response_v1 success_response_v1 after_eap_success encrypted_alert]
Mar 26, 2026 1:17:35 PM de.learnlib.logging.LearnLogger logQuery
INFO: [ε | id_request_v1 success_request_with_credentials_v1 id_request_v1 success_request_with_credentials_v1 / ε | id_response_v1 success_response_v1 id_response_v1 success_response_v1]
Mar 26, 2026 1:17:42 PM de.learnlib.logging.LearnLogger logQuery
INFO: [ε | id_request_v1 success_request_with_credentials_v1 id_request_v1 success_request_with_credentials_v1 inner_failure / ε | id_response_v1 success_response_v1 id_response_v1 success_response_v1 no_reply]
Mar 26, 2026 1:17:49 PM de.learnlib.logging.LearnLogger logQuery
INFO: [ε | id_request_v1 success_request_with_credentials_v1 id_request_v1 success_request_with_credentials_v1 inner_success / ε | id_response_v1 success_response_v1 id_response_v1 success_response_v1 empty_peap]
Mar 26, 2026 1:17:56 PM de.learnlib.logging.LearnLogger logQuery
INFO: [ε | id_request_v1 success_request_with_credentials_v1 id_request_v1 success_request_with_credentials_v1 id_request_v1 / ε | id_response_v1 success_response_v1 id_response_v1 success_response_v1 id_response_v1]
Mar 26, 2026 1:18:03 PM de.learnlib.logging.LearnLogger logQuery
INFO: [ε | id_request_v1 success_request_with_credentials_v1 id_request_v1 success_request_with_credentials_v1 id_request_v1 inner_success / ε | id_response_v1 success_response_v1 id_response_v1 success_response_v1 id_response_v1 empty_peap]
Mar 26, 2026 1:18:09 PM de.learnlib.logging.LearnLogger logQuery
INFO: [ε | id_request_v1 success_request_with_credentials_v1 challenge_v1 success_request_with_credentials_v1 / ε | id_response_v1 success_response_v1 challenge_response_v1 success_response_v1]
Mar 26, 2026 1:18:16 PM de.learnlib.logging.LearnLogger logQuery
INFO: [ε | id_request_v1 success_request_with_credentials_v1 challenge_v1 success_request_with_credentials_v1 inner_failure / ε | id_response_v1 success_response_v1 challenge_response_v1 success_response_v1 no_reply]
Mar 26, 2026 1:18:23 PM de.learnlib.logging.LearnLogger logQuery
INFO: [ε | id_request_v1 success_request_with_credentials_v1 challenge_v1 success_request_with_credentials_v1 inner_success / ε | id_response_v1 success_response_v1 challenge_response_v1 success_response_v1 empty_peap]
Mar 26, 2026 1:18:30 PM de.learnlib.logging.LearnLogger logQuery
INFO: [ε | id_request_v1 success_request_with_credentials_v1 challenge_v1 success_request_with_credentials_v1 id_request_v1 / ε | id_response_v1 success_response_v1 challenge_response_v1 success_response_v1 id_response_v1]
Mar 26, 2026 1:18:37 PM de.learnlib.logging.LearnLogger logQuery
INFO: [ε | id_request_v1 success_request_with_credentials_v1 challenge_v1 success_request_with_credentials_v1 id_request_v1 inner_success / ε | id_response_v1 success_response_v1 challenge_response_v1 success_response_v1 id_response_v1 empty_peap]
Mar 26, 2026 1:18:43 PM de.learnlib.logging.LearnLogger logQuery
INFO: [ε | id_request_v1 success_request_with_credentials_v1 success_request_with_credentials_v1 success_request_with_credentials_v1 / ε | id_response_v1 success_response_v1 success_response_v1 success_response_v1]
Mar 26, 2026 1:18:50 PM de.learnlib.logging.LearnLogger logQuery
INFO: [ε | id_request_v1 success_request_with_credentials_v1 success_request_with_credentials_v1 success_request_with_credentials_v1 inner_failure / ε | id_response_v1 success_response_v1 success_response_v1 success_response_v1 no_reply]
Mar 26, 2026 1:18:57 PM de.learnlib.logging.LearnLogger logQuery
INFO: [ε | id_request_v1 success_request_with_credentials_v1 success_request_with_credentials_v1 success_request_with_credentials_v1 inner_success / ε | id_response_v1 success_response_v1 success_response_v1 success_response_v1 empty_peap]
Mar 26, 2026 1:19:04 PM de.learnlib.logging.LearnLogger logQuery
INFO: [ε | id_request_v1 success_request_with_credentials_v1 success_request_with_credentials_v1 success_request_with_credentials_v1 id_request_v1 / ε | id_response_v1 success_response_v1 success_response_v1 success_response_v1 id_response_v1]
Mar 26, 2026 1:19:11 PM de.learnlib.logging.LearnLogger logQuery
INFO: [ε | id_request_v1 success_request_with_credentials_v1 success_request_with_credentials_v1 success_request_with_credentials_v1 id_request_v1 inner_success / ε | id_response_v1 success_response_v1 success_response_v1 success_response_v1 id_response_v1 empty_peap]
Mar 26, 2026 1:19:18 PM de.learnlib.logging.LearnLogger logQuery
INFO: [ε | id_request_v1 success_request_with_credentials_v1 inner_success success_request_with_credentials_v1 / ε | id_response_v1 success_response_v1 empty_peap no_reply]
Mar 26, 2026 1:19:25 PM de.learnlib.logging.LearnLogger logQuery
INFO: [ε | id_request_v1 success_request_with_credentials_v1 eap_success success_request_with_credentials_v1 / ε | id_response_v1 success_response_v1 after_eap_success success_response_v1]
Mar 26, 2026 1:19:32 PM de.learnlib.logging.LearnLogger logQuery
INFO: [ε | id_request_v1 success_request_with_credentials_v1 eap_success success_request_with_credentials_v1 inner_failure / ε | id_response_v1 success_response_v1 after_eap_success success_response_v1 no_reply]
Mar 26, 2026 1:19:39 PM de.learnlib.logging.LearnLogger logQuery
INFO: [ε | id_request_v1 success_request_with_credentials_v1 eap_success success_request_with_credentials_v1 inner_success / ε | id_response_v1 success_response_v1 after_eap_success success_response_v1 empty_peap]
Mar 26, 2026 1:19:46 PM de.learnlib.logging.LearnLogger logQuery
INFO: [ε | id_request_v1 success_request_with_credentials_v1 eap_success success_request_with_credentials_v1 id_request_v1 / ε | id_response_v1 success_response_v1 after_eap_success success_response_v1 id_response_v1]
Mar 26, 2026 1:19:53 PM de.learnlib.logging.LearnLogger logQuery
INFO: [ε | id_request_v1 success_request_with_credentials_v1 eap_success success_request_with_credentials_v1 id_request_v1 inner_success / ε | id_response_v1 success_response_v1 after_eap_success success_response_v1 id_response_v1 empty_peap]
Mar 26, 2026 1:20:00 PM de.learnlib.logging.LearnLogger logQuery
INFO: [ε | id_request_v1 success_request_with_credentials_v1 id_request_v1 inner_success inner_failure / ε | id_response_v1 success_response_v1 id_response_v1 empty_peap no_reply]
Mar 26, 2026 1:20:07 PM de.learnlib.logging.LearnLogger logQuery
INFO: [ε | id_request_v1 success_request_with_credentials_v1 id_request_v1 inner_success inner_success / ε | id_response_v1 success_response_v1 id_response_v1 empty_peap no_reply]
Mar 26, 2026 1:20:14 PM de.learnlib.logging.LearnLogger logQuery
INFO: [ε | id_request_v1 success_request_with_credentials_v1 id_request_v1 inner_success id_request_v1 / ε | id_response_v1 success_response_v1 id_response_v1 empty_peap no_reply]
Mar 26, 2026 1:20:15 PM de.learnlib.logging.LearnLogger logQuery
INFO: DB CACHE [ε | id_request_v1 success_request_with_credentials_v1 id_request_v1 inner_success id_request_v1 inner_success /  id_response_v1 success_response_v1 id_response_v1 empty_peap no_reply -]
Mar 26, 2026 1:20:21 PM de.learnlib.logging.LearnLogger logQuery
INFO: [ε | id_request_v1 success_request_with_credentials_v1 challenge_v1 inner_success inner_failure / ε | id_response_v1 success_response_v1 challenge_response_v1 empty_peap no_reply]
Mar 26, 2026 1:20:29 PM de.learnlib.logging.LearnLogger logQuery
INFO: [ε | id_request_v1 success_request_with_credentials_v1 challenge_v1 inner_success inner_success / ε | id_response_v1 success_response_v1 challenge_response_v1 empty_peap no_reply]
Mar 26, 2026 1:20:36 PM de.learnlib.logging.LearnLogger logQuery
INFO: [ε | id_request_v1 success_request_with_credentials_v1 challenge_v1 inner_success id_request_v1 / ε | id_response_v1 success_response_v1 challenge_response_v1 empty_peap no_reply]
Mar 26, 2026 1:20:36 PM de.learnlib.logging.LearnLogger logQuery
INFO: DB CACHE [ε | id_request_v1 success_request_with_credentials_v1 challenge_v1 inner_success id_request_v1 inner_success /  id_response_v1 success_response_v1 challenge_response_v1 empty_peap no_reply -]
Mar 26, 2026 1:20:43 PM de.learnlib.logging.LearnLogger logQuery
INFO: [ε | id_request_v1 success_request_with_credentials_v1 success_request_with_credentials_v1 inner_success inner_failure / ε | id_response_v1 success_response_v1 success_response_v1 empty_peap no_reply]
Mar 26, 2026 1:20:50 PM de.learnlib.logging.LearnLogger logQuery
INFO: [ε | id_request_v1 success_request_with_credentials_v1 success_request_with_credentials_v1 inner_success inner_success / ε | id_response_v1 success_response_v1 success_response_v1 empty_peap no_reply]
Mar 26, 2026 1:20:57 PM de.learnlib.logging.LearnLogger logQuery
INFO: [ε | id_request_v1 success_request_with_credentials_v1 success_request_with_credentials_v1 inner_success id_request_v1 / ε | id_response_v1 success_response_v1 success_response_v1 empty_peap no_reply]
Mar 26, 2026 1:20:57 PM de.learnlib.logging.LearnLogger logQuery
INFO: DB CACHE [ε | id_request_v1 success_request_with_credentials_v1 success_request_with_credentials_v1 inner_success id_request_v1 inner_success /  id_response_v1 success_response_v1 success_response_v1 empty_peap no_reply -]
Mar 26, 2026 1:21:04 PM de.learnlib.logging.LearnLogger logQuery
INFO: [ε | id_request_v1 success_request_with_credentials_v1 id_request_v1 eap_success / ε | id_response_v1 success_response_v1 id_response_v1 after_eap_success]
Mar 26, 2026 1:21:11 PM de.learnlib.logging.LearnLogger logQuery
INFO: [ε | id_request_v1 success_request_with_credentials_v1 id_request_v1 eap_success inner_failure / ε | id_response_v1 success_response_v1 id_response_v1 after_eap_success no_reply]
Mar 26, 2026 1:21:19 PM de.learnlib.logging.LearnLogger logQuery
INFO: [ε | id_request_v1 success_request_with_credentials_v1 id_request_v1 eap_success inner_success / ε | id_response_v1 success_response_v1 id_response_v1 after_eap_success no_reply]
Mar 26, 2026 1:21:26 PM de.learnlib.logging.LearnLogger logQuery
INFO: [ε | id_request_v1 success_request_with_credentials_v1 id_request_v1 eap_success id_request_v1 / ε | id_response_v1 success_response_v1 id_response_v1 after_eap_success id_response_v1]
Mar 26, 2026 1:21:33 PM de.learnlib.logging.LearnLogger logQuery
INFO: [ε | id_request_v1 success_request_with_credentials_v1 id_request_v1 eap_success id_request_v1 inner_success / ε | id_response_v1 success_response_v1 id_response_v1 after_eap_success id_response_v1 empty_peap]
Mar 26, 2026 1:21:40 PM de.learnlib.logging.LearnLogger logQuery
INFO: [ε | id_request_v1 success_request_with_credentials_v1 challenge_v1 eap_success / ε | id_response_v1 success_response_v1 challenge_response_v1 after_eap_success]
Mar 26, 2026 1:21:47 PM de.learnlib.logging.LearnLogger logQuery
INFO: [ε | id_request_v1 success_request_with_credentials_v1 challenge_v1 eap_success inner_failure / ε | id_response_v1 success_response_v1 challenge_response_v1 after_eap_success no_reply]
Mar 26, 2026 1:21:54 PM de.learnlib.logging.LearnLogger logQuery
INFO: [ε | id_request_v1 success_request_with_credentials_v1 challenge_v1 eap_success inner_success / ε | id_response_v1 success_response_v1 challenge_response_v1 after_eap_success no_reply]
Mar 26, 2026 1:22:01 PM de.learnlib.logging.LearnLogger logQuery
INFO: [ε | id_request_v1 success_request_with_credentials_v1 challenge_v1 eap_success id_request_v1 / ε | id_response_v1 success_response_v1 challenge_response_v1 after_eap_success id_response_v1]
Mar 26, 2026 1:22:08 PM de.learnlib.logging.LearnLogger logQuery
INFO: [ε | id_request_v1 success_request_with_credentials_v1 challenge_v1 eap_success id_request_v1 inner_success / ε | id_response_v1 success_response_v1 challenge_response_v1 after_eap_success id_response_v1 empty_peap]
Mar 26, 2026 1:22:15 PM de.learnlib.logging.LearnLogger logQuery
INFO: [ε | id_request_v1 success_request_with_credentials_v1 success_request_with_credentials_v1 eap_success / ε | id_response_v1 success_response_v1 success_response_v1 after_eap_success]
Mar 26, 2026 1:22:22 PM de.learnlib.logging.LearnLogger logQuery
INFO: [ε | id_request_v1 success_request_with_credentials_v1 success_request_with_credentials_v1 eap_success inner_failure / ε | id_response_v1 success_response_v1 success_response_v1 after_eap_success no_reply]
Mar 26, 2026 1:22:30 PM de.learnlib.logging.LearnLogger logQuery
INFO: [ε | id_request_v1 success_request_with_credentials_v1 success_request_with_credentials_v1 eap_success inner_success / ε | id_response_v1 success_response_v1 success_response_v1 after_eap_success no_reply]
Mar 26, 2026 1:22:37 PM de.learnlib.logging.LearnLogger logQuery
INFO: [ε | id_request_v1 success_request_with_credentials_v1 success_request_with_credentials_v1 eap_success id_request_v1 / ε | id_response_v1 success_response_v1 success_response_v1 after_eap_success id_response_v1]
Mar 26, 2026 1:22:44 PM de.learnlib.logging.LearnLogger logQuery
INFO: [ε | id_request_v1 success_request_with_credentials_v1 success_request_with_credentials_v1 eap_success id_request_v1 inner_success / ε | id_response_v1 success_response_v1 success_response_v1 after_eap_success id_response_v1 empty_peap]
Mar 26, 2026 1:22:51 PM de.learnlib.logging.LearnLogger logQuery
INFO: [ε | id_request_v1 success_request_with_credentials_v1 inner_success eap_success / ε | id_response_v1 success_response_v1 empty_peap after_eap_success]
Mar 26, 2026 1:22:58 PM de.learnlib.logging.LearnLogger logQuery
INFO: [ε | id_request_v1 success_request_with_credentials_v1 inner_success eap_success inner_failure / ε | id_response_v1 success_response_v1 empty_peap after_eap_success deauthentication]
Mar 26, 2026 1:23:05 PM de.learnlib.logging.LearnLogger logQuery
INFO: [ε | id_request_v1 success_request_with_credentials_v1 inner_success eap_success inner_success / ε | id_response_v1 success_response_v1 empty_peap after_eap_success deauthentication]
Mar 26, 2026 1:23:12 PM de.learnlib.logging.LearnLogger logQuery
INFO: [ε | id_request_v1 success_request_with_credentials_v1 inner_success eap_success id_request_v1 / ε | id_response_v1 success_response_v1 empty_peap after_eap_success deauthentication]
Mar 26, 2026 1:23:12 PM de.learnlib.logging.LearnLogger logQuery
INFO: DB CACHE [ε | id_request_v1 success_request_with_credentials_v1 inner_success eap_success id_request_v1 inner_success /  id_response_v1 success_response_v1 empty_peap after_eap_success deauthentication -]
Mar 26, 2026 1:23:19 PM de.learnlib.logging.LearnLogger logQuery
INFO: [ε | id_request_v1 success_request_with_credentials_v1 eap_success eap_success / ε | id_response_v1 success_response_v1 after_eap_success after_eap_success]
Mar 26, 2026 1:23:27 PM de.learnlib.logging.LearnLogger logQuery
INFO: [ε | id_request_v1 success_request_with_credentials_v1 eap_success eap_success inner_failure / ε | id_response_v1 success_response_v1 after_eap_success after_eap_success no_reply]
Mar 26, 2026 1:23:34 PM de.learnlib.logging.LearnLogger logQuery
INFO: [ε | id_request_v1 success_request_with_credentials_v1 eap_success eap_success inner_success / ε | id_response_v1 success_response_v1 after_eap_success after_eap_success no_reply]
Mar 26, 2026 1:23:41 PM de.learnlib.logging.LearnLogger logQuery
INFO: [ε | id_request_v1 success_request_with_credentials_v1 eap_success eap_success id_request_v1 / ε | id_response_v1 success_response_v1 after_eap_success after_eap_success id_response_v1]
Mar 26, 2026 1:23:49 PM de.learnlib.logging.LearnLogger logQuery
INFO: [ε | id_request_v1 success_request_with_credentials_v1 eap_success eap_success id_request_v1 inner_success / ε | id_response_v1 success_response_v1 after_eap_success after_eap_success id_response_v1 empty_peap]
Mar 26, 2026 1:23:56 PM de.learnlib.logging.LearnLogger logQuery
INFO: [ε | id_request_v1 success_request_with_credentials_v1 id_request_v1 4_way_message_1 / ε | id_response_v1 success_response_v1 id_response_v1 no_reply]
Mar 26, 2026 1:24:03 PM de.learnlib.logging.LearnLogger logQuery
INFO: [ε | id_request_v1 success_request_with_credentials_v1 challenge_v1 4_way_message_1 / ε | id_response_v1 success_response_v1 challenge_response_v1 no_reply]
Mar 26, 2026 1:24:10 PM de.learnlib.logging.LearnLogger logQuery
INFO: [ε | id_request_v1 success_request_with_credentials_v1 success_request_with_credentials_v1 4_way_message_1 / ε | id_response_v1 success_response_v1 success_response_v1 no_reply]
Mar 26, 2026 1:24:17 PM de.learnlib.logging.LearnLogger logQuery
INFO: [ε | id_request_v1 success_request_with_credentials_v1 inner_success 4_way_message_1 / ε | id_response_v1 success_response_v1 empty_peap 4_way_message_2]
Mar 26, 2026 1:24:25 PM de.learnlib.logging.LearnLogger logQuery
INFO: [ε | id_request_v1 success_request_with_credentials_v1 eap_success 4_way_message_1 / ε | id_response_v1 success_response_v1 after_eap_success no_reply]
Mar 26, 2026 1:24:32 PM de.learnlib.logging.LearnLogger logQuery
INFO: [ε | id_request_v1 eap_success id_request_v1 id_request_v1 inner_failure / ε | id_response_v1 after_eap_success id_response_v1 id_response_v1 encrypted_alert]
Mar 26, 2026 1:24:39 PM de.learnlib.logging.LearnLogger logQuery
INFO: [ε | id_request_v1 eap_success id_request_v1 id_request_v1 id_request_v1 / ε | id_response_v1 after_eap_success id_response_v1 id_response_v1 id_response_v1]
Mar 26, 2026 1:24:46 PM de.learnlib.logging.LearnLogger logQuery
INFO: [ε | id_request_v1 eap_success id_request_v1 id_request_v1 id_request_v1 inner_success / ε | id_response_v1 after_eap_success id_response_v1 id_response_v1 id_response_v1 no_reply]
Mar 26, 2026 1:24:53 PM de.learnlib.logging.LearnLogger logQuery
INFO: [ε | id_request_v1 eap_success challenge_v1 id_request_v1 inner_failure / ε | id_response_v1 after_eap_success challenge_response_v1 id_response_v1 encrypted_alert]
Mar 26, 2026 1:25:00 PM de.learnlib.logging.LearnLogger logQuery
INFO: [ε | id_request_v1 eap_success challenge_v1 id_request_v1 id_request_v1 / ε | id_response_v1 after_eap_success challenge_response_v1 id_response_v1 id_response_v1]
Mar 26, 2026 1:25:07 PM de.learnlib.logging.LearnLogger logQuery
INFO: [ε | id_request_v1 eap_success challenge_v1 id_request_v1 id_request_v1 inner_success / ε | id_response_v1 after_eap_success challenge_response_v1 id_response_v1 id_response_v1 no_reply]
Mar 26, 2026 1:25:15 PM de.learnlib.logging.LearnLogger logQuery
INFO: [ε | id_request_v1 eap_success success_request_with_credentials_v1 id_request_v1 inner_failure / ε | id_response_v1 after_eap_success success_response_v1 id_response_v1 no_reply]
Mar 26, 2026 1:25:22 PM de.learnlib.logging.LearnLogger logQuery
INFO: [ε | id_request_v1 eap_success success_request_with_credentials_v1 id_request_v1 id_request_v1 / ε | id_response_v1 after_eap_success success_response_v1 id_response_v1 id_response_v1]
Mar 26, 2026 1:25:29 PM de.learnlib.logging.LearnLogger logQuery
INFO: [ε | id_request_v1 eap_success success_request_with_credentials_v1 id_request_v1 id_request_v1 inner_success / ε | id_response_v1 after_eap_success success_response_v1 id_response_v1 id_response_v1 empty_peap]
Mar 26, 2026 1:25:36 PM de.learnlib.logging.LearnLogger logQuery
INFO: [ε | id_request_v1 eap_success eap_success id_request_v1 inner_failure / ε | id_response_v1 after_eap_success after_eap_success id_response_v1 encrypted_alert]
Mar 26, 2026 1:25:43 PM de.learnlib.logging.LearnLogger logQuery
INFO: [ε | id_request_v1 eap_success eap_success id_request_v1 id_request_v1 / ε | id_response_v1 after_eap_success after_eap_success id_response_v1 id_response_v1]
Mar 26, 2026 1:25:51 PM de.learnlib.logging.LearnLogger logQuery
INFO: [ε | id_request_v1 eap_success eap_success id_request_v1 id_request_v1 inner_success / ε | id_response_v1 after_eap_success after_eap_success id_response_v1 id_response_v1 no_reply]
Mar 26, 2026 1:25:58 PM de.learnlib.logging.LearnLogger logQuery
INFO: [ε | id_request_v1 eap_success id_request_v1 challenge_v1 / ε | id_response_v1 after_eap_success id_response_v1 challenge_response_v1]
Mar 26, 2026 1:26:05 PM de.learnlib.logging.LearnLogger logQuery
INFO: [ε | id_request_v1 eap_success id_request_v1 challenge_v1 inner_failure / ε | id_response_v1 after_eap_success id_response_v1 challenge_response_v1 encrypted_alert]
Mar 26, 2026 1:26:12 PM de.learnlib.logging.LearnLogger logQuery
INFO: [ε | id_request_v1 eap_success id_request_v1 challenge_v1 inner_success / ε | id_response_v1 after_eap_success id_response_v1 challenge_response_v1 no_reply]
Mar 26, 2026 1:26:19 PM de.learnlib.logging.LearnLogger logQuery
INFO: [ε | id_request_v1 eap_success id_request_v1 challenge_v1 id_request_v1 / ε | id_response_v1 after_eap_success id_response_v1 challenge_response_v1 id_response_v1]
Mar 26, 2026 1:26:26 PM de.learnlib.logging.LearnLogger logQuery
INFO: [ε | id_request_v1 eap_success id_request_v1 challenge_v1 id_request_v1 inner_success / ε | id_response_v1 after_eap_success id_response_v1 challenge_response_v1 id_response_v1 no_reply]
Mar 26, 2026 1:26:33 PM de.learnlib.logging.LearnLogger logQuery
INFO: [ε | id_request_v1 eap_success challenge_v1 challenge_v1 / ε | id_response_v1 after_eap_success challenge_response_v1 challenge_response_v1]
Mar 26, 2026 1:26:40 PM de.learnlib.logging.LearnLogger logQuery
INFO: [ε | id_request_v1 eap_success challenge_v1 challenge_v1 inner_failure / ε | id_response_v1 after_eap_success challenge_response_v1 challenge_response_v1 encrypted_alert]
Mar 26, 2026 1:26:48 PM de.learnlib.logging.LearnLogger logQuery
INFO: [ε | id_request_v1 eap_success challenge_v1 challenge_v1 inner_success / ε | id_response_v1 after_eap_success challenge_response_v1 challenge_response_v1 no_reply]
Mar 26, 2026 1:26:55 PM de.learnlib.logging.LearnLogger logQuery
INFO: [ε | id_request_v1 eap_success challenge_v1 challenge_v1 id_request_v1 / ε | id_response_v1 after_eap_success challenge_response_v1 challenge_response_v1 id_response_v1]
Mar 26, 2026 1:27:02 PM de.learnlib.logging.LearnLogger logQuery
INFO: [ε | id_request_v1 eap_success challenge_v1 challenge_v1 id_request_v1 inner_success / ε | id_response_v1 after_eap_success challenge_response_v1 challenge_response_v1 id_response_v1 no_reply]
Mar 26, 2026 1:27:09 PM de.learnlib.logging.LearnLogger logQuery
INFO: [ε | id_request_v1 eap_success success_request_with_credentials_v1 challenge_v1 / ε | id_response_v1 after_eap_success success_response_v1 challenge_response_v1]
Mar 26, 2026 1:27:16 PM de.learnlib.logging.LearnLogger logQuery
INFO: [ε | id_request_v1 eap_success success_request_with_credentials_v1 challenge_v1 inner_failure / ε | id_response_v1 after_eap_success success_response_v1 challenge_response_v1 no_reply]
Mar 26, 2026 1:27:23 PM de.learnlib.logging.LearnLogger logQuery
INFO: [ε | id_request_v1 eap_success success_request_with_credentials_v1 challenge_v1 inner_success / ε | id_response_v1 after_eap_success success_response_v1 challenge_response_v1 empty_peap]
Mar 26, 2026 1:27:30 PM de.learnlib.logging.LearnLogger logQuery
INFO: [ε | id_request_v1 eap_success success_request_with_credentials_v1 challenge_v1 id_request_v1 / ε | id_response_v1 after_eap_success success_response_v1 challenge_response_v1 id_response_v1]
Mar 26, 2026 1:27:37 PM de.learnlib.logging.LearnLogger logQuery
INFO: [ε | id_request_v1 eap_success success_request_with_credentials_v1 challenge_v1 id_request_v1 inner_success / ε | id_response_v1 after_eap_success success_response_v1 challenge_response_v1 id_response_v1 empty_peap]
Mar 26, 2026 1:27:44 PM de.learnlib.logging.LearnLogger logQuery
INFO: [ε | id_request_v1 eap_success eap_success challenge_v1 / ε | id_response_v1 after_eap_success after_eap_success challenge_response_v1]
Mar 26, 2026 1:27:52 PM de.learnlib.logging.LearnLogger logQuery
INFO: [ε | id_request_v1 eap_success eap_success challenge_v1 inner_failure / ε | id_response_v1 after_eap_success after_eap_success challenge_response_v1 encrypted_alert]
Mar 26, 2026 1:27:59 PM de.learnlib.logging.LearnLogger logQuery
INFO: [ε | id_request_v1 eap_success eap_success challenge_v1 inner_success / ε | id_response_v1 after_eap_success after_eap_success challenge_response_v1 no_reply]
Mar 26, 2026 1:28:06 PM de.learnlib.logging.LearnLogger logQuery
INFO: [ε | id_request_v1 eap_success eap_success challenge_v1 id_request_v1 / ε | id_response_v1 after_eap_success after_eap_success challenge_response_v1 id_response_v1]
Mar 26, 2026 1:28:14 PM de.learnlib.logging.LearnLogger logQuery
INFO: [ε | id_request_v1 eap_success eap_success challenge_v1 id_request_v1 inner_success / ε | id_response_v1 after_eap_success after_eap_success challenge_response_v1 id_response_v1 no_reply]
Mar 26, 2026 1:28:21 PM de.learnlib.logging.LearnLogger logQuery
INFO: [ε | id_request_v1 eap_success id_request_v1 success_request_all_zeros_v1 / ε | id_response_v1 after_eap_success id_response_v1 encrypted_alert]
Mar 26, 2026 1:28:28 PM de.learnlib.logging.LearnLogger logQuery
INFO: [ε | id_request_v1 eap_success challenge_v1 success_request_all_zeros_v1 / ε | id_response_v1 after_eap_success challenge_response_v1 encrypted_alert]
Mar 26, 2026 1:28:35 PM de.learnlib.logging.LearnLogger logQuery
INFO: [ε | id_request_v1 eap_success success_request_with_credentials_v1 success_request_all_zeros_v1 / ε | id_response_v1 after_eap_success success_response_v1 encrypted_alert]
Mar 26, 2026 1:28:42 PM de.learnlib.logging.LearnLogger logQuery
INFO: [ε | id_request_v1 eap_success eap_success success_request_all_zeros_v1 / ε | id_response_v1 after_eap_success after_eap_success encrypted_alert]
Mar 26, 2026 1:28:50 PM de.learnlib.logging.LearnLogger logQuery
INFO: [ε | id_request_v1 eap_success id_request_v1 success_request_with_credentials_v1 / ε | id_response_v1 after_eap_success id_response_v1 success_response_v1]
Mar 26, 2026 1:28:57 PM de.learnlib.logging.LearnLogger logQuery
INFO: [ε | id_request_v1 eap_success id_request_v1 success_request_with_credentials_v1 inner_failure / ε | id_response_v1 after_eap_success id_response_v1 success_response_v1 no_reply]
Mar 26, 2026 1:29:04 PM de.learnlib.logging.LearnLogger logQuery
INFO: [ε | id_request_v1 eap_success id_request_v1 success_request_with_credentials_v1 inner_success / ε | id_response_v1 after_eap_success id_response_v1 success_response_v1 empty_peap]
Mar 26, 2026 1:29:11 PM de.learnlib.logging.LearnLogger logQuery
INFO: [ε | id_request_v1 eap_success id_request_v1 success_request_with_credentials_v1 id_request_v1 / ε | id_response_v1 after_eap_success id_response_v1 success_response_v1 id_response_v1]
Mar 26, 2026 1:29:18 PM de.learnlib.logging.LearnLogger logQuery
INFO: [ε | id_request_v1 eap_success id_request_v1 success_request_with_credentials_v1 id_request_v1 inner_success / ε | id_response_v1 after_eap_success id_response_v1 success_response_v1 id_response_v1 empty_peap]
Mar 26, 2026 1:29:25 PM de.learnlib.logging.LearnLogger logQuery
INFO: [ε | id_request_v1 eap_success challenge_v1 success_request_with_credentials_v1 / ε | id_response_v1 after_eap_success challenge_response_v1 success_response_v1]
Mar 26, 2026 1:29:32 PM de.learnlib.logging.LearnLogger logQuery
INFO: [ε | id_request_v1 eap_success challenge_v1 success_request_with_credentials_v1 inner_failure / ε | id_response_v1 after_eap_success challenge_response_v1 success_response_v1 no_reply]
Mar 26, 2026 1:29:39 PM de.learnlib.logging.LearnLogger logQuery
INFO: [ε | id_request_v1 eap_success challenge_v1 success_request_with_credentials_v1 inner_success / ε | id_response_v1 after_eap_success challenge_response_v1 success_response_v1 empty_peap]
Mar 26, 2026 1:29:46 PM de.learnlib.logging.LearnLogger logQuery
INFO: [ε | id_request_v1 eap_success challenge_v1 success_request_with_credentials_v1 id_request_v1 / ε | id_response_v1 after_eap_success challenge_response_v1 success_response_v1 id_response_v1]
Mar 26, 2026 1:29:53 PM de.learnlib.logging.LearnLogger logQuery
INFO: [ε | id_request_v1 eap_success challenge_v1 success_request_with_credentials_v1 id_request_v1 inner_success / ε | id_response_v1 after_eap_success challenge_response_v1 success_response_v1 id_response_v1 empty_peap]
Mar 26, 2026 1:30:00 PM de.learnlib.logging.LearnLogger logQuery
INFO: [ε | id_request_v1 eap_success success_request_with_credentials_v1 success_request_with_credentials_v1 / ε | id_response_v1 after_eap_success success_response_v1 success_response_v1]
Mar 26, 2026 1:30:07 PM de.learnlib.logging.LearnLogger logQuery
INFO: [ε | id_request_v1 eap_success success_request_with_credentials_v1 success_request_with_credentials_v1 inner_failure / ε | id_response_v1 after_eap_success success_response_v1 success_response_v1 no_reply]
Mar 26, 2026 1:30:14 PM de.learnlib.logging.LearnLogger logQuery
INFO: [ε | id_request_v1 eap_success success_request_with_credentials_v1 success_request_with_credentials_v1 inner_success / ε | id_response_v1 after_eap_success success_response_v1 success_response_v1 empty_peap]
Mar 26, 2026 1:30:21 PM de.learnlib.logging.LearnLogger logQuery
INFO: [ε | id_request_v1 eap_success success_request_with_credentials_v1 success_request_with_credentials_v1 id_request_v1 / ε | id_response_v1 after_eap_success success_response_v1 success_response_v1 id_response_v1]
Mar 26, 2026 1:30:28 PM de.learnlib.logging.LearnLogger logQuery
INFO: [ε | id_request_v1 eap_success success_request_with_credentials_v1 success_request_with_credentials_v1 id_request_v1 inner_success / ε | id_response_v1 after_eap_success success_response_v1 success_response_v1 id_response_v1 empty_peap]
Mar 26, 2026 1:30:35 PM de.learnlib.logging.LearnLogger logQuery
INFO: [ε | id_request_v1 eap_success eap_success success_request_with_credentials_v1 / ε | id_response_v1 after_eap_success after_eap_success success_response_v1]
Mar 26, 2026 1:30:43 PM de.learnlib.logging.LearnLogger logQuery
INFO: [ε | id_request_v1 eap_success eap_success success_request_with_credentials_v1 inner_failure / ε | id_response_v1 after_eap_success after_eap_success success_response_v1 no_reply]
Mar 26, 2026 1:30:50 PM de.learnlib.logging.LearnLogger logQuery
INFO: [ε | id_request_v1 eap_success eap_success success_request_with_credentials_v1 inner_success / ε | id_response_v1 after_eap_success after_eap_success success_response_v1 empty_peap]
Mar 26, 2026 1:30:57 PM de.learnlib.logging.LearnLogger logQuery
INFO: [ε | id_request_v1 eap_success eap_success success_request_with_credentials_v1 id_request_v1 / ε | id_response_v1 after_eap_success after_eap_success success_response_v1 id_response_v1]
Mar 26, 2026 1:31:04 PM de.learnlib.logging.LearnLogger logQuery
INFO: [ε | id_request_v1 eap_success eap_success success_request_with_credentials_v1 id_request_v1 inner_success / ε | id_response_v1 after_eap_success after_eap_success success_response_v1 id_response_v1 empty_peap]
Mar 26, 2026 1:31:12 PM de.learnlib.logging.LearnLogger logQuery
INFO: [ε | id_request_v1 eap_success success_request_with_credentials_v1 inner_success inner_failure / ε | id_response_v1 after_eap_success success_response_v1 empty_peap no_reply]
Mar 26, 2026 1:31:19 PM de.learnlib.logging.LearnLogger logQuery
INFO: [ε | id_request_v1 eap_success success_request_with_credentials_v1 inner_success inner_success / ε | id_response_v1 after_eap_success success_response_v1 empty_peap no_reply]
Mar 26, 2026 1:31:26 PM de.learnlib.logging.LearnLogger logQuery
INFO: [ε | id_request_v1 eap_success success_request_with_credentials_v1 inner_success id_request_v1 / ε | id_response_v1 after_eap_success success_response_v1 empty_peap no_reply]
Mar 26, 2026 1:31:26 PM de.learnlib.logging.LearnLogger logQuery
INFO: DB CACHE [ε | id_request_v1 eap_success success_request_with_credentials_v1 inner_success id_request_v1 inner_success /  id_response_v1 after_eap_success success_response_v1 empty_peap no_reply -]
Mar 26, 2026 1:31:33 PM de.learnlib.logging.LearnLogger logQuery
INFO: [ε | id_request_v1 eap_success id_request_v1 eap_success / ε | id_response_v1 after_eap_success id_response_v1 after_eap_success]
Mar 26, 2026 1:31:41 PM de.learnlib.logging.LearnLogger logQuery
INFO: [ε | id_request_v1 eap_success id_request_v1 eap_success inner_failure / ε | id_response_v1 after_eap_success id_response_v1 after_eap_success no_reply]
Mar 26, 2026 1:31:48 PM de.learnlib.logging.LearnLogger logQuery
INFO: [ε | id_request_v1 eap_success id_request_v1 eap_success inner_success / ε | id_response_v1 after_eap_success id_response_v1 after_eap_success no_reply]
Mar 26, 2026 1:31:56 PM de.learnlib.logging.LearnLogger logQuery
INFO: [ε | id_request_v1 eap_success id_request_v1 eap_success id_request_v1 / ε | id_response_v1 after_eap_success id_response_v1 after_eap_success id_response_v1]
Mar 26, 2026 1:32:03 PM de.learnlib.logging.LearnLogger logQuery
INFO: [ε | id_request_v1 eap_success id_request_v1 eap_success id_request_v1 inner_success / ε | id_response_v1 after_eap_success id_response_v1 after_eap_success id_response_v1 no_reply]
Mar 26, 2026 1:32:10 PM de.learnlib.logging.LearnLogger logQuery
INFO: [ε | id_request_v1 eap_success challenge_v1 eap_success / ε | id_response_v1 after_eap_success challenge_response_v1 after_eap_success]
Mar 26, 2026 1:32:18 PM de.learnlib.logging.LearnLogger logQuery
INFO: [ε | id_request_v1 eap_success challenge_v1 eap_success inner_failure / ε | id_response_v1 after_eap_success challenge_response_v1 after_eap_success no_reply]
Mar 26, 2026 1:32:25 PM de.learnlib.logging.LearnLogger logQuery
INFO: [ε | id_request_v1 eap_success challenge_v1 eap_success inner_success / ε | id_response_v1 after_eap_success challenge_response_v1 after_eap_success no_reply]
Mar 26, 2026 1:32:33 PM de.learnlib.logging.LearnLogger logQuery
INFO: [ε | id_request_v1 eap_success challenge_v1 eap_success id_request_v1 / ε | id_response_v1 after_eap_success challenge_response_v1 after_eap_success id_response_v1]
Mar 26, 2026 1:32:40 PM de.learnlib.logging.LearnLogger logQuery
INFO: [ε | id_request_v1 eap_success challenge_v1 eap_success id_request_v1 inner_success / ε | id_response_v1 after_eap_success challenge_response_v1 after_eap_success id_response_v1 no_reply]
Mar 26, 2026 1:32:47 PM de.learnlib.logging.LearnLogger logQuery
INFO: [ε | id_request_v1 eap_success success_request_with_credentials_v1 eap_success / ε | id_response_v1 after_eap_success success_response_v1 after_eap_success]
Mar 26, 2026 1:32:55 PM de.learnlib.logging.LearnLogger logQuery
INFO: [ε | id_request_v1 eap_success success_request_with_credentials_v1 eap_success inner_failure / ε | id_response_v1 after_eap_success success_response_v1 after_eap_success no_reply]
Mar 26, 2026 1:33:02 PM de.learnlib.logging.LearnLogger logQuery
INFO: [ε | id_request_v1 eap_success success_request_with_credentials_v1 eap_success inner_success / ε | id_response_v1 after_eap_success success_response_v1 after_eap_success no_reply]
Mar 26, 2026 1:33:09 PM de.learnlib.logging.LearnLogger logQuery
INFO: [ε | id_request_v1 eap_success success_request_with_credentials_v1 eap_success id_request_v1 / ε | id_response_v1 after_eap_success success_response_v1 after_eap_success id_response_v1]
Mar 26, 2026 1:33:17 PM de.learnlib.logging.LearnLogger logQuery
INFO: [ε | id_request_v1 eap_success success_request_with_credentials_v1 eap_success id_request_v1 inner_success / ε | id_response_v1 after_eap_success success_response_v1 after_eap_success id_response_v1 empty_peap]
Mar 26, 2026 1:33:24 PM de.learnlib.logging.LearnLogger logQuery
INFO: [ε | id_request_v1 eap_success eap_success eap_success / ε | id_response_v1 after_eap_success after_eap_success after_eap_success]
Mar 26, 2026 1:33:31 PM de.learnlib.logging.LearnLogger logQuery
INFO: [ε | id_request_v1 eap_success eap_success eap_success inner_failure / ε | id_response_v1 after_eap_success after_eap_success after_eap_success no_reply]
Mar 26, 2026 1:33:39 PM de.learnlib.logging.LearnLogger logQuery
INFO: [ε | id_request_v1 eap_success eap_success eap_success inner_success / ε | id_response_v1 after_eap_success after_eap_success after_eap_success no_reply]
Mar 26, 2026 1:33:47 PM de.learnlib.logging.LearnLogger logQuery
INFO: [ε | id_request_v1 eap_success eap_success eap_success id_request_v1 / ε | id_response_v1 after_eap_success after_eap_success after_eap_success id_response_v1]
Mar 26, 2026 1:33:54 PM de.learnlib.logging.LearnLogger logQuery
INFO: [ε | id_request_v1 eap_success eap_success eap_success id_request_v1 inner_success / ε | id_response_v1 after_eap_success after_eap_success after_eap_success id_response_v1 no_reply]
Mar 26, 2026 1:34:02 PM de.learnlib.logging.LearnLogger logQuery
INFO: [ε | id_request_v1 eap_success id_request_v1 4_way_message_1 / ε | id_response_v1 after_eap_success id_response_v1 no_reply]
Mar 26, 2026 1:34:09 PM de.learnlib.logging.LearnLogger logQuery
INFO: [ε | id_request_v1 eap_success challenge_v1 4_way_message_1 / ε | id_response_v1 after_eap_success challenge_response_v1 no_reply]
Mar 26, 2026 1:34:16 PM de.learnlib.logging.LearnLogger logQuery
INFO: [ε | id_request_v1 eap_success success_request_with_credentials_v1 4_way_message_1 / ε | id_response_v1 after_eap_success success_response_v1 no_reply]
Mar 26, 2026 1:34:24 PM de.learnlib.logging.LearnLogger logQuery
INFO: [ε | id_request_v1 eap_success eap_success 4_way_message_1 / ε | id_response_v1 after_eap_success after_eap_success no_reply]
Mar 26, 2026 1:34:24 PM de.learnlib.logging.LearnLogger logQuery
INFO: DB CACHE [ε | success_request_all_zeros_v1 id_request_v1 /  encrypted_alert -]
Mar 26, 2026 1:34:24 PM de.learnlib.logging.LearnLogger logQuery
INFO: DB CACHE [ε | success_request_all_zeros_v1 challenge_v1 /  encrypted_alert -]
Mar 26, 2026 1:34:24 PM de.learnlib.logging.LearnLogger logQuery
INFO: DB CACHE [ε | success_request_all_zeros_v1 success_request_all_zeros_v1 /  encrypted_alert -]
Mar 26, 2026 1:34:24 PM de.learnlib.logging.LearnLogger logQuery
INFO: DB CACHE [ε | success_request_all_zeros_v1 success_request_with_credentials_v1 /  encrypted_alert -]
Mar 26, 2026 1:34:24 PM de.learnlib.logging.LearnLogger logQuery
INFO: DB CACHE [ε | success_request_all_zeros_v1 inner_success /  encrypted_alert -]
Mar 26, 2026 1:34:24 PM de.learnlib.logging.LearnLogger logQuery
INFO: DB CACHE [ε | success_request_all_zeros_v1 inner_failure /  encrypted_alert -]
Mar 26, 2026 1:34:24 PM de.learnlib.logging.LearnLogger logQuery
INFO: DB CACHE [ε | success_request_all_zeros_v1 eap_success /  encrypted_alert -]
Mar 26, 2026 1:34:24 PM de.learnlib.logging.LearnLogger logQuery
INFO: DB CACHE [ε | success_request_all_zeros_v1 4_way_message_1 /  encrypted_alert -]
Mar 26, 2026 1:34:31 PM de.learnlib.logging.LearnLogger logQuery
INFO: [ε | success_request_with_credentials_v1 id_request_v1 id_request_v1 id_request_v1 inner_failure / ε | success_response_v1 id_response_v1 id_response_v1 id_response_v1 no_reply]
Mar 26, 2026 1:34:38 PM de.learnlib.logging.LearnLogger logQuery
INFO: [ε | success_request_with_credentials_v1 id_request_v1 id_request_v1 id_request_v1 id_request_v1 / ε | success_response_v1 id_response_v1 id_response_v1 id_response_v1 id_response_v1]
Mar 26, 2026 1:34:45 PM de.learnlib.logging.LearnLogger logQuery
INFO: [ε | success_request_with_credentials_v1 id_request_v1 id_request_v1 id_request_v1 id_request_v1 inner_success / ε | success_response_v1 id_response_v1 id_response_v1 id_response_v1 id_response_v1 empty_peap]
Mar 26, 2026 1:34:52 PM de.learnlib.logging.LearnLogger logQuery
INFO: [ε | success_request_with_credentials_v1 id_request_v1 challenge_v1 id_request_v1 inner_failure / ε | success_response_v1 id_response_v1 challenge_response_v1 id_response_v1 no_reply]
Mar 26, 2026 1:34:59 PM de.learnlib.logging.LearnLogger logQuery
INFO: [ε | success_request_with_credentials_v1 id_request_v1 challenge_v1 id_request_v1 id_request_v1 / ε | success_response_v1 id_response_v1 challenge_response_v1 id_response_v1 id_response_v1]
Mar 26, 2026 1:35:06 PM de.learnlib.logging.LearnLogger logQuery
INFO: [ε | success_request_with_credentials_v1 id_request_v1 challenge_v1 id_request_v1 id_request_v1 inner_success / ε | success_response_v1 id_response_v1 challenge_response_v1 id_response_v1 id_response_v1 empty_peap]
Mar 26, 2026 1:35:13 PM de.learnlib.logging.LearnLogger logQuery
INFO: [ε | success_request_with_credentials_v1 id_request_v1 success_request_with_credentials_v1 id_request_v1 inner_failure / ε | success_response_v1 id_response_v1 success_response_v1 id_response_v1 no_reply]
Mar 26, 2026 1:35:20 PM de.learnlib.logging.LearnLogger logQuery
INFO: [ε | success_request_with_credentials_v1 id_request_v1 success_request_with_credentials_v1 id_request_v1 id_request_v1 / ε | success_response_v1 id_response_v1 success_response_v1 id_response_v1 id_response_v1]
Mar 26, 2026 1:35:26 PM de.learnlib.logging.LearnLogger logQuery
INFO: [ε | success_request_with_credentials_v1 id_request_v1 success_request_with_credentials_v1 id_request_v1 id_request_v1 inner_success / ε | success_response_v1 id_response_v1 success_response_v1 id_response_v1 id_response_v1 empty_peap]
Mar 26, 2026 1:35:33 PM de.learnlib.logging.LearnLogger logQuery
INFO: [ε | success_request_with_credentials_v1 id_request_v1 eap_success id_request_v1 inner_failure / ε | success_response_v1 id_response_v1 after_eap_success id_response_v1 no_reply]
Mar 26, 2026 1:35:41 PM de.learnlib.logging.LearnLogger logQuery
INFO: [ε | success_request_with_credentials_v1 id_request_v1 eap_success id_request_v1 id_request_v1 / ε | success_response_v1 id_response_v1 after_eap_success id_response_v1 id_response_v1]
Mar 26, 2026 1:35:48 PM de.learnlib.logging.LearnLogger logQuery
INFO: [ε | success_request_with_credentials_v1 id_request_v1 eap_success id_request_v1 id_request_v1 inner_success / ε | success_response_v1 id_response_v1 after_eap_success id_response_v1 id_response_v1 empty_peap]
Mar 26, 2026 1:35:54 PM de.learnlib.logging.LearnLogger logQuery
INFO: [ε | success_request_with_credentials_v1 id_request_v1 id_request_v1 challenge_v1 / ε | success_response_v1 id_response_v1 id_response_v1 challenge_response_v1]
Mar 26, 2026 1:36:01 PM de.learnlib.logging.LearnLogger logQuery
INFO: [ε | success_request_with_credentials_v1 id_request_v1 id_request_v1 challenge_v1 inner_failure / ε | success_response_v1 id_response_v1 id_response_v1 challenge_response_v1 no_reply]
Mar 26, 2026 1:36:08 PM de.learnlib.logging.LearnLogger logQuery
INFO: [ε | success_request_with_credentials_v1 id_request_v1 id_request_v1 challenge_v1 inner_success / ε | success_response_v1 id_response_v1 id_response_v1 challenge_response_v1 empty_peap]
Mar 26, 2026 1:36:15 PM de.learnlib.logging.LearnLogger logQuery
INFO: [ε | success_request_with_credentials_v1 id_request_v1 id_request_v1 challenge_v1 id_request_v1 / ε | success_response_v1 id_response_v1 id_response_v1 challenge_response_v1 id_response_v1]
Mar 26, 2026 1:36:22 PM de.learnlib.logging.LearnLogger logQuery
INFO: [ε | success_request_with_credentials_v1 id_request_v1 id_request_v1 challenge_v1 id_request_v1 inner_success / ε | success_response_v1 id_response_v1 id_response_v1 challenge_response_v1 id_response_v1 empty_peap]
Mar 26, 2026 1:36:28 PM de.learnlib.logging.LearnLogger logQuery
INFO: [ε | success_request_with_credentials_v1 id_request_v1 challenge_v1 challenge_v1 / ε | success_response_v1 id_response_v1 challenge_response_v1 challenge_response_v1]
Mar 26, 2026 1:36:35 PM de.learnlib.logging.LearnLogger logQuery
INFO: [ε | success_request_with_credentials_v1 id_request_v1 challenge_v1 challenge_v1 inner_failure / ε | success_response_v1 id_response_v1 challenge_response_v1 challenge_response_v1 no_reply]
Mar 26, 2026 1:36:42 PM de.learnlib.logging.LearnLogger logQuery
INFO: [ε | success_request_with_credentials_v1 id_request_v1 challenge_v1 challenge_v1 inner_success / ε | success_response_v1 id_response_v1 challenge_response_v1 challenge_response_v1 empty_peap]
Mar 26, 2026 1:36:49 PM de.learnlib.logging.LearnLogger logQuery
INFO: [ε | success_request_with_credentials_v1 id_request_v1 challenge_v1 challenge_v1 id_request_v1 / ε | success_response_v1 id_response_v1 challenge_response_v1 challenge_response_v1 id_response_v1]
Mar 26, 2026 1:36:56 PM de.learnlib.logging.LearnLogger logQuery
INFO: [ε | success_request_with_credentials_v1 id_request_v1 challenge_v1 challenge_v1 id_request_v1 inner_success / ε | success_response_v1 id_response_v1 challenge_response_v1 challenge_response_v1 id_response_v1 empty_peap]
Mar 26, 2026 1:37:03 PM de.learnlib.logging.LearnLogger logQuery
INFO: [ε | success_request_with_credentials_v1 id_request_v1 success_request_with_credentials_v1 challenge_v1 / ε | success_response_v1 id_response_v1 success_response_v1 challenge_response_v1]
Mar 26, 2026 1:37:10 PM de.learnlib.logging.LearnLogger logQuery
INFO: [ε | success_request_with_credentials_v1 id_request_v1 success_request_with_credentials_v1 challenge_v1 inner_failure / ε | success_response_v1 id_response_v1 success_response_v1 challenge_response_v1 no_reply]
Mar 26, 2026 1:37:17 PM de.learnlib.logging.LearnLogger logQuery
INFO: [ε | success_request_with_credentials_v1 id_request_v1 success_request_with_credentials_v1 challenge_v1 inner_success / ε | success_response_v1 id_response_v1 success_response_v1 challenge_response_v1 empty_peap]
Mar 26, 2026 1:37:23 PM de.learnlib.logging.LearnLogger logQuery
INFO: [ε | success_request_with_credentials_v1 id_request_v1 success_request_with_credentials_v1 challenge_v1 id_request_v1 / ε | success_response_v1 id_response_v1 success_response_v1 challenge_response_v1 id_response_v1]
Mar 26, 2026 1:37:30 PM de.learnlib.logging.LearnLogger logQuery
INFO: [ε | success_request_with_credentials_v1 id_request_v1 success_request_with_credentials_v1 challenge_v1 id_request_v1 inner_success / ε | success_response_v1 id_response_v1 success_response_v1 challenge_response_v1 id_response_v1 empty_peap]
Mar 26, 2026 1:37:37 PM de.learnlib.logging.LearnLogger logQuery
INFO: [ε | success_request_with_credentials_v1 id_request_v1 inner_success challenge_v1 / ε | success_response_v1 id_response_v1 empty_peap no_reply]
Mar 26, 2026 1:37:44 PM de.learnlib.logging.LearnLogger logQuery
INFO: [ε | success_request_with_credentials_v1 id_request_v1 eap_success challenge_v1 / ε | success_response_v1 id_response_v1 after_eap_success challenge_response_v1]
Mar 26, 2026 1:37:51 PM de.learnlib.logging.LearnLogger logQuery
INFO: [ε | success_request_with_credentials_v1 id_request_v1 eap_success challenge_v1 inner_failure / ε | success_response_v1 id_response_v1 after_eap_success challenge_response_v1 no_reply]
Mar 26, 2026 1:37:59 PM de.learnlib.logging.LearnLogger logQuery
INFO: [ε | success_request_with_credentials_v1 id_request_v1 eap_success challenge_v1 inner_success / ε | success_response_v1 id_response_v1 after_eap_success challenge_response_v1 empty_peap]
Mar 26, 2026 1:38:06 PM de.learnlib.logging.LearnLogger logQuery
INFO: [ε | success_request_with_credentials_v1 id_request_v1 eap_success challenge_v1 id_request_v1 / ε | success_response_v1 id_response_v1 after_eap_success challenge_response_v1 id_response_v1]
Mar 26, 2026 1:38:12 PM de.learnlib.logging.LearnLogger logQuery
INFO: [ε | success_request_with_credentials_v1 id_request_v1 eap_success challenge_v1 id_request_v1 inner_success / ε | success_response_v1 id_response_v1 after_eap_success challenge_response_v1 id_response_v1 empty_peap]
Mar 26, 2026 1:38:19 PM de.learnlib.logging.LearnLogger logQuery
INFO: [ε | success_request_with_credentials_v1 id_request_v1 id_request_v1 success_request_all_zeros_v1 / ε | success_response_v1 id_response_v1 id_response_v1 encrypted_alert]
Mar 26, 2026 1:38:26 PM de.learnlib.logging.LearnLogger logQuery
INFO: [ε | success_request_with_credentials_v1 id_request_v1 challenge_v1 success_request_all_zeros_v1 / ε | success_response_v1 id_response_v1 challenge_response_v1 encrypted_alert]
Mar 26, 2026 1:38:33 PM de.learnlib.logging.LearnLogger logQuery
INFO: [ε | success_request_with_credentials_v1 id_request_v1 success_request_with_credentials_v1 success_request_all_zeros_v1 / ε | success_response_v1 id_response_v1 success_response_v1 encrypted_alert]
Mar 26, 2026 1:38:40 PM de.learnlib.logging.LearnLogger logQuery
INFO: [ε | success_request_with_credentials_v1 id_request_v1 inner_success success_request_all_zeros_v1 / ε | success_response_v1 id_response_v1 empty_peap no_reply]
Mar 26, 2026 1:38:47 PM de.learnlib.logging.LearnLogger logQuery
INFO: [ε | success_request_with_credentials_v1 id_request_v1 eap_success success_request_all_zeros_v1 / ε | success_response_v1 id_response_v1 after_eap_success encrypted_alert]
Mar 26, 2026 1:38:54 PM de.learnlib.logging.LearnLogger logQuery
INFO: [ε | success_request_with_credentials_v1 id_request_v1 id_request_v1 success_request_with_credentials_v1 / ε | success_response_v1 id_response_v1 id_response_v1 success_response_v1]
Mar 26, 2026 1:39:01 PM de.learnlib.logging.LearnLogger logQuery
INFO: [ε | success_request_with_credentials_v1 id_request_v1 id_request_v1 success_request_with_credentials_v1 inner_failure / ε | success_response_v1 id_response_v1 id_response_v1 success_response_v1 no_reply]
Mar 26, 2026 1:39:08 PM de.learnlib.logging.LearnLogger logQuery
INFO: [ε | success_request_with_credentials_v1 id_request_v1 id_request_v1 success_request_with_credentials_v1 inner_success / ε | success_response_v1 id_response_v1 id_response_v1 success_response_v1 empty_peap]
Mar 26, 2026 1:39:15 PM de.learnlib.logging.LearnLogger logQuery
INFO: [ε | success_request_with_credentials_v1 id_request_v1 id_request_v1 success_request_with_credentials_v1 id_request_v1 / ε | success_response_v1 id_response_v1 id_response_v1 success_response_v1 id_response_v1]
Mar 26, 2026 1:39:22 PM de.learnlib.logging.LearnLogger logQuery
INFO: [ε | success_request_with_credentials_v1 id_request_v1 id_request_v1 success_request_with_credentials_v1 id_request_v1 inner_success / ε | success_response_v1 id_response_v1 id_response_v1 success_response_v1 id_response_v1 empty_peap]
Mar 26, 2026 1:39:29 PM de.learnlib.logging.LearnLogger logQuery
INFO: [ε | success_request_with_credentials_v1 id_request_v1 challenge_v1 success_request_with_credentials_v1 / ε | success_response_v1 id_response_v1 challenge_response_v1 success_response_v1]
Mar 26, 2026 1:39:35 PM de.learnlib.logging.LearnLogger logQuery
INFO: [ε | success_request_with_credentials_v1 id_request_v1 challenge_v1 success_request_with_credentials_v1 inner_failure / ε | success_response_v1 id_response_v1 challenge_response_v1 success_response_v1 no_reply]
Mar 26, 2026 1:39:42 PM de.learnlib.logging.LearnLogger logQuery
INFO: [ε | success_request_with_credentials_v1 id_request_v1 challenge_v1 success_request_with_credentials_v1 inner_success / ε | success_response_v1 id_response_v1 challenge_response_v1 success_response_v1 empty_peap]
Mar 26, 2026 1:39:49 PM de.learnlib.logging.LearnLogger logQuery
INFO: [ε | success_request_with_credentials_v1 id_request_v1 challenge_v1 success_request_with_credentials_v1 id_request_v1 / ε | success_response_v1 id_response_v1 challenge_response_v1 success_response_v1 id_response_v1]
Mar 26, 2026 1:39:56 PM de.learnlib.logging.LearnLogger logQuery
INFO: [ε | success_request_with_credentials_v1 id_request_v1 challenge_v1 success_request_with_credentials_v1 id_request_v1 inner_success / ε | success_response_v1 id_response_v1 challenge_response_v1 success_response_v1 id_response_v1 empty_peap]
Mar 26, 2026 1:40:03 PM de.learnlib.logging.LearnLogger logQuery
INFO: [ε | success_request_with_credentials_v1 id_request_v1 success_request_with_credentials_v1 success_request_with_credentials_v1 / ε | success_response_v1 id_response_v1 success_response_v1 success_response_v1]
Mar 26, 2026 1:40:10 PM de.learnlib.logging.LearnLogger logQuery
INFO: [ε | success_request_with_credentials_v1 id_request_v1 success_request_with_credentials_v1 success_request_with_credentials_v1 inner_failure / ε | success_response_v1 id_response_v1 success_response_v1 success_response_v1 no_reply]
Mar 26, 2026 1:40:17 PM de.learnlib.logging.LearnLogger logQuery
INFO: [ε | success_request_with_credentials_v1 id_request_v1 success_request_with_credentials_v1 success_request_with_credentials_v1 inner_success / ε | success_response_v1 id_response_v1 success_response_v1 success_response_v1 empty_peap]
Mar 26, 2026 1:40:24 PM de.learnlib.logging.LearnLogger logQuery
INFO: [ε | success_request_with_credentials_v1 id_request_v1 success_request_with_credentials_v1 success_request_with_credentials_v1 id_request_v1 / ε | success_response_v1 id_response_v1 success_response_v1 success_response_v1 id_response_v1]
Mar 26, 2026 1:40:30 PM de.learnlib.logging.LearnLogger logQuery
INFO: [ε | success_request_with_credentials_v1 id_request_v1 success_request_with_credentials_v1 success_request_with_credentials_v1 id_request_v1 inner_success / ε | success_response_v1 id_response_v1 success_response_v1 success_response_v1 id_response_v1 empty_peap]
Mar 26, 2026 1:40:37 PM de.learnlib.logging.LearnLogger logQuery
INFO: [ε | success_request_with_credentials_v1 id_request_v1 inner_success success_request_with_credentials_v1 / ε | success_response_v1 id_response_v1 empty_peap no_reply]
Mar 26, 2026 1:40:45 PM de.learnlib.logging.LearnLogger logQuery
INFO: [ε | success_request_with_credentials_v1 id_request_v1 eap_success success_request_with_credentials_v1 / ε | success_response_v1 id_response_v1 after_eap_success success_response_v1]
Mar 26, 2026 1:40:52 PM de.learnlib.logging.LearnLogger logQuery
INFO: [ε | success_request_with_credentials_v1 id_request_v1 eap_success success_request_with_credentials_v1 inner_failure / ε | success_response_v1 id_response_v1 after_eap_success success_response_v1 no_reply]
Mar 26, 2026 1:40:59 PM de.learnlib.logging.LearnLogger logQuery
INFO: [ε | success_request_with_credentials_v1 id_request_v1 eap_success success_request_with_credentials_v1 inner_success / ε | success_response_v1 id_response_v1 after_eap_success success_response_v1 empty_peap]
Mar 26, 2026 1:41:06 PM de.learnlib.logging.LearnLogger logQuery
INFO: [ε | success_request_with_credentials_v1 id_request_v1 eap_success success_request_with_credentials_v1 id_request_v1 / ε | success_response_v1 id_response_v1 after_eap_success success_response_v1 id_response_v1]
Mar 26, 2026 1:41:13 PM de.learnlib.logging.LearnLogger logQuery
INFO: [ε | success_request_with_credentials_v1 id_request_v1 eap_success success_request_with_credentials_v1 id_request_v1 inner_success / ε | success_response_v1 id_response_v1 after_eap_success success_response_v1 id_response_v1 empty_peap]
Mar 26, 2026 1:41:20 PM de.learnlib.logging.LearnLogger logQuery
INFO: [ε | success_request_with_credentials_v1 id_request_v1 id_request_v1 inner_success inner_failure / ε | success_response_v1 id_response_v1 id_response_v1 empty_peap no_reply]
Mar 26, 2026 1:41:27 PM de.learnlib.logging.LearnLogger logQuery
INFO: [ε | success_request_with_credentials_v1 id_request_v1 id_request_v1 inner_success inner_success / ε | success_response_v1 id_response_v1 id_response_v1 empty_peap no_reply]
Mar 26, 2026 1:41:34 PM de.learnlib.logging.LearnLogger logQuery
INFO: [ε | success_request_with_credentials_v1 id_request_v1 id_request_v1 inner_success id_request_v1 / ε | success_response_v1 id_response_v1 id_response_v1 empty_peap no_reply]
Mar 26, 2026 1:41:34 PM de.learnlib.logging.LearnLogger logQuery
INFO: DB CACHE [ε | success_request_with_credentials_v1 id_request_v1 id_request_v1 inner_success id_request_v1 inner_success /  success_response_v1 id_response_v1 id_response_v1 empty_peap no_reply -]
Mar 26, 2026 1:41:41 PM de.learnlib.logging.LearnLogger logQuery
INFO: [ε | success_request_with_credentials_v1 id_request_v1 challenge_v1 inner_success inner_failure / ε | success_response_v1 id_response_v1 challenge_response_v1 empty_peap no_reply]
Mar 26, 2026 1:41:48 PM de.learnlib.logging.LearnLogger logQuery
INFO: [ε | success_request_with_credentials_v1 id_request_v1 challenge_v1 inner_success inner_success / ε | success_response_v1 id_response_v1 challenge_response_v1 empty_peap no_reply]
Mar 26, 2026 1:41:55 PM de.learnlib.logging.LearnLogger logQuery
INFO: [ε | success_request_with_credentials_v1 id_request_v1 challenge_v1 inner_success id_request_v1 / ε | success_response_v1 id_response_v1 challenge_response_v1 empty_peap no_reply]
Mar 26, 2026 1:41:56 PM de.learnlib.logging.LearnLogger logQuery
INFO: DB CACHE [ε | success_request_with_credentials_v1 id_request_v1 challenge_v1 inner_success id_request_v1 inner_success /  success_response_v1 id_response_v1 challenge_response_v1 empty_peap no_reply -]
Mar 26, 2026 1:42:03 PM de.learnlib.logging.LearnLogger logQuery
INFO: [ε | success_request_with_credentials_v1 id_request_v1 success_request_with_credentials_v1 inner_success inner_failure / ε | success_response_v1 id_response_v1 success_response_v1 empty_peap no_reply]
Mar 26, 2026 1:42:10 PM de.learnlib.logging.LearnLogger logQuery
INFO: [ε | success_request_with_credentials_v1 id_request_v1 success_request_with_credentials_v1 inner_success inner_success / ε | success_response_v1 id_response_v1 success_response_v1 empty_peap no_reply]
Mar 26, 2026 1:42:17 PM de.learnlib.logging.LearnLogger logQuery
INFO: [ε | success_request_with_credentials_v1 id_request_v1 success_request_with_credentials_v1 inner_success id_request_v1 / ε | success_response_v1 id_response_v1 success_response_v1 empty_peap no_reply]
Mar 26, 2026 1:42:17 PM de.learnlib.logging.LearnLogger logQuery
INFO: DB CACHE [ε | success_request_with_credentials_v1 id_request_v1 success_request_with_credentials_v1 inner_success id_request_v1 inner_success /  success_response_v1 id_response_v1 success_response_v1 empty_peap no_reply -]
Mar 26, 2026 1:42:24 PM de.learnlib.logging.LearnLogger logQuery
INFO: [ε | success_request_with_credentials_v1 id_request_v1 id_request_v1 eap_success / ε | success_response_v1 id_response_v1 id_response_v1 after_eap_success]
Mar 26, 2026 1:42:31 PM de.learnlib.logging.LearnLogger logQuery
INFO: [ε | success_request_with_credentials_v1 id_request_v1 id_request_v1 eap_success inner_failure / ε | success_response_v1 id_response_v1 id_response_v1 after_eap_success no_reply]
Mar 26, 2026 1:42:39 PM de.learnlib.logging.LearnLogger logQuery
INFO: [ε | success_request_with_credentials_v1 id_request_v1 id_request_v1 eap_success inner_success / ε | success_response_v1 id_response_v1 id_response_v1 after_eap_success no_reply]
Mar 26, 2026 1:42:46 PM de.learnlib.logging.LearnLogger logQuery
INFO: [ε | success_request_with_credentials_v1 id_request_v1 id_request_v1 eap_success id_request_v1 / ε | success_response_v1 id_response_v1 id_response_v1 after_eap_success id_response_v1]
Mar 26, 2026 1:42:53 PM de.learnlib.logging.LearnLogger logQuery
INFO: [ε | success_request_with_credentials_v1 id_request_v1 id_request_v1 eap_success id_request_v1 inner_success / ε | success_response_v1 id_response_v1 id_response_v1 after_eap_success id_response_v1 empty_peap]
Mar 26, 2026 1:43:00 PM de.learnlib.logging.LearnLogger logQuery
INFO: [ε | success_request_with_credentials_v1 id_request_v1 challenge_v1 eap_success / ε | success_response_v1 id_response_v1 challenge_response_v1 after_eap_success]
Mar 26, 2026 1:43:07 PM de.learnlib.logging.LearnLogger logQuery
INFO: [ε | success_request_with_credentials_v1 id_request_v1 challenge_v1 eap_success inner_failure / ε | success_response_v1 id_response_v1 challenge_response_v1 after_eap_success no_reply]
Mar 26, 2026 1:43:14 PM de.learnlib.logging.LearnLogger logQuery
INFO: [ε | success_request_with_credentials_v1 id_request_v1 challenge_v1 eap_success inner_success / ε | success_response_v1 id_response_v1 challenge_response_v1 after_eap_success no_reply]
Mar 26, 2026 1:43:21 PM de.learnlib.logging.LearnLogger logQuery
INFO: [ε | success_request_with_credentials_v1 id_request_v1 challenge_v1 eap_success id_request_v1 / ε | success_response_v1 id_response_v1 challenge_response_v1 after_eap_success id_response_v1]
Mar 26, 2026 1:43:28 PM de.learnlib.logging.LearnLogger logQuery
INFO: [ε | success_request_with_credentials_v1 id_request_v1 challenge_v1 eap_success id_request_v1 inner_success / ε | success_response_v1 id_response_v1 challenge_response_v1 after_eap_success id_response_v1 empty_peap]
Mar 26, 2026 1:43:35 PM de.learnlib.logging.LearnLogger logQuery
INFO: [ε | success_request_with_credentials_v1 id_request_v1 success_request_with_credentials_v1 eap_success / ε | success_response_v1 id_response_v1 success_response_v1 after_eap_success]
Mar 26, 2026 1:43:42 PM de.learnlib.logging.LearnLogger logQuery
INFO: [ε | success_request_with_credentials_v1 id_request_v1 success_request_with_credentials_v1 eap_success inner_failure / ε | success_response_v1 id_response_v1 success_response_v1 after_eap_success no_reply]
Mar 26, 2026 1:43:50 PM de.learnlib.logging.LearnLogger logQuery
INFO: [ε | success_request_with_credentials_v1 id_request_v1 success_request_with_credentials_v1 eap_success inner_success / ε | success_response_v1 id_response_v1 success_response_v1 after_eap_success no_reply]
Mar 26, 2026 1:43:57 PM de.learnlib.logging.LearnLogger logQuery
INFO: [ε | success_request_with_credentials_v1 id_request_v1 success_request_with_credentials_v1 eap_success id_request_v1 / ε | success_response_v1 id_response_v1 success_response_v1 after_eap_success id_response_v1]
Mar 26, 2026 1:44:04 PM de.learnlib.logging.LearnLogger logQuery
INFO: [ε | success_request_with_credentials_v1 id_request_v1 success_request_with_credentials_v1 eap_success id_request_v1 inner_success / ε | success_response_v1 id_response_v1 success_response_v1 after_eap_success id_response_v1 empty_peap]
Mar 26, 2026 1:44:11 PM de.learnlib.logging.LearnLogger logQuery
INFO: [ε | success_request_with_credentials_v1 id_request_v1 inner_success eap_success / ε | success_response_v1 id_response_v1 empty_peap after_eap_success]
Mar 26, 2026 1:44:18 PM de.learnlib.logging.LearnLogger logQuery
INFO: [ε | success_request_with_credentials_v1 id_request_v1 inner_success eap_success inner_failure / ε | success_response_v1 id_response_v1 empty_peap after_eap_success deauthentication]
Mar 26, 2026 1:44:25 PM de.learnlib.logging.LearnLogger logQuery
INFO: [ε | success_request_with_credentials_v1 id_request_v1 inner_success eap_success inner_success / ε | success_response_v1 id_response_v1 empty_peap after_eap_success deauthentication]
Mar 26, 2026 1:44:32 PM de.learnlib.logging.LearnLogger logQuery
INFO: [ε | success_request_with_credentials_v1 id_request_v1 inner_success eap_success id_request_v1 / ε | success_response_v1 id_response_v1 empty_peap after_eap_success deauthentication]
Mar 26, 2026 1:44:32 PM de.learnlib.logging.LearnLogger logQuery
INFO: DB CACHE [ε | success_request_with_credentials_v1 id_request_v1 inner_success eap_success id_request_v1 inner_success /  success_response_v1 id_response_v1 empty_peap after_eap_success deauthentication -]
Mar 26, 2026 1:44:40 PM de.learnlib.logging.LearnLogger logQuery
INFO: [ε | success_request_with_credentials_v1 id_request_v1 eap_success eap_success / ε | success_response_v1 id_response_v1 after_eap_success after_eap_success]
Mar 26, 2026 1:44:47 PM de.learnlib.logging.LearnLogger logQuery
INFO: [ε | success_request_with_credentials_v1 id_request_v1 eap_success eap_success inner_failure / ε | success_response_v1 id_response_v1 after_eap_success after_eap_success no_reply]
Mar 26, 2026 1:44:54 PM de.learnlib.logging.LearnLogger logQuery
INFO: [ε | success_request_with_credentials_v1 id_request_v1 eap_success eap_success inner_success / ε | success_response_v1 id_response_v1 after_eap_success after_eap_success no_reply]
Mar 26, 2026 1:45:02 PM de.learnlib.logging.LearnLogger logQuery
INFO: [ε | success_request_with_credentials_v1 id_request_v1 eap_success eap_success id_request_v1 / ε | success_response_v1 id_response_v1 after_eap_success after_eap_success id_response_v1]
Mar 26, 2026 1:45:09 PM de.learnlib.logging.LearnLogger logQuery
INFO: [ε | success_request_with_credentials_v1 id_request_v1 eap_success eap_success id_request_v1 inner_success / ε | success_response_v1 id_response_v1 after_eap_success after_eap_success id_response_v1 empty_peap]
Mar 26, 2026 1:45:16 PM de.learnlib.logging.LearnLogger logQuery
INFO: [ε | success_request_with_credentials_v1 id_request_v1 id_request_v1 4_way_message_1 / ε | success_response_v1 id_response_v1 id_response_v1 no_reply]
Mar 26, 2026 1:45:23 PM de.learnlib.logging.LearnLogger logQuery
INFO: [ε | success_request_with_credentials_v1 id_request_v1 challenge_v1 4_way_message_1 / ε | success_response_v1 id_response_v1 challenge_response_v1 no_reply]
Mar 26, 2026 1:45:30 PM de.learnlib.logging.LearnLogger logQuery
INFO: [ε | success_request_with_credentials_v1 id_request_v1 success_request_with_credentials_v1 4_way_message_1 / ε | success_response_v1 id_response_v1 success_response_v1 no_reply]
Mar 26, 2026 1:45:37 PM de.learnlib.logging.LearnLogger logQuery
INFO: [ε | success_request_with_credentials_v1 id_request_v1 inner_success 4_way_message_1 / ε | success_response_v1 id_response_v1 empty_peap 4_way_message_2]
Mar 26, 2026 1:45:45 PM de.learnlib.logging.LearnLogger logQuery
INFO: [ε | success_request_with_credentials_v1 id_request_v1 eap_success 4_way_message_1 / ε | success_response_v1 id_response_v1 after_eap_success no_reply]
Mar 26, 2026 1:45:52 PM de.learnlib.logging.LearnLogger logQuery
INFO: [ε | success_request_with_credentials_v1 challenge_v1 id_request_v1 id_request_v1 inner_failure / ε | success_response_v1 challenge_response_v1 id_response_v1 id_response_v1 no_reply]
Mar 26, 2026 1:45:54 PM de.learnlib.logging.LearnLogger logQuery
INFO: [ε | success_request_with_credentials_v1 challenge_v1 id_request_v1 id_request_v1 id_request_v1 / ε | success_response_v1 challenge_response_v1 id_response_v1 id_response_v1 id_response_v1]
Mar 26, 2026 1:46:01 PM de.learnlib.logging.LearnLogger logQuery
INFO: [ε | success_request_with_credentials_v1 challenge_v1 id_request_v1 id_request_v1 id_request_v1 inner_success / ε | success_response_v1 challenge_response_v1 id_response_v1 id_response_v1 id_response_v1 empty_peap]
Mar 26, 2026 1:46:08 PM de.learnlib.logging.LearnLogger logQuery
INFO: [ε | success_request_with_credentials_v1 challenge_v1 challenge_v1 id_request_v1 inner_failure / ε | success_response_v1 challenge_response_v1 challenge_response_v1 id_response_v1 no_reply]
Mar 26, 2026 1:46:15 PM de.learnlib.logging.LearnLogger logQuery
INFO: [ε | success_request_with_credentials_v1 challenge_v1 challenge_v1 id_request_v1 id_request_v1 / ε | success_response_v1 challenge_response_v1 challenge_response_v1 id_response_v1 id_response_v1]
Mar 26, 2026 1:46:22 PM de.learnlib.logging.LearnLogger logQuery
INFO: [ε | success_request_with_credentials_v1 challenge_v1 challenge_v1 id_request_v1 id_request_v1 inner_success / ε | success_response_v1 challenge_response_v1 challenge_response_v1 id_response_v1 id_response_v1 empty_peap]
Mar 26, 2026 1:46:29 PM de.learnlib.logging.LearnLogger logQuery
INFO: [ε | success_request_with_credentials_v1 challenge_v1 success_request_with_credentials_v1 id_request_v1 inner_failure / ε | success_response_v1 challenge_response_v1 success_response_v1 id_response_v1 no_reply]
Mar 26, 2026 1:46:35 PM de.learnlib.logging.LearnLogger logQuery
INFO: [ε | success_request_with_credentials_v1 challenge_v1 success_request_with_credentials_v1 id_request_v1 id_request_v1 / ε | success_response_v1 challenge_response_v1 success_response_v1 id_response_v1 id_response_v1]
Mar 26, 2026 1:46:42 PM de.learnlib.logging.LearnLogger logQuery
INFO: [ε | success_request_with_credentials_v1 challenge_v1 success_request_with_credentials_v1 id_request_v1 id_request_v1 inner_success / ε | success_response_v1 challenge_response_v1 success_response_v1 id_response_v1 id_response_v1 empty_peap]
Mar 26, 2026 1:46:49 PM de.learnlib.logging.LearnLogger logQuery
INFO: [ε | success_request_with_credentials_v1 challenge_v1 eap_success id_request_v1 inner_failure / ε | success_response_v1 challenge_response_v1 after_eap_success id_response_v1 no_reply]
Mar 26, 2026 1:46:56 PM de.learnlib.logging.LearnLogger logQuery
INFO: [ε | success_request_with_credentials_v1 challenge_v1 eap_success id_request_v1 id_request_v1 / ε | success_response_v1 challenge_response_v1 after_eap_success id_response_v1 id_response_v1]
Mar 26, 2026 1:47:03 PM de.learnlib.logging.LearnLogger logQuery
INFO: [ε | success_request_with_credentials_v1 challenge_v1 eap_success id_request_v1 id_request_v1 inner_success / ε | success_response_v1 challenge_response_v1 after_eap_success id_response_v1 id_response_v1 empty_peap]
Mar 26, 2026 1:47:10 PM de.learnlib.logging.LearnLogger logQuery
INFO: [ε | success_request_with_credentials_v1 challenge_v1 id_request_v1 challenge_v1 / ε | success_response_v1 challenge_response_v1 id_response_v1 challenge_response_v1]
Mar 26, 2026 1:47:17 PM de.learnlib.logging.LearnLogger logQuery
INFO: [ε | success_request_with_credentials_v1 challenge_v1 id_request_v1 challenge_v1 inner_failure / ε | success_response_v1 challenge_response_v1 id_response_v1 challenge_response_v1 no_reply]
Mar 26, 2026 1:47:24 PM de.learnlib.logging.LearnLogger logQuery
INFO: [ε | success_request_with_credentials_v1 challenge_v1 id_request_v1 challenge_v1 inner_success / ε | success_response_v1 challenge_response_v1 id_response_v1 challenge_response_v1 empty_peap]
Mar 26, 2026 1:47:31 PM de.learnlib.logging.LearnLogger logQuery
INFO: [ε | success_request_with_credentials_v1 challenge_v1 id_request_v1 challenge_v1 id_request_v1 / ε | success_response_v1 challenge_response_v1 id_response_v1 challenge_response_v1 id_response_v1]
Mar 26, 2026 1:47:37 PM de.learnlib.logging.LearnLogger logQuery
INFO: [ε | success_request_with_credentials_v1 challenge_v1 id_request_v1 challenge_v1 id_request_v1 inner_success / ε | success_response_v1 challenge_response_v1 id_response_v1 challenge_response_v1 id_response_v1 empty_peap]
Mar 26, 2026 1:47:44 PM de.learnlib.logging.LearnLogger logQuery
INFO: [ε | success_request_with_credentials_v1 challenge_v1 challenge_v1 challenge_v1 / ε | success_response_v1 challenge_response_v1 challenge_response_v1 challenge_response_v1]
Mar 26, 2026 1:47:51 PM de.learnlib.logging.LearnLogger logQuery
INFO: [ε | success_request_with_credentials_v1 challenge_v1 challenge_v1 challenge_v1 inner_failure / ε | success_response_v1 challenge_response_v1 challenge_response_v1 challenge_response_v1 no_reply]
Mar 26, 2026 1:47:58 PM de.learnlib.logging.LearnLogger logQuery
INFO: [ε | success_request_with_credentials_v1 challenge_v1 challenge_v1 challenge_v1 inner_success / ε | success_response_v1 challenge_response_v1 challenge_response_v1 challenge_response_v1 empty_peap]
Mar 26, 2026 1:48:04 PM de.learnlib.logging.LearnLogger logQuery
INFO: [ε | success_request_with_credentials_v1 challenge_v1 challenge_v1 challenge_v1 id_request_v1 / ε | success_response_v1 challenge_response_v1 challenge_response_v1 challenge_response_v1 id_response_v1]
Mar 26, 2026 1:48:11 PM de.learnlib.logging.LearnLogger logQuery
INFO: [ε | success_request_with_credentials_v1 challenge_v1 challenge_v1 challenge_v1 id_request_v1 inner_success / ε | success_response_v1 challenge_response_v1 challenge_response_v1 challenge_response_v1 id_response_v1 empty_peap]
Mar 26, 2026 1:48:18 PM de.learnlib.logging.LearnLogger logQuery
INFO: [ε | success_request_with_credentials_v1 challenge_v1 success_request_with_credentials_v1 challenge_v1 / ε | success_response_v1 challenge_response_v1 success_response_v1 challenge_response_v1]
Mar 26, 2026 1:48:25 PM de.learnlib.logging.LearnLogger logQuery
INFO: [ε | success_request_with_credentials_v1 challenge_v1 success_request_with_credentials_v1 challenge_v1 inner_failure / ε | success_response_v1 challenge_response_v1 success_response_v1 challenge_response_v1 no_reply]
Mar 26, 2026 1:48:32 PM de.learnlib.logging.LearnLogger logQuery
INFO: [ε | success_request_with_credentials_v1 challenge_v1 success_request_with_credentials_v1 challenge_v1 inner_success / ε | success_response_v1 challenge_response_v1 success_response_v1 challenge_response_v1 empty_peap]
Mar 26, 2026 1:48:39 PM de.learnlib.logging.LearnLogger logQuery
INFO: [ε | success_request_with_credentials_v1 challenge_v1 success_request_with_credentials_v1 challenge_v1 id_request_v1 / ε | success_response_v1 challenge_response_v1 success_response_v1 challenge_response_v1 id_response_v1]
Mar 26, 2026 1:48:45 PM de.learnlib.logging.LearnLogger logQuery
INFO: [ε | success_request_with_credentials_v1 challenge_v1 success_request_with_credentials_v1 challenge_v1 id_request_v1 inner_success / ε | success_response_v1 challenge_response_v1 success_response_v1 challenge_response_v1 id_response_v1 empty_peap]
Mar 26, 2026 1:48:52 PM de.learnlib.logging.LearnLogger logQuery
INFO: [ε | success_request_with_credentials_v1 challenge_v1 inner_success challenge_v1 / ε | success_response_v1 challenge_response_v1 empty_peap no_reply]
Mar 26, 2026 1:48:59 PM de.learnlib.logging.LearnLogger logQuery
INFO: [ε | success_request_with_credentials_v1 challenge_v1 eap_success challenge_v1 / ε | success_response_v1 challenge_response_v1 after_eap_success challenge_response_v1]
Mar 26, 2026 1:49:06 PM de.learnlib.logging.LearnLogger logQuery
INFO: [ε | success_request_with_credentials_v1 challenge_v1 eap_success challenge_v1 inner_failure / ε | success_response_v1 challenge_response_v1 after_eap_success challenge_response_v1 no_reply]
Mar 26, 2026 1:49:14 PM de.learnlib.logging.LearnLogger logQuery
INFO: [ε | success_request_with_credentials_v1 challenge_v1 eap_success challenge_v1 inner_success / ε | success_response_v1 challenge_response_v1 after_eap_success challenge_response_v1 empty_peap]
Mar 26, 2026 1:49:21 PM de.learnlib.logging.LearnLogger logQuery
INFO: [ε | success_request_with_credentials_v1 challenge_v1 eap_success challenge_v1 id_request_v1 / ε | success_response_v1 challenge_response_v1 after_eap_success challenge_response_v1 id_response_v1]
Mar 26, 2026 1:49:27 PM de.learnlib.logging.LearnLogger logQuery
INFO: [ε | success_request_with_credentials_v1 challenge_v1 eap_success challenge_v1 id_request_v1 inner_success / ε | success_response_v1 challenge_response_v1 after_eap_success challenge_response_v1 id_response_v1 empty_peap]
Mar 26, 2026 1:49:34 PM de.learnlib.logging.LearnLogger logQuery
INFO: [ε | success_request_with_credentials_v1 challenge_v1 id_request_v1 success_request_all_zeros_v1 / ε | success_response_v1 challenge_response_v1 id_response_v1 encrypted_alert]
Mar 26, 2026 1:49:41 PM de.learnlib.logging.LearnLogger logQuery
INFO: [ε | success_request_with_credentials_v1 challenge_v1 challenge_v1 success_request_all_zeros_v1 / ε | success_response_v1 challenge_response_v1 challenge_response_v1 encrypted_alert]
Mar 26, 2026 1:49:48 PM de.learnlib.logging.LearnLogger logQuery
INFO: [ε | success_request_with_credentials_v1 challenge_v1 success_request_with_credentials_v1 success_request_all_zeros_v1 / ε | success_response_v1 challenge_response_v1 success_response_v1 encrypted_alert]
Mar 26, 2026 1:49:55 PM de.learnlib.logging.LearnLogger logQuery
INFO: [ε | success_request_with_credentials_v1 challenge_v1 inner_success success_request_all_zeros_v1 / ε | success_response_v1 challenge_response_v1 empty_peap no_reply]
Mar 26, 2026 1:50:02 PM de.learnlib.logging.LearnLogger logQuery
INFO: [ε | success_request_with_credentials_v1 challenge_v1 eap_success success_request_all_zeros_v1 / ε | success_response_v1 challenge_response_v1 after_eap_success encrypted_alert]
Mar 26, 2026 1:50:09 PM de.learnlib.logging.LearnLogger logQuery
INFO: [ε | success_request_with_credentials_v1 challenge_v1 id_request_v1 success_request_with_credentials_v1 / ε | success_response_v1 challenge_response_v1 id_response_v1 success_response_v1]
Mar 26, 2026 1:50:16 PM de.learnlib.logging.LearnLogger logQuery
INFO: [ε | success_request_with_credentials_v1 challenge_v1 id_request_v1 success_request_with_credentials_v1 inner_failure / ε | success_response_v1 challenge_response_v1 id_response_v1 success_response_v1 no_reply]
Mar 26, 2026 1:50:23 PM de.learnlib.logging.LearnLogger logQuery
INFO: [ε | success_request_with_credentials_v1 challenge_v1 id_request_v1 success_request_with_credentials_v1 inner_success / ε | success_response_v1 challenge_response_v1 id_response_v1 success_response_v1 empty_peap]
Mar 26, 2026 1:50:30 PM de.learnlib.logging.LearnLogger logQuery
INFO: [ε | success_request_with_credentials_v1 challenge_v1 id_request_v1 success_request_with_credentials_v1 id_request_v1 / ε | success_response_v1 challenge_response_v1 id_response_v1 success_response_v1 id_response_v1]
Mar 26, 2026 1:50:36 PM de.learnlib.logging.LearnLogger logQuery
INFO: [ε | success_request_with_credentials_v1 challenge_v1 id_request_v1 success_request_with_credentials_v1 id_request_v1 inner_success / ε | success_response_v1 challenge_response_v1 id_response_v1 success_response_v1 id_response_v1 empty_peap]
Mar 26, 2026 1:50:43 PM de.learnlib.logging.LearnLogger logQuery
INFO: [ε | success_request_with_credentials_v1 challenge_v1 challenge_v1 success_request_with_credentials_v1 / ε | success_response_v1 challenge_response_v1 challenge_response_v1 success_response_v1]
Mar 26, 2026 1:50:50 PM de.learnlib.logging.LearnLogger logQuery
INFO: [ε | success_request_with_credentials_v1 challenge_v1 challenge_v1 success_request_with_credentials_v1 inner_failure / ε | success_response_v1 challenge_response_v1 challenge_response_v1 success_response_v1 no_reply]
Mar 26, 2026 1:50:57 PM de.learnlib.logging.LearnLogger logQuery
INFO: [ε | success_request_with_credentials_v1 challenge_v1 challenge_v1 success_request_with_credentials_v1 inner_success / ε | success_response_v1 challenge_response_v1 challenge_response_v1 success_response_v1 empty_peap]
Mar 26, 2026 1:51:04 PM de.learnlib.logging.LearnLogger logQuery
INFO: [ε | success_request_with_credentials_v1 challenge_v1 challenge_v1 success_request_with_credentials_v1 id_request_v1 / ε | success_response_v1 challenge_response_v1 challenge_response_v1 success_response_v1 id_response_v1]
Mar 26, 2026 1:51:10 PM de.learnlib.logging.LearnLogger logQuery
INFO: [ε | success_request_with_credentials_v1 challenge_v1 challenge_v1 success_request_with_credentials_v1 id_request_v1 inner_success / ε | success_response_v1 challenge_response_v1 challenge_response_v1 success_response_v1 id_response_v1 empty_peap]
Mar 26, 2026 1:51:17 PM de.learnlib.logging.LearnLogger logQuery
INFO: [ε | success_request_with_credentials_v1 challenge_v1 success_request_with_credentials_v1 success_request_with_credentials_v1 / ε | success_response_v1 challenge_response_v1 success_response_v1 success_response_v1]
Mar 26, 2026 1:51:24 PM de.learnlib.logging.LearnLogger logQuery
INFO: [ε | success_request_with_credentials_v1 challenge_v1 success_request_with_credentials_v1 success_request_with_credentials_v1 inner_failure / ε | success_response_v1 challenge_response_v1 success_response_v1 success_response_v1 no_reply]
Mar 26, 2026 1:51:31 PM de.learnlib.logging.LearnLogger logQuery
INFO: [ε | success_request_with_credentials_v1 challenge_v1 success_request_with_credentials_v1 success_request_with_credentials_v1 inner_success / ε | success_response_v1 challenge_response_v1 success_response_v1 success_response_v1 empty_peap]
Mar 26, 2026 1:51:38 PM de.learnlib.logging.LearnLogger logQuery
INFO: [ε | success_request_with_credentials_v1 challenge_v1 success_request_with_credentials_v1 success_request_with_credentials_v1 id_request_v1 / ε | success_response_v1 challenge_response_v1 success_response_v1 success_response_v1 id_response_v1]
Mar 26, 2026 1:51:44 PM de.learnlib.logging.LearnLogger logQuery
INFO: [ε | success_request_with_credentials_v1 challenge_v1 success_request_with_credentials_v1 success_request_with_credentials_v1 id_request_v1 inner_success / ε | success_response_v1 challenge_response_v1 success_response_v1 success_response_v1 id_response_v1 empty_peap]
Mar 26, 2026 1:51:51 PM de.learnlib.logging.LearnLogger logQuery
INFO: [ε | success_request_with_credentials_v1 challenge_v1 inner_success success_request_with_credentials_v1 / ε | success_response_v1 challenge_response_v1 empty_peap no_reply]
Mar 26, 2026 1:51:58 PM de.learnlib.logging.LearnLogger logQuery
INFO: [ε | success_request_with_credentials_v1 challenge_v1 eap_success success_request_with_credentials_v1 / ε | success_response_v1 challenge_response_v1 after_eap_success success_response_v1]
Mar 26, 2026 1:52:05 PM de.learnlib.logging.LearnLogger logQuery
INFO: [ε | success_request_with_credentials_v1 challenge_v1 eap_success success_request_with_credentials_v1 inner_failure / ε | success_response_v1 challenge_response_v1 after_eap_success success_response_v1 no_reply]
Mar 26, 2026 1:52:12 PM de.learnlib.logging.LearnLogger logQuery
INFO: [ε | success_request_with_credentials_v1 challenge_v1 eap_success success_request_with_credentials_v1 inner_success / ε | success_response_v1 challenge_response_v1 after_eap_success success_response_v1 empty_peap]
Mar 26, 2026 1:52:19 PM de.learnlib.logging.LearnLogger logQuery
INFO: [ε | success_request_with_credentials_v1 challenge_v1 eap_success success_request_with_credentials_v1 id_request_v1 / ε | success_response_v1 challenge_response_v1 after_eap_success success_response_v1 id_response_v1]
Mar 26, 2026 1:52:26 PM de.learnlib.logging.LearnLogger logQuery
INFO: [ε | success_request_with_credentials_v1 challenge_v1 eap_success success_request_with_credentials_v1 id_request_v1 inner_success / ε | success_response_v1 challenge_response_v1 after_eap_success success_response_v1 id_response_v1 empty_peap]
Mar 26, 2026 1:52:33 PM de.learnlib.logging.LearnLogger logQuery
INFO: [ε | success_request_with_credentials_v1 challenge_v1 id_request_v1 inner_success inner_failure / ε | success_response_v1 challenge_response_v1 id_response_v1 empty_peap no_reply]
Mar 26, 2026 1:52:40 PM de.learnlib.logging.LearnLogger logQuery
INFO: [ε | success_request_with_credentials_v1 challenge_v1 id_request_v1 inner_success inner_success / ε | success_response_v1 challenge_response_v1 id_response_v1 empty_peap no_reply]
Mar 26, 2026 1:52:47 PM de.learnlib.logging.LearnLogger logQuery
INFO: [ε | success_request_with_credentials_v1 challenge_v1 id_request_v1 inner_success id_request_v1 / ε | success_response_v1 challenge_response_v1 id_response_v1 empty_peap no_reply]
Mar 26, 2026 1:52:48 PM de.learnlib.logging.LearnLogger logQuery
INFO: DB CACHE [ε | success_request_with_credentials_v1 challenge_v1 id_request_v1 inner_success id_request_v1 inner_success /  success_response_v1 challenge_response_v1 id_response_v1 empty_peap no_reply -]
Mar 26, 2026 1:52:55 PM de.learnlib.logging.LearnLogger logQuery
INFO: [ε | success_request_with_credentials_v1 challenge_v1 challenge_v1 inner_success inner_failure / ε | success_response_v1 challenge_response_v1 challenge_response_v1 empty_peap no_reply]
Mar 26, 2026 1:53:02 PM de.learnlib.logging.LearnLogger logQuery
INFO: [ε | success_request_with_credentials_v1 challenge_v1 challenge_v1 inner_success inner_success / ε | success_response_v1 challenge_response_v1 challenge_response_v1 empty_peap no_reply]
Mar 26, 2026 1:53:09 PM de.learnlib.logging.LearnLogger logQuery
INFO: [ε | success_request_with_credentials_v1 challenge_v1 challenge_v1 inner_success id_request_v1 / ε | success_response_v1 challenge_response_v1 challenge_response_v1 empty_peap no_reply]
Mar 26, 2026 1:53:09 PM de.learnlib.logging.LearnLogger logQuery
INFO: DB CACHE [ε | success_request_with_credentials_v1 challenge_v1 challenge_v1 inner_success id_request_v1 inner_success /  success_response_v1 challenge_response_v1 challenge_response_v1 empty_peap no_reply -]
Mar 26, 2026 1:53:16 PM de.learnlib.logging.LearnLogger logQuery
INFO: [ε | success_request_with_credentials_v1 challenge_v1 success_request_with_credentials_v1 inner_success inner_failure / ε | success_response_v1 challenge_response_v1 success_response_v1 empty_peap no_reply]
Mar 26, 2026 1:53:23 PM de.learnlib.logging.LearnLogger logQuery
INFO: [ε | success_request_with_credentials_v1 challenge_v1 success_request_with_credentials_v1 inner_success inner_success / ε | success_response_v1 challenge_response_v1 success_response_v1 empty_peap no_reply]
Mar 26, 2026 1:53:30 PM de.learnlib.logging.LearnLogger logQuery
INFO: [ε | success_request_with_credentials_v1 challenge_v1 success_request_with_credentials_v1 inner_success id_request_v1 / ε | success_response_v1 challenge_response_v1 success_response_v1 empty_peap no_reply]
Mar 26, 2026 1:53:30 PM de.learnlib.logging.LearnLogger logQuery
INFO: DB CACHE [ε | success_request_with_credentials_v1 challenge_v1 success_request_with_credentials_v1 inner_success id_request_v1 inner_success /  success_response_v1 challenge_response_v1 success_response_v1 empty_peap no_reply -]
Mar 26, 2026 1:53:37 PM de.learnlib.logging.LearnLogger logQuery
INFO: [ε | success_request_with_credentials_v1 challenge_v1 id_request_v1 eap_success / ε | success_response_v1 challenge_response_v1 id_response_v1 after_eap_success]
Mar 26, 2026 1:53:44 PM de.learnlib.logging.LearnLogger logQuery
INFO: [ε | success_request_with_credentials_v1 challenge_v1 id_request_v1 eap_success inner_failure / ε | success_response_v1 challenge_response_v1 id_response_v1 after_eap_success no_reply]
Mar 26, 2026 1:53:51 PM de.learnlib.logging.LearnLogger logQuery
INFO: [ε | success_request_with_credentials_v1 challenge_v1 id_request_v1 eap_success inner_success / ε | success_response_v1 challenge_response_v1 id_response_v1 after_eap_success no_reply]
Mar 26, 2026 1:53:59 PM de.learnlib.logging.LearnLogger logQuery
INFO: [ε | success_request_with_credentials_v1 challenge_v1 id_request_v1 eap_success id_request_v1 / ε | success_response_v1 challenge_response_v1 id_response_v1 after_eap_success id_response_v1]
Mar 26, 2026 1:54:06 PM de.learnlib.logging.LearnLogger logQuery
INFO: [ε | success_request_with_credentials_v1 challenge_v1 id_request_v1 eap_success id_request_v1 inner_success / ε | success_response_v1 challenge_response_v1 id_response_v1 after_eap_success id_response_v1 empty_peap]
Mar 26, 2026 1:54:12 PM de.learnlib.logging.LearnLogger logQuery
INFO: [ε | success_request_with_credentials_v1 challenge_v1 challenge_v1 eap_success / ε | success_response_v1 challenge_response_v1 challenge_response_v1 after_eap_success]
Mar 26, 2026 1:54:20 PM de.learnlib.logging.LearnLogger logQuery
INFO: [ε | success_request_with_credentials_v1 challenge_v1 challenge_v1 eap_success inner_failure / ε | success_response_v1 challenge_response_v1 challenge_response_v1 after_eap_success no_reply]
Mar 26, 2026 1:54:27 PM de.learnlib.logging.LearnLogger logQuery
INFO: [ε | success_request_with_credentials_v1 challenge_v1 challenge_v1 eap_success inner_success / ε | success_response_v1 challenge_response_v1 challenge_response_v1 after_eap_success no_reply]
Mar 26, 2026 1:54:34 PM de.learnlib.logging.LearnLogger logQuery
INFO: [ε | success_request_with_credentials_v1 challenge_v1 challenge_v1 eap_success id_request_v1 / ε | success_response_v1 challenge_response_v1 challenge_response_v1 after_eap_success id_response_v1]
Mar 26, 2026 1:54:41 PM de.learnlib.logging.LearnLogger logQuery
INFO: [ε | success_request_with_credentials_v1 challenge_v1 challenge_v1 eap_success id_request_v1 inner_success / ε | success_response_v1 challenge_response_v1 challenge_response_v1 after_eap_success id_response_v1 empty_peap]
Mar 26, 2026 1:54:48 PM de.learnlib.logging.LearnLogger logQuery
INFO: [ε | success_request_with_credentials_v1 challenge_v1 success_request_with_credentials_v1 eap_success / ε | success_response_v1 challenge_response_v1 success_response_v1 after_eap_success]
Mar 26, 2026 1:54:55 PM de.learnlib.logging.LearnLogger logQuery
INFO: [ε | success_request_with_credentials_v1 challenge_v1 success_request_with_credentials_v1 eap_success inner_failure / ε | success_response_v1 challenge_response_v1 success_response_v1 after_eap_success no_reply]
Mar 26, 2026 1:55:02 PM de.learnlib.logging.LearnLogger logQuery
INFO: [ε | success_request_with_credentials_v1 challenge_v1 success_request_with_credentials_v1 eap_success inner_success / ε | success_response_v1 challenge_response_v1 success_response_v1 after_eap_success no_reply]
Mar 26, 2026 1:55:09 PM de.learnlib.logging.LearnLogger logQuery
INFO: [ε | success_request_with_credentials_v1 challenge_v1 success_request_with_credentials_v1 eap_success id_request_v1 / ε | success_response_v1 challenge_response_v1 success_response_v1 after_eap_success id_response_v1]
Mar 26, 2026 1:55:16 PM de.learnlib.logging.LearnLogger logQuery
INFO: [ε | success_request_with_credentials_v1 challenge_v1 success_request_with_credentials_v1 eap_success id_request_v1 inner_success / ε | success_response_v1 challenge_response_v1 success_response_v1 after_eap_success id_response_v1 empty_peap]
Mar 26, 2026 1:55:23 PM de.learnlib.logging.LearnLogger logQuery
INFO: [ε | success_request_with_credentials_v1 challenge_v1 inner_success eap_success / ε | success_response_v1 challenge_response_v1 empty_peap after_eap_success]
Mar 26, 2026 1:55:30 PM de.learnlib.logging.LearnLogger logQuery
INFO: [ε | success_request_with_credentials_v1 challenge_v1 inner_success eap_success inner_failure / ε | success_response_v1 challenge_response_v1 empty_peap after_eap_success deauthentication]
Mar 26, 2026 1:55:37 PM de.learnlib.logging.LearnLogger logQuery
INFO: [ε | success_request_with_credentials_v1 challenge_v1 inner_success eap_success inner_success / ε | success_response_v1 challenge_response_v1 empty_peap after_eap_success deauthentication]
Mar 26, 2026 1:55:44 PM de.learnlib.logging.LearnLogger logQuery
INFO: [ε | success_request_with_credentials_v1 challenge_v1 inner_success eap_success id_request_v1 / ε | success_response_v1 challenge_response_v1 empty_peap after_eap_success deauthentication]
Mar 26, 2026 1:55:45 PM de.learnlib.logging.LearnLogger logQuery
INFO: DB CACHE [ε | success_request_with_credentials_v1 challenge_v1 inner_success eap_success id_request_v1 inner_success /  success_response_v1 challenge_response_v1 empty_peap after_eap_success deauthentication -]
Mar 26, 2026 1:55:52 PM de.learnlib.logging.LearnLogger logQuery
INFO: [ε | success_request_with_credentials_v1 challenge_v1 eap_success eap_success / ε | success_response_v1 challenge_response_v1 after_eap_success after_eap_success]
Mar 26, 2026 1:55:59 PM de.learnlib.logging.LearnLogger logQuery
INFO: [ε | success_request_with_credentials_v1 challenge_v1 eap_success eap_success inner_failure / ε | success_response_v1 challenge_response_v1 after_eap_success after_eap_success no_reply]
Mar 26, 2026 1:56:06 PM de.learnlib.logging.LearnLogger logQuery
INFO: [ε | success_request_with_credentials_v1 challenge_v1 eap_success eap_success inner_success / ε | success_response_v1 challenge_response_v1 after_eap_success after_eap_success no_reply]
Mar 26, 2026 1:56:14 PM de.learnlib.logging.LearnLogger logQuery
INFO: [ε | success_request_with_credentials_v1 challenge_v1 eap_success eap_success id_request_v1 / ε | success_response_v1 challenge_response_v1 after_eap_success after_eap_success id_response_v1]
Mar 26, 2026 1:56:21 PM de.learnlib.logging.LearnLogger logQuery
INFO: [ε | success_request_with_credentials_v1 challenge_v1 eap_success eap_success id_request_v1 inner_success / ε | success_response_v1 challenge_response_v1 after_eap_success after_eap_success id_response_v1 empty_peap]
Mar 26, 2026 1:56:28 PM de.learnlib.logging.LearnLogger logQuery
INFO: [ε | success_request_with_credentials_v1 challenge_v1 id_request_v1 4_way_message_1 / ε | success_response_v1 challenge_response_v1 id_response_v1 no_reply]
Mar 26, 2026 1:56:35 PM de.learnlib.logging.LearnLogger logQuery
INFO: [ε | success_request_with_credentials_v1 challenge_v1 challenge_v1 4_way_message_1 / ε | success_response_v1 challenge_response_v1 challenge_response_v1 no_reply]
Mar 26, 2026 1:56:42 PM de.learnlib.logging.LearnLogger logQuery
INFO: [ε | success_request_with_credentials_v1 challenge_v1 success_request_with_credentials_v1 4_way_message_1 / ε | success_response_v1 challenge_response_v1 success_response_v1 no_reply]
Mar 26, 2026 1:56:49 PM de.learnlib.logging.LearnLogger logQuery
INFO: [ε | success_request_with_credentials_v1 challenge_v1 inner_success 4_way_message_1 / ε | success_response_v1 challenge_response_v1 empty_peap 4_way_message_2]
Mar 26, 2026 1:56:57 PM de.learnlib.logging.LearnLogger logQuery
INFO: [ε | success_request_with_credentials_v1 challenge_v1 eap_success 4_way_message_1 / ε | success_response_v1 challenge_response_v1 after_eap_success no_reply]
Mar 26, 2026 1:57:04 PM de.learnlib.logging.LearnLogger logQuery
INFO: [ε | success_request_with_credentials_v1 success_request_with_credentials_v1 id_request_v1 id_request_v1 inner_failure / ε | success_response_v1 success_response_v1 id_response_v1 id_response_v1 no_reply]
Mar 26, 2026 1:57:11 PM de.learnlib.logging.LearnLogger logQuery
INFO: [ε | success_request_with_credentials_v1 success_request_with_credentials_v1 id_request_v1 id_request_v1 id_request_v1 / ε | success_response_v1 success_response_v1 id_response_v1 id_response_v1 id_response_v1]
Mar 26, 2026 1:57:17 PM de.learnlib.logging.LearnLogger logQuery
INFO: [ε | success_request_with_credentials_v1 success_request_with_credentials_v1 id_request_v1 id_request_v1 id_request_v1 inner_success / ε | success_response_v1 success_response_v1 id_response_v1 id_response_v1 id_response_v1 empty_peap]
Mar 26, 2026 1:57:24 PM de.learnlib.logging.LearnLogger logQuery
INFO: [ε | success_request_with_credentials_v1 success_request_with_credentials_v1 challenge_v1 id_request_v1 inner_failure / ε | success_response_v1 success_response_v1 challenge_response_v1 id_response_v1 no_reply]
Mar 26, 2026 1:57:31 PM de.learnlib.logging.LearnLogger logQuery
INFO: [ε | success_request_with_credentials_v1 success_request_with_credentials_v1 challenge_v1 id_request_v1 id_request_v1 / ε | success_response_v1 success_response_v1 challenge_response_v1 id_response_v1 id_response_v1]
Mar 26, 2026 1:57:38 PM de.learnlib.logging.LearnLogger logQuery
INFO: [ε | success_request_with_credentials_v1 success_request_with_credentials_v1 challenge_v1 id_request_v1 id_request_v1 inner_success / ε | success_response_v1 success_response_v1 challenge_response_v1 id_response_v1 id_response_v1 empty_peap]
Mar 26, 2026 1:57:45 PM de.learnlib.logging.LearnLogger logQuery
INFO: [ε | success_request_with_credentials_v1 success_request_with_credentials_v1 success_request_with_credentials_v1 id_request_v1 inner_failure / ε | success_response_v1 success_response_v1 success_response_v1 id_response_v1 no_reply]
Mar 26, 2026 1:57:52 PM de.learnlib.logging.LearnLogger logQuery
INFO: [ε | success_request_with_credentials_v1 success_request_with_credentials_v1 success_request_with_credentials_v1 id_request_v1 id_request_v1 / ε | success_response_v1 success_response_v1 success_response_v1 id_response_v1 id_response_v1]
Mar 26, 2026 1:57:59 PM de.learnlib.logging.LearnLogger logQuery
INFO: [ε | success_request_with_credentials_v1 success_request_with_credentials_v1 success_request_with_credentials_v1 id_request_v1 id_request_v1 inner_success / ε | success_response_v1 success_response_v1 success_response_v1 id_response_v1 id_response_v1 empty_peap]
Mar 26, 2026 1:58:06 PM de.learnlib.logging.LearnLogger logQuery
INFO: [ε | success_request_with_credentials_v1 success_request_with_credentials_v1 eap_success id_request_v1 inner_failure / ε | success_response_v1 success_response_v1 after_eap_success id_response_v1 no_reply]
Mar 26, 2026 1:58:13 PM de.learnlib.logging.LearnLogger logQuery
INFO: [ε | success_request_with_credentials_v1 success_request_with_credentials_v1 eap_success id_request_v1 id_request_v1 / ε | success_response_v1 success_response_v1 after_eap_success id_response_v1 id_response_v1]
Mar 26, 2026 1:58:20 PM de.learnlib.logging.LearnLogger logQuery
INFO: [ε | success_request_with_credentials_v1 success_request_with_credentials_v1 eap_success id_request_v1 id_request_v1 inner_success / ε | success_response_v1 success_response_v1 after_eap_success id_response_v1 id_response_v1 empty_peap]
Mar 26, 2026 1:58:26 PM de.learnlib.logging.LearnLogger logQuery
INFO: [ε | success_request_with_credentials_v1 success_request_with_credentials_v1 id_request_v1 challenge_v1 / ε | success_response_v1 success_response_v1 id_response_v1 challenge_response_v1]
Mar 26, 2026 1:58:33 PM de.learnlib.logging.LearnLogger logQuery
INFO: [ε | success_request_with_credentials_v1 success_request_with_credentials_v1 id_request_v1 challenge_v1 inner_failure / ε | success_response_v1 success_response_v1 id_response_v1 challenge_response_v1 no_reply]
Mar 26, 2026 1:58:40 PM de.learnlib.logging.LearnLogger logQuery
INFO: [ε | success_request_with_credentials_v1 success_request_with_credentials_v1 id_request_v1 challenge_v1 inner_success / ε | success_response_v1 success_response_v1 id_response_v1 challenge_response_v1 empty_peap]
Mar 26, 2026 1:58:47 PM de.learnlib.logging.LearnLogger logQuery
INFO: [ε | success_request_with_credentials_v1 success_request_with_credentials_v1 id_request_v1 challenge_v1 id_request_v1 / ε | success_response_v1 success_response_v1 id_response_v1 challenge_response_v1 id_response_v1]
Mar 26, 2026 1:58:54 PM de.learnlib.logging.LearnLogger logQuery
INFO: [ε | success_request_with_credentials_v1 success_request_with_credentials_v1 id_request_v1 challenge_v1 id_request_v1 inner_success / ε | success_response_v1 success_response_v1 id_response_v1 challenge_response_v1 id_response_v1 empty_peap]
Mar 26, 2026 1:59:01 PM de.learnlib.logging.LearnLogger logQuery
INFO: [ε | success_request_with_credentials_v1 success_request_with_credentials_v1 challenge_v1 challenge_v1 / ε | success_response_v1 success_response_v1 challenge_response_v1 challenge_response_v1]
Mar 26, 2026 1:59:07 PM de.learnlib.logging.LearnLogger logQuery
INFO: [ε | success_request_with_credentials_v1 success_request_with_credentials_v1 challenge_v1 challenge_v1 inner_failure / ε | success_response_v1 success_response_v1 challenge_response_v1 challenge_response_v1 no_reply]
Mar 26, 2026 1:59:14 PM de.learnlib.logging.LearnLogger logQuery
INFO: [ε | success_request_with_credentials_v1 success_request_with_credentials_v1 challenge_v1 challenge_v1 inner_success / ε | success_response_v1 success_response_v1 challenge_response_v1 challenge_response_v1 empty_peap]
Mar 26, 2026 1:59:21 PM de.learnlib.logging.LearnLogger logQuery
INFO: [ε | success_request_with_credentials_v1 success_request_with_credentials_v1 challenge_v1 challenge_v1 id_request_v1 / ε | success_response_v1 success_response_v1 challenge_response_v1 challenge_response_v1 id_response_v1]
Mar 26, 2026 1:59:28 PM de.learnlib.logging.LearnLogger logQuery
INFO: [ε | success_request_with_credentials_v1 success_request_with_credentials_v1 challenge_v1 challenge_v1 id_request_v1 inner_success / ε | success_response_v1 success_response_v1 challenge_response_v1 challenge_response_v1 id_response_v1 empty_peap]
Mar 26, 2026 1:59:35 PM de.learnlib.logging.LearnLogger logQuery
INFO: [ε | success_request_with_credentials_v1 success_request_with_credentials_v1 success_request_with_credentials_v1 challenge_v1 / ε | success_response_v1 success_response_v1 success_response_v1 challenge_response_v1]
Mar 26, 2026 1:59:42 PM de.learnlib.logging.LearnLogger logQuery
INFO: [ε | success_request_with_credentials_v1 success_request_with_credentials_v1 success_request_with_credentials_v1 challenge_v1 inner_failure / ε | success_response_v1 success_response_v1 success_response_v1 challenge_response_v1 no_reply]
Mar 26, 2026 1:59:48 PM de.learnlib.logging.LearnLogger logQuery
INFO: [ε | success_request_with_credentials_v1 success_request_with_credentials_v1 success_request_with_credentials_v1 challenge_v1 inner_success / ε | success_response_v1 success_response_v1 success_response_v1 challenge_response_v1 empty_peap]
Mar 26, 2026 1:59:55 PM de.learnlib.logging.LearnLogger logQuery
INFO: [ε | success_request_with_credentials_v1 success_request_with_credentials_v1 success_request_with_credentials_v1 challenge_v1 id_request_v1 / ε | success_response_v1 success_response_v1 success_response_v1 challenge_response_v1 id_response_v1]
Mar 26, 2026 2:00:02 PM de.learnlib.logging.LearnLogger logQuery
INFO: [ε | success_request_with_credentials_v1 success_request_with_credentials_v1 success_request_with_credentials_v1 challenge_v1 id_request_v1 inner_success / ε | success_response_v1 success_response_v1 success_response_v1 challenge_response_v1 id_response_v1 empty_peap]
Mar 26, 2026 2:00:09 PM de.learnlib.logging.LearnLogger logQuery
INFO: [ε | success_request_with_credentials_v1 success_request_with_credentials_v1 inner_success challenge_v1 / ε | success_response_v1 success_response_v1 empty_peap no_reply]
Mar 26, 2026 2:00:16 PM de.learnlib.logging.LearnLogger logQuery
INFO: [ε | success_request_with_credentials_v1 success_request_with_credentials_v1 eap_success challenge_v1 / ε | success_response_v1 success_response_v1 after_eap_success challenge_response_v1]
Mar 26, 2026 2:00:23 PM de.learnlib.logging.LearnLogger logQuery
INFO: [ε | success_request_with_credentials_v1 success_request_with_credentials_v1 eap_success challenge_v1 inner_failure / ε | success_response_v1 success_response_v1 after_eap_success challenge_response_v1 no_reply]
Mar 26, 2026 2:00:30 PM de.learnlib.logging.LearnLogger logQuery
INFO: [ε | success_request_with_credentials_v1 success_request_with_credentials_v1 eap_success challenge_v1 inner_success / ε | success_response_v1 success_response_v1 after_eap_success challenge_response_v1 empty_peap]
Mar 26, 2026 2:00:37 PM de.learnlib.logging.LearnLogger logQuery
INFO: [ε | success_request_with_credentials_v1 success_request_with_credentials_v1 eap_success challenge_v1 id_request_v1 / ε | success_response_v1 success_response_v1 after_eap_success challenge_response_v1 id_response_v1]
Mar 26, 2026 2:00:44 PM de.learnlib.logging.LearnLogger logQuery
INFO: [ε | success_request_with_credentials_v1 success_request_with_credentials_v1 eap_success challenge_v1 id_request_v1 inner_success / ε | success_response_v1 success_response_v1 after_eap_success challenge_response_v1 id_response_v1 empty_peap]
Mar 26, 2026 2:00:51 PM de.learnlib.logging.LearnLogger logQuery
INFO: [ε | success_request_with_credentials_v1 success_request_with_credentials_v1 id_request_v1 success_request_all_zeros_v1 / ε | success_response_v1 success_response_v1 id_response_v1 encrypted_alert]
Mar 26, 2026 2:00:58 PM de.learnlib.logging.LearnLogger logQuery
INFO: [ε | success_request_with_credentials_v1 success_request_with_credentials_v1 challenge_v1 success_request_all_zeros_v1 / ε | success_response_v1 success_response_v1 challenge_response_v1 encrypted_alert]
Mar 26, 2026 2:01:05 PM de.learnlib.logging.LearnLogger logQuery
INFO: [ε | success_request_with_credentials_v1 success_request_with_credentials_v1 success_request_with_credentials_v1 success_request_all_zeros_v1 / ε | success_response_v1 success_response_v1 success_response_v1 encrypted_alert]
Mar 26, 2026 2:01:12 PM de.learnlib.logging.LearnLogger logQuery
INFO: [ε | success_request_with_credentials_v1 success_request_with_credentials_v1 inner_success success_request_all_zeros_v1 / ε | success_response_v1 success_response_v1 empty_peap no_reply]
Mar 26, 2026 2:01:19 PM de.learnlib.logging.LearnLogger logQuery
INFO: [ε | success_request_with_credentials_v1 success_request_with_credentials_v1 eap_success success_request_all_zeros_v1 / ε | success_response_v1 success_response_v1 after_eap_success encrypted_alert]
Mar 26, 2026 2:01:25 PM de.learnlib.logging.LearnLogger logQuery
INFO: [ε | success_request_with_credentials_v1 success_request_with_credentials_v1 id_request_v1 success_request_with_credentials_v1 / ε | success_response_v1 success_response_v1 id_response_v1 success_response_v1]
Mar 26, 2026 2:01:32 PM de.learnlib.logging.LearnLogger logQuery
INFO: [ε | success_request_with_credentials_v1 success_request_with_credentials_v1 id_request_v1 success_request_with_credentials_v1 inner_failure / ε | success_response_v1 success_response_v1 id_response_v1 success_response_v1 no_reply]
Mar 26, 2026 2:01:39 PM de.learnlib.logging.LearnLogger logQuery
INFO: [ε | success_request_with_credentials_v1 success_request_with_credentials_v1 id_request_v1 success_request_with_credentials_v1 inner_success / ε | success_response_v1 success_response_v1 id_response_v1 success_response_v1 empty_peap]
Mar 26, 2026 2:01:46 PM de.learnlib.logging.LearnLogger logQuery
INFO: [ε | success_request_with_credentials_v1 success_request_with_credentials_v1 id_request_v1 success_request_with_credentials_v1 id_request_v1 / ε | success_response_v1 success_response_v1 id_response_v1 success_response_v1 id_response_v1]
Mar 26, 2026 2:01:53 PM de.learnlib.logging.LearnLogger logQuery
INFO: [ε | success_request_with_credentials_v1 success_request_with_credentials_v1 id_request_v1 success_request_with_credentials_v1 id_request_v1 inner_success / ε | success_response_v1 success_response_v1 id_response_v1 success_response_v1 id_response_v1 empty_peap]
Mar 26, 2026 2:01:59 PM de.learnlib.logging.LearnLogger logQuery
INFO: [ε | success_request_with_credentials_v1 success_request_with_credentials_v1 challenge_v1 success_request_with_credentials_v1 / ε | success_response_v1 success_response_v1 challenge_response_v1 success_response_v1]
Mar 26, 2026 2:02:06 PM de.learnlib.logging.LearnLogger logQuery
INFO: [ε | success_request_with_credentials_v1 success_request_with_credentials_v1 challenge_v1 success_request_with_credentials_v1 inner_failure / ε | success_response_v1 success_response_v1 challenge_response_v1 success_response_v1 no_reply]
Mar 26, 2026 2:02:13 PM de.learnlib.logging.LearnLogger logQuery
INFO: [ε | success_request_with_credentials_v1 success_request_with_credentials_v1 challenge_v1 success_request_with_credentials_v1 inner_success / ε | success_response_v1 success_response_v1 challenge_response_v1 success_response_v1 empty_peap]
Mar 26, 2026 2:02:20 PM de.learnlib.logging.LearnLogger logQuery
INFO: [ε | success_request_with_credentials_v1 success_request_with_credentials_v1 challenge_v1 success_request_with_credentials_v1 id_request_v1 / ε | success_response_v1 success_response_v1 challenge_response_v1 success_response_v1 id_response_v1]
Mar 26, 2026 2:02:27 PM de.learnlib.logging.LearnLogger logQuery
INFO: [ε | success_request_with_credentials_v1 success_request_with_credentials_v1 challenge_v1 success_request_with_credentials_v1 id_request_v1 inner_success / ε | success_response_v1 success_response_v1 challenge_response_v1 success_response_v1 id_response_v1 empty_peap]
Mar 26, 2026 2:02:33 PM de.learnlib.logging.LearnLogger logQuery
INFO: [ε | success_request_with_credentials_v1 success_request_with_credentials_v1 success_request_with_credentials_v1 success_request_with_credentials_v1 / ε | success_response_v1 success_response_v1 success_response_v1 success_response_v1]
Mar 26, 2026 2:02:40 PM de.learnlib.logging.LearnLogger logQuery
INFO: [ε | success_request_with_credentials_v1 success_request_with_credentials_v1 success_request_with_credentials_v1 success_request_with_credentials_v1 inner_failure / ε | success_response_v1 success_response_v1 success_response_v1 success_response_v1 no_reply]
Mar 26, 2026 2:02:47 PM de.learnlib.logging.LearnLogger logQuery
INFO: [ε | success_request_with_credentials_v1 success_request_with_credentials_v1 success_request_with_credentials_v1 success_request_with_credentials_v1 inner_success / ε | success_response_v1 success_response_v1 success_response_v1 success_response_v1 empty_peap]
Mar 26, 2026 2:02:54 PM de.learnlib.logging.LearnLogger logQuery
INFO: [ε | success_request_with_credentials_v1 success_request_with_credentials_v1 success_request_with_credentials_v1 success_request_with_credentials_v1 id_request_v1 / ε | success_response_v1 success_response_v1 success_response_v1 success_response_v1 id_response_v1]
Mar 26, 2026 2:03:01 PM de.learnlib.logging.LearnLogger logQuery
INFO: [ε | success_request_with_credentials_v1 success_request_with_credentials_v1 success_request_with_credentials_v1 success_request_with_credentials_v1 id_request_v1 inner_success / ε | success_response_v1 success_response_v1 success_response_v1 success_response_v1 id_response_v1 empty_peap]
Mar 26, 2026 2:03:08 PM de.learnlib.logging.LearnLogger logQuery
INFO: [ε | success_request_with_credentials_v1 success_request_with_credentials_v1 inner_success success_request_with_credentials_v1 / ε | success_response_v1 success_response_v1 empty_peap no_reply]
Mar 26, 2026 2:03:15 PM de.learnlib.logging.LearnLogger logQuery
INFO: [ε | success_request_with_credentials_v1 success_request_with_credentials_v1 eap_success success_request_with_credentials_v1 / ε | success_response_v1 success_response_v1 after_eap_success success_response_v1]
Mar 26, 2026 2:03:22 PM de.learnlib.logging.LearnLogger logQuery
INFO: [ε | success_request_with_credentials_v1 success_request_with_credentials_v1 eap_success success_request_with_credentials_v1 inner_failure / ε | success_response_v1 success_response_v1 after_eap_success success_response_v1 no_reply]
Mar 26, 2026 2:03:29 PM de.learnlib.logging.LearnLogger logQuery
INFO: [ε | success_request_with_credentials_v1 success_request_with_credentials_v1 eap_success success_request_with_credentials_v1 inner_success / ε | success_response_v1 success_response_v1 after_eap_success success_response_v1 empty_peap]
Mar 26, 2026 2:03:36 PM de.learnlib.logging.LearnLogger logQuery
INFO: [ε | success_request_with_credentials_v1 success_request_with_credentials_v1 eap_success success_request_with_credentials_v1 id_request_v1 / ε | success_response_v1 success_response_v1 after_eap_success success_response_v1 id_response_v1]
Mar 26, 2026 2:03:43 PM de.learnlib.logging.LearnLogger logQuery
INFO: [ε | success_request_with_credentials_v1 success_request_with_credentials_v1 eap_success success_request_with_credentials_v1 id_request_v1 inner_success / ε | success_response_v1 success_response_v1 after_eap_success success_response_v1 id_response_v1 empty_peap]
Mar 26, 2026 2:03:50 PM de.learnlib.logging.LearnLogger logQuery
INFO: [ε | success_request_with_credentials_v1 success_request_with_credentials_v1 id_request_v1 inner_success inner_failure / ε | success_response_v1 success_response_v1 id_response_v1 empty_peap no_reply]
Mar 26, 2026 2:03:57 PM de.learnlib.logging.LearnLogger logQuery
INFO: [ε | success_request_with_credentials_v1 success_request_with_credentials_v1 id_request_v1 inner_success inner_success / ε | success_response_v1 success_response_v1 id_response_v1 empty_peap no_reply]
Mar 26, 2026 2:04:04 PM de.learnlib.logging.LearnLogger logQuery
INFO: [ε | success_request_with_credentials_v1 success_request_with_credentials_v1 id_request_v1 inner_success id_request_v1 / ε | success_response_v1 success_response_v1 id_response_v1 empty_peap no_reply]
Mar 26, 2026 2:04:04 PM de.learnlib.logging.LearnLogger logQuery
INFO: DB CACHE [ε | success_request_with_credentials_v1 success_request_with_credentials_v1 id_request_v1 inner_success id_request_v1 inner_success /  success_response_v1 success_response_v1 id_response_v1 empty_peap no_reply -]
Mar 26, 2026 2:04:11 PM de.learnlib.logging.LearnLogger logQuery
INFO: [ε | success_request_with_credentials_v1 success_request_with_credentials_v1 challenge_v1 inner_success inner_failure / ε | success_response_v1 success_response_v1 challenge_response_v1 empty_peap no_reply]
Mar 26, 2026 2:04:18 PM de.learnlib.logging.LearnLogger logQuery
INFO: [ε | success_request_with_credentials_v1 success_request_with_credentials_v1 challenge_v1 inner_success inner_success / ε | success_response_v1 success_response_v1 challenge_response_v1 empty_peap no_reply]
Mar 26, 2026 2:04:25 PM de.learnlib.logging.LearnLogger logQuery
INFO: [ε | success_request_with_credentials_v1 success_request_with_credentials_v1 challenge_v1 inner_success id_request_v1 / ε | success_response_v1 success_response_v1 challenge_response_v1 empty_peap no_reply]
Mar 26, 2026 2:04:25 PM de.learnlib.logging.LearnLogger logQuery
INFO: DB CACHE [ε | success_request_with_credentials_v1 success_request_with_credentials_v1 challenge_v1 inner_success id_request_v1 inner_success /  success_response_v1 success_response_v1 challenge_response_v1 empty_peap no_reply -]
Mar 26, 2026 2:04:32 PM de.learnlib.logging.LearnLogger logQuery
INFO: [ε | success_request_with_credentials_v1 success_request_with_credentials_v1 success_request_with_credentials_v1 inner_success inner_failure / ε | success_response_v1 success_response_v1 success_response_v1 empty_peap no_reply]
Mar 26, 2026 2:04:39 PM de.learnlib.logging.LearnLogger logQuery
INFO: [ε | success_request_with_credentials_v1 success_request_with_credentials_v1 success_request_with_credentials_v1 inner_success inner_success / ε | success_response_v1 success_response_v1 success_response_v1 empty_peap no_reply]
Mar 26, 2026 2:04:46 PM de.learnlib.logging.LearnLogger logQuery
INFO: [ε | success_request_with_credentials_v1 success_request_with_credentials_v1 success_request_with_credentials_v1 inner_success id_request_v1 / ε | success_response_v1 success_response_v1 success_response_v1 empty_peap no_reply]
Mar 26, 2026 2:04:47 PM de.learnlib.logging.LearnLogger logQuery
INFO: DB CACHE [ε | success_request_with_credentials_v1 success_request_with_credentials_v1 success_request_with_credentials_v1 inner_success id_request_v1 inner_success /  success_response_v1 success_response_v1 success_response_v1 empty_peap no_reply -]
Mar 26, 2026 2:04:53 PM de.learnlib.logging.LearnLogger logQuery
INFO: [ε | success_request_with_credentials_v1 success_request_with_credentials_v1 id_request_v1 eap_success / ε | success_response_v1 success_response_v1 id_response_v1 after_eap_success]
Mar 26, 2026 2:05:01 PM de.learnlib.logging.LearnLogger logQuery
INFO: [ε | success_request_with_credentials_v1 success_request_with_credentials_v1 id_request_v1 eap_success inner_failure / ε | success_response_v1 success_response_v1 id_response_v1 after_eap_success no_reply]
Mar 26, 2026 2:05:08 PM de.learnlib.logging.LearnLogger logQuery
INFO: [ε | success_request_with_credentials_v1 success_request_with_credentials_v1 id_request_v1 eap_success inner_success / ε | success_response_v1 success_response_v1 id_response_v1 after_eap_success no_reply]
Mar 26, 2026 2:05:15 PM de.learnlib.logging.LearnLogger logQuery
INFO: [ε | success_request_with_credentials_v1 success_request_with_credentials_v1 id_request_v1 eap_success id_request_v1 / ε | success_response_v1 success_response_v1 id_response_v1 after_eap_success id_response_v1]
Mar 26, 2026 2:05:22 PM de.learnlib.logging.LearnLogger logQuery
INFO: [ε | success_request_with_credentials_v1 success_request_with_credentials_v1 id_request_v1 eap_success id_request_v1 inner_success / ε | success_response_v1 success_response_v1 id_response_v1 after_eap_success id_response_v1 empty_peap]
Mar 26, 2026 2:05:29 PM de.learnlib.logging.LearnLogger logQuery
INFO: [ε | success_request_with_credentials_v1 success_request_with_credentials_v1 challenge_v1 eap_success / ε | success_response_v1 success_response_v1 challenge_response_v1 after_eap_success]
Mar 26, 2026 2:05:36 PM de.learnlib.logging.LearnLogger logQuery
INFO: [ε | success_request_with_credentials_v1 success_request_with_credentials_v1 challenge_v1 eap_success inner_failure / ε | success_response_v1 success_response_v1 challenge_response_v1 after_eap_success no_reply]
Mar 26, 2026 2:05:43 PM de.learnlib.logging.LearnLogger logQuery
INFO: [ε | success_request_with_credentials_v1 success_request_with_credentials_v1 challenge_v1 eap_success inner_success / ε | success_response_v1 success_response_v1 challenge_response_v1 after_eap_success no_reply]
Mar 26, 2026 2:05:50 PM de.learnlib.logging.LearnLogger logQuery
INFO: [ε | success_request_with_credentials_v1 success_request_with_credentials_v1 challenge_v1 eap_success id_request_v1 / ε | success_response_v1 success_response_v1 challenge_response_v1 after_eap_success id_response_v1]
Mar 26, 2026 2:05:57 PM de.learnlib.logging.LearnLogger logQuery
INFO: [ε | success_request_with_credentials_v1 success_request_with_credentials_v1 challenge_v1 eap_success id_request_v1 inner_success / ε | success_response_v1 success_response_v1 challenge_response_v1 after_eap_success id_response_v1 empty_peap]
Mar 26, 2026 2:06:04 PM de.learnlib.logging.LearnLogger logQuery
INFO: [ε | success_request_with_credentials_v1 success_request_with_credentials_v1 success_request_with_credentials_v1 eap_success / ε | success_response_v1 success_response_v1 success_response_v1 after_eap_success]
Mar 26, 2026 2:06:11 PM de.learnlib.logging.LearnLogger logQuery
INFO: [ε | success_request_with_credentials_v1 success_request_with_credentials_v1 success_request_with_credentials_v1 eap_success inner_failure / ε | success_response_v1 success_response_v1 success_response_v1 after_eap_success no_reply]
Mar 26, 2026 2:06:19 PM de.learnlib.logging.LearnLogger logQuery
INFO: [ε | success_request_with_credentials_v1 success_request_with_credentials_v1 success_request_with_credentials_v1 eap_success inner_success / ε | success_response_v1 success_response_v1 success_response_v1 after_eap_success no_reply]
Mar 26, 2026 2:06:26 PM de.learnlib.logging.LearnLogger logQuery
INFO: [ε | success_request_with_credentials_v1 success_request_with_credentials_v1 success_request_with_credentials_v1 eap_success id_request_v1 / ε | success_response_v1 success_response_v1 success_response_v1 after_eap_success id_response_v1]
Mar 26, 2026 2:06:33 PM de.learnlib.logging.LearnLogger logQuery
INFO: [ε | success_request_with_credentials_v1 success_request_with_credentials_v1 success_request_with_credentials_v1 eap_success id_request_v1 inner_success / ε | success_response_v1 success_response_v1 success_response_v1 after_eap_success id_response_v1 empty_peap]
Mar 26, 2026 2:06:40 PM de.learnlib.logging.LearnLogger logQuery
INFO: [ε | success_request_with_credentials_v1 success_request_with_credentials_v1 inner_success eap_success / ε | success_response_v1 success_response_v1 empty_peap after_eap_success]
Mar 26, 2026 2:06:47 PM de.learnlib.logging.LearnLogger logQuery
INFO: [ε | success_request_with_credentials_v1 success_request_with_credentials_v1 inner_success eap_success inner_failure / ε | success_response_v1 success_response_v1 empty_peap after_eap_success deauthentication]
Mar 26, 2026 2:06:54 PM de.learnlib.logging.LearnLogger logQuery
INFO: [ε | success_request_with_credentials_v1 success_request_with_credentials_v1 inner_success eap_success inner_success / ε | success_response_v1 success_response_v1 empty_peap after_eap_success deauthentication]
Mar 26, 2026 2:07:01 PM de.learnlib.logging.LearnLogger logQuery
INFO: [ε | success_request_with_credentials_v1 success_request_with_credentials_v1 inner_success eap_success id_request_v1 / ε | success_response_v1 success_response_v1 empty_peap after_eap_success deauthentication]
Mar 26, 2026 2:07:01 PM de.learnlib.logging.LearnLogger logQuery
INFO: DB CACHE [ε | success_request_with_credentials_v1 success_request_with_credentials_v1 inner_success eap_success id_request_v1 inner_success /  success_response_v1 success_response_v1 empty_peap after_eap_success deauthentication -]
Mar 26, 2026 2:07:08 PM de.learnlib.logging.LearnLogger logQuery
INFO: [ε | success_request_with_credentials_v1 success_request_with_credentials_v1 eap_success eap_success / ε | success_response_v1 success_response_v1 after_eap_success after_eap_success]
Mar 26, 2026 2:07:16 PM de.learnlib.logging.LearnLogger logQuery
INFO: [ε | success_request_with_credentials_v1 success_request_with_credentials_v1 eap_success eap_success inner_failure / ε | success_response_v1 success_response_v1 after_eap_success after_eap_success no_reply]
Mar 26, 2026 2:07:23 PM de.learnlib.logging.LearnLogger logQuery
INFO: [ε | success_request_with_credentials_v1 success_request_with_credentials_v1 eap_success eap_success inner_success / ε | success_response_v1 success_response_v1 after_eap_success after_eap_success no_reply]
Mar 26, 2026 2:07:30 PM de.learnlib.logging.LearnLogger logQuery
INFO: [ε | success_request_with_credentials_v1 success_request_with_credentials_v1 eap_success eap_success id_request_v1 / ε | success_response_v1 success_response_v1 after_eap_success after_eap_success id_response_v1]
Mar 26, 2026 2:07:37 PM de.learnlib.logging.LearnLogger logQuery
INFO: [ε | success_request_with_credentials_v1 success_request_with_credentials_v1 eap_success eap_success id_request_v1 inner_success / ε | success_response_v1 success_response_v1 after_eap_success after_eap_success id_response_v1 empty_peap]
Mar 26, 2026 2:07:44 PM de.learnlib.logging.LearnLogger logQuery
INFO: [ε | success_request_with_credentials_v1 success_request_with_credentials_v1 id_request_v1 4_way_message_1 / ε | success_response_v1 success_response_v1 id_response_v1 no_reply]
Mar 26, 2026 2:07:52 PM de.learnlib.logging.LearnLogger logQuery
INFO: [ε | success_request_with_credentials_v1 success_request_with_credentials_v1 challenge_v1 4_way_message_1 / ε | success_response_v1 success_response_v1 challenge_response_v1 no_reply]
Mar 26, 2026 2:07:59 PM de.learnlib.logging.LearnLogger logQuery
INFO: [ε | success_request_with_credentials_v1 success_request_with_credentials_v1 success_request_with_credentials_v1 4_way_message_1 / ε | success_response_v1 success_response_v1 success_response_v1 no_reply]
Mar 26, 2026 2:08:06 PM de.learnlib.logging.LearnLogger logQuery
INFO: [ε | success_request_with_credentials_v1 success_request_with_credentials_v1 inner_success 4_way_message_1 / ε | success_response_v1 success_response_v1 empty_peap 4_way_message_2]
Mar 26, 2026 2:08:13 PM de.learnlib.logging.LearnLogger logQuery
INFO: [ε | success_request_with_credentials_v1 success_request_with_credentials_v1 eap_success 4_way_message_1 / ε | success_response_v1 success_response_v1 after_eap_success no_reply]
Mar 26, 2026 2:08:13 PM de.learnlib.logging.LearnLogger logQuery
INFO: DB CACHE [ε | success_request_with_credentials_v1 inner_success eap_success challenge_v1 /  success_response_v1 empty_peap after_eap_success deauthentication]
Mar 26, 2026 2:08:13 PM de.learnlib.logging.LearnLogger logQuery
INFO: DB CACHE [ε | success_request_with_credentials_v1 inner_success eap_success success_request_all_zeros_v1 /  success_response_v1 empty_peap after_eap_success deauthentication]
Mar 26, 2026 2:08:13 PM de.learnlib.logging.LearnLogger logQuery
INFO: DB CACHE [ε | success_request_with_credentials_v1 inner_success eap_success success_request_with_credentials_v1 /  success_response_v1 empty_peap after_eap_success deauthentication]
Mar 26, 2026 2:08:13 PM de.learnlib.logging.LearnLogger logQuery
INFO: DB CACHE [ε | success_request_with_credentials_v1 inner_success eap_success eap_success /  success_response_v1 empty_peap after_eap_success after_eap_success]
Mar 26, 2026 2:08:13 PM de.learnlib.logging.LearnLogger logQuery
INFO: DB CACHE [ε | success_request_with_credentials_v1 inner_success eap_success eap_success inner_failure /  success_response_v1 empty_peap after_eap_success after_eap_success deauthentication]
Mar 26, 2026 2:08:13 PM de.learnlib.logging.LearnLogger logQuery
INFO: DB CACHE [ε | success_request_with_credentials_v1 inner_success eap_success eap_success inner_success /  success_response_v1 empty_peap after_eap_success after_eap_success deauthentication]
Mar 26, 2026 2:08:13 PM de.learnlib.logging.LearnLogger logQuery
INFO: DB CACHE [ε | success_request_with_credentials_v1 inner_success eap_success eap_success id_request_v1 /  success_response_v1 empty_peap after_eap_success after_eap_success deauthentication]
Mar 26, 2026 2:08:13 PM de.learnlib.logging.LearnLogger logQuery
INFO: DB CACHE [ε | success_request_with_credentials_v1 inner_success eap_success eap_success id_request_v1 inner_success /  success_response_v1 empty_peap after_eap_success after_eap_success deauthentication -]
Mar 26, 2026 2:08:13 PM de.learnlib.logging.LearnLogger logQuery
INFO: DB CACHE [ε | success_request_with_credentials_v1 inner_success eap_success 4_way_message_1 /  success_response_v1 empty_peap after_eap_success 4_way_message_2]
Mar 26, 2026 2:08:13 PM de.learnlib.logging.LearnLogger logQuery
INFO: DB CACHE [ε | success_request_with_credentials_v1 eap_success id_request_v1 id_request_v1 inner_failure /  success_response_v1 after_eap_success id_response_v1 id_response_v1 no_reply]
Mar 26, 2026 2:08:13 PM de.learnlib.logging.LearnLogger logQuery
INFO: DB CACHE [ε | success_request_with_credentials_v1 eap_success id_request_v1 id_request_v1 id_request_v1 /  success_response_v1 after_eap_success id_response_v1 id_response_v1 id_response_v1]
Mar 26, 2026 2:08:13 PM de.learnlib.logging.LearnLogger logQuery
INFO: DB CACHE [ε | success_request_with_credentials_v1 eap_success id_request_v1 id_request_v1 id_request_v1 inner_success /  success_response_v1 after_eap_success id_response_v1 id_response_v1 id_response_v1 empty_peap]
Mar 26, 2026 2:08:20 PM de.learnlib.logging.LearnLogger logQuery
INFO: [ε | success_request_with_credentials_v1 eap_success challenge_v1 id_request_v1 inner_failure / ε | success_response_v1 after_eap_success challenge_response_v1 id_response_v1 no_reply]
Mar 26, 2026 2:08:27 PM de.learnlib.logging.LearnLogger logQuery
INFO: [ε | success_request_with_credentials_v1 eap_success challenge_v1 id_request_v1 id_request_v1 / ε | success_response_v1 after_eap_success challenge_response_v1 id_response_v1 id_response_v1]
Mar 26, 2026 2:08:34 PM de.learnlib.logging.LearnLogger logQuery
INFO: [ε | success_request_with_credentials_v1 eap_success challenge_v1 id_request_v1 id_request_v1 inner_success / ε | success_response_v1 after_eap_success challenge_response_v1 id_response_v1 id_response_v1 empty_peap]
Mar 26, 2026 2:08:42 PM de.learnlib.logging.LearnLogger logQuery
INFO: [ε | success_request_with_credentials_v1 eap_success success_request_with_credentials_v1 id_request_v1 inner_failure / ε | success_response_v1 after_eap_success success_response_v1 id_response_v1 no_reply]
Mar 26, 2026 2:08:49 PM de.learnlib.logging.LearnLogger logQuery
INFO: [ε | success_request_with_credentials_v1 eap_success success_request_with_credentials_v1 id_request_v1 id_request_v1 / ε | success_response_v1 after_eap_success success_response_v1 id_response_v1 id_response_v1]
Mar 26, 2026 2:08:56 PM de.learnlib.logging.LearnLogger logQuery
INFO: [ε | success_request_with_credentials_v1 eap_success success_request_with_credentials_v1 id_request_v1 id_request_v1 inner_success / ε | success_response_v1 after_eap_success success_response_v1 id_response_v1 id_response_v1 empty_peap]
Mar 26, 2026 2:09:03 PM de.learnlib.logging.LearnLogger logQuery
INFO: [ε | success_request_with_credentials_v1 eap_success eap_success id_request_v1 inner_failure / ε | success_response_v1 after_eap_success after_eap_success id_response_v1 no_reply]
Mar 26, 2026 2:09:10 PM de.learnlib.logging.LearnLogger logQuery
INFO: [ε | success_request_with_credentials_v1 eap_success eap_success id_request_v1 id_request_v1 / ε | success_response_v1 after_eap_success after_eap_success id_response_v1 id_response_v1]
Mar 26, 2026 2:09:17 PM de.learnlib.logging.LearnLogger logQuery
INFO: [ε | success_request_with_credentials_v1 eap_success eap_success id_request_v1 id_request_v1 inner_success / ε | success_response_v1 after_eap_success after_eap_success id_response_v1 id_response_v1 empty_peap]
Mar 26, 2026 2:09:18 PM de.learnlib.logging.LearnLogger logQuery
INFO: DB CACHE [ε | success_request_with_credentials_v1 eap_success id_request_v1 challenge_v1 /  success_response_v1 after_eap_success id_response_v1 challenge_response_v1]
Mar 26, 2026 2:09:18 PM de.learnlib.logging.LearnLogger logQuery
INFO: DB CACHE [ε | success_request_with_credentials_v1 eap_success id_request_v1 challenge_v1 inner_failure /  success_response_v1 after_eap_success id_response_v1 challenge_response_v1 no_reply]
Mar 26, 2026 2:09:18 PM de.learnlib.logging.LearnLogger logQuery
INFO: DB CACHE [ε | success_request_with_credentials_v1 eap_success id_request_v1 challenge_v1 inner_success /  success_response_v1 after_eap_success id_response_v1 challenge_response_v1 empty_peap]
Mar 26, 2026 2:09:18 PM de.learnlib.logging.LearnLogger logQuery
INFO: DB CACHE [ε | success_request_with_credentials_v1 eap_success id_request_v1 challenge_v1 id_request_v1 /  success_response_v1 after_eap_success id_response_v1 challenge_response_v1 id_response_v1]
Mar 26, 2026 2:09:18 PM de.learnlib.logging.LearnLogger logQuery
INFO: DB CACHE [ε | success_request_with_credentials_v1 eap_success id_request_v1 challenge_v1 id_request_v1 inner_success /  success_response_v1 after_eap_success id_response_v1 challenge_response_v1 id_response_v1 empty_peap]
Mar 26, 2026 2:09:18 PM de.learnlib.logging.LearnLogger logQuery
INFO: DB CACHE [ε | success_request_with_credentials_v1 eap_success challenge_v1 challenge_v1 /  success_response_v1 after_eap_success challenge_response_v1 challenge_response_v1]
Mar 26, 2026 2:09:25 PM de.learnlib.logging.LearnLogger logQuery
INFO: [ε | success_request_with_credentials_v1 eap_success challenge_v1 challenge_v1 inner_failure / ε | success_response_v1 after_eap_success challenge_response_v1 challenge_response_v1 no_reply]
Mar 26, 2026 2:09:32 PM de.learnlib.logging.LearnLogger logQuery
INFO: [ε | success_request_with_credentials_v1 eap_success challenge_v1 challenge_v1 inner_success / ε | success_response_v1 after_eap_success challenge_response_v1 challenge_response_v1 empty_peap]
Mar 26, 2026 2:09:39 PM de.learnlib.logging.LearnLogger logQuery
INFO: [ε | success_request_with_credentials_v1 eap_success challenge_v1 challenge_v1 id_request_v1 / ε | success_response_v1 after_eap_success challenge_response_v1 challenge_response_v1 id_response_v1]
Mar 26, 2026 2:09:45 PM de.learnlib.logging.LearnLogger logQuery
INFO: [ε | success_request_with_credentials_v1 eap_success challenge_v1 challenge_v1 id_request_v1 inner_success / ε | success_response_v1 after_eap_success challenge_response_v1 challenge_response_v1 id_response_v1 empty_peap]
Mar 26, 2026 2:09:46 PM de.learnlib.logging.LearnLogger logQuery
INFO: DB CACHE [ε | success_request_with_credentials_v1 eap_success success_request_with_credentials_v1 challenge_v1 /  success_response_v1 after_eap_success success_response_v1 challenge_response_v1]
Mar 26, 2026 2:09:53 PM de.learnlib.logging.LearnLogger logQuery
INFO: [ε | success_request_with_credentials_v1 eap_success success_request_with_credentials_v1 challenge_v1 inner_failure / ε | success_response_v1 after_eap_success success_response_v1 challenge_response_v1 no_reply]
Mar 26, 2026 2:10:00 PM de.learnlib.logging.LearnLogger logQuery
INFO: [ε | success_request_with_credentials_v1 eap_success success_request_with_credentials_v1 challenge_v1 inner_success / ε | success_response_v1 after_eap_success success_response_v1 challenge_response_v1 empty_peap]
Mar 26, 2026 2:10:07 PM de.learnlib.logging.LearnLogger logQuery
INFO: [ε | success_request_with_credentials_v1 eap_success success_request_with_credentials_v1 challenge_v1 id_request_v1 / ε | success_response_v1 after_eap_success success_response_v1 challenge_response_v1 id_response_v1]
Mar 26, 2026 2:10:14 PM de.learnlib.logging.LearnLogger logQuery
INFO: [ε | success_request_with_credentials_v1 eap_success success_request_with_credentials_v1 challenge_v1 id_request_v1 inner_success / ε | success_response_v1 after_eap_success success_response_v1 challenge_response_v1 id_response_v1 empty_peap]
Mar 26, 2026 2:10:14 PM de.learnlib.logging.LearnLogger logQuery
INFO: DB CACHE [ε | success_request_with_credentials_v1 eap_success eap_success challenge_v1 /  success_response_v1 after_eap_success after_eap_success challenge_response_v1]
Mar 26, 2026 2:10:21 PM de.learnlib.logging.LearnLogger logQuery
INFO: [ε | success_request_with_credentials_v1 eap_success eap_success challenge_v1 inner_failure / ε | success_response_v1 after_eap_success after_eap_success challenge_response_v1 no_reply]
Mar 26, 2026 2:10:28 PM de.learnlib.logging.LearnLogger logQuery
INFO: [ε | success_request_with_credentials_v1 eap_success eap_success challenge_v1 inner_success / ε | success_response_v1 after_eap_success after_eap_success challenge_response_v1 empty_peap]
Mar 26, 2026 2:10:35 PM de.learnlib.logging.LearnLogger logQuery
INFO: [ε | success_request_with_credentials_v1 eap_success eap_success challenge_v1 id_request_v1 / ε | success_response_v1 after_eap_success after_eap_success challenge_response_v1 id_response_v1]
Mar 26, 2026 2:10:42 PM de.learnlib.logging.LearnLogger logQuery
INFO: [ε | success_request_with_credentials_v1 eap_success eap_success challenge_v1 id_request_v1 inner_success / ε | success_response_v1 after_eap_success after_eap_success challenge_response_v1 id_response_v1 empty_peap]
Mar 26, 2026 2:10:43 PM de.learnlib.logging.LearnLogger logQuery
INFO: DB CACHE [ε | success_request_with_credentials_v1 eap_success id_request_v1 success_request_all_zeros_v1 /  success_response_v1 after_eap_success id_response_v1 encrypted_alert]
Mar 26, 2026 2:10:43 PM de.learnlib.logging.LearnLogger logQuery
INFO: DB CACHE [ε | success_request_with_credentials_v1 eap_success challenge_v1 success_request_all_zeros_v1 /  success_response_v1 after_eap_success challenge_response_v1 encrypted_alert]
Mar 26, 2026 2:10:43 PM de.learnlib.logging.LearnLogger logQuery
INFO: DB CACHE [ε | success_request_with_credentials_v1 eap_success success_request_with_credentials_v1 success_request_all_zeros_v1 /  success_response_v1 after_eap_success success_response_v1 encrypted_alert]
Mar 26, 2026 2:10:43 PM de.learnlib.logging.LearnLogger logQuery
INFO: DB CACHE [ε | success_request_with_credentials_v1 eap_success eap_success success_request_all_zeros_v1 /  success_response_v1 after_eap_success after_eap_success encrypted_alert]
Mar 26, 2026 2:10:43 PM de.learnlib.logging.LearnLogger logQuery
INFO: DB CACHE [ε | success_request_with_credentials_v1 eap_success id_request_v1 success_request_with_credentials_v1 /  success_response_v1 after_eap_success id_response_v1 success_response_v1]
Mar 26, 2026 2:10:43 PM de.learnlib.logging.LearnLogger logQuery
INFO: DB CACHE [ε | success_request_with_credentials_v1 eap_success id_request_v1 success_request_with_credentials_v1 inner_failure /  success_response_v1 after_eap_success id_response_v1 success_response_v1 no_reply]
Mar 26, 2026 2:10:43 PM de.learnlib.logging.LearnLogger logQuery
INFO: DB CACHE [ε | success_request_with_credentials_v1 eap_success id_request_v1 success_request_with_credentials_v1 inner_success /  success_response_v1 after_eap_success id_response_v1 success_response_v1 empty_peap]
Mar 26, 2026 2:10:43 PM de.learnlib.logging.LearnLogger logQuery
INFO: DB CACHE [ε | success_request_with_credentials_v1 eap_success id_request_v1 success_request_with_credentials_v1 id_request_v1 /  success_response_v1 after_eap_success id_response_v1 success_response_v1 id_response_v1]
Mar 26, 2026 2:10:43 PM de.learnlib.logging.LearnLogger logQuery
INFO: DB CACHE [ε | success_request_with_credentials_v1 eap_success id_request_v1 success_request_with_credentials_v1 id_request_v1 inner_success /  success_response_v1 after_eap_success id_response_v1 success_response_v1 id_response_v1 empty_peap]
Mar 26, 2026 2:10:43 PM de.learnlib.logging.LearnLogger logQuery
INFO: DB CACHE [ε | success_request_with_credentials_v1 eap_success challenge_v1 success_request_with_credentials_v1 /  success_response_v1 after_eap_success challenge_response_v1 success_response_v1]
Mar 26, 2026 2:10:50 PM de.learnlib.logging.LearnLogger logQuery
INFO: [ε | success_request_with_credentials_v1 eap_success challenge_v1 success_request_with_credentials_v1 inner_failure / ε | success_response_v1 after_eap_success challenge_response_v1 success_response_v1 no_reply]
Mar 26, 2026 2:10:57 PM de.learnlib.logging.LearnLogger logQuery
INFO: [ε | success_request_with_credentials_v1 eap_success challenge_v1 success_request_with_credentials_v1 inner_success / ε | success_response_v1 after_eap_success challenge_response_v1 success_response_v1 empty_peap]
Mar 26, 2026 2:11:04 PM de.learnlib.logging.LearnLogger logQuery
INFO: [ε | success_request_with_credentials_v1 eap_success challenge_v1 success_request_with_credentials_v1 id_request_v1 / ε | success_response_v1 after_eap_success challenge_response_v1 success_response_v1 id_response_v1]
Mar 26, 2026 2:11:11 PM de.learnlib.logging.LearnLogger logQuery
INFO: [ε | success_request_with_credentials_v1 eap_success challenge_v1 success_request_with_credentials_v1 id_request_v1 inner_success / ε | success_response_v1 after_eap_success challenge_response_v1 success_response_v1 id_response_v1 empty_peap]
Mar 26, 2026 2:11:11 PM de.learnlib.logging.LearnLogger logQuery
INFO: DB CACHE [ε | success_request_with_credentials_v1 eap_success success_request_with_credentials_v1 success_request_with_credentials_v1 /  success_response_v1 after_eap_success success_response_v1 success_response_v1]
Mar 26, 2026 2:11:18 PM de.learnlib.logging.LearnLogger logQuery
INFO: [ε | success_request_with_credentials_v1 eap_success success_request_with_credentials_v1 success_request_with_credentials_v1 inner_failure / ε | success_response_v1 after_eap_success success_response_v1 success_response_v1 no_reply]
Mar 26, 2026 2:11:25 PM de.learnlib.logging.LearnLogger logQuery
INFO: [ε | success_request_with_credentials_v1 eap_success success_request_with_credentials_v1 success_request_with_credentials_v1 inner_success / ε | success_response_v1 after_eap_success success_response_v1 success_response_v1 empty_peap]
Mar 26, 2026 2:11:32 PM de.learnlib.logging.LearnLogger logQuery
INFO: [ε | success_request_with_credentials_v1 eap_success success_request_with_credentials_v1 success_request_with_credentials_v1 id_request_v1 / ε | success_response_v1 after_eap_success success_response_v1 success_response_v1 id_response_v1]
Mar 26, 2026 2:11:39 PM de.learnlib.logging.LearnLogger logQuery
INFO: [ε | success_request_with_credentials_v1 eap_success success_request_with_credentials_v1 success_request_with_credentials_v1 id_request_v1 inner_success / ε | success_response_v1 after_eap_success success_response_v1 success_response_v1 id_response_v1 empty_peap]
Mar 26, 2026 2:11:39 PM de.learnlib.logging.LearnLogger logQuery
INFO: DB CACHE [ε | success_request_with_credentials_v1 eap_success eap_success success_request_with_credentials_v1 /  success_response_v1 after_eap_success after_eap_success success_response_v1]
Mar 26, 2026 2:11:46 PM de.learnlib.logging.LearnLogger logQuery
INFO: [ε | success_request_with_credentials_v1 eap_success eap_success success_request_with_credentials_v1 inner_failure / ε | success_response_v1 after_eap_success after_eap_success success_response_v1 no_reply]
Mar 26, 2026 2:11:53 PM de.learnlib.logging.LearnLogger logQuery
INFO: [ε | success_request_with_credentials_v1 eap_success eap_success success_request_with_credentials_v1 inner_success / ε | success_response_v1 after_eap_success after_eap_success success_response_v1 empty_peap]
Mar 26, 2026 2:12:01 PM de.learnlib.logging.LearnLogger logQuery
INFO: [ε | success_request_with_credentials_v1 eap_success eap_success success_request_with_credentials_v1 id_request_v1 / ε | success_response_v1 after_eap_success after_eap_success success_response_v1 id_response_v1]
Mar 26, 2026 2:12:08 PM de.learnlib.logging.LearnLogger logQuery
INFO: [ε | success_request_with_credentials_v1 eap_success eap_success success_request_with_credentials_v1 id_request_v1 inner_success / ε | success_response_v1 after_eap_success after_eap_success success_response_v1 id_response_v1 empty_peap]
Mar 26, 2026 2:12:08 PM de.learnlib.logging.LearnLogger logQuery
INFO: DB CACHE [ε | success_request_with_credentials_v1 eap_success id_request_v1 inner_success inner_failure /  success_response_v1 after_eap_success id_response_v1 empty_peap no_reply]
Mar 26, 2026 2:12:08 PM de.learnlib.logging.LearnLogger logQuery
INFO: DB CACHE [ε | success_request_with_credentials_v1 eap_success id_request_v1 inner_success inner_success /  success_response_v1 after_eap_success id_response_v1 empty_peap no_reply]
Mar 26, 2026 2:12:08 PM de.learnlib.logging.LearnLogger logQuery
INFO: DB CACHE [ε | success_request_with_credentials_v1 eap_success id_request_v1 inner_success id_request_v1 /  success_response_v1 after_eap_success id_response_v1 empty_peap no_reply]
Mar 26, 2026 2:12:08 PM de.learnlib.logging.LearnLogger logQuery
INFO: DB CACHE [ε | success_request_with_credentials_v1 eap_success id_request_v1 inner_success id_request_v1 inner_success /  success_response_v1 after_eap_success id_response_v1 empty_peap no_reply -]
Mar 26, 2026 2:12:15 PM de.learnlib.logging.LearnLogger logQuery
INFO: [ε | success_request_with_credentials_v1 eap_success challenge_v1 inner_success inner_failure / ε | success_response_v1 after_eap_success challenge_response_v1 empty_peap no_reply]
Mar 26, 2026 2:12:22 PM de.learnlib.logging.LearnLogger logQuery
INFO: [ε | success_request_with_credentials_v1 eap_success challenge_v1 inner_success inner_success / ε | success_response_v1 after_eap_success challenge_response_v1 empty_peap no_reply]
Mar 26, 2026 2:12:29 PM de.learnlib.logging.LearnLogger logQuery
INFO: [ε | success_request_with_credentials_v1 eap_success challenge_v1 inner_success id_request_v1 / ε | success_response_v1 after_eap_success challenge_response_v1 empty_peap no_reply]
Mar 26, 2026 2:12:30 PM de.learnlib.logging.LearnLogger logQuery
INFO: DB CACHE [ε | success_request_with_credentials_v1 eap_success challenge_v1 inner_success id_request_v1 inner_success /  success_response_v1 after_eap_success challenge_response_v1 empty_peap no_reply -]
Mar 26, 2026 2:12:37 PM de.learnlib.logging.LearnLogger logQuery
INFO: [ε | success_request_with_credentials_v1 eap_success success_request_with_credentials_v1 inner_success inner_failure / ε | success_response_v1 after_eap_success success_response_v1 empty_peap no_reply]
Mar 26, 2026 2:12:44 PM de.learnlib.logging.LearnLogger logQuery
INFO: [ε | success_request_with_credentials_v1 eap_success success_request_with_credentials_v1 inner_success inner_success / ε | success_response_v1 after_eap_success success_response_v1 empty_peap no_reply]
Mar 26, 2026 2:12:51 PM de.learnlib.logging.LearnLogger logQuery
INFO: [ε | success_request_with_credentials_v1 eap_success success_request_with_credentials_v1 inner_success id_request_v1 / ε | success_response_v1 after_eap_success success_response_v1 empty_peap no_reply]
Mar 26, 2026 2:12:52 PM de.learnlib.logging.LearnLogger logQuery
INFO: DB CACHE [ε | success_request_with_credentials_v1 eap_success success_request_with_credentials_v1 inner_success id_request_v1 inner_success /  success_response_v1 after_eap_success success_response_v1 empty_peap no_reply -]
Mar 26, 2026 2:12:52 PM de.learnlib.logging.LearnLogger logQuery
INFO: DB CACHE [ε | success_request_with_credentials_v1 eap_success id_request_v1 eap_success /  success_response_v1 after_eap_success id_response_v1 after_eap_success]
Mar 26, 2026 2:12:52 PM de.learnlib.logging.LearnLogger logQuery
INFO: DB CACHE [ε | success_request_with_credentials_v1 eap_success id_request_v1 eap_success inner_failure /  success_response_v1 after_eap_success id_response_v1 after_eap_success no_reply]
Mar 26, 2026 2:12:52 PM de.learnlib.logging.LearnLogger logQuery
INFO: DB CACHE [ε | success_request_with_credentials_v1 eap_success id_request_v1 eap_success inner_success /  success_response_v1 after_eap_success id_response_v1 after_eap_success no_reply]
Mar 26, 2026 2:12:52 PM de.learnlib.logging.LearnLogger logQuery
INFO: DB CACHE [ε | success_request_with_credentials_v1 eap_success id_request_v1 eap_success id_request_v1 /  success_response_v1 after_eap_success id_response_v1 after_eap_success id_response_v1]
Mar 26, 2026 2:12:52 PM de.learnlib.logging.LearnLogger logQuery
INFO: DB CACHE [ε | success_request_with_credentials_v1 eap_success id_request_v1 eap_success id_request_v1 inner_success /  success_response_v1 after_eap_success id_response_v1 after_eap_success id_response_v1 empty_peap]
Mar 26, 2026 2:12:52 PM de.learnlib.logging.LearnLogger logQuery
INFO: DB CACHE [ε | success_request_with_credentials_v1 eap_success challenge_v1 eap_success /  success_response_v1 after_eap_success challenge_response_v1 after_eap_success]
Mar 26, 2026 2:12:59 PM de.learnlib.logging.LearnLogger logQuery
INFO: [ε | success_request_with_credentials_v1 eap_success challenge_v1 eap_success inner_failure / ε | success_response_v1 after_eap_success challenge_response_v1 after_eap_success no_reply]
Mar 26, 2026 2:13:06 PM de.learnlib.logging.LearnLogger logQuery
INFO: [ε | success_request_with_credentials_v1 eap_success challenge_v1 eap_success inner_success / ε | success_response_v1 after_eap_success challenge_response_v1 after_eap_success no_reply]
Mar 26, 2026 2:13:14 PM de.learnlib.logging.LearnLogger logQuery
INFO: [ε | success_request_with_credentials_v1 eap_success challenge_v1 eap_success id_request_v1 / ε | success_response_v1 after_eap_success challenge_response_v1 after_eap_success id_response_v1]
Mar 26, 2026 2:13:21 PM de.learnlib.logging.LearnLogger logQuery
INFO: [ε | success_request_with_credentials_v1 eap_success challenge_v1 eap_success id_request_v1 inner_success / ε | success_response_v1 after_eap_success challenge_response_v1 after_eap_success id_response_v1 empty_peap]
Mar 26, 2026 2:13:21 PM de.learnlib.logging.LearnLogger logQuery
INFO: DB CACHE [ε | success_request_with_credentials_v1 eap_success success_request_with_credentials_v1 eap_success /  success_response_v1 after_eap_success success_response_v1 after_eap_success]
Mar 26, 2026 2:13:28 PM de.learnlib.logging.LearnLogger logQuery
INFO: [ε | success_request_with_credentials_v1 eap_success success_request_with_credentials_v1 eap_success inner_failure / ε | success_response_v1 after_eap_success success_response_v1 after_eap_success no_reply]
Mar 26, 2026 2:13:36 PM de.learnlib.logging.LearnLogger logQuery
INFO: [ε | success_request_with_credentials_v1 eap_success success_request_with_credentials_v1 eap_success inner_success / ε | success_response_v1 after_eap_success success_response_v1 after_eap_success no_reply]
Mar 26, 2026 2:13:43 PM de.learnlib.logging.LearnLogger logQuery
INFO: [ε | success_request_with_credentials_v1 eap_success success_request_with_credentials_v1 eap_success id_request_v1 / ε | success_response_v1 after_eap_success success_response_v1 after_eap_success id_response_v1]
Mar 26, 2026 2:13:50 PM de.learnlib.logging.LearnLogger logQuery
INFO: [ε | success_request_with_credentials_v1 eap_success success_request_with_credentials_v1 eap_success id_request_v1 inner_success / ε | success_response_v1 after_eap_success success_response_v1 after_eap_success id_response_v1 empty_peap]
Mar 26, 2026 2:13:50 PM de.learnlib.logging.LearnLogger logQuery
INFO: DB CACHE [ε | success_request_with_credentials_v1 eap_success eap_success eap_success /  success_response_v1 after_eap_success after_eap_success after_eap_success]
Mar 26, 2026 2:13:57 PM de.learnlib.logging.LearnLogger logQuery
INFO: [ε | success_request_with_credentials_v1 eap_success eap_success eap_success inner_failure / ε | success_response_v1 after_eap_success after_eap_success after_eap_success no_reply]
Mar 26, 2026 2:14:05 PM de.learnlib.logging.LearnLogger logQuery
INFO: [ε | success_request_with_credentials_v1 eap_success eap_success eap_success inner_success / ε | success_response_v1 after_eap_success after_eap_success after_eap_success no_reply]
Mar 26, 2026 2:14:13 PM de.learnlib.logging.LearnLogger logQuery
INFO: [ε | success_request_with_credentials_v1 eap_success eap_success eap_success id_request_v1 / ε | success_response_v1 after_eap_success after_eap_success after_eap_success id_response_v1]
Mar 26, 2026 2:14:20 PM de.learnlib.logging.LearnLogger logQuery
INFO: [ε | success_request_with_credentials_v1 eap_success eap_success eap_success id_request_v1 inner_success / ε | success_response_v1 after_eap_success after_eap_success after_eap_success id_response_v1 empty_peap]
Mar 26, 2026 2:14:20 PM de.learnlib.logging.LearnLogger logQuery
INFO: DB CACHE [ε | success_request_with_credentials_v1 eap_success id_request_v1 4_way_message_1 /  success_response_v1 after_eap_success id_response_v1 no_reply]
Mar 26, 2026 2:14:20 PM de.learnlib.logging.LearnLogger logQuery
INFO: DB CACHE [ε | success_request_with_credentials_v1 eap_success challenge_v1 4_way_message_1 /  success_response_v1 after_eap_success challenge_response_v1 no_reply]
Mar 26, 2026 2:14:20 PM de.learnlib.logging.LearnLogger logQuery
INFO: DB CACHE [ε | success_request_with_credentials_v1 eap_success success_request_with_credentials_v1 4_way_message_1 /  success_response_v1 after_eap_success success_response_v1 no_reply]
Mar 26, 2026 2:14:20 PM de.learnlib.logging.LearnLogger logQuery
INFO: DB CACHE [ε | success_request_with_credentials_v1 eap_success eap_success 4_way_message_1 /  success_response_v1 after_eap_success after_eap_success no_reply]
Mar 26, 2026 2:14:20 PM de.learnlib.logging.LearnLogger logQuery
INFO: DB CACHE [ε | success_request_with_credentials_v1 inner_success eap_success eap_success challenge_v1 /  success_response_v1 empty_peap after_eap_success after_eap_success deauthentication]
Mar 26, 2026 2:14:20 PM de.learnlib.logging.LearnLogger logQuery
INFO: DB CACHE [ε | success_request_with_credentials_v1 inner_success eap_success eap_success success_request_all_zeros_v1 /  success_response_v1 empty_peap after_eap_success after_eap_success deauthentication]
Mar 26, 2026 2:14:20 PM de.learnlib.logging.LearnLogger logQuery
INFO: DB CACHE [ε | success_request_with_credentials_v1 inner_success eap_success eap_success success_request_with_credentials_v1 /  success_response_v1 empty_peap after_eap_success after_eap_success deauthentication]
Mar 26, 2026 2:14:20 PM de.learnlib.logging.LearnLogger logQuery
INFO: DB CACHE [ε | success_request_with_credentials_v1 inner_success eap_success eap_success eap_success /  success_response_v1 empty_peap after_eap_success after_eap_success after_eap_success]
Mar 26, 2026 2:14:27 PM de.learnlib.logging.LearnLogger logQuery
INFO: [ε | success_request_with_credentials_v1 inner_success eap_success eap_success eap_success inner_failure / ε | success_response_v1 empty_peap after_eap_success after_eap_success after_eap_success deauthentication]
Mar 26, 2026 2:14:35 PM de.learnlib.logging.LearnLogger logQuery
INFO: [ε | success_request_with_credentials_v1 inner_success eap_success eap_success eap_success inner_success / ε | success_response_v1 empty_peap after_eap_success after_eap_success after_eap_success deauthentication]
Mar 26, 2026 2:14:42 PM de.learnlib.logging.LearnLogger logQuery
INFO: [ε | success_request_with_credentials_v1 inner_success eap_success eap_success eap_success id_request_v1 / ε | success_response_v1 empty_peap after_eap_success after_eap_success after_eap_success deauthentication]
Mar 26, 2026 2:14:43 PM de.learnlib.logging.LearnLogger logQuery
INFO: DB CACHE [ε | success_request_with_credentials_v1 inner_success eap_success eap_success eap_success id_request_v1 inner_success /  success_response_v1 empty_peap after_eap_success after_eap_success after_eap_success deauthentication -]
Mar 26, 2026 2:14:43 PM de.learnlib.logging.LearnLogger logQuery
INFO: DB CACHE [ε | success_request_with_credentials_v1 inner_success eap_success eap_success 4_way_message_1 /  success_response_v1 empty_peap after_eap_success after_eap_success 4_way_message_2]
Mar 26, 2026 2:14:50 PM de.learnlib.logging.LearnLogger logQuery
INFO: [ε | success_request_with_credentials_v1 eap_success id_request_v1 id_request_v1 id_request_v1 inner_failure / ε | success_response_v1 after_eap_success id_response_v1 id_response_v1 id_response_v1 no_reply]
Mar 26, 2026 2:14:57 PM de.learnlib.logging.LearnLogger logQuery
INFO: [ε | success_request_with_credentials_v1 eap_success id_request_v1 id_request_v1 id_request_v1 id_request_v1 / ε | success_response_v1 after_eap_success id_response_v1 id_response_v1 id_response_v1 id_response_v1]
Mar 26, 2026 2:15:04 PM de.learnlib.logging.LearnLogger logQuery
INFO: [ε | success_request_with_credentials_v1 eap_success id_request_v1 id_request_v1 id_request_v1 id_request_v1 inner_success / ε | success_response_v1 after_eap_success id_response_v1 id_response_v1 id_response_v1 id_response_v1 empty_peap]
Mar 26, 2026 2:15:11 PM de.learnlib.logging.LearnLogger logQuery
INFO: [ε | success_request_with_credentials_v1 eap_success id_request_v1 challenge_v1 id_request_v1 inner_failure / ε | success_response_v1 after_eap_success id_response_v1 challenge_response_v1 id_response_v1 no_reply]
Mar 26, 2026 2:15:18 PM de.learnlib.logging.LearnLogger logQuery
INFO: [ε | success_request_with_credentials_v1 eap_success id_request_v1 challenge_v1 id_request_v1 id_request_v1 / ε | success_response_v1 after_eap_success id_response_v1 challenge_response_v1 id_response_v1 id_response_v1]
Mar 26, 2026 2:15:25 PM de.learnlib.logging.LearnLogger logQuery
INFO: [ε | success_request_with_credentials_v1 eap_success id_request_v1 challenge_v1 id_request_v1 id_request_v1 inner_success / ε | success_response_v1 after_eap_success id_response_v1 challenge_response_v1 id_response_v1 id_response_v1 empty_peap]
Mar 26, 2026 2:15:32 PM de.learnlib.logging.LearnLogger logQuery
INFO: [ε | success_request_with_credentials_v1 eap_success id_request_v1 success_request_with_credentials_v1 id_request_v1 inner_failure / ε | success_response_v1 after_eap_success id_response_v1 success_response_v1 id_response_v1 no_reply]
Mar 26, 2026 2:15:39 PM de.learnlib.logging.LearnLogger logQuery
INFO: [ε | success_request_with_credentials_v1 eap_success id_request_v1 success_request_with_credentials_v1 id_request_v1 id_request_v1 / ε | success_response_v1 after_eap_success id_response_v1 success_response_v1 id_response_v1 id_response_v1]
Mar 26, 2026 2:15:46 PM de.learnlib.logging.LearnLogger logQuery
INFO: [ε | success_request_with_credentials_v1 eap_success id_request_v1 success_request_with_credentials_v1 id_request_v1 id_request_v1 inner_success / ε | success_response_v1 after_eap_success id_response_v1 success_response_v1 id_response_v1 id_response_v1 empty_peap]
Mar 26, 2026 2:15:54 PM de.learnlib.logging.LearnLogger logQuery
INFO: [ε | success_request_with_credentials_v1 eap_success id_request_v1 eap_success id_request_v1 inner_failure / ε | success_response_v1 after_eap_success id_response_v1 after_eap_success id_response_v1 no_reply]
Mar 26, 2026 2:16:01 PM de.learnlib.logging.LearnLogger logQuery
INFO: [ε | success_request_with_credentials_v1 eap_success id_request_v1 eap_success id_request_v1 id_request_v1 / ε | success_response_v1 after_eap_success id_response_v1 after_eap_success id_response_v1 id_response_v1]
Mar 26, 2026 2:16:08 PM de.learnlib.logging.LearnLogger logQuery
INFO: [ε | success_request_with_credentials_v1 eap_success id_request_v1 eap_success id_request_v1 id_request_v1 inner_success / ε | success_response_v1 after_eap_success id_response_v1 after_eap_success id_response_v1 id_response_v1 empty_peap]
Mar 26, 2026 2:16:08 PM de.learnlib.logging.LearnLogger logQuery
INFO: DB CACHE [ε | success_request_with_credentials_v1 eap_success id_request_v1 id_request_v1 challenge_v1 /  success_response_v1 after_eap_success id_response_v1 id_response_v1 challenge_response_v1]
Mar 26, 2026 2:16:15 PM de.learnlib.logging.LearnLogger logQuery
INFO: [ε | success_request_with_credentials_v1 eap_success id_request_v1 id_request_v1 challenge_v1 inner_failure / ε | success_response_v1 after_eap_success id_response_v1 id_response_v1 challenge_response_v1 no_reply]
Mar 26, 2026 2:16:22 PM de.learnlib.logging.LearnLogger logQuery
INFO: [ε | success_request_with_credentials_v1 eap_success id_request_v1 id_request_v1 challenge_v1 inner_success / ε | success_response_v1 after_eap_success id_response_v1 id_response_v1 challenge_response_v1 empty_peap]
Mar 26, 2026 2:16:29 PM de.learnlib.logging.LearnLogger logQuery
INFO: [ε | success_request_with_credentials_v1 eap_success id_request_v1 id_request_v1 challenge_v1 id_request_v1 / ε | success_response_v1 after_eap_success id_response_v1 id_response_v1 challenge_response_v1 id_response_v1]
Mar 26, 2026 2:16:36 PM de.learnlib.logging.LearnLogger logQuery
INFO: [ε | success_request_with_credentials_v1 eap_success id_request_v1 id_request_v1 challenge_v1 id_request_v1 inner_success / ε | success_response_v1 after_eap_success id_response_v1 id_response_v1 challenge_response_v1 id_response_v1 empty_peap]
Mar 26, 2026 2:16:36 PM de.learnlib.logging.LearnLogger logQuery
INFO: DB CACHE [ε | success_request_with_credentials_v1 eap_success id_request_v1 challenge_v1 challenge_v1 /  success_response_v1 after_eap_success id_response_v1 challenge_response_v1 challenge_response_v1]
Mar 26, 2026 2:16:43 PM de.learnlib.logging.LearnLogger logQuery
INFO: [ε | success_request_with_credentials_v1 eap_success id_request_v1 challenge_v1 challenge_v1 inner_failure / ε | success_response_v1 after_eap_success id_response_v1 challenge_response_v1 challenge_response_v1 no_reply]
Mar 26, 2026 2:16:50 PM de.learnlib.logging.LearnLogger logQuery
INFO: [ε | success_request_with_credentials_v1 eap_success id_request_v1 challenge_v1 challenge_v1 inner_success / ε | success_response_v1 after_eap_success id_response_v1 challenge_response_v1 challenge_response_v1 empty_peap]
Mar 26, 2026 2:16:57 PM de.learnlib.logging.LearnLogger logQuery
INFO: [ε | success_request_with_credentials_v1 eap_success id_request_v1 challenge_v1 challenge_v1 id_request_v1 / ε | success_response_v1 after_eap_success id_response_v1 challenge_response_v1 challenge_response_v1 id_response_v1]
Mar 26, 2026 2:17:04 PM de.learnlib.logging.LearnLogger logQuery
INFO: [ε | success_request_with_credentials_v1 eap_success id_request_v1 challenge_v1 challenge_v1 id_request_v1 inner_success / ε | success_response_v1 after_eap_success id_response_v1 challenge_response_v1 challenge_response_v1 id_response_v1 empty_peap]
Mar 26, 2026 2:17:04 PM de.learnlib.logging.LearnLogger logQuery
INFO: DB CACHE [ε | success_request_with_credentials_v1 eap_success id_request_v1 success_request_with_credentials_v1 challenge_v1 /  success_response_v1 after_eap_success id_response_v1 success_response_v1 challenge_response_v1]
Mar 26, 2026 2:17:12 PM de.learnlib.logging.LearnLogger logQuery
INFO: [ε | success_request_with_credentials_v1 eap_success id_request_v1 success_request_with_credentials_v1 challenge_v1 inner_failure / ε | success_response_v1 after_eap_success id_response_v1 success_response_v1 challenge_response_v1 no_reply]
Mar 26, 2026 2:17:19 PM de.learnlib.logging.LearnLogger logQuery
INFO: [ε | success_request_with_credentials_v1 eap_success id_request_v1 success_request_with_credentials_v1 challenge_v1 inner_success / ε | success_response_v1 after_eap_success id_response_v1 success_response_v1 challenge_response_v1 empty_peap]
Mar 26, 2026 2:17:26 PM de.learnlib.logging.LearnLogger logQuery
INFO: [ε | success_request_with_credentials_v1 eap_success id_request_v1 success_request_with_credentials_v1 challenge_v1 id_request_v1 / ε | success_response_v1 after_eap_success id_response_v1 success_response_v1 challenge_response_v1 id_response_v1]
Mar 26, 2026 2:17:32 PM de.learnlib.logging.LearnLogger logQuery
INFO: [ε | success_request_with_credentials_v1 eap_success id_request_v1 success_request_with_credentials_v1 challenge_v1 id_request_v1 inner_success / ε | success_response_v1 after_eap_success id_response_v1 success_response_v1 challenge_response_v1 id_response_v1 empty_peap]
Mar 26, 2026 2:17:33 PM de.learnlib.logging.LearnLogger logQuery
INFO: DB CACHE [ε | success_request_with_credentials_v1 eap_success id_request_v1 inner_success challenge_v1 /  success_response_v1 after_eap_success id_response_v1 empty_peap no_reply]
Mar 26, 2026 2:17:33 PM de.learnlib.logging.LearnLogger logQuery
INFO: DB CACHE [ε | success_request_with_credentials_v1 eap_success id_request_v1 eap_success challenge_v1 /  success_response_v1 after_eap_success id_response_v1 after_eap_success challenge_response_v1]
Mar 26, 2026 2:17:40 PM de.learnlib.logging.LearnLogger logQuery
INFO: [ε | success_request_with_credentials_v1 eap_success id_request_v1 eap_success challenge_v1 inner_failure / ε | success_response_v1 after_eap_success id_response_v1 after_eap_success challenge_response_v1 no_reply]
Mar 26, 2026 2:17:47 PM de.learnlib.logging.LearnLogger logQuery
INFO: [ε | success_request_with_credentials_v1 eap_success id_request_v1 eap_success challenge_v1 inner_success / ε | success_response_v1 after_eap_success id_response_v1 after_eap_success challenge_response_v1 empty_peap]
Mar 26, 2026 2:17:54 PM de.learnlib.logging.LearnLogger logQuery
INFO: [ε | success_request_with_credentials_v1 eap_success id_request_v1 eap_success challenge_v1 id_request_v1 / ε | success_response_v1 after_eap_success id_response_v1 after_eap_success challenge_response_v1 id_response_v1]
Mar 26, 2026 2:18:01 PM de.learnlib.logging.LearnLogger logQuery
INFO: [ε | success_request_with_credentials_v1 eap_success id_request_v1 eap_success challenge_v1 id_request_v1 inner_success / ε | success_response_v1 after_eap_success id_response_v1 after_eap_success challenge_response_v1 id_response_v1 empty_peap]
Mar 26, 2026 2:18:02 PM de.learnlib.logging.LearnLogger logQuery
INFO: DB CACHE [ε | success_request_with_credentials_v1 eap_success id_request_v1 id_request_v1 success_request_all_zeros_v1 /  success_response_v1 after_eap_success id_response_v1 id_response_v1 encrypted_alert]
Mar 26, 2026 2:18:02 PM de.learnlib.logging.LearnLogger logQuery
INFO: DB CACHE [ε | success_request_with_credentials_v1 eap_success id_request_v1 challenge_v1 success_request_all_zeros_v1 /  success_response_v1 after_eap_success id_response_v1 challenge_response_v1 encrypted_alert]
Mar 26, 2026 2:18:02 PM de.learnlib.logging.LearnLogger logQuery
INFO: DB CACHE [ε | success_request_with_credentials_v1 eap_success id_request_v1 success_request_with_credentials_v1 success_request_all_zeros_v1 /  success_response_v1 after_eap_success id_response_v1 success_response_v1 encrypted_alert]
Mar 26, 2026 2:18:02 PM de.learnlib.logging.LearnLogger logQuery
INFO: DB CACHE [ε | success_request_with_credentials_v1 eap_success id_request_v1 inner_success success_request_all_zeros_v1 /  success_response_v1 after_eap_success id_response_v1 empty_peap no_reply]
Mar 26, 2026 2:18:02 PM de.learnlib.logging.LearnLogger logQuery
INFO: DB CACHE [ε | success_request_with_credentials_v1 eap_success id_request_v1 eap_success success_request_all_zeros_v1 /  success_response_v1 after_eap_success id_response_v1 after_eap_success encrypted_alert]
Mar 26, 2026 2:18:02 PM de.learnlib.logging.LearnLogger logQuery
INFO: DB CACHE [ε | success_request_with_credentials_v1 eap_success id_request_v1 id_request_v1 success_request_with_credentials_v1 /  success_response_v1 after_eap_success id_response_v1 id_response_v1 success_response_v1]
Mar 26, 2026 2:18:09 PM de.learnlib.logging.LearnLogger logQuery
INFO: [ε | success_request_with_credentials_v1 eap_success id_request_v1 id_request_v1 success_request_with_credentials_v1 inner_failure / ε | success_response_v1 after_eap_success id_response_v1 id_response_v1 success_response_v1 no_reply]
Mar 26, 2026 2:18:16 PM de.learnlib.logging.LearnLogger logQuery
INFO: [ε | success_request_with_credentials_v1 eap_success id_request_v1 id_request_v1 success_request_with_credentials_v1 inner_success / ε | success_response_v1 after_eap_success id_response_v1 id_response_v1 success_response_v1 empty_peap]
Mar 26, 2026 2:18:23 PM de.learnlib.logging.LearnLogger logQuery
INFO: [ε | success_request_with_credentials_v1 eap_success id_request_v1 id_request_v1 success_request_with_credentials_v1 id_request_v1 / ε | success_response_v1 after_eap_success id_response_v1 id_response_v1 success_response_v1 id_response_v1]
Mar 26, 2026 2:18:30 PM de.learnlib.logging.LearnLogger logQuery
INFO: [ε | success_request_with_credentials_v1 eap_success id_request_v1 id_request_v1 success_request_with_credentials_v1 id_request_v1 inner_success / ε | success_response_v1 after_eap_success id_response_v1 id_response_v1 success_response_v1 id_response_v1 empty_peap]
Mar 26, 2026 2:18:30 PM de.learnlib.logging.LearnLogger logQuery
INFO: DB CACHE [ε | success_request_with_credentials_v1 eap_success id_request_v1 challenge_v1 success_request_with_credentials_v1 /  success_response_v1 after_eap_success id_response_v1 challenge_response_v1 success_response_v1]
Mar 26, 2026 2:18:37 PM de.learnlib.logging.LearnLogger logQuery
INFO: [ε | success_request_with_credentials_v1 eap_success id_request_v1 challenge_v1 success_request_with_credentials_v1 inner_failure / ε | success_response_v1 after_eap_success id_response_v1 challenge_response_v1 success_response_v1 no_reply]
Mar 26, 2026 2:18:44 PM de.learnlib.logging.LearnLogger logQuery
INFO: [ε | success_request_with_credentials_v1 eap_success id_request_v1 challenge_v1 success_request_with_credentials_v1 inner_success / ε | success_response_v1 after_eap_success id_response_v1 challenge_response_v1 success_response_v1 empty_peap]
Mar 26, 2026 2:18:51 PM de.learnlib.logging.LearnLogger logQuery
INFO: [ε | success_request_with_credentials_v1 eap_success id_request_v1 challenge_v1 success_request_with_credentials_v1 id_request_v1 / ε | success_response_v1 after_eap_success id_response_v1 challenge_response_v1 success_response_v1 id_response_v1]
Mar 26, 2026 2:18:58 PM de.learnlib.logging.LearnLogger logQuery
INFO: [ε | success_request_with_credentials_v1 eap_success id_request_v1 challenge_v1 success_request_with_credentials_v1 id_request_v1 inner_success / ε | success_response_v1 after_eap_success id_response_v1 challenge_response_v1 success_response_v1 id_response_v1 empty_peap]
Mar 26, 2026 2:18:58 PM de.learnlib.logging.LearnLogger logQuery
INFO: DB CACHE [ε | success_request_with_credentials_v1 eap_success id_request_v1 success_request_with_credentials_v1 success_request_with_credentials_v1 /  success_response_v1 after_eap_success id_response_v1 success_response_v1 success_response_v1]
Mar 26, 2026 2:19:05 PM de.learnlib.logging.LearnLogger logQuery
INFO: [ε | success_request_with_credentials_v1 eap_success id_request_v1 success_request_with_credentials_v1 success_request_with_credentials_v1 inner_failure / ε | success_response_v1 after_eap_success id_response_v1 success_response_v1 success_response_v1 no_reply]
Mar 26, 2026 2:19:12 PM de.learnlib.logging.LearnLogger logQuery
INFO: [ε | success_request_with_credentials_v1 eap_success id_request_v1 success_request_with_credentials_v1 success_request_with_credentials_v1 inner_success / ε | success_response_v1 after_eap_success id_response_v1 success_response_v1 success_response_v1 empty_peap]
Mar 26, 2026 2:19:19 PM de.learnlib.logging.LearnLogger logQuery
INFO: [ε | success_request_with_credentials_v1 eap_success id_request_v1 success_request_with_credentials_v1 success_request_with_credentials_v1 id_request_v1 / ε | success_response_v1 after_eap_success id_response_v1 success_response_v1 success_response_v1 id_response_v1]
Mar 26, 2026 2:19:26 PM de.learnlib.logging.LearnLogger logQuery
INFO: [ε | success_request_with_credentials_v1 eap_success id_request_v1 success_request_with_credentials_v1 success_request_with_credentials_v1 id_request_v1 inner_success / ε | success_response_v1 after_eap_success id_response_v1 success_response_v1 success_response_v1 id_response_v1 empty_peap]
Mar 26, 2026 2:19:26 PM de.learnlib.logging.LearnLogger logQuery
INFO: DB CACHE [ε | success_request_with_credentials_v1 eap_success id_request_v1 inner_success success_request_with_credentials_v1 /  success_response_v1 after_eap_success id_response_v1 empty_peap no_reply]
Mar 26, 2026 2:19:26 PM de.learnlib.logging.LearnLogger logQuery
INFO: DB CACHE [ε | success_request_with_credentials_v1 eap_success id_request_v1 eap_success success_request_with_credentials_v1 /  success_response_v1 after_eap_success id_response_v1 after_eap_success success_response_v1]
Mar 26, 2026 2:19:34 PM de.learnlib.logging.LearnLogger logQuery
INFO: [ε | success_request_with_credentials_v1 eap_success id_request_v1 eap_success success_request_with_credentials_v1 inner_failure / ε | success_response_v1 after_eap_success id_response_v1 after_eap_success success_response_v1 no_reply]
Mar 26, 2026 2:19:41 PM de.learnlib.logging.LearnLogger logQuery
INFO: [ε | success_request_with_credentials_v1 eap_success id_request_v1 eap_success success_request_with_credentials_v1 inner_success / ε | success_response_v1 after_eap_success id_response_v1 after_eap_success success_response_v1 empty_peap]
Mar 26, 2026 2:19:48 PM de.learnlib.logging.LearnLogger logQuery
INFO: [ε | success_request_with_credentials_v1 eap_success id_request_v1 eap_success success_request_with_credentials_v1 id_request_v1 / ε | success_response_v1 after_eap_success id_response_v1 after_eap_success success_response_v1 id_response_v1]
Mar 26, 2026 2:19:55 PM de.learnlib.logging.LearnLogger logQuery
INFO: [ε | success_request_with_credentials_v1 eap_success id_request_v1 eap_success success_request_with_credentials_v1 id_request_v1 inner_success / ε | success_response_v1 after_eap_success id_response_v1 after_eap_success success_response_v1 id_response_v1 empty_peap]
Mar 26, 2026 2:20:02 PM de.learnlib.logging.LearnLogger logQuery
INFO: [ε | success_request_with_credentials_v1 eap_success id_request_v1 id_request_v1 inner_success inner_failure / ε | success_response_v1 after_eap_success id_response_v1 id_response_v1 empty_peap no_reply]
Mar 26, 2026 2:20:10 PM de.learnlib.logging.LearnLogger logQuery
INFO: [ε | success_request_with_credentials_v1 eap_success id_request_v1 id_request_v1 inner_success inner_success / ε | success_response_v1 after_eap_success id_response_v1 id_response_v1 empty_peap no_reply]
Mar 26, 2026 2:20:17 PM de.learnlib.logging.LearnLogger logQuery
INFO: [ε | success_request_with_credentials_v1 eap_success id_request_v1 id_request_v1 inner_success id_request_v1 / ε | success_response_v1 after_eap_success id_response_v1 id_response_v1 empty_peap no_reply]
Mar 26, 2026 2:20:17 PM de.learnlib.logging.LearnLogger logQuery
INFO: DB CACHE [ε | success_request_with_credentials_v1 eap_success id_request_v1 id_request_v1 inner_success id_request_v1 inner_success /  success_response_v1 after_eap_success id_response_v1 id_response_v1 empty_peap no_reply -]
Mar 26, 2026 2:20:24 PM de.learnlib.logging.LearnLogger logQuery
INFO: [ε | success_request_with_credentials_v1 eap_success id_request_v1 challenge_v1 inner_success inner_failure / ε | success_response_v1 after_eap_success id_response_v1 challenge_response_v1 empty_peap no_reply]
Mar 26, 2026 2:20:32 PM de.learnlib.logging.LearnLogger logQuery
INFO: [ε | success_request_with_credentials_v1 eap_success id_request_v1 challenge_v1 inner_success inner_success / ε | success_response_v1 after_eap_success id_response_v1 challenge_response_v1 empty_peap no_reply]
Mar 26, 2026 2:20:39 PM de.learnlib.logging.LearnLogger logQuery
INFO: [ε | success_request_with_credentials_v1 eap_success id_request_v1 challenge_v1 inner_success id_request_v1 / ε | success_response_v1 after_eap_success id_response_v1 challenge_response_v1 empty_peap no_reply]
Mar 26, 2026 2:20:39 PM de.learnlib.logging.LearnLogger logQuery
INFO: DB CACHE [ε | success_request_with_credentials_v1 eap_success id_request_v1 challenge_v1 inner_success id_request_v1 inner_success /  success_response_v1 after_eap_success id_response_v1 challenge_response_v1 empty_peap no_reply -]
Mar 26, 2026 2:20:46 PM de.learnlib.logging.LearnLogger logQuery
INFO: [ε | success_request_with_credentials_v1 eap_success id_request_v1 success_request_with_credentials_v1 inner_success inner_failure / ε | success_response_v1 after_eap_success id_response_v1 success_response_v1 empty_peap no_reply]
Mar 26, 2026 2:20:53 PM de.learnlib.logging.LearnLogger logQuery
INFO: [ε | success_request_with_credentials_v1 eap_success id_request_v1 success_request_with_credentials_v1 inner_success inner_success / ε | success_response_v1 after_eap_success id_response_v1 success_response_v1 empty_peap no_reply]
Mar 26, 2026 2:21:01 PM de.learnlib.logging.LearnLogger logQuery
INFO: [ε | success_request_with_credentials_v1 eap_success id_request_v1 success_request_with_credentials_v1 inner_success id_request_v1 / ε | success_response_v1 after_eap_success id_response_v1 success_response_v1 empty_peap no_reply]
Mar 26, 2026 2:21:01 PM de.learnlib.logging.LearnLogger logQuery
INFO: DB CACHE [ε | success_request_with_credentials_v1 eap_success id_request_v1 success_request_with_credentials_v1 inner_success id_request_v1 inner_success /  success_response_v1 after_eap_success id_response_v1 success_response_v1 empty_peap no_reply -]
Mar 26, 2026 2:21:01 PM de.learnlib.logging.LearnLogger logQuery
INFO: DB CACHE [ε | success_request_with_credentials_v1 eap_success id_request_v1 id_request_v1 eap_success /  success_response_v1 after_eap_success id_response_v1 id_response_v1 after_eap_success]
Mar 26, 2026 2:21:08 PM de.learnlib.logging.LearnLogger logQuery
INFO: [ε | success_request_with_credentials_v1 eap_success id_request_v1 id_request_v1 eap_success inner_failure / ε | success_response_v1 after_eap_success id_response_v1 id_response_v1 after_eap_success no_reply]
Mar 26, 2026 2:21:16 PM de.learnlib.logging.LearnLogger logQuery
INFO: [ε | success_request_with_credentials_v1 eap_success id_request_v1 id_request_v1 eap_success inner_success / ε | success_response_v1 after_eap_success id_response_v1 id_response_v1 after_eap_success no_reply]
Mar 26, 2026 2:21:23 PM de.learnlib.logging.LearnLogger logQuery
INFO: [ε | success_request_with_credentials_v1 eap_success id_request_v1 id_request_v1 eap_success id_request_v1 / ε | success_response_v1 after_eap_success id_response_v1 id_response_v1 after_eap_success id_response_v1]
Mar 26, 2026 2:21:30 PM de.learnlib.logging.LearnLogger logQuery
INFO: [ε | success_request_with_credentials_v1 eap_success id_request_v1 id_request_v1 eap_success id_request_v1 inner_success / ε | success_response_v1 after_eap_success id_response_v1 id_response_v1 after_eap_success id_response_v1 empty_peap]
Mar 26, 2026 2:21:31 PM de.learnlib.logging.LearnLogger logQuery
INFO: DB CACHE [ε | success_request_with_credentials_v1 eap_success id_request_v1 challenge_v1 eap_success /  success_response_v1 after_eap_success id_response_v1 challenge_response_v1 after_eap_success]
Mar 26, 2026 2:21:38 PM de.learnlib.logging.LearnLogger logQuery
INFO: [ε | success_request_with_credentials_v1 eap_success id_request_v1 challenge_v1 eap_success inner_failure / ε | success_response_v1 after_eap_success id_response_v1 challenge_response_v1 after_eap_success no_reply]
Mar 26, 2026 2:21:45 PM de.learnlib.logging.LearnLogger logQuery
INFO: [ε | success_request_with_credentials_v1 eap_success id_request_v1 challenge_v1 eap_success inner_success / ε | success_response_v1 after_eap_success id_response_v1 challenge_response_v1 after_eap_success no_reply]
Mar 26, 2026 2:21:53 PM de.learnlib.logging.LearnLogger logQuery
INFO: [ε | success_request_with_credentials_v1 eap_success id_request_v1 challenge_v1 eap_success id_request_v1 / ε | success_response_v1 after_eap_success id_response_v1 challenge_response_v1 after_eap_success id_response_v1]
Mar 26, 2026 2:22:00 PM de.learnlib.logging.LearnLogger logQuery
INFO: [ε | success_request_with_credentials_v1 eap_success id_request_v1 challenge_v1 eap_success id_request_v1 inner_success / ε | success_response_v1 after_eap_success id_response_v1 challenge_response_v1 after_eap_success id_response_v1 empty_peap]
Mar 26, 2026 2:22:00 PM de.learnlib.logging.LearnLogger logQuery
INFO: DB CACHE [ε | success_request_with_credentials_v1 eap_success id_request_v1 success_request_with_credentials_v1 eap_success /  success_response_v1 after_eap_success id_response_v1 success_response_v1 after_eap_success]
Mar 26, 2026 2:22:07 PM de.learnlib.logging.LearnLogger logQuery
INFO: [ε | success_request_with_credentials_v1 eap_success id_request_v1 success_request_with_credentials_v1 eap_success inner_failure / ε | success_response_v1 after_eap_success id_response_v1 success_response_v1 after_eap_success no_reply]
Mar 26, 2026 2:22:15 PM de.learnlib.logging.LearnLogger logQuery
INFO: [ε | success_request_with_credentials_v1 eap_success id_request_v1 success_request_with_credentials_v1 eap_success inner_success / ε | success_response_v1 after_eap_success id_response_v1 success_response_v1 after_eap_success no_reply]
Mar 26, 2026 2:22:22 PM de.learnlib.logging.LearnLogger logQuery
INFO: [ε | success_request_with_credentials_v1 eap_success id_request_v1 success_request_with_credentials_v1 eap_success id_request_v1 / ε | success_response_v1 after_eap_success id_response_v1 success_response_v1 after_eap_success id_response_v1]
Mar 26, 2026 2:22:29 PM de.learnlib.logging.LearnLogger logQuery
INFO: [ε | success_request_with_credentials_v1 eap_success id_request_v1 success_request_with_credentials_v1 eap_success id_request_v1 inner_success / ε | success_response_v1 after_eap_success id_response_v1 success_response_v1 after_eap_success id_response_v1 empty_peap]
Mar 26, 2026 2:22:29 PM de.learnlib.logging.LearnLogger logQuery
INFO: DB CACHE [ε | success_request_with_credentials_v1 eap_success id_request_v1 inner_success eap_success /  success_response_v1 after_eap_success id_response_v1 empty_peap after_eap_success]
Mar 26, 2026 2:22:36 PM de.learnlib.logging.LearnLogger logQuery
INFO: [ε | success_request_with_credentials_v1 eap_success id_request_v1 inner_success eap_success inner_failure / ε | success_response_v1 after_eap_success id_response_v1 empty_peap after_eap_success deauthentication]
Mar 26, 2026 2:22:44 PM de.learnlib.logging.LearnLogger logQuery
INFO: [ε | success_request_with_credentials_v1 eap_success id_request_v1 inner_success eap_success inner_success / ε | success_response_v1 after_eap_success id_response_v1 empty_peap after_eap_success deauthentication]
Mar 26, 2026 2:22:51 PM de.learnlib.logging.LearnLogger logQuery
INFO: [ε | success_request_with_credentials_v1 eap_success id_request_v1 inner_success eap_success id_request_v1 / ε | success_response_v1 after_eap_success id_response_v1 empty_peap after_eap_success deauthentication]
Mar 26, 2026 2:22:51 PM de.learnlib.logging.LearnLogger logQuery
INFO: DB CACHE [ε | success_request_with_credentials_v1 eap_success id_request_v1 inner_success eap_success id_request_v1 inner_success /  success_response_v1 after_eap_success id_response_v1 empty_peap after_eap_success deauthentication -]
Mar 26, 2026 2:22:51 PM de.learnlib.logging.LearnLogger logQuery
INFO: DB CACHE [ε | success_request_with_credentials_v1 eap_success id_request_v1 eap_success eap_success /  success_response_v1 after_eap_success id_response_v1 after_eap_success after_eap_success]
Mar 26, 2026 2:22:59 PM de.learnlib.logging.LearnLogger logQuery
INFO: [ε | success_request_with_credentials_v1 eap_success id_request_v1 eap_success eap_success inner_failure / ε | success_response_v1 after_eap_success id_response_v1 after_eap_success after_eap_success no_reply]
Mar 26, 2026 2:23:06 PM de.learnlib.logging.LearnLogger logQuery
INFO: [ε | success_request_with_credentials_v1 eap_success id_request_v1 eap_success eap_success inner_success / ε | success_response_v1 after_eap_success id_response_v1 after_eap_success after_eap_success no_reply]
Mar 26, 2026 2:23:14 PM de.learnlib.logging.LearnLogger logQuery
INFO: [ε | success_request_with_credentials_v1 eap_success id_request_v1 eap_success eap_success id_request_v1 / ε | success_response_v1 after_eap_success id_response_v1 after_eap_success after_eap_success id_response_v1]
Mar 26, 2026 2:23:21 PM de.learnlib.logging.LearnLogger logQuery
INFO: [ε | success_request_with_credentials_v1 eap_success id_request_v1 eap_success eap_success id_request_v1 inner_success / ε | success_response_v1 after_eap_success id_response_v1 after_eap_success after_eap_success id_response_v1 empty_peap]
Mar 26, 2026 2:23:21 PM de.learnlib.logging.LearnLogger logQuery
INFO: DB CACHE [ε | success_request_with_credentials_v1 eap_success id_request_v1 id_request_v1 4_way_message_1 /  success_response_v1 after_eap_success id_response_v1 id_response_v1 no_reply]
Mar 26, 2026 2:23:21 PM de.learnlib.logging.LearnLogger logQuery
INFO: DB CACHE [ε | success_request_with_credentials_v1 eap_success id_request_v1 challenge_v1 4_way_message_1 /  success_response_v1 after_eap_success id_response_v1 challenge_response_v1 no_reply]
Mar 26, 2026 2:23:21 PM de.learnlib.logging.LearnLogger logQuery
INFO: DB CACHE [ε | success_request_with_credentials_v1 eap_success id_request_v1 success_request_with_credentials_v1 4_way_message_1 /  success_response_v1 after_eap_success id_response_v1 success_response_v1 no_reply]
Mar 26, 2026 2:23:21 PM de.learnlib.logging.LearnLogger logQuery
INFO: DB CACHE [ε | success_request_with_credentials_v1 eap_success id_request_v1 inner_success 4_way_message_1 /  success_response_v1 after_eap_success id_response_v1 empty_peap 4_way_message_2]
Mar 26, 2026 2:23:21 PM de.learnlib.logging.LearnLogger logQuery
INFO: DB CACHE [ε | success_request_with_credentials_v1 eap_success id_request_v1 eap_success 4_way_message_1 /  success_response_v1 after_eap_success id_response_v1 after_eap_success no_reply]
Mar 26, 2026 2:23:28 PM de.learnlib.logging.LearnLogger logQuery
INFO: [ε | success_request_with_credentials_v1 eap_success challenge_v1 id_request_v1 id_request_v1 inner_failure / ε | success_response_v1 after_eap_success challenge_response_v1 id_response_v1 id_response_v1 no_reply]
Mar 26, 2026 2:23:35 PM de.learnlib.logging.LearnLogger logQuery
INFO: [ε | success_request_with_credentials_v1 eap_success challenge_v1 id_request_v1 id_request_v1 id_request_v1 / ε | success_response_v1 after_eap_success challenge_response_v1 id_response_v1 id_response_v1 id_response_v1]
Mar 26, 2026 2:23:42 PM de.learnlib.logging.LearnLogger logQuery
INFO: [ε | success_request_with_credentials_v1 eap_success challenge_v1 id_request_v1 id_request_v1 id_request_v1 inner_success / ε | success_response_v1 after_eap_success challenge_response_v1 id_response_v1 id_response_v1 id_response_v1 empty_peap]
Mar 26, 2026 2:23:50 PM de.learnlib.logging.LearnLogger logQuery
INFO: [ε | success_request_with_credentials_v1 eap_success challenge_v1 challenge_v1 id_request_v1 inner_failure / ε | success_response_v1 after_eap_success challenge_response_v1 challenge_response_v1 id_response_v1 no_reply]
Mar 26, 2026 2:23:57 PM de.learnlib.logging.LearnLogger logQuery
INFO: [ε | success_request_with_credentials_v1 eap_success challenge_v1 challenge_v1 id_request_v1 id_request_v1 / ε | success_response_v1 after_eap_success challenge_response_v1 challenge_response_v1 id_response_v1 id_response_v1]
Mar 26, 2026 2:24:04 PM de.learnlib.logging.LearnLogger logQuery
INFO: [ε | success_request_with_credentials_v1 eap_success challenge_v1 challenge_v1 id_request_v1 id_request_v1 inner_success / ε | success_response_v1 after_eap_success challenge_response_v1 challenge_response_v1 id_response_v1 id_response_v1 empty_peap]
Mar 26, 2026 2:24:11 PM de.learnlib.logging.LearnLogger logQuery
INFO: [ε | success_request_with_credentials_v1 eap_success challenge_v1 success_request_with_credentials_v1 id_request_v1 inner_failure / ε | success_response_v1 after_eap_success challenge_response_v1 success_response_v1 id_response_v1 no_reply]
Mar 26, 2026 2:24:18 PM de.learnlib.logging.LearnLogger logQuery
INFO: [ε | success_request_with_credentials_v1 eap_success challenge_v1 success_request_with_credentials_v1 id_request_v1 id_request_v1 / ε | success_response_v1 after_eap_success challenge_response_v1 success_response_v1 id_response_v1 id_response_v1]
Mar 26, 2026 2:24:25 PM de.learnlib.logging.LearnLogger logQuery
INFO: [ε | success_request_with_credentials_v1 eap_success challenge_v1 success_request_with_credentials_v1 id_request_v1 id_request_v1 inner_success / ε | success_response_v1 after_eap_success challenge_response_v1 success_response_v1 id_response_v1 id_response_v1 empty_peap]
Mar 26, 2026 2:24:32 PM de.learnlib.logging.LearnLogger logQuery
INFO: [ε | success_request_with_credentials_v1 eap_success challenge_v1 eap_success id_request_v1 inner_failure / ε | success_response_v1 after_eap_success challenge_response_v1 after_eap_success id_response_v1 no_reply]
Mar 26, 2026 2:24:40 PM de.learnlib.logging.LearnLogger logQuery
INFO: [ε | success_request_with_credentials_v1 eap_success challenge_v1 eap_success id_request_v1 id_request_v1 / ε | success_response_v1 after_eap_success challenge_response_v1 after_eap_success id_response_v1 id_response_v1]
Mar 26, 2026 2:24:47 PM de.learnlib.logging.LearnLogger logQuery
INFO: [ε | success_request_with_credentials_v1 eap_success challenge_v1 eap_success id_request_v1 id_request_v1 inner_success / ε | success_response_v1 after_eap_success challenge_response_v1 after_eap_success id_response_v1 id_response_v1 empty_peap]
Mar 26, 2026 2:24:54 PM de.learnlib.logging.LearnLogger logQuery
INFO: [ε | success_request_with_credentials_v1 eap_success challenge_v1 id_request_v1 challenge_v1 / ε | success_response_v1 after_eap_success challenge_response_v1 id_response_v1 challenge_response_v1]
Mar 26, 2026 2:25:01 PM de.learnlib.logging.LearnLogger logQuery
INFO: [ε | success_request_with_credentials_v1 eap_success challenge_v1 id_request_v1 challenge_v1 inner_failure / ε | success_response_v1 after_eap_success challenge_response_v1 id_response_v1 challenge_response_v1 no_reply]
Mar 26, 2026 2:25:08 PM de.learnlib.logging.LearnLogger logQuery
INFO: [ε | success_request_with_credentials_v1 eap_success challenge_v1 id_request_v1 challenge_v1 inner_success / ε | success_response_v1 after_eap_success challenge_response_v1 id_response_v1 challenge_response_v1 empty_peap]
Mar 26, 2026 2:25:15 PM de.learnlib.logging.LearnLogger logQuery
INFO: [ε | success_request_with_credentials_v1 eap_success challenge_v1 id_request_v1 challenge_v1 id_request_v1 / ε | success_response_v1 after_eap_success challenge_response_v1 id_response_v1 challenge_response_v1 id_response_v1]
Mar 26, 2026 2:25:22 PM de.learnlib.logging.LearnLogger logQuery
INFO: [ε | success_request_with_credentials_v1 eap_success challenge_v1 id_request_v1 challenge_v1 id_request_v1 inner_success / ε | success_response_v1 after_eap_success challenge_response_v1 id_response_v1 challenge_response_v1 id_response_v1 empty_peap]
Mar 26, 2026 2:25:29 PM de.learnlib.logging.LearnLogger logQuery
INFO: [ε | success_request_with_credentials_v1 eap_success challenge_v1 challenge_v1 challenge_v1 / ε | success_response_v1 after_eap_success challenge_response_v1 challenge_response_v1 challenge_response_v1]
Mar 26, 2026 2:25:36 PM de.learnlib.logging.LearnLogger logQuery
INFO: [ε | success_request_with_credentials_v1 eap_success challenge_v1 challenge_v1 challenge_v1 inner_failure / ε | success_response_v1 after_eap_success challenge_response_v1 challenge_response_v1 challenge_response_v1 no_reply]
Mar 26, 2026 2:25:43 PM de.learnlib.logging.LearnLogger logQuery
INFO: [ε | success_request_with_credentials_v1 eap_success challenge_v1 challenge_v1 challenge_v1 inner_success / ε | success_response_v1 after_eap_success challenge_response_v1 challenge_response_v1 challenge_response_v1 empty_peap]
Mar 26, 2026 2:25:50 PM de.learnlib.logging.LearnLogger logQuery
INFO: [ε | success_request_with_credentials_v1 eap_success challenge_v1 challenge_v1 challenge_v1 id_request_v1 / ε | success_response_v1 after_eap_success challenge_response_v1 challenge_response_v1 challenge_response_v1 id_response_v1]
Mar 26, 2026 2:25:57 PM de.learnlib.logging.LearnLogger logQuery
INFO: [ε | success_request_with_credentials_v1 eap_success challenge_v1 challenge_v1 challenge_v1 id_request_v1 inner_success / ε | success_response_v1 after_eap_success challenge_response_v1 challenge_response_v1 challenge_response_v1 id_response_v1 empty_peap]
Mar 26, 2026 2:26:04 PM de.learnlib.logging.LearnLogger logQuery
INFO: [ε | success_request_with_credentials_v1 eap_success challenge_v1 success_request_with_credentials_v1 challenge_v1 / ε | success_response_v1 after_eap_success challenge_response_v1 success_response_v1 challenge_response_v1]
Mar 26, 2026 2:26:12 PM de.learnlib.logging.LearnLogger logQuery
INFO: [ε | success_request_with_credentials_v1 eap_success challenge_v1 success_request_with_credentials_v1 challenge_v1 inner_failure / ε | success_response_v1 after_eap_success challenge_response_v1 success_response_v1 challenge_response_v1 no_reply]
Mar 26, 2026 2:26:19 PM de.learnlib.logging.LearnLogger logQuery
INFO: [ε | success_request_with_credentials_v1 eap_success challenge_v1 success_request_with_credentials_v1 challenge_v1 inner_success / ε | success_response_v1 after_eap_success challenge_response_v1 success_response_v1 challenge_response_v1 empty_peap]
Mar 26, 2026 2:26:26 PM de.learnlib.logging.LearnLogger logQuery
INFO: [ε | success_request_with_credentials_v1 eap_success challenge_v1 success_request_with_credentials_v1 challenge_v1 id_request_v1 / ε | success_response_v1 after_eap_success challenge_response_v1 success_response_v1 challenge_response_v1 id_response_v1]
Mar 26, 2026 2:26:33 PM de.learnlib.logging.LearnLogger logQuery
INFO: [ε | success_request_with_credentials_v1 eap_success challenge_v1 success_request_with_credentials_v1 challenge_v1 id_request_v1 inner_success / ε | success_response_v1 after_eap_success challenge_response_v1 success_response_v1 challenge_response_v1 id_response_v1 empty_peap]
Mar 26, 2026 2:26:40 PM de.learnlib.logging.LearnLogger logQuery
INFO: [ε | success_request_with_credentials_v1 eap_success challenge_v1 inner_success challenge_v1 / ε | success_response_v1 after_eap_success challenge_response_v1 empty_peap no_reply]
Mar 26, 2026 2:26:47 PM de.learnlib.logging.LearnLogger logQuery
INFO: [ε | success_request_with_credentials_v1 eap_success challenge_v1 eap_success challenge_v1 / ε | success_response_v1 after_eap_success challenge_response_v1 after_eap_success challenge_response_v1]
Mar 26, 2026 2:26:55 PM de.learnlib.logging.LearnLogger logQuery
INFO: [ε | success_request_with_credentials_v1 eap_success challenge_v1 eap_success challenge_v1 inner_failure / ε | success_response_v1 after_eap_success challenge_response_v1 after_eap_success challenge_response_v1 no_reply]
Mar 26, 2026 2:27:02 PM de.learnlib.logging.LearnLogger logQuery
INFO: [ε | success_request_with_credentials_v1 eap_success challenge_v1 eap_success challenge_v1 inner_success / ε | success_response_v1 after_eap_success challenge_response_v1 after_eap_success challenge_response_v1 empty_peap]
Mar 26, 2026 2:27:09 PM de.learnlib.logging.LearnLogger logQuery
INFO: [ε | success_request_with_credentials_v1 eap_success challenge_v1 eap_success challenge_v1 id_request_v1 / ε | success_response_v1 after_eap_success challenge_response_v1 after_eap_success challenge_response_v1 id_response_v1]
Mar 26, 2026 2:27:16 PM de.learnlib.logging.LearnLogger logQuery
INFO: [ε | success_request_with_credentials_v1 eap_success challenge_v1 eap_success challenge_v1 id_request_v1 inner_success / ε | success_response_v1 after_eap_success challenge_response_v1 after_eap_success challenge_response_v1 id_response_v1 empty_peap]
Mar 26, 2026 2:27:23 PM de.learnlib.logging.LearnLogger logQuery
INFO: [ε | success_request_with_credentials_v1 eap_success challenge_v1 id_request_v1 success_request_all_zeros_v1 / ε | success_response_v1 after_eap_success challenge_response_v1 id_response_v1 encrypted_alert]
Mar 26, 2026 2:27:30 PM de.learnlib.logging.LearnLogger logQuery
INFO: [ε | success_request_with_credentials_v1 eap_success challenge_v1 challenge_v1 success_request_all_zeros_v1 / ε | success_response_v1 after_eap_success challenge_response_v1 challenge_response_v1 encrypted_alert]
Mar 26, 2026 2:27:37 PM de.learnlib.logging.LearnLogger logQuery
INFO: [ε | success_request_with_credentials_v1 eap_success challenge_v1 success_request_with_credentials_v1 success_request_all_zeros_v1 / ε | success_response_v1 after_eap_success challenge_response_v1 success_response_v1 encrypted_alert]
Mar 26, 2026 2:27:45 PM de.learnlib.logging.LearnLogger logQuery
INFO: [ε | success_request_with_credentials_v1 eap_success challenge_v1 inner_success success_request_all_zeros_v1 / ε | success_response_v1 after_eap_success challenge_response_v1 empty_peap no_reply]
Mar 26, 2026 2:27:52 PM de.learnlib.logging.LearnLogger logQuery
INFO: [ε | success_request_with_credentials_v1 eap_success challenge_v1 eap_success success_request_all_zeros_v1 / ε | success_response_v1 after_eap_success challenge_response_v1 after_eap_success encrypted_alert]
Mar 26, 2026 2:27:59 PM de.learnlib.logging.LearnLogger logQuery
INFO: [ε | success_request_with_credentials_v1 eap_success challenge_v1 id_request_v1 success_request_with_credentials_v1 / ε | success_response_v1 after_eap_success challenge_response_v1 id_response_v1 success_response_v1]
Mar 26, 2026 2:28:06 PM de.learnlib.logging.LearnLogger logQuery
INFO: [ε | success_request_with_credentials_v1 eap_success challenge_v1 id_request_v1 success_request_with_credentials_v1 inner_failure / ε | success_response_v1 after_eap_success challenge_response_v1 id_response_v1 success_response_v1 no_reply]
Mar 26, 2026 2:28:13 PM de.learnlib.logging.LearnLogger logQuery
INFO: [ε | success_request_with_credentials_v1 eap_success challenge_v1 id_request_v1 success_request_with_credentials_v1 inner_success / ε | success_response_v1 after_eap_success challenge_response_v1 id_response_v1 success_response_v1 empty_peap]
Mar 26, 2026 2:28:20 PM de.learnlib.logging.LearnLogger logQuery
INFO: [ε | success_request_with_credentials_v1 eap_success challenge_v1 id_request_v1 success_request_with_credentials_v1 id_request_v1 / ε | success_response_v1 after_eap_success challenge_response_v1 id_response_v1 success_response_v1 id_response_v1]
Mar 26, 2026 2:28:27 PM de.learnlib.logging.LearnLogger logQuery
INFO: [ε | success_request_with_credentials_v1 eap_success challenge_v1 id_request_v1 success_request_with_credentials_v1 id_request_v1 inner_success / ε | success_response_v1 after_eap_success challenge_response_v1 id_response_v1 success_response_v1 id_response_v1 empty_peap]
Mar 26, 2026 2:28:34 PM de.learnlib.logging.LearnLogger logQuery
INFO: [ε | success_request_with_credentials_v1 eap_success challenge_v1 challenge_v1 success_request_with_credentials_v1 / ε | success_response_v1 after_eap_success challenge_response_v1 challenge_response_v1 success_response_v1]
Mar 26, 2026 2:28:41 PM de.learnlib.logging.LearnLogger logQuery
INFO: [ε | success_request_with_credentials_v1 eap_success challenge_v1 challenge_v1 success_request_with_credentials_v1 inner_failure / ε | success_response_v1 after_eap_success challenge_response_v1 challenge_response_v1 success_response_v1 no_reply]
Mar 26, 2026 2:28:48 PM de.learnlib.logging.LearnLogger logQuery
INFO: [ε | success_request_with_credentials_v1 eap_success challenge_v1 challenge_v1 success_request_with_credentials_v1 inner_success / ε | success_response_v1 after_eap_success challenge_response_v1 challenge_response_v1 success_response_v1 empty_peap]
Mar 26, 2026 2:28:55 PM de.learnlib.logging.LearnLogger logQuery
INFO: [ε | success_request_with_credentials_v1 eap_success challenge_v1 challenge_v1 success_request_with_credentials_v1 id_request_v1 / ε | success_response_v1 after_eap_success challenge_response_v1 challenge_response_v1 success_response_v1 id_response_v1]
Mar 26, 2026 2:29:02 PM de.learnlib.logging.LearnLogger logQuery
INFO: [ε | success_request_with_credentials_v1 eap_success challenge_v1 challenge_v1 success_request_with_credentials_v1 id_request_v1 inner_success / ε | success_response_v1 after_eap_success challenge_response_v1 challenge_response_v1 success_response_v1 id_response_v1 empty_peap]
Mar 26, 2026 2:29:09 PM de.learnlib.logging.LearnLogger logQuery
INFO: [ε | success_request_with_credentials_v1 eap_success challenge_v1 success_request_with_credentials_v1 success_request_with_credentials_v1 / ε | success_response_v1 after_eap_success challenge_response_v1 success_response_v1 success_response_v1]
Mar 26, 2026 2:29:17 PM de.learnlib.logging.LearnLogger logQuery
INFO: [ε | success_request_with_credentials_v1 eap_success challenge_v1 success_request_with_credentials_v1 success_request_with_credentials_v1 inner_failure / ε | success_response_v1 after_eap_success challenge_response_v1 success_response_v1 success_response_v1 no_reply]
Mar 26, 2026 2:29:24 PM de.learnlib.logging.LearnLogger logQuery
INFO: [ε | success_request_with_credentials_v1 eap_success challenge_v1 success_request_with_credentials_v1 success_request_with_credentials_v1 inner_success / ε | success_response_v1 after_eap_success challenge_response_v1 success_response_v1 success_response_v1 empty_peap]
Mar 26, 2026 2:29:31 PM de.learnlib.logging.LearnLogger logQuery
INFO: [ε | success_request_with_credentials_v1 eap_success challenge_v1 success_request_with_credentials_v1 success_request_with_credentials_v1 id_request_v1 / ε | success_response_v1 after_eap_success challenge_response_v1 success_response_v1 success_response_v1 id_response_v1]
Mar 26, 2026 2:29:38 PM de.learnlib.logging.LearnLogger logQuery
INFO: [ε | success_request_with_credentials_v1 eap_success challenge_v1 success_request_with_credentials_v1 success_request_with_credentials_v1 id_request_v1 inner_success / ε | success_response_v1 after_eap_success challenge_response_v1 success_response_v1 success_response_v1 id_response_v1 empty_peap]
Mar 26, 2026 2:29:45 PM de.learnlib.logging.LearnLogger logQuery
INFO: [ε | success_request_with_credentials_v1 eap_success challenge_v1 inner_success success_request_with_credentials_v1 / ε | success_response_v1 after_eap_success challenge_response_v1 empty_peap no_reply]
Mar 26, 2026 2:29:52 PM de.learnlib.logging.LearnLogger logQuery
INFO: [ε | success_request_with_credentials_v1 eap_success challenge_v1 eap_success success_request_with_credentials_v1 / ε | success_response_v1 after_eap_success challenge_response_v1 after_eap_success success_response_v1]
Mar 26, 2026 2:29:59 PM de.learnlib.logging.LearnLogger logQuery
INFO: [ε | success_request_with_credentials_v1 eap_success challenge_v1 eap_success success_request_with_credentials_v1 inner_failure / ε | success_response_v1 after_eap_success challenge_response_v1 after_eap_success success_response_v1 no_reply]
Mar 26, 2026 2:30:07 PM de.learnlib.logging.LearnLogger logQuery
INFO: [ε | success_request_with_credentials_v1 eap_success challenge_v1 eap_success success_request_with_credentials_v1 inner_success / ε | success_response_v1 after_eap_success challenge_response_v1 after_eap_success success_response_v1 empty_peap]
Mar 26, 2026 2:30:14 PM de.learnlib.logging.LearnLogger logQuery
INFO: [ε | success_request_with_credentials_v1 eap_success challenge_v1 eap_success success_request_with_credentials_v1 id_request_v1 / ε | success_response_v1 after_eap_success challenge_response_v1 after_eap_success success_response_v1 id_response_v1]
Mar 26, 2026 2:30:21 PM de.learnlib.logging.LearnLogger logQuery
INFO: [ε | success_request_with_credentials_v1 eap_success challenge_v1 eap_success success_request_with_credentials_v1 id_request_v1 inner_success / ε | success_response_v1 after_eap_success challenge_response_v1 after_eap_success success_response_v1 id_response_v1 empty_peap]
Mar 26, 2026 2:30:28 PM de.learnlib.logging.LearnLogger logQuery
INFO: [ε | success_request_with_credentials_v1 eap_success challenge_v1 id_request_v1 inner_success inner_failure / ε | success_response_v1 after_eap_success challenge_response_v1 id_response_v1 empty_peap no_reply]
Mar 26, 2026 2:30:35 PM de.learnlib.logging.LearnLogger logQuery
INFO: [ε | success_request_with_credentials_v1 eap_success challenge_v1 id_request_v1 inner_success inner_success / ε | success_response_v1 after_eap_success challenge_response_v1 id_response_v1 empty_peap no_reply]
Mar 26, 2026 2:30:43 PM de.learnlib.logging.LearnLogger logQuery
INFO: [ε | success_request_with_credentials_v1 eap_success challenge_v1 id_request_v1 inner_success id_request_v1 / ε | success_response_v1 after_eap_success challenge_response_v1 id_response_v1 empty_peap no_reply]
Mar 26, 2026 2:30:43 PM de.learnlib.logging.LearnLogger logQuery
INFO: DB CACHE [ε | success_request_with_credentials_v1 eap_success challenge_v1 id_request_v1 inner_success id_request_v1 inner_success /  success_response_v1 after_eap_success challenge_response_v1 id_response_v1 empty_peap no_reply -]
Mar 26, 2026 2:30:50 PM de.learnlib.logging.LearnLogger logQuery
INFO: [ε | success_request_with_credentials_v1 eap_success challenge_v1 challenge_v1 inner_success inner_failure / ε | success_response_v1 after_eap_success challenge_response_v1 challenge_response_v1 empty_peap no_reply]
Mar 26, 2026 2:30:57 PM de.learnlib.logging.LearnLogger logQuery
INFO: [ε | success_request_with_credentials_v1 eap_success challenge_v1 challenge_v1 inner_success inner_success / ε | success_response_v1 after_eap_success challenge_response_v1 challenge_response_v1 empty_peap no_reply]
Mar 26, 2026 2:31:05 PM de.learnlib.logging.LearnLogger logQuery
INFO: [ε | success_request_with_credentials_v1 eap_success challenge_v1 challenge_v1 inner_success id_request_v1 / ε | success_response_v1 after_eap_success challenge_response_v1 challenge_response_v1 empty_peap no_reply]
Mar 26, 2026 2:31:05 PM de.learnlib.logging.LearnLogger logQuery
INFO: DB CACHE [ε | success_request_with_credentials_v1 eap_success challenge_v1 challenge_v1 inner_success id_request_v1 inner_success /  success_response_v1 after_eap_success challenge_response_v1 challenge_response_v1 empty_peap no_reply -]
Mar 26, 2026 2:31:12 PM de.learnlib.logging.LearnLogger logQuery
INFO: [ε | success_request_with_credentials_v1 eap_success challenge_v1 success_request_with_credentials_v1 inner_success inner_failure / ε | success_response_v1 after_eap_success challenge_response_v1 success_response_v1 empty_peap no_reply]
Mar 26, 2026 2:31:19 PM de.learnlib.logging.LearnLogger logQuery
INFO: [ε | success_request_with_credentials_v1 eap_success challenge_v1 success_request_with_credentials_v1 inner_success inner_success / ε | success_response_v1 after_eap_success challenge_response_v1 success_response_v1 empty_peap no_reply]
Mar 26, 2026 2:31:27 PM de.learnlib.logging.LearnLogger logQuery
INFO: [ε | success_request_with_credentials_v1 eap_success challenge_v1 success_request_with_credentials_v1 inner_success id_request_v1 / ε | success_response_v1 after_eap_success challenge_response_v1 success_response_v1 empty_peap no_reply]
Mar 26, 2026 2:31:27 PM de.learnlib.logging.LearnLogger logQuery
INFO: DB CACHE [ε | success_request_with_credentials_v1 eap_success challenge_v1 success_request_with_credentials_v1 inner_success id_request_v1 inner_success /  success_response_v1 after_eap_success challenge_response_v1 success_response_v1 empty_peap no_reply -]
Mar 26, 2026 2:31:34 PM de.learnlib.logging.LearnLogger logQuery
INFO: [ε | success_request_with_credentials_v1 eap_success challenge_v1 id_request_v1 eap_success / ε | success_response_v1 after_eap_success challenge_response_v1 id_response_v1 after_eap_success]
Mar 26, 2026 2:31:41 PM de.learnlib.logging.LearnLogger logQuery
INFO: [ε | success_request_with_credentials_v1 eap_success challenge_v1 id_request_v1 eap_success inner_failure / ε | success_response_v1 after_eap_success challenge_response_v1 id_response_v1 after_eap_success no_reply]
Mar 26, 2026 2:31:49 PM de.learnlib.logging.LearnLogger logQuery
INFO: [ε | success_request_with_credentials_v1 eap_success challenge_v1 id_request_v1 eap_success inner_success / ε | success_response_v1 after_eap_success challenge_response_v1 id_response_v1 after_eap_success no_reply]
Mar 26, 2026 2:31:56 PM de.learnlib.logging.LearnLogger logQuery
INFO: [ε | success_request_with_credentials_v1 eap_success challenge_v1 id_request_v1 eap_success id_request_v1 / ε | success_response_v1 after_eap_success challenge_response_v1 id_response_v1 after_eap_success id_response_v1]
Mar 26, 2026 2:32:03 PM de.learnlib.logging.LearnLogger logQuery
INFO: [ε | success_request_with_credentials_v1 eap_success challenge_v1 id_request_v1 eap_success id_request_v1 inner_success / ε | success_response_v1 after_eap_success challenge_response_v1 id_response_v1 after_eap_success id_response_v1 empty_peap]
Mar 26, 2026 2:32:11 PM de.learnlib.logging.LearnLogger logQuery
INFO: [ε | success_request_with_credentials_v1 eap_success challenge_v1 challenge_v1 eap_success / ε | success_response_v1 after_eap_success challenge_response_v1 challenge_response_v1 after_eap_success]
Mar 26, 2026 2:32:18 PM de.learnlib.logging.LearnLogger logQuery
INFO: [ε | success_request_with_credentials_v1 eap_success challenge_v1 challenge_v1 eap_success inner_failure / ε | success_response_v1 after_eap_success challenge_response_v1 challenge_response_v1 after_eap_success no_reply]
Mar 26, 2026 2:32:25 PM de.learnlib.logging.LearnLogger logQuery
INFO: [ε | success_request_with_credentials_v1 eap_success challenge_v1 challenge_v1 eap_success inner_success / ε | success_response_v1 after_eap_success challenge_response_v1 challenge_response_v1 after_eap_success no_reply]
Mar 26, 2026 2:32:33 PM de.learnlib.logging.LearnLogger logQuery
INFO: [ε | success_request_with_credentials_v1 eap_success challenge_v1 challenge_v1 eap_success id_request_v1 / ε | success_response_v1 after_eap_success challenge_response_v1 challenge_response_v1 after_eap_success id_response_v1]
Mar 26, 2026 2:32:40 PM de.learnlib.logging.LearnLogger logQuery
INFO: [ε | success_request_with_credentials_v1 eap_success challenge_v1 challenge_v1 eap_success id_request_v1 inner_success / ε | success_response_v1 after_eap_success challenge_response_v1 challenge_response_v1 after_eap_success id_response_v1 empty_peap]
Mar 26, 2026 2:32:47 PM de.learnlib.logging.LearnLogger logQuery
INFO: [ε | success_request_with_credentials_v1 eap_success challenge_v1 success_request_with_credentials_v1 eap_success / ε | success_response_v1 after_eap_success challenge_response_v1 success_response_v1 after_eap_success]
Mar 26, 2026 2:32:54 PM de.learnlib.logging.LearnLogger logQuery
INFO: [ε | success_request_with_credentials_v1 eap_success challenge_v1 success_request_with_credentials_v1 eap_success inner_failure / ε | success_response_v1 after_eap_success challenge_response_v1 success_response_v1 after_eap_success no_reply]
Mar 26, 2026 2:33:02 PM de.learnlib.logging.LearnLogger logQuery
INFO: [ε | success_request_with_credentials_v1 eap_success challenge_v1 success_request_with_credentials_v1 eap_success inner_success / ε | success_response_v1 after_eap_success challenge_response_v1 success_response_v1 after_eap_success no_reply]
Mar 26, 2026 2:33:09 PM de.learnlib.logging.LearnLogger logQuery
INFO: [ε | success_request_with_credentials_v1 eap_success challenge_v1 success_request_with_credentials_v1 eap_success id_request_v1 / ε | success_response_v1 after_eap_success challenge_response_v1 success_response_v1 after_eap_success id_response_v1]
Mar 26, 2026 2:33:17 PM de.learnlib.logging.LearnLogger logQuery
INFO: [ε | success_request_with_credentials_v1 eap_success challenge_v1 success_request_with_credentials_v1 eap_success id_request_v1 inner_success / ε | success_response_v1 after_eap_success challenge_response_v1 success_response_v1 after_eap_success id_response_v1 empty_peap]
Mar 26, 2026 2:33:24 PM de.learnlib.logging.LearnLogger logQuery
INFO: [ε | success_request_with_credentials_v1 eap_success challenge_v1 inner_success eap_success / ε | success_response_v1 after_eap_success challenge_response_v1 empty_peap after_eap_success]
Mar 26, 2026 2:33:31 PM de.learnlib.logging.LearnLogger logQuery
INFO: [ε | success_request_with_credentials_v1 eap_success challenge_v1 inner_success eap_success inner_failure / ε | success_response_v1 after_eap_success challenge_response_v1 empty_peap after_eap_success deauthentication]
Mar 26, 2026 2:33:38 PM de.learnlib.logging.LearnLogger logQuery
INFO: [ε | success_request_with_credentials_v1 eap_success challenge_v1 inner_success eap_success inner_success / ε | success_response_v1 after_eap_success challenge_response_v1 empty_peap after_eap_success deauthentication]
Mar 26, 2026 2:33:46 PM de.learnlib.logging.LearnLogger logQuery
INFO: [ε | success_request_with_credentials_v1 eap_success challenge_v1 inner_success eap_success id_request_v1 / ε | success_response_v1 after_eap_success challenge_response_v1 empty_peap after_eap_success deauthentication]
Mar 26, 2026 2:33:46 PM de.learnlib.logging.LearnLogger logQuery
INFO: DB CACHE [ε | success_request_with_credentials_v1 eap_success challenge_v1 inner_success eap_success id_request_v1 inner_success /  success_response_v1 after_eap_success challenge_response_v1 empty_peap after_eap_success deauthentication -]
Mar 26, 2026 2:33:53 PM de.learnlib.logging.LearnLogger logQuery
INFO: [ε | success_request_with_credentials_v1 eap_success challenge_v1 eap_success eap_success / ε | success_response_v1 after_eap_success challenge_response_v1 after_eap_success after_eap_success]
Mar 26, 2026 2:34:01 PM de.learnlib.logging.LearnLogger logQuery
INFO: [ε | success_request_with_credentials_v1 eap_success challenge_v1 eap_success eap_success inner_failure / ε | success_response_v1 after_eap_success challenge_response_v1 after_eap_success after_eap_success no_reply]
Mar 26, 2026 2:34:08 PM de.learnlib.logging.LearnLogger logQuery
INFO: [ε | success_request_with_credentials_v1 eap_success challenge_v1 eap_success eap_success inner_success / ε | success_response_v1 after_eap_success challenge_response_v1 after_eap_success after_eap_success no_reply]
Mar 26, 2026 2:34:16 PM de.learnlib.logging.LearnLogger logQuery
INFO: [ε | success_request_with_credentials_v1 eap_success challenge_v1 eap_success eap_success id_request_v1 / ε | success_response_v1 after_eap_success challenge_response_v1 after_eap_success after_eap_success id_response_v1]
Mar 26, 2026 2:34:23 PM de.learnlib.logging.LearnLogger logQuery
INFO: [ε | success_request_with_credentials_v1 eap_success challenge_v1 eap_success eap_success id_request_v1 inner_success / ε | success_response_v1 after_eap_success challenge_response_v1 after_eap_success after_eap_success id_response_v1 empty_peap]
Mar 26, 2026 2:34:31 PM de.learnlib.logging.LearnLogger logQuery
INFO: [ε | success_request_with_credentials_v1 eap_success challenge_v1 id_request_v1 4_way_message_1 / ε | success_response_v1 after_eap_success challenge_response_v1 id_response_v1 no_reply]
Mar 26, 2026 2:34:38 PM de.learnlib.logging.LearnLogger logQuery
INFO: [ε | success_request_with_credentials_v1 eap_success challenge_v1 challenge_v1 4_way_message_1 / ε | success_response_v1 after_eap_success challenge_response_v1 challenge_response_v1 no_reply]
Mar 26, 2026 2:34:45 PM de.learnlib.logging.LearnLogger logQuery
INFO: [ε | success_request_with_credentials_v1 eap_success challenge_v1 success_request_with_credentials_v1 4_way_message_1 / ε | success_response_v1 after_eap_success challenge_response_v1 success_response_v1 no_reply]
Mar 26, 2026 2:34:53 PM de.learnlib.logging.LearnLogger logQuery
INFO: [ε | success_request_with_credentials_v1 eap_success challenge_v1 inner_success 4_way_message_1 / ε | success_response_v1 after_eap_success challenge_response_v1 empty_peap 4_way_message_2]
Mar 26, 2026 2:35:00 PM de.learnlib.logging.LearnLogger logQuery
INFO: [ε | success_request_with_credentials_v1 eap_success challenge_v1 eap_success 4_way_message_1 / ε | success_response_v1 after_eap_success challenge_response_v1 after_eap_success no_reply]
Mar 26, 2026 2:35:07 PM de.learnlib.logging.LearnLogger logQuery
INFO: [ε | success_request_with_credentials_v1 eap_success success_request_with_credentials_v1 id_request_v1 id_request_v1 inner_failure / ε | success_response_v1 after_eap_success success_response_v1 id_response_v1 id_response_v1 no_reply]
Mar 26, 2026 2:35:15 PM de.learnlib.logging.LearnLogger logQuery
INFO: [ε | success_request_with_credentials_v1 eap_success success_request_with_credentials_v1 id_request_v1 id_request_v1 id_request_v1 / ε | success_response_v1 after_eap_success success_response_v1 id_response_v1 id_response_v1 id_response_v1]
Mar 26, 2026 2:35:22 PM de.learnlib.logging.LearnLogger logQuery
INFO: [ε | success_request_with_credentials_v1 eap_success success_request_with_credentials_v1 id_request_v1 id_request_v1 id_request_v1 inner_success / ε | success_response_v1 after_eap_success success_response_v1 id_response_v1 id_response_v1 id_response_v1 empty_peap]
Mar 26, 2026 2:35:29 PM de.learnlib.logging.LearnLogger logQuery
INFO: [ε | success_request_with_credentials_v1 eap_success success_request_with_credentials_v1 challenge_v1 id_request_v1 inner_failure / ε | success_response_v1 after_eap_success success_response_v1 challenge_response_v1 id_response_v1 no_reply]
Mar 26, 2026 2:35:36 PM de.learnlib.logging.LearnLogger logQuery
INFO: [ε | success_request_with_credentials_v1 eap_success success_request_with_credentials_v1 challenge_v1 id_request_v1 id_request_v1 / ε | success_response_v1 after_eap_success success_response_v1 challenge_response_v1 id_response_v1 id_response_v1]
Mar 26, 2026 2:35:43 PM de.learnlib.logging.LearnLogger logQuery
INFO: [ε | success_request_with_credentials_v1 eap_success success_request_with_credentials_v1 challenge_v1 id_request_v1 id_request_v1 inner_success / ε | success_response_v1 after_eap_success success_response_v1 challenge_response_v1 id_response_v1 id_response_v1 empty_peap]
Mar 26, 2026 2:35:50 PM de.learnlib.logging.LearnLogger logQuery
INFO: [ε | success_request_with_credentials_v1 eap_success success_request_with_credentials_v1 success_request_with_credentials_v1 id_request_v1 inner_failure / ε | success_response_v1 after_eap_success success_response_v1 success_response_v1 id_response_v1 no_reply]
Mar 26, 2026 2:35:57 PM de.learnlib.logging.LearnLogger logQuery
INFO: [ε | success_request_with_credentials_v1 eap_success success_request_with_credentials_v1 success_request_with_credentials_v1 id_request_v1 id_request_v1 / ε | success_response_v1 after_eap_success success_response_v1 success_response_v1 id_response_v1 id_response_v1]
Mar 26, 2026 2:36:04 PM de.learnlib.logging.LearnLogger logQuery
INFO: [ε | success_request_with_credentials_v1 eap_success success_request_with_credentials_v1 success_request_with_credentials_v1 id_request_v1 id_request_v1 inner_success / ε | success_response_v1 after_eap_success success_response_v1 success_response_v1 id_response_v1 id_response_v1 empty_peap]
Mar 26, 2026 2:36:11 PM de.learnlib.logging.LearnLogger logQuery
INFO: [ε | success_request_with_credentials_v1 eap_success success_request_with_credentials_v1 eap_success id_request_v1 inner_failure / ε | success_response_v1 after_eap_success success_response_v1 after_eap_success id_response_v1 no_reply]
Mar 26, 2026 2:36:19 PM de.learnlib.logging.LearnLogger logQuery
INFO: [ε | success_request_with_credentials_v1 eap_success success_request_with_credentials_v1 eap_success id_request_v1 id_request_v1 / ε | success_response_v1 after_eap_success success_response_v1 after_eap_success id_response_v1 id_response_v1]
Mar 26, 2026 2:36:26 PM de.learnlib.logging.LearnLogger logQuery
INFO: [ε | success_request_with_credentials_v1 eap_success success_request_with_credentials_v1 eap_success id_request_v1 id_request_v1 inner_success / ε | success_response_v1 after_eap_success success_response_v1 after_eap_success id_response_v1 id_response_v1 empty_peap]
Mar 26, 2026 2:36:33 PM de.learnlib.logging.LearnLogger logQuery
INFO: [ε | success_request_with_credentials_v1 eap_success success_request_with_credentials_v1 id_request_v1 challenge_v1 / ε | success_response_v1 after_eap_success success_response_v1 id_response_v1 challenge_response_v1]
Mar 26, 2026 2:36:40 PM de.learnlib.logging.LearnLogger logQuery
INFO: [ε | success_request_with_credentials_v1 eap_success success_request_with_credentials_v1 id_request_v1 challenge_v1 inner_failure / ε | success_response_v1 after_eap_success success_response_v1 id_response_v1 challenge_response_v1 no_reply]
Mar 26, 2026 2:36:47 PM de.learnlib.logging.LearnLogger logQuery
INFO: [ε | success_request_with_credentials_v1 eap_success success_request_with_credentials_v1 id_request_v1 challenge_v1 inner_success / ε | success_response_v1 after_eap_success success_response_v1 id_response_v1 challenge_response_v1 empty_peap]
Mar 26, 2026 2:36:54 PM de.learnlib.logging.LearnLogger logQuery
INFO: [ε | success_request_with_credentials_v1 eap_success success_request_with_credentials_v1 id_request_v1 challenge_v1 id_request_v1 / ε | success_response_v1 after_eap_success success_response_v1 id_response_v1 challenge_response_v1 id_response_v1]
Mar 26, 2026 2:37:01 PM de.learnlib.logging.LearnLogger logQuery
INFO: [ε | success_request_with_credentials_v1 eap_success success_request_with_credentials_v1 id_request_v1 challenge_v1 id_request_v1 inner_success / ε | success_response_v1 after_eap_success success_response_v1 id_response_v1 challenge_response_v1 id_response_v1 empty_peap]
Mar 26, 2026 2:37:08 PM de.learnlib.logging.LearnLogger logQuery
INFO: [ε | success_request_with_credentials_v1 eap_success success_request_with_credentials_v1 challenge_v1 challenge_v1 / ε | success_response_v1 after_eap_success success_response_v1 challenge_response_v1 challenge_response_v1]
Mar 26, 2026 2:37:15 PM de.learnlib.logging.LearnLogger logQuery
INFO: [ε | success_request_with_credentials_v1 eap_success success_request_with_credentials_v1 challenge_v1 challenge_v1 inner_failure / ε | success_response_v1 after_eap_success success_response_v1 challenge_response_v1 challenge_response_v1 no_reply]
Mar 26, 2026 2:37:22 PM de.learnlib.logging.LearnLogger logQuery
INFO: [ε | success_request_with_credentials_v1 eap_success success_request_with_credentials_v1 challenge_v1 challenge_v1 inner_success / ε | success_response_v1 after_eap_success success_response_v1 challenge_response_v1 challenge_response_v1 empty_peap]
Mar 26, 2026 2:37:29 PM de.learnlib.logging.LearnLogger logQuery
INFO: [ε | success_request_with_credentials_v1 eap_success success_request_with_credentials_v1 challenge_v1 challenge_v1 id_request_v1 / ε | success_response_v1 after_eap_success success_response_v1 challenge_response_v1 challenge_response_v1 id_response_v1]
Mar 26, 2026 2:37:36 PM de.learnlib.logging.LearnLogger logQuery
INFO: [ε | success_request_with_credentials_v1 eap_success success_request_with_credentials_v1 challenge_v1 challenge_v1 id_request_v1 inner_success / ε | success_response_v1 after_eap_success success_response_v1 challenge_response_v1 challenge_response_v1 id_response_v1 empty_peap]
Mar 26, 2026 2:37:43 PM de.learnlib.logging.LearnLogger logQuery
INFO: [ε | success_request_with_credentials_v1 eap_success success_request_with_credentials_v1 success_request_with_credentials_v1 challenge_v1 / ε | success_response_v1 after_eap_success success_response_v1 success_response_v1 challenge_response_v1]
Mar 26, 2026 2:37:50 PM de.learnlib.logging.LearnLogger logQuery
INFO: [ε | success_request_with_credentials_v1 eap_success success_request_with_credentials_v1 success_request_with_credentials_v1 challenge_v1 inner_failure / ε | success_response_v1 after_eap_success success_response_v1 success_response_v1 challenge_response_v1 no_reply]
Mar 26, 2026 2:37:57 PM de.learnlib.logging.LearnLogger logQuery
INFO: [ε | success_request_with_credentials_v1 eap_success success_request_with_credentials_v1 success_request_with_credentials_v1 challenge_v1 inner_success / ε | success_response_v1 after_eap_success success_response_v1 success_response_v1 challenge_response_v1 empty_peap]
Mar 26, 2026 2:38:04 PM de.learnlib.logging.LearnLogger logQuery
INFO: [ε | success_request_with_credentials_v1 eap_success success_request_with_credentials_v1 success_request_with_credentials_v1 challenge_v1 id_request_v1 / ε | success_response_v1 after_eap_success success_response_v1 success_response_v1 challenge_response_v1 id_response_v1]
Mar 26, 2026 2:38:11 PM de.learnlib.logging.LearnLogger logQuery
INFO: [ε | success_request_with_credentials_v1 eap_success success_request_with_credentials_v1 success_request_with_credentials_v1 challenge_v1 id_request_v1 inner_success / ε | success_response_v1 after_eap_success success_response_v1 success_response_v1 challenge_response_v1 id_response_v1 empty_peap]
Mar 26, 2026 2:38:19 PM de.learnlib.logging.LearnLogger logQuery
INFO: [ε | success_request_with_credentials_v1 eap_success success_request_with_credentials_v1 inner_success challenge_v1 / ε | success_response_v1 after_eap_success success_response_v1 empty_peap no_reply]
Mar 26, 2026 2:38:26 PM de.learnlib.logging.LearnLogger logQuery
INFO: [ε | success_request_with_credentials_v1 eap_success success_request_with_credentials_v1 eap_success challenge_v1 / ε | success_response_v1 after_eap_success success_response_v1 after_eap_success challenge_response_v1]
Mar 26, 2026 2:38:33 PM de.learnlib.logging.LearnLogger logQuery
INFO: [ε | success_request_with_credentials_v1 eap_success success_request_with_credentials_v1 eap_success challenge_v1 inner_failure / ε | success_response_v1 after_eap_success success_response_v1 after_eap_success challenge_response_v1 no_reply]
Mar 26, 2026 2:38:40 PM de.learnlib.logging.LearnLogger logQuery
INFO: [ε | success_request_with_credentials_v1 eap_success success_request_with_credentials_v1 eap_success challenge_v1 inner_success / ε | success_response_v1 after_eap_success success_response_v1 after_eap_success challenge_response_v1 empty_peap]
Mar 26, 2026 2:38:48 PM de.learnlib.logging.LearnLogger logQuery
INFO: [ε | success_request_with_credentials_v1 eap_success success_request_with_credentials_v1 eap_success challenge_v1 id_request_v1 / ε | success_response_v1 after_eap_success success_response_v1 after_eap_success challenge_response_v1 id_response_v1]
Mar 26, 2026 2:38:55 PM de.learnlib.logging.LearnLogger logQuery
INFO: [ε | success_request_with_credentials_v1 eap_success success_request_with_credentials_v1 eap_success challenge_v1 id_request_v1 inner_success / ε | success_response_v1 after_eap_success success_response_v1 after_eap_success challenge_response_v1 id_response_v1 empty_peap]
Mar 26, 2026 2:39:02 PM de.learnlib.logging.LearnLogger logQuery
INFO: [ε | success_request_with_credentials_v1 eap_success success_request_with_credentials_v1 id_request_v1 success_request_all_zeros_v1 / ε | success_response_v1 after_eap_success success_response_v1 id_response_v1 encrypted_alert]
Mar 26, 2026 2:39:09 PM de.learnlib.logging.LearnLogger logQuery
INFO: [ε | success_request_with_credentials_v1 eap_success success_request_with_credentials_v1 challenge_v1 success_request_all_zeros_v1 / ε | success_response_v1 after_eap_success success_response_v1 challenge_response_v1 encrypted_alert]
Mar 26, 2026 2:39:16 PM de.learnlib.logging.LearnLogger logQuery
INFO: [ε | success_request_with_credentials_v1 eap_success success_request_with_credentials_v1 success_request_with_credentials_v1 success_request_all_zeros_v1 / ε | success_response_v1 after_eap_success success_response_v1 success_response_v1 encrypted_alert]
Mar 26, 2026 2:39:23 PM de.learnlib.logging.LearnLogger logQuery
INFO: [ε | success_request_with_credentials_v1 eap_success success_request_with_credentials_v1 inner_success success_request_all_zeros_v1 / ε | success_response_v1 after_eap_success success_response_v1 empty_peap no_reply]
Mar 26, 2026 2:39:31 PM de.learnlib.logging.LearnLogger logQuery
INFO: [ε | success_request_with_credentials_v1 eap_success success_request_with_credentials_v1 eap_success success_request_all_zeros_v1 / ε | success_response_v1 after_eap_success success_response_v1 after_eap_success encrypted_alert]
Mar 26, 2026 2:39:38 PM de.learnlib.logging.LearnLogger logQuery
INFO: [ε | success_request_with_credentials_v1 eap_success success_request_with_credentials_v1 id_request_v1 success_request_with_credentials_v1 / ε | success_response_v1 after_eap_success success_response_v1 id_response_v1 success_response_v1]
Mar 26, 2026 2:39:45 PM de.learnlib.logging.LearnLogger logQuery
INFO: [ε | success_request_with_credentials_v1 eap_success success_request_with_credentials_v1 id_request_v1 success_request_with_credentials_v1 inner_failure / ε | success_response_v1 after_eap_success success_response_v1 id_response_v1 success_response_v1 no_reply]
Mar 26, 2026 2:39:52 PM de.learnlib.logging.LearnLogger logQuery
INFO: [ε | success_request_with_credentials_v1 eap_success success_request_with_credentials_v1 id_request_v1 success_request_with_credentials_v1 inner_success / ε | success_response_v1 after_eap_success success_response_v1 id_response_v1 success_response_v1 empty_peap]
Mar 26, 2026 2:39:59 PM de.learnlib.logging.LearnLogger logQuery
INFO: [ε | success_request_with_credentials_v1 eap_success success_request_with_credentials_v1 id_request_v1 success_request_with_credentials_v1 id_request_v1 / ε | success_response_v1 after_eap_success success_response_v1 id_response_v1 success_response_v1 id_response_v1]
Mar 26, 2026 2:40:06 PM de.learnlib.logging.LearnLogger logQuery
INFO: [ε | success_request_with_credentials_v1 eap_success success_request_with_credentials_v1 id_request_v1 success_request_with_credentials_v1 id_request_v1 inner_success / ε | success_response_v1 after_eap_success success_response_v1 id_response_v1 success_response_v1 id_response_v1 empty_peap]
Mar 26, 2026 2:40:13 PM de.learnlib.logging.LearnLogger logQuery
INFO: [ε | success_request_with_credentials_v1 eap_success success_request_with_credentials_v1 challenge_v1 success_request_with_credentials_v1 / ε | success_response_v1 after_eap_success success_response_v1 challenge_response_v1 success_response_v1]
Mar 26, 2026 2:40:20 PM de.learnlib.logging.LearnLogger logQuery
INFO: [ε | success_request_with_credentials_v1 eap_success success_request_with_credentials_v1 challenge_v1 success_request_with_credentials_v1 inner_failure / ε | success_response_v1 after_eap_success success_response_v1 challenge_response_v1 success_response_v1 no_reply]
Mar 26, 2026 2:40:27 PM de.learnlib.logging.LearnLogger logQuery
INFO: [ε | success_request_with_credentials_v1 eap_success success_request_with_credentials_v1 challenge_v1 success_request_with_credentials_v1 inner_success / ε | success_response_v1 after_eap_success success_response_v1 challenge_response_v1 success_response_v1 empty_peap]
Mar 26, 2026 2:40:34 PM de.learnlib.logging.LearnLogger logQuery
INFO: [ε | success_request_with_credentials_v1 eap_success success_request_with_credentials_v1 challenge_v1 success_request_with_credentials_v1 id_request_v1 / ε | success_response_v1 after_eap_success success_response_v1 challenge_response_v1 success_response_v1 id_response_v1]
Mar 26, 2026 2:40:41 PM de.learnlib.logging.LearnLogger logQuery
INFO: [ε | success_request_with_credentials_v1 eap_success success_request_with_credentials_v1 challenge_v1 success_request_with_credentials_v1 id_request_v1 inner_success / ε | success_response_v1 after_eap_success success_response_v1 challenge_response_v1 success_response_v1 id_response_v1 empty_peap]
Mar 26, 2026 2:40:48 PM de.learnlib.logging.LearnLogger logQuery
INFO: [ε | success_request_with_credentials_v1 eap_success success_request_with_credentials_v1 success_request_with_credentials_v1 success_request_with_credentials_v1 / ε | success_response_v1 after_eap_success success_response_v1 success_response_v1 success_response_v1]
Mar 26, 2026 2:40:55 PM de.learnlib.logging.LearnLogger logQuery
INFO: [ε | success_request_with_credentials_v1 eap_success success_request_with_credentials_v1 success_request_with_credentials_v1 success_request_with_credentials_v1 inner_failure / ε | success_response_v1 after_eap_success success_response_v1 success_response_v1 success_response_v1 no_reply]
Mar 26, 2026 2:41:02 PM de.learnlib.logging.LearnLogger logQuery
INFO: [ε | success_request_with_credentials_v1 eap_success success_request_with_credentials_v1 success_request_with_credentials_v1 success_request_with_credentials_v1 inner_success / ε | success_response_v1 after_eap_success success_response_v1 success_response_v1 success_response_v1 empty_peap]
Mar 26, 2026 2:41:09 PM de.learnlib.logging.LearnLogger logQuery
INFO: [ε | success_request_with_credentials_v1 eap_success success_request_with_credentials_v1 success_request_with_credentials_v1 success_request_with_credentials_v1 id_request_v1 / ε | success_response_v1 after_eap_success success_response_v1 success_response_v1 success_response_v1 id_response_v1]
Mar 26, 2026 2:41:16 PM de.learnlib.logging.LearnLogger logQuery
INFO: [ε | success_request_with_credentials_v1 eap_success success_request_with_credentials_v1 success_request_with_credentials_v1 success_request_with_credentials_v1 id_request_v1 inner_success / ε | success_response_v1 after_eap_success success_response_v1 success_response_v1 success_response_v1 id_response_v1 empty_peap]
Mar 26, 2026 2:41:24 PM de.learnlib.logging.LearnLogger logQuery
INFO: [ε | success_request_with_credentials_v1 eap_success success_request_with_credentials_v1 inner_success success_request_with_credentials_v1 / ε | success_response_v1 after_eap_success success_response_v1 empty_peap no_reply]
Mar 26, 2026 2:41:31 PM de.learnlib.logging.LearnLogger logQuery
INFO: [ε | success_request_with_credentials_v1 eap_success success_request_with_credentials_v1 eap_success success_request_with_credentials_v1 / ε | success_response_v1 after_eap_success success_response_v1 after_eap_success success_response_v1]
Mar 26, 2026 2:41:38 PM de.learnlib.logging.LearnLogger logQuery
INFO: [ε | success_request_with_credentials_v1 eap_success success_request_with_credentials_v1 eap_success success_request_with_credentials_v1 inner_failure / ε | success_response_v1 after_eap_success success_response_v1 after_eap_success success_response_v1 no_reply]
Mar 26, 2026 2:41:46 PM de.learnlib.logging.LearnLogger logQuery
INFO: [ε | success_request_with_credentials_v1 eap_success success_request_with_credentials_v1 eap_success success_request_with_credentials_v1 inner_success / ε | success_response_v1 after_eap_success success_response_v1 after_eap_success success_response_v1 empty_peap]
Mar 26, 2026 2:41:53 PM de.learnlib.logging.LearnLogger logQuery
INFO: [ε | success_request_with_credentials_v1 eap_success success_request_with_credentials_v1 eap_success success_request_with_credentials_v1 id_request_v1 / ε | success_response_v1 after_eap_success success_response_v1 after_eap_success success_response_v1 id_response_v1]
Mar 26, 2026 2:42:00 PM de.learnlib.logging.LearnLogger logQuery
INFO: [ε | success_request_with_credentials_v1 eap_success success_request_with_credentials_v1 eap_success success_request_with_credentials_v1 id_request_v1 inner_success / ε | success_response_v1 after_eap_success success_response_v1 after_eap_success success_response_v1 id_response_v1 empty_peap]
Mar 26, 2026 2:42:07 PM de.learnlib.logging.LearnLogger logQuery
INFO: [ε | success_request_with_credentials_v1 eap_success success_request_with_credentials_v1 id_request_v1 inner_success inner_failure / ε | success_response_v1 after_eap_success success_response_v1 id_response_v1 empty_peap no_reply]
Mar 26, 2026 2:42:14 PM de.learnlib.logging.LearnLogger logQuery
INFO: [ε | success_request_with_credentials_v1 eap_success success_request_with_credentials_v1 id_request_v1 inner_success inner_success / ε | success_response_v1 after_eap_success success_response_v1 id_response_v1 empty_peap no_reply]
Mar 26, 2026 2:42:22 PM de.learnlib.logging.LearnLogger logQuery
INFO: [ε | success_request_with_credentials_v1 eap_success success_request_with_credentials_v1 id_request_v1 inner_success id_request_v1 / ε | success_response_v1 after_eap_success success_response_v1 id_response_v1 empty_peap no_reply]
Mar 26, 2026 2:42:22 PM de.learnlib.logging.LearnLogger logQuery
INFO: DB CACHE [ε | success_request_with_credentials_v1 eap_success success_request_with_credentials_v1 id_request_v1 inner_success id_request_v1 inner_success /  success_response_v1 after_eap_success success_response_v1 id_response_v1 empty_peap no_reply -]
Mar 26, 2026 2:42:29 PM de.learnlib.logging.LearnLogger logQuery
INFO: [ε | success_request_with_credentials_v1 eap_success success_request_with_credentials_v1 challenge_v1 inner_success inner_failure / ε | success_response_v1 after_eap_success success_response_v1 challenge_response_v1 empty_peap no_reply]
Mar 26, 2026 2:42:36 PM de.learnlib.logging.LearnLogger logQuery
INFO: [ε | success_request_with_credentials_v1 eap_success success_request_with_credentials_v1 challenge_v1 inner_success inner_success / ε | success_response_v1 after_eap_success success_response_v1 challenge_response_v1 empty_peap no_reply]
Mar 26, 2026 2:42:44 PM de.learnlib.logging.LearnLogger logQuery
INFO: [ε | success_request_with_credentials_v1 eap_success success_request_with_credentials_v1 challenge_v1 inner_success id_request_v1 / ε | success_response_v1 after_eap_success success_response_v1 challenge_response_v1 empty_peap no_reply]
Mar 26, 2026 2:42:44 PM de.learnlib.logging.LearnLogger logQuery
INFO: DB CACHE [ε | success_request_with_credentials_v1 eap_success success_request_with_credentials_v1 challenge_v1 inner_success id_request_v1 inner_success /  success_response_v1 after_eap_success success_response_v1 challenge_response_v1 empty_peap no_reply -]
Mar 26, 2026 2:42:51 PM de.learnlib.logging.LearnLogger logQuery
INFO: [ε | success_request_with_credentials_v1 eap_success success_request_with_credentials_v1 success_request_with_credentials_v1 inner_success inner_failure / ε | success_response_v1 after_eap_success success_response_v1 success_response_v1 empty_peap no_reply]
Mar 26, 2026 2:42:58 PM de.learnlib.logging.LearnLogger logQuery
INFO: [ε | success_request_with_credentials_v1 eap_success success_request_with_credentials_v1 success_request_with_credentials_v1 inner_success inner_success / ε | success_response_v1 after_eap_success success_response_v1 success_response_v1 empty_peap no_reply]
Mar 26, 2026 2:43:06 PM de.learnlib.logging.LearnLogger logQuery
INFO: [ε | success_request_with_credentials_v1 eap_success success_request_with_credentials_v1 success_request_with_credentials_v1 inner_success id_request_v1 / ε | success_response_v1 after_eap_success success_response_v1 success_response_v1 empty_peap no_reply]
Mar 26, 2026 2:43:06 PM de.learnlib.logging.LearnLogger logQuery
INFO: DB CACHE [ε | success_request_with_credentials_v1 eap_success success_request_with_credentials_v1 success_request_with_credentials_v1 inner_success id_request_v1 inner_success /  success_response_v1 after_eap_success success_response_v1 success_response_v1 empty_peap no_reply -]
Mar 26, 2026 2:43:13 PM de.learnlib.logging.LearnLogger logQuery
INFO: [ε | success_request_with_credentials_v1 eap_success success_request_with_credentials_v1 id_request_v1 eap_success / ε | success_response_v1 after_eap_success success_response_v1 id_response_v1 after_eap_success]
Mar 26, 2026 2:43:20 PM de.learnlib.logging.LearnLogger logQuery
INFO: [ε | success_request_with_credentials_v1 eap_success success_request_with_credentials_v1 id_request_v1 eap_success inner_failure / ε | success_response_v1 after_eap_success success_response_v1 id_response_v1 after_eap_success no_reply]
Mar 26, 2026 2:43:28 PM de.learnlib.logging.LearnLogger logQuery
INFO: [ε | success_request_with_credentials_v1 eap_success success_request_with_credentials_v1 id_request_v1 eap_success inner_success / ε | success_response_v1 after_eap_success success_response_v1 id_response_v1 after_eap_success no_reply]
Mar 26, 2026 2:43:35 PM de.learnlib.logging.LearnLogger logQuery
INFO: [ε | success_request_with_credentials_v1 eap_success success_request_with_credentials_v1 id_request_v1 eap_success id_request_v1 / ε | success_response_v1 after_eap_success success_response_v1 id_response_v1 after_eap_success id_response_v1]
Mar 26, 2026 2:43:42 PM de.learnlib.logging.LearnLogger logQuery
INFO: [ε | success_request_with_credentials_v1 eap_success success_request_with_credentials_v1 id_request_v1 eap_success id_request_v1 inner_success / ε | success_response_v1 after_eap_success success_response_v1 id_response_v1 after_eap_success id_response_v1 empty_peap]
Mar 26, 2026 2:43:50 PM de.learnlib.logging.LearnLogger logQuery
INFO: [ε | success_request_with_credentials_v1 eap_success success_request_with_credentials_v1 challenge_v1 eap_success / ε | success_response_v1 after_eap_success success_response_v1 challenge_response_v1 after_eap_success]
Mar 26, 2026 2:43:57 PM de.learnlib.logging.LearnLogger logQuery
INFO: [ε | success_request_with_credentials_v1 eap_success success_request_with_credentials_v1 challenge_v1 eap_success inner_failure / ε | success_response_v1 after_eap_success success_response_v1 challenge_response_v1 after_eap_success no_reply]
Mar 26, 2026 2:44:04 PM de.learnlib.logging.LearnLogger logQuery
INFO: [ε | success_request_with_credentials_v1 eap_success success_request_with_credentials_v1 challenge_v1 eap_success inner_success / ε | success_response_v1 after_eap_success success_response_v1 challenge_response_v1 after_eap_success no_reply]
Mar 26, 2026 2:44:12 PM de.learnlib.logging.LearnLogger logQuery
INFO: [ε | success_request_with_credentials_v1 eap_success success_request_with_credentials_v1 challenge_v1 eap_success id_request_v1 / ε | success_response_v1 after_eap_success success_response_v1 challenge_response_v1 after_eap_success id_response_v1]
Mar 26, 2026 2:44:19 PM de.learnlib.logging.LearnLogger logQuery
INFO: [ε | success_request_with_credentials_v1 eap_success success_request_with_credentials_v1 challenge_v1 eap_success id_request_v1 inner_success / ε | success_response_v1 after_eap_success success_response_v1 challenge_response_v1 after_eap_success id_response_v1 empty_peap]
Mar 26, 2026 2:44:26 PM de.learnlib.logging.LearnLogger logQuery
INFO: [ε | success_request_with_credentials_v1 eap_success success_request_with_credentials_v1 success_request_with_credentials_v1 eap_success / ε | success_response_v1 after_eap_success success_response_v1 success_response_v1 after_eap_success]
Mar 26, 2026 2:44:34 PM de.learnlib.logging.LearnLogger logQuery
INFO: [ε | success_request_with_credentials_v1 eap_success success_request_with_credentials_v1 success_request_with_credentials_v1 eap_success inner_failure / ε | success_response_v1 after_eap_success success_response_v1 success_response_v1 after_eap_success no_reply]
Mar 26, 2026 2:44:41 PM de.learnlib.logging.LearnLogger logQuery
INFO: [ε | success_request_with_credentials_v1 eap_success success_request_with_credentials_v1 success_request_with_credentials_v1 eap_success inner_success / ε | success_response_v1 after_eap_success success_response_v1 success_response_v1 after_eap_success no_reply]
Mar 26, 2026 2:44:48 PM de.learnlib.logging.LearnLogger logQuery
INFO: [ε | success_request_with_credentials_v1 eap_success success_request_with_credentials_v1 success_request_with_credentials_v1 eap_success id_request_v1 / ε | success_response_v1 after_eap_success success_response_v1 success_response_v1 after_eap_success id_response_v1]
Mar 26, 2026 2:44:56 PM de.learnlib.logging.LearnLogger logQuery
INFO: [ε | success_request_with_credentials_v1 eap_success success_request_with_credentials_v1 success_request_with_credentials_v1 eap_success id_request_v1 inner_success / ε | success_response_v1 after_eap_success success_response_v1 success_response_v1 after_eap_success id_response_v1 empty_peap]
Mar 26, 2026 2:45:03 PM de.learnlib.logging.LearnLogger logQuery
INFO: [ε | success_request_with_credentials_v1 eap_success success_request_with_credentials_v1 inner_success eap_success / ε | success_response_v1 after_eap_success success_response_v1 empty_peap after_eap_success]
Mar 26, 2026 2:45:10 PM de.learnlib.logging.LearnLogger logQuery
INFO: [ε | success_request_with_credentials_v1 eap_success success_request_with_credentials_v1 inner_success eap_success inner_failure / ε | success_response_v1 after_eap_success success_response_v1 empty_peap after_eap_success deauthentication]
Mar 26, 2026 2:45:17 PM de.learnlib.logging.LearnLogger logQuery
INFO: [ε | success_request_with_credentials_v1 eap_success success_request_with_credentials_v1 inner_success eap_success inner_success / ε | success_response_v1 after_eap_success success_response_v1 empty_peap after_eap_success deauthentication]
Mar 26, 2026 2:45:25 PM de.learnlib.logging.LearnLogger logQuery
INFO: [ε | success_request_with_credentials_v1 eap_success success_request_with_credentials_v1 inner_success eap_success id_request_v1 / ε | success_response_v1 after_eap_success success_response_v1 empty_peap after_eap_success deauthentication]
Mar 26, 2026 2:45:25 PM de.learnlib.logging.LearnLogger logQuery
INFO: DB CACHE [ε | success_request_with_credentials_v1 eap_success success_request_with_credentials_v1 inner_success eap_success id_request_v1 inner_success /  success_response_v1 after_eap_success success_response_v1 empty_peap after_eap_success deauthentication -]
Mar 26, 2026 2:45:32 PM de.learnlib.logging.LearnLogger logQuery
INFO: [ε | success_request_with_credentials_v1 eap_success success_request_with_credentials_v1 eap_success eap_success / ε | success_response_v1 after_eap_success success_response_v1 after_eap_success after_eap_success]
Mar 26, 2026 2:45:40 PM de.learnlib.logging.LearnLogger logQuery
INFO: [ε | success_request_with_credentials_v1 eap_success success_request_with_credentials_v1 eap_success eap_success inner_failure / ε | success_response_v1 after_eap_success success_response_v1 after_eap_success after_eap_success no_reply]
Mar 26, 2026 2:45:47 PM de.learnlib.logging.LearnLogger logQuery
INFO: [ε | success_request_with_credentials_v1 eap_success success_request_with_credentials_v1 eap_success eap_success inner_success / ε | success_response_v1 after_eap_success success_response_v1 after_eap_success after_eap_success no_reply]
Mar 26, 2026 2:45:55 PM de.learnlib.logging.LearnLogger logQuery
INFO: [ε | success_request_with_credentials_v1 eap_success success_request_with_credentials_v1 eap_success eap_success id_request_v1 / ε | success_response_v1 after_eap_success success_response_v1 after_eap_success after_eap_success id_response_v1]
Mar 26, 2026 2:46:02 PM de.learnlib.logging.LearnLogger logQuery
INFO: [ε | success_request_with_credentials_v1 eap_success success_request_with_credentials_v1 eap_success eap_success id_request_v1 inner_success / ε | success_response_v1 after_eap_success success_response_v1 after_eap_success after_eap_success id_response_v1 empty_peap]
Mar 26, 2026 2:46:09 PM de.learnlib.logging.LearnLogger logQuery
INFO: [ε | success_request_with_credentials_v1 eap_success success_request_with_credentials_v1 id_request_v1 4_way_message_1 / ε | success_response_v1 after_eap_success success_response_v1 id_response_v1 no_reply]
Mar 26, 2026 2:46:17 PM de.learnlib.logging.LearnLogger logQuery
INFO: [ε | success_request_with_credentials_v1 eap_success success_request_with_credentials_v1 challenge_v1 4_way_message_1 / ε | success_response_v1 after_eap_success success_response_v1 challenge_response_v1 no_reply]
Mar 26, 2026 2:46:24 PM de.learnlib.logging.LearnLogger logQuery
INFO: [ε | success_request_with_credentials_v1 eap_success success_request_with_credentials_v1 success_request_with_credentials_v1 4_way_message_1 / ε | success_response_v1 after_eap_success success_response_v1 success_response_v1 no_reply]
Mar 26, 2026 2:46:31 PM de.learnlib.logging.LearnLogger logQuery
INFO: [ε | success_request_with_credentials_v1 eap_success success_request_with_credentials_v1 inner_success 4_way_message_1 / ε | success_response_v1 after_eap_success success_response_v1 empty_peap 4_way_message_2]
Mar 26, 2026 2:46:39 PM de.learnlib.logging.LearnLogger logQuery
INFO: [ε | success_request_with_credentials_v1 eap_success success_request_with_credentials_v1 eap_success 4_way_message_1 / ε | success_response_v1 after_eap_success success_response_v1 after_eap_success no_reply]
Mar 26, 2026 2:46:47 PM de.learnlib.logging.LearnLogger logQuery
INFO: [ε | success_request_with_credentials_v1 eap_success eap_success id_request_v1 id_request_v1 inner_failure / ε | success_response_v1 after_eap_success after_eap_success id_response_v1 id_response_v1 no_reply]
Mar 26, 2026 2:46:54 PM de.learnlib.logging.LearnLogger logQuery
INFO: [ε | success_request_with_credentials_v1 eap_success eap_success id_request_v1 id_request_v1 id_request_v1 / ε | success_response_v1 after_eap_success after_eap_success id_response_v1 id_response_v1 id_response_v1]
Mar 26, 2026 2:47:01 PM de.learnlib.logging.LearnLogger logQuery
INFO: [ε | success_request_with_credentials_v1 eap_success eap_success id_request_v1 id_request_v1 id_request_v1 inner_success / ε | success_response_v1 after_eap_success after_eap_success id_response_v1 id_response_v1 id_response_v1 empty_peap]
Mar 26, 2026 2:47:08 PM de.learnlib.logging.LearnLogger logQuery
INFO: [ε | success_request_with_credentials_v1 eap_success eap_success challenge_v1 id_request_v1 inner_failure / ε | success_response_v1 after_eap_success after_eap_success challenge_response_v1 id_response_v1 no_reply]
Mar 26, 2026 2:47:16 PM de.learnlib.logging.LearnLogger logQuery
INFO: [ε | success_request_with_credentials_v1 eap_success eap_success challenge_v1 id_request_v1 id_request_v1 / ε | success_response_v1 after_eap_success after_eap_success challenge_response_v1 id_response_v1 id_response_v1]
Mar 26, 2026 2:47:23 PM de.learnlib.logging.LearnLogger logQuery
INFO: [ε | success_request_with_credentials_v1 eap_success eap_success challenge_v1 id_request_v1 id_request_v1 inner_success / ε | success_response_v1 after_eap_success after_eap_success challenge_response_v1 id_response_v1 id_response_v1 empty_peap]
Mar 26, 2026 2:47:30 PM de.learnlib.logging.LearnLogger logQuery
INFO: [ε | success_request_with_credentials_v1 eap_success eap_success success_request_with_credentials_v1 id_request_v1 inner_failure / ε | success_response_v1 after_eap_success after_eap_success success_response_v1 id_response_v1 no_reply]
Mar 26, 2026 2:47:38 PM de.learnlib.logging.LearnLogger logQuery
INFO: [ε | success_request_with_credentials_v1 eap_success eap_success success_request_with_credentials_v1 id_request_v1 id_request_v1 / ε | success_response_v1 after_eap_success after_eap_success success_response_v1 id_response_v1 id_response_v1]
Mar 26, 2026 2:47:45 PM de.learnlib.logging.LearnLogger logQuery
INFO: [ε | success_request_with_credentials_v1 eap_success eap_success success_request_with_credentials_v1 id_request_v1 id_request_v1 inner_success / ε | success_response_v1 after_eap_success after_eap_success success_response_v1 id_response_v1 id_response_v1 empty_peap]
Mar 26, 2026 2:47:52 PM de.learnlib.logging.LearnLogger logQuery
INFO: [ε | success_request_with_credentials_v1 eap_success eap_success eap_success id_request_v1 inner_failure / ε | success_response_v1 after_eap_success after_eap_success after_eap_success id_response_v1 no_reply]
Mar 26, 2026 2:48:00 PM de.learnlib.logging.LearnLogger logQuery
INFO: [ε | success_request_with_credentials_v1 eap_success eap_success eap_success id_request_v1 id_request_v1 / ε | success_response_v1 after_eap_success after_eap_success after_eap_success id_response_v1 id_response_v1]
Mar 26, 2026 2:48:07 PM de.learnlib.logging.LearnLogger logQuery
INFO: [ε | success_request_with_credentials_v1 eap_success eap_success eap_success id_request_v1 id_request_v1 inner_success / ε | success_response_v1 after_eap_success after_eap_success after_eap_success id_response_v1 id_response_v1 empty_peap]
Mar 26, 2026 2:48:14 PM de.learnlib.logging.LearnLogger logQuery
INFO: [ε | success_request_with_credentials_v1 eap_success eap_success id_request_v1 challenge_v1 / ε | success_response_v1 after_eap_success after_eap_success id_response_v1 challenge_response_v1]
Mar 26, 2026 2:48:22 PM de.learnlib.logging.LearnLogger logQuery
INFO: [ε | success_request_with_credentials_v1 eap_success eap_success id_request_v1 challenge_v1 inner_failure / ε | success_response_v1 after_eap_success after_eap_success id_response_v1 challenge_response_v1 no_reply]
Mar 26, 2026 2:48:29 PM de.learnlib.logging.LearnLogger logQuery
INFO: [ε | success_request_with_credentials_v1 eap_success eap_success id_request_v1 challenge_v1 inner_success / ε | success_response_v1 after_eap_success after_eap_success id_response_v1 challenge_response_v1 empty_peap]
Mar 26, 2026 2:48:36 PM de.learnlib.logging.LearnLogger logQuery
INFO: [ε | success_request_with_credentials_v1 eap_success eap_success id_request_v1 challenge_v1 id_request_v1 / ε | success_response_v1 after_eap_success after_eap_success id_response_v1 challenge_response_v1 id_response_v1]
Mar 26, 2026 2:48:43 PM de.learnlib.logging.LearnLogger logQuery
INFO: [ε | success_request_with_credentials_v1 eap_success eap_success id_request_v1 challenge_v1 id_request_v1 inner_success / ε | success_response_v1 after_eap_success after_eap_success id_response_v1 challenge_response_v1 id_response_v1 empty_peap]
Mar 26, 2026 2:48:51 PM de.learnlib.logging.LearnLogger logQuery
INFO: [ε | success_request_with_credentials_v1 eap_success eap_success challenge_v1 challenge_v1 / ε | success_response_v1 after_eap_success after_eap_success challenge_response_v1 challenge_response_v1]
Mar 26, 2026 2:48:58 PM de.learnlib.logging.LearnLogger logQuery
INFO: [ε | success_request_with_credentials_v1 eap_success eap_success challenge_v1 challenge_v1 inner_failure / ε | success_response_v1 after_eap_success after_eap_success challenge_response_v1 challenge_response_v1 no_reply]
Mar 26, 2026 2:49:05 PM de.learnlib.logging.LearnLogger logQuery
INFO: [ε | success_request_with_credentials_v1 eap_success eap_success challenge_v1 challenge_v1 inner_success / ε | success_response_v1 after_eap_success after_eap_success challenge_response_v1 challenge_response_v1 empty_peap]
Mar 26, 2026 2:49:12 PM de.learnlib.logging.LearnLogger logQuery
INFO: [ε | success_request_with_credentials_v1 eap_success eap_success challenge_v1 challenge_v1 id_request_v1 / ε | success_response_v1 after_eap_success after_eap_success challenge_response_v1 challenge_response_v1 id_response_v1]
Mar 26, 2026 2:49:20 PM de.learnlib.logging.LearnLogger logQuery
INFO: [ε | success_request_with_credentials_v1 eap_success eap_success challenge_v1 challenge_v1 id_request_v1 inner_success / ε | success_response_v1 after_eap_success after_eap_success challenge_response_v1 challenge_response_v1 id_response_v1 empty_peap]
Mar 26, 2026 2:49:27 PM de.learnlib.logging.LearnLogger logQuery
INFO: [ε | success_request_with_credentials_v1 eap_success eap_success success_request_with_credentials_v1 challenge_v1 / ε | success_response_v1 after_eap_success after_eap_success success_response_v1 challenge_response_v1]
Mar 26, 2026 2:49:34 PM de.learnlib.logging.LearnLogger logQuery
INFO: [ε | success_request_with_credentials_v1 eap_success eap_success success_request_with_credentials_v1 challenge_v1 inner_failure / ε | success_response_v1 after_eap_success after_eap_success success_response_v1 challenge_response_v1 no_reply]
Mar 26, 2026 2:49:41 PM de.learnlib.logging.LearnLogger logQuery
INFO: [ε | success_request_with_credentials_v1 eap_success eap_success success_request_with_credentials_v1 challenge_v1 inner_success / ε | success_response_v1 after_eap_success after_eap_success success_response_v1 challenge_response_v1 empty_peap]
Mar 26, 2026 2:49:49 PM de.learnlib.logging.LearnLogger logQuery
INFO: [ε | success_request_with_credentials_v1 eap_success eap_success success_request_with_credentials_v1 challenge_v1 id_request_v1 / ε | success_response_v1 after_eap_success after_eap_success success_response_v1 challenge_response_v1 id_response_v1]
Mar 26, 2026 2:49:56 PM de.learnlib.logging.LearnLogger logQuery
INFO: [ε | success_request_with_credentials_v1 eap_success eap_success success_request_with_credentials_v1 challenge_v1 id_request_v1 inner_success / ε | success_response_v1 after_eap_success after_eap_success success_response_v1 challenge_response_v1 id_response_v1 empty_peap]
Mar 26, 2026 2:50:03 PM de.learnlib.logging.LearnLogger logQuery
INFO: [ε | success_request_with_credentials_v1 eap_success eap_success eap_success challenge_v1 / ε | success_response_v1 after_eap_success after_eap_success after_eap_success challenge_response_v1]
Mar 26, 2026 2:50:11 PM de.learnlib.logging.LearnLogger logQuery
INFO: [ε | success_request_with_credentials_v1 eap_success eap_success eap_success challenge_v1 inner_failure / ε | success_response_v1 after_eap_success after_eap_success after_eap_success challenge_response_v1 no_reply]
Mar 26, 2026 2:50:18 PM de.learnlib.logging.LearnLogger logQuery
INFO: [ε | success_request_with_credentials_v1 eap_success eap_success eap_success challenge_v1 inner_success / ε | success_response_v1 after_eap_success after_eap_success after_eap_success challenge_response_v1 empty_peap]
Mar 26, 2026 2:50:25 PM de.learnlib.logging.LearnLogger logQuery
INFO: [ε | success_request_with_credentials_v1 eap_success eap_success eap_success challenge_v1 id_request_v1 / ε | success_response_v1 after_eap_success after_eap_success after_eap_success challenge_response_v1 id_response_v1]
Mar 26, 2026 2:50:33 PM de.learnlib.logging.LearnLogger logQuery
INFO: [ε | success_request_with_credentials_v1 eap_success eap_success eap_success challenge_v1 id_request_v1 inner_success / ε | success_response_v1 after_eap_success after_eap_success after_eap_success challenge_response_v1 id_response_v1 empty_peap]
Mar 26, 2026 2:50:40 PM de.learnlib.logging.LearnLogger logQuery
INFO: [ε | success_request_with_credentials_v1 eap_success eap_success id_request_v1 success_request_all_zeros_v1 / ε | success_response_v1 after_eap_success after_eap_success id_response_v1 encrypted_alert]
Mar 26, 2026 2:50:47 PM de.learnlib.logging.LearnLogger logQuery
INFO: [ε | success_request_with_credentials_v1 eap_success eap_success challenge_v1 success_request_all_zeros_v1 / ε | success_response_v1 after_eap_success after_eap_success challenge_response_v1 encrypted_alert]
Mar 26, 2026 2:50:55 PM de.learnlib.logging.LearnLogger logQuery
INFO: [ε | success_request_with_credentials_v1 eap_success eap_success success_request_with_credentials_v1 success_request_all_zeros_v1 / ε | success_response_v1 after_eap_success after_eap_success success_response_v1 encrypted_alert]
Mar 26, 2026 2:51:02 PM de.learnlib.logging.LearnLogger logQuery
INFO: [ε | success_request_with_credentials_v1 eap_success eap_success eap_success success_request_all_zeros_v1 / ε | success_response_v1 after_eap_success after_eap_success after_eap_success encrypted_alert]
Mar 26, 2026 2:51:09 PM de.learnlib.logging.LearnLogger logQuery
INFO: [ε | success_request_with_credentials_v1 eap_success eap_success id_request_v1 success_request_with_credentials_v1 / ε | success_response_v1 after_eap_success after_eap_success id_response_v1 success_response_v1]
Mar 26, 2026 2:51:17 PM de.learnlib.logging.LearnLogger logQuery
INFO: [ε | success_request_with_credentials_v1 eap_success eap_success id_request_v1 success_request_with_credentials_v1 inner_failure / ε | success_response_v1 after_eap_success after_eap_success id_response_v1 success_response_v1 no_reply]
Mar 26, 2026 2:51:24 PM de.learnlib.logging.LearnLogger logQuery
INFO: [ε | success_request_with_credentials_v1 eap_success eap_success id_request_v1 success_request_with_credentials_v1 inner_success / ε | success_response_v1 after_eap_success after_eap_success id_response_v1 success_response_v1 empty_peap]
Mar 26, 2026 2:51:31 PM de.learnlib.logging.LearnLogger logQuery
INFO: [ε | success_request_with_credentials_v1 eap_success eap_success id_request_v1 success_request_with_credentials_v1 id_request_v1 / ε | success_response_v1 after_eap_success after_eap_success id_response_v1 success_response_v1 id_response_v1]
Mar 26, 2026 2:51:38 PM de.learnlib.logging.LearnLogger logQuery
INFO: [ε | success_request_with_credentials_v1 eap_success eap_success id_request_v1 success_request_with_credentials_v1 id_request_v1 inner_success / ε | success_response_v1 after_eap_success after_eap_success id_response_v1 success_response_v1 id_response_v1 empty_peap]
Mar 26, 2026 2:51:46 PM de.learnlib.logging.LearnLogger logQuery
INFO: [ε | success_request_with_credentials_v1 eap_success eap_success challenge_v1 success_request_with_credentials_v1 / ε | success_response_v1 after_eap_success after_eap_success challenge_response_v1 success_response_v1]
Mar 26, 2026 2:51:53 PM de.learnlib.logging.LearnLogger logQuery
INFO: [ε | success_request_with_credentials_v1 eap_success eap_success challenge_v1 success_request_with_credentials_v1 inner_failure / ε | success_response_v1 after_eap_success after_eap_success challenge_response_v1 success_response_v1 no_reply]
Mar 26, 2026 2:52:00 PM de.learnlib.logging.LearnLogger logQuery
INFO: [ε | success_request_with_credentials_v1 eap_success eap_success challenge_v1 success_request_with_credentials_v1 inner_success / ε | success_response_v1 after_eap_success after_eap_success challenge_response_v1 success_response_v1 empty_peap]
Mar 26, 2026 2:52:07 PM de.learnlib.logging.LearnLogger logQuery
INFO: [ε | success_request_with_credentials_v1 eap_success eap_success challenge_v1 success_request_with_credentials_v1 id_request_v1 / ε | success_response_v1 after_eap_success after_eap_success challenge_response_v1 success_response_v1 id_response_v1]
Mar 26, 2026 2:52:14 PM de.learnlib.logging.LearnLogger logQuery
INFO: [ε | success_request_with_credentials_v1 eap_success eap_success challenge_v1 success_request_with_credentials_v1 id_request_v1 inner_success / ε | success_response_v1 after_eap_success after_eap_success challenge_response_v1 success_response_v1 id_response_v1 empty_peap]
Mar 26, 2026 2:52:22 PM de.learnlib.logging.LearnLogger logQuery
INFO: [ε | success_request_with_credentials_v1 eap_success eap_success success_request_with_credentials_v1 success_request_with_credentials_v1 / ε | success_response_v1 after_eap_success after_eap_success success_response_v1 success_response_v1]
Mar 26, 2026 2:52:29 PM de.learnlib.logging.LearnLogger logQuery
INFO: [ε | success_request_with_credentials_v1 eap_success eap_success success_request_with_credentials_v1 success_request_with_credentials_v1 inner_failure / ε | success_response_v1 after_eap_success after_eap_success success_response_v1 success_response_v1 no_reply]
Mar 26, 2026 2:52:36 PM de.learnlib.logging.LearnLogger logQuery
INFO: [ε | success_request_with_credentials_v1 eap_success eap_success success_request_with_credentials_v1 success_request_with_credentials_v1 inner_success / ε | success_response_v1 after_eap_success after_eap_success success_response_v1 success_response_v1 empty_peap]
Mar 26, 2026 2:52:43 PM de.learnlib.logging.LearnLogger logQuery
INFO: [ε | success_request_with_credentials_v1 eap_success eap_success success_request_with_credentials_v1 success_request_with_credentials_v1 id_request_v1 / ε | success_response_v1 after_eap_success after_eap_success success_response_v1 success_response_v1 id_response_v1]
Mar 26, 2026 2:52:51 PM de.learnlib.logging.LearnLogger logQuery
INFO: [ε | success_request_with_credentials_v1 eap_success eap_success success_request_with_credentials_v1 success_request_with_credentials_v1 id_request_v1 inner_success / ε | success_response_v1 after_eap_success after_eap_success success_response_v1 success_response_v1 id_response_v1 empty_peap]
Mar 26, 2026 2:52:58 PM de.learnlib.logging.LearnLogger logQuery
INFO: [ε | success_request_with_credentials_v1 eap_success eap_success eap_success success_request_with_credentials_v1 / ε | success_response_v1 after_eap_success after_eap_success after_eap_success success_response_v1]
Mar 26, 2026 2:53:06 PM de.learnlib.logging.LearnLogger logQuery
INFO: [ε | success_request_with_credentials_v1 eap_success eap_success eap_success success_request_with_credentials_v1 inner_failure / ε | success_response_v1 after_eap_success after_eap_success after_eap_success success_response_v1 no_reply]
Mar 26, 2026 2:53:13 PM de.learnlib.logging.LearnLogger logQuery
INFO: [ε | success_request_with_credentials_v1 eap_success eap_success eap_success success_request_with_credentials_v1 inner_success / ε | success_response_v1 after_eap_success after_eap_success after_eap_success success_response_v1 empty_peap]
Mar 26, 2026 2:53:20 PM de.learnlib.logging.LearnLogger logQuery
INFO: [ε | success_request_with_credentials_v1 eap_success eap_success eap_success success_request_with_credentials_v1 id_request_v1 / ε | success_response_v1 after_eap_success after_eap_success after_eap_success success_response_v1 id_response_v1]
Mar 26, 2026 2:53:28 PM de.learnlib.logging.LearnLogger logQuery
INFO: [ε | success_request_with_credentials_v1 eap_success eap_success eap_success success_request_with_credentials_v1 id_request_v1 inner_success / ε | success_response_v1 after_eap_success after_eap_success after_eap_success success_response_v1 id_response_v1 empty_peap]
Mar 26, 2026 2:53:36 PM de.learnlib.logging.LearnLogger logQuery
INFO: [ε | success_request_with_credentials_v1 eap_success eap_success id_request_v1 inner_success inner_failure / ε | success_response_v1 after_eap_success after_eap_success id_response_v1 empty_peap no_reply]
Mar 26, 2026 2:53:43 PM de.learnlib.logging.LearnLogger logQuery
INFO: [ε | success_request_with_credentials_v1 eap_success eap_success id_request_v1 inner_success inner_success / ε | success_response_v1 after_eap_success after_eap_success id_response_v1 empty_peap no_reply]
Mar 26, 2026 2:53:51 PM de.learnlib.logging.LearnLogger logQuery
INFO: [ε | success_request_with_credentials_v1 eap_success eap_success id_request_v1 inner_success id_request_v1 / ε | success_response_v1 after_eap_success after_eap_success id_response_v1 empty_peap no_reply]
Mar 26, 2026 2:53:51 PM de.learnlib.logging.LearnLogger logQuery
INFO: DB CACHE [ε | success_request_with_credentials_v1 eap_success eap_success id_request_v1 inner_success id_request_v1 inner_success /  success_response_v1 after_eap_success after_eap_success id_response_v1 empty_peap no_reply -]
Mar 26, 2026 2:53:58 PM de.learnlib.logging.LearnLogger logQuery
INFO: [ε | success_request_with_credentials_v1 eap_success eap_success challenge_v1 inner_success inner_failure / ε | success_response_v1 after_eap_success after_eap_success challenge_response_v1 empty_peap no_reply]
Mar 26, 2026 2:54:06 PM de.learnlib.logging.LearnLogger logQuery
INFO: [ε | success_request_with_credentials_v1 eap_success eap_success challenge_v1 inner_success inner_success / ε | success_response_v1 after_eap_success after_eap_success challenge_response_v1 empty_peap no_reply]
Mar 26, 2026 2:54:13 PM de.learnlib.logging.LearnLogger logQuery
INFO: [ε | success_request_with_credentials_v1 eap_success eap_success challenge_v1 inner_success id_request_v1 / ε | success_response_v1 after_eap_success after_eap_success challenge_response_v1 empty_peap no_reply]
Mar 26, 2026 2:54:14 PM de.learnlib.logging.LearnLogger logQuery
INFO: DB CACHE [ε | success_request_with_credentials_v1 eap_success eap_success challenge_v1 inner_success id_request_v1 inner_success /  success_response_v1 after_eap_success after_eap_success challenge_response_v1 empty_peap no_reply -]
Mar 26, 2026 2:54:21 PM de.learnlib.logging.LearnLogger logQuery
INFO: [ε | success_request_with_credentials_v1 eap_success eap_success success_request_with_credentials_v1 inner_success inner_failure / ε | success_response_v1 after_eap_success after_eap_success success_response_v1 empty_peap no_reply]
Mar 26, 2026 2:54:28 PM de.learnlib.logging.LearnLogger logQuery
INFO: [ε | success_request_with_credentials_v1 eap_success eap_success success_request_with_credentials_v1 inner_success inner_success / ε | success_response_v1 after_eap_success after_eap_success success_response_v1 empty_peap no_reply]
Mar 26, 2026 2:54:36 PM de.learnlib.logging.LearnLogger logQuery
INFO: [ε | success_request_with_credentials_v1 eap_success eap_success success_request_with_credentials_v1 inner_success id_request_v1 / ε | success_response_v1 after_eap_success after_eap_success success_response_v1 empty_peap no_reply]
Mar 26, 2026 2:54:36 PM de.learnlib.logging.LearnLogger logQuery
INFO: DB CACHE [ε | success_request_with_credentials_v1 eap_success eap_success success_request_with_credentials_v1 inner_success id_request_v1 inner_success /  success_response_v1 after_eap_success after_eap_success success_response_v1 empty_peap no_reply -]
Mar 26, 2026 2:54:43 PM de.learnlib.logging.LearnLogger logQuery
INFO: [ε | success_request_with_credentials_v1 eap_success eap_success id_request_v1 eap_success / ε | success_response_v1 after_eap_success after_eap_success id_response_v1 after_eap_success]
Mar 26, 2026 2:54:51 PM de.learnlib.logging.LearnLogger logQuery
INFO: [ε | success_request_with_credentials_v1 eap_success eap_success id_request_v1 eap_success inner_failure / ε | success_response_v1 after_eap_success after_eap_success id_response_v1 after_eap_success no_reply]
Mar 26, 2026 2:54:59 PM de.learnlib.logging.LearnLogger logQuery
INFO: [ε | success_request_with_credentials_v1 eap_success eap_success id_request_v1 eap_success inner_success / ε | success_response_v1 after_eap_success after_eap_success id_response_v1 after_eap_success no_reply]
Mar 26, 2026 2:55:06 PM de.learnlib.logging.LearnLogger logQuery
INFO: [ε | success_request_with_credentials_v1 eap_success eap_success id_request_v1 eap_success id_request_v1 / ε | success_response_v1 after_eap_success after_eap_success id_response_v1 after_eap_success id_response_v1]
Mar 26, 2026 2:55:13 PM de.learnlib.logging.LearnLogger logQuery
INFO: [ε | success_request_with_credentials_v1 eap_success eap_success id_request_v1 eap_success id_request_v1 inner_success / ε | success_response_v1 after_eap_success after_eap_success id_response_v1 after_eap_success id_response_v1 empty_peap]
Mar 26, 2026 2:55:21 PM de.learnlib.logging.LearnLogger logQuery
INFO: [ε | success_request_with_credentials_v1 eap_success eap_success challenge_v1 eap_success / ε | success_response_v1 after_eap_success after_eap_success challenge_response_v1 after_eap_success]
Mar 26, 2026 2:55:28 PM de.learnlib.logging.LearnLogger logQuery
INFO: [ε | success_request_with_credentials_v1 eap_success eap_success challenge_v1 eap_success inner_failure / ε | success_response_v1 after_eap_success after_eap_success challenge_response_v1 after_eap_success no_reply]
Mar 26, 2026 2:55:36 PM de.learnlib.logging.LearnLogger logQuery
INFO: [ε | success_request_with_credentials_v1 eap_success eap_success challenge_v1 eap_success inner_success / ε | success_response_v1 after_eap_success after_eap_success challenge_response_v1 after_eap_success no_reply]
Mar 26, 2026 2:55:44 PM de.learnlib.logging.LearnLogger logQuery
INFO: [ε | success_request_with_credentials_v1 eap_success eap_success challenge_v1 eap_success id_request_v1 / ε | success_response_v1 after_eap_success after_eap_success challenge_response_v1 after_eap_success id_response_v1]
Mar 26, 2026 2:55:51 PM de.learnlib.logging.LearnLogger logQuery
INFO: [ε | success_request_with_credentials_v1 eap_success eap_success challenge_v1 eap_success id_request_v1 inner_success / ε | success_response_v1 after_eap_success after_eap_success challenge_response_v1 after_eap_success id_response_v1 empty_peap]
Mar 26, 2026 2:55:58 PM de.learnlib.logging.LearnLogger logQuery
INFO: [ε | success_request_with_credentials_v1 eap_success eap_success success_request_with_credentials_v1 eap_success / ε | success_response_v1 after_eap_success after_eap_success success_response_v1 after_eap_success]
Mar 26, 2026 2:56:06 PM de.learnlib.logging.LearnLogger logQuery
INFO: [ε | success_request_with_credentials_v1 eap_success eap_success success_request_with_credentials_v1 eap_success inner_failure / ε | success_response_v1 after_eap_success after_eap_success success_response_v1 after_eap_success no_reply]
Mar 26, 2026 2:56:14 PM de.learnlib.logging.LearnLogger logQuery
INFO: [ε | success_request_with_credentials_v1 eap_success eap_success success_request_with_credentials_v1 eap_success inner_success / ε | success_response_v1 after_eap_success after_eap_success success_response_v1 after_eap_success no_reply]
Mar 26, 2026 2:56:21 PM de.learnlib.logging.LearnLogger logQuery
INFO: [ε | success_request_with_credentials_v1 eap_success eap_success success_request_with_credentials_v1 eap_success id_request_v1 / ε | success_response_v1 after_eap_success after_eap_success success_response_v1 after_eap_success id_response_v1]
Mar 26, 2026 2:56:28 PM de.learnlib.logging.LearnLogger logQuery
INFO: [ε | success_request_with_credentials_v1 eap_success eap_success success_request_with_credentials_v1 eap_success id_request_v1 inner_success / ε | success_response_v1 after_eap_success after_eap_success success_response_v1 after_eap_success id_response_v1 empty_peap]
Mar 26, 2026 2:56:36 PM de.learnlib.logging.LearnLogger logQuery
INFO: [ε | success_request_with_credentials_v1 eap_success eap_success eap_success eap_success / ε | success_response_v1 after_eap_success after_eap_success after_eap_success after_eap_success]
Mar 26, 2026 2:56:44 PM de.learnlib.logging.LearnLogger logQuery
INFO: [ε | success_request_with_credentials_v1 eap_success eap_success eap_success eap_success inner_failure / ε | success_response_v1 after_eap_success after_eap_success after_eap_success after_eap_success no_reply]
Mar 26, 2026 2:56:52 PM de.learnlib.logging.LearnLogger logQuery
INFO: [ε | success_request_with_credentials_v1 eap_success eap_success eap_success eap_success inner_success / ε | success_response_v1 after_eap_success after_eap_success after_eap_success after_eap_success no_reply]
Mar 26, 2026 2:56:59 PM de.learnlib.logging.LearnLogger logQuery
INFO: [ε | success_request_with_credentials_v1 eap_success eap_success eap_success eap_success id_request_v1 / ε | success_response_v1 after_eap_success after_eap_success after_eap_success after_eap_success id_response_v1]
Mar 26, 2026 2:57:07 PM de.learnlib.logging.LearnLogger logQuery
INFO: [ε | success_request_with_credentials_v1 eap_success eap_success eap_success eap_success id_request_v1 inner_success / ε | success_response_v1 after_eap_success after_eap_success after_eap_success after_eap_success id_response_v1 empty_peap]
Mar 26, 2026 2:57:14 PM de.learnlib.logging.LearnLogger logQuery
INFO: [ε | success_request_with_credentials_v1 eap_success eap_success id_request_v1 4_way_message_1 / ε | success_response_v1 after_eap_success after_eap_success id_response_v1 no_reply]
Mar 26, 2026 2:57:22 PM de.learnlib.logging.LearnLogger logQuery
INFO: [ε | success_request_with_credentials_v1 eap_success eap_success challenge_v1 4_way_message_1 / ε | success_response_v1 after_eap_success after_eap_success challenge_response_v1 no_reply]
Mar 26, 2026 2:57:30 PM de.learnlib.logging.LearnLogger logQuery
INFO: [ε | success_request_with_credentials_v1 eap_success eap_success success_request_with_credentials_v1 4_way_message_1 / ε | success_response_v1 after_eap_success after_eap_success success_response_v1 no_reply]
Mar 26, 2026 2:57:37 PM de.learnlib.logging.LearnLogger logQuery
INFO: [ε | success_request_with_credentials_v1 eap_success eap_success eap_success 4_way_message_1 / ε | success_response_v1 after_eap_success after_eap_success after_eap_success no_reply]
Mar 26, 2026 2:57:45 PM de.learnlib.logging.LearnLogger logQuery
INFO: [ε | success_request_with_credentials_v1 inner_success eap_success eap_success eap_success challenge_v1 / ε | success_response_v1 empty_peap after_eap_success after_eap_success after_eap_success deauthentication]
Mar 26, 2026 2:57:52 PM de.learnlib.logging.LearnLogger logQuery
INFO: [ε | success_request_with_credentials_v1 inner_success eap_success eap_success eap_success success_request_all_zeros_v1 / ε | success_response_v1 empty_peap after_eap_success after_eap_success after_eap_success deauthentication]
Mar 26, 2026 2:58:00 PM de.learnlib.logging.LearnLogger logQuery
INFO: [ε | success_request_with_credentials_v1 inner_success eap_success eap_success eap_success success_request_with_credentials_v1 / ε | success_response_v1 empty_peap after_eap_success after_eap_success after_eap_success deauthentication]
Mar 26, 2026 2:58:08 PM de.learnlib.logging.LearnLogger logQuery
INFO: [ε | success_request_with_credentials_v1 inner_success eap_success eap_success eap_success eap_success / ε | success_response_v1 empty_peap after_eap_success after_eap_success after_eap_success after_eap_success]
Mar 26, 2026 2:58:15 PM de.learnlib.logging.LearnLogger logQuery
INFO: [ε | success_request_with_credentials_v1 inner_success eap_success eap_success eap_success eap_success inner_failure / ε | success_response_v1 empty_peap after_eap_success after_eap_success after_eap_success after_eap_success deauthentication]
Mar 26, 2026 2:58:23 PM de.learnlib.logging.LearnLogger logQuery
INFO: [ε | success_request_with_credentials_v1 inner_success eap_success eap_success eap_success eap_success inner_success / ε | success_response_v1 empty_peap after_eap_success after_eap_success after_eap_success after_eap_success deauthentication]
Mar 26, 2026 2:58:31 PM de.learnlib.logging.LearnLogger logQuery
INFO: [ε | success_request_with_credentials_v1 inner_success eap_success eap_success eap_success eap_success id_request_v1 / ε | success_response_v1 empty_peap after_eap_success after_eap_success after_eap_success after_eap_success deauthentication]
Mar 26, 2026 2:58:31 PM de.learnlib.logging.LearnLogger logQuery
INFO: DB CACHE [ε | success_request_with_credentials_v1 inner_success eap_success eap_success eap_success eap_success id_request_v1 inner_success /  success_response_v1 empty_peap after_eap_success after_eap_success after_eap_success after_eap_success deauthentication -]
Mar 26, 2026 2:58:38 PM de.learnlib.logging.LearnLogger logQuery
INFO: [ε | success_request_with_credentials_v1 inner_success eap_success eap_success eap_success 4_way_message_1 / ε | success_response_v1 empty_peap after_eap_success after_eap_success after_eap_success 4_way_message_2]
