Apr 02, 2026 4:05:06 PM de.learnlib.logging.LearnLogger logQuery
INFO: DB CACHE [ε | id_request_v1 /  id_response_v1]
Apr 02, 2026 4:05:06 PM de.learnlib.logging.LearnLogger logQuery
INFO: DB CACHE [ε | id_request_v1 success_request_with_credentials_v1 /  id_response_v1 no_reply]
Apr 02, 2026 4:05:06 PM de.learnlib.logging.LearnLogger logQuery
INFO: DB CACHE [ε | id_request_v1 id_request_v1 /  id_response_v1 id_response_v1]
Apr 02, 2026 4:05:06 PM de.learnlib.logging.LearnLogger logQuery
INFO: DB CACHE [ε | challenge_v1 /  challenge_response_v1]
Apr 02, 2026 4:05:06 PM de.learnlib.logging.LearnLogger logQuery
INFO: DB CACHE [ε | challenge_v1 success_request_with_credentials_v1 /  challenge_response_v1 success_response_v1]
Apr 02, 2026 4:05:06 PM de.learnlib.logging.LearnLogger logQuery
INFO: DB CACHE [ε | challenge_v1 id_request_v1 /  challenge_response_v1 id_response_v1]
Apr 02, 2026 4:05:06 PM de.learnlib.logging.LearnLogger logQuery
INFO: DB CACHE [ε | success_request_all_zeros_v1 /  no_reply]
Apr 02, 2026 4:05:06 PM de.learnlib.logging.LearnLogger logQuery
INFO: DB CACHE [ε | success_request_with_credentials_v1 /  no_reply]
Apr 02, 2026 4:05:06 PM de.learnlib.logging.LearnLogger logQuery
INFO: DB CACHE [ε | inner_success /  deauthentication]
Apr 02, 2026 4:05:06 PM de.learnlib.logging.LearnLogger logQuery
INFO: DB CACHE [ε | inner_failure /  inner_failure_response]
Apr 02, 2026 4:05:06 PM de.learnlib.logging.LearnLogger logQuery
INFO: DB CACHE [ε | eap_success /  deauthentication]
Apr 02, 2026 4:05:06 PM de.learnlib.logging.LearnLogger logQuery
INFO: DB CACHE [ε | 4_way_message_1 /  deauthentication]
Apr 02, 2026 4:05:09 PM de.learnlib.logging.LearnLogger logQuery
INFO: [ε | id_request_v1 id_request_v1 success_request_with_credentials_v1 / ε | id_response_v1 id_response_v1 no_reply]
Apr 02, 2026 4:05:11 PM de.learnlib.logging.LearnLogger logQuery
INFO: [ε | id_request_v1 id_request_v1 id_request_v1 / ε | id_response_v1 id_response_v1 id_response_v1]
Apr 02, 2026 4:05:11 PM de.learnlib.logging.LearnLogger logQuery
INFO: DB CACHE [ε | challenge_v1 id_request_v1 success_request_with_credentials_v1 /  challenge_response_v1 id_response_v1 success_response_v1]
Apr 02, 2026 4:05:11 PM de.learnlib.logging.LearnLogger logQuery
INFO: DB CACHE [ε | challenge_v1 id_request_v1 id_request_v1 /  challenge_response_v1 id_response_v1 id_response_v1]
Apr 02, 2026 4:05:11 PM de.learnlib.logging.LearnLogger logQuery
INFO: DB CACHE [ε | id_request_v1 challenge_v1 /  id_response_v1 challenge_response_v1]
Apr 02, 2026 4:05:14 PM de.learnlib.logging.LearnLogger logQuery
INFO: [ε | id_request_v1 challenge_v1 success_request_with_credentials_v1 / ε | id_response_v1 challenge_response_v1 success_response_v1]
Apr 02, 2026 4:05:16 PM de.learnlib.logging.LearnLogger logQuery
INFO: [ε | id_request_v1 challenge_v1 id_request_v1 / ε | id_response_v1 challenge_response_v1 id_response_v1]
Apr 02, 2026 4:05:16 PM de.learnlib.logging.LearnLogger logQuery
INFO: DB CACHE [ε | challenge_v1 challenge_v1 /  challenge_response_v1 challenge_response_v1]
Apr 02, 2026 4:05:16 PM de.learnlib.logging.LearnLogger logQuery
INFO: DB CACHE [ε | challenge_v1 challenge_v1 success_request_with_credentials_v1 /  challenge_response_v1 challenge_response_v1 success_response_v1]
Apr 02, 2026 4:05:16 PM de.learnlib.logging.LearnLogger logQuery
INFO: DB CACHE [ε | challenge_v1 challenge_v1 id_request_v1 /  challenge_response_v1 challenge_response_v1 id_response_v1]
Apr 02, 2026 4:05:16 PM de.learnlib.logging.LearnLogger logQuery
INFO: DB CACHE [ε | id_request_v1 success_request_all_zeros_v1 /  id_response_v1 no_reply]
Apr 02, 2026 4:05:16 PM de.learnlib.logging.LearnLogger logQuery
INFO: DB CACHE [ε | challenge_v1 success_request_all_zeros_v1 /  challenge_response_v1 no_reply]
Apr 02, 2026 4:05:16 PM de.learnlib.logging.LearnLogger logQuery
INFO: DB CACHE [ε | challenge_v1 success_request_with_credentials_v1 success_request_with_credentials_v1 /  challenge_response_v1 success_response_v1 success_response_v1]
Apr 02, 2026 4:05:16 PM de.learnlib.logging.LearnLogger logQuery
INFO: DB CACHE [ε | challenge_v1 success_request_with_credentials_v1 id_request_v1 /  challenge_response_v1 success_response_v1 id_response_v1]
Apr 02, 2026 4:05:16 PM de.learnlib.logging.LearnLogger logQuery
INFO: DB CACHE [ε | id_request_v1 inner_success /  id_response_v1 deauthentication]
Apr 02, 2026 4:05:16 PM de.learnlib.logging.LearnLogger logQuery
INFO: DB CACHE [ε | challenge_v1 inner_success /  challenge_response_v1 deauthentication]
Apr 02, 2026 4:05:16 PM de.learnlib.logging.LearnLogger logQuery
INFO: DB CACHE [ε | id_request_v1 inner_failure /  id_response_v1 inner_failure_response]
Apr 02, 2026 4:05:16 PM de.learnlib.logging.LearnLogger logQuery
INFO: DB CACHE [ε | challenge_v1 inner_failure /  challenge_response_v1 inner_failure_response]
Apr 02, 2026 4:05:16 PM de.learnlib.logging.LearnLogger logQuery
INFO: DB CACHE [ε | id_request_v1 eap_success /  id_response_v1 deauthentication]
Apr 02, 2026 4:05:16 PM de.learnlib.logging.LearnLogger logQuery
INFO: DB CACHE [ε | challenge_v1 eap_success /  challenge_response_v1 deauthentication]
Apr 02, 2026 4:05:16 PM de.learnlib.logging.LearnLogger logQuery
INFO: DB CACHE [ε | id_request_v1 4_way_message_1 /  id_response_v1 deauthentication]
Apr 02, 2026 4:05:16 PM de.learnlib.logging.LearnLogger logQuery
INFO: DB CACHE [ε | challenge_v1 4_way_message_1 /  challenge_response_v1 deauthentication]
Apr 02, 2026 4:05:19 PM de.learnlib.logging.LearnLogger logQuery
INFO: [ε | id_request_v1 id_request_v1 id_request_v1 success_request_with_credentials_v1 / ε | id_response_v1 id_response_v1 id_response_v1 no_reply]
Apr 02, 2026 4:05:22 PM de.learnlib.logging.LearnLogger logQuery
INFO: [ε | id_request_v1 id_request_v1 id_request_v1 id_request_v1 / ε | id_response_v1 id_response_v1 id_response_v1 id_response_v1]
Apr 02, 2026 4:05:24 PM de.learnlib.logging.LearnLogger logQuery
INFO: [ε | id_request_v1 challenge_v1 id_request_v1 success_request_with_credentials_v1 / ε | id_response_v1 challenge_response_v1 id_response_v1 success_response_v1]
Apr 02, 2026 4:05:27 PM de.learnlib.logging.LearnLogger logQuery
INFO: [ε | id_request_v1 challenge_v1 id_request_v1 id_request_v1 / ε | id_response_v1 challenge_response_v1 id_response_v1 id_response_v1]
Apr 02, 2026 4:05:29 PM de.learnlib.logging.LearnLogger logQuery
INFO: [ε | id_request_v1 id_request_v1 challenge_v1 / ε | id_response_v1 id_response_v1 challenge_response_v1]
Apr 02, 2026 4:05:32 PM de.learnlib.logging.LearnLogger logQuery
INFO: [ε | id_request_v1 id_request_v1 challenge_v1 success_request_with_credentials_v1 / ε | id_response_v1 id_response_v1 challenge_response_v1 success_response_v1]
Apr 02, 2026 4:05:34 PM de.learnlib.logging.LearnLogger logQuery
INFO: [ε | id_request_v1 id_request_v1 challenge_v1 id_request_v1 / ε | id_response_v1 id_response_v1 challenge_response_v1 id_response_v1]
Apr 02, 2026 4:05:37 PM de.learnlib.logging.LearnLogger logQuery
INFO: [ε | id_request_v1 challenge_v1 challenge_v1 / ε | id_response_v1 challenge_response_v1 challenge_response_v1]
Apr 02, 2026 4:05:39 PM de.learnlib.logging.LearnLogger logQuery
INFO: [ε | id_request_v1 challenge_v1 challenge_v1 success_request_with_credentials_v1 / ε | id_response_v1 challenge_response_v1 challenge_response_v1 success_response_v1]
Apr 02, 2026 4:05:42 PM de.learnlib.logging.LearnLogger logQuery
INFO: [ε | id_request_v1 challenge_v1 challenge_v1 id_request_v1 / ε | id_response_v1 challenge_response_v1 challenge_response_v1 id_response_v1]
Apr 02, 2026 4:05:44 PM de.learnlib.logging.LearnLogger logQuery
INFO: [ε | id_request_v1 id_request_v1 success_request_all_zeros_v1 / ε | id_response_v1 id_response_v1 no_reply]
Apr 02, 2026 4:05:47 PM de.learnlib.logging.LearnLogger logQuery
INFO: [ε | id_request_v1 challenge_v1 success_request_all_zeros_v1 / ε | id_response_v1 challenge_response_v1 no_reply]
Apr 02, 2026 4:05:50 PM de.learnlib.logging.LearnLogger logQuery
INFO: [ε | id_request_v1 challenge_v1 success_request_with_credentials_v1 success_request_with_credentials_v1 / ε | id_response_v1 challenge_response_v1 success_response_v1 success_response_v1]
Apr 02, 2026 4:05:52 PM de.learnlib.logging.LearnLogger logQuery
INFO: [ε | id_request_v1 challenge_v1 success_request_with_credentials_v1 id_request_v1 / ε | id_response_v1 challenge_response_v1 success_response_v1 id_response_v1]
Apr 02, 2026 4:05:55 PM de.learnlib.logging.LearnLogger logQuery
INFO: [ε | id_request_v1 id_request_v1 inner_success / ε | id_response_v1 id_response_v1 deauthentication]
Apr 02, 2026 4:05:57 PM de.learnlib.logging.LearnLogger logQuery
INFO: [ε | id_request_v1 challenge_v1 inner_success / ε | id_response_v1 challenge_response_v1 deauthentication]
Apr 02, 2026 4:06:00 PM de.learnlib.logging.LearnLogger logQuery
INFO: [ε | id_request_v1 id_request_v1 inner_failure / ε | id_response_v1 id_response_v1 inner_failure_response]
Apr 02, 2026 4:06:03 PM de.learnlib.logging.LearnLogger logQuery
INFO: [ε | id_request_v1 challenge_v1 inner_failure / ε | id_response_v1 challenge_response_v1 inner_failure_response]
Apr 02, 2026 4:06:05 PM de.learnlib.logging.LearnLogger logQuery
INFO: [ε | id_request_v1 id_request_v1 eap_success / ε | id_response_v1 id_response_v1 deauthentication]
Apr 02, 2026 4:06:08 PM de.learnlib.logging.LearnLogger logQuery
INFO: [ε | id_request_v1 challenge_v1 eap_success / ε | id_response_v1 challenge_response_v1 deauthentication]
Apr 02, 2026 4:06:11 PM de.learnlib.logging.LearnLogger logQuery
INFO: [ε | id_request_v1 id_request_v1 4_way_message_1 / ε | id_response_v1 id_response_v1 deauthentication]
Apr 02, 2026 4:06:13 PM de.learnlib.logging.LearnLogger logQuery
INFO: [ε | id_request_v1 challenge_v1 4_way_message_1 / ε | id_response_v1 challenge_response_v1 deauthentication]
Apr 02, 2026 4:06:16 PM de.learnlib.logging.LearnLogger logQuery
INFO: [ε | challenge_v1 id_request_v1 id_request_v1 success_request_with_credentials_v1 / ε | challenge_response_v1 id_response_v1 id_response_v1 success_response_v1]
Apr 02, 2026 4:06:19 PM de.learnlib.logging.LearnLogger logQuery
INFO: [ε | challenge_v1 id_request_v1 id_request_v1 id_request_v1 / ε | challenge_response_v1 id_response_v1 id_response_v1 id_response_v1]
Apr 02, 2026 4:06:21 PM de.learnlib.logging.LearnLogger logQuery
INFO: [ε | challenge_v1 challenge_v1 id_request_v1 success_request_with_credentials_v1 / ε | challenge_response_v1 challenge_response_v1 id_response_v1 success_response_v1]
Apr 02, 2026 4:06:24 PM de.learnlib.logging.LearnLogger logQuery
INFO: [ε | challenge_v1 challenge_v1 id_request_v1 id_request_v1 / ε | challenge_response_v1 challenge_response_v1 id_response_v1 id_response_v1]
Apr 02, 2026 4:06:24 PM de.learnlib.logging.LearnLogger logQuery
INFO: DB CACHE [ε | challenge_v1 success_request_with_credentials_v1 id_request_v1 success_request_with_credentials_v1 /  challenge_response_v1 success_response_v1 id_response_v1 success_response_v1]
Apr 02, 2026 4:06:24 PM de.learnlib.logging.LearnLogger logQuery
INFO: DB CACHE [ε | challenge_v1 success_request_with_credentials_v1 id_request_v1 id_request_v1 /  challenge_response_v1 success_response_v1 id_response_v1 id_response_v1]
Apr 02, 2026 4:06:24 PM de.learnlib.logging.LearnLogger logQuery
INFO: DB CACHE [ε | challenge_v1 id_request_v1 challenge_v1 /  challenge_response_v1 id_response_v1 challenge_response_v1]
Apr 02, 2026 4:06:26 PM de.learnlib.logging.LearnLogger logQuery
INFO: [ε | challenge_v1 id_request_v1 challenge_v1 success_request_with_credentials_v1 / ε | challenge_response_v1 id_response_v1 challenge_response_v1 success_response_v1]
Apr 02, 2026 4:06:29 PM de.learnlib.logging.LearnLogger logQuery
INFO: [ε | challenge_v1 id_request_v1 challenge_v1 id_request_v1 / ε | challenge_response_v1 id_response_v1 challenge_response_v1 id_response_v1]
Apr 02, 2026 4:06:29 PM de.learnlib.logging.LearnLogger logQuery
INFO: DB CACHE [ε | challenge_v1 challenge_v1 challenge_v1 /  challenge_response_v1 challenge_response_v1 challenge_response_v1]
Apr 02, 2026 4:06:31 PM de.learnlib.logging.LearnLogger logQuery
INFO: [ε | challenge_v1 challenge_v1 challenge_v1 success_request_with_credentials_v1 / ε | challenge_response_v1 challenge_response_v1 challenge_response_v1 success_response_v1]
Apr 02, 2026 4:06:34 PM de.learnlib.logging.LearnLogger logQuery
INFO: [ε | challenge_v1 challenge_v1 challenge_v1 id_request_v1 / ε | challenge_response_v1 challenge_response_v1 challenge_response_v1 id_response_v1]
Apr 02, 2026 4:06:34 PM de.learnlib.logging.LearnLogger logQuery
INFO: DB CACHE [ε | challenge_v1 success_request_with_credentials_v1 challenge_v1 /  challenge_response_v1 success_response_v1 challenge_response_v1]
Apr 02, 2026 4:06:34 PM de.learnlib.logging.LearnLogger logQuery
INFO: DB CACHE [ε | challenge_v1 success_request_with_credentials_v1 challenge_v1 success_request_with_credentials_v1 /  challenge_response_v1 success_response_v1 challenge_response_v1 success_response_v1]
Apr 02, 2026 4:06:34 PM de.learnlib.logging.LearnLogger logQuery
INFO: DB CACHE [ε | challenge_v1 success_request_with_credentials_v1 challenge_v1 id_request_v1 /  challenge_response_v1 success_response_v1 challenge_response_v1 id_response_v1]
Apr 02, 2026 4:06:34 PM de.learnlib.logging.LearnLogger logQuery
INFO: DB CACHE [ε | challenge_v1 id_request_v1 success_request_all_zeros_v1 /  challenge_response_v1 id_response_v1 no_reply]
Apr 02, 2026 4:06:34 PM de.learnlib.logging.LearnLogger logQuery
INFO: DB CACHE [ε | challenge_v1 challenge_v1 success_request_all_zeros_v1 /  challenge_response_v1 challenge_response_v1 no_reply]
Apr 02, 2026 4:06:34 PM de.learnlib.logging.LearnLogger logQuery
INFO: DB CACHE [ε | challenge_v1 success_request_with_credentials_v1 success_request_all_zeros_v1 /  challenge_response_v1 success_response_v1 no_reply]
Apr 02, 2026 4:06:36 PM de.learnlib.logging.LearnLogger logQuery
INFO: [ε | challenge_v1 id_request_v1 success_request_with_credentials_v1 success_request_with_credentials_v1 / ε | challenge_response_v1 id_response_v1 success_response_v1 success_response_v1]
Apr 02, 2026 4:06:39 PM de.learnlib.logging.LearnLogger logQuery
INFO: [ε | challenge_v1 id_request_v1 success_request_with_credentials_v1 id_request_v1 / ε | challenge_response_v1 id_response_v1 success_response_v1 id_response_v1]
Apr 02, 2026 4:06:41 PM de.learnlib.logging.LearnLogger logQuery
INFO: [ε | challenge_v1 challenge_v1 success_request_with_credentials_v1 success_request_with_credentials_v1 / ε | challenge_response_v1 challenge_response_v1 success_response_v1 success_response_v1]
Apr 02, 2026 4:06:44 PM de.learnlib.logging.LearnLogger logQuery
INFO: [ε | challenge_v1 challenge_v1 success_request_with_credentials_v1 id_request_v1 / ε | challenge_response_v1 challenge_response_v1 success_response_v1 id_response_v1]
Apr 02, 2026 4:06:44 PM de.learnlib.logging.LearnLogger logQuery
INFO: DB CACHE [ε | challenge_v1 success_request_with_credentials_v1 success_request_with_credentials_v1 success_request_with_credentials_v1 /  challenge_response_v1 success_response_v1 success_response_v1 success_response_v1]
Apr 02, 2026 4:06:44 PM de.learnlib.logging.LearnLogger logQuery
INFO: DB CACHE [ε | challenge_v1 success_request_with_credentials_v1 success_request_with_credentials_v1 id_request_v1 /  challenge_response_v1 success_response_v1 success_response_v1 id_response_v1]
Apr 02, 2026 4:06:44 PM de.learnlib.logging.LearnLogger logQuery
INFO: DB CACHE [ε | challenge_v1 id_request_v1 inner_success /  challenge_response_v1 id_response_v1 deauthentication]
Apr 02, 2026 4:06:44 PM de.learnlib.logging.LearnLogger logQuery
INFO: DB CACHE [ε | challenge_v1 challenge_v1 inner_success /  challenge_response_v1 challenge_response_v1 deauthentication]
Apr 02, 2026 4:06:44 PM de.learnlib.logging.LearnLogger logQuery
INFO: DB CACHE [ε | challenge_v1 success_request_with_credentials_v1 inner_success /  challenge_response_v1 success_response_v1 empty_peap]
Apr 02, 2026 4:06:44 PM de.learnlib.logging.LearnLogger logQuery
INFO: DB CACHE [ε | challenge_v1 success_request_with_credentials_v1 inner_success success_request_with_credentials_v1 /  challenge_response_v1 success_response_v1 empty_peap no_reply]
Apr 02, 2026 4:06:44 PM de.learnlib.logging.LearnLogger logQuery
INFO: DB CACHE [ε | challenge_v1 success_request_with_credentials_v1 inner_success id_request_v1 /  challenge_response_v1 success_response_v1 empty_peap no_reply]
Apr 02, 2026 4:06:44 PM de.learnlib.logging.LearnLogger logQuery
INFO: DB CACHE [ε | challenge_v1 id_request_v1 inner_failure /  challenge_response_v1 id_response_v1 inner_failure_response]
Apr 02, 2026 4:06:44 PM de.learnlib.logging.LearnLogger logQuery
INFO: DB CACHE [ε | challenge_v1 challenge_v1 inner_failure /  challenge_response_v1 challenge_response_v1 inner_failure_response]
Apr 02, 2026 4:06:44 PM de.learnlib.logging.LearnLogger logQuery
INFO: DB CACHE [ε | challenge_v1 success_request_with_credentials_v1 inner_failure /  challenge_response_v1 success_response_v1 inner_failure_response]
Apr 02, 2026 4:06:44 PM de.learnlib.logging.LearnLogger logQuery
INFO: DB CACHE [ε | challenge_v1 id_request_v1 eap_success /  challenge_response_v1 id_response_v1 deauthentication]
Apr 02, 2026 4:06:44 PM de.learnlib.logging.LearnLogger logQuery
INFO: DB CACHE [ε | challenge_v1 challenge_v1 eap_success /  challenge_response_v1 challenge_response_v1 deauthentication]
Apr 02, 2026 4:06:44 PM de.learnlib.logging.LearnLogger logQuery
INFO: DB CACHE [ε | challenge_v1 success_request_with_credentials_v1 eap_success /  challenge_response_v1 success_response_v1 deauthentication]
Apr 02, 2026 4:06:44 PM de.learnlib.logging.LearnLogger logQuery
INFO: DB CACHE [ε | challenge_v1 id_request_v1 4_way_message_1 /  challenge_response_v1 id_response_v1 deauthentication]
Apr 02, 2026 4:06:44 PM de.learnlib.logging.LearnLogger logQuery
INFO: DB CACHE [ε | challenge_v1 challenge_v1 4_way_message_1 /  challenge_response_v1 challenge_response_v1 deauthentication]
Apr 02, 2026 4:06:44 PM de.learnlib.logging.LearnLogger logQuery
INFO: DB CACHE [ε | challenge_v1 success_request_with_credentials_v1 4_way_message_1 /  challenge_response_v1 success_response_v1 deauthentication]
Apr 02, 2026 4:06:47 PM de.learnlib.logging.LearnLogger logQuery
INFO: [ε | challenge_v1 id_request_v1 id_request_v1 id_request_v1 success_request_with_credentials_v1 / ε | challenge_response_v1 id_response_v1 id_response_v1 id_response_v1 success_response_v1]
Apr 02, 2026 4:06:49 PM de.learnlib.logging.LearnLogger logQuery
INFO: [ε | challenge_v1 id_request_v1 id_request_v1 id_request_v1 id_request_v1 / ε | challenge_response_v1 id_response_v1 id_response_v1 id_response_v1 id_response_v1]
Apr 02, 2026 4:06:52 PM de.learnlib.logging.LearnLogger logQuery
INFO: [ε | challenge_v1 id_request_v1 challenge_v1 id_request_v1 success_request_with_credentials_v1 / ε | challenge_response_v1 id_response_v1 challenge_response_v1 id_response_v1 success_response_v1]
Apr 02, 2026 4:06:54 PM de.learnlib.logging.LearnLogger logQuery
INFO: [ε | challenge_v1 id_request_v1 challenge_v1 id_request_v1 id_request_v1 / ε | challenge_response_v1 id_response_v1 challenge_response_v1 id_response_v1 id_response_v1]
Apr 02, 2026 4:06:57 PM de.learnlib.logging.LearnLogger logQuery
INFO: [ε | challenge_v1 id_request_v1 success_request_with_credentials_v1 id_request_v1 success_request_with_credentials_v1 / ε | challenge_response_v1 id_response_v1 success_response_v1 id_response_v1 success_response_v1]
Apr 02, 2026 4:07:00 PM de.learnlib.logging.LearnLogger logQuery
INFO: [ε | challenge_v1 id_request_v1 success_request_with_credentials_v1 id_request_v1 id_request_v1 / ε | challenge_response_v1 id_response_v1 success_response_v1 id_response_v1 id_response_v1]
Apr 02, 2026 4:07:03 PM de.learnlib.logging.LearnLogger logQuery
INFO: [ε | challenge_v1 id_request_v1 id_request_v1 challenge_v1 / ε | challenge_response_v1 id_response_v1 id_response_v1 challenge_response_v1]
Apr 02, 2026 4:07:05 PM de.learnlib.logging.LearnLogger logQuery
INFO: [ε | challenge_v1 id_request_v1 id_request_v1 challenge_v1 success_request_with_credentials_v1 / ε | challenge_response_v1 id_response_v1 id_response_v1 challenge_response_v1 success_response_v1]
Apr 02, 2026 4:07:08 PM de.learnlib.logging.LearnLogger logQuery
INFO: [ε | challenge_v1 id_request_v1 id_request_v1 challenge_v1 id_request_v1 / ε | challenge_response_v1 id_response_v1 id_response_v1 challenge_response_v1 id_response_v1]
Apr 02, 2026 4:07:10 PM de.learnlib.logging.LearnLogger logQuery
INFO: [ε | challenge_v1 id_request_v1 challenge_v1 challenge_v1 / ε | challenge_response_v1 id_response_v1 challenge_response_v1 challenge_response_v1]
Apr 02, 2026 4:07:13 PM de.learnlib.logging.LearnLogger logQuery
INFO: [ε | challenge_v1 id_request_v1 challenge_v1 challenge_v1 success_request_with_credentials_v1 / ε | challenge_response_v1 id_response_v1 challenge_response_v1 challenge_response_v1 success_response_v1]
Apr 02, 2026 4:07:15 PM de.learnlib.logging.LearnLogger logQuery
INFO: [ε | challenge_v1 id_request_v1 challenge_v1 challenge_v1 id_request_v1 / ε | challenge_response_v1 id_response_v1 challenge_response_v1 challenge_response_v1 id_response_v1]
Apr 02, 2026 4:07:18 PM de.learnlib.logging.LearnLogger logQuery
INFO: [ε | challenge_v1 id_request_v1 success_request_with_credentials_v1 challenge_v1 / ε | challenge_response_v1 id_response_v1 success_response_v1 challenge_response_v1]
Apr 02, 2026 4:07:21 PM de.learnlib.logging.LearnLogger logQuery
INFO: [ε | challenge_v1 id_request_v1 success_request_with_credentials_v1 challenge_v1 success_request_with_credentials_v1 / ε | challenge_response_v1 id_response_v1 success_response_v1 challenge_response_v1 success_response_v1]
Apr 02, 2026 4:07:23 PM de.learnlib.logging.LearnLogger logQuery
INFO: [ε | challenge_v1 id_request_v1 success_request_with_credentials_v1 challenge_v1 id_request_v1 / ε | challenge_response_v1 id_response_v1 success_response_v1 challenge_response_v1 id_response_v1]
Apr 02, 2026 4:07:26 PM de.learnlib.logging.LearnLogger logQuery
INFO: [ε | challenge_v1 id_request_v1 id_request_v1 success_request_all_zeros_v1 / ε | challenge_response_v1 id_response_v1 id_response_v1 no_reply]
Apr 02, 2026 4:07:29 PM de.learnlib.logging.LearnLogger logQuery
INFO: [ε | challenge_v1 id_request_v1 challenge_v1 success_request_all_zeros_v1 / ε | challenge_response_v1 id_response_v1 challenge_response_v1 no_reply]
Apr 02, 2026 4:07:32 PM de.learnlib.logging.LearnLogger logQuery
INFO: [ε | challenge_v1 id_request_v1 success_request_with_credentials_v1 success_request_all_zeros_v1 / ε | challenge_response_v1 id_response_v1 success_response_v1 no_reply]
Apr 02, 2026 4:07:34 PM de.learnlib.logging.LearnLogger logQuery
INFO: [ε | challenge_v1 id_request_v1 id_request_v1 success_request_with_credentials_v1 success_request_with_credentials_v1 / ε | challenge_response_v1 id_response_v1 id_response_v1 success_response_v1 success_response_v1]
Apr 02, 2026 4:07:37 PM de.learnlib.logging.LearnLogger logQuery
INFO: [ε | challenge_v1 id_request_v1 id_request_v1 success_request_with_credentials_v1 id_request_v1 / ε | challenge_response_v1 id_response_v1 id_response_v1 success_response_v1 id_response_v1]
Apr 02, 2026 4:07:40 PM de.learnlib.logging.LearnLogger logQuery
INFO: [ε | challenge_v1 id_request_v1 challenge_v1 success_request_with_credentials_v1 success_request_with_credentials_v1 / ε | challenge_response_v1 id_response_v1 challenge_response_v1 success_response_v1 success_response_v1]
Apr 02, 2026 4:07:42 PM de.learnlib.logging.LearnLogger logQuery
INFO: [ε | challenge_v1 id_request_v1 challenge_v1 success_request_with_credentials_v1 id_request_v1 / ε | challenge_response_v1 id_response_v1 challenge_response_v1 success_response_v1 id_response_v1]
Apr 02, 2026 4:07:45 PM de.learnlib.logging.LearnLogger logQuery
INFO: [ε | challenge_v1 id_request_v1 success_request_with_credentials_v1 success_request_with_credentials_v1 success_request_with_credentials_v1 / ε | challenge_response_v1 id_response_v1 success_response_v1 success_response_v1 success_response_v1]
Apr 02, 2026 4:07:48 PM de.learnlib.logging.LearnLogger logQuery
INFO: [ε | challenge_v1 id_request_v1 success_request_with_credentials_v1 success_request_with_credentials_v1 id_request_v1 / ε | challenge_response_v1 id_response_v1 success_response_v1 success_response_v1 id_response_v1]
Apr 02, 2026 4:07:50 PM de.learnlib.logging.LearnLogger logQuery
INFO: [ε | challenge_v1 id_request_v1 id_request_v1 inner_success / ε | challenge_response_v1 id_response_v1 id_response_v1 deauthentication]
Apr 02, 2026 4:07:53 PM de.learnlib.logging.LearnLogger logQuery
INFO: [ε | challenge_v1 id_request_v1 challenge_v1 inner_success / ε | challenge_response_v1 id_response_v1 challenge_response_v1 deauthentication]
Apr 02, 2026 4:07:56 PM de.learnlib.logging.LearnLogger logQuery
INFO: [ε | challenge_v1 id_request_v1 success_request_with_credentials_v1 inner_success / ε | challenge_response_v1 id_response_v1 success_response_v1 empty_peap]
Apr 02, 2026 4:07:58 PM de.learnlib.logging.LearnLogger logQuery
INFO: [ε | challenge_v1 id_request_v1 success_request_with_credentials_v1 inner_success success_request_with_credentials_v1 / ε | challenge_response_v1 id_response_v1 success_response_v1 empty_peap no_reply]
Apr 02, 2026 4:08:01 PM de.learnlib.logging.LearnLogger logQuery
INFO: [ε | challenge_v1 id_request_v1 success_request_with_credentials_v1 inner_success id_request_v1 / ε | challenge_response_v1 id_response_v1 success_response_v1 empty_peap no_reply]
Apr 02, 2026 4:08:04 PM de.learnlib.logging.LearnLogger logQuery
INFO: [ε | challenge_v1 id_request_v1 id_request_v1 inner_failure / ε | challenge_response_v1 id_response_v1 id_response_v1 inner_failure_response]
Apr 02, 2026 4:08:07 PM de.learnlib.logging.LearnLogger logQuery
INFO: [ε | challenge_v1 id_request_v1 challenge_v1 inner_failure / ε | challenge_response_v1 id_response_v1 challenge_response_v1 inner_failure_response]
Apr 02, 2026 4:08:09 PM de.learnlib.logging.LearnLogger logQuery
INFO: [ε | challenge_v1 id_request_v1 success_request_with_credentials_v1 inner_failure / ε | challenge_response_v1 id_response_v1 success_response_v1 inner_failure_response]
Apr 02, 2026 4:08:12 PM de.learnlib.logging.LearnLogger logQuery
INFO: [ε | challenge_v1 id_request_v1 id_request_v1 eap_success / ε | challenge_response_v1 id_response_v1 id_response_v1 deauthentication]
Apr 02, 2026 4:08:15 PM de.learnlib.logging.LearnLogger logQuery
INFO: [ε | challenge_v1 id_request_v1 challenge_v1 eap_success / ε | challenge_response_v1 id_response_v1 challenge_response_v1 deauthentication]
Apr 02, 2026 4:08:18 PM de.learnlib.logging.LearnLogger logQuery
INFO: [ε | challenge_v1 id_request_v1 success_request_with_credentials_v1 eap_success / ε | challenge_response_v1 id_response_v1 success_response_v1 deauthentication]
Apr 02, 2026 4:08:21 PM de.learnlib.logging.LearnLogger logQuery
INFO: [ε | challenge_v1 id_request_v1 id_request_v1 4_way_message_1 / ε | challenge_response_v1 id_response_v1 id_response_v1 deauthentication]
Apr 02, 2026 4:08:23 PM de.learnlib.logging.LearnLogger logQuery
INFO: [ε | challenge_v1 id_request_v1 challenge_v1 4_way_message_1 / ε | challenge_response_v1 id_response_v1 challenge_response_v1 deauthentication]
Apr 02, 2026 4:08:26 PM de.learnlib.logging.LearnLogger logQuery
INFO: [ε | challenge_v1 id_request_v1 success_request_with_credentials_v1 4_way_message_1 / ε | challenge_response_v1 id_response_v1 success_response_v1 deauthentication]
Apr 02, 2026 4:08:29 PM de.learnlib.logging.LearnLogger logQuery
INFO: [ε | challenge_v1 challenge_v1 id_request_v1 id_request_v1 success_request_with_credentials_v1 / ε | challenge_response_v1 challenge_response_v1 id_response_v1 id_response_v1 success_response_v1]
Apr 02, 2026 4:08:31 PM de.learnlib.logging.LearnLogger logQuery
INFO: [ε | challenge_v1 challenge_v1 id_request_v1 id_request_v1 id_request_v1 / ε | challenge_response_v1 challenge_response_v1 id_response_v1 id_response_v1 id_response_v1]
Apr 02, 2026 4:08:34 PM de.learnlib.logging.LearnLogger logQuery
INFO: [ε | challenge_v1 challenge_v1 challenge_v1 id_request_v1 success_request_with_credentials_v1 / ε | challenge_response_v1 challenge_response_v1 challenge_response_v1 id_response_v1 success_response_v1]
Apr 02, 2026 4:08:37 PM de.learnlib.logging.LearnLogger logQuery
INFO: [ε | challenge_v1 challenge_v1 challenge_v1 id_request_v1 id_request_v1 / ε | challenge_response_v1 challenge_response_v1 challenge_response_v1 id_response_v1 id_response_v1]
Apr 02, 2026 4:08:39 PM de.learnlib.logging.LearnLogger logQuery
INFO: [ε | challenge_v1 challenge_v1 success_request_with_credentials_v1 id_request_v1 success_request_with_credentials_v1 / ε | challenge_response_v1 challenge_response_v1 success_response_v1 id_response_v1 success_response_v1]
Apr 02, 2026 4:08:42 PM de.learnlib.logging.LearnLogger logQuery
INFO: [ε | challenge_v1 challenge_v1 success_request_with_credentials_v1 id_request_v1 id_request_v1 / ε | challenge_response_v1 challenge_response_v1 success_response_v1 id_response_v1 id_response_v1]
Apr 02, 2026 4:08:44 PM de.learnlib.logging.LearnLogger logQuery
INFO: [ε | challenge_v1 challenge_v1 id_request_v1 challenge_v1 / ε | challenge_response_v1 challenge_response_v1 id_response_v1 challenge_response_v1]
Apr 02, 2026 4:08:47 PM de.learnlib.logging.LearnLogger logQuery
INFO: [ε | challenge_v1 challenge_v1 id_request_v1 challenge_v1 success_request_with_credentials_v1 / ε | challenge_response_v1 challenge_response_v1 id_response_v1 challenge_response_v1 success_response_v1]
Apr 02, 2026 4:08:50 PM de.learnlib.logging.LearnLogger logQuery
INFO: [ε | challenge_v1 challenge_v1 id_request_v1 challenge_v1 id_request_v1 / ε | challenge_response_v1 challenge_response_v1 id_response_v1 challenge_response_v1 id_response_v1]
Apr 02, 2026 4:08:52 PM de.learnlib.logging.LearnLogger logQuery
INFO: [ε | challenge_v1 challenge_v1 challenge_v1 challenge_v1 / ε | challenge_response_v1 challenge_response_v1 challenge_response_v1 challenge_response_v1]
Apr 02, 2026 4:08:55 PM de.learnlib.logging.LearnLogger logQuery
INFO: [ε | challenge_v1 challenge_v1 challenge_v1 challenge_v1 success_request_with_credentials_v1 / ε | challenge_response_v1 challenge_response_v1 challenge_response_v1 challenge_response_v1 success_response_v1]
Apr 02, 2026 4:08:57 PM de.learnlib.logging.LearnLogger logQuery
INFO: [ε | challenge_v1 challenge_v1 challenge_v1 challenge_v1 id_request_v1 / ε | challenge_response_v1 challenge_response_v1 challenge_response_v1 challenge_response_v1 id_response_v1]
Apr 02, 2026 4:09:00 PM de.learnlib.logging.LearnLogger logQuery
INFO: [ε | challenge_v1 challenge_v1 success_request_with_credentials_v1 challenge_v1 / ε | challenge_response_v1 challenge_response_v1 success_response_v1 challenge_response_v1]
Apr 02, 2026 4:09:02 PM de.learnlib.logging.LearnLogger logQuery
INFO: [ε | challenge_v1 challenge_v1 success_request_with_credentials_v1 challenge_v1 success_request_with_credentials_v1 / ε | challenge_response_v1 challenge_response_v1 success_response_v1 challenge_response_v1 success_response_v1]
Apr 02, 2026 4:09:05 PM de.learnlib.logging.LearnLogger logQuery
INFO: [ε | challenge_v1 challenge_v1 success_request_with_credentials_v1 challenge_v1 id_request_v1 / ε | challenge_response_v1 challenge_response_v1 success_response_v1 challenge_response_v1 id_response_v1]
Apr 02, 2026 4:09:08 PM de.learnlib.logging.LearnLogger logQuery
INFO: [ε | challenge_v1 challenge_v1 id_request_v1 success_request_all_zeros_v1 / ε | challenge_response_v1 challenge_response_v1 id_response_v1 no_reply]
Apr 02, 2026 4:09:11 PM de.learnlib.logging.LearnLogger logQuery
INFO: [ε | challenge_v1 challenge_v1 challenge_v1 success_request_all_zeros_v1 / ε | challenge_response_v1 challenge_response_v1 challenge_response_v1 no_reply]
Apr 02, 2026 4:09:13 PM de.learnlib.logging.LearnLogger logQuery
INFO: [ε | challenge_v1 challenge_v1 success_request_with_credentials_v1 success_request_all_zeros_v1 / ε | challenge_response_v1 challenge_response_v1 success_response_v1 no_reply]
Apr 02, 2026 4:09:16 PM de.learnlib.logging.LearnLogger logQuery
INFO: [ε | challenge_v1 challenge_v1 id_request_v1 success_request_with_credentials_v1 success_request_with_credentials_v1 / ε | challenge_response_v1 challenge_response_v1 id_response_v1 success_response_v1 success_response_v1]
Apr 02, 2026 4:09:19 PM de.learnlib.logging.LearnLogger logQuery
INFO: [ε | challenge_v1 challenge_v1 id_request_v1 success_request_with_credentials_v1 id_request_v1 / ε | challenge_response_v1 challenge_response_v1 id_response_v1 success_response_v1 id_response_v1]
Apr 02, 2026 4:09:21 PM de.learnlib.logging.LearnLogger logQuery
INFO: [ε | challenge_v1 challenge_v1 challenge_v1 success_request_with_credentials_v1 success_request_with_credentials_v1 / ε | challenge_response_v1 challenge_response_v1 challenge_response_v1 success_response_v1 success_response_v1]
Apr 02, 2026 4:09:24 PM de.learnlib.logging.LearnLogger logQuery
INFO: [ε | challenge_v1 challenge_v1 challenge_v1 success_request_with_credentials_v1 id_request_v1 / ε | challenge_response_v1 challenge_response_v1 challenge_response_v1 success_response_v1 id_response_v1]
Apr 02, 2026 4:09:26 PM de.learnlib.logging.LearnLogger logQuery
INFO: [ε | challenge_v1 challenge_v1 success_request_with_credentials_v1 success_request_with_credentials_v1 success_request_with_credentials_v1 / ε | challenge_response_v1 challenge_response_v1 success_response_v1 success_response_v1 success_response_v1]
Apr 02, 2026 4:09:29 PM de.learnlib.logging.LearnLogger logQuery
INFO: [ε | challenge_v1 challenge_v1 success_request_with_credentials_v1 success_request_with_credentials_v1 id_request_v1 / ε | challenge_response_v1 challenge_response_v1 success_response_v1 success_response_v1 id_response_v1]
Apr 02, 2026 4:09:32 PM de.learnlib.logging.LearnLogger logQuery
INFO: [ε | challenge_v1 challenge_v1 id_request_v1 inner_success / ε | challenge_response_v1 challenge_response_v1 id_response_v1 deauthentication]
Apr 02, 2026 4:09:34 PM de.learnlib.logging.LearnLogger logQuery
INFO: [ε | challenge_v1 challenge_v1 challenge_v1 inner_success / ε | challenge_response_v1 challenge_response_v1 challenge_response_v1 deauthentication]
Apr 02, 2026 4:09:37 PM de.learnlib.logging.LearnLogger logQuery
INFO: [ε | challenge_v1 challenge_v1 success_request_with_credentials_v1 inner_success / ε | challenge_response_v1 challenge_response_v1 success_response_v1 empty_peap]
Apr 02, 2026 4:09:40 PM de.learnlib.logging.LearnLogger logQuery
INFO: [ε | challenge_v1 challenge_v1 success_request_with_credentials_v1 inner_success success_request_with_credentials_v1 / ε | challenge_response_v1 challenge_response_v1 success_response_v1 empty_peap no_reply]
Apr 02, 2026 4:09:43 PM de.learnlib.logging.LearnLogger logQuery
INFO: [ε | challenge_v1 challenge_v1 success_request_with_credentials_v1 inner_success id_request_v1 / ε | challenge_response_v1 challenge_response_v1 success_response_v1 empty_peap no_reply]
Apr 02, 2026 4:09:45 PM de.learnlib.logging.LearnLogger logQuery
INFO: [ε | challenge_v1 challenge_v1 id_request_v1 inner_failure / ε | challenge_response_v1 challenge_response_v1 id_response_v1 inner_failure_response]
Apr 02, 2026 4:09:48 PM de.learnlib.logging.LearnLogger logQuery
INFO: [ε | challenge_v1 challenge_v1 challenge_v1 inner_failure / ε | challenge_response_v1 challenge_response_v1 challenge_response_v1 inner_failure_response]
Apr 02, 2026 4:09:51 PM de.learnlib.logging.LearnLogger logQuery
INFO: [ε | challenge_v1 challenge_v1 success_request_with_credentials_v1 inner_failure / ε | challenge_response_v1 challenge_response_v1 success_response_v1 inner_failure_response]
Apr 02, 2026 4:09:54 PM de.learnlib.logging.LearnLogger logQuery
INFO: [ε | challenge_v1 challenge_v1 id_request_v1 eap_success / ε | challenge_response_v1 challenge_response_v1 id_response_v1 deauthentication]
Apr 02, 2026 4:09:56 PM de.learnlib.logging.LearnLogger logQuery
INFO: [ε | challenge_v1 challenge_v1 challenge_v1 eap_success / ε | challenge_response_v1 challenge_response_v1 challenge_response_v1 deauthentication]
Apr 02, 2026 4:09:59 PM de.learnlib.logging.LearnLogger logQuery
INFO: [ε | challenge_v1 challenge_v1 success_request_with_credentials_v1 eap_success / ε | challenge_response_v1 challenge_response_v1 success_response_v1 deauthentication]
Apr 02, 2026 4:10:02 PM de.learnlib.logging.LearnLogger logQuery
INFO: [ε | challenge_v1 challenge_v1 id_request_v1 4_way_message_1 / ε | challenge_response_v1 challenge_response_v1 id_response_v1 deauthentication]
Apr 02, 2026 4:10:05 PM de.learnlib.logging.LearnLogger logQuery
INFO: [ε | challenge_v1 challenge_v1 challenge_v1 4_way_message_1 / ε | challenge_response_v1 challenge_response_v1 challenge_response_v1 deauthentication]
Apr 02, 2026 4:10:07 PM de.learnlib.logging.LearnLogger logQuery
INFO: [ε | challenge_v1 challenge_v1 success_request_with_credentials_v1 4_way_message_1 / ε | challenge_response_v1 challenge_response_v1 success_response_v1 deauthentication]
Apr 02, 2026 4:10:10 PM de.learnlib.logging.LearnLogger logQuery
INFO: [ε | challenge_v1 success_request_with_credentials_v1 id_request_v1 id_request_v1 success_request_with_credentials_v1 / ε | challenge_response_v1 success_response_v1 id_response_v1 id_response_v1 success_response_v1]
Apr 02, 2026 4:10:13 PM de.learnlib.logging.LearnLogger logQuery
INFO: [ε | challenge_v1 success_request_with_credentials_v1 id_request_v1 id_request_v1 id_request_v1 / ε | challenge_response_v1 success_response_v1 id_response_v1 id_response_v1 id_response_v1]
Apr 02, 2026 4:10:15 PM de.learnlib.logging.LearnLogger logQuery
INFO: [ε | challenge_v1 success_request_with_credentials_v1 challenge_v1 id_request_v1 success_request_with_credentials_v1 / ε | challenge_response_v1 success_response_v1 challenge_response_v1 id_response_v1 success_response_v1]
Apr 02, 2026 4:10:18 PM de.learnlib.logging.LearnLogger logQuery
INFO: [ε | challenge_v1 success_request_with_credentials_v1 challenge_v1 id_request_v1 id_request_v1 / ε | challenge_response_v1 success_response_v1 challenge_response_v1 id_response_v1 id_response_v1]
Apr 02, 2026 4:10:21 PM de.learnlib.logging.LearnLogger logQuery
INFO: [ε | challenge_v1 success_request_with_credentials_v1 success_request_with_credentials_v1 id_request_v1 success_request_with_credentials_v1 / ε | challenge_response_v1 success_response_v1 success_response_v1 id_response_v1 success_response_v1]
Apr 02, 2026 4:10:23 PM de.learnlib.logging.LearnLogger logQuery
INFO: [ε | challenge_v1 success_request_with_credentials_v1 success_request_with_credentials_v1 id_request_v1 id_request_v1 / ε | challenge_response_v1 success_response_v1 success_response_v1 id_response_v1 id_response_v1]
Apr 02, 2026 4:10:23 PM de.learnlib.logging.LearnLogger logQuery
INFO: DB CACHE [ε | challenge_v1 success_request_with_credentials_v1 id_request_v1 challenge_v1 /  challenge_response_v1 success_response_v1 id_response_v1 challenge_response_v1]
Apr 02, 2026 4:10:26 PM de.learnlib.logging.LearnLogger logQuery
INFO: [ε | challenge_v1 success_request_with_credentials_v1 id_request_v1 challenge_v1 success_request_with_credentials_v1 / ε | challenge_response_v1 success_response_v1 id_response_v1 challenge_response_v1 success_response_v1]
Apr 02, 2026 4:10:28 PM de.learnlib.logging.LearnLogger logQuery
INFO: [ε | challenge_v1 success_request_with_credentials_v1 id_request_v1 challenge_v1 id_request_v1 / ε | challenge_response_v1 success_response_v1 id_response_v1 challenge_response_v1 id_response_v1]
Apr 02, 2026 4:10:28 PM de.learnlib.logging.LearnLogger logQuery
INFO: DB CACHE [ε | challenge_v1 success_request_with_credentials_v1 challenge_v1 challenge_v1 /  challenge_response_v1 success_response_v1 challenge_response_v1 challenge_response_v1]
Apr 02, 2026 4:10:31 PM de.learnlib.logging.LearnLogger logQuery
INFO: [ε | challenge_v1 success_request_with_credentials_v1 challenge_v1 challenge_v1 success_request_with_credentials_v1 / ε | challenge_response_v1 success_response_v1 challenge_response_v1 challenge_response_v1 success_response_v1]
Apr 02, 2026 4:10:34 PM de.learnlib.logging.LearnLogger logQuery
INFO: [ε | challenge_v1 success_request_with_credentials_v1 challenge_v1 challenge_v1 id_request_v1 / ε | challenge_response_v1 success_response_v1 challenge_response_v1 challenge_response_v1 id_response_v1]
Apr 02, 2026 4:10:34 PM de.learnlib.logging.LearnLogger logQuery
INFO: DB CACHE [ε | challenge_v1 success_request_with_credentials_v1 success_request_with_credentials_v1 challenge_v1 /  challenge_response_v1 success_response_v1 success_response_v1 challenge_response_v1]
Apr 02, 2026 4:10:36 PM de.learnlib.logging.LearnLogger logQuery
INFO: [ε | challenge_v1 success_request_with_credentials_v1 success_request_with_credentials_v1 challenge_v1 success_request_with_credentials_v1 / ε | challenge_response_v1 success_response_v1 success_response_v1 challenge_response_v1 success_response_v1]
Apr 02, 2026 4:10:39 PM de.learnlib.logging.LearnLogger logQuery
INFO: [ε | challenge_v1 success_request_with_credentials_v1 success_request_with_credentials_v1 challenge_v1 id_request_v1 / ε | challenge_response_v1 success_response_v1 success_response_v1 challenge_response_v1 id_response_v1]
Apr 02, 2026 4:10:39 PM de.learnlib.logging.LearnLogger logQuery
INFO: DB CACHE [ε | challenge_v1 success_request_with_credentials_v1 inner_success challenge_v1 /  challenge_response_v1 success_response_v1 empty_peap no_reply]
Apr 02, 2026 4:10:39 PM de.learnlib.logging.LearnLogger logQuery
INFO: DB CACHE [ε | challenge_v1 success_request_with_credentials_v1 id_request_v1 success_request_all_zeros_v1 /  challenge_response_v1 success_response_v1 id_response_v1 no_reply]
Apr 02, 2026 4:10:39 PM de.learnlib.logging.LearnLogger logQuery
INFO: DB CACHE [ε | challenge_v1 success_request_with_credentials_v1 challenge_v1 success_request_all_zeros_v1 /  challenge_response_v1 success_response_v1 challenge_response_v1 no_reply]
Apr 02, 2026 4:10:39 PM de.learnlib.logging.LearnLogger logQuery
INFO: DB CACHE [ε | challenge_v1 success_request_with_credentials_v1 success_request_with_credentials_v1 success_request_all_zeros_v1 /  challenge_response_v1 success_response_v1 success_response_v1 no_reply]
Apr 02, 2026 4:10:39 PM de.learnlib.logging.LearnLogger logQuery
INFO: DB CACHE [ε | challenge_v1 success_request_with_credentials_v1 inner_success success_request_all_zeros_v1 /  challenge_response_v1 success_response_v1 empty_peap no_reply]
Apr 02, 2026 4:10:41 PM de.learnlib.logging.LearnLogger logQuery
INFO: [ε | challenge_v1 success_request_with_credentials_v1 id_request_v1 success_request_with_credentials_v1 success_request_with_credentials_v1 / ε | challenge_response_v1 success_response_v1 id_response_v1 success_response_v1 success_response_v1]
Apr 02, 2026 4:10:44 PM de.learnlib.logging.LearnLogger logQuery
INFO: [ε | challenge_v1 success_request_with_credentials_v1 id_request_v1 success_request_with_credentials_v1 id_request_v1 / ε | challenge_response_v1 success_response_v1 id_response_v1 success_response_v1 id_response_v1]
Apr 02, 2026 4:10:47 PM de.learnlib.logging.LearnLogger logQuery
INFO: [ε | challenge_v1 success_request_with_credentials_v1 challenge_v1 success_request_with_credentials_v1 success_request_with_credentials_v1 / ε | challenge_response_v1 success_response_v1 challenge_response_v1 success_response_v1 success_response_v1]
Apr 02, 2026 4:10:49 PM de.learnlib.logging.LearnLogger logQuery
INFO: [ε | challenge_v1 success_request_with_credentials_v1 challenge_v1 success_request_with_credentials_v1 id_request_v1 / ε | challenge_response_v1 success_response_v1 challenge_response_v1 success_response_v1 id_response_v1]
Apr 02, 2026 4:10:52 PM de.learnlib.logging.LearnLogger logQuery
INFO: [ε | challenge_v1 success_request_with_credentials_v1 success_request_with_credentials_v1 success_request_with_credentials_v1 success_request_with_credentials_v1 / ε | challenge_response_v1 success_response_v1 success_response_v1 success_response_v1 success_response_v1]
Apr 02, 2026 4:10:54 PM de.learnlib.logging.LearnLogger logQuery
INFO: [ε | challenge_v1 success_request_with_credentials_v1 success_request_with_credentials_v1 success_request_with_credentials_v1 id_request_v1 / ε | challenge_response_v1 success_response_v1 success_response_v1 success_response_v1 id_response_v1]
Apr 02, 2026 4:10:55 PM de.learnlib.logging.LearnLogger logQuery
INFO: DB CACHE [ε | challenge_v1 success_request_with_credentials_v1 id_request_v1 inner_success /  challenge_response_v1 success_response_v1 id_response_v1 empty_peap]
Apr 02, 2026 4:10:57 PM de.learnlib.logging.LearnLogger logQuery
INFO: [ε | challenge_v1 success_request_with_credentials_v1 id_request_v1 inner_success success_request_with_credentials_v1 / ε | challenge_response_v1 success_response_v1 id_response_v1 empty_peap no_reply]
Apr 02, 2026 4:11:00 PM de.learnlib.logging.LearnLogger logQuery
INFO: [ε | challenge_v1 success_request_with_credentials_v1 id_request_v1 inner_success id_request_v1 / ε | challenge_response_v1 success_response_v1 id_response_v1 empty_peap no_reply]
Apr 02, 2026 4:11:01 PM de.learnlib.logging.LearnLogger logQuery
INFO: DB CACHE [ε | challenge_v1 success_request_with_credentials_v1 challenge_v1 inner_success /  challenge_response_v1 success_response_v1 challenge_response_v1 empty_peap]
Apr 02, 2026 4:11:03 PM de.learnlib.logging.LearnLogger logQuery
INFO: [ε | challenge_v1 success_request_with_credentials_v1 challenge_v1 inner_success success_request_with_credentials_v1 / ε | challenge_response_v1 success_response_v1 challenge_response_v1 empty_peap no_reply]
Apr 02, 2026 4:11:06 PM de.learnlib.logging.LearnLogger logQuery
INFO: [ε | challenge_v1 success_request_with_credentials_v1 challenge_v1 inner_success id_request_v1 / ε | challenge_response_v1 success_response_v1 challenge_response_v1 empty_peap no_reply]
Apr 02, 2026 4:11:06 PM de.learnlib.logging.LearnLogger logQuery
INFO: DB CACHE [ε | challenge_v1 success_request_with_credentials_v1 success_request_with_credentials_v1 inner_success /  challenge_response_v1 success_response_v1 success_response_v1 empty_peap]
Apr 02, 2026 4:11:09 PM de.learnlib.logging.LearnLogger logQuery
INFO: [ε | challenge_v1 success_request_with_credentials_v1 success_request_with_credentials_v1 inner_success success_request_with_credentials_v1 / ε | challenge_response_v1 success_response_v1 success_response_v1 empty_peap no_reply]
Apr 02, 2026 4:11:12 PM de.learnlib.logging.LearnLogger logQuery
INFO: [ε | challenge_v1 success_request_with_credentials_v1 success_request_with_credentials_v1 inner_success id_request_v1 / ε | challenge_response_v1 success_response_v1 success_response_v1 empty_peap no_reply]
Apr 02, 2026 4:11:12 PM de.learnlib.logging.LearnLogger logQuery
INFO: DB CACHE [ε | challenge_v1 success_request_with_credentials_v1 inner_success inner_success /  challenge_response_v1 success_response_v1 empty_peap no_reply]
Apr 02, 2026 4:11:12 PM de.learnlib.logging.LearnLogger logQuery
INFO: DB CACHE [ε | challenge_v1 success_request_with_credentials_v1 id_request_v1 inner_failure /  challenge_response_v1 success_response_v1 id_response_v1 inner_failure_response]
Apr 02, 2026 4:11:12 PM de.learnlib.logging.LearnLogger logQuery
INFO: DB CACHE [ε | challenge_v1 success_request_with_credentials_v1 challenge_v1 inner_failure /  challenge_response_v1 success_response_v1 challenge_response_v1 inner_failure_response]
Apr 02, 2026 4:11:12 PM de.learnlib.logging.LearnLogger logQuery
INFO: DB CACHE [ε | challenge_v1 success_request_with_credentials_v1 success_request_with_credentials_v1 inner_failure /  challenge_response_v1 success_response_v1 success_response_v1 inner_failure_response]
Apr 02, 2026 4:11:12 PM de.learnlib.logging.LearnLogger logQuery
INFO: DB CACHE [ε | challenge_v1 success_request_with_credentials_v1 inner_success inner_failure /  challenge_response_v1 success_response_v1 empty_peap no_reply]
Apr 02, 2026 4:11:12 PM de.learnlib.logging.LearnLogger logQuery
INFO: DB CACHE [ε | challenge_v1 success_request_with_credentials_v1 id_request_v1 eap_success /  challenge_response_v1 success_response_v1 id_response_v1 deauthentication]
Apr 02, 2026 4:11:12 PM de.learnlib.logging.LearnLogger logQuery
INFO: DB CACHE [ε | challenge_v1 success_request_with_credentials_v1 challenge_v1 eap_success /  challenge_response_v1 success_response_v1 challenge_response_v1 deauthentication]
Apr 02, 2026 4:11:12 PM de.learnlib.logging.LearnLogger logQuery
INFO: DB CACHE [ε | challenge_v1 success_request_with_credentials_v1 success_request_with_credentials_v1 eap_success /  challenge_response_v1 success_response_v1 success_response_v1 deauthentication]
Apr 02, 2026 4:11:12 PM de.learnlib.logging.LearnLogger logQuery
INFO: DB CACHE [ε | challenge_v1 success_request_with_credentials_v1 inner_success eap_success /  challenge_response_v1 success_response_v1 empty_peap after_eap_success]
Apr 02, 2026 4:11:12 PM de.learnlib.logging.LearnLogger logQuery
INFO: DB CACHE [ε | challenge_v1 success_request_with_credentials_v1 inner_success eap_success success_request_with_credentials_v1 /  challenge_response_v1 success_response_v1 empty_peap after_eap_success no_reply]
Apr 02, 2026 4:11:12 PM de.learnlib.logging.LearnLogger logQuery
INFO: DB CACHE [ε | challenge_v1 success_request_with_credentials_v1 inner_success eap_success id_request_v1 /  challenge_response_v1 success_response_v1 empty_peap after_eap_success no_reply]
Apr 02, 2026 4:11:12 PM de.learnlib.logging.LearnLogger logQuery
INFO: DB CACHE [ε | challenge_v1 success_request_with_credentials_v1 id_request_v1 4_way_message_1 /  challenge_response_v1 success_response_v1 id_response_v1 deauthentication]
Apr 02, 2026 4:11:12 PM de.learnlib.logging.LearnLogger logQuery
INFO: DB CACHE [ε | challenge_v1 success_request_with_credentials_v1 challenge_v1 4_way_message_1 /  challenge_response_v1 success_response_v1 challenge_response_v1 deauthentication]
Apr 02, 2026 4:11:12 PM de.learnlib.logging.LearnLogger logQuery
INFO: DB CACHE [ε | challenge_v1 success_request_with_credentials_v1 success_request_with_credentials_v1 4_way_message_1 /  challenge_response_v1 success_response_v1 success_response_v1 deauthentication]
Apr 02, 2026 4:11:12 PM de.learnlib.logging.LearnLogger logQuery
INFO: DB CACHE [ε | challenge_v1 success_request_with_credentials_v1 inner_success 4_way_message_1 /  challenge_response_v1 success_response_v1 empty_peap 4_way_message_2]
Apr 02, 2026 4:11:12 PM de.learnlib.logging.LearnLogger logQuery
INFO: DB CACHE [ε | success_request_all_zeros_v1 id_request_v1 /  no_reply -]
Apr 02, 2026 4:11:12 PM de.learnlib.logging.LearnLogger logQuery
INFO: DB CACHE [ε | success_request_all_zeros_v1 challenge_v1 /  no_reply -]
Apr 02, 2026 4:11:12 PM de.learnlib.logging.LearnLogger logQuery
INFO: DB CACHE [ε | success_request_all_zeros_v1 success_request_all_zeros_v1 /  no_reply -]
Apr 02, 2026 4:11:12 PM de.learnlib.logging.LearnLogger logQuery
INFO: DB CACHE [ε | success_request_all_zeros_v1 success_request_with_credentials_v1 /  no_reply -]
Apr 02, 2026 4:11:12 PM de.learnlib.logging.LearnLogger logQuery
INFO: DB CACHE [ε | success_request_all_zeros_v1 inner_success /  no_reply -]
Apr 02, 2026 4:11:12 PM de.learnlib.logging.LearnLogger logQuery
INFO: DB CACHE [ε | success_request_all_zeros_v1 inner_failure /  no_reply -]
Apr 02, 2026 4:11:12 PM de.learnlib.logging.LearnLogger logQuery
INFO: DB CACHE [ε | success_request_all_zeros_v1 eap_success /  no_reply -]
Apr 02, 2026 4:11:12 PM de.learnlib.logging.LearnLogger logQuery
INFO: DB CACHE [ε | success_request_all_zeros_v1 4_way_message_1 /  no_reply -]
Apr 02, 2026 4:11:15 PM de.learnlib.logging.LearnLogger logQuery
INFO: [ε | challenge_v1 success_request_with_credentials_v1 id_request_v1 id_request_v1 id_request_v1 success_request_with_credentials_v1 / ε | challenge_response_v1 success_response_v1 id_response_v1 id_response_v1 id_response_v1 success_response_v1]
Apr 02, 2026 4:11:17 PM de.learnlib.logging.LearnLogger logQuery
INFO: [ε | challenge_v1 success_request_with_credentials_v1 id_request_v1 id_request_v1 id_request_v1 id_request_v1 / ε | challenge_response_v1 success_response_v1 id_response_v1 id_response_v1 id_response_v1 id_response_v1]
Apr 02, 2026 4:11:20 PM de.learnlib.logging.LearnLogger logQuery
INFO: [ε | challenge_v1 success_request_with_credentials_v1 id_request_v1 challenge_v1 id_request_v1 success_request_with_credentials_v1 / ε | challenge_response_v1 success_response_v1 id_response_v1 challenge_response_v1 id_response_v1 success_response_v1]
Apr 02, 2026 4:11:23 PM de.learnlib.logging.LearnLogger logQuery
INFO: [ε | challenge_v1 success_request_with_credentials_v1 id_request_v1 challenge_v1 id_request_v1 id_request_v1 / ε | challenge_response_v1 success_response_v1 id_response_v1 challenge_response_v1 id_response_v1 id_response_v1]
Apr 02, 2026 4:11:26 PM de.learnlib.logging.LearnLogger logQuery
INFO: [ε | challenge_v1 success_request_with_credentials_v1 id_request_v1 success_request_with_credentials_v1 id_request_v1 success_request_with_credentials_v1 / ε | challenge_response_v1 success_response_v1 id_response_v1 success_response_v1 id_response_v1 success_response_v1]
Apr 02, 2026 4:11:28 PM de.learnlib.logging.LearnLogger logQuery
INFO: [ε | challenge_v1 success_request_with_credentials_v1 id_request_v1 success_request_with_credentials_v1 id_request_v1 id_request_v1 / ε | challenge_response_v1 success_response_v1 id_response_v1 success_response_v1 id_response_v1 id_response_v1]
Apr 02, 2026 4:11:31 PM de.learnlib.logging.LearnLogger logQuery
INFO: [ε | challenge_v1 success_request_with_credentials_v1 id_request_v1 id_request_v1 challenge_v1 / ε | challenge_response_v1 success_response_v1 id_response_v1 id_response_v1 challenge_response_v1]
Apr 02, 2026 4:11:33 PM de.learnlib.logging.LearnLogger logQuery
INFO: [ε | challenge_v1 success_request_with_credentials_v1 id_request_v1 id_request_v1 challenge_v1 success_request_with_credentials_v1 / ε | challenge_response_v1 success_response_v1 id_response_v1 id_response_v1 challenge_response_v1 success_response_v1]
Apr 02, 2026 4:11:36 PM de.learnlib.logging.LearnLogger logQuery
INFO: [ε | challenge_v1 success_request_with_credentials_v1 id_request_v1 id_request_v1 challenge_v1 id_request_v1 / ε | challenge_response_v1 success_response_v1 id_response_v1 id_response_v1 challenge_response_v1 id_response_v1]
Apr 02, 2026 4:11:39 PM de.learnlib.logging.LearnLogger logQuery
INFO: [ε | challenge_v1 success_request_with_credentials_v1 id_request_v1 challenge_v1 challenge_v1 / ε | challenge_response_v1 success_response_v1 id_response_v1 challenge_response_v1 challenge_response_v1]
Apr 02, 2026 4:11:41 PM de.learnlib.logging.LearnLogger logQuery
INFO: [ε | challenge_v1 success_request_with_credentials_v1 id_request_v1 challenge_v1 challenge_v1 success_request_with_credentials_v1 / ε | challenge_response_v1 success_response_v1 id_response_v1 challenge_response_v1 challenge_response_v1 success_response_v1]
Apr 02, 2026 4:11:44 PM de.learnlib.logging.LearnLogger logQuery
INFO: [ε | challenge_v1 success_request_with_credentials_v1 id_request_v1 challenge_v1 challenge_v1 id_request_v1 / ε | challenge_response_v1 success_response_v1 id_response_v1 challenge_response_v1 challenge_response_v1 id_response_v1]
Apr 02, 2026 4:11:47 PM de.learnlib.logging.LearnLogger logQuery
INFO: [ε | challenge_v1 success_request_with_credentials_v1 id_request_v1 success_request_with_credentials_v1 challenge_v1 / ε | challenge_response_v1 success_response_v1 id_response_v1 success_response_v1 challenge_response_v1]
Apr 02, 2026 4:11:49 PM de.learnlib.logging.LearnLogger logQuery
INFO: [ε | challenge_v1 success_request_with_credentials_v1 id_request_v1 success_request_with_credentials_v1 challenge_v1 success_request_with_credentials_v1 / ε | challenge_response_v1 success_response_v1 id_response_v1 success_response_v1 challenge_response_v1 success_response_v1]
Apr 02, 2026 4:11:52 PM de.learnlib.logging.LearnLogger logQuery
INFO: [ε | challenge_v1 success_request_with_credentials_v1 id_request_v1 success_request_with_credentials_v1 challenge_v1 id_request_v1 / ε | challenge_response_v1 success_response_v1 id_response_v1 success_response_v1 challenge_response_v1 id_response_v1]
Apr 02, 2026 4:11:55 PM de.learnlib.logging.LearnLogger logQuery
INFO: [ε | challenge_v1 success_request_with_credentials_v1 id_request_v1 inner_success challenge_v1 / ε | challenge_response_v1 success_response_v1 id_response_v1 empty_peap no_reply]
Apr 02, 2026 4:11:58 PM de.learnlib.logging.LearnLogger logQuery
INFO: [ε | challenge_v1 success_request_with_credentials_v1 id_request_v1 id_request_v1 success_request_all_zeros_v1 / ε | challenge_response_v1 success_response_v1 id_response_v1 id_response_v1 no_reply]
Apr 02, 2026 4:12:01 PM de.learnlib.logging.LearnLogger logQuery
INFO: [ε | challenge_v1 success_request_with_credentials_v1 id_request_v1 challenge_v1 success_request_all_zeros_v1 / ε | challenge_response_v1 success_response_v1 id_response_v1 challenge_response_v1 no_reply]
Apr 02, 2026 4:12:04 PM de.learnlib.logging.LearnLogger logQuery
INFO: [ε | challenge_v1 success_request_with_credentials_v1 id_request_v1 success_request_with_credentials_v1 success_request_all_zeros_v1 / ε | challenge_response_v1 success_response_v1 id_response_v1 success_response_v1 no_reply]
Apr 02, 2026 4:12:07 PM de.learnlib.logging.LearnLogger logQuery
INFO: [ε | challenge_v1 success_request_with_credentials_v1 id_request_v1 inner_success success_request_all_zeros_v1 / ε | challenge_response_v1 success_response_v1 id_response_v1 empty_peap no_reply]
Apr 02, 2026 4:12:09 PM de.learnlib.logging.LearnLogger logQuery
INFO: [ε | challenge_v1 success_request_with_credentials_v1 id_request_v1 id_request_v1 success_request_with_credentials_v1 success_request_with_credentials_v1 / ε | challenge_response_v1 success_response_v1 id_response_v1 id_response_v1 success_response_v1 success_response_v1]
Apr 02, 2026 4:12:12 PM de.learnlib.logging.LearnLogger logQuery
INFO: [ε | challenge_v1 success_request_with_credentials_v1 id_request_v1 id_request_v1 success_request_with_credentials_v1 id_request_v1 / ε | challenge_response_v1 success_response_v1 id_response_v1 id_response_v1 success_response_v1 id_response_v1]
Apr 02, 2026 4:12:15 PM de.learnlib.logging.LearnLogger logQuery
INFO: [ε | challenge_v1 success_request_with_credentials_v1 id_request_v1 challenge_v1 success_request_with_credentials_v1 success_request_with_credentials_v1 / ε | challenge_response_v1 success_response_v1 id_response_v1 challenge_response_v1 success_response_v1 success_response_v1]
Apr 02, 2026 4:12:18 PM de.learnlib.logging.LearnLogger logQuery
INFO: [ε | challenge_v1 success_request_with_credentials_v1 id_request_v1 challenge_v1 success_request_with_credentials_v1 id_request_v1 / ε | challenge_response_v1 success_response_v1 id_response_v1 challenge_response_v1 success_response_v1 id_response_v1]
Apr 02, 2026 4:12:20 PM de.learnlib.logging.LearnLogger logQuery
INFO: [ε | challenge_v1 success_request_with_credentials_v1 id_request_v1 success_request_with_credentials_v1 success_request_with_credentials_v1 success_request_with_credentials_v1 / ε | challenge_response_v1 success_response_v1 id_response_v1 success_response_v1 success_response_v1 success_response_v1]
Apr 02, 2026 4:12:23 PM de.learnlib.logging.LearnLogger logQuery
INFO: [ε | challenge_v1 success_request_with_credentials_v1 id_request_v1 success_request_with_credentials_v1 success_request_with_credentials_v1 id_request_v1 / ε | challenge_response_v1 success_response_v1 id_response_v1 success_response_v1 success_response_v1 id_response_v1]
Apr 02, 2026 4:12:26 PM de.learnlib.logging.LearnLogger logQuery
INFO: [ε | challenge_v1 success_request_with_credentials_v1 id_request_v1 id_request_v1 inner_success / ε | challenge_response_v1 success_response_v1 id_response_v1 id_response_v1 empty_peap]
Apr 02, 2026 4:12:28 PM de.learnlib.logging.LearnLogger logQuery
INFO: [ε | challenge_v1 success_request_with_credentials_v1 id_request_v1 id_request_v1 inner_success success_request_with_credentials_v1 / ε | challenge_response_v1 success_response_v1 id_response_v1 id_response_v1 empty_peap no_reply]
Apr 02, 2026 4:12:31 PM de.learnlib.logging.LearnLogger logQuery
INFO: [ε | challenge_v1 success_request_with_credentials_v1 id_request_v1 id_request_v1 inner_success id_request_v1 / ε | challenge_response_v1 success_response_v1 id_response_v1 id_response_v1 empty_peap no_reply]
Apr 02, 2026 4:12:34 PM de.learnlib.logging.LearnLogger logQuery
INFO: [ε | challenge_v1 success_request_with_credentials_v1 id_request_v1 challenge_v1 inner_success / ε | challenge_response_v1 success_response_v1 id_response_v1 challenge_response_v1 empty_peap]
Apr 02, 2026 4:12:37 PM de.learnlib.logging.LearnLogger logQuery
INFO: [ε | challenge_v1 success_request_with_credentials_v1 id_request_v1 challenge_v1 inner_success success_request_with_credentials_v1 / ε | challenge_response_v1 success_response_v1 id_response_v1 challenge_response_v1 empty_peap no_reply]
Apr 02, 2026 4:12:40 PM de.learnlib.logging.LearnLogger logQuery
INFO: [ε | challenge_v1 success_request_with_credentials_v1 id_request_v1 challenge_v1 inner_success id_request_v1 / ε | challenge_response_v1 success_response_v1 id_response_v1 challenge_response_v1 empty_peap no_reply]
Apr 02, 2026 4:12:43 PM de.learnlib.logging.LearnLogger logQuery
INFO: [ε | challenge_v1 success_request_with_credentials_v1 id_request_v1 success_request_with_credentials_v1 inner_success / ε | challenge_response_v1 success_response_v1 id_response_v1 success_response_v1 empty_peap]
Apr 02, 2026 4:12:46 PM de.learnlib.logging.LearnLogger logQuery
INFO: [ε | challenge_v1 success_request_with_credentials_v1 id_request_v1 success_request_with_credentials_v1 inner_success success_request_with_credentials_v1 / ε | challenge_response_v1 success_response_v1 id_response_v1 success_response_v1 empty_peap no_reply]
Apr 02, 2026 4:12:49 PM de.learnlib.logging.LearnLogger logQuery
INFO: [ε | challenge_v1 success_request_with_credentials_v1 id_request_v1 success_request_with_credentials_v1 inner_success id_request_v1 / ε | challenge_response_v1 success_response_v1 id_response_v1 success_response_v1 empty_peap no_reply]
Apr 02, 2026 4:12:52 PM de.learnlib.logging.LearnLogger logQuery
INFO: [ε | challenge_v1 success_request_with_credentials_v1 id_request_v1 inner_success inner_success / ε | challenge_response_v1 success_response_v1 id_response_v1 empty_peap no_reply]
Apr 02, 2026 4:12:54 PM de.learnlib.logging.LearnLogger logQuery
INFO: [ε | challenge_v1 success_request_with_credentials_v1 id_request_v1 id_request_v1 inner_failure / ε | challenge_response_v1 success_response_v1 id_response_v1 id_response_v1 inner_failure_response]
Apr 02, 2026 4:12:57 PM de.learnlib.logging.LearnLogger logQuery
INFO: [ε | challenge_v1 success_request_with_credentials_v1 id_request_v1 challenge_v1 inner_failure / ε | challenge_response_v1 success_response_v1 id_response_v1 challenge_response_v1 inner_failure_response]
Apr 02, 2026 4:13:00 PM de.learnlib.logging.LearnLogger logQuery
INFO: [ε | challenge_v1 success_request_with_credentials_v1 id_request_v1 success_request_with_credentials_v1 inner_failure / ε | challenge_response_v1 success_response_v1 id_response_v1 success_response_v1 inner_failure_response]
Apr 02, 2026 4:13:03 PM de.learnlib.logging.LearnLogger logQuery
INFO: [ε | challenge_v1 success_request_with_credentials_v1 id_request_v1 inner_success inner_failure / ε | challenge_response_v1 success_response_v1 id_response_v1 empty_peap no_reply]
Apr 02, 2026 4:13:06 PM de.learnlib.logging.LearnLogger logQuery
INFO: [ε | challenge_v1 success_request_with_credentials_v1 id_request_v1 id_request_v1 eap_success / ε | challenge_response_v1 success_response_v1 id_response_v1 id_response_v1 deauthentication]
Apr 02, 2026 4:13:09 PM de.learnlib.logging.LearnLogger logQuery
INFO: [ε | challenge_v1 success_request_with_credentials_v1 id_request_v1 challenge_v1 eap_success / ε | challenge_response_v1 success_response_v1 id_response_v1 challenge_response_v1 deauthentication]
Apr 02, 2026 4:13:12 PM de.learnlib.logging.LearnLogger logQuery
INFO: [ε | challenge_v1 success_request_with_credentials_v1 id_request_v1 success_request_with_credentials_v1 eap_success / ε | challenge_response_v1 success_response_v1 id_response_v1 success_response_v1 deauthentication]
Apr 02, 2026 4:13:15 PM de.learnlib.logging.LearnLogger logQuery
INFO: [ε | challenge_v1 success_request_with_credentials_v1 id_request_v1 inner_success eap_success / ε | challenge_response_v1 success_response_v1 id_response_v1 empty_peap after_eap_success]
Apr 02, 2026 4:13:18 PM de.learnlib.logging.LearnLogger logQuery
INFO: [ε | challenge_v1 success_request_with_credentials_v1 id_request_v1 inner_success eap_success success_request_with_credentials_v1 / ε | challenge_response_v1 success_response_v1 id_response_v1 empty_peap after_eap_success no_reply]
Apr 02, 2026 4:13:21 PM de.learnlib.logging.LearnLogger logQuery
INFO: [ε | challenge_v1 success_request_with_credentials_v1 id_request_v1 inner_success eap_success id_request_v1 / ε | challenge_response_v1 success_response_v1 id_response_v1 empty_peap after_eap_success no_reply]
Apr 02, 2026 4:13:24 PM de.learnlib.logging.LearnLogger logQuery
INFO: [ε | challenge_v1 success_request_with_credentials_v1 id_request_v1 id_request_v1 4_way_message_1 / ε | challenge_response_v1 success_response_v1 id_response_v1 id_response_v1 deauthentication]
Apr 02, 2026 4:13:27 PM de.learnlib.logging.LearnLogger logQuery
INFO: [ε | challenge_v1 success_request_with_credentials_v1 id_request_v1 challenge_v1 4_way_message_1 / ε | challenge_response_v1 success_response_v1 id_response_v1 challenge_response_v1 deauthentication]
Apr 02, 2026 4:13:30 PM de.learnlib.logging.LearnLogger logQuery
INFO: [ε | challenge_v1 success_request_with_credentials_v1 id_request_v1 success_request_with_credentials_v1 4_way_message_1 / ε | challenge_response_v1 success_response_v1 id_response_v1 success_response_v1 deauthentication]
Apr 02, 2026 4:13:32 PM de.learnlib.logging.LearnLogger logQuery
INFO: [ε | challenge_v1 success_request_with_credentials_v1 id_request_v1 inner_success 4_way_message_1 / ε | challenge_response_v1 success_response_v1 id_response_v1 empty_peap 4_way_message_2]
Apr 02, 2026 4:13:35 PM de.learnlib.logging.LearnLogger logQuery
INFO: [ε | challenge_v1 success_request_with_credentials_v1 challenge_v1 id_request_v1 id_request_v1 success_request_with_credentials_v1 / ε | challenge_response_v1 success_response_v1 challenge_response_v1 id_response_v1 id_response_v1 success_response_v1]
Apr 02, 2026 4:13:38 PM de.learnlib.logging.LearnLogger logQuery
INFO: [ε | challenge_v1 success_request_with_credentials_v1 challenge_v1 id_request_v1 id_request_v1 id_request_v1 / ε | challenge_response_v1 success_response_v1 challenge_response_v1 id_response_v1 id_response_v1 id_response_v1]
Apr 02, 2026 4:13:41 PM de.learnlib.logging.LearnLogger logQuery
INFO: [ε | challenge_v1 success_request_with_credentials_v1 challenge_v1 challenge_v1 id_request_v1 success_request_with_credentials_v1 / ε | challenge_response_v1 success_response_v1 challenge_response_v1 challenge_response_v1 id_response_v1 success_response_v1]
Apr 02, 2026 4:13:43 PM de.learnlib.logging.LearnLogger logQuery
INFO: [ε | challenge_v1 success_request_with_credentials_v1 challenge_v1 challenge_v1 id_request_v1 id_request_v1 / ε | challenge_response_v1 success_response_v1 challenge_response_v1 challenge_response_v1 id_response_v1 id_response_v1]
Apr 02, 2026 4:13:46 PM de.learnlib.logging.LearnLogger logQuery
INFO: [ε | challenge_v1 success_request_with_credentials_v1 challenge_v1 success_request_with_credentials_v1 id_request_v1 success_request_with_credentials_v1 / ε | challenge_response_v1 success_response_v1 challenge_response_v1 success_response_v1 id_response_v1 success_response_v1]
Apr 02, 2026 4:13:49 PM de.learnlib.logging.LearnLogger logQuery
INFO: [ε | challenge_v1 success_request_with_credentials_v1 challenge_v1 success_request_with_credentials_v1 id_request_v1 id_request_v1 / ε | challenge_response_v1 success_response_v1 challenge_response_v1 success_response_v1 id_response_v1 id_response_v1]
Apr 02, 2026 4:13:51 PM de.learnlib.logging.LearnLogger logQuery
INFO: [ε | challenge_v1 success_request_with_credentials_v1 challenge_v1 id_request_v1 challenge_v1 / ε | challenge_response_v1 success_response_v1 challenge_response_v1 id_response_v1 challenge_response_v1]
Apr 02, 2026 4:13:54 PM de.learnlib.logging.LearnLogger logQuery
INFO: [ε | challenge_v1 success_request_with_credentials_v1 challenge_v1 id_request_v1 challenge_v1 success_request_with_credentials_v1 / ε | challenge_response_v1 success_response_v1 challenge_response_v1 id_response_v1 challenge_response_v1 success_response_v1]
Apr 02, 2026 4:13:56 PM de.learnlib.logging.LearnLogger logQuery
INFO: [ε | challenge_v1 success_request_with_credentials_v1 challenge_v1 id_request_v1 challenge_v1 id_request_v1 / ε | challenge_response_v1 success_response_v1 challenge_response_v1 id_response_v1 challenge_response_v1 id_response_v1]
Apr 02, 2026 4:13:59 PM de.learnlib.logging.LearnLogger logQuery
INFO: [ε | challenge_v1 success_request_with_credentials_v1 challenge_v1 challenge_v1 challenge_v1 / ε | challenge_response_v1 success_response_v1 challenge_response_v1 challenge_response_v1 challenge_response_v1]
Apr 02, 2026 4:14:02 PM de.learnlib.logging.LearnLogger logQuery
INFO: [ε | challenge_v1 success_request_with_credentials_v1 challenge_v1 challenge_v1 challenge_v1 success_request_with_credentials_v1 / ε | challenge_response_v1 success_response_v1 challenge_response_v1 challenge_response_v1 challenge_response_v1 success_response_v1]
Apr 02, 2026 4:14:06 PM de.learnlib.logging.LearnLogger logQuery
INFO: [ε | challenge_v1 success_request_with_credentials_v1 challenge_v1 challenge_v1 challenge_v1 id_request_v1 / ε | challenge_response_v1 success_response_v1 challenge_response_v1 challenge_response_v1 challenge_response_v1 id_response_v1]
Apr 02, 2026 4:14:08 PM de.learnlib.logging.LearnLogger logQuery
INFO: [ε | challenge_v1 success_request_with_credentials_v1 challenge_v1 success_request_with_credentials_v1 challenge_v1 / ε | challenge_response_v1 success_response_v1 challenge_response_v1 success_response_v1 challenge_response_v1]
Apr 02, 2026 4:14:11 PM de.learnlib.logging.LearnLogger logQuery
INFO: [ε | challenge_v1 success_request_with_credentials_v1 challenge_v1 success_request_with_credentials_v1 challenge_v1 success_request_with_credentials_v1 / ε | challenge_response_v1 success_response_v1 challenge_response_v1 success_response_v1 challenge_response_v1 success_response_v1]
Apr 02, 2026 4:14:14 PM de.learnlib.logging.LearnLogger logQuery
INFO: [ε | challenge_v1 success_request_with_credentials_v1 challenge_v1 success_request_with_credentials_v1 challenge_v1 id_request_v1 / ε | challenge_response_v1 success_response_v1 challenge_response_v1 success_response_v1 challenge_response_v1 id_response_v1]
Apr 02, 2026 4:14:17 PM de.learnlib.logging.LearnLogger logQuery
INFO: [ε | challenge_v1 success_request_with_credentials_v1 challenge_v1 inner_success challenge_v1 / ε | challenge_response_v1 success_response_v1 challenge_response_v1 empty_peap no_reply]
Apr 02, 2026 4:14:20 PM de.learnlib.logging.LearnLogger logQuery
INFO: [ε | challenge_v1 success_request_with_credentials_v1 challenge_v1 id_request_v1 success_request_all_zeros_v1 / ε | challenge_response_v1 success_response_v1 challenge_response_v1 id_response_v1 no_reply]
Apr 02, 2026 4:14:23 PM de.learnlib.logging.LearnLogger logQuery
INFO: [ε | challenge_v1 success_request_with_credentials_v1 challenge_v1 challenge_v1 success_request_all_zeros_v1 / ε | challenge_response_v1 success_response_v1 challenge_response_v1 challenge_response_v1 no_reply]
Apr 02, 2026 4:14:26 PM de.learnlib.logging.LearnLogger logQuery
INFO: [ε | challenge_v1 success_request_with_credentials_v1 challenge_v1 success_request_with_credentials_v1 success_request_all_zeros_v1 / ε | challenge_response_v1 success_response_v1 challenge_response_v1 success_response_v1 no_reply]
Apr 02, 2026 4:14:28 PM de.learnlib.logging.LearnLogger logQuery
INFO: [ε | challenge_v1 success_request_with_credentials_v1 challenge_v1 inner_success success_request_all_zeros_v1 / ε | challenge_response_v1 success_response_v1 challenge_response_v1 empty_peap no_reply]
Apr 02, 2026 4:14:31 PM de.learnlib.logging.LearnLogger logQuery
INFO: [ε | challenge_v1 success_request_with_credentials_v1 challenge_v1 id_request_v1 success_request_with_credentials_v1 success_request_with_credentials_v1 / ε | challenge_response_v1 success_response_v1 challenge_response_v1 id_response_v1 success_response_v1 success_response_v1]
Apr 02, 2026 4:14:34 PM de.learnlib.logging.LearnLogger logQuery
INFO: [ε | challenge_v1 success_request_with_credentials_v1 challenge_v1 id_request_v1 success_request_with_credentials_v1 id_request_v1 / ε | challenge_response_v1 success_response_v1 challenge_response_v1 id_response_v1 success_response_v1 id_response_v1]
Apr 02, 2026 4:14:37 PM de.learnlib.logging.LearnLogger logQuery
INFO: [ε | challenge_v1 success_request_with_credentials_v1 challenge_v1 challenge_v1 success_request_with_credentials_v1 success_request_with_credentials_v1 / ε | challenge_response_v1 success_response_v1 challenge_response_v1 challenge_response_v1 success_response_v1 success_response_v1]
Apr 02, 2026 4:14:39 PM de.learnlib.logging.LearnLogger logQuery
INFO: [ε | challenge_v1 success_request_with_credentials_v1 challenge_v1 challenge_v1 success_request_with_credentials_v1 id_request_v1 / ε | challenge_response_v1 success_response_v1 challenge_response_v1 challenge_response_v1 success_response_v1 id_response_v1]
Apr 02, 2026 4:14:42 PM de.learnlib.logging.LearnLogger logQuery
INFO: [ε | challenge_v1 success_request_with_credentials_v1 challenge_v1 success_request_with_credentials_v1 success_request_with_credentials_v1 success_request_with_credentials_v1 / ε | challenge_response_v1 success_response_v1 challenge_response_v1 success_response_v1 success_response_v1 success_response_v1]
Apr 02, 2026 4:14:45 PM de.learnlib.logging.LearnLogger logQuery
INFO: [ε | challenge_v1 success_request_with_credentials_v1 challenge_v1 success_request_with_credentials_v1 success_request_with_credentials_v1 id_request_v1 / ε | challenge_response_v1 success_response_v1 challenge_response_v1 success_response_v1 success_response_v1 id_response_v1]
Apr 02, 2026 4:14:47 PM de.learnlib.logging.LearnLogger logQuery
INFO: [ε | challenge_v1 success_request_with_credentials_v1 challenge_v1 id_request_v1 inner_success / ε | challenge_response_v1 success_response_v1 challenge_response_v1 id_response_v1 empty_peap]
Apr 02, 2026 4:14:50 PM de.learnlib.logging.LearnLogger logQuery
INFO: [ε | challenge_v1 success_request_with_credentials_v1 challenge_v1 id_request_v1 inner_success success_request_with_credentials_v1 / ε | challenge_response_v1 success_response_v1 challenge_response_v1 id_response_v1 empty_peap no_reply]
Apr 02, 2026 4:14:53 PM de.learnlib.logging.LearnLogger logQuery
INFO: [ε | challenge_v1 success_request_with_credentials_v1 challenge_v1 id_request_v1 inner_success id_request_v1 / ε | challenge_response_v1 success_response_v1 challenge_response_v1 id_response_v1 empty_peap no_reply]
Apr 02, 2026 4:14:56 PM de.learnlib.logging.LearnLogger logQuery
INFO: [ε | challenge_v1 success_request_with_credentials_v1 challenge_v1 challenge_v1 inner_success / ε | challenge_response_v1 success_response_v1 challenge_response_v1 challenge_response_v1 empty_peap]
Apr 02, 2026 4:14:59 PM de.learnlib.logging.LearnLogger logQuery
INFO: [ε | challenge_v1 success_request_with_credentials_v1 challenge_v1 challenge_v1 inner_success success_request_with_credentials_v1 / ε | challenge_response_v1 success_response_v1 challenge_response_v1 challenge_response_v1 empty_peap no_reply]
Apr 02, 2026 4:15:02 PM de.learnlib.logging.LearnLogger logQuery
INFO: [ε | challenge_v1 success_request_with_credentials_v1 challenge_v1 challenge_v1 inner_success id_request_v1 / ε | challenge_response_v1 success_response_v1 challenge_response_v1 challenge_response_v1 empty_peap no_reply]
Apr 02, 2026 4:15:05 PM de.learnlib.logging.LearnLogger logQuery
INFO: [ε | challenge_v1 success_request_with_credentials_v1 challenge_v1 success_request_with_credentials_v1 inner_success / ε | challenge_response_v1 success_response_v1 challenge_response_v1 success_response_v1 empty_peap]
Apr 02, 2026 4:15:07 PM de.learnlib.logging.LearnLogger logQuery
INFO: [ε | challenge_v1 success_request_with_credentials_v1 challenge_v1 success_request_with_credentials_v1 inner_success success_request_with_credentials_v1 / ε | challenge_response_v1 success_response_v1 challenge_response_v1 success_response_v1 empty_peap no_reply]
Apr 02, 2026 4:15:10 PM de.learnlib.logging.LearnLogger logQuery
INFO: [ε | challenge_v1 success_request_with_credentials_v1 challenge_v1 success_request_with_credentials_v1 inner_success id_request_v1 / ε | challenge_response_v1 success_response_v1 challenge_response_v1 success_response_v1 empty_peap no_reply]
Apr 02, 2026 4:15:13 PM de.learnlib.logging.LearnLogger logQuery
INFO: [ε | challenge_v1 success_request_with_credentials_v1 challenge_v1 inner_success inner_success / ε | challenge_response_v1 success_response_v1 challenge_response_v1 empty_peap no_reply]
Apr 02, 2026 4:15:16 PM de.learnlib.logging.LearnLogger logQuery
INFO: [ε | challenge_v1 success_request_with_credentials_v1 challenge_v1 id_request_v1 inner_failure / ε | challenge_response_v1 success_response_v1 challenge_response_v1 id_response_v1 inner_failure_response]
Apr 02, 2026 4:15:19 PM de.learnlib.logging.LearnLogger logQuery
INFO: [ε | challenge_v1 success_request_with_credentials_v1 challenge_v1 challenge_v1 inner_failure / ε | challenge_response_v1 success_response_v1 challenge_response_v1 challenge_response_v1 inner_failure_response]
Apr 02, 2026 4:15:21 PM de.learnlib.logging.LearnLogger logQuery
INFO: [ε | challenge_v1 success_request_with_credentials_v1 challenge_v1 success_request_with_credentials_v1 inner_failure / ε | challenge_response_v1 success_response_v1 challenge_response_v1 success_response_v1 inner_failure_response]
Apr 02, 2026 4:15:24 PM de.learnlib.logging.LearnLogger logQuery
INFO: [ε | challenge_v1 success_request_with_credentials_v1 challenge_v1 inner_success inner_failure / ε | challenge_response_v1 success_response_v1 challenge_response_v1 empty_peap no_reply]
Apr 02, 2026 4:15:27 PM de.learnlib.logging.LearnLogger logQuery
INFO: [ε | challenge_v1 success_request_with_credentials_v1 challenge_v1 id_request_v1 eap_success / ε | challenge_response_v1 success_response_v1 challenge_response_v1 id_response_v1 deauthentication]
Apr 02, 2026 4:15:30 PM de.learnlib.logging.LearnLogger logQuery
INFO: [ε | challenge_v1 success_request_with_credentials_v1 challenge_v1 challenge_v1 eap_success / ε | challenge_response_v1 success_response_v1 challenge_response_v1 challenge_response_v1 deauthentication]
Apr 02, 2026 4:15:33 PM de.learnlib.logging.LearnLogger logQuery
INFO: [ε | challenge_v1 success_request_with_credentials_v1 challenge_v1 success_request_with_credentials_v1 eap_success / ε | challenge_response_v1 success_response_v1 challenge_response_v1 success_response_v1 deauthentication]
Apr 02, 2026 4:15:36 PM de.learnlib.logging.LearnLogger logQuery
INFO: [ε | challenge_v1 success_request_with_credentials_v1 challenge_v1 inner_success eap_success / ε | challenge_response_v1 success_response_v1 challenge_response_v1 empty_peap after_eap_success]
Apr 02, 2026 4:15:39 PM de.learnlib.logging.LearnLogger logQuery
INFO: [ε | challenge_v1 success_request_with_credentials_v1 challenge_v1 inner_success eap_success success_request_with_credentials_v1 / ε | challenge_response_v1 success_response_v1 challenge_response_v1 empty_peap after_eap_success no_reply]
Apr 02, 2026 4:15:42 PM de.learnlib.logging.LearnLogger logQuery
INFO: [ε | challenge_v1 success_request_with_credentials_v1 challenge_v1 inner_success eap_success id_request_v1 / ε | challenge_response_v1 success_response_v1 challenge_response_v1 empty_peap after_eap_success no_reply]
Apr 02, 2026 4:15:45 PM de.learnlib.logging.LearnLogger logQuery
INFO: [ε | challenge_v1 success_request_with_credentials_v1 challenge_v1 id_request_v1 4_way_message_1 / ε | challenge_response_v1 success_response_v1 challenge_response_v1 id_response_v1 deauthentication]
Apr 02, 2026 4:15:48 PM de.learnlib.logging.LearnLogger logQuery
INFO: [ε | challenge_v1 success_request_with_credentials_v1 challenge_v1 challenge_v1 4_way_message_1 / ε | challenge_response_v1 success_response_v1 challenge_response_v1 challenge_response_v1 deauthentication]
Apr 02, 2026 4:15:51 PM de.learnlib.logging.LearnLogger logQuery
INFO: [ε | challenge_v1 success_request_with_credentials_v1 challenge_v1 success_request_with_credentials_v1 4_way_message_1 / ε | challenge_response_v1 success_response_v1 challenge_response_v1 success_response_v1 deauthentication]
Apr 02, 2026 4:15:54 PM de.learnlib.logging.LearnLogger logQuery
INFO: [ε | challenge_v1 success_request_with_credentials_v1 challenge_v1 inner_success 4_way_message_1 / ε | challenge_response_v1 success_response_v1 challenge_response_v1 empty_peap 4_way_message_2]
Apr 02, 2026 4:15:57 PM de.learnlib.logging.LearnLogger logQuery
INFO: [ε | challenge_v1 success_request_with_credentials_v1 success_request_with_credentials_v1 id_request_v1 id_request_v1 success_request_with_credentials_v1 / ε | challenge_response_v1 success_response_v1 success_response_v1 id_response_v1 id_response_v1 success_response_v1]
Apr 02, 2026 4:15:59 PM de.learnlib.logging.LearnLogger logQuery
INFO: [ε | challenge_v1 success_request_with_credentials_v1 success_request_with_credentials_v1 id_request_v1 id_request_v1 id_request_v1 / ε | challenge_response_v1 success_response_v1 success_response_v1 id_response_v1 id_response_v1 id_response_v1]
Apr 02, 2026 4:16:02 PM de.learnlib.logging.LearnLogger logQuery
INFO: [ε | challenge_v1 success_request_with_credentials_v1 success_request_with_credentials_v1 challenge_v1 id_request_v1 success_request_with_credentials_v1 / ε | challenge_response_v1 success_response_v1 success_response_v1 challenge_response_v1 id_response_v1 success_response_v1]
Apr 02, 2026 4:16:05 PM de.learnlib.logging.LearnLogger logQuery
INFO: [ε | challenge_v1 success_request_with_credentials_v1 success_request_with_credentials_v1 challenge_v1 id_request_v1 id_request_v1 / ε | challenge_response_v1 success_response_v1 success_response_v1 challenge_response_v1 id_response_v1 id_response_v1]
Apr 02, 2026 4:16:07 PM de.learnlib.logging.LearnLogger logQuery
INFO: [ε | challenge_v1 success_request_with_credentials_v1 success_request_with_credentials_v1 success_request_with_credentials_v1 id_request_v1 success_request_with_credentials_v1 / ε | challenge_response_v1 success_response_v1 success_response_v1 success_response_v1 id_response_v1 success_response_v1]
Apr 02, 2026 4:16:10 PM de.learnlib.logging.LearnLogger logQuery
INFO: [ε | challenge_v1 success_request_with_credentials_v1 success_request_with_credentials_v1 success_request_with_credentials_v1 id_request_v1 id_request_v1 / ε | challenge_response_v1 success_response_v1 success_response_v1 success_response_v1 id_response_v1 id_response_v1]
Apr 02, 2026 4:16:13 PM de.learnlib.logging.LearnLogger logQuery
INFO: [ε | challenge_v1 success_request_with_credentials_v1 success_request_with_credentials_v1 id_request_v1 challenge_v1 / ε | challenge_response_v1 success_response_v1 success_response_v1 id_response_v1 challenge_response_v1]
Apr 02, 2026 4:16:15 PM de.learnlib.logging.LearnLogger logQuery
INFO: [ε | challenge_v1 success_request_with_credentials_v1 success_request_with_credentials_v1 id_request_v1 challenge_v1 success_request_with_credentials_v1 / ε | challenge_response_v1 success_response_v1 success_response_v1 id_response_v1 challenge_response_v1 success_response_v1]
Apr 02, 2026 4:16:18 PM de.learnlib.logging.LearnLogger logQuery
INFO: [ε | challenge_v1 success_request_with_credentials_v1 success_request_with_credentials_v1 id_request_v1 challenge_v1 id_request_v1 / ε | challenge_response_v1 success_response_v1 success_response_v1 id_response_v1 challenge_response_v1 id_response_v1]
Apr 02, 2026 4:16:21 PM de.learnlib.logging.LearnLogger logQuery
INFO: [ε | challenge_v1 success_request_with_credentials_v1 success_request_with_credentials_v1 challenge_v1 challenge_v1 / ε | challenge_response_v1 success_response_v1 success_response_v1 challenge_response_v1 challenge_response_v1]
Apr 02, 2026 4:16:23 PM de.learnlib.logging.LearnLogger logQuery
INFO: [ε | challenge_v1 success_request_with_credentials_v1 success_request_with_credentials_v1 challenge_v1 challenge_v1 success_request_with_credentials_v1 / ε | challenge_response_v1 success_response_v1 success_response_v1 challenge_response_v1 challenge_response_v1 success_response_v1]
Apr 02, 2026 4:16:26 PM de.learnlib.logging.LearnLogger logQuery
INFO: [ε | challenge_v1 success_request_with_credentials_v1 success_request_with_credentials_v1 challenge_v1 challenge_v1 id_request_v1 / ε | challenge_response_v1 success_response_v1 success_response_v1 challenge_response_v1 challenge_response_v1 id_response_v1]
Apr 02, 2026 4:16:28 PM de.learnlib.logging.LearnLogger logQuery
INFO: [ε | challenge_v1 success_request_with_credentials_v1 success_request_with_credentials_v1 success_request_with_credentials_v1 challenge_v1 / ε | challenge_response_v1 success_response_v1 success_response_v1 success_response_v1 challenge_response_v1]
Apr 02, 2026 4:16:31 PM de.learnlib.logging.LearnLogger logQuery
INFO: [ε | challenge_v1 success_request_with_credentials_v1 success_request_with_credentials_v1 success_request_with_credentials_v1 challenge_v1 success_request_with_credentials_v1 / ε | challenge_response_v1 success_response_v1 success_response_v1 success_response_v1 challenge_response_v1 success_response_v1]
Apr 02, 2026 4:16:34 PM de.learnlib.logging.LearnLogger logQuery
INFO: [ε | challenge_v1 success_request_with_credentials_v1 success_request_with_credentials_v1 success_request_with_credentials_v1 challenge_v1 id_request_v1 / ε | challenge_response_v1 success_response_v1 success_response_v1 success_response_v1 challenge_response_v1 id_response_v1]
Apr 02, 2026 4:16:37 PM de.learnlib.logging.LearnLogger logQuery
INFO: [ε | challenge_v1 success_request_with_credentials_v1 success_request_with_credentials_v1 inner_success challenge_v1 / ε | challenge_response_v1 success_response_v1 success_response_v1 empty_peap no_reply]
Apr 02, 2026 4:16:40 PM de.learnlib.logging.LearnLogger logQuery
INFO: [ε | challenge_v1 success_request_with_credentials_v1 success_request_with_credentials_v1 id_request_v1 success_request_all_zeros_v1 / ε | challenge_response_v1 success_response_v1 success_response_v1 id_response_v1 no_reply]
Apr 02, 2026 4:16:42 PM de.learnlib.logging.LearnLogger logQuery
INFO: [ε | challenge_v1 success_request_with_credentials_v1 success_request_with_credentials_v1 challenge_v1 success_request_all_zeros_v1 / ε | challenge_response_v1 success_response_v1 success_response_v1 challenge_response_v1 no_reply]
Apr 02, 2026 4:16:45 PM de.learnlib.logging.LearnLogger logQuery
INFO: [ε | challenge_v1 success_request_with_credentials_v1 success_request_with_credentials_v1 success_request_with_credentials_v1 success_request_all_zeros_v1 / ε | challenge_response_v1 success_response_v1 success_response_v1 success_response_v1 no_reply]
Apr 02, 2026 4:16:48 PM de.learnlib.logging.LearnLogger logQuery
INFO: [ε | challenge_v1 success_request_with_credentials_v1 success_request_with_credentials_v1 inner_success success_request_all_zeros_v1 / ε | challenge_response_v1 success_response_v1 success_response_v1 empty_peap no_reply]
Apr 02, 2026 4:16:51 PM de.learnlib.logging.LearnLogger logQuery
INFO: [ε | challenge_v1 success_request_with_credentials_v1 success_request_with_credentials_v1 id_request_v1 success_request_with_credentials_v1 success_request_with_credentials_v1 / ε | challenge_response_v1 success_response_v1 success_response_v1 id_response_v1 success_response_v1 success_response_v1]
Apr 02, 2026 4:16:54 PM de.learnlib.logging.LearnLogger logQuery
INFO: [ε | challenge_v1 success_request_with_credentials_v1 success_request_with_credentials_v1 id_request_v1 success_request_with_credentials_v1 id_request_v1 / ε | challenge_response_v1 success_response_v1 success_response_v1 id_response_v1 success_response_v1 id_response_v1]
Apr 02, 2026 4:16:57 PM de.learnlib.logging.LearnLogger logQuery
INFO: [ε | challenge_v1 success_request_with_credentials_v1 success_request_with_credentials_v1 challenge_v1 success_request_with_credentials_v1 success_request_with_credentials_v1 / ε | challenge_response_v1 success_response_v1 success_response_v1 challenge_response_v1 success_response_v1 success_response_v1]
Apr 02, 2026 4:16:59 PM de.learnlib.logging.LearnLogger logQuery
INFO: [ε | challenge_v1 success_request_with_credentials_v1 success_request_with_credentials_v1 challenge_v1 success_request_with_credentials_v1 id_request_v1 / ε | challenge_response_v1 success_response_v1 success_response_v1 challenge_response_v1 success_response_v1 id_response_v1]
Apr 02, 2026 4:17:02 PM de.learnlib.logging.LearnLogger logQuery
INFO: [ε | challenge_v1 success_request_with_credentials_v1 success_request_with_credentials_v1 success_request_with_credentials_v1 success_request_with_credentials_v1 success_request_with_credentials_v1 / ε | challenge_response_v1 success_response_v1 success_response_v1 success_response_v1 success_response_v1 success_response_v1]
Apr 02, 2026 4:17:05 PM de.learnlib.logging.LearnLogger logQuery
INFO: [ε | challenge_v1 success_request_with_credentials_v1 success_request_with_credentials_v1 success_request_with_credentials_v1 success_request_with_credentials_v1 id_request_v1 / ε | challenge_response_v1 success_response_v1 success_response_v1 success_response_v1 success_response_v1 id_response_v1]
Apr 02, 2026 4:17:07 PM de.learnlib.logging.LearnLogger logQuery
INFO: [ε | challenge_v1 success_request_with_credentials_v1 success_request_with_credentials_v1 id_request_v1 inner_success / ε | challenge_response_v1 success_response_v1 success_response_v1 id_response_v1 empty_peap]
Apr 02, 2026 4:17:10 PM de.learnlib.logging.LearnLogger logQuery
INFO: [ε | challenge_v1 success_request_with_credentials_v1 success_request_with_credentials_v1 id_request_v1 inner_success success_request_with_credentials_v1 / ε | challenge_response_v1 success_response_v1 success_response_v1 id_response_v1 empty_peap no_reply]
Apr 02, 2026 4:17:13 PM de.learnlib.logging.LearnLogger logQuery
INFO: [ε | challenge_v1 success_request_with_credentials_v1 success_request_with_credentials_v1 id_request_v1 inner_success id_request_v1 / ε | challenge_response_v1 success_response_v1 success_response_v1 id_response_v1 empty_peap no_reply]
Apr 02, 2026 4:17:16 PM de.learnlib.logging.LearnLogger logQuery
INFO: [ε | challenge_v1 success_request_with_credentials_v1 success_request_with_credentials_v1 challenge_v1 inner_success / ε | challenge_response_v1 success_response_v1 success_response_v1 challenge_response_v1 empty_peap]
Apr 02, 2026 4:17:19 PM de.learnlib.logging.LearnLogger logQuery
INFO: [ε | challenge_v1 success_request_with_credentials_v1 success_request_with_credentials_v1 challenge_v1 inner_success success_request_with_credentials_v1 / ε | challenge_response_v1 success_response_v1 success_response_v1 challenge_response_v1 empty_peap no_reply]
Apr 02, 2026 4:17:22 PM de.learnlib.logging.LearnLogger logQuery
INFO: [ε | challenge_v1 success_request_with_credentials_v1 success_request_with_credentials_v1 challenge_v1 inner_success id_request_v1 / ε | challenge_response_v1 success_response_v1 success_response_v1 challenge_response_v1 empty_peap no_reply]
Apr 02, 2026 4:17:25 PM de.learnlib.logging.LearnLogger logQuery
INFO: [ε | challenge_v1 success_request_with_credentials_v1 success_request_with_credentials_v1 success_request_with_credentials_v1 inner_success / ε | challenge_response_v1 success_response_v1 success_response_v1 success_response_v1 empty_peap]
Apr 02, 2026 4:17:27 PM de.learnlib.logging.LearnLogger logQuery
INFO: [ε | challenge_v1 success_request_with_credentials_v1 success_request_with_credentials_v1 success_request_with_credentials_v1 inner_success success_request_with_credentials_v1 / ε | challenge_response_v1 success_response_v1 success_response_v1 success_response_v1 empty_peap no_reply]
Apr 02, 2026 4:17:31 PM de.learnlib.logging.LearnLogger logQuery
INFO: [ε | challenge_v1 success_request_with_credentials_v1 success_request_with_credentials_v1 success_request_with_credentials_v1 inner_success id_request_v1 / ε | challenge_response_v1 success_response_v1 success_response_v1 success_response_v1 empty_peap no_reply]
Apr 02, 2026 4:17:33 PM de.learnlib.logging.LearnLogger logQuery
INFO: [ε | challenge_v1 success_request_with_credentials_v1 success_request_with_credentials_v1 inner_success inner_success / ε | challenge_response_v1 success_response_v1 success_response_v1 empty_peap no_reply]
Apr 02, 2026 4:17:36 PM de.learnlib.logging.LearnLogger logQuery
INFO: [ε | challenge_v1 success_request_with_credentials_v1 success_request_with_credentials_v1 id_request_v1 inner_failure / ε | challenge_response_v1 success_response_v1 success_response_v1 id_response_v1 inner_failure_response]
Apr 02, 2026 4:17:39 PM de.learnlib.logging.LearnLogger logQuery
INFO: [ε | challenge_v1 success_request_with_credentials_v1 success_request_with_credentials_v1 challenge_v1 inner_failure / ε | challenge_response_v1 success_response_v1 success_response_v1 challenge_response_v1 inner_failure_response]
Apr 02, 2026 4:17:42 PM de.learnlib.logging.LearnLogger logQuery
INFO: [ε | challenge_v1 success_request_with_credentials_v1 success_request_with_credentials_v1 success_request_with_credentials_v1 inner_failure / ε | challenge_response_v1 success_response_v1 success_response_v1 success_response_v1 inner_failure_response]
Apr 02, 2026 4:17:45 PM de.learnlib.logging.LearnLogger logQuery
INFO: [ε | challenge_v1 success_request_with_credentials_v1 success_request_with_credentials_v1 inner_success inner_failure / ε | challenge_response_v1 success_response_v1 success_response_v1 empty_peap no_reply]
Apr 02, 2026 4:17:48 PM de.learnlib.logging.LearnLogger logQuery
INFO: [ε | challenge_v1 success_request_with_credentials_v1 success_request_with_credentials_v1 id_request_v1 eap_success / ε | challenge_response_v1 success_response_v1 success_response_v1 id_response_v1 deauthentication]
Apr 02, 2026 4:17:50 PM de.learnlib.logging.LearnLogger logQuery
INFO: [ε | challenge_v1 success_request_with_credentials_v1 success_request_with_credentials_v1 challenge_v1 eap_success / ε | challenge_response_v1 success_response_v1 success_response_v1 challenge_response_v1 deauthentication]
Apr 02, 2026 4:17:53 PM de.learnlib.logging.LearnLogger logQuery
INFO: [ε | challenge_v1 success_request_with_credentials_v1 success_request_with_credentials_v1 success_request_with_credentials_v1 eap_success / ε | challenge_response_v1 success_response_v1 success_response_v1 success_response_v1 deauthentication]
Apr 02, 2026 4:17:56 PM de.learnlib.logging.LearnLogger logQuery
INFO: [ε | challenge_v1 success_request_with_credentials_v1 success_request_with_credentials_v1 inner_success eap_success / ε | challenge_response_v1 success_response_v1 success_response_v1 empty_peap after_eap_success]
Apr 02, 2026 4:17:59 PM de.learnlib.logging.LearnLogger logQuery
INFO: [ε | challenge_v1 success_request_with_credentials_v1 success_request_with_credentials_v1 inner_success eap_success success_request_with_credentials_v1 / ε | challenge_response_v1 success_response_v1 success_response_v1 empty_peap after_eap_success no_reply]
Apr 02, 2026 4:18:03 PM de.learnlib.logging.LearnLogger logQuery
INFO: [ε | challenge_v1 success_request_with_credentials_v1 success_request_with_credentials_v1 inner_success eap_success id_request_v1 / ε | challenge_response_v1 success_response_v1 success_response_v1 empty_peap after_eap_success no_reply]
Apr 02, 2026 4:18:06 PM de.learnlib.logging.LearnLogger logQuery
INFO: [ε | challenge_v1 success_request_with_credentials_v1 success_request_with_credentials_v1 id_request_v1 4_way_message_1 / ε | challenge_response_v1 success_response_v1 success_response_v1 id_response_v1 deauthentication]
Apr 02, 2026 4:18:09 PM de.learnlib.logging.LearnLogger logQuery
INFO: [ε | challenge_v1 success_request_with_credentials_v1 success_request_with_credentials_v1 challenge_v1 4_way_message_1 / ε | challenge_response_v1 success_response_v1 success_response_v1 challenge_response_v1 deauthentication]
Apr 02, 2026 4:18:11 PM de.learnlib.logging.LearnLogger logQuery
INFO: [ε | challenge_v1 success_request_with_credentials_v1 success_request_with_credentials_v1 success_request_with_credentials_v1 4_way_message_1 / ε | challenge_response_v1 success_response_v1 success_response_v1 success_response_v1 deauthentication]
Apr 02, 2026 4:18:14 PM de.learnlib.logging.LearnLogger logQuery
INFO: [ε | challenge_v1 success_request_with_credentials_v1 success_request_with_credentials_v1 inner_success 4_way_message_1 / ε | challenge_response_v1 success_response_v1 success_response_v1 empty_peap 4_way_message_2]
Apr 02, 2026 4:18:15 PM de.learnlib.logging.LearnLogger logQuery
INFO: DB CACHE [ε | challenge_v1 success_request_with_credentials_v1 inner_success eap_success challenge_v1 /  challenge_response_v1 success_response_v1 empty_peap after_eap_success no_reply]
Apr 02, 2026 4:18:15 PM de.learnlib.logging.LearnLogger logQuery
INFO: DB CACHE [ε | challenge_v1 success_request_with_credentials_v1 inner_success eap_success success_request_all_zeros_v1 /  challenge_response_v1 success_response_v1 empty_peap after_eap_success no_reply]
Apr 02, 2026 4:18:15 PM de.learnlib.logging.LearnLogger logQuery
INFO: DB CACHE [ε | challenge_v1 success_request_with_credentials_v1 inner_success eap_success inner_success /  challenge_response_v1 success_response_v1 empty_peap after_eap_success no_reply]
Apr 02, 2026 4:18:15 PM de.learnlib.logging.LearnLogger logQuery
INFO: DB CACHE [ε | challenge_v1 success_request_with_credentials_v1 inner_success eap_success inner_failure /  challenge_response_v1 success_response_v1 empty_peap after_eap_success no_reply]
Apr 02, 2026 4:18:15 PM de.learnlib.logging.LearnLogger logQuery
INFO: DB CACHE [ε | challenge_v1 success_request_with_credentials_v1 inner_success eap_success eap_success /  challenge_response_v1 success_response_v1 empty_peap after_eap_success after_eap_success]
Apr 02, 2026 4:18:18 PM de.learnlib.logging.LearnLogger logQuery
INFO: [ε | challenge_v1 success_request_with_credentials_v1 inner_success eap_success eap_success success_request_with_credentials_v1 / ε | challenge_response_v1 success_response_v1 empty_peap after_eap_success after_eap_success no_reply]
Apr 02, 2026 4:18:22 PM de.learnlib.logging.LearnLogger logQuery
INFO: [ε | challenge_v1 success_request_with_credentials_v1 inner_success eap_success eap_success id_request_v1 / ε | challenge_response_v1 success_response_v1 empty_peap after_eap_success after_eap_success no_reply]
Apr 02, 2026 4:18:22 PM de.learnlib.logging.LearnLogger logQuery
INFO: DB CACHE [ε | challenge_v1 success_request_with_credentials_v1 inner_success eap_success 4_way_message_1 /  challenge_response_v1 success_response_v1 empty_peap after_eap_success 4_way_message_2]
Apr 02, 2026 4:18:25 PM de.learnlib.logging.LearnLogger logQuery
INFO: [ε | challenge_v1 success_request_with_credentials_v1 inner_success eap_success eap_success challenge_v1 / ε | challenge_response_v1 success_response_v1 empty_peap after_eap_success after_eap_success no_reply]
Apr 02, 2026 4:18:29 PM de.learnlib.logging.LearnLogger logQuery
INFO: [ε | challenge_v1 success_request_with_credentials_v1 inner_success eap_success eap_success success_request_all_zeros_v1 / ε | challenge_response_v1 success_response_v1 empty_peap after_eap_success after_eap_success no_reply]
Apr 02, 2026 4:18:33 PM de.learnlib.logging.LearnLogger logQuery
INFO: [ε | challenge_v1 success_request_with_credentials_v1 inner_success eap_success eap_success inner_success / ε | challenge_response_v1 success_response_v1 empty_peap after_eap_success after_eap_success no_reply]
Apr 02, 2026 4:18:36 PM de.learnlib.logging.LearnLogger logQuery
INFO: [ε | challenge_v1 success_request_with_credentials_v1 inner_success eap_success eap_success inner_failure / ε | challenge_response_v1 success_response_v1 empty_peap after_eap_success after_eap_success no_reply]
Apr 02, 2026 4:18:40 PM de.learnlib.logging.LearnLogger logQuery
INFO: [ε | challenge_v1 success_request_with_credentials_v1 inner_success eap_success eap_success eap_success / ε | challenge_response_v1 success_response_v1 empty_peap after_eap_success after_eap_success after_eap_success]
Apr 02, 2026 4:18:44 PM de.learnlib.logging.LearnLogger logQuery
INFO: [ε | challenge_v1 success_request_with_credentials_v1 inner_success eap_success eap_success eap_success success_request_with_credentials_v1 / ε | challenge_response_v1 success_response_v1 empty_peap after_eap_success after_eap_success after_eap_success no_reply]
Apr 02, 2026 4:18:48 PM de.learnlib.logging.LearnLogger logQuery
INFO: [ε | challenge_v1 success_request_with_credentials_v1 inner_success eap_success eap_success eap_success id_request_v1 / ε | challenge_response_v1 success_response_v1 empty_peap after_eap_success after_eap_success after_eap_success no_reply]
Apr 02, 2026 4:18:51 PM de.learnlib.logging.LearnLogger logQuery
INFO: [ε | challenge_v1 success_request_with_credentials_v1 inner_success eap_success eap_success 4_way_message_1 / ε | challenge_response_v1 success_response_v1 empty_peap after_eap_success after_eap_success 4_way_message_2]
