Aug 13, 2025 3:40:55 PM de.learnlib.logging.LearnLogger logQuery
INFO: DB CACHE [ε | id_request_v0 /  id_response_v0]
Aug 13, 2025 3:40:55 PM de.learnlib.logging.LearnLogger logQuery
INFO: DB CACHE [ε | id_request_v0 tlv_request /  id_response_v0 tlv_success]
Aug 13, 2025 3:40:55 PM de.learnlib.logging.LearnLogger logQuery
INFO: DB CACHE [ε | id_request_v0 success_request_with_credentials /  id_response_v0 no_reply]
Aug 13, 2025 3:40:55 PM de.learnlib.logging.LearnLogger logQuery
INFO: DB CACHE [ε | challenge_v0 /  challenge_response_v0]
Aug 13, 2025 3:40:55 PM de.learnlib.logging.LearnLogger logQuery
INFO: DB CACHE [ε | challenge_v0 tlv_request /  challenge_response_v0 tlv_failure]
Aug 13, 2025 3:40:55 PM de.learnlib.logging.LearnLogger logQuery
INFO: DB CACHE [ε | challenge_v0 success_request_with_credentials /  challenge_response_v0 success_response_v0]
Aug 13, 2025 3:40:55 PM de.learnlib.logging.LearnLogger logQuery
INFO: DB CACHE [ε | tlv_request /  tlv_success]
Aug 13, 2025 3:40:55 PM de.learnlib.logging.LearnLogger logQuery
INFO: DB CACHE [ε | tlv_request tlv_request /  tlv_success no_reply]
Aug 13, 2025 3:40:55 PM de.learnlib.logging.LearnLogger logQuery
INFO: DB CACHE [ε | tlv_request success_request_with_credentials /  tlv_success no_reply]
Aug 13, 2025 3:40:55 PM de.learnlib.logging.LearnLogger logQuery
INFO: DB CACHE [ε | tlv_failure /  tlv_failure]
Aug 13, 2025 3:40:55 PM de.learnlib.logging.LearnLogger logQuery
INFO: DB CACHE [ε | success_request_all_zeros /  no_reply]
Aug 13, 2025 3:40:55 PM de.learnlib.logging.LearnLogger logQuery
INFO: DB CACHE [ε | success_request_with_credentials /  no_reply]
Aug 13, 2025 3:40:55 PM de.learnlib.logging.LearnLogger logQuery
INFO: DB CACHE [ε | success_and_cryptobinding /  tlv_success_and_cryptobinding]
Aug 13, 2025 3:40:55 PM de.learnlib.logging.LearnLogger logQuery
INFO: DB CACHE [ε | success_and_cryptobinding tlv_request /  tlv_success_and_cryptobinding no_reply]
Aug 13, 2025 3:40:55 PM de.learnlib.logging.LearnLogger logQuery
INFO: DB CACHE [ε | success_and_cryptobinding success_request_with_credentials /  tlv_success_and_cryptobinding no_reply]
Aug 13, 2025 3:40:55 PM de.learnlib.logging.LearnLogger logQuery
INFO: DB CACHE [ε | cryptobinding /  no_reply]
Aug 13, 2025 3:40:55 PM de.learnlib.logging.LearnLogger logQuery
INFO: DB CACHE [ε | eap_success /  deauthentication]
Aug 13, 2025 3:40:55 PM de.learnlib.logging.LearnLogger logQuery
INFO: DB CACHE [ε | 4_way_message_1 /  deauthentication]
Aug 13, 2025 3:40:55 PM de.learnlib.logging.LearnLogger logQuery
INFO: DB CACHE [ε | id_request_v0 id_request_v0 /  id_response_v0 id_response_v0]
Aug 13, 2025 3:40:56 PM de.learnlib.logging.LearnLogger logQuery
INFO: [ε | id_request_v0 id_request_v0 tlv_request / ε | id_response_v0 id_response_v0 tlv_success]
Aug 13, 2025 3:40:57 PM de.learnlib.logging.LearnLogger logQuery
INFO: [ε | id_request_v0 id_request_v0 success_request_with_credentials / ε | id_response_v0 id_response_v0 no_reply]
Aug 13, 2025 3:40:57 PM de.learnlib.logging.LearnLogger logQuery
INFO: DB CACHE [ε | challenge_v0 id_request_v0 /  challenge_response_v0 id_response_v0]
Aug 13, 2025 3:40:57 PM de.learnlib.logging.LearnLogger logQuery
INFO: DB CACHE [ε | challenge_v0 id_request_v0 tlv_request /  challenge_response_v0 id_response_v0 tlv_failure]
Aug 13, 2025 3:40:57 PM de.learnlib.logging.LearnLogger logQuery
INFO: DB CACHE [ε | challenge_v0 id_request_v0 success_request_with_credentials /  challenge_response_v0 id_response_v0 success_response_v0]
Aug 13, 2025 3:40:57 PM de.learnlib.logging.LearnLogger logQuery
INFO: DB CACHE [ε | tlv_request id_request_v0 /  tlv_success no_reply]
Aug 13, 2025 3:40:57 PM de.learnlib.logging.LearnLogger logQuery
INFO: DB CACHE [ε | success_and_cryptobinding id_request_v0 /  tlv_success_and_cryptobinding no_reply]
Aug 13, 2025 3:40:57 PM de.learnlib.logging.LearnLogger logQuery
INFO: DB CACHE [ε | id_request_v0 challenge_v0 /  id_response_v0 challenge_response_v0]
Aug 13, 2025 3:40:58 PM de.learnlib.logging.LearnLogger logQuery
INFO: [ε | id_request_v0 challenge_v0 tlv_request / ε | id_response_v0 challenge_response_v0 tlv_failure]
Aug 13, 2025 3:40:59 PM de.learnlib.logging.LearnLogger logQuery
INFO: [ε | id_request_v0 challenge_v0 success_request_with_credentials / ε | id_response_v0 challenge_response_v0 success_response_v0]
Aug 13, 2025 3:40:59 PM de.learnlib.logging.LearnLogger logQuery
INFO: DB CACHE [ε | challenge_v0 challenge_v0 /  challenge_response_v0 challenge_response_v0]
Aug 13, 2025 3:40:59 PM de.learnlib.logging.LearnLogger logQuery
INFO: DB CACHE [ε | challenge_v0 challenge_v0 tlv_request /  challenge_response_v0 challenge_response_v0 tlv_failure]
Aug 13, 2025 3:40:59 PM de.learnlib.logging.LearnLogger logQuery
INFO: DB CACHE [ε | challenge_v0 challenge_v0 success_request_with_credentials /  challenge_response_v0 challenge_response_v0 success_response_v0]
Aug 13, 2025 3:40:59 PM de.learnlib.logging.LearnLogger logQuery
INFO: DB CACHE [ε | tlv_request challenge_v0 /  tlv_success no_reply]
Aug 13, 2025 3:40:59 PM de.learnlib.logging.LearnLogger logQuery
INFO: DB CACHE [ε | success_and_cryptobinding challenge_v0 /  tlv_success_and_cryptobinding no_reply]
Aug 13, 2025 3:41:00 PM de.learnlib.logging.LearnLogger logQuery
INFO: [ε | id_request_v0 tlv_request tlv_request / ε | id_response_v0 tlv_success no_reply]
Aug 13, 2025 3:41:02 PM de.learnlib.logging.LearnLogger logQuery
INFO: [ε | id_request_v0 tlv_request success_request_with_credentials / ε | id_response_v0 tlv_success no_reply]
Aug 13, 2025 3:41:02 PM de.learnlib.logging.LearnLogger logQuery
INFO: DB CACHE [ε | id_request_v0 tlv_failure /  id_response_v0 tlv_failure]
Aug 13, 2025 3:41:02 PM de.learnlib.logging.LearnLogger logQuery
INFO: DB CACHE [ε | challenge_v0 tlv_failure /  challenge_response_v0 tlv_failure]
Aug 13, 2025 3:41:02 PM de.learnlib.logging.LearnLogger logQuery
INFO: DB CACHE [ε | tlv_request tlv_failure /  tlv_success no_reply]
Aug 13, 2025 3:41:02 PM de.learnlib.logging.LearnLogger logQuery
INFO: DB CACHE [ε | success_and_cryptobinding tlv_failure /  tlv_success_and_cryptobinding no_reply]
Aug 13, 2025 3:41:02 PM de.learnlib.logging.LearnLogger logQuery
INFO: DB CACHE [ε | id_request_v0 success_request_all_zeros /  id_response_v0 no_reply]
Aug 13, 2025 3:41:02 PM de.learnlib.logging.LearnLogger logQuery
INFO: DB CACHE [ε | challenge_v0 success_request_all_zeros /  challenge_response_v0 no_reply]
Aug 13, 2025 3:41:02 PM de.learnlib.logging.LearnLogger logQuery
INFO: DB CACHE [ε | tlv_request success_request_all_zeros /  tlv_success no_reply]
Aug 13, 2025 3:41:02 PM de.learnlib.logging.LearnLogger logQuery
INFO: DB CACHE [ε | success_and_cryptobinding success_request_all_zeros /  tlv_success_and_cryptobinding no_reply]
Aug 13, 2025 3:41:02 PM de.learnlib.logging.LearnLogger logQuery
INFO: DB CACHE [ε | challenge_v0 success_request_with_credentials tlv_request /  challenge_response_v0 success_response_v0 tlv_success]
Aug 13, 2025 3:41:02 PM de.learnlib.logging.LearnLogger logQuery
INFO: DB CACHE [ε | challenge_v0 success_request_with_credentials success_request_with_credentials /  challenge_response_v0 success_response_v0 success_response_v0]
Aug 13, 2025 3:41:02 PM de.learnlib.logging.LearnLogger logQuery
INFO: DB CACHE [ε | id_request_v0 success_and_cryptobinding /  id_response_v0 tlv_success_and_cryptobinding]
Aug 13, 2025 3:41:03 PM de.learnlib.logging.LearnLogger logQuery
INFO: [ε | id_request_v0 success_and_cryptobinding tlv_request / ε | id_response_v0 tlv_success_and_cryptobinding no_reply]
Aug 13, 2025 3:41:04 PM de.learnlib.logging.LearnLogger logQuery
INFO: [ε | id_request_v0 success_and_cryptobinding success_request_with_credentials / ε | id_response_v0 tlv_success_and_cryptobinding no_reply]
Aug 13, 2025 3:41:05 PM de.learnlib.logging.LearnLogger logQuery
INFO: DB CACHE [ε | challenge_v0 success_and_cryptobinding /  challenge_response_v0 tlv_failure]
Aug 13, 2025 3:41:05 PM de.learnlib.logging.LearnLogger logQuery
INFO: DB CACHE [ε | tlv_request success_and_cryptobinding /  tlv_success no_reply]
Aug 13, 2025 3:41:05 PM de.learnlib.logging.LearnLogger logQuery
INFO: DB CACHE [ε | success_and_cryptobinding success_and_cryptobinding /  tlv_success_and_cryptobinding no_reply]
Aug 13, 2025 3:41:05 PM de.learnlib.logging.LearnLogger logQuery
INFO: DB CACHE [ε | id_request_v0 cryptobinding /  id_response_v0 no_reply]
Aug 13, 2025 3:41:05 PM de.learnlib.logging.LearnLogger logQuery
INFO: DB CACHE [ε | challenge_v0 cryptobinding /  challenge_response_v0 deauthentication]
Aug 13, 2025 3:41:05 PM de.learnlib.logging.LearnLogger logQuery
INFO: DB CACHE [ε | tlv_request cryptobinding /  tlv_success no_reply]
Aug 13, 2025 3:41:05 PM de.learnlib.logging.LearnLogger logQuery
INFO: DB CACHE [ε | success_and_cryptobinding cryptobinding /  tlv_success_and_cryptobinding no_reply]
Aug 13, 2025 3:41:05 PM de.learnlib.logging.LearnLogger logQuery
INFO: DB CACHE [ε | id_request_v0 eap_success /  id_response_v0 deauthentication]
Aug 13, 2025 3:41:05 PM de.learnlib.logging.LearnLogger logQuery
INFO: DB CACHE [ε | challenge_v0 eap_success /  challenge_response_v0 deauthentication]
Aug 13, 2025 3:41:05 PM de.learnlib.logging.LearnLogger logQuery
INFO: DB CACHE [ε | tlv_request eap_success /  tlv_success after_eap_success]
Aug 13, 2025 3:41:05 PM de.learnlib.logging.LearnLogger logQuery
INFO: DB CACHE [ε | tlv_request eap_success tlv_request /  tlv_success after_eap_success no_reply]
Aug 13, 2025 3:41:05 PM de.learnlib.logging.LearnLogger logQuery
INFO: DB CACHE [ε | tlv_request eap_success success_request_with_credentials /  tlv_success after_eap_success no_reply]
Aug 13, 2025 3:41:05 PM de.learnlib.logging.LearnLogger logQuery
INFO: DB CACHE [ε | success_and_cryptobinding eap_success /  tlv_success_and_cryptobinding after_eap_success]
Aug 13, 2025 3:41:06 PM de.learnlib.logging.LearnLogger logQuery
INFO: [ε | success_and_cryptobinding eap_success tlv_request / ε | tlv_success_and_cryptobinding after_eap_success no_reply]
Aug 13, 2025 3:41:08 PM de.learnlib.logging.LearnLogger logQuery
INFO: [ε | success_and_cryptobinding eap_success success_request_with_credentials / ε | tlv_success_and_cryptobinding after_eap_success no_reply]
Aug 13, 2025 3:41:09 PM de.learnlib.logging.LearnLogger logQuery
INFO: DB CACHE [ε | id_request_v0 4_way_message_1 /  id_response_v0 deauthentication]
Aug 13, 2025 3:41:09 PM de.learnlib.logging.LearnLogger logQuery
INFO: DB CACHE [ε | challenge_v0 4_way_message_1 /  challenge_response_v0 deauthentication]
Aug 13, 2025 3:41:09 PM de.learnlib.logging.LearnLogger logQuery
INFO: DB CACHE [ε | tlv_request 4_way_message_1 /  tlv_success 4_way_message_2]
Aug 13, 2025 3:41:09 PM de.learnlib.logging.LearnLogger logQuery
INFO: DB CACHE [ε | success_and_cryptobinding 4_way_message_1 /  tlv_success_and_cryptobinding 4_way_message_2]
Aug 13, 2025 3:41:09 PM de.learnlib.logging.LearnLogger logQuery
INFO: [ε | id_request_v0 id_request_v0 id_request_v0 / ε | id_response_v0 id_response_v0 id_response_v0]
Aug 13, 2025 3:41:10 PM de.learnlib.logging.LearnLogger logQuery
INFO: [ε | id_request_v0 id_request_v0 id_request_v0 tlv_request / ε | id_response_v0 id_response_v0 id_response_v0 tlv_success]
Aug 13, 2025 3:41:11 PM de.learnlib.logging.LearnLogger logQuery
INFO: [ε | id_request_v0 id_request_v0 id_request_v0 success_request_with_credentials / ε | id_response_v0 id_response_v0 id_response_v0 no_reply]
Aug 13, 2025 3:41:12 PM de.learnlib.logging.LearnLogger logQuery
INFO: [ε | id_request_v0 challenge_v0 id_request_v0 / ε | id_response_v0 challenge_response_v0 id_response_v0]
Aug 13, 2025 3:41:13 PM de.learnlib.logging.LearnLogger logQuery
INFO: [ε | id_request_v0 challenge_v0 id_request_v0 tlv_request / ε | id_response_v0 challenge_response_v0 id_response_v0 tlv_failure]
Aug 13, 2025 3:41:14 PM de.learnlib.logging.LearnLogger logQuery
INFO: [ε | id_request_v0 challenge_v0 id_request_v0 success_request_with_credentials / ε | id_response_v0 challenge_response_v0 id_response_v0 success_response_v0]
Aug 13, 2025 3:41:15 PM de.learnlib.logging.LearnLogger logQuery
INFO: [ε | id_request_v0 tlv_request id_request_v0 / ε | id_response_v0 tlv_success no_reply]
Aug 13, 2025 3:41:17 PM de.learnlib.logging.LearnLogger logQuery
INFO: [ε | id_request_v0 success_and_cryptobinding id_request_v0 / ε | id_response_v0 tlv_success_and_cryptobinding no_reply]
Aug 13, 2025 3:41:18 PM de.learnlib.logging.LearnLogger logQuery
INFO: [ε | id_request_v0 id_request_v0 challenge_v0 / ε | id_response_v0 id_response_v0 challenge_response_v0]
Aug 13, 2025 3:41:19 PM de.learnlib.logging.LearnLogger logQuery
INFO: [ε | id_request_v0 id_request_v0 challenge_v0 tlv_request / ε | id_response_v0 id_response_v0 challenge_response_v0 tlv_failure]
Aug 13, 2025 3:41:20 PM de.learnlib.logging.LearnLogger logQuery
INFO: [ε | id_request_v0 id_request_v0 challenge_v0 success_request_with_credentials / ε | id_response_v0 id_response_v0 challenge_response_v0 success_response_v0]
Aug 13, 2025 3:41:20 PM de.learnlib.logging.LearnLogger logQuery
INFO: [ε | id_request_v0 challenge_v0 challenge_v0 / ε | id_response_v0 challenge_response_v0 challenge_response_v0]
Aug 13, 2025 3:41:21 PM de.learnlib.logging.LearnLogger logQuery
INFO: [ε | id_request_v0 challenge_v0 challenge_v0 tlv_request / ε | id_response_v0 challenge_response_v0 challenge_response_v0 tlv_failure]
Aug 13, 2025 3:41:22 PM de.learnlib.logging.LearnLogger logQuery
INFO: [ε | id_request_v0 challenge_v0 challenge_v0 success_request_with_credentials / ε | id_response_v0 challenge_response_v0 challenge_response_v0 success_response_v0]
Aug 13, 2025 3:41:23 PM de.learnlib.logging.LearnLogger logQuery
INFO: [ε | id_request_v0 tlv_request challenge_v0 / ε | id_response_v0 tlv_success no_reply]
Aug 13, 2025 3:41:25 PM de.learnlib.logging.LearnLogger logQuery
INFO: [ε | id_request_v0 success_and_cryptobinding challenge_v0 / ε | id_response_v0 tlv_success_and_cryptobinding no_reply]
Aug 13, 2025 3:41:26 PM de.learnlib.logging.LearnLogger logQuery
INFO: [ε | id_request_v0 id_request_v0 tlv_request tlv_request / ε | id_response_v0 id_response_v0 tlv_success no_reply]
Aug 13, 2025 3:41:28 PM de.learnlib.logging.LearnLogger logQuery
INFO: [ε | id_request_v0 id_request_v0 tlv_request success_request_with_credentials / ε | id_response_v0 id_response_v0 tlv_success no_reply]
Aug 13, 2025 3:41:29 PM de.learnlib.logging.LearnLogger logQuery
INFO: [ε | id_request_v0 id_request_v0 tlv_failure / ε | id_response_v0 id_response_v0 tlv_failure]
Aug 13, 2025 3:41:30 PM de.learnlib.logging.LearnLogger logQuery
INFO: [ε | id_request_v0 challenge_v0 tlv_failure / ε | id_response_v0 challenge_response_v0 tlv_failure]
Aug 13, 2025 3:41:31 PM de.learnlib.logging.LearnLogger logQuery
INFO: [ε | id_request_v0 tlv_request tlv_failure / ε | id_response_v0 tlv_success no_reply]
Aug 13, 2025 3:41:33 PM de.learnlib.logging.LearnLogger logQuery
INFO: [ε | id_request_v0 success_and_cryptobinding tlv_failure / ε | id_response_v0 tlv_success_and_cryptobinding no_reply]
Aug 13, 2025 3:41:34 PM de.learnlib.logging.LearnLogger logQuery
INFO: [ε | id_request_v0 id_request_v0 success_request_all_zeros / ε | id_response_v0 id_response_v0 no_reply]
Aug 13, 2025 3:41:36 PM de.learnlib.logging.LearnLogger logQuery
INFO: [ε | id_request_v0 challenge_v0 success_request_all_zeros / ε | id_response_v0 challenge_response_v0 no_reply]
Aug 13, 2025 3:41:37 PM de.learnlib.logging.LearnLogger logQuery
INFO: [ε | id_request_v0 tlv_request success_request_all_zeros / ε | id_response_v0 tlv_success no_reply]
Aug 13, 2025 3:41:39 PM de.learnlib.logging.LearnLogger logQuery
INFO: [ε | id_request_v0 success_and_cryptobinding success_request_all_zeros / ε | id_response_v0 tlv_success_and_cryptobinding no_reply]
Aug 13, 2025 3:41:40 PM de.learnlib.logging.LearnLogger logQuery
INFO: [ε | id_request_v0 challenge_v0 success_request_with_credentials tlv_request / ε | id_response_v0 challenge_response_v0 success_response_v0 tlv_success]
Aug 13, 2025 3:41:40 PM de.learnlib.logging.LearnLogger logQuery
INFO: [ε | id_request_v0 challenge_v0 success_request_with_credentials success_request_with_credentials / ε | id_response_v0 challenge_response_v0 success_response_v0 success_response_v0]
Aug 13, 2025 3:41:41 PM de.learnlib.logging.LearnLogger logQuery
INFO: [ε | id_request_v0 id_request_v0 success_and_cryptobinding / ε | id_response_v0 id_response_v0 tlv_success_and_cryptobinding]
Aug 13, 2025 3:41:42 PM de.learnlib.logging.LearnLogger logQuery
INFO: [ε | id_request_v0 id_request_v0 success_and_cryptobinding tlv_request / ε | id_response_v0 id_response_v0 tlv_success_and_cryptobinding no_reply]
Aug 13, 2025 3:41:44 PM de.learnlib.logging.LearnLogger logQuery
INFO: [ε | id_request_v0 id_request_v0 success_and_cryptobinding success_request_with_credentials / ε | id_response_v0 id_response_v0 tlv_success_and_cryptobinding no_reply]
Aug 13, 2025 3:41:45 PM de.learnlib.logging.LearnLogger logQuery
INFO: [ε | id_request_v0 challenge_v0 success_and_cryptobinding / ε | id_response_v0 challenge_response_v0 tlv_failure]
Aug 13, 2025 3:41:46 PM de.learnlib.logging.LearnLogger logQuery
INFO: [ε | id_request_v0 tlv_request success_and_cryptobinding / ε | id_response_v0 tlv_success no_reply]
Aug 13, 2025 3:41:48 PM de.learnlib.logging.LearnLogger logQuery
INFO: [ε | id_request_v0 success_and_cryptobinding success_and_cryptobinding / ε | id_response_v0 tlv_success_and_cryptobinding no_reply]
Aug 13, 2025 3:41:49 PM de.learnlib.logging.LearnLogger logQuery
INFO: [ε | id_request_v0 id_request_v0 cryptobinding / ε | id_response_v0 id_response_v0 no_reply]
Aug 13, 2025 3:41:51 PM de.learnlib.logging.LearnLogger logQuery
INFO: [ε | id_request_v0 challenge_v0 cryptobinding / ε | id_response_v0 challenge_response_v0 deauthentication]
Aug 13, 2025 3:41:52 PM de.learnlib.logging.LearnLogger logQuery
INFO: [ε | id_request_v0 tlv_request cryptobinding / ε | id_response_v0 tlv_success no_reply]
Aug 13, 2025 3:41:54 PM de.learnlib.logging.LearnLogger logQuery
INFO: [ε | id_request_v0 success_and_cryptobinding cryptobinding / ε | id_response_v0 tlv_success_and_cryptobinding no_reply]
Aug 13, 2025 3:41:55 PM de.learnlib.logging.LearnLogger logQuery
INFO: [ε | id_request_v0 id_request_v0 eap_success / ε | id_response_v0 id_response_v0 deauthentication]
Aug 13, 2025 3:41:56 PM de.learnlib.logging.LearnLogger logQuery
INFO: [ε | id_request_v0 challenge_v0 eap_success / ε | id_response_v0 challenge_response_v0 deauthentication]
Aug 13, 2025 3:41:57 PM de.learnlib.logging.LearnLogger logQuery
INFO: [ε | id_request_v0 tlv_request eap_success / ε | id_response_v0 tlv_success after_eap_success]
Aug 13, 2025 3:41:59 PM de.learnlib.logging.LearnLogger logQuery
INFO: [ε | id_request_v0 tlv_request eap_success tlv_request / ε | id_response_v0 tlv_success after_eap_success no_reply]
Aug 13, 2025 3:42:01 PM de.learnlib.logging.LearnLogger logQuery
INFO: [ε | id_request_v0 tlv_request eap_success success_request_with_credentials / ε | id_response_v0 tlv_success after_eap_success no_reply]
Aug 13, 2025 3:42:02 PM de.learnlib.logging.LearnLogger logQuery
INFO: [ε | id_request_v0 success_and_cryptobinding eap_success / ε | id_response_v0 tlv_success_and_cryptobinding after_eap_success]
Aug 13, 2025 3:42:04 PM de.learnlib.logging.LearnLogger logQuery
INFO: [ε | id_request_v0 success_and_cryptobinding eap_success tlv_request / ε | id_response_v0 tlv_success_and_cryptobinding after_eap_success no_reply]
Aug 13, 2025 3:42:06 PM de.learnlib.logging.LearnLogger logQuery
INFO: [ε | id_request_v0 success_and_cryptobinding eap_success success_request_with_credentials / ε | id_response_v0 tlv_success_and_cryptobinding after_eap_success no_reply]
Aug 13, 2025 3:42:07 PM de.learnlib.logging.LearnLogger logQuery
INFO: [ε | id_request_v0 id_request_v0 4_way_message_1 / ε | id_response_v0 id_response_v0 deauthentication]
Aug 13, 2025 3:42:08 PM de.learnlib.logging.LearnLogger logQuery
INFO: [ε | id_request_v0 challenge_v0 4_way_message_1 / ε | id_response_v0 challenge_response_v0 deauthentication]
Aug 13, 2025 3:42:09 PM de.learnlib.logging.LearnLogger logQuery
INFO: [ε | id_request_v0 tlv_request 4_way_message_1 / ε | id_response_v0 tlv_success 4_way_message_2]
Aug 13, 2025 3:42:11 PM de.learnlib.logging.LearnLogger logQuery
INFO: [ε | id_request_v0 success_and_cryptobinding 4_way_message_1 / ε | id_response_v0 tlv_success_and_cryptobinding 4_way_message_2]
Aug 13, 2025 3:42:11 PM de.learnlib.logging.LearnLogger logQuery
INFO: DB CACHE [ε | challenge_v0 id_request_v0 id_request_v0 /  challenge_response_v0 id_response_v0 id_response_v0]
Aug 13, 2025 3:42:12 PM de.learnlib.logging.LearnLogger logQuery
INFO: [ε | challenge_v0 id_request_v0 id_request_v0 tlv_request / ε | challenge_response_v0 id_response_v0 id_response_v0 tlv_failure]
Aug 13, 2025 3:42:13 PM de.learnlib.logging.LearnLogger logQuery
INFO: [ε | challenge_v0 id_request_v0 id_request_v0 success_request_with_credentials / ε | challenge_response_v0 id_response_v0 id_response_v0 success_response_v0]
Aug 13, 2025 3:42:13 PM de.learnlib.logging.LearnLogger logQuery
INFO: DB CACHE [ε | challenge_v0 challenge_v0 id_request_v0 /  challenge_response_v0 challenge_response_v0 id_response_v0]
Aug 13, 2025 3:42:13 PM de.learnlib.logging.LearnLogger logQuery
INFO: [ε | challenge_v0 challenge_v0 id_request_v0 tlv_request / ε | challenge_response_v0 challenge_response_v0 id_response_v0 tlv_failure]
Aug 13, 2025 3:42:14 PM de.learnlib.logging.LearnLogger logQuery
INFO: [ε | challenge_v0 challenge_v0 id_request_v0 success_request_with_credentials / ε | challenge_response_v0 challenge_response_v0 id_response_v0 success_response_v0]
Aug 13, 2025 3:42:14 PM de.learnlib.logging.LearnLogger logQuery
INFO: DB CACHE [ε | challenge_v0 success_request_with_credentials id_request_v0 /  challenge_response_v0 success_response_v0 id_response_v0]
Aug 13, 2025 3:42:14 PM de.learnlib.logging.LearnLogger logQuery
INFO: DB CACHE [ε | challenge_v0 success_request_with_credentials id_request_v0 tlv_request /  challenge_response_v0 success_response_v0 id_response_v0 tlv_success]
Aug 13, 2025 3:42:14 PM de.learnlib.logging.LearnLogger logQuery
INFO: DB CACHE [ε | challenge_v0 success_request_with_credentials id_request_v0 success_request_with_credentials /  challenge_response_v0 success_response_v0 id_response_v0 success_response_v0]
Aug 13, 2025 3:42:14 PM de.learnlib.logging.LearnLogger logQuery
INFO: DB CACHE [ε | challenge_v0 id_request_v0 challenge_v0 /  challenge_response_v0 id_response_v0 challenge_response_v0]
Aug 13, 2025 3:42:15 PM de.learnlib.logging.LearnLogger logQuery
INFO: [ε | challenge_v0 id_request_v0 challenge_v0 tlv_request / ε | challenge_response_v0 id_response_v0 challenge_response_v0 tlv_failure]
Aug 13, 2025 3:42:16 PM de.learnlib.logging.LearnLogger logQuery
INFO: [ε | challenge_v0 id_request_v0 challenge_v0 success_request_with_credentials / ε | challenge_response_v0 id_response_v0 challenge_response_v0 success_response_v0]
Aug 13, 2025 3:42:16 PM de.learnlib.logging.LearnLogger logQuery
INFO: DB CACHE [ε | challenge_v0 challenge_v0 challenge_v0 /  challenge_response_v0 challenge_response_v0 challenge_response_v0]
Aug 13, 2025 3:42:17 PM de.learnlib.logging.LearnLogger logQuery
INFO: [ε | challenge_v0 challenge_v0 challenge_v0 tlv_request / ε | challenge_response_v0 challenge_response_v0 challenge_response_v0 tlv_failure]
Aug 13, 2025 3:42:18 PM de.learnlib.logging.LearnLogger logQuery
INFO: [ε | challenge_v0 challenge_v0 challenge_v0 success_request_with_credentials / ε | challenge_response_v0 challenge_response_v0 challenge_response_v0 success_response_v0]
Aug 13, 2025 3:42:18 PM de.learnlib.logging.LearnLogger logQuery
INFO: DB CACHE [ε | challenge_v0 success_request_with_credentials challenge_v0 /  challenge_response_v0 success_response_v0 challenge_response_v0]
Aug 13, 2025 3:42:18 PM de.learnlib.logging.LearnLogger logQuery
INFO: DB CACHE [ε | challenge_v0 success_request_with_credentials challenge_v0 tlv_request /  challenge_response_v0 success_response_v0 challenge_response_v0 tlv_success]
Aug 13, 2025 3:42:18 PM de.learnlib.logging.LearnLogger logQuery
INFO: DB CACHE [ε | challenge_v0 success_request_with_credentials challenge_v0 success_request_with_credentials /  challenge_response_v0 success_response_v0 challenge_response_v0 success_response_v0]
Aug 13, 2025 3:42:18 PM de.learnlib.logging.LearnLogger logQuery
INFO: DB CACHE [ε | challenge_v0 success_request_with_credentials tlv_request tlv_request /  challenge_response_v0 success_response_v0 tlv_success no_reply]
Aug 13, 2025 3:42:18 PM de.learnlib.logging.LearnLogger logQuery
INFO: DB CACHE [ε | challenge_v0 success_request_with_credentials tlv_request success_request_with_credentials /  challenge_response_v0 success_response_v0 tlv_success no_reply]
Aug 13, 2025 3:42:18 PM de.learnlib.logging.LearnLogger logQuery
INFO: DB CACHE [ε | challenge_v0 id_request_v0 tlv_failure /  challenge_response_v0 id_response_v0 tlv_failure]
Aug 13, 2025 3:42:18 PM de.learnlib.logging.LearnLogger logQuery
INFO: DB CACHE [ε | challenge_v0 challenge_v0 tlv_failure /  challenge_response_v0 challenge_response_v0 tlv_failure]
Aug 13, 2025 3:42:18 PM de.learnlib.logging.LearnLogger logQuery
INFO: DB CACHE [ε | challenge_v0 success_request_with_credentials tlv_failure /  challenge_response_v0 success_response_v0 tlv_failure]
Aug 13, 2025 3:42:18 PM de.learnlib.logging.LearnLogger logQuery
INFO: DB CACHE [ε | challenge_v0 id_request_v0 success_request_all_zeros /  challenge_response_v0 id_response_v0 no_reply]
Aug 13, 2025 3:42:18 PM de.learnlib.logging.LearnLogger logQuery
INFO: DB CACHE [ε | challenge_v0 challenge_v0 success_request_all_zeros /  challenge_response_v0 challenge_response_v0 no_reply]
Aug 13, 2025 3:42:18 PM de.learnlib.logging.LearnLogger logQuery
INFO: DB CACHE [ε | challenge_v0 success_request_with_credentials success_request_all_zeros /  challenge_response_v0 success_response_v0 no_reply]
Aug 13, 2025 3:42:19 PM de.learnlib.logging.LearnLogger logQuery
INFO: [ε | challenge_v0 id_request_v0 success_request_with_credentials tlv_request / ε | challenge_response_v0 id_response_v0 success_response_v0 tlv_success]
Aug 13, 2025 3:42:19 PM de.learnlib.logging.LearnLogger logQuery
INFO: [ε | challenge_v0 id_request_v0 success_request_with_credentials success_request_with_credentials / ε | challenge_response_v0 id_response_v0 success_response_v0 success_response_v0]
Aug 13, 2025 3:42:20 PM de.learnlib.logging.LearnLogger logQuery
INFO: [ε | challenge_v0 challenge_v0 success_request_with_credentials tlv_request / ε | challenge_response_v0 challenge_response_v0 success_response_v0 tlv_success]
Aug 13, 2025 3:42:21 PM de.learnlib.logging.LearnLogger logQuery
INFO: [ε | challenge_v0 challenge_v0 success_request_with_credentials success_request_with_credentials / ε | challenge_response_v0 challenge_response_v0 success_response_v0 success_response_v0]
Aug 13, 2025 3:42:21 PM de.learnlib.logging.LearnLogger logQuery
INFO: DB CACHE [ε | challenge_v0 success_request_with_credentials success_request_with_credentials tlv_request /  challenge_response_v0 success_response_v0 success_response_v0 tlv_success]
Aug 13, 2025 3:42:21 PM de.learnlib.logging.LearnLogger logQuery
INFO: DB CACHE [ε | challenge_v0 success_request_with_credentials success_request_with_credentials success_request_with_credentials /  challenge_response_v0 success_response_v0 success_response_v0 success_response_v0]
Aug 13, 2025 3:42:21 PM de.learnlib.logging.LearnLogger logQuery
INFO: DB CACHE [ε | challenge_v0 id_request_v0 success_and_cryptobinding /  challenge_response_v0 id_response_v0 tlv_failure]
Aug 13, 2025 3:42:21 PM de.learnlib.logging.LearnLogger logQuery
INFO: DB CACHE [ε | challenge_v0 challenge_v0 success_and_cryptobinding /  challenge_response_v0 challenge_response_v0 tlv_failure]
Aug 13, 2025 3:42:21 PM de.learnlib.logging.LearnLogger logQuery
INFO: DB CACHE [ε | challenge_v0 success_request_with_credentials success_and_cryptobinding /  challenge_response_v0 success_response_v0 tlv_success_and_cryptobinding]
Aug 13, 2025 3:42:21 PM de.learnlib.logging.LearnLogger logQuery
INFO: DB CACHE [ε | challenge_v0 success_request_with_credentials success_and_cryptobinding tlv_request /  challenge_response_v0 success_response_v0 tlv_success_and_cryptobinding no_reply]
Aug 13, 2025 3:42:21 PM de.learnlib.logging.LearnLogger logQuery
INFO: DB CACHE [ε | challenge_v0 success_request_with_credentials success_and_cryptobinding success_request_with_credentials /  challenge_response_v0 success_response_v0 tlv_success_and_cryptobinding no_reply]
Aug 13, 2025 3:42:21 PM de.learnlib.logging.LearnLogger logQuery
INFO: DB CACHE [ε | challenge_v0 id_request_v0 cryptobinding /  challenge_response_v0 id_response_v0 deauthentication]
Aug 13, 2025 3:42:21 PM de.learnlib.logging.LearnLogger logQuery
INFO: DB CACHE [ε | challenge_v0 challenge_v0 cryptobinding /  challenge_response_v0 challenge_response_v0 deauthentication]
Aug 13, 2025 3:42:21 PM de.learnlib.logging.LearnLogger logQuery
INFO: DB CACHE [ε | challenge_v0 success_request_with_credentials cryptobinding /  challenge_response_v0 success_response_v0 no_reply]
Aug 13, 2025 3:42:21 PM de.learnlib.logging.LearnLogger logQuery
INFO: DB CACHE [ε | challenge_v0 id_request_v0 eap_success /  challenge_response_v0 id_response_v0 deauthentication]
Aug 13, 2025 3:42:21 PM de.learnlib.logging.LearnLogger logQuery
INFO: DB CACHE [ε | challenge_v0 challenge_v0 eap_success /  challenge_response_v0 challenge_response_v0 deauthentication]
Aug 13, 2025 3:42:21 PM de.learnlib.logging.LearnLogger logQuery
INFO: DB CACHE [ε | challenge_v0 success_request_with_credentials eap_success /  challenge_response_v0 success_response_v0 deauthentication]
Aug 13, 2025 3:42:21 PM de.learnlib.logging.LearnLogger logQuery
INFO: DB CACHE [ε | challenge_v0 id_request_v0 4_way_message_1 /  challenge_response_v0 id_response_v0 deauthentication]
Aug 13, 2025 3:42:21 PM de.learnlib.logging.LearnLogger logQuery
INFO: DB CACHE [ε | challenge_v0 challenge_v0 4_way_message_1 /  challenge_response_v0 challenge_response_v0 deauthentication]
Aug 13, 2025 3:42:21 PM de.learnlib.logging.LearnLogger logQuery
INFO: DB CACHE [ε | challenge_v0 success_request_with_credentials 4_way_message_1 /  challenge_response_v0 success_response_v0 deauthentication]
Aug 13, 2025 3:42:21 PM de.learnlib.logging.LearnLogger logQuery
INFO: DB CACHE [ε | tlv_request eap_success id_request_v0 /  tlv_success after_eap_success no_reply]
Aug 13, 2025 3:42:21 PM de.learnlib.logging.LearnLogger logQuery
INFO: DB CACHE [ε | tlv_request eap_success challenge_v0 /  tlv_success after_eap_success no_reply]
Aug 13, 2025 3:42:21 PM de.learnlib.logging.LearnLogger logQuery
INFO: DB CACHE [ε | tlv_request eap_success tlv_failure /  tlv_success after_eap_success no_reply]
Aug 13, 2025 3:42:21 PM de.learnlib.logging.LearnLogger logQuery
INFO: DB CACHE [ε | tlv_request eap_success success_request_all_zeros /  tlv_success after_eap_success no_reply]
Aug 13, 2025 3:42:21 PM de.learnlib.logging.LearnLogger logQuery
INFO: DB CACHE [ε | tlv_request eap_success success_and_cryptobinding /  tlv_success after_eap_success no_reply]
Aug 13, 2025 3:42:21 PM de.learnlib.logging.LearnLogger logQuery
INFO: DB CACHE [ε | tlv_request eap_success cryptobinding /  tlv_success after_eap_success no_reply]
Aug 13, 2025 3:42:21 PM de.learnlib.logging.LearnLogger logQuery
INFO: DB CACHE [ε | tlv_request eap_success eap_success /  tlv_success after_eap_success after_eap_success]
Aug 13, 2025 3:42:23 PM de.learnlib.logging.LearnLogger logQuery
INFO: [ε | tlv_request eap_success eap_success tlv_request / ε | tlv_success after_eap_success after_eap_success no_reply]
Aug 13, 2025 3:42:26 PM de.learnlib.logging.LearnLogger logQuery
INFO: [ε | tlv_request eap_success eap_success success_request_with_credentials / ε | tlv_success after_eap_success after_eap_success no_reply]
Aug 13, 2025 3:42:26 PM de.learnlib.logging.LearnLogger logQuery
INFO: DB CACHE [ε | tlv_request eap_success 4_way_message_1 /  tlv_success after_eap_success 4_way_message_2]
Aug 13, 2025 3:42:28 PM de.learnlib.logging.LearnLogger logQuery
INFO: [ε | success_and_cryptobinding eap_success id_request_v0 / ε | tlv_success_and_cryptobinding after_eap_success no_reply]
Aug 13, 2025 3:42:30 PM de.learnlib.logging.LearnLogger logQuery
INFO: [ε | success_and_cryptobinding eap_success challenge_v0 / ε | tlv_success_and_cryptobinding after_eap_success no_reply]
Aug 13, 2025 3:42:32 PM de.learnlib.logging.LearnLogger logQuery
INFO: [ε | success_and_cryptobinding eap_success tlv_failure / ε | tlv_success_and_cryptobinding after_eap_success no_reply]
Aug 13, 2025 3:42:34 PM de.learnlib.logging.LearnLogger logQuery
INFO: [ε | success_and_cryptobinding eap_success success_request_all_zeros / ε | tlv_success_and_cryptobinding after_eap_success no_reply]
Aug 13, 2025 3:42:36 PM de.learnlib.logging.LearnLogger logQuery
INFO: [ε | success_and_cryptobinding eap_success success_and_cryptobinding / ε | tlv_success_and_cryptobinding after_eap_success no_reply]
Aug 13, 2025 3:42:38 PM de.learnlib.logging.LearnLogger logQuery
INFO: [ε | success_and_cryptobinding eap_success cryptobinding / ε | tlv_success_and_cryptobinding after_eap_success no_reply]
Aug 13, 2025 3:42:40 PM de.learnlib.logging.LearnLogger logQuery
INFO: [ε | success_and_cryptobinding eap_success eap_success / ε | tlv_success_and_cryptobinding after_eap_success after_eap_success]
Aug 13, 2025 3:42:42 PM de.learnlib.logging.LearnLogger logQuery
INFO: [ε | success_and_cryptobinding eap_success eap_success tlv_request / ε | tlv_success_and_cryptobinding after_eap_success after_eap_success no_reply]
Aug 13, 2025 3:42:44 PM de.learnlib.logging.LearnLogger logQuery
INFO: [ε | success_and_cryptobinding eap_success eap_success success_request_with_credentials / ε | tlv_success_and_cryptobinding after_eap_success after_eap_success no_reply]
Aug 13, 2025 3:42:46 PM de.learnlib.logging.LearnLogger logQuery
INFO: [ε | success_and_cryptobinding eap_success 4_way_message_1 / ε | tlv_success_and_cryptobinding after_eap_success 4_way_message_2]
Aug 13, 2025 3:42:47 PM de.learnlib.logging.LearnLogger logQuery
INFO: [ε | challenge_v0 id_request_v0 id_request_v0 id_request_v0 / ε | challenge_response_v0 id_response_v0 id_response_v0 id_response_v0]
Aug 13, 2025 3:42:48 PM de.learnlib.logging.LearnLogger logQuery
INFO: [ε | challenge_v0 id_request_v0 id_request_v0 id_request_v0 tlv_request / ε | challenge_response_v0 id_response_v0 id_response_v0 id_response_v0 tlv_failure]
Aug 13, 2025 3:42:49 PM de.learnlib.logging.LearnLogger logQuery
INFO: [ε | challenge_v0 id_request_v0 id_request_v0 id_request_v0 success_request_with_credentials / ε | challenge_response_v0 id_response_v0 id_response_v0 id_response_v0 success_response_v0]
Aug 13, 2025 3:42:50 PM de.learnlib.logging.LearnLogger logQuery
INFO: [ε | challenge_v0 id_request_v0 challenge_v0 id_request_v0 / ε | challenge_response_v0 id_response_v0 challenge_response_v0 id_response_v0]
Aug 13, 2025 3:42:50 PM de.learnlib.logging.LearnLogger logQuery
INFO: [ε | challenge_v0 id_request_v0 challenge_v0 id_request_v0 tlv_request / ε | challenge_response_v0 id_response_v0 challenge_response_v0 id_response_v0 tlv_failure]
Aug 13, 2025 3:42:51 PM de.learnlib.logging.LearnLogger logQuery
INFO: [ε | challenge_v0 id_request_v0 challenge_v0 id_request_v0 success_request_with_credentials / ε | challenge_response_v0 id_response_v0 challenge_response_v0 id_response_v0 success_response_v0]
Aug 13, 2025 3:42:52 PM de.learnlib.logging.LearnLogger logQuery
INFO: [ε | challenge_v0 id_request_v0 success_request_with_credentials id_request_v0 / ε | challenge_response_v0 id_response_v0 success_response_v0 id_response_v0]
Aug 13, 2025 3:42:53 PM de.learnlib.logging.LearnLogger logQuery
INFO: [ε | challenge_v0 id_request_v0 success_request_with_credentials id_request_v0 tlv_request / ε | challenge_response_v0 id_response_v0 success_response_v0 id_response_v0 tlv_success]
Aug 13, 2025 3:42:54 PM de.learnlib.logging.LearnLogger logQuery
INFO: [ε | challenge_v0 id_request_v0 success_request_with_credentials id_request_v0 success_request_with_credentials / ε | challenge_response_v0 id_response_v0 success_response_v0 id_response_v0 success_response_v0]
Aug 13, 2025 3:42:55 PM de.learnlib.logging.LearnLogger logQuery
INFO: [ε | challenge_v0 id_request_v0 id_request_v0 challenge_v0 / ε | challenge_response_v0 id_response_v0 id_response_v0 challenge_response_v0]
Aug 13, 2025 3:43:00 PM de.learnlib.logging.LearnLogger logQuery
INFO: [ε | challenge_v0 id_request_v0 id_request_v0 challenge_v0 tlv_request / ε | challenge_response_v0 id_response_v0 id_response_v0 challenge_response_v0 tlv_failure]
Aug 13, 2025 3:43:01 PM de.learnlib.logging.LearnLogger logQuery
INFO: [ε | challenge_v0 id_request_v0 id_request_v0 challenge_v0 success_request_with_credentials / ε | challenge_response_v0 id_response_v0 id_response_v0 challenge_response_v0 success_response_v0]
Aug 13, 2025 3:43:02 PM de.learnlib.logging.LearnLogger logQuery
INFO: [ε | challenge_v0 id_request_v0 challenge_v0 challenge_v0 / ε | challenge_response_v0 id_response_v0 challenge_response_v0 challenge_response_v0]
Aug 13, 2025 3:43:03 PM de.learnlib.logging.LearnLogger logQuery
INFO: [ε | challenge_v0 id_request_v0 challenge_v0 challenge_v0 tlv_request / ε | challenge_response_v0 id_response_v0 challenge_response_v0 challenge_response_v0 tlv_failure]
Aug 13, 2025 3:43:04 PM de.learnlib.logging.LearnLogger logQuery
INFO: [ε | challenge_v0 id_request_v0 challenge_v0 challenge_v0 success_request_with_credentials / ε | challenge_response_v0 id_response_v0 challenge_response_v0 challenge_response_v0 success_response_v0]
Aug 13, 2025 3:43:05 PM de.learnlib.logging.LearnLogger logQuery
INFO: [ε | challenge_v0 id_request_v0 success_request_with_credentials challenge_v0 / ε | challenge_response_v0 id_response_v0 success_response_v0 challenge_response_v0]
Aug 13, 2025 3:43:06 PM de.learnlib.logging.LearnLogger logQuery
INFO: [ε | challenge_v0 id_request_v0 success_request_with_credentials challenge_v0 tlv_request / ε | challenge_response_v0 id_response_v0 success_response_v0 challenge_response_v0 tlv_success]
Aug 13, 2025 3:43:07 PM de.learnlib.logging.LearnLogger logQuery
INFO: [ε | challenge_v0 id_request_v0 success_request_with_credentials challenge_v0 success_request_with_credentials / ε | challenge_response_v0 id_response_v0 success_response_v0 challenge_response_v0 success_response_v0]
Aug 13, 2025 3:43:08 PM de.learnlib.logging.LearnLogger logQuery
INFO: [ε | challenge_v0 id_request_v0 success_request_with_credentials tlv_request tlv_request / ε | challenge_response_v0 id_response_v0 success_response_v0 tlv_success no_reply]
Aug 13, 2025 3:43:09 PM de.learnlib.logging.LearnLogger logQuery
INFO: [ε | challenge_v0 id_request_v0 success_request_with_credentials tlv_request success_request_with_credentials / ε | challenge_response_v0 id_response_v0 success_response_v0 tlv_success no_reply]
Aug 13, 2025 3:43:10 PM de.learnlib.logging.LearnLogger logQuery
INFO: [ε | challenge_v0 id_request_v0 id_request_v0 tlv_failure / ε | challenge_response_v0 id_response_v0 id_response_v0 tlv_failure]
Aug 13, 2025 3:43:11 PM de.learnlib.logging.LearnLogger logQuery
INFO: [ε | challenge_v0 id_request_v0 challenge_v0 tlv_failure / ε | challenge_response_v0 id_response_v0 challenge_response_v0 tlv_failure]
Aug 13, 2025 3:43:12 PM de.learnlib.logging.LearnLogger logQuery
INFO: [ε | challenge_v0 id_request_v0 success_request_with_credentials tlv_failure / ε | challenge_response_v0 id_response_v0 success_response_v0 tlv_failure]
Aug 13, 2025 3:43:14 PM de.learnlib.logging.LearnLogger logQuery
INFO: [ε | challenge_v0 id_request_v0 id_request_v0 success_request_all_zeros / ε | challenge_response_v0 id_response_v0 id_response_v0 no_reply]
Aug 13, 2025 3:43:15 PM de.learnlib.logging.LearnLogger logQuery
INFO: [ε | challenge_v0 id_request_v0 challenge_v0 success_request_all_zeros / ε | challenge_response_v0 id_response_v0 challenge_response_v0 no_reply]
Aug 13, 2025 3:43:17 PM de.learnlib.logging.LearnLogger logQuery
INFO: [ε | challenge_v0 id_request_v0 success_request_with_credentials success_request_all_zeros / ε | challenge_response_v0 id_response_v0 success_response_v0 no_reply]
Aug 13, 2025 3:43:18 PM de.learnlib.logging.LearnLogger logQuery
INFO: [ε | challenge_v0 id_request_v0 id_request_v0 success_request_with_credentials tlv_request / ε | challenge_response_v0 id_response_v0 id_response_v0 success_response_v0 tlv_success]
Aug 13, 2025 3:43:19 PM de.learnlib.logging.LearnLogger logQuery
INFO: [ε | challenge_v0 id_request_v0 id_request_v0 success_request_with_credentials success_request_with_credentials / ε | challenge_response_v0 id_response_v0 id_response_v0 success_response_v0 success_response_v0]
Aug 13, 2025 3:43:19 PM de.learnlib.logging.LearnLogger logQuery
INFO: [ε | challenge_v0 id_request_v0 challenge_v0 success_request_with_credentials tlv_request / ε | challenge_response_v0 id_response_v0 challenge_response_v0 success_response_v0 tlv_success]
Aug 13, 2025 3:43:20 PM de.learnlib.logging.LearnLogger logQuery
INFO: [ε | challenge_v0 id_request_v0 challenge_v0 success_request_with_credentials success_request_with_credentials / ε | challenge_response_v0 id_response_v0 challenge_response_v0 success_response_v0 success_response_v0]
Aug 13, 2025 3:43:21 PM de.learnlib.logging.LearnLogger logQuery
INFO: [ε | challenge_v0 id_request_v0 success_request_with_credentials success_request_with_credentials tlv_request / ε | challenge_response_v0 id_response_v0 success_response_v0 success_response_v0 tlv_success]
Aug 13, 2025 3:43:22 PM de.learnlib.logging.LearnLogger logQuery
INFO: [ε | challenge_v0 id_request_v0 success_request_with_credentials success_request_with_credentials success_request_with_credentials / ε | challenge_response_v0 id_response_v0 success_response_v0 success_response_v0 success_response_v0]
Aug 13, 2025 3:43:23 PM de.learnlib.logging.LearnLogger logQuery
INFO: [ε | challenge_v0 id_request_v0 id_request_v0 success_and_cryptobinding / ε | challenge_response_v0 id_response_v0 id_response_v0 tlv_failure]
Aug 13, 2025 3:43:24 PM de.learnlib.logging.LearnLogger logQuery
INFO: [ε | challenge_v0 id_request_v0 challenge_v0 success_and_cryptobinding / ε | challenge_response_v0 id_response_v0 challenge_response_v0 tlv_failure]
Aug 13, 2025 3:43:25 PM de.learnlib.logging.LearnLogger logQuery
INFO: [ε | challenge_v0 id_request_v0 success_request_with_credentials success_and_cryptobinding / ε | challenge_response_v0 id_response_v0 success_response_v0 tlv_success_and_cryptobinding]
Aug 13, 2025 3:43:26 PM de.learnlib.logging.LearnLogger logQuery
INFO: [ε | challenge_v0 id_request_v0 success_request_with_credentials success_and_cryptobinding tlv_request / ε | challenge_response_v0 id_response_v0 success_response_v0 tlv_success_and_cryptobinding no_reply]
Aug 13, 2025 3:43:28 PM de.learnlib.logging.LearnLogger logQuery
INFO: [ε | challenge_v0 id_request_v0 success_request_with_credentials success_and_cryptobinding success_request_with_credentials / ε | challenge_response_v0 id_response_v0 success_response_v0 tlv_success_and_cryptobinding no_reply]
Aug 13, 2025 3:43:29 PM de.learnlib.logging.LearnLogger logQuery
INFO: [ε | challenge_v0 id_request_v0 id_request_v0 cryptobinding / ε | challenge_response_v0 id_response_v0 id_response_v0 deauthentication]
Aug 13, 2025 3:43:30 PM de.learnlib.logging.LearnLogger logQuery
INFO: [ε | challenge_v0 id_request_v0 challenge_v0 cryptobinding / ε | challenge_response_v0 id_response_v0 challenge_response_v0 deauthentication]
Aug 13, 2025 3:43:31 PM de.learnlib.logging.LearnLogger logQuery
INFO: [ε | challenge_v0 id_request_v0 success_request_with_credentials cryptobinding / ε | challenge_response_v0 id_response_v0 success_response_v0 no_reply]
Aug 13, 2025 3:43:32 PM de.learnlib.logging.LearnLogger logQuery
INFO: [ε | challenge_v0 id_request_v0 id_request_v0 eap_success / ε | challenge_response_v0 id_response_v0 id_response_v0 deauthentication]
Aug 13, 2025 3:43:33 PM de.learnlib.logging.LearnLogger logQuery
INFO: [ε | challenge_v0 id_request_v0 challenge_v0 eap_success / ε | challenge_response_v0 id_response_v0 challenge_response_v0 deauthentication]
Aug 13, 2025 3:43:34 PM de.learnlib.logging.LearnLogger logQuery
INFO: [ε | challenge_v0 id_request_v0 success_request_with_credentials eap_success / ε | challenge_response_v0 id_response_v0 success_response_v0 deauthentication]
Aug 13, 2025 3:43:35 PM de.learnlib.logging.LearnLogger logQuery
INFO: [ε | challenge_v0 id_request_v0 id_request_v0 4_way_message_1 / ε | challenge_response_v0 id_response_v0 id_response_v0 deauthentication]
Aug 13, 2025 3:43:36 PM de.learnlib.logging.LearnLogger logQuery
INFO: [ε | challenge_v0 id_request_v0 challenge_v0 4_way_message_1 / ε | challenge_response_v0 id_response_v0 challenge_response_v0 deauthentication]
Aug 13, 2025 3:43:37 PM de.learnlib.logging.LearnLogger logQuery
INFO: [ε | challenge_v0 id_request_v0 success_request_with_credentials 4_way_message_1 / ε | challenge_response_v0 id_response_v0 success_response_v0 deauthentication]
Aug 13, 2025 3:43:38 PM de.learnlib.logging.LearnLogger logQuery
INFO: [ε | challenge_v0 challenge_v0 id_request_v0 id_request_v0 / ε | challenge_response_v0 challenge_response_v0 id_response_v0 id_response_v0]
Aug 13, 2025 3:43:39 PM de.learnlib.logging.LearnLogger logQuery
INFO: [ε | challenge_v0 challenge_v0 id_request_v0 id_request_v0 tlv_request / ε | challenge_response_v0 challenge_response_v0 id_response_v0 id_response_v0 tlv_failure]
Aug 13, 2025 3:43:40 PM de.learnlib.logging.LearnLogger logQuery
INFO: [ε | challenge_v0 challenge_v0 id_request_v0 id_request_v0 success_request_with_credentials / ε | challenge_response_v0 challenge_response_v0 id_response_v0 id_response_v0 success_response_v0]
Aug 13, 2025 3:43:41 PM de.learnlib.logging.LearnLogger logQuery
INFO: [ε | challenge_v0 challenge_v0 challenge_v0 id_request_v0 / ε | challenge_response_v0 challenge_response_v0 challenge_response_v0 id_response_v0]
Aug 13, 2025 3:43:42 PM de.learnlib.logging.LearnLogger logQuery
INFO: [ε | challenge_v0 challenge_v0 challenge_v0 id_request_v0 tlv_request / ε | challenge_response_v0 challenge_response_v0 challenge_response_v0 id_response_v0 tlv_failure]
Aug 13, 2025 3:43:43 PM de.learnlib.logging.LearnLogger logQuery
INFO: [ε | challenge_v0 challenge_v0 challenge_v0 id_request_v0 success_request_with_credentials / ε | challenge_response_v0 challenge_response_v0 challenge_response_v0 id_response_v0 success_response_v0]
Aug 13, 2025 3:43:44 PM de.learnlib.logging.LearnLogger logQuery
INFO: [ε | challenge_v0 challenge_v0 success_request_with_credentials id_request_v0 / ε | challenge_response_v0 challenge_response_v0 success_response_v0 id_response_v0]
Aug 13, 2025 3:43:44 PM de.learnlib.logging.LearnLogger logQuery
INFO: [ε | challenge_v0 challenge_v0 success_request_with_credentials id_request_v0 tlv_request / ε | challenge_response_v0 challenge_response_v0 success_response_v0 id_response_v0 tlv_success]
Aug 13, 2025 3:43:45 PM de.learnlib.logging.LearnLogger logQuery
INFO: [ε | challenge_v0 challenge_v0 success_request_with_credentials id_request_v0 success_request_with_credentials / ε | challenge_response_v0 challenge_response_v0 success_response_v0 id_response_v0 success_response_v0]
Aug 13, 2025 3:43:46 PM de.learnlib.logging.LearnLogger logQuery
INFO: [ε | challenge_v0 challenge_v0 id_request_v0 challenge_v0 / ε | challenge_response_v0 challenge_response_v0 id_response_v0 challenge_response_v0]
Aug 13, 2025 3:43:47 PM de.learnlib.logging.LearnLogger logQuery
INFO: [ε | challenge_v0 challenge_v0 id_request_v0 challenge_v0 tlv_request / ε | challenge_response_v0 challenge_response_v0 id_response_v0 challenge_response_v0 tlv_failure]
Aug 13, 2025 3:43:48 PM de.learnlib.logging.LearnLogger logQuery
INFO: [ε | challenge_v0 challenge_v0 id_request_v0 challenge_v0 success_request_with_credentials / ε | challenge_response_v0 challenge_response_v0 id_response_v0 challenge_response_v0 success_response_v0]
Aug 13, 2025 3:43:49 PM de.learnlib.logging.LearnLogger logQuery
INFO: [ε | challenge_v0 challenge_v0 challenge_v0 challenge_v0 / ε | challenge_response_v0 challenge_response_v0 challenge_response_v0 challenge_response_v0]
Aug 13, 2025 3:43:50 PM de.learnlib.logging.LearnLogger logQuery
INFO: [ε | challenge_v0 challenge_v0 challenge_v0 challenge_v0 tlv_request / ε | challenge_response_v0 challenge_response_v0 challenge_response_v0 challenge_response_v0 tlv_failure]
Aug 13, 2025 3:43:51 PM de.learnlib.logging.LearnLogger logQuery
INFO: [ε | challenge_v0 challenge_v0 challenge_v0 challenge_v0 success_request_with_credentials / ε | challenge_response_v0 challenge_response_v0 challenge_response_v0 challenge_response_v0 success_response_v0]
Aug 13, 2025 3:43:51 PM de.learnlib.logging.LearnLogger logQuery
INFO: [ε | challenge_v0 challenge_v0 success_request_with_credentials challenge_v0 / ε | challenge_response_v0 challenge_response_v0 success_response_v0 challenge_response_v0]
Aug 13, 2025 3:43:52 PM de.learnlib.logging.LearnLogger logQuery
INFO: [ε | challenge_v0 challenge_v0 success_request_with_credentials challenge_v0 tlv_request / ε | challenge_response_v0 challenge_response_v0 success_response_v0 challenge_response_v0 tlv_success]
Aug 13, 2025 3:43:53 PM de.learnlib.logging.LearnLogger logQuery
INFO: [ε | challenge_v0 challenge_v0 success_request_with_credentials challenge_v0 success_request_with_credentials / ε | challenge_response_v0 challenge_response_v0 success_response_v0 challenge_response_v0 success_response_v0]
Aug 13, 2025 3:43:54 PM de.learnlib.logging.LearnLogger logQuery
INFO: [ε | challenge_v0 challenge_v0 success_request_with_credentials tlv_request tlv_request / ε | challenge_response_v0 challenge_response_v0 success_response_v0 tlv_success no_reply]
Aug 13, 2025 3:43:56 PM de.learnlib.logging.LearnLogger logQuery
INFO: [ε | challenge_v0 challenge_v0 success_request_with_credentials tlv_request success_request_with_credentials / ε | challenge_response_v0 challenge_response_v0 success_response_v0 tlv_success no_reply]
Aug 13, 2025 3:43:57 PM de.learnlib.logging.LearnLogger logQuery
INFO: [ε | challenge_v0 challenge_v0 id_request_v0 tlv_failure / ε | challenge_response_v0 challenge_response_v0 id_response_v0 tlv_failure]
Aug 13, 2025 3:43:58 PM de.learnlib.logging.LearnLogger logQuery
INFO: [ε | challenge_v0 challenge_v0 challenge_v0 tlv_failure / ε | challenge_response_v0 challenge_response_v0 challenge_response_v0 tlv_failure]
Aug 13, 2025 3:43:59 PM de.learnlib.logging.LearnLogger logQuery
INFO: [ε | challenge_v0 challenge_v0 success_request_with_credentials tlv_failure / ε | challenge_response_v0 challenge_response_v0 success_response_v0 tlv_failure]
Aug 13, 2025 3:44:00 PM de.learnlib.logging.LearnLogger logQuery
INFO: [ε | challenge_v0 challenge_v0 id_request_v0 success_request_all_zeros / ε | challenge_response_v0 challenge_response_v0 id_response_v0 no_reply]
Aug 13, 2025 3:44:02 PM de.learnlib.logging.LearnLogger logQuery
INFO: [ε | challenge_v0 challenge_v0 challenge_v0 success_request_all_zeros / ε | challenge_response_v0 challenge_response_v0 challenge_response_v0 no_reply]
Aug 13, 2025 3:44:03 PM de.learnlib.logging.LearnLogger logQuery
INFO: [ε | challenge_v0 challenge_v0 success_request_with_credentials success_request_all_zeros / ε | challenge_response_v0 challenge_response_v0 success_response_v0 no_reply]
Aug 13, 2025 3:44:04 PM de.learnlib.logging.LearnLogger logQuery
INFO: [ε | challenge_v0 challenge_v0 id_request_v0 success_request_with_credentials tlv_request / ε | challenge_response_v0 challenge_response_v0 id_response_v0 success_response_v0 tlv_success]
Aug 13, 2025 3:44:05 PM de.learnlib.logging.LearnLogger logQuery
INFO: [ε | challenge_v0 challenge_v0 id_request_v0 success_request_with_credentials success_request_with_credentials / ε | challenge_response_v0 challenge_response_v0 id_response_v0 success_response_v0 success_response_v0]
Aug 13, 2025 3:44:06 PM de.learnlib.logging.LearnLogger logQuery
INFO: [ε | challenge_v0 challenge_v0 challenge_v0 success_request_with_credentials tlv_request / ε | challenge_response_v0 challenge_response_v0 challenge_response_v0 success_response_v0 tlv_success]
Aug 13, 2025 3:44:07 PM de.learnlib.logging.LearnLogger logQuery
INFO: [ε | challenge_v0 challenge_v0 challenge_v0 success_request_with_credentials success_request_with_credentials / ε | challenge_response_v0 challenge_response_v0 challenge_response_v0 success_response_v0 success_response_v0]
Aug 13, 2025 3:44:08 PM de.learnlib.logging.LearnLogger logQuery
INFO: [ε | challenge_v0 challenge_v0 success_request_with_credentials success_request_with_credentials tlv_request / ε | challenge_response_v0 challenge_response_v0 success_response_v0 success_response_v0 tlv_success]
Aug 13, 2025 3:44:08 PM de.learnlib.logging.LearnLogger logQuery
INFO: [ε | challenge_v0 challenge_v0 success_request_with_credentials success_request_with_credentials success_request_with_credentials / ε | challenge_response_v0 challenge_response_v0 success_response_v0 success_response_v0 success_response_v0]
Aug 13, 2025 3:44:09 PM de.learnlib.logging.LearnLogger logQuery
INFO: [ε | challenge_v0 challenge_v0 id_request_v0 success_and_cryptobinding / ε | challenge_response_v0 challenge_response_v0 id_response_v0 tlv_failure]
Aug 13, 2025 3:44:10 PM de.learnlib.logging.LearnLogger logQuery
INFO: [ε | challenge_v0 challenge_v0 challenge_v0 success_and_cryptobinding / ε | challenge_response_v0 challenge_response_v0 challenge_response_v0 tlv_failure]
Aug 13, 2025 3:44:11 PM de.learnlib.logging.LearnLogger logQuery
INFO: [ε | challenge_v0 challenge_v0 success_request_with_credentials success_and_cryptobinding / ε | challenge_response_v0 challenge_response_v0 success_response_v0 tlv_success_and_cryptobinding]
Aug 13, 2025 3:44:13 PM de.learnlib.logging.LearnLogger logQuery
INFO: [ε | challenge_v0 challenge_v0 success_request_with_credentials success_and_cryptobinding tlv_request / ε | challenge_response_v0 challenge_response_v0 success_response_v0 tlv_success_and_cryptobinding no_reply]
Aug 13, 2025 3:44:14 PM de.learnlib.logging.LearnLogger logQuery
INFO: [ε | challenge_v0 challenge_v0 success_request_with_credentials success_and_cryptobinding success_request_with_credentials / ε | challenge_response_v0 challenge_response_v0 success_response_v0 tlv_success_and_cryptobinding no_reply]
Aug 13, 2025 3:44:15 PM de.learnlib.logging.LearnLogger logQuery
INFO: [ε | challenge_v0 challenge_v0 id_request_v0 cryptobinding / ε | challenge_response_v0 challenge_response_v0 id_response_v0 deauthentication]
Aug 13, 2025 3:44:16 PM de.learnlib.logging.LearnLogger logQuery
INFO: [ε | challenge_v0 challenge_v0 challenge_v0 cryptobinding / ε | challenge_response_v0 challenge_response_v0 challenge_response_v0 deauthentication]
Aug 13, 2025 3:44:18 PM de.learnlib.logging.LearnLogger logQuery
INFO: [ε | challenge_v0 challenge_v0 success_request_with_credentials cryptobinding / ε | challenge_response_v0 challenge_response_v0 success_response_v0 no_reply]
Aug 13, 2025 3:44:19 PM de.learnlib.logging.LearnLogger logQuery
INFO: [ε | challenge_v0 challenge_v0 id_request_v0 eap_success / ε | challenge_response_v0 challenge_response_v0 id_response_v0 deauthentication]
Aug 13, 2025 3:44:20 PM de.learnlib.logging.LearnLogger logQuery
INFO: [ε | challenge_v0 challenge_v0 challenge_v0 eap_success / ε | challenge_response_v0 challenge_response_v0 challenge_response_v0 deauthentication]
Aug 13, 2025 3:44:21 PM de.learnlib.logging.LearnLogger logQuery
INFO: [ε | challenge_v0 challenge_v0 success_request_with_credentials eap_success / ε | challenge_response_v0 challenge_response_v0 success_response_v0 deauthentication]
Aug 13, 2025 3:44:22 PM de.learnlib.logging.LearnLogger logQuery
INFO: [ε | challenge_v0 challenge_v0 id_request_v0 4_way_message_1 / ε | challenge_response_v0 challenge_response_v0 id_response_v0 deauthentication]
Aug 13, 2025 3:44:23 PM de.learnlib.logging.LearnLogger logQuery
INFO: [ε | challenge_v0 challenge_v0 challenge_v0 4_way_message_1 / ε | challenge_response_v0 challenge_response_v0 challenge_response_v0 deauthentication]
Aug 13, 2025 3:44:24 PM de.learnlib.logging.LearnLogger logQuery
INFO: [ε | challenge_v0 challenge_v0 success_request_with_credentials 4_way_message_1 / ε | challenge_response_v0 challenge_response_v0 success_response_v0 deauthentication]
Aug 13, 2025 3:44:24 PM de.learnlib.logging.LearnLogger logQuery
INFO: DB CACHE [ε | challenge_v0 success_request_with_credentials id_request_v0 id_request_v0 /  challenge_response_v0 success_response_v0 id_response_v0 id_response_v0]
Aug 13, 2025 3:44:25 PM de.learnlib.logging.LearnLogger logQuery
INFO: [ε | challenge_v0 success_request_with_credentials id_request_v0 id_request_v0 tlv_request / ε | challenge_response_v0 success_response_v0 id_response_v0 id_response_v0 tlv_success]
Aug 13, 2025 3:44:26 PM de.learnlib.logging.LearnLogger logQuery
INFO: [ε | challenge_v0 success_request_with_credentials id_request_v0 id_request_v0 success_request_with_credentials / ε | challenge_response_v0 success_response_v0 id_response_v0 id_response_v0 success_response_v0]
Aug 13, 2025 3:44:26 PM de.learnlib.logging.LearnLogger logQuery
INFO: DB CACHE [ε | challenge_v0 success_request_with_credentials challenge_v0 id_request_v0 /  challenge_response_v0 success_response_v0 challenge_response_v0 id_response_v0]
Aug 13, 2025 3:44:27 PM de.learnlib.logging.LearnLogger logQuery
INFO: [ε | challenge_v0 success_request_with_credentials challenge_v0 id_request_v0 tlv_request / ε | challenge_response_v0 success_response_v0 challenge_response_v0 id_response_v0 tlv_success]
Aug 13, 2025 3:44:27 PM de.learnlib.logging.LearnLogger logQuery
INFO: [ε | challenge_v0 success_request_with_credentials challenge_v0 id_request_v0 success_request_with_credentials / ε | challenge_response_v0 success_response_v0 challenge_response_v0 id_response_v0 success_response_v0]
Aug 13, 2025 3:44:28 PM de.learnlib.logging.LearnLogger logQuery
INFO: DB CACHE [ε | challenge_v0 success_request_with_credentials tlv_request id_request_v0 /  challenge_response_v0 success_response_v0 tlv_success no_reply]
Aug 13, 2025 3:44:28 PM de.learnlib.logging.LearnLogger logQuery
INFO: DB CACHE [ε | challenge_v0 success_request_with_credentials success_request_with_credentials id_request_v0 /  challenge_response_v0 success_response_v0 success_response_v0 id_response_v0]
Aug 13, 2025 3:44:28 PM de.learnlib.logging.LearnLogger logQuery
INFO: [ε | challenge_v0 success_request_with_credentials success_request_with_credentials id_request_v0 tlv_request / ε | challenge_response_v0 success_response_v0 success_response_v0 id_response_v0 tlv_success]
Aug 13, 2025 3:44:29 PM de.learnlib.logging.LearnLogger logQuery
INFO: [ε | challenge_v0 success_request_with_credentials success_request_with_credentials id_request_v0 success_request_with_credentials / ε | challenge_response_v0 success_response_v0 success_response_v0 id_response_v0 success_response_v0]
Aug 13, 2025 3:44:29 PM de.learnlib.logging.LearnLogger logQuery
INFO: DB CACHE [ε | challenge_v0 success_request_with_credentials success_and_cryptobinding id_request_v0 /  challenge_response_v0 success_response_v0 tlv_success_and_cryptobinding no_reply]
Aug 13, 2025 3:44:29 PM de.learnlib.logging.LearnLogger logQuery
INFO: DB CACHE [ε | challenge_v0 success_request_with_credentials id_request_v0 challenge_v0 /  challenge_response_v0 success_response_v0 id_response_v0 challenge_response_v0]
Aug 13, 2025 3:44:30 PM de.learnlib.logging.LearnLogger logQuery
INFO: [ε | challenge_v0 success_request_with_credentials id_request_v0 challenge_v0 tlv_request / ε | challenge_response_v0 success_response_v0 id_response_v0 challenge_response_v0 tlv_success]
Aug 13, 2025 3:44:31 PM de.learnlib.logging.LearnLogger logQuery
INFO: [ε | challenge_v0 success_request_with_credentials id_request_v0 challenge_v0 success_request_with_credentials / ε | challenge_response_v0 success_response_v0 id_response_v0 challenge_response_v0 success_response_v0]
Aug 13, 2025 3:44:31 PM de.learnlib.logging.LearnLogger logQuery
INFO: DB CACHE [ε | challenge_v0 success_request_with_credentials challenge_v0 challenge_v0 /  challenge_response_v0 success_response_v0 challenge_response_v0 challenge_response_v0]
Aug 13, 2025 3:44:32 PM de.learnlib.logging.LearnLogger logQuery
INFO: [ε | challenge_v0 success_request_with_credentials challenge_v0 challenge_v0 tlv_request / ε | challenge_response_v0 success_response_v0 challenge_response_v0 challenge_response_v0 tlv_success]
Aug 13, 2025 3:44:32 PM de.learnlib.logging.LearnLogger logQuery
INFO: [ε | challenge_v0 success_request_with_credentials challenge_v0 challenge_v0 success_request_with_credentials / ε | challenge_response_v0 success_response_v0 challenge_response_v0 challenge_response_v0 success_response_v0]
Aug 13, 2025 3:44:33 PM de.learnlib.logging.LearnLogger logQuery
INFO: DB CACHE [ε | challenge_v0 success_request_with_credentials tlv_request challenge_v0 /  challenge_response_v0 success_response_v0 tlv_success no_reply]
Aug 13, 2025 3:44:33 PM de.learnlib.logging.LearnLogger logQuery
INFO: DB CACHE [ε | challenge_v0 success_request_with_credentials success_request_with_credentials challenge_v0 /  challenge_response_v0 success_response_v0 success_response_v0 challenge_response_v0]
Aug 13, 2025 3:44:33 PM de.learnlib.logging.LearnLogger logQuery
INFO: [ε | challenge_v0 success_request_with_credentials success_request_with_credentials challenge_v0 tlv_request / ε | challenge_response_v0 success_response_v0 success_response_v0 challenge_response_v0 tlv_success]
Aug 13, 2025 3:44:34 PM de.learnlib.logging.LearnLogger logQuery
INFO: [ε | challenge_v0 success_request_with_credentials success_request_with_credentials challenge_v0 success_request_with_credentials / ε | challenge_response_v0 success_response_v0 success_response_v0 challenge_response_v0 success_response_v0]
Aug 13, 2025 3:44:34 PM de.learnlib.logging.LearnLogger logQuery
INFO: DB CACHE [ε | challenge_v0 success_request_with_credentials success_and_cryptobinding challenge_v0 /  challenge_response_v0 success_response_v0 tlv_success_and_cryptobinding no_reply]
Aug 13, 2025 3:44:35 PM de.learnlib.logging.LearnLogger logQuery
INFO: [ε | challenge_v0 success_request_with_credentials id_request_v0 tlv_request tlv_request / ε | challenge_response_v0 success_response_v0 id_response_v0 tlv_success no_reply]
Aug 13, 2025 3:44:37 PM de.learnlib.logging.LearnLogger logQuery
INFO: [ε | challenge_v0 success_request_with_credentials id_request_v0 tlv_request success_request_with_credentials / ε | challenge_response_v0 success_response_v0 id_response_v0 tlv_success no_reply]
Aug 13, 2025 3:44:38 PM de.learnlib.logging.LearnLogger logQuery
INFO: [ε | challenge_v0 success_request_with_credentials challenge_v0 tlv_request tlv_request / ε | challenge_response_v0 success_response_v0 challenge_response_v0 tlv_success no_reply]
Aug 13, 2025 3:44:40 PM de.learnlib.logging.LearnLogger logQuery
INFO: [ε | challenge_v0 success_request_with_credentials challenge_v0 tlv_request success_request_with_credentials / ε | challenge_response_v0 success_response_v0 challenge_response_v0 tlv_success no_reply]
Aug 13, 2025 3:44:41 PM de.learnlib.logging.LearnLogger logQuery
INFO: [ε | challenge_v0 success_request_with_credentials success_request_with_credentials tlv_request tlv_request / ε | challenge_response_v0 success_response_v0 success_response_v0 tlv_success no_reply]
Aug 13, 2025 3:44:43 PM de.learnlib.logging.LearnLogger logQuery
INFO: [ε | challenge_v0 success_request_with_credentials success_request_with_credentials tlv_request success_request_with_credentials / ε | challenge_response_v0 success_response_v0 success_response_v0 tlv_success no_reply]
Aug 13, 2025 3:44:43 PM de.learnlib.logging.LearnLogger logQuery
INFO: DB CACHE [ε | challenge_v0 success_request_with_credentials id_request_v0 tlv_failure /  challenge_response_v0 success_response_v0 id_response_v0 tlv_failure]
Aug 13, 2025 3:44:43 PM de.learnlib.logging.LearnLogger logQuery
INFO: DB CACHE [ε | challenge_v0 success_request_with_credentials challenge_v0 tlv_failure /  challenge_response_v0 success_response_v0 challenge_response_v0 tlv_failure]
Aug 13, 2025 3:44:43 PM de.learnlib.logging.LearnLogger logQuery
INFO: DB CACHE [ε | challenge_v0 success_request_with_credentials tlv_request tlv_failure /  challenge_response_v0 success_response_v0 tlv_success no_reply]
Aug 13, 2025 3:44:43 PM de.learnlib.logging.LearnLogger logQuery
INFO: DB CACHE [ε | challenge_v0 success_request_with_credentials success_request_with_credentials tlv_failure /  challenge_response_v0 success_response_v0 success_response_v0 tlv_failure]
Aug 13, 2025 3:44:43 PM de.learnlib.logging.LearnLogger logQuery
INFO: DB CACHE [ε | challenge_v0 success_request_with_credentials success_and_cryptobinding tlv_failure /  challenge_response_v0 success_response_v0 tlv_success_and_cryptobinding no_reply]
Aug 13, 2025 3:44:43 PM de.learnlib.logging.LearnLogger logQuery
INFO: DB CACHE [ε | challenge_v0 success_request_with_credentials id_request_v0 success_request_all_zeros /  challenge_response_v0 success_response_v0 id_response_v0 no_reply]
Aug 13, 2025 3:44:43 PM de.learnlib.logging.LearnLogger logQuery
INFO: DB CACHE [ε | challenge_v0 success_request_with_credentials challenge_v0 success_request_all_zeros /  challenge_response_v0 success_response_v0 challenge_response_v0 no_reply]
Aug 13, 2025 3:44:43 PM de.learnlib.logging.LearnLogger logQuery
INFO: DB CACHE [ε | challenge_v0 success_request_with_credentials tlv_request success_request_all_zeros /  challenge_response_v0 success_response_v0 tlv_success no_reply]
Aug 13, 2025 3:44:43 PM de.learnlib.logging.LearnLogger logQuery
INFO: DB CACHE [ε | challenge_v0 success_request_with_credentials success_request_with_credentials success_request_all_zeros /  challenge_response_v0 success_response_v0 success_response_v0 no_reply]
Aug 13, 2025 3:44:43 PM de.learnlib.logging.LearnLogger logQuery
INFO: DB CACHE [ε | challenge_v0 success_request_with_credentials success_and_cryptobinding success_request_all_zeros /  challenge_response_v0 success_response_v0 tlv_success_and_cryptobinding no_reply]
Aug 13, 2025 3:44:44 PM de.learnlib.logging.LearnLogger logQuery
INFO: [ε | challenge_v0 success_request_with_credentials id_request_v0 success_request_with_credentials tlv_request / ε | challenge_response_v0 success_response_v0 id_response_v0 success_response_v0 tlv_success]
Aug 13, 2025 3:44:45 PM de.learnlib.logging.LearnLogger logQuery
INFO: [ε | challenge_v0 success_request_with_credentials id_request_v0 success_request_with_credentials success_request_with_credentials / ε | challenge_response_v0 success_response_v0 id_response_v0 success_response_v0 success_response_v0]
Aug 13, 2025 3:44:46 PM de.learnlib.logging.LearnLogger logQuery
INFO: [ε | challenge_v0 success_request_with_credentials challenge_v0 success_request_with_credentials tlv_request / ε | challenge_response_v0 success_response_v0 challenge_response_v0 success_response_v0 tlv_success]
Aug 13, 2025 3:44:46 PM de.learnlib.logging.LearnLogger logQuery
INFO: [ε | challenge_v0 success_request_with_credentials challenge_v0 success_request_with_credentials success_request_with_credentials / ε | challenge_response_v0 success_response_v0 challenge_response_v0 success_response_v0 success_response_v0]
Aug 13, 2025 3:44:47 PM de.learnlib.logging.LearnLogger logQuery
INFO: [ε | challenge_v0 success_request_with_credentials success_request_with_credentials success_request_with_credentials tlv_request / ε | challenge_response_v0 success_response_v0 success_response_v0 success_response_v0 tlv_success]
Aug 13, 2025 3:44:48 PM de.learnlib.logging.LearnLogger logQuery
INFO: [ε | challenge_v0 success_request_with_credentials success_request_with_credentials success_request_with_credentials success_request_with_credentials / ε | challenge_response_v0 success_response_v0 success_response_v0 success_response_v0 success_response_v0]
Aug 13, 2025 3:44:48 PM de.learnlib.logging.LearnLogger logQuery
INFO: DB CACHE [ε | challenge_v0 success_request_with_credentials id_request_v0 success_and_cryptobinding /  challenge_response_v0 success_response_v0 id_response_v0 tlv_success_and_cryptobinding]
Aug 13, 2025 3:44:49 PM de.learnlib.logging.LearnLogger logQuery
INFO: [ε | challenge_v0 success_request_with_credentials id_request_v0 success_and_cryptobinding tlv_request / ε | challenge_response_v0 success_response_v0 id_response_v0 tlv_success_and_cryptobinding no_reply]
Aug 13, 2025 3:44:51 PM de.learnlib.logging.LearnLogger logQuery
INFO: [ε | challenge_v0 success_request_with_credentials id_request_v0 success_and_cryptobinding success_request_with_credentials / ε | challenge_response_v0 success_response_v0 id_response_v0 tlv_success_and_cryptobinding no_reply]
Aug 13, 2025 3:44:51 PM de.learnlib.logging.LearnLogger logQuery
INFO: DB CACHE [ε | challenge_v0 success_request_with_credentials challenge_v0 success_and_cryptobinding /  challenge_response_v0 success_response_v0 challenge_response_v0 tlv_success_and_cryptobinding]
Aug 13, 2025 3:44:52 PM de.learnlib.logging.LearnLogger logQuery
INFO: [ε | challenge_v0 success_request_with_credentials challenge_v0 success_and_cryptobinding tlv_request / ε | challenge_response_v0 success_response_v0 challenge_response_v0 tlv_success_and_cryptobinding no_reply]
Aug 13, 2025 3:44:54 PM de.learnlib.logging.LearnLogger logQuery
INFO: [ε | challenge_v0 success_request_with_credentials challenge_v0 success_and_cryptobinding success_request_with_credentials / ε | challenge_response_v0 success_response_v0 challenge_response_v0 tlv_success_and_cryptobinding no_reply]
Aug 13, 2025 3:44:54 PM de.learnlib.logging.LearnLogger logQuery
INFO: DB CACHE [ε | challenge_v0 success_request_with_credentials tlv_request success_and_cryptobinding /  challenge_response_v0 success_response_v0 tlv_success no_reply]
Aug 13, 2025 3:44:54 PM de.learnlib.logging.LearnLogger logQuery
INFO: DB CACHE [ε | challenge_v0 success_request_with_credentials success_request_with_credentials success_and_cryptobinding /  challenge_response_v0 success_response_v0 success_response_v0 tlv_success_and_cryptobinding]
Aug 13, 2025 3:44:55 PM de.learnlib.logging.LearnLogger logQuery
INFO: [ε | challenge_v0 success_request_with_credentials success_request_with_credentials success_and_cryptobinding tlv_request / ε | challenge_response_v0 success_response_v0 success_response_v0 tlv_success_and_cryptobinding no_reply]
Aug 13, 2025 3:44:57 PM de.learnlib.logging.LearnLogger logQuery
INFO: [ε | challenge_v0 success_request_with_credentials success_request_with_credentials success_and_cryptobinding success_request_with_credentials / ε | challenge_response_v0 success_response_v0 success_response_v0 tlv_success_and_cryptobinding no_reply]
Aug 13, 2025 3:44:57 PM de.learnlib.logging.LearnLogger logQuery
INFO: DB CACHE [ε | challenge_v0 success_request_with_credentials success_and_cryptobinding success_and_cryptobinding /  challenge_response_v0 success_response_v0 tlv_success_and_cryptobinding no_reply]
Aug 13, 2025 3:44:57 PM de.learnlib.logging.LearnLogger logQuery
INFO: DB CACHE [ε | challenge_v0 success_request_with_credentials id_request_v0 cryptobinding /  challenge_response_v0 success_response_v0 id_response_v0 no_reply]
Aug 13, 2025 3:44:57 PM de.learnlib.logging.LearnLogger logQuery
INFO: DB CACHE [ε | challenge_v0 success_request_with_credentials challenge_v0 cryptobinding /  challenge_response_v0 success_response_v0 challenge_response_v0 no_reply]
Aug 13, 2025 3:44:57 PM de.learnlib.logging.LearnLogger logQuery
INFO: DB CACHE [ε | challenge_v0 success_request_with_credentials tlv_request cryptobinding /  challenge_response_v0 success_response_v0 tlv_success no_reply]
Aug 13, 2025 3:44:57 PM de.learnlib.logging.LearnLogger logQuery
INFO: DB CACHE [ε | challenge_v0 success_request_with_credentials success_request_with_credentials cryptobinding /  challenge_response_v0 success_response_v0 success_response_v0 no_reply]
Aug 13, 2025 3:44:57 PM de.learnlib.logging.LearnLogger logQuery
INFO: DB CACHE [ε | challenge_v0 success_request_with_credentials success_and_cryptobinding cryptobinding /  challenge_response_v0 success_response_v0 tlv_success_and_cryptobinding no_reply]
Aug 13, 2025 3:44:57 PM de.learnlib.logging.LearnLogger logQuery
INFO: DB CACHE [ε | challenge_v0 success_request_with_credentials id_request_v0 eap_success /  challenge_response_v0 success_response_v0 id_response_v0 deauthentication]
Aug 13, 2025 3:44:57 PM de.learnlib.logging.LearnLogger logQuery
INFO: DB CACHE [ε | challenge_v0 success_request_with_credentials challenge_v0 eap_success /  challenge_response_v0 success_response_v0 challenge_response_v0 deauthentication]
Aug 13, 2025 3:44:57 PM de.learnlib.logging.LearnLogger logQuery
INFO: DB CACHE [ε | challenge_v0 success_request_with_credentials tlv_request eap_success /  challenge_response_v0 success_response_v0 tlv_success after_eap_success]
Aug 13, 2025 3:44:59 PM de.learnlib.logging.LearnLogger logQuery
INFO: [ε | challenge_v0 success_request_with_credentials tlv_request eap_success tlv_request / ε | challenge_response_v0 success_response_v0 tlv_success after_eap_success no_reply]
Aug 13, 2025 3:45:01 PM de.learnlib.logging.LearnLogger logQuery
INFO: [ε | challenge_v0 success_request_with_credentials tlv_request eap_success success_request_with_credentials / ε | challenge_response_v0 success_response_v0 tlv_success after_eap_success no_reply]
Aug 13, 2025 3:45:01 PM de.learnlib.logging.LearnLogger logQuery
INFO: DB CACHE [ε | challenge_v0 success_request_with_credentials success_request_with_credentials eap_success /  challenge_response_v0 success_response_v0 success_response_v0 deauthentication]
Aug 13, 2025 3:45:01 PM de.learnlib.logging.LearnLogger logQuery
INFO: DB CACHE [ε | challenge_v0 success_request_with_credentials success_and_cryptobinding eap_success /  challenge_response_v0 success_response_v0 tlv_success_and_cryptobinding after_eap_success]
Aug 13, 2025 3:45:03 PM de.learnlib.logging.LearnLogger logQuery
INFO: [ε | challenge_v0 success_request_with_credentials success_and_cryptobinding eap_success tlv_request / ε | challenge_response_v0 success_response_v0 tlv_success_and_cryptobinding after_eap_success no_reply]
Aug 13, 2025 3:45:05 PM de.learnlib.logging.LearnLogger logQuery
INFO: [ε | challenge_v0 success_request_with_credentials success_and_cryptobinding eap_success success_request_with_credentials / ε | challenge_response_v0 success_response_v0 tlv_success_and_cryptobinding after_eap_success no_reply]
Aug 13, 2025 3:45:05 PM de.learnlib.logging.LearnLogger logQuery
INFO: DB CACHE [ε | challenge_v0 success_request_with_credentials id_request_v0 4_way_message_1 /  challenge_response_v0 success_response_v0 id_response_v0 deauthentication]
Aug 13, 2025 3:45:05 PM de.learnlib.logging.LearnLogger logQuery
INFO: DB CACHE [ε | challenge_v0 success_request_with_credentials challenge_v0 4_way_message_1 /  challenge_response_v0 success_response_v0 challenge_response_v0 deauthentication]
Aug 13, 2025 3:45:05 PM de.learnlib.logging.LearnLogger logQuery
INFO: DB CACHE [ε | challenge_v0 success_request_with_credentials tlv_request 4_way_message_1 /  challenge_response_v0 success_response_v0 tlv_success 4_way_message_2]
Aug 13, 2025 3:45:05 PM de.learnlib.logging.LearnLogger logQuery
INFO: DB CACHE [ε | challenge_v0 success_request_with_credentials success_request_with_credentials 4_way_message_1 /  challenge_response_v0 success_response_v0 success_response_v0 deauthentication]
Aug 13, 2025 3:45:05 PM de.learnlib.logging.LearnLogger logQuery
INFO: DB CACHE [ε | challenge_v0 success_request_with_credentials success_and_cryptobinding 4_way_message_1 /  challenge_response_v0 success_response_v0 tlv_success_and_cryptobinding 4_way_message_2]
Aug 13, 2025 3:45:08 PM de.learnlib.logging.LearnLogger logQuery
INFO: [ε | tlv_request eap_success eap_success id_request_v0 / ε | tlv_success after_eap_success after_eap_success no_reply]
Aug 13, 2025 3:45:10 PM de.learnlib.logging.LearnLogger logQuery
INFO: [ε | tlv_request eap_success eap_success challenge_v0 / ε | tlv_success after_eap_success after_eap_success no_reply]
Aug 13, 2025 3:45:13 PM de.learnlib.logging.LearnLogger logQuery
INFO: [ε | tlv_request eap_success eap_success tlv_failure / ε | tlv_success after_eap_success after_eap_success no_reply]
Aug 13, 2025 3:45:15 PM de.learnlib.logging.LearnLogger logQuery
INFO: [ε | tlv_request eap_success eap_success success_request_all_zeros / ε | tlv_success after_eap_success after_eap_success no_reply]
Aug 13, 2025 3:45:18 PM de.learnlib.logging.LearnLogger logQuery
INFO: [ε | tlv_request eap_success eap_success success_and_cryptobinding / ε | tlv_success after_eap_success after_eap_success no_reply]
Aug 13, 2025 3:45:20 PM de.learnlib.logging.LearnLogger logQuery
INFO: [ε | tlv_request eap_success eap_success cryptobinding / ε | tlv_success after_eap_success after_eap_success no_reply]
Aug 13, 2025 3:45:23 PM de.learnlib.logging.LearnLogger logQuery
INFO: [ε | tlv_request eap_success eap_success eap_success / ε | tlv_success after_eap_success after_eap_success after_eap_success]
Aug 13, 2025 3:45:25 PM de.learnlib.logging.LearnLogger logQuery
INFO: [ε | tlv_request eap_success eap_success eap_success tlv_request / ε | tlv_success after_eap_success after_eap_success after_eap_success no_reply]
Aug 13, 2025 3:45:28 PM de.learnlib.logging.LearnLogger logQuery
INFO: [ε | tlv_request eap_success eap_success eap_success success_request_with_credentials / ε | tlv_success after_eap_success after_eap_success after_eap_success no_reply]
Aug 13, 2025 3:45:31 PM de.learnlib.logging.LearnLogger logQuery
INFO: [ε | tlv_request eap_success eap_success 4_way_message_1 / ε | tlv_success after_eap_success after_eap_success 4_way_message_2]
Aug 13, 2025 3:45:31 PM de.learnlib.logging.LearnLogger logQuery
INFO: DB CACHE [ε | tlv_failure id_request_v0 /  tlv_failure -]
Aug 13, 2025 3:45:31 PM de.learnlib.logging.LearnLogger logQuery
INFO: DB CACHE [ε | tlv_failure challenge_v0 /  tlv_failure -]
Aug 13, 2025 3:45:31 PM de.learnlib.logging.LearnLogger logQuery
INFO: DB CACHE [ε | tlv_failure tlv_request /  tlv_failure -]
Aug 13, 2025 3:45:31 PM de.learnlib.logging.LearnLogger logQuery
INFO: DB CACHE [ε | tlv_failure tlv_failure /  tlv_failure -]
Aug 13, 2025 3:45:31 PM de.learnlib.logging.LearnLogger logQuery
INFO: DB CACHE [ε | tlv_failure success_request_all_zeros /  tlv_failure -]
Aug 13, 2025 3:45:31 PM de.learnlib.logging.LearnLogger logQuery
INFO: DB CACHE [ε | tlv_failure success_request_with_credentials /  tlv_failure -]
Aug 13, 2025 3:45:31 PM de.learnlib.logging.LearnLogger logQuery
INFO: DB CACHE [ε | tlv_failure success_and_cryptobinding /  tlv_failure -]
Aug 13, 2025 3:45:31 PM de.learnlib.logging.LearnLogger logQuery
INFO: DB CACHE [ε | tlv_failure cryptobinding /  tlv_failure -]
Aug 13, 2025 3:45:31 PM de.learnlib.logging.LearnLogger logQuery
INFO: DB CACHE [ε | tlv_failure eap_success /  tlv_failure -]
Aug 13, 2025 3:45:31 PM de.learnlib.logging.LearnLogger logQuery
INFO: DB CACHE [ε | tlv_failure 4_way_message_1 /  tlv_failure -]
Aug 13, 2025 3:45:32 PM de.learnlib.logging.LearnLogger logQuery
INFO: [ε | challenge_v0 success_request_with_credentials id_request_v0 id_request_v0 id_request_v0 / ε | challenge_response_v0 success_response_v0 id_response_v0 id_response_v0 id_response_v0]
Aug 13, 2025 3:45:32 PM de.learnlib.logging.LearnLogger logQuery
INFO: [ε | challenge_v0 success_request_with_credentials id_request_v0 id_request_v0 id_request_v0 tlv_request / ε | challenge_response_v0 success_response_v0 id_response_v0 id_response_v0 id_response_v0 tlv_success]
Aug 13, 2025 3:45:33 PM de.learnlib.logging.LearnLogger logQuery
INFO: [ε | challenge_v0 success_request_with_credentials id_request_v0 id_request_v0 id_request_v0 success_request_with_credentials / ε | challenge_response_v0 success_response_v0 id_response_v0 id_response_v0 id_response_v0 success_response_v0]
Aug 13, 2025 3:45:34 PM de.learnlib.logging.LearnLogger logQuery
INFO: [ε | challenge_v0 success_request_with_credentials id_request_v0 challenge_v0 id_request_v0 / ε | challenge_response_v0 success_response_v0 id_response_v0 challenge_response_v0 id_response_v0]
Aug 13, 2025 3:45:35 PM de.learnlib.logging.LearnLogger logQuery
INFO: [ε | challenge_v0 success_request_with_credentials id_request_v0 challenge_v0 id_request_v0 tlv_request / ε | challenge_response_v0 success_response_v0 id_response_v0 challenge_response_v0 id_response_v0 tlv_success]
Aug 13, 2025 3:45:36 PM de.learnlib.logging.LearnLogger logQuery
INFO: [ε | challenge_v0 success_request_with_credentials id_request_v0 challenge_v0 id_request_v0 success_request_with_credentials / ε | challenge_response_v0 success_response_v0 id_response_v0 challenge_response_v0 id_response_v0 success_response_v0]
Aug 13, 2025 3:45:37 PM de.learnlib.logging.LearnLogger logQuery
INFO: [ε | challenge_v0 success_request_with_credentials id_request_v0 tlv_request id_request_v0 / ε | challenge_response_v0 success_response_v0 id_response_v0 tlv_success no_reply]
Aug 13, 2025 3:45:38 PM de.learnlib.logging.LearnLogger logQuery
INFO: [ε | challenge_v0 success_request_with_credentials id_request_v0 success_request_with_credentials id_request_v0 / ε | challenge_response_v0 success_response_v0 id_response_v0 success_response_v0 id_response_v0]
Aug 13, 2025 3:45:39 PM de.learnlib.logging.LearnLogger logQuery
INFO: [ε | challenge_v0 success_request_with_credentials id_request_v0 success_request_with_credentials id_request_v0 tlv_request / ε | challenge_response_v0 success_response_v0 id_response_v0 success_response_v0 id_response_v0 tlv_success]
Aug 13, 2025 3:45:40 PM de.learnlib.logging.LearnLogger logQuery
INFO: [ε | challenge_v0 success_request_with_credentials id_request_v0 success_request_with_credentials id_request_v0 success_request_with_credentials / ε | challenge_response_v0 success_response_v0 id_response_v0 success_response_v0 id_response_v0 success_response_v0]
Aug 13, 2025 3:45:41 PM de.learnlib.logging.LearnLogger logQuery
INFO: [ε | challenge_v0 success_request_with_credentials id_request_v0 success_and_cryptobinding id_request_v0 / ε | challenge_response_v0 success_response_v0 id_response_v0 tlv_success_and_cryptobinding no_reply]
Aug 13, 2025 3:45:42 PM de.learnlib.logging.LearnLogger logQuery
INFO: [ε | challenge_v0 success_request_with_credentials id_request_v0 id_request_v0 challenge_v0 / ε | challenge_response_v0 success_response_v0 id_response_v0 id_response_v0 challenge_response_v0]
Aug 13, 2025 3:45:43 PM de.learnlib.logging.LearnLogger logQuery
INFO: [ε | challenge_v0 success_request_with_credentials id_request_v0 id_request_v0 challenge_v0 tlv_request / ε | challenge_response_v0 success_response_v0 id_response_v0 id_response_v0 challenge_response_v0 tlv_success]
Aug 13, 2025 3:45:44 PM de.learnlib.logging.LearnLogger logQuery
INFO: [ε | challenge_v0 success_request_with_credentials id_request_v0 id_request_v0 challenge_v0 success_request_with_credentials / ε | challenge_response_v0 success_response_v0 id_response_v0 id_response_v0 challenge_response_v0 success_response_v0]
Aug 13, 2025 3:45:45 PM de.learnlib.logging.LearnLogger logQuery
INFO: [ε | challenge_v0 success_request_with_credentials id_request_v0 challenge_v0 challenge_v0 / ε | challenge_response_v0 success_response_v0 id_response_v0 challenge_response_v0 challenge_response_v0]
Aug 13, 2025 3:45:45 PM de.learnlib.logging.LearnLogger logQuery
INFO: [ε | challenge_v0 success_request_with_credentials id_request_v0 challenge_v0 challenge_v0 tlv_request / ε | challenge_response_v0 success_response_v0 id_response_v0 challenge_response_v0 challenge_response_v0 tlv_success]
Aug 13, 2025 3:45:46 PM de.learnlib.logging.LearnLogger logQuery
INFO: [ε | challenge_v0 success_request_with_credentials id_request_v0 challenge_v0 challenge_v0 success_request_with_credentials / ε | challenge_response_v0 success_response_v0 id_response_v0 challenge_response_v0 challenge_response_v0 success_response_v0]
Aug 13, 2025 3:45:48 PM de.learnlib.logging.LearnLogger logQuery
INFO: [ε | challenge_v0 success_request_with_credentials id_request_v0 tlv_request challenge_v0 / ε | challenge_response_v0 success_response_v0 id_response_v0 tlv_success no_reply]
Aug 13, 2025 3:45:49 PM de.learnlib.logging.LearnLogger logQuery
INFO: [ε | challenge_v0 success_request_with_credentials id_request_v0 success_request_with_credentials challenge_v0 / ε | challenge_response_v0 success_response_v0 id_response_v0 success_response_v0 challenge_response_v0]
Aug 13, 2025 3:45:50 PM de.learnlib.logging.LearnLogger logQuery
INFO: [ε | challenge_v0 success_request_with_credentials id_request_v0 success_request_with_credentials challenge_v0 tlv_request / ε | challenge_response_v0 success_response_v0 id_response_v0 success_response_v0 challenge_response_v0 tlv_success]
Aug 13, 2025 3:45:50 PM de.learnlib.logging.LearnLogger logQuery
INFO: [ε | challenge_v0 success_request_with_credentials id_request_v0 success_request_with_credentials challenge_v0 success_request_with_credentials / ε | challenge_response_v0 success_response_v0 id_response_v0 success_response_v0 challenge_response_v0 success_response_v0]
Aug 13, 2025 3:45:52 PM de.learnlib.logging.LearnLogger logQuery
INFO: [ε | challenge_v0 success_request_with_credentials id_request_v0 success_and_cryptobinding challenge_v0 / ε | challenge_response_v0 success_response_v0 id_response_v0 tlv_success_and_cryptobinding no_reply]
Aug 13, 2025 3:45:53 PM de.learnlib.logging.LearnLogger logQuery
INFO: [ε | challenge_v0 success_request_with_credentials id_request_v0 id_request_v0 tlv_request tlv_request / ε | challenge_response_v0 success_response_v0 id_response_v0 id_response_v0 tlv_success no_reply]
Aug 13, 2025 3:45:55 PM de.learnlib.logging.LearnLogger logQuery
INFO: [ε | challenge_v0 success_request_with_credentials id_request_v0 id_request_v0 tlv_request success_request_with_credentials / ε | challenge_response_v0 success_response_v0 id_response_v0 id_response_v0 tlv_success no_reply]
Aug 13, 2025 3:45:56 PM de.learnlib.logging.LearnLogger logQuery
INFO: [ε | challenge_v0 success_request_with_credentials id_request_v0 challenge_v0 tlv_request tlv_request / ε | challenge_response_v0 success_response_v0 id_response_v0 challenge_response_v0 tlv_success no_reply]
Aug 13, 2025 3:45:58 PM de.learnlib.logging.LearnLogger logQuery
INFO: [ε | challenge_v0 success_request_with_credentials id_request_v0 challenge_v0 tlv_request success_request_with_credentials / ε | challenge_response_v0 success_response_v0 id_response_v0 challenge_response_v0 tlv_success no_reply]
Aug 13, 2025 3:45:59 PM de.learnlib.logging.LearnLogger logQuery
INFO: [ε | challenge_v0 success_request_with_credentials id_request_v0 success_request_with_credentials tlv_request tlv_request / ε | challenge_response_v0 success_response_v0 id_response_v0 success_response_v0 tlv_success no_reply]
Aug 13, 2025 3:46:01 PM de.learnlib.logging.LearnLogger logQuery
INFO: [ε | challenge_v0 success_request_with_credentials id_request_v0 success_request_with_credentials tlv_request success_request_with_credentials / ε | challenge_response_v0 success_response_v0 id_response_v0 success_response_v0 tlv_success no_reply]
Aug 13, 2025 3:46:02 PM de.learnlib.logging.LearnLogger logQuery
INFO: [ε | challenge_v0 success_request_with_credentials id_request_v0 id_request_v0 tlv_failure / ε | challenge_response_v0 success_response_v0 id_response_v0 id_response_v0 tlv_failure]
Aug 13, 2025 3:46:03 PM de.learnlib.logging.LearnLogger logQuery
INFO: [ε | challenge_v0 success_request_with_credentials id_request_v0 challenge_v0 tlv_failure / ε | challenge_response_v0 success_response_v0 id_response_v0 challenge_response_v0 tlv_failure]
Aug 13, 2025 3:46:05 PM de.learnlib.logging.LearnLogger logQuery
INFO: [ε | challenge_v0 success_request_with_credentials id_request_v0 tlv_request tlv_failure / ε | challenge_response_v0 success_response_v0 id_response_v0 tlv_success no_reply]
Aug 13, 2025 3:46:06 PM de.learnlib.logging.LearnLogger logQuery
INFO: [ε | challenge_v0 success_request_with_credentials id_request_v0 success_request_with_credentials tlv_failure / ε | challenge_response_v0 success_response_v0 id_response_v0 success_response_v0 tlv_failure]
Aug 13, 2025 3:46:07 PM de.learnlib.logging.LearnLogger logQuery
INFO: [ε | challenge_v0 success_request_with_credentials id_request_v0 success_and_cryptobinding tlv_failure / ε | challenge_response_v0 success_response_v0 id_response_v0 tlv_success_and_cryptobinding no_reply]
Aug 13, 2025 3:46:09 PM de.learnlib.logging.LearnLogger logQuery
INFO: [ε | challenge_v0 success_request_with_credentials id_request_v0 id_request_v0 success_request_all_zeros / ε | challenge_response_v0 success_response_v0 id_response_v0 id_response_v0 no_reply]
Aug 13, 2025 3:46:10 PM de.learnlib.logging.LearnLogger logQuery
INFO: [ε | challenge_v0 success_request_with_credentials id_request_v0 challenge_v0 success_request_all_zeros / ε | challenge_response_v0 success_response_v0 id_response_v0 challenge_response_v0 no_reply]
Aug 13, 2025 3:46:12 PM de.learnlib.logging.LearnLogger logQuery
INFO: [ε | challenge_v0 success_request_with_credentials id_request_v0 tlv_request success_request_all_zeros / ε | challenge_response_v0 success_response_v0 id_response_v0 tlv_success no_reply]
Aug 13, 2025 3:46:13 PM de.learnlib.logging.LearnLogger logQuery
INFO: [ε | challenge_v0 success_request_with_credentials id_request_v0 success_request_with_credentials success_request_all_zeros / ε | challenge_response_v0 success_response_v0 id_response_v0 success_response_v0 no_reply]
Aug 13, 2025 3:46:15 PM de.learnlib.logging.LearnLogger logQuery
INFO: [ε | challenge_v0 success_request_with_credentials id_request_v0 success_and_cryptobinding success_request_all_zeros / ε | challenge_response_v0 success_response_v0 id_response_v0 tlv_success_and_cryptobinding no_reply]
Aug 13, 2025 3:46:16 PM de.learnlib.logging.LearnLogger logQuery
INFO: [ε | challenge_v0 success_request_with_credentials id_request_v0 id_request_v0 success_request_with_credentials tlv_request / ε | challenge_response_v0 success_response_v0 id_response_v0 id_response_v0 success_response_v0 tlv_success]
Aug 13, 2025 3:46:16 PM de.learnlib.logging.LearnLogger logQuery
INFO: [ε | challenge_v0 success_request_with_credentials id_request_v0 id_request_v0 success_request_with_credentials success_request_with_credentials / ε | challenge_response_v0 success_response_v0 id_response_v0 id_response_v0 success_response_v0 success_response_v0]
Aug 13, 2025 3:46:17 PM de.learnlib.logging.LearnLogger logQuery
INFO: [ε | challenge_v0 success_request_with_credentials id_request_v0 challenge_v0 success_request_with_credentials tlv_request / ε | challenge_response_v0 success_response_v0 id_response_v0 challenge_response_v0 success_response_v0 tlv_success]
Aug 13, 2025 3:46:18 PM de.learnlib.logging.LearnLogger logQuery
INFO: [ε | challenge_v0 success_request_with_credentials id_request_v0 challenge_v0 success_request_with_credentials success_request_with_credentials / ε | challenge_response_v0 success_response_v0 id_response_v0 challenge_response_v0 success_response_v0 success_response_v0]
Aug 13, 2025 3:46:19 PM de.learnlib.logging.LearnLogger logQuery
INFO: [ε | challenge_v0 success_request_with_credentials id_request_v0 success_request_with_credentials success_request_with_credentials tlv_request / ε | challenge_response_v0 success_response_v0 id_response_v0 success_response_v0 success_response_v0 tlv_success]
Aug 13, 2025 3:46:20 PM de.learnlib.logging.LearnLogger logQuery
INFO: [ε | challenge_v0 success_request_with_credentials id_request_v0 success_request_with_credentials success_request_with_credentials success_request_with_credentials / ε | challenge_response_v0 success_response_v0 id_response_v0 success_response_v0 success_response_v0 success_response_v0]
Aug 13, 2025 3:46:21 PM de.learnlib.logging.LearnLogger logQuery
INFO: [ε | challenge_v0 success_request_with_credentials id_request_v0 id_request_v0 success_and_cryptobinding / ε | challenge_response_v0 success_response_v0 id_response_v0 id_response_v0 tlv_success_and_cryptobinding]
Aug 13, 2025 3:46:22 PM de.learnlib.logging.LearnLogger logQuery
INFO: [ε | challenge_v0 success_request_with_credentials id_request_v0 id_request_v0 success_and_cryptobinding tlv_request / ε | challenge_response_v0 success_response_v0 id_response_v0 id_response_v0 tlv_success_and_cryptobinding no_reply]
Aug 13, 2025 3:46:23 PM de.learnlib.logging.LearnLogger logQuery
INFO: [ε | challenge_v0 success_request_with_credentials id_request_v0 id_request_v0 success_and_cryptobinding success_request_with_credentials / ε | challenge_response_v0 success_response_v0 id_response_v0 id_response_v0 tlv_success_and_cryptobinding no_reply]
Aug 13, 2025 3:46:25 PM de.learnlib.logging.LearnLogger logQuery
INFO: [ε | challenge_v0 success_request_with_credentials id_request_v0 challenge_v0 success_and_cryptobinding / ε | challenge_response_v0 success_response_v0 id_response_v0 challenge_response_v0 tlv_success_and_cryptobinding]
Aug 13, 2025 3:46:26 PM de.learnlib.logging.LearnLogger logQuery
INFO: [ε | challenge_v0 success_request_with_credentials id_request_v0 challenge_v0 success_and_cryptobinding tlv_request / ε | challenge_response_v0 success_response_v0 id_response_v0 challenge_response_v0 tlv_success_and_cryptobinding no_reply]
Aug 13, 2025 3:46:27 PM de.learnlib.logging.LearnLogger logQuery
INFO: [ε | challenge_v0 success_request_with_credentials id_request_v0 challenge_v0 success_and_cryptobinding success_request_with_credentials / ε | challenge_response_v0 success_response_v0 id_response_v0 challenge_response_v0 tlv_success_and_cryptobinding no_reply]
Aug 13, 2025 3:46:29 PM de.learnlib.logging.LearnLogger logQuery
INFO: [ε | challenge_v0 success_request_with_credentials id_request_v0 tlv_request success_and_cryptobinding / ε | challenge_response_v0 success_response_v0 id_response_v0 tlv_success no_reply]
Aug 13, 2025 3:46:30 PM de.learnlib.logging.LearnLogger logQuery
INFO: [ε | challenge_v0 success_request_with_credentials id_request_v0 success_request_with_credentials success_and_cryptobinding / ε | challenge_response_v0 success_response_v0 id_response_v0 success_response_v0 tlv_success_and_cryptobinding]
Aug 13, 2025 3:46:31 PM de.learnlib.logging.LearnLogger logQuery
INFO: [ε | challenge_v0 success_request_with_credentials id_request_v0 success_request_with_credentials success_and_cryptobinding tlv_request / ε | challenge_response_v0 success_response_v0 id_response_v0 success_response_v0 tlv_success_and_cryptobinding no_reply]
Aug 13, 2025 3:46:33 PM de.learnlib.logging.LearnLogger logQuery
INFO: [ε | challenge_v0 success_request_with_credentials id_request_v0 success_request_with_credentials success_and_cryptobinding success_request_with_credentials / ε | challenge_response_v0 success_response_v0 id_response_v0 success_response_v0 tlv_success_and_cryptobinding no_reply]
Aug 13, 2025 3:46:34 PM de.learnlib.logging.LearnLogger logQuery
INFO: [ε | challenge_v0 success_request_with_credentials id_request_v0 success_and_cryptobinding success_and_cryptobinding / ε | challenge_response_v0 success_response_v0 id_response_v0 tlv_success_and_cryptobinding no_reply]
Aug 13, 2025 3:46:36 PM de.learnlib.logging.LearnLogger logQuery
INFO: [ε | challenge_v0 success_request_with_credentials id_request_v0 id_request_v0 cryptobinding / ε | challenge_response_v0 success_response_v0 id_response_v0 id_response_v0 no_reply]
Aug 13, 2025 3:46:37 PM de.learnlib.logging.LearnLogger logQuery
INFO: [ε | challenge_v0 success_request_with_credentials id_request_v0 challenge_v0 cryptobinding / ε | challenge_response_v0 success_response_v0 id_response_v0 challenge_response_v0 no_reply]
Aug 13, 2025 3:46:39 PM de.learnlib.logging.LearnLogger logQuery
INFO: [ε | challenge_v0 success_request_with_credentials id_request_v0 tlv_request cryptobinding / ε | challenge_response_v0 success_response_v0 id_response_v0 tlv_success no_reply]
Aug 13, 2025 3:46:40 PM de.learnlib.logging.LearnLogger logQuery
INFO: [ε | challenge_v0 success_request_with_credentials id_request_v0 success_request_with_credentials cryptobinding / ε | challenge_response_v0 success_response_v0 id_response_v0 success_response_v0 no_reply]
Aug 13, 2025 3:46:42 PM de.learnlib.logging.LearnLogger logQuery
INFO: [ε | challenge_v0 success_request_with_credentials id_request_v0 success_and_cryptobinding cryptobinding / ε | challenge_response_v0 success_response_v0 id_response_v0 tlv_success_and_cryptobinding no_reply]
Aug 13, 2025 3:46:43 PM de.learnlib.logging.LearnLogger logQuery
INFO: [ε | challenge_v0 success_request_with_credentials id_request_v0 id_request_v0 eap_success / ε | challenge_response_v0 success_response_v0 id_response_v0 id_response_v0 deauthentication]
Aug 13, 2025 3:46:44 PM de.learnlib.logging.LearnLogger logQuery
INFO: [ε | challenge_v0 success_request_with_credentials id_request_v0 challenge_v0 eap_success / ε | challenge_response_v0 success_response_v0 id_response_v0 challenge_response_v0 deauthentication]
Aug 13, 2025 3:46:45 PM de.learnlib.logging.LearnLogger logQuery
INFO: [ε | challenge_v0 success_request_with_credentials id_request_v0 tlv_request eap_success / ε | challenge_response_v0 success_response_v0 id_response_v0 tlv_success after_eap_success]
Aug 13, 2025 3:46:47 PM de.learnlib.logging.LearnLogger logQuery
INFO: [ε | challenge_v0 success_request_with_credentials id_request_v0 tlv_request eap_success tlv_request / ε | challenge_response_v0 success_response_v0 id_response_v0 tlv_success after_eap_success no_reply]
Aug 13, 2025 3:46:49 PM de.learnlib.logging.LearnLogger logQuery
INFO: [ε | challenge_v0 success_request_with_credentials id_request_v0 tlv_request eap_success success_request_with_credentials / ε | challenge_response_v0 success_response_v0 id_response_v0 tlv_success after_eap_success no_reply]
Aug 13, 2025 3:46:50 PM de.learnlib.logging.LearnLogger logQuery
INFO: [ε | challenge_v0 success_request_with_credentials id_request_v0 success_request_with_credentials eap_success / ε | challenge_response_v0 success_response_v0 id_response_v0 success_response_v0 deauthentication]
Aug 13, 2025 3:46:52 PM de.learnlib.logging.LearnLogger logQuery
INFO: [ε | challenge_v0 success_request_with_credentials id_request_v0 success_and_cryptobinding eap_success / ε | challenge_response_v0 success_response_v0 id_response_v0 tlv_success_and_cryptobinding after_eap_success]
Aug 13, 2025 3:46:54 PM de.learnlib.logging.LearnLogger logQuery
INFO: [ε | challenge_v0 success_request_with_credentials id_request_v0 success_and_cryptobinding eap_success tlv_request / ε | challenge_response_v0 success_response_v0 id_response_v0 tlv_success_and_cryptobinding after_eap_success no_reply]
Aug 13, 2025 3:46:56 PM de.learnlib.logging.LearnLogger logQuery
INFO: [ε | challenge_v0 success_request_with_credentials id_request_v0 success_and_cryptobinding eap_success success_request_with_credentials / ε | challenge_response_v0 success_response_v0 id_response_v0 tlv_success_and_cryptobinding after_eap_success no_reply]
Aug 13, 2025 3:46:57 PM de.learnlib.logging.LearnLogger logQuery
INFO: [ε | challenge_v0 success_request_with_credentials id_request_v0 id_request_v0 4_way_message_1 / ε | challenge_response_v0 success_response_v0 id_response_v0 id_response_v0 deauthentication]
Aug 13, 2025 3:46:58 PM de.learnlib.logging.LearnLogger logQuery
INFO: [ε | challenge_v0 success_request_with_credentials id_request_v0 challenge_v0 4_way_message_1 / ε | challenge_response_v0 success_response_v0 id_response_v0 challenge_response_v0 deauthentication]
Aug 13, 2025 3:46:59 PM de.learnlib.logging.LearnLogger logQuery
INFO: [ε | challenge_v0 success_request_with_credentials id_request_v0 tlv_request 4_way_message_1 / ε | challenge_response_v0 success_response_v0 id_response_v0 tlv_success 4_way_message_2]
Aug 13, 2025 3:47:00 PM de.learnlib.logging.LearnLogger logQuery
INFO: [ε | challenge_v0 success_request_with_credentials id_request_v0 success_request_with_credentials 4_way_message_1 / ε | challenge_response_v0 success_response_v0 id_response_v0 success_response_v0 deauthentication]
Aug 13, 2025 3:47:01 PM de.learnlib.logging.LearnLogger logQuery
INFO: [ε | challenge_v0 success_request_with_credentials id_request_v0 success_and_cryptobinding 4_way_message_1 / ε | challenge_response_v0 success_response_v0 id_response_v0 tlv_success_and_cryptobinding 4_way_message_2]
Aug 13, 2025 3:47:02 PM de.learnlib.logging.LearnLogger logQuery
INFO: [ε | challenge_v0 success_request_with_credentials challenge_v0 id_request_v0 id_request_v0 / ε | challenge_response_v0 success_response_v0 challenge_response_v0 id_response_v0 id_response_v0]
Aug 13, 2025 3:47:03 PM de.learnlib.logging.LearnLogger logQuery
INFO: [ε | challenge_v0 success_request_with_credentials challenge_v0 id_request_v0 id_request_v0 tlv_request / ε | challenge_response_v0 success_response_v0 challenge_response_v0 id_response_v0 id_response_v0 tlv_success]
Aug 13, 2025 3:47:04 PM de.learnlib.logging.LearnLogger logQuery
INFO: [ε | challenge_v0 success_request_with_credentials challenge_v0 id_request_v0 id_request_v0 success_request_with_credentials / ε | challenge_response_v0 success_response_v0 challenge_response_v0 id_response_v0 id_response_v0 success_response_v0]
Aug 13, 2025 3:47:05 PM de.learnlib.logging.LearnLogger logQuery
INFO: [ε | challenge_v0 success_request_with_credentials challenge_v0 challenge_v0 id_request_v0 / ε | challenge_response_v0 success_response_v0 challenge_response_v0 challenge_response_v0 id_response_v0]
Aug 13, 2025 3:47:06 PM de.learnlib.logging.LearnLogger logQuery
INFO: [ε | challenge_v0 success_request_with_credentials challenge_v0 challenge_v0 id_request_v0 tlv_request / ε | challenge_response_v0 success_response_v0 challenge_response_v0 challenge_response_v0 id_response_v0 tlv_success]
Aug 13, 2025 3:47:06 PM de.learnlib.logging.LearnLogger logQuery
INFO: [ε | challenge_v0 success_request_with_credentials challenge_v0 challenge_v0 id_request_v0 success_request_with_credentials / ε | challenge_response_v0 success_response_v0 challenge_response_v0 challenge_response_v0 id_response_v0 success_response_v0]
Aug 13, 2025 3:47:08 PM de.learnlib.logging.LearnLogger logQuery
INFO: [ε | challenge_v0 success_request_with_credentials challenge_v0 tlv_request id_request_v0 / ε | challenge_response_v0 success_response_v0 challenge_response_v0 tlv_success no_reply]
Aug 13, 2025 3:47:09 PM de.learnlib.logging.LearnLogger logQuery
INFO: [ε | challenge_v0 success_request_with_credentials challenge_v0 success_request_with_credentials id_request_v0 / ε | challenge_response_v0 success_response_v0 challenge_response_v0 success_response_v0 id_response_v0]
Aug 13, 2025 3:47:10 PM de.learnlib.logging.LearnLogger logQuery
INFO: [ε | challenge_v0 success_request_with_credentials challenge_v0 success_request_with_credentials id_request_v0 tlv_request / ε | challenge_response_v0 success_response_v0 challenge_response_v0 success_response_v0 id_response_v0 tlv_success]
Aug 13, 2025 3:47:10 PM de.learnlib.logging.LearnLogger logQuery
INFO: [ε | challenge_v0 success_request_with_credentials challenge_v0 success_request_with_credentials id_request_v0 success_request_with_credentials / ε | challenge_response_v0 success_response_v0 challenge_response_v0 success_response_v0 id_response_v0 success_response_v0]
Aug 13, 2025 3:47:12 PM de.learnlib.logging.LearnLogger logQuery
INFO: [ε | challenge_v0 success_request_with_credentials challenge_v0 success_and_cryptobinding id_request_v0 / ε | challenge_response_v0 success_response_v0 challenge_response_v0 tlv_success_and_cryptobinding no_reply]
Aug 13, 2025 3:47:13 PM de.learnlib.logging.LearnLogger logQuery
INFO: [ε | challenge_v0 success_request_with_credentials challenge_v0 id_request_v0 challenge_v0 / ε | challenge_response_v0 success_response_v0 challenge_response_v0 id_response_v0 challenge_response_v0]
Aug 13, 2025 3:47:14 PM de.learnlib.logging.LearnLogger logQuery
INFO: [ε | challenge_v0 success_request_with_credentials challenge_v0 id_request_v0 challenge_v0 tlv_request / ε | challenge_response_v0 success_response_v0 challenge_response_v0 id_response_v0 challenge_response_v0 tlv_success]
Aug 13, 2025 3:47:15 PM de.learnlib.logging.LearnLogger logQuery
INFO: [ε | challenge_v0 success_request_with_credentials challenge_v0 id_request_v0 challenge_v0 success_request_with_credentials / ε | challenge_response_v0 success_response_v0 challenge_response_v0 id_response_v0 challenge_response_v0 success_response_v0]
Aug 13, 2025 3:47:15 PM de.learnlib.logging.LearnLogger logQuery
INFO: [ε | challenge_v0 success_request_with_credentials challenge_v0 challenge_v0 challenge_v0 / ε | challenge_response_v0 success_response_v0 challenge_response_v0 challenge_response_v0 challenge_response_v0]
Aug 13, 2025 3:47:16 PM de.learnlib.logging.LearnLogger logQuery
INFO: [ε | challenge_v0 success_request_with_credentials challenge_v0 challenge_v0 challenge_v0 tlv_request / ε | challenge_response_v0 success_response_v0 challenge_response_v0 challenge_response_v0 challenge_response_v0 tlv_success]
Aug 13, 2025 3:47:17 PM de.learnlib.logging.LearnLogger logQuery
INFO: [ε | challenge_v0 success_request_with_credentials challenge_v0 challenge_v0 challenge_v0 success_request_with_credentials / ε | challenge_response_v0 success_response_v0 challenge_response_v0 challenge_response_v0 challenge_response_v0 success_response_v0]
Aug 13, 2025 3:47:18 PM de.learnlib.logging.LearnLogger logQuery
INFO: [ε | challenge_v0 success_request_with_credentials challenge_v0 tlv_request challenge_v0 / ε | challenge_response_v0 success_response_v0 challenge_response_v0 tlv_success no_reply]
Aug 13, 2025 3:47:19 PM de.learnlib.logging.LearnLogger logQuery
INFO: [ε | challenge_v0 success_request_with_credentials challenge_v0 success_request_with_credentials challenge_v0 / ε | challenge_response_v0 success_response_v0 challenge_response_v0 success_response_v0 challenge_response_v0]
Aug 13, 2025 3:47:20 PM de.learnlib.logging.LearnLogger logQuery
INFO: [ε | challenge_v0 success_request_with_credentials challenge_v0 success_request_with_credentials challenge_v0 tlv_request / ε | challenge_response_v0 success_response_v0 challenge_response_v0 success_response_v0 challenge_response_v0 tlv_success]
Aug 13, 2025 3:47:21 PM de.learnlib.logging.LearnLogger logQuery
INFO: [ε | challenge_v0 success_request_with_credentials challenge_v0 success_request_with_credentials challenge_v0 success_request_with_credentials / ε | challenge_response_v0 success_response_v0 challenge_response_v0 success_response_v0 challenge_response_v0 success_response_v0]
Aug 13, 2025 3:47:22 PM de.learnlib.logging.LearnLogger logQuery
INFO: [ε | challenge_v0 success_request_with_credentials challenge_v0 success_and_cryptobinding challenge_v0 / ε | challenge_response_v0 success_response_v0 challenge_response_v0 tlv_success_and_cryptobinding no_reply]
Aug 13, 2025 3:47:24 PM de.learnlib.logging.LearnLogger logQuery
INFO: [ε | challenge_v0 success_request_with_credentials challenge_v0 id_request_v0 tlv_request tlv_request / ε | challenge_response_v0 success_response_v0 challenge_response_v0 id_response_v0 tlv_success no_reply]
Aug 13, 2025 3:47:25 PM de.learnlib.logging.LearnLogger logQuery
INFO: [ε | challenge_v0 success_request_with_credentials challenge_v0 id_request_v0 tlv_request success_request_with_credentials / ε | challenge_response_v0 success_response_v0 challenge_response_v0 id_response_v0 tlv_success no_reply]
Aug 13, 2025 3:47:27 PM de.learnlib.logging.LearnLogger logQuery
INFO: [ε | challenge_v0 success_request_with_credentials challenge_v0 challenge_v0 tlv_request tlv_request / ε | challenge_response_v0 success_response_v0 challenge_response_v0 challenge_response_v0 tlv_success no_reply]
Aug 13, 2025 3:47:29 PM de.learnlib.logging.LearnLogger logQuery
INFO: [ε | challenge_v0 success_request_with_credentials challenge_v0 challenge_v0 tlv_request success_request_with_credentials / ε | challenge_response_v0 success_response_v0 challenge_response_v0 challenge_response_v0 tlv_success no_reply]
Aug 13, 2025 3:47:30 PM de.learnlib.logging.LearnLogger logQuery
INFO: [ε | challenge_v0 success_request_with_credentials challenge_v0 success_request_with_credentials tlv_request tlv_request / ε | challenge_response_v0 success_response_v0 challenge_response_v0 success_response_v0 tlv_success no_reply]
Aug 13, 2025 3:47:32 PM de.learnlib.logging.LearnLogger logQuery
INFO: [ε | challenge_v0 success_request_with_credentials challenge_v0 success_request_with_credentials tlv_request success_request_with_credentials / ε | challenge_response_v0 success_response_v0 challenge_response_v0 success_response_v0 tlv_success no_reply]
Aug 13, 2025 3:47:33 PM de.learnlib.logging.LearnLogger logQuery
INFO: [ε | challenge_v0 success_request_with_credentials challenge_v0 id_request_v0 tlv_failure / ε | challenge_response_v0 success_response_v0 challenge_response_v0 id_response_v0 tlv_failure]
Aug 13, 2025 3:47:34 PM de.learnlib.logging.LearnLogger logQuery
INFO: [ε | challenge_v0 success_request_with_credentials challenge_v0 challenge_v0 tlv_failure / ε | challenge_response_v0 success_response_v0 challenge_response_v0 challenge_response_v0 tlv_failure]
Aug 13, 2025 3:47:35 PM de.learnlib.logging.LearnLogger logQuery
INFO: [ε | challenge_v0 success_request_with_credentials challenge_v0 tlv_request tlv_failure / ε | challenge_response_v0 success_response_v0 challenge_response_v0 tlv_success no_reply]
Aug 13, 2025 3:47:36 PM de.learnlib.logging.LearnLogger logQuery
INFO: [ε | challenge_v0 success_request_with_credentials challenge_v0 success_request_with_credentials tlv_failure / ε | challenge_response_v0 success_response_v0 challenge_response_v0 success_response_v0 tlv_failure]
Aug 13, 2025 3:47:38 PM de.learnlib.logging.LearnLogger logQuery
INFO: [ε | challenge_v0 success_request_with_credentials challenge_v0 success_and_cryptobinding tlv_failure / ε | challenge_response_v0 success_response_v0 challenge_response_v0 tlv_success_and_cryptobinding no_reply]
Aug 13, 2025 3:47:39 PM de.learnlib.logging.LearnLogger logQuery
INFO: [ε | challenge_v0 success_request_with_credentials challenge_v0 id_request_v0 success_request_all_zeros / ε | challenge_response_v0 success_response_v0 challenge_response_v0 id_response_v0 no_reply]
Aug 13, 2025 3:47:41 PM de.learnlib.logging.LearnLogger logQuery
INFO: [ε | challenge_v0 success_request_with_credentials challenge_v0 challenge_v0 success_request_all_zeros / ε | challenge_response_v0 success_response_v0 challenge_response_v0 challenge_response_v0 no_reply]
Aug 13, 2025 3:47:42 PM de.learnlib.logging.LearnLogger logQuery
INFO: [ε | challenge_v0 success_request_with_credentials challenge_v0 tlv_request success_request_all_zeros / ε | challenge_response_v0 success_response_v0 challenge_response_v0 tlv_success no_reply]
Aug 13, 2025 3:47:44 PM de.learnlib.logging.LearnLogger logQuery
INFO: [ε | challenge_v0 success_request_with_credentials challenge_v0 success_request_with_credentials success_request_all_zeros / ε | challenge_response_v0 success_response_v0 challenge_response_v0 success_response_v0 no_reply]
Aug 13, 2025 3:47:45 PM de.learnlib.logging.LearnLogger logQuery
INFO: [ε | challenge_v0 success_request_with_credentials challenge_v0 success_and_cryptobinding success_request_all_zeros / ε | challenge_response_v0 success_response_v0 challenge_response_v0 tlv_success_and_cryptobinding no_reply]
Aug 13, 2025 3:47:46 PM de.learnlib.logging.LearnLogger logQuery
INFO: [ε | challenge_v0 success_request_with_credentials challenge_v0 id_request_v0 success_request_with_credentials tlv_request / ε | challenge_response_v0 success_response_v0 challenge_response_v0 id_response_v0 success_response_v0 tlv_success]
Aug 13, 2025 3:47:47 PM de.learnlib.logging.LearnLogger logQuery
INFO: [ε | challenge_v0 success_request_with_credentials challenge_v0 id_request_v0 success_request_with_credentials success_request_with_credentials / ε | challenge_response_v0 success_response_v0 challenge_response_v0 id_response_v0 success_response_v0 success_response_v0]
Aug 13, 2025 3:47:48 PM de.learnlib.logging.LearnLogger logQuery
INFO: [ε | challenge_v0 success_request_with_credentials challenge_v0 challenge_v0 success_request_with_credentials tlv_request / ε | challenge_response_v0 success_response_v0 challenge_response_v0 challenge_response_v0 success_response_v0 tlv_success]
Aug 13, 2025 3:47:49 PM de.learnlib.logging.LearnLogger logQuery
INFO: [ε | challenge_v0 success_request_with_credentials challenge_v0 challenge_v0 success_request_with_credentials success_request_with_credentials / ε | challenge_response_v0 success_response_v0 challenge_response_v0 challenge_response_v0 success_response_v0 success_response_v0]
Aug 13, 2025 3:47:50 PM de.learnlib.logging.LearnLogger logQuery
INFO: [ε | challenge_v0 success_request_with_credentials challenge_v0 success_request_with_credentials success_request_with_credentials tlv_request / ε | challenge_response_v0 success_response_v0 challenge_response_v0 success_response_v0 success_response_v0 tlv_success]
Aug 13, 2025 3:47:51 PM de.learnlib.logging.LearnLogger logQuery
INFO: [ε | challenge_v0 success_request_with_credentials challenge_v0 success_request_with_credentials success_request_with_credentials success_request_with_credentials / ε | challenge_response_v0 success_response_v0 challenge_response_v0 success_response_v0 success_response_v0 success_response_v0]
Aug 13, 2025 3:47:51 PM de.learnlib.logging.LearnLogger logQuery
INFO: [ε | challenge_v0 success_request_with_credentials challenge_v0 id_request_v0 success_and_cryptobinding / ε | challenge_response_v0 success_response_v0 challenge_response_v0 id_response_v0 tlv_success_and_cryptobinding]
Aug 13, 2025 3:47:53 PM de.learnlib.logging.LearnLogger logQuery
INFO: [ε | challenge_v0 success_request_with_credentials challenge_v0 id_request_v0 success_and_cryptobinding tlv_request / ε | challenge_response_v0 success_response_v0 challenge_response_v0 id_response_v0 tlv_success_and_cryptobinding no_reply]
Aug 13, 2025 3:47:54 PM de.learnlib.logging.LearnLogger logQuery
INFO: [ε | challenge_v0 success_request_with_credentials challenge_v0 id_request_v0 success_and_cryptobinding success_request_with_credentials / ε | challenge_response_v0 success_response_v0 challenge_response_v0 id_response_v0 tlv_success_and_cryptobinding no_reply]
Aug 13, 2025 3:47:55 PM de.learnlib.logging.LearnLogger logQuery
INFO: [ε | challenge_v0 success_request_with_credentials challenge_v0 challenge_v0 success_and_cryptobinding / ε | challenge_response_v0 success_response_v0 challenge_response_v0 challenge_response_v0 tlv_success_and_cryptobinding]
Aug 13, 2025 3:47:57 PM de.learnlib.logging.LearnLogger logQuery
INFO: [ε | challenge_v0 success_request_with_credentials challenge_v0 challenge_v0 success_and_cryptobinding tlv_request / ε | challenge_response_v0 success_response_v0 challenge_response_v0 challenge_response_v0 tlv_success_and_cryptobinding no_reply]
Aug 13, 2025 3:47:58 PM de.learnlib.logging.LearnLogger logQuery
INFO: [ε | challenge_v0 success_request_with_credentials challenge_v0 challenge_v0 success_and_cryptobinding success_request_with_credentials / ε | challenge_response_v0 success_response_v0 challenge_response_v0 challenge_response_v0 tlv_success_and_cryptobinding no_reply]
Aug 13, 2025 3:48:00 PM de.learnlib.logging.LearnLogger logQuery
INFO: [ε | challenge_v0 success_request_with_credentials challenge_v0 tlv_request success_and_cryptobinding / ε | challenge_response_v0 success_response_v0 challenge_response_v0 tlv_success no_reply]
Aug 13, 2025 3:48:01 PM de.learnlib.logging.LearnLogger logQuery
INFO: [ε | challenge_v0 success_request_with_credentials challenge_v0 success_request_with_credentials success_and_cryptobinding / ε | challenge_response_v0 success_response_v0 challenge_response_v0 success_response_v0 tlv_success_and_cryptobinding]
Aug 13, 2025 3:48:02 PM de.learnlib.logging.LearnLogger logQuery
INFO: [ε | challenge_v0 success_request_with_credentials challenge_v0 success_request_with_credentials success_and_cryptobinding tlv_request / ε | challenge_response_v0 success_response_v0 challenge_response_v0 success_response_v0 tlv_success_and_cryptobinding no_reply]
Aug 13, 2025 3:48:04 PM de.learnlib.logging.LearnLogger logQuery
INFO: [ε | challenge_v0 success_request_with_credentials challenge_v0 success_request_with_credentials success_and_cryptobinding success_request_with_credentials / ε | challenge_response_v0 success_response_v0 challenge_response_v0 success_response_v0 tlv_success_and_cryptobinding no_reply]
Aug 13, 2025 3:48:05 PM de.learnlib.logging.LearnLogger logQuery
INFO: [ε | challenge_v0 success_request_with_credentials challenge_v0 success_and_cryptobinding success_and_cryptobinding / ε | challenge_response_v0 success_response_v0 challenge_response_v0 tlv_success_and_cryptobinding no_reply]
Aug 13, 2025 3:48:07 PM de.learnlib.logging.LearnLogger logQuery
INFO: [ε | challenge_v0 success_request_with_credentials challenge_v0 id_request_v0 cryptobinding / ε | challenge_response_v0 success_response_v0 challenge_response_v0 id_response_v0 no_reply]
Aug 13, 2025 3:48:08 PM de.learnlib.logging.LearnLogger logQuery
INFO: [ε | challenge_v0 success_request_with_credentials challenge_v0 challenge_v0 cryptobinding / ε | challenge_response_v0 success_response_v0 challenge_response_v0 challenge_response_v0 no_reply]
Aug 13, 2025 3:48:10 PM de.learnlib.logging.LearnLogger logQuery
INFO: [ε | challenge_v0 success_request_with_credentials challenge_v0 tlv_request cryptobinding / ε | challenge_response_v0 success_response_v0 challenge_response_v0 tlv_success no_reply]
Aug 13, 2025 3:48:11 PM de.learnlib.logging.LearnLogger logQuery
INFO: [ε | challenge_v0 success_request_with_credentials challenge_v0 success_request_with_credentials cryptobinding / ε | challenge_response_v0 success_response_v0 challenge_response_v0 success_response_v0 no_reply]
Aug 13, 2025 3:48:13 PM de.learnlib.logging.LearnLogger logQuery
INFO: [ε | challenge_v0 success_request_with_credentials challenge_v0 success_and_cryptobinding cryptobinding / ε | challenge_response_v0 success_response_v0 challenge_response_v0 tlv_success_and_cryptobinding no_reply]
Aug 13, 2025 3:48:14 PM de.learnlib.logging.LearnLogger logQuery
INFO: [ε | challenge_v0 success_request_with_credentials challenge_v0 id_request_v0 eap_success / ε | challenge_response_v0 success_response_v0 challenge_response_v0 id_response_v0 deauthentication]
Aug 13, 2025 3:48:15 PM de.learnlib.logging.LearnLogger logQuery
INFO: [ε | challenge_v0 success_request_with_credentials challenge_v0 challenge_v0 eap_success / ε | challenge_response_v0 success_response_v0 challenge_response_v0 challenge_response_v0 deauthentication]
Aug 13, 2025 3:48:16 PM de.learnlib.logging.LearnLogger logQuery
INFO: [ε | challenge_v0 success_request_with_credentials challenge_v0 tlv_request eap_success / ε | challenge_response_v0 success_response_v0 challenge_response_v0 tlv_success after_eap_success]
Aug 13, 2025 3:48:18 PM de.learnlib.logging.LearnLogger logQuery
INFO: [ε | challenge_v0 success_request_with_credentials challenge_v0 tlv_request eap_success tlv_request / ε | challenge_response_v0 success_response_v0 challenge_response_v0 tlv_success after_eap_success no_reply]
Aug 13, 2025 3:48:20 PM de.learnlib.logging.LearnLogger logQuery
INFO: [ε | challenge_v0 success_request_with_credentials challenge_v0 tlv_request eap_success success_request_with_credentials / ε | challenge_response_v0 success_response_v0 challenge_response_v0 tlv_success after_eap_success no_reply]
Aug 13, 2025 3:48:21 PM de.learnlib.logging.LearnLogger logQuery
INFO: [ε | challenge_v0 success_request_with_credentials challenge_v0 success_request_with_credentials eap_success / ε | challenge_response_v0 success_response_v0 challenge_response_v0 success_response_v0 deauthentication]
Aug 13, 2025 3:48:23 PM de.learnlib.logging.LearnLogger logQuery
INFO: [ε | challenge_v0 success_request_with_credentials challenge_v0 success_and_cryptobinding eap_success / ε | challenge_response_v0 success_response_v0 challenge_response_v0 tlv_success_and_cryptobinding after_eap_success]
Aug 13, 2025 3:48:25 PM de.learnlib.logging.LearnLogger logQuery
INFO: [ε | challenge_v0 success_request_with_credentials challenge_v0 success_and_cryptobinding eap_success tlv_request / ε | challenge_response_v0 success_response_v0 challenge_response_v0 tlv_success_and_cryptobinding after_eap_success no_reply]
Aug 13, 2025 3:48:27 PM de.learnlib.logging.LearnLogger logQuery
INFO: [ε | challenge_v0 success_request_with_credentials challenge_v0 success_and_cryptobinding eap_success success_request_with_credentials / ε | challenge_response_v0 success_response_v0 challenge_response_v0 tlv_success_and_cryptobinding after_eap_success no_reply]
Aug 13, 2025 3:48:28 PM de.learnlib.logging.LearnLogger logQuery
INFO: [ε | challenge_v0 success_request_with_credentials challenge_v0 id_request_v0 4_way_message_1 / ε | challenge_response_v0 success_response_v0 challenge_response_v0 id_response_v0 deauthentication]
Aug 13, 2025 3:48:29 PM de.learnlib.logging.LearnLogger logQuery
INFO: [ε | challenge_v0 success_request_with_credentials challenge_v0 challenge_v0 4_way_message_1 / ε | challenge_response_v0 success_response_v0 challenge_response_v0 challenge_response_v0 deauthentication]
Aug 13, 2025 3:48:30 PM de.learnlib.logging.LearnLogger logQuery
INFO: [ε | challenge_v0 success_request_with_credentials challenge_v0 tlv_request 4_way_message_1 / ε | challenge_response_v0 success_response_v0 challenge_response_v0 tlv_success 4_way_message_2]
Aug 13, 2025 3:48:31 PM de.learnlib.logging.LearnLogger logQuery
INFO: [ε | challenge_v0 success_request_with_credentials challenge_v0 success_request_with_credentials 4_way_message_1 / ε | challenge_response_v0 success_response_v0 challenge_response_v0 success_response_v0 deauthentication]
Aug 13, 2025 3:48:32 PM de.learnlib.logging.LearnLogger logQuery
INFO: [ε | challenge_v0 success_request_with_credentials challenge_v0 success_and_cryptobinding 4_way_message_1 / ε | challenge_response_v0 success_response_v0 challenge_response_v0 tlv_success_and_cryptobinding 4_way_message_2]
Aug 13, 2025 3:48:34 PM de.learnlib.logging.LearnLogger logQuery
INFO: [ε | challenge_v0 success_request_with_credentials tlv_request eap_success id_request_v0 / ε | challenge_response_v0 success_response_v0 tlv_success after_eap_success no_reply]
Aug 13, 2025 3:48:36 PM de.learnlib.logging.LearnLogger logQuery
INFO: [ε | challenge_v0 success_request_with_credentials tlv_request eap_success challenge_v0 / ε | challenge_response_v0 success_response_v0 tlv_success after_eap_success no_reply]
Aug 13, 2025 3:48:38 PM de.learnlib.logging.LearnLogger logQuery
INFO: [ε | challenge_v0 success_request_with_credentials tlv_request eap_success tlv_failure / ε | challenge_response_v0 success_response_v0 tlv_success after_eap_success no_reply]
Aug 13, 2025 3:48:40 PM de.learnlib.logging.LearnLogger logQuery
INFO: [ε | challenge_v0 success_request_with_credentials tlv_request eap_success success_request_all_zeros / ε | challenge_response_v0 success_response_v0 tlv_success after_eap_success no_reply]
Aug 13, 2025 3:48:42 PM de.learnlib.logging.LearnLogger logQuery
INFO: [ε | challenge_v0 success_request_with_credentials tlv_request eap_success success_and_cryptobinding / ε | challenge_response_v0 success_response_v0 tlv_success after_eap_success no_reply]
Aug 13, 2025 3:48:44 PM de.learnlib.logging.LearnLogger logQuery
INFO: [ε | challenge_v0 success_request_with_credentials tlv_request eap_success cryptobinding / ε | challenge_response_v0 success_response_v0 tlv_success after_eap_success no_reply]
Aug 13, 2025 3:48:46 PM de.learnlib.logging.LearnLogger logQuery
INFO: [ε | challenge_v0 success_request_with_credentials tlv_request eap_success eap_success / ε | challenge_response_v0 success_response_v0 tlv_success after_eap_success after_eap_success]
Aug 13, 2025 3:48:49 PM de.learnlib.logging.LearnLogger logQuery
INFO: [ε | challenge_v0 success_request_with_credentials tlv_request eap_success eap_success tlv_request / ε | challenge_response_v0 success_response_v0 tlv_success after_eap_success after_eap_success no_reply]
Aug 13, 2025 3:48:51 PM de.learnlib.logging.LearnLogger logQuery
INFO: [ε | challenge_v0 success_request_with_credentials tlv_request eap_success eap_success success_request_with_credentials / ε | challenge_response_v0 success_response_v0 tlv_success after_eap_success after_eap_success no_reply]
Aug 13, 2025 3:48:53 PM de.learnlib.logging.LearnLogger logQuery
INFO: [ε | challenge_v0 success_request_with_credentials tlv_request eap_success 4_way_message_1 / ε | challenge_response_v0 success_response_v0 tlv_success after_eap_success 4_way_message_2]
Aug 13, 2025 3:48:54 PM de.learnlib.logging.LearnLogger logQuery
INFO: [ε | challenge_v0 success_request_with_credentials success_request_with_credentials id_request_v0 id_request_v0 / ε | challenge_response_v0 success_response_v0 success_response_v0 id_response_v0 id_response_v0]
Aug 13, 2025 3:48:55 PM de.learnlib.logging.LearnLogger logQuery
INFO: [ε | challenge_v0 success_request_with_credentials success_request_with_credentials id_request_v0 id_request_v0 tlv_request / ε | challenge_response_v0 success_response_v0 success_response_v0 id_response_v0 id_response_v0 tlv_success]
Aug 13, 2025 3:48:56 PM de.learnlib.logging.LearnLogger logQuery
INFO: [ε | challenge_v0 success_request_with_credentials success_request_with_credentials id_request_v0 id_request_v0 success_request_with_credentials / ε | challenge_response_v0 success_response_v0 success_response_v0 id_response_v0 id_response_v0 success_response_v0]
Aug 13, 2025 3:48:57 PM de.learnlib.logging.LearnLogger logQuery
INFO: [ε | challenge_v0 success_request_with_credentials success_request_with_credentials challenge_v0 id_request_v0 / ε | challenge_response_v0 success_response_v0 success_response_v0 challenge_response_v0 id_response_v0]
Aug 13, 2025 3:48:57 PM de.learnlib.logging.LearnLogger logQuery
INFO: [ε | challenge_v0 success_request_with_credentials success_request_with_credentials challenge_v0 id_request_v0 tlv_request / ε | challenge_response_v0 success_response_v0 success_response_v0 challenge_response_v0 id_response_v0 tlv_success]
Aug 13, 2025 3:48:58 PM de.learnlib.logging.LearnLogger logQuery
INFO: [ε | challenge_v0 success_request_with_credentials success_request_with_credentials challenge_v0 id_request_v0 success_request_with_credentials / ε | challenge_response_v0 success_response_v0 success_response_v0 challenge_response_v0 id_response_v0 success_response_v0]
Aug 13, 2025 3:49:00 PM de.learnlib.logging.LearnLogger logQuery
INFO: [ε | challenge_v0 success_request_with_credentials success_request_with_credentials tlv_request id_request_v0 / ε | challenge_response_v0 success_response_v0 success_response_v0 tlv_success no_reply]
Aug 13, 2025 3:49:01 PM de.learnlib.logging.LearnLogger logQuery
INFO: [ε | challenge_v0 success_request_with_credentials success_request_with_credentials success_request_with_credentials id_request_v0 / ε | challenge_response_v0 success_response_v0 success_response_v0 success_response_v0 id_response_v0]
Aug 13, 2025 3:49:01 PM de.learnlib.logging.LearnLogger logQuery
INFO: [ε | challenge_v0 success_request_with_credentials success_request_with_credentials success_request_with_credentials id_request_v0 tlv_request / ε | challenge_response_v0 success_response_v0 success_response_v0 success_response_v0 id_response_v0 tlv_success]
Aug 13, 2025 3:49:02 PM de.learnlib.logging.LearnLogger logQuery
INFO: [ε | challenge_v0 success_request_with_credentials success_request_with_credentials success_request_with_credentials id_request_v0 success_request_with_credentials / ε | challenge_response_v0 success_response_v0 success_response_v0 success_response_v0 id_response_v0 success_response_v0]
Aug 13, 2025 3:49:04 PM de.learnlib.logging.LearnLogger logQuery
INFO: [ε | challenge_v0 success_request_with_credentials success_request_with_credentials success_and_cryptobinding id_request_v0 / ε | challenge_response_v0 success_response_v0 success_response_v0 tlv_success_and_cryptobinding no_reply]
Aug 13, 2025 3:49:05 PM de.learnlib.logging.LearnLogger logQuery
INFO: [ε | challenge_v0 success_request_with_credentials success_request_with_credentials id_request_v0 challenge_v0 / ε | challenge_response_v0 success_response_v0 success_response_v0 id_response_v0 challenge_response_v0]
Aug 13, 2025 3:49:06 PM de.learnlib.logging.LearnLogger logQuery
INFO: [ε | challenge_v0 success_request_with_credentials success_request_with_credentials id_request_v0 challenge_v0 tlv_request / ε | challenge_response_v0 success_response_v0 success_response_v0 id_response_v0 challenge_response_v0 tlv_success]
Aug 13, 2025 3:49:06 PM de.learnlib.logging.LearnLogger logQuery
INFO: [ε | challenge_v0 success_request_with_credentials success_request_with_credentials id_request_v0 challenge_v0 success_request_with_credentials / ε | challenge_response_v0 success_response_v0 success_response_v0 id_response_v0 challenge_response_v0 success_response_v0]
Aug 13, 2025 3:49:07 PM de.learnlib.logging.LearnLogger logQuery
INFO: [ε | challenge_v0 success_request_with_credentials success_request_with_credentials challenge_v0 challenge_v0 / ε | challenge_response_v0 success_response_v0 success_response_v0 challenge_response_v0 challenge_response_v0]
Aug 13, 2025 3:49:08 PM de.learnlib.logging.LearnLogger logQuery
INFO: [ε | challenge_v0 success_request_with_credentials success_request_with_credentials challenge_v0 challenge_v0 tlv_request / ε | challenge_response_v0 success_response_v0 success_response_v0 challenge_response_v0 challenge_response_v0 tlv_success]
Aug 13, 2025 3:49:09 PM de.learnlib.logging.LearnLogger logQuery
INFO: [ε | challenge_v0 success_request_with_credentials success_request_with_credentials challenge_v0 challenge_v0 success_request_with_credentials / ε | challenge_response_v0 success_response_v0 success_response_v0 challenge_response_v0 challenge_response_v0 success_response_v0]
Aug 13, 2025 3:49:10 PM de.learnlib.logging.LearnLogger logQuery
INFO: [ε | challenge_v0 success_request_with_credentials success_request_with_credentials tlv_request challenge_v0 / ε | challenge_response_v0 success_response_v0 success_response_v0 tlv_success no_reply]
Aug 13, 2025 3:49:11 PM de.learnlib.logging.LearnLogger logQuery
INFO: [ε | challenge_v0 success_request_with_credentials success_request_with_credentials success_request_with_credentials challenge_v0 / ε | challenge_response_v0 success_response_v0 success_response_v0 success_response_v0 challenge_response_v0]
Aug 13, 2025 3:49:12 PM de.learnlib.logging.LearnLogger logQuery
INFO: [ε | challenge_v0 success_request_with_credentials success_request_with_credentials success_request_with_credentials challenge_v0 tlv_request / ε | challenge_response_v0 success_response_v0 success_response_v0 success_response_v0 challenge_response_v0 tlv_success]
Aug 13, 2025 3:49:13 PM de.learnlib.logging.LearnLogger logQuery
INFO: [ε | challenge_v0 success_request_with_credentials success_request_with_credentials success_request_with_credentials challenge_v0 success_request_with_credentials / ε | challenge_response_v0 success_response_v0 success_response_v0 success_response_v0 challenge_response_v0 success_response_v0]
Aug 13, 2025 3:49:14 PM de.learnlib.logging.LearnLogger logQuery
INFO: [ε | challenge_v0 success_request_with_credentials success_request_with_credentials success_and_cryptobinding challenge_v0 / ε | challenge_response_v0 success_response_v0 success_response_v0 tlv_success_and_cryptobinding no_reply]
Aug 13, 2025 3:49:16 PM de.learnlib.logging.LearnLogger logQuery
INFO: [ε | challenge_v0 success_request_with_credentials success_request_with_credentials id_request_v0 tlv_request tlv_request / ε | challenge_response_v0 success_response_v0 success_response_v0 id_response_v0 tlv_success no_reply]
Aug 13, 2025 3:49:17 PM de.learnlib.logging.LearnLogger logQuery
INFO: [ε | challenge_v0 success_request_with_credentials success_request_with_credentials id_request_v0 tlv_request success_request_with_credentials / ε | challenge_response_v0 success_response_v0 success_response_v0 id_response_v0 tlv_success no_reply]
Aug 13, 2025 3:49:19 PM de.learnlib.logging.LearnLogger logQuery
INFO: [ε | challenge_v0 success_request_with_credentials success_request_with_credentials challenge_v0 tlv_request tlv_request / ε | challenge_response_v0 success_response_v0 success_response_v0 challenge_response_v0 tlv_success no_reply]
Aug 13, 2025 3:49:20 PM de.learnlib.logging.LearnLogger logQuery
INFO: [ε | challenge_v0 success_request_with_credentials success_request_with_credentials challenge_v0 tlv_request success_request_with_credentials / ε | challenge_response_v0 success_response_v0 success_response_v0 challenge_response_v0 tlv_success no_reply]
Aug 13, 2025 3:49:22 PM de.learnlib.logging.LearnLogger logQuery
INFO: [ε | challenge_v0 success_request_with_credentials success_request_with_credentials success_request_with_credentials tlv_request tlv_request / ε | challenge_response_v0 success_response_v0 success_response_v0 success_response_v0 tlv_success no_reply]
Aug 13, 2025 3:49:23 PM de.learnlib.logging.LearnLogger logQuery
INFO: [ε | challenge_v0 success_request_with_credentials success_request_with_credentials success_request_with_credentials tlv_request success_request_with_credentials / ε | challenge_response_v0 success_response_v0 success_response_v0 success_response_v0 tlv_success no_reply]
Aug 13, 2025 3:49:24 PM de.learnlib.logging.LearnLogger logQuery
INFO: [ε | challenge_v0 success_request_with_credentials success_request_with_credentials id_request_v0 tlv_failure / ε | challenge_response_v0 success_response_v0 success_response_v0 id_response_v0 tlv_failure]
Aug 13, 2025 3:49:25 PM de.learnlib.logging.LearnLogger logQuery
INFO: [ε | challenge_v0 success_request_with_credentials success_request_with_credentials challenge_v0 tlv_failure / ε | challenge_response_v0 success_response_v0 success_response_v0 challenge_response_v0 tlv_failure]
Aug 13, 2025 3:49:27 PM de.learnlib.logging.LearnLogger logQuery
INFO: [ε | challenge_v0 success_request_with_credentials success_request_with_credentials tlv_request tlv_failure / ε | challenge_response_v0 success_response_v0 success_response_v0 tlv_success no_reply]
Aug 13, 2025 3:49:28 PM de.learnlib.logging.LearnLogger logQuery
INFO: [ε | challenge_v0 success_request_with_credentials success_request_with_credentials success_request_with_credentials tlv_failure / ε | challenge_response_v0 success_response_v0 success_response_v0 success_response_v0 tlv_failure]
Aug 13, 2025 3:49:29 PM de.learnlib.logging.LearnLogger logQuery
INFO: [ε | challenge_v0 success_request_with_credentials success_request_with_credentials success_and_cryptobinding tlv_failure / ε | challenge_response_v0 success_response_v0 success_response_v0 tlv_success_and_cryptobinding no_reply]
Aug 13, 2025 3:49:31 PM de.learnlib.logging.LearnLogger logQuery
INFO: [ε | challenge_v0 success_request_with_credentials success_request_with_credentials id_request_v0 success_request_all_zeros / ε | challenge_response_v0 success_response_v0 success_response_v0 id_response_v0 no_reply]
Aug 13, 2025 3:49:33 PM de.learnlib.logging.LearnLogger logQuery
INFO: [ε | challenge_v0 success_request_with_credentials success_request_with_credentials challenge_v0 success_request_all_zeros / ε | challenge_response_v0 success_response_v0 success_response_v0 challenge_response_v0 no_reply]
Aug 13, 2025 3:49:34 PM de.learnlib.logging.LearnLogger logQuery
INFO: [ε | challenge_v0 success_request_with_credentials success_request_with_credentials tlv_request success_request_all_zeros / ε | challenge_response_v0 success_response_v0 success_response_v0 tlv_success no_reply]
Aug 13, 2025 3:49:35 PM de.learnlib.logging.LearnLogger logQuery
INFO: [ε | challenge_v0 success_request_with_credentials success_request_with_credentials success_request_with_credentials success_request_all_zeros / ε | challenge_response_v0 success_response_v0 success_response_v0 success_response_v0 no_reply]
Aug 13, 2025 3:49:37 PM de.learnlib.logging.LearnLogger logQuery
INFO: [ε | challenge_v0 success_request_with_credentials success_request_with_credentials success_and_cryptobinding success_request_all_zeros / ε | challenge_response_v0 success_response_v0 success_response_v0 tlv_success_and_cryptobinding no_reply]
Aug 13, 2025 3:49:38 PM de.learnlib.logging.LearnLogger logQuery
INFO: [ε | challenge_v0 success_request_with_credentials success_request_with_credentials id_request_v0 success_request_with_credentials tlv_request / ε | challenge_response_v0 success_response_v0 success_response_v0 id_response_v0 success_response_v0 tlv_success]
Aug 13, 2025 3:49:39 PM de.learnlib.logging.LearnLogger logQuery
INFO: [ε | challenge_v0 success_request_with_credentials success_request_with_credentials id_request_v0 success_request_with_credentials success_request_with_credentials / ε | challenge_response_v0 success_response_v0 success_response_v0 id_response_v0 success_response_v0 success_response_v0]
Aug 13, 2025 3:49:40 PM de.learnlib.logging.LearnLogger logQuery
INFO: [ε | challenge_v0 success_request_with_credentials success_request_with_credentials challenge_v0 success_request_with_credentials tlv_request / ε | challenge_response_v0 success_response_v0 success_response_v0 challenge_response_v0 success_response_v0 tlv_success]
Aug 13, 2025 3:49:41 PM de.learnlib.logging.LearnLogger logQuery
INFO: [ε | challenge_v0 success_request_with_credentials success_request_with_credentials challenge_v0 success_request_with_credentials success_request_with_credentials / ε | challenge_response_v0 success_response_v0 success_response_v0 challenge_response_v0 success_response_v0 success_response_v0]
Aug 13, 2025 3:49:41 PM de.learnlib.logging.LearnLogger logQuery
INFO: [ε | challenge_v0 success_request_with_credentials success_request_with_credentials success_request_with_credentials success_request_with_credentials tlv_request / ε | challenge_response_v0 success_response_v0 success_response_v0 success_response_v0 success_response_v0 tlv_success]
Aug 13, 2025 3:49:42 PM de.learnlib.logging.LearnLogger logQuery
INFO: [ε | challenge_v0 success_request_with_credentials success_request_with_credentials success_request_with_credentials success_request_with_credentials success_request_with_credentials / ε | challenge_response_v0 success_response_v0 success_response_v0 success_response_v0 success_response_v0 success_response_v0]
Aug 13, 2025 3:49:43 PM de.learnlib.logging.LearnLogger logQuery
INFO: [ε | challenge_v0 success_request_with_credentials success_request_with_credentials id_request_v0 success_and_cryptobinding / ε | challenge_response_v0 success_response_v0 success_response_v0 id_response_v0 tlv_success_and_cryptobinding]
Aug 13, 2025 3:49:44 PM de.learnlib.logging.LearnLogger logQuery
INFO: [ε | challenge_v0 success_request_with_credentials success_request_with_credentials id_request_v0 success_and_cryptobinding tlv_request / ε | challenge_response_v0 success_response_v0 success_response_v0 id_response_v0 tlv_success_and_cryptobinding no_reply]
Aug 13, 2025 3:49:46 PM de.learnlib.logging.LearnLogger logQuery
INFO: [ε | challenge_v0 success_request_with_credentials success_request_with_credentials id_request_v0 success_and_cryptobinding success_request_with_credentials / ε | challenge_response_v0 success_response_v0 success_response_v0 id_response_v0 tlv_success_and_cryptobinding no_reply]
Aug 13, 2025 3:49:47 PM de.learnlib.logging.LearnLogger logQuery
INFO: [ε | challenge_v0 success_request_with_credentials success_request_with_credentials challenge_v0 success_and_cryptobinding / ε | challenge_response_v0 success_response_v0 success_response_v0 challenge_response_v0 tlv_success_and_cryptobinding]
Aug 13, 2025 3:49:48 PM de.learnlib.logging.LearnLogger logQuery
INFO: [ε | challenge_v0 success_request_with_credentials success_request_with_credentials challenge_v0 success_and_cryptobinding tlv_request / ε | challenge_response_v0 success_response_v0 success_response_v0 challenge_response_v0 tlv_success_and_cryptobinding no_reply]
Aug 13, 2025 3:49:50 PM de.learnlib.logging.LearnLogger logQuery
INFO: [ε | challenge_v0 success_request_with_credentials success_request_with_credentials challenge_v0 success_and_cryptobinding success_request_with_credentials / ε | challenge_response_v0 success_response_v0 success_response_v0 challenge_response_v0 tlv_success_and_cryptobinding no_reply]
Aug 13, 2025 3:49:51 PM de.learnlib.logging.LearnLogger logQuery
INFO: [ε | challenge_v0 success_request_with_credentials success_request_with_credentials tlv_request success_and_cryptobinding / ε | challenge_response_v0 success_response_v0 success_response_v0 tlv_success no_reply]
Aug 13, 2025 3:49:52 PM de.learnlib.logging.LearnLogger logQuery
INFO: [ε | challenge_v0 success_request_with_credentials success_request_with_credentials success_request_with_credentials success_and_cryptobinding / ε | challenge_response_v0 success_response_v0 success_response_v0 success_response_v0 tlv_success_and_cryptobinding]
Aug 13, 2025 3:49:54 PM de.learnlib.logging.LearnLogger logQuery
INFO: [ε | challenge_v0 success_request_with_credentials success_request_with_credentials success_request_with_credentials success_and_cryptobinding tlv_request / ε | challenge_response_v0 success_response_v0 success_response_v0 success_response_v0 tlv_success_and_cryptobinding no_reply]
Aug 13, 2025 3:49:55 PM de.learnlib.logging.LearnLogger logQuery
INFO: [ε | challenge_v0 success_request_with_credentials success_request_with_credentials success_request_with_credentials success_and_cryptobinding success_request_with_credentials / ε | challenge_response_v0 success_response_v0 success_response_v0 success_response_v0 tlv_success_and_cryptobinding no_reply]
Aug 13, 2025 3:49:57 PM de.learnlib.logging.LearnLogger logQuery
INFO: [ε | challenge_v0 success_request_with_credentials success_request_with_credentials success_and_cryptobinding success_and_cryptobinding / ε | challenge_response_v0 success_response_v0 success_response_v0 tlv_success_and_cryptobinding no_reply]
Aug 13, 2025 3:49:58 PM de.learnlib.logging.LearnLogger logQuery
INFO: [ε | challenge_v0 success_request_with_credentials success_request_with_credentials id_request_v0 cryptobinding / ε | challenge_response_v0 success_response_v0 success_response_v0 id_response_v0 no_reply]
Aug 13, 2025 3:50:00 PM de.learnlib.logging.LearnLogger logQuery
INFO: [ε | challenge_v0 success_request_with_credentials success_request_with_credentials challenge_v0 cryptobinding / ε | challenge_response_v0 success_response_v0 success_response_v0 challenge_response_v0 no_reply]
Aug 13, 2025 3:50:01 PM de.learnlib.logging.LearnLogger logQuery
INFO: [ε | challenge_v0 success_request_with_credentials success_request_with_credentials tlv_request cryptobinding / ε | challenge_response_v0 success_response_v0 success_response_v0 tlv_success no_reply]
Aug 13, 2025 3:50:03 PM de.learnlib.logging.LearnLogger logQuery
INFO: [ε | challenge_v0 success_request_with_credentials success_request_with_credentials success_request_with_credentials cryptobinding / ε | challenge_response_v0 success_response_v0 success_response_v0 success_response_v0 no_reply]
Aug 13, 2025 3:50:04 PM de.learnlib.logging.LearnLogger logQuery
INFO: [ε | challenge_v0 success_request_with_credentials success_request_with_credentials success_and_cryptobinding cryptobinding / ε | challenge_response_v0 success_response_v0 success_response_v0 tlv_success_and_cryptobinding no_reply]
Aug 13, 2025 3:50:05 PM de.learnlib.logging.LearnLogger logQuery
INFO: [ε | challenge_v0 success_request_with_credentials success_request_with_credentials id_request_v0 eap_success / ε | challenge_response_v0 success_response_v0 success_response_v0 id_response_v0 deauthentication]
Aug 13, 2025 3:50:06 PM de.learnlib.logging.LearnLogger logQuery
INFO: [ε | challenge_v0 success_request_with_credentials success_request_with_credentials challenge_v0 eap_success / ε | challenge_response_v0 success_response_v0 success_response_v0 challenge_response_v0 deauthentication]
Aug 13, 2025 3:50:08 PM de.learnlib.logging.LearnLogger logQuery
INFO: [ε | challenge_v0 success_request_with_credentials success_request_with_credentials tlv_request eap_success / ε | challenge_response_v0 success_response_v0 success_response_v0 tlv_success after_eap_success]
Aug 13, 2025 3:50:10 PM de.learnlib.logging.LearnLogger logQuery
INFO: [ε | challenge_v0 success_request_with_credentials success_request_with_credentials tlv_request eap_success tlv_request / ε | challenge_response_v0 success_response_v0 success_response_v0 tlv_success after_eap_success no_reply]
Aug 13, 2025 3:50:12 PM de.learnlib.logging.LearnLogger logQuery
INFO: [ε | challenge_v0 success_request_with_credentials success_request_with_credentials tlv_request eap_success success_request_with_credentials / ε | challenge_response_v0 success_response_v0 success_response_v0 tlv_success after_eap_success no_reply]
Aug 13, 2025 3:50:13 PM de.learnlib.logging.LearnLogger logQuery
INFO: [ε | challenge_v0 success_request_with_credentials success_request_with_credentials success_request_with_credentials eap_success / ε | challenge_response_v0 success_response_v0 success_response_v0 success_response_v0 deauthentication]
Aug 13, 2025 3:50:14 PM de.learnlib.logging.LearnLogger logQuery
INFO: [ε | challenge_v0 success_request_with_credentials success_request_with_credentials success_and_cryptobinding eap_success / ε | challenge_response_v0 success_response_v0 success_response_v0 tlv_success_and_cryptobinding after_eap_success]
Aug 13, 2025 3:50:16 PM de.learnlib.logging.LearnLogger logQuery
INFO: [ε | challenge_v0 success_request_with_credentials success_request_with_credentials success_and_cryptobinding eap_success tlv_request / ε | challenge_response_v0 success_response_v0 success_response_v0 tlv_success_and_cryptobinding after_eap_success no_reply]
Aug 13, 2025 3:50:18 PM de.learnlib.logging.LearnLogger logQuery
INFO: [ε | challenge_v0 success_request_with_credentials success_request_with_credentials success_and_cryptobinding eap_success success_request_with_credentials / ε | challenge_response_v0 success_response_v0 success_response_v0 tlv_success_and_cryptobinding after_eap_success no_reply]
Aug 13, 2025 3:50:19 PM de.learnlib.logging.LearnLogger logQuery
INFO: [ε | challenge_v0 success_request_with_credentials success_request_with_credentials id_request_v0 4_way_message_1 / ε | challenge_response_v0 success_response_v0 success_response_v0 id_response_v0 deauthentication]
Aug 13, 2025 3:50:21 PM de.learnlib.logging.LearnLogger logQuery
INFO: [ε | challenge_v0 success_request_with_credentials success_request_with_credentials challenge_v0 4_way_message_1 / ε | challenge_response_v0 success_response_v0 success_response_v0 challenge_response_v0 deauthentication]
Aug 13, 2025 3:50:22 PM de.learnlib.logging.LearnLogger logQuery
INFO: [ε | challenge_v0 success_request_with_credentials success_request_with_credentials tlv_request 4_way_message_1 / ε | challenge_response_v0 success_response_v0 success_response_v0 tlv_success 4_way_message_2]
Aug 13, 2025 3:50:23 PM de.learnlib.logging.LearnLogger logQuery
INFO: [ε | challenge_v0 success_request_with_credentials success_request_with_credentials success_request_with_credentials 4_way_message_1 / ε | challenge_response_v0 success_response_v0 success_response_v0 success_response_v0 deauthentication]
Aug 13, 2025 3:50:25 PM de.learnlib.logging.LearnLogger logQuery
INFO: [ε | challenge_v0 success_request_with_credentials success_request_with_credentials success_and_cryptobinding 4_way_message_1 / ε | challenge_response_v0 success_response_v0 success_response_v0 tlv_success_and_cryptobinding 4_way_message_2]
Aug 13, 2025 3:50:27 PM de.learnlib.logging.LearnLogger logQuery
INFO: [ε | challenge_v0 success_request_with_credentials success_and_cryptobinding eap_success id_request_v0 / ε | challenge_response_v0 success_response_v0 tlv_success_and_cryptobinding after_eap_success no_reply]
Aug 13, 2025 3:50:29 PM de.learnlib.logging.LearnLogger logQuery
INFO: [ε | challenge_v0 success_request_with_credentials success_and_cryptobinding eap_success challenge_v0 / ε | challenge_response_v0 success_response_v0 tlv_success_and_cryptobinding after_eap_success no_reply]
Aug 13, 2025 3:50:31 PM de.learnlib.logging.LearnLogger logQuery
INFO: [ε | challenge_v0 success_request_with_credentials success_and_cryptobinding eap_success tlv_failure / ε | challenge_response_v0 success_response_v0 tlv_success_and_cryptobinding after_eap_success no_reply]
Aug 13, 2025 3:50:33 PM de.learnlib.logging.LearnLogger logQuery
INFO: [ε | challenge_v0 success_request_with_credentials success_and_cryptobinding eap_success success_request_all_zeros / ε | challenge_response_v0 success_response_v0 tlv_success_and_cryptobinding after_eap_success no_reply]
Aug 13, 2025 3:50:35 PM de.learnlib.logging.LearnLogger logQuery
INFO: [ε | challenge_v0 success_request_with_credentials success_and_cryptobinding eap_success success_and_cryptobinding / ε | challenge_response_v0 success_response_v0 tlv_success_and_cryptobinding after_eap_success no_reply]
Aug 13, 2025 3:50:37 PM de.learnlib.logging.LearnLogger logQuery
INFO: [ε | challenge_v0 success_request_with_credentials success_and_cryptobinding eap_success cryptobinding / ε | challenge_response_v0 success_response_v0 tlv_success_and_cryptobinding after_eap_success no_reply]
Aug 13, 2025 3:50:39 PM de.learnlib.logging.LearnLogger logQuery
INFO: [ε | challenge_v0 success_request_with_credentials success_and_cryptobinding eap_success eap_success / ε | challenge_response_v0 success_response_v0 tlv_success_and_cryptobinding after_eap_success after_eap_success]
Aug 13, 2025 3:50:41 PM de.learnlib.logging.LearnLogger logQuery
INFO: [ε | challenge_v0 success_request_with_credentials success_and_cryptobinding eap_success eap_success tlv_request / ε | challenge_response_v0 success_response_v0 tlv_success_and_cryptobinding after_eap_success after_eap_success no_reply]
Aug 13, 2025 3:50:44 PM de.learnlib.logging.LearnLogger logQuery
INFO: [ε | challenge_v0 success_request_with_credentials success_and_cryptobinding eap_success eap_success success_request_with_credentials / ε | challenge_response_v0 success_response_v0 tlv_success_and_cryptobinding after_eap_success after_eap_success no_reply]
Aug 13, 2025 3:50:46 PM de.learnlib.logging.LearnLogger logQuery
INFO: [ε | challenge_v0 success_request_with_credentials success_and_cryptobinding eap_success 4_way_message_1 / ε | challenge_response_v0 success_response_v0 tlv_success_and_cryptobinding after_eap_success 4_way_message_2]
