Dec 18, 2025 1:11:42 PM de.learnlib.logging.LearnLogger logQuery
INFO: DB CACHE [ε | id_request_v0 /  id_response_v0]
Dec 18, 2025 1:11:42 PM de.learnlib.logging.LearnLogger logQuery
INFO: DB CACHE [ε | id_request_v0 success_request_with_credentials /  id_response_v0 no_reply]
Dec 18, 2025 1:11:42 PM de.learnlib.logging.LearnLogger logQuery
INFO: DB CACHE [ε | id_request_v0 id_request_v0 /  id_response_v0 id_response_v0]
Dec 18, 2025 1:11:42 PM de.learnlib.logging.LearnLogger logQuery
INFO: DB CACHE [ε | id_request_v0 eap_success /  id_response_v0 deauthentication]
Dec 18, 2025 1:11:42 PM de.learnlib.logging.LearnLogger logQuery
INFO: DB CACHE [ε | challenge_v0 /  challenge_response_v0]
Dec 18, 2025 1:11:42 PM de.learnlib.logging.LearnLogger logQuery
INFO: DB CACHE [ε | challenge_v0 success_request_with_credentials /  challenge_response_v0 success_response_v0]
Dec 18, 2025 1:11:42 PM de.learnlib.logging.LearnLogger logQuery
INFO: DB CACHE [ε | challenge_v0 id_request_v0 /  challenge_response_v0 id_response_v0]
Dec 18, 2025 1:11:42 PM de.learnlib.logging.LearnLogger logQuery
INFO: DB CACHE [ε | challenge_v0 eap_success /  challenge_response_v0 deauthentication]
Dec 18, 2025 1:11:42 PM de.learnlib.logging.LearnLogger logQuery
INFO: DB CACHE [ε | tlv_request /  tlv_failure]
Dec 18, 2025 1:11:42 PM de.learnlib.logging.LearnLogger logQuery
INFO: DB CACHE [ε | tlv_failure /  tlv_failure]
Dec 18, 2025 1:11:42 PM de.learnlib.logging.LearnLogger logQuery
INFO: DB CACHE [ε | success_request_all_zeros /  no_reply]
Dec 18, 2025 1:11:42 PM de.learnlib.logging.LearnLogger logQuery
INFO: DB CACHE [ε | success_request_with_credentials /  no_reply]
Dec 18, 2025 1:11:42 PM de.learnlib.logging.LearnLogger logQuery
INFO: DB CACHE [ε | success_and_cryptobinding /  tlv_cryptobinding]
Dec 18, 2025 1:11:42 PM de.learnlib.logging.LearnLogger logQuery
INFO: DB CACHE [ε | success_and_cryptobinding success_request_with_credentials /  tlv_cryptobinding no_reply]
Dec 18, 2025 1:11:42 PM de.learnlib.logging.LearnLogger logQuery
INFO: DB CACHE [ε | success_and_cryptobinding id_request_v0 /  tlv_cryptobinding no_reply]
Dec 18, 2025 1:11:42 PM de.learnlib.logging.LearnLogger logQuery
INFO: DB CACHE [ε | success_and_cryptobinding eap_success /  tlv_cryptobinding deauthentication]
Dec 18, 2025 1:11:42 PM de.learnlib.logging.LearnLogger logQuery
INFO: DB CACHE [ε | cryptobinding /  no_reply]
Dec 18, 2025 1:11:42 PM de.learnlib.logging.LearnLogger logQuery
INFO: DB CACHE [ε | eap_success /  deauthentication]
Dec 18, 2025 1:11:42 PM de.learnlib.logging.LearnLogger logQuery
INFO: DB CACHE [ε | 4_way_message_1 /  deauthentication]
Dec 18, 2025 1:11:43 PM de.learnlib.logging.LearnLogger logQuery
INFO: [ε | id_request_v0 id_request_v0 success_request_with_credentials / ε | id_response_v0 id_response_v0 no_reply]
Dec 18, 2025 1:11:45 PM de.learnlib.logging.LearnLogger logQuery
INFO: [ε | id_request_v0 id_request_v0 id_request_v0 / ε | id_response_v0 id_response_v0 id_response_v0]
Dec 18, 2025 1:11:46 PM de.learnlib.logging.LearnLogger logQuery
INFO: [ε | id_request_v0 id_request_v0 eap_success / ε | id_response_v0 id_response_v0 deauthentication]
Dec 18, 2025 1:11:46 PM de.learnlib.logging.LearnLogger logQuery
INFO: DB CACHE [ε | challenge_v0 id_request_v0 success_request_with_credentials /  challenge_response_v0 id_response_v0 success_response_v0]
Dec 18, 2025 1:11:46 PM de.learnlib.logging.LearnLogger logQuery
INFO: DB CACHE [ε | challenge_v0 id_request_v0 id_request_v0 /  challenge_response_v0 id_response_v0 id_response_v0]
Dec 18, 2025 1:11:46 PM de.learnlib.logging.LearnLogger logQuery
INFO: DB CACHE [ε | challenge_v0 id_request_v0 eap_success /  challenge_response_v0 id_response_v0 deauthentication]
Dec 18, 2025 1:11:46 PM de.learnlib.logging.LearnLogger logQuery
INFO: DB CACHE [ε | id_request_v0 challenge_v0 /  id_response_v0 challenge_response_v0]
Dec 18, 2025 1:11:47 PM de.learnlib.logging.LearnLogger logQuery
INFO: [ε | id_request_v0 challenge_v0 success_request_with_credentials / ε | id_response_v0 challenge_response_v0 success_response_v0]
Dec 18, 2025 1:11:49 PM de.learnlib.logging.LearnLogger logQuery
INFO: [ε | id_request_v0 challenge_v0 id_request_v0 / ε | id_response_v0 challenge_response_v0 id_response_v0]
Dec 18, 2025 1:11:50 PM de.learnlib.logging.LearnLogger logQuery
INFO: [ε | id_request_v0 challenge_v0 eap_success / ε | id_response_v0 challenge_response_v0 deauthentication]
Dec 18, 2025 1:11:50 PM de.learnlib.logging.LearnLogger logQuery
INFO: DB CACHE [ε | challenge_v0 challenge_v0 /  challenge_response_v0 challenge_response_v0]
Dec 18, 2025 1:11:50 PM de.learnlib.logging.LearnLogger logQuery
INFO: DB CACHE [ε | challenge_v0 challenge_v0 success_request_with_credentials /  challenge_response_v0 challenge_response_v0 success_response_v0]
Dec 18, 2025 1:11:50 PM de.learnlib.logging.LearnLogger logQuery
INFO: DB CACHE [ε | challenge_v0 challenge_v0 id_request_v0 /  challenge_response_v0 challenge_response_v0 id_response_v0]
Dec 18, 2025 1:11:50 PM de.learnlib.logging.LearnLogger logQuery
INFO: DB CACHE [ε | challenge_v0 challenge_v0 eap_success /  challenge_response_v0 challenge_response_v0 deauthentication]
Dec 18, 2025 1:11:50 PM de.learnlib.logging.LearnLogger logQuery
INFO: DB CACHE [ε | success_and_cryptobinding challenge_v0 /  tlv_cryptobinding no_reply]
Dec 18, 2025 1:11:50 PM de.learnlib.logging.LearnLogger logQuery
INFO: DB CACHE [ε | id_request_v0 tlv_request /  id_response_v0 tlv_failure]
Dec 18, 2025 1:11:50 PM de.learnlib.logging.LearnLogger logQuery
INFO: DB CACHE [ε | challenge_v0 tlv_request /  challenge_response_v0 tlv_failure]
Dec 18, 2025 1:11:50 PM de.learnlib.logging.LearnLogger logQuery
INFO: DB CACHE [ε | success_and_cryptobinding tlv_request /  tlv_cryptobinding no_reply]
Dec 18, 2025 1:11:50 PM de.learnlib.logging.LearnLogger logQuery
INFO: DB CACHE [ε | id_request_v0 tlv_failure /  id_response_v0 tlv_failure]
Dec 18, 2025 1:11:50 PM de.learnlib.logging.LearnLogger logQuery
INFO: DB CACHE [ε | challenge_v0 tlv_failure /  challenge_response_v0 tlv_failure]
Dec 18, 2025 1:11:50 PM de.learnlib.logging.LearnLogger logQuery
INFO: DB CACHE [ε | success_and_cryptobinding tlv_failure /  tlv_cryptobinding no_reply]
Dec 18, 2025 1:11:50 PM de.learnlib.logging.LearnLogger logQuery
INFO: DB CACHE [ε | id_request_v0 success_request_all_zeros /  id_response_v0 no_reply]
Dec 18, 2025 1:11:50 PM de.learnlib.logging.LearnLogger logQuery
INFO: DB CACHE [ε | challenge_v0 success_request_all_zeros /  challenge_response_v0 no_reply]
Dec 18, 2025 1:11:50 PM de.learnlib.logging.LearnLogger logQuery
INFO: DB CACHE [ε | success_and_cryptobinding success_request_all_zeros /  tlv_cryptobinding no_reply]
Dec 18, 2025 1:11:50 PM de.learnlib.logging.LearnLogger logQuery
INFO: DB CACHE [ε | challenge_v0 success_request_with_credentials success_request_with_credentials /  challenge_response_v0 success_response_v0 success_response_v0]
Dec 18, 2025 1:11:50 PM de.learnlib.logging.LearnLogger logQuery
INFO: DB CACHE [ε | challenge_v0 success_request_with_credentials id_request_v0 /  challenge_response_v0 success_response_v0 id_response_v0]
Dec 18, 2025 1:11:50 PM de.learnlib.logging.LearnLogger logQuery
INFO: DB CACHE [ε | challenge_v0 success_request_with_credentials eap_success /  challenge_response_v0 success_response_v0 deauthentication]
Dec 18, 2025 1:11:50 PM de.learnlib.logging.LearnLogger logQuery
INFO: DB CACHE [ε | id_request_v0 success_and_cryptobinding /  id_response_v0 tlv_cryptobinding]
Dec 18, 2025 1:11:52 PM de.learnlib.logging.LearnLogger logQuery
INFO: [ε | id_request_v0 success_and_cryptobinding success_request_with_credentials / ε | id_response_v0 tlv_cryptobinding no_reply]
Dec 18, 2025 1:11:53 PM de.learnlib.logging.LearnLogger logQuery
INFO: [ε | id_request_v0 success_and_cryptobinding id_request_v0 / ε | id_response_v0 tlv_cryptobinding no_reply]
Dec 18, 2025 1:11:55 PM de.learnlib.logging.LearnLogger logQuery
INFO: [ε | id_request_v0 success_and_cryptobinding eap_success / ε | id_response_v0 tlv_cryptobinding deauthentication]
Dec 18, 2025 1:11:55 PM de.learnlib.logging.LearnLogger logQuery
INFO: DB CACHE [ε | challenge_v0 success_and_cryptobinding /  challenge_response_v0 tlv_failure]
Dec 18, 2025 1:11:55 PM de.learnlib.logging.LearnLogger logQuery
INFO: DB CACHE [ε | success_and_cryptobinding success_and_cryptobinding /  tlv_cryptobinding no_reply]
Dec 18, 2025 1:11:55 PM de.learnlib.logging.LearnLogger logQuery
INFO: DB CACHE [ε | id_request_v0 cryptobinding /  id_response_v0 no_reply]
Dec 18, 2025 1:11:55 PM de.learnlib.logging.LearnLogger logQuery
INFO: DB CACHE [ε | challenge_v0 cryptobinding /  challenge_response_v0 deauthentication]
Dec 18, 2025 1:11:55 PM de.learnlib.logging.LearnLogger logQuery
INFO: DB CACHE [ε | success_and_cryptobinding cryptobinding /  tlv_cryptobinding no_reply]
Dec 18, 2025 1:11:55 PM de.learnlib.logging.LearnLogger logQuery
INFO: DB CACHE [ε | id_request_v0 4_way_message_1 /  id_response_v0 deauthentication]
Dec 18, 2025 1:11:55 PM de.learnlib.logging.LearnLogger logQuery
INFO: DB CACHE [ε | challenge_v0 4_way_message_1 /  challenge_response_v0 deauthentication]
Dec 18, 2025 1:11:55 PM de.learnlib.logging.LearnLogger logQuery
INFO: DB CACHE [ε | success_and_cryptobinding 4_way_message_1 /  tlv_cryptobinding deauthentication]
Dec 18, 2025 1:11:57 PM de.learnlib.logging.LearnLogger logQuery
INFO: [ε | id_request_v0 id_request_v0 id_request_v0 success_request_with_credentials / ε | id_response_v0 id_response_v0 id_response_v0 no_reply]
Dec 18, 2025 1:11:58 PM de.learnlib.logging.LearnLogger logQuery
INFO: [ε | id_request_v0 id_request_v0 id_request_v0 id_request_v0 / ε | id_response_v0 id_response_v0 id_response_v0 id_response_v0]
Dec 18, 2025 1:12:00 PM de.learnlib.logging.LearnLogger logQuery
INFO: [ε | id_request_v0 id_request_v0 id_request_v0 eap_success / ε | id_response_v0 id_response_v0 id_response_v0 deauthentication]
Dec 18, 2025 1:12:01 PM de.learnlib.logging.LearnLogger logQuery
INFO: [ε | id_request_v0 challenge_v0 id_request_v0 success_request_with_credentials / ε | id_response_v0 challenge_response_v0 id_response_v0 success_response_v0]
Dec 18, 2025 1:12:02 PM de.learnlib.logging.LearnLogger logQuery
INFO: [ε | id_request_v0 challenge_v0 id_request_v0 id_request_v0 / ε | id_response_v0 challenge_response_v0 id_response_v0 id_response_v0]
Dec 18, 2025 1:12:04 PM de.learnlib.logging.LearnLogger logQuery
INFO: [ε | id_request_v0 challenge_v0 id_request_v0 eap_success / ε | id_response_v0 challenge_response_v0 id_response_v0 deauthentication]
Dec 18, 2025 1:12:05 PM de.learnlib.logging.LearnLogger logQuery
INFO: [ε | id_request_v0 id_request_v0 challenge_v0 / ε | id_response_v0 id_response_v0 challenge_response_v0]
Dec 18, 2025 1:12:07 PM de.learnlib.logging.LearnLogger logQuery
INFO: [ε | id_request_v0 id_request_v0 challenge_v0 success_request_with_credentials / ε | id_response_v0 id_response_v0 challenge_response_v0 success_response_v0]
Dec 18, 2025 1:12:08 PM de.learnlib.logging.LearnLogger logQuery
INFO: [ε | id_request_v0 id_request_v0 challenge_v0 id_request_v0 / ε | id_response_v0 id_response_v0 challenge_response_v0 id_response_v0]
Dec 18, 2025 1:12:09 PM de.learnlib.logging.LearnLogger logQuery
INFO: [ε | id_request_v0 id_request_v0 challenge_v0 eap_success / ε | id_response_v0 id_response_v0 challenge_response_v0 deauthentication]
Dec 18, 2025 1:12:11 PM de.learnlib.logging.LearnLogger logQuery
INFO: [ε | id_request_v0 challenge_v0 challenge_v0 / ε | id_response_v0 challenge_response_v0 challenge_response_v0]
Dec 18, 2025 1:12:12 PM de.learnlib.logging.LearnLogger logQuery
INFO: [ε | id_request_v0 challenge_v0 challenge_v0 success_request_with_credentials / ε | id_response_v0 challenge_response_v0 challenge_response_v0 success_response_v0]
Dec 18, 2025 1:12:13 PM de.learnlib.logging.LearnLogger logQuery
INFO: [ε | id_request_v0 challenge_v0 challenge_v0 id_request_v0 / ε | id_response_v0 challenge_response_v0 challenge_response_v0 id_response_v0]
Dec 18, 2025 1:12:15 PM de.learnlib.logging.LearnLogger logQuery
INFO: [ε | id_request_v0 challenge_v0 challenge_v0 eap_success / ε | id_response_v0 challenge_response_v0 challenge_response_v0 deauthentication]
Dec 18, 2025 1:12:17 PM de.learnlib.logging.LearnLogger logQuery
INFO: [ε | id_request_v0 success_and_cryptobinding challenge_v0 / ε | id_response_v0 tlv_cryptobinding no_reply]
Dec 18, 2025 1:12:18 PM de.learnlib.logging.LearnLogger logQuery
INFO: [ε | id_request_v0 id_request_v0 tlv_request / ε | id_response_v0 id_response_v0 tlv_failure]
Dec 18, 2025 1:12:20 PM de.learnlib.logging.LearnLogger logQuery
INFO: [ε | id_request_v0 challenge_v0 tlv_request / ε | id_response_v0 challenge_response_v0 tlv_failure]
Dec 18, 2025 1:12:21 PM de.learnlib.logging.LearnLogger logQuery
INFO: [ε | id_request_v0 success_and_cryptobinding tlv_request / ε | id_response_v0 tlv_cryptobinding no_reply]
Dec 18, 2025 1:12:23 PM de.learnlib.logging.LearnLogger logQuery
INFO: [ε | id_request_v0 id_request_v0 tlv_failure / ε | id_response_v0 id_response_v0 tlv_failure]
Dec 18, 2025 1:12:24 PM de.learnlib.logging.LearnLogger logQuery
INFO: [ε | id_request_v0 challenge_v0 tlv_failure / ε | id_response_v0 challenge_response_v0 tlv_failure]
Dec 18, 2025 1:12:26 PM de.learnlib.logging.LearnLogger logQuery
INFO: [ε | id_request_v0 success_and_cryptobinding tlv_failure / ε | id_response_v0 tlv_cryptobinding no_reply]
Dec 18, 2025 1:12:28 PM de.learnlib.logging.LearnLogger logQuery
INFO: [ε | id_request_v0 id_request_v0 success_request_all_zeros / ε | id_response_v0 id_response_v0 no_reply]
Dec 18, 2025 1:12:29 PM de.learnlib.logging.LearnLogger logQuery
INFO: [ε | id_request_v0 challenge_v0 success_request_all_zeros / ε | id_response_v0 challenge_response_v0 no_reply]
Dec 18, 2025 1:12:31 PM de.learnlib.logging.LearnLogger logQuery
INFO: [ε | id_request_v0 success_and_cryptobinding success_request_all_zeros / ε | id_response_v0 tlv_cryptobinding no_reply]
Dec 18, 2025 1:12:32 PM de.learnlib.logging.LearnLogger logQuery
INFO: [ε | id_request_v0 challenge_v0 success_request_with_credentials success_request_with_credentials / ε | id_response_v0 challenge_response_v0 success_response_v0 success_response_v0]
Dec 18, 2025 1:12:34 PM de.learnlib.logging.LearnLogger logQuery
INFO: [ε | id_request_v0 challenge_v0 success_request_with_credentials id_request_v0 / ε | id_response_v0 challenge_response_v0 success_response_v0 id_response_v0]
Dec 18, 2025 1:12:35 PM de.learnlib.logging.LearnLogger logQuery
INFO: [ε | id_request_v0 challenge_v0 success_request_with_credentials eap_success / ε | id_response_v0 challenge_response_v0 success_response_v0 deauthentication]
Dec 18, 2025 1:12:37 PM de.learnlib.logging.LearnLogger logQuery
INFO: [ε | id_request_v0 id_request_v0 success_and_cryptobinding / ε | id_response_v0 id_response_v0 tlv_cryptobinding]
Dec 18, 2025 1:12:38 PM de.learnlib.logging.LearnLogger logQuery
INFO: [ε | id_request_v0 id_request_v0 success_and_cryptobinding success_request_with_credentials / ε | id_response_v0 id_response_v0 tlv_cryptobinding no_reply]
Dec 18, 2025 1:12:40 PM de.learnlib.logging.LearnLogger logQuery
INFO: [ε | id_request_v0 id_request_v0 success_and_cryptobinding id_request_v0 / ε | id_response_v0 id_response_v0 tlv_cryptobinding no_reply]
Dec 18, 2025 1:12:41 PM de.learnlib.logging.LearnLogger logQuery
INFO: [ε | id_request_v0 id_request_v0 success_and_cryptobinding eap_success / ε | id_response_v0 id_response_v0 tlv_cryptobinding deauthentication]
Dec 18, 2025 1:12:43 PM de.learnlib.logging.LearnLogger logQuery
INFO: [ε | id_request_v0 challenge_v0 success_and_cryptobinding / ε | id_response_v0 challenge_response_v0 tlv_failure]
Dec 18, 2025 1:12:45 PM de.learnlib.logging.LearnLogger logQuery
INFO: [ε | id_request_v0 success_and_cryptobinding success_and_cryptobinding / ε | id_response_v0 tlv_cryptobinding no_reply]
Dec 18, 2025 1:12:46 PM de.learnlib.logging.LearnLogger logQuery
INFO: [ε | id_request_v0 id_request_v0 cryptobinding / ε | id_response_v0 id_response_v0 no_reply]
Dec 18, 2025 1:12:48 PM de.learnlib.logging.LearnLogger logQuery
INFO: [ε | id_request_v0 challenge_v0 cryptobinding / ε | id_response_v0 challenge_response_v0 deauthentication]
Dec 18, 2025 1:12:49 PM de.learnlib.logging.LearnLogger logQuery
INFO: [ε | id_request_v0 success_and_cryptobinding cryptobinding / ε | id_response_v0 tlv_cryptobinding no_reply]
Dec 18, 2025 1:12:51 PM de.learnlib.logging.LearnLogger logQuery
INFO: [ε | id_request_v0 id_request_v0 4_way_message_1 / ε | id_response_v0 id_response_v0 deauthentication]
Dec 18, 2025 1:12:53 PM de.learnlib.logging.LearnLogger logQuery
INFO: [ε | id_request_v0 challenge_v0 4_way_message_1 / ε | id_response_v0 challenge_response_v0 deauthentication]
Dec 18, 2025 1:12:54 PM de.learnlib.logging.LearnLogger logQuery
INFO: [ε | id_request_v0 success_and_cryptobinding 4_way_message_1 / ε | id_response_v0 tlv_cryptobinding deauthentication]
Dec 18, 2025 1:12:56 PM de.learnlib.logging.LearnLogger logQuery
INFO: [ε | challenge_v0 id_request_v0 id_request_v0 success_request_with_credentials / ε | challenge_response_v0 id_response_v0 id_response_v0 success_response_v0]
Dec 18, 2025 1:12:57 PM de.learnlib.logging.LearnLogger logQuery
INFO: [ε | challenge_v0 id_request_v0 id_request_v0 id_request_v0 / ε | challenge_response_v0 id_response_v0 id_response_v0 id_response_v0]
Dec 18, 2025 1:12:58 PM de.learnlib.logging.LearnLogger logQuery
INFO: [ε | challenge_v0 id_request_v0 id_request_v0 eap_success / ε | challenge_response_v0 id_response_v0 id_response_v0 deauthentication]
Dec 18, 2025 1:13:00 PM de.learnlib.logging.LearnLogger logQuery
INFO: [ε | challenge_v0 challenge_v0 id_request_v0 success_request_with_credentials / ε | challenge_response_v0 challenge_response_v0 id_response_v0 success_response_v0]
Dec 18, 2025 1:13:01 PM de.learnlib.logging.LearnLogger logQuery
INFO: [ε | challenge_v0 challenge_v0 id_request_v0 id_request_v0 / ε | challenge_response_v0 challenge_response_v0 id_response_v0 id_response_v0]
Dec 18, 2025 1:13:03 PM de.learnlib.logging.LearnLogger logQuery
INFO: [ε | challenge_v0 challenge_v0 id_request_v0 eap_success / ε | challenge_response_v0 challenge_response_v0 id_response_v0 deauthentication]
Dec 18, 2025 1:13:03 PM de.learnlib.logging.LearnLogger logQuery
INFO: DB CACHE [ε | challenge_v0 success_request_with_credentials id_request_v0 success_request_with_credentials /  challenge_response_v0 success_response_v0 id_response_v0 success_response_v0]
Dec 18, 2025 1:13:03 PM de.learnlib.logging.LearnLogger logQuery
INFO: DB CACHE [ε | challenge_v0 success_request_with_credentials id_request_v0 id_request_v0 /  challenge_response_v0 success_response_v0 id_response_v0 id_response_v0]
Dec 18, 2025 1:13:03 PM de.learnlib.logging.LearnLogger logQuery
INFO: DB CACHE [ε | challenge_v0 success_request_with_credentials id_request_v0 eap_success /  challenge_response_v0 success_response_v0 id_response_v0 deauthentication]
Dec 18, 2025 1:13:03 PM de.learnlib.logging.LearnLogger logQuery
INFO: DB CACHE [ε | challenge_v0 id_request_v0 challenge_v0 /  challenge_response_v0 id_response_v0 challenge_response_v0]
Dec 18, 2025 1:13:04 PM de.learnlib.logging.LearnLogger logQuery
INFO: [ε | challenge_v0 id_request_v0 challenge_v0 success_request_with_credentials / ε | challenge_response_v0 id_response_v0 challenge_response_v0 success_response_v0]
Dec 18, 2025 1:13:05 PM de.learnlib.logging.LearnLogger logQuery
INFO: [ε | challenge_v0 id_request_v0 challenge_v0 id_request_v0 / ε | challenge_response_v0 id_response_v0 challenge_response_v0 id_response_v0]
Dec 18, 2025 1:13:07 PM de.learnlib.logging.LearnLogger logQuery
INFO: [ε | challenge_v0 id_request_v0 challenge_v0 eap_success / ε | challenge_response_v0 id_response_v0 challenge_response_v0 deauthentication]
Dec 18, 2025 1:13:07 PM de.learnlib.logging.LearnLogger logQuery
INFO: DB CACHE [ε | challenge_v0 challenge_v0 challenge_v0 /  challenge_response_v0 challenge_response_v0 challenge_response_v0]
Dec 18, 2025 1:13:08 PM de.learnlib.logging.LearnLogger logQuery
INFO: [ε | challenge_v0 challenge_v0 challenge_v0 success_request_with_credentials / ε | challenge_response_v0 challenge_response_v0 challenge_response_v0 success_response_v0]
Dec 18, 2025 1:13:10 PM de.learnlib.logging.LearnLogger logQuery
INFO: [ε | challenge_v0 challenge_v0 challenge_v0 id_request_v0 / ε | challenge_response_v0 challenge_response_v0 challenge_response_v0 id_response_v0]
Dec 18, 2025 1:13:11 PM de.learnlib.logging.LearnLogger logQuery
INFO: [ε | challenge_v0 challenge_v0 challenge_v0 eap_success / ε | challenge_response_v0 challenge_response_v0 challenge_response_v0 deauthentication]
Dec 18, 2025 1:13:11 PM de.learnlib.logging.LearnLogger logQuery
INFO: DB CACHE [ε | challenge_v0 success_request_with_credentials challenge_v0 /  challenge_response_v0 success_response_v0 challenge_response_v0]
Dec 18, 2025 1:13:11 PM de.learnlib.logging.LearnLogger logQuery
INFO: DB CACHE [ε | challenge_v0 success_request_with_credentials challenge_v0 success_request_with_credentials /  challenge_response_v0 success_response_v0 challenge_response_v0 success_response_v0]
Dec 18, 2025 1:13:11 PM de.learnlib.logging.LearnLogger logQuery
INFO: DB CACHE [ε | challenge_v0 success_request_with_credentials challenge_v0 id_request_v0 /  challenge_response_v0 success_response_v0 challenge_response_v0 id_response_v0]
Dec 18, 2025 1:13:11 PM de.learnlib.logging.LearnLogger logQuery
INFO: DB CACHE [ε | challenge_v0 success_request_with_credentials challenge_v0 eap_success /  challenge_response_v0 success_response_v0 challenge_response_v0 deauthentication]
Dec 18, 2025 1:13:11 PM de.learnlib.logging.LearnLogger logQuery
INFO: DB CACHE [ε | challenge_v0 id_request_v0 tlv_request /  challenge_response_v0 id_response_v0 tlv_failure]
Dec 18, 2025 1:13:11 PM de.learnlib.logging.LearnLogger logQuery
INFO: DB CACHE [ε | challenge_v0 challenge_v0 tlv_request /  challenge_response_v0 challenge_response_v0 tlv_failure]
Dec 18, 2025 1:13:11 PM de.learnlib.logging.LearnLogger logQuery
INFO: DB CACHE [ε | challenge_v0 success_request_with_credentials tlv_request /  challenge_response_v0 success_response_v0 tlv_success]
Dec 18, 2025 1:13:11 PM de.learnlib.logging.LearnLogger logQuery
INFO: DB CACHE [ε | challenge_v0 success_request_with_credentials tlv_request success_request_with_credentials /  challenge_response_v0 success_response_v0 tlv_success no_reply]
Dec 18, 2025 1:13:11 PM de.learnlib.logging.LearnLogger logQuery
INFO: DB CACHE [ε | challenge_v0 success_request_with_credentials tlv_request id_request_v0 /  challenge_response_v0 success_response_v0 tlv_success no_reply]
Dec 18, 2025 1:13:11 PM de.learnlib.logging.LearnLogger logQuery
INFO: DB CACHE [ε | challenge_v0 success_request_with_credentials tlv_request eap_success /  challenge_response_v0 success_response_v0 tlv_success after_eap_success]
Dec 18, 2025 1:13:11 PM de.learnlib.logging.LearnLogger logQuery
INFO: DB CACHE [ε | challenge_v0 id_request_v0 tlv_failure /  challenge_response_v0 id_response_v0 tlv_failure]
Dec 18, 2025 1:13:11 PM de.learnlib.logging.LearnLogger logQuery
INFO: DB CACHE [ε | challenge_v0 challenge_v0 tlv_failure /  challenge_response_v0 challenge_response_v0 tlv_failure]
Dec 18, 2025 1:13:11 PM de.learnlib.logging.LearnLogger logQuery
INFO: DB CACHE [ε | challenge_v0 success_request_with_credentials tlv_failure /  challenge_response_v0 success_response_v0 tlv_failure]
Dec 18, 2025 1:13:11 PM de.learnlib.logging.LearnLogger logQuery
INFO: DB CACHE [ε | challenge_v0 id_request_v0 success_request_all_zeros /  challenge_response_v0 id_response_v0 no_reply]
Dec 18, 2025 1:13:11 PM de.learnlib.logging.LearnLogger logQuery
INFO: DB CACHE [ε | challenge_v0 challenge_v0 success_request_all_zeros /  challenge_response_v0 challenge_response_v0 no_reply]
Dec 18, 2025 1:13:11 PM de.learnlib.logging.LearnLogger logQuery
INFO: DB CACHE [ε | challenge_v0 success_request_with_credentials success_request_all_zeros /  challenge_response_v0 success_response_v0 no_reply]
Dec 18, 2025 1:13:12 PM de.learnlib.logging.LearnLogger logQuery
INFO: [ε | challenge_v0 id_request_v0 success_request_with_credentials success_request_with_credentials / ε | challenge_response_v0 id_response_v0 success_response_v0 success_response_v0]
Dec 18, 2025 1:13:14 PM de.learnlib.logging.LearnLogger logQuery
INFO: [ε | challenge_v0 id_request_v0 success_request_with_credentials id_request_v0 / ε | challenge_response_v0 id_response_v0 success_response_v0 id_response_v0]
Dec 18, 2025 1:13:15 PM de.learnlib.logging.LearnLogger logQuery
INFO: [ε | challenge_v0 id_request_v0 success_request_with_credentials eap_success / ε | challenge_response_v0 id_response_v0 success_response_v0 deauthentication]
Dec 18, 2025 1:13:17 PM de.learnlib.logging.LearnLogger logQuery
INFO: [ε | challenge_v0 challenge_v0 success_request_with_credentials success_request_with_credentials / ε | challenge_response_v0 challenge_response_v0 success_response_v0 success_response_v0]
Dec 18, 2025 1:13:18 PM de.learnlib.logging.LearnLogger logQuery
INFO: [ε | challenge_v0 challenge_v0 success_request_with_credentials id_request_v0 / ε | challenge_response_v0 challenge_response_v0 success_response_v0 id_response_v0]
Dec 18, 2025 1:13:19 PM de.learnlib.logging.LearnLogger logQuery
INFO: [ε | challenge_v0 challenge_v0 success_request_with_credentials eap_success / ε | challenge_response_v0 challenge_response_v0 success_response_v0 deauthentication]
Dec 18, 2025 1:13:20 PM de.learnlib.logging.LearnLogger logQuery
INFO: DB CACHE [ε | challenge_v0 success_request_with_credentials success_request_with_credentials success_request_with_credentials /  challenge_response_v0 success_response_v0 success_response_v0 success_response_v0]
Dec 18, 2025 1:13:20 PM de.learnlib.logging.LearnLogger logQuery
INFO: DB CACHE [ε | challenge_v0 success_request_with_credentials success_request_with_credentials id_request_v0 /  challenge_response_v0 success_response_v0 success_response_v0 id_response_v0]
Dec 18, 2025 1:13:20 PM de.learnlib.logging.LearnLogger logQuery
INFO: DB CACHE [ε | challenge_v0 success_request_with_credentials success_request_with_credentials eap_success /  challenge_response_v0 success_response_v0 success_response_v0 deauthentication]
Dec 18, 2025 1:13:20 PM de.learnlib.logging.LearnLogger logQuery
INFO: DB CACHE [ε | challenge_v0 id_request_v0 success_and_cryptobinding /  challenge_response_v0 id_response_v0 tlv_failure]
Dec 18, 2025 1:13:20 PM de.learnlib.logging.LearnLogger logQuery
INFO: DB CACHE [ε | challenge_v0 challenge_v0 success_and_cryptobinding /  challenge_response_v0 challenge_response_v0 tlv_failure]
Dec 18, 2025 1:13:20 PM de.learnlib.logging.LearnLogger logQuery
INFO: DB CACHE [ε | challenge_v0 success_request_with_credentials success_and_cryptobinding /  challenge_response_v0 success_response_v0 tlv_success_and_cryptobinding]
Dec 18, 2025 1:13:20 PM de.learnlib.logging.LearnLogger logQuery
INFO: DB CACHE [ε | challenge_v0 success_request_with_credentials success_and_cryptobinding success_request_with_credentials /  challenge_response_v0 success_response_v0 tlv_success_and_cryptobinding no_reply]
Dec 18, 2025 1:13:20 PM de.learnlib.logging.LearnLogger logQuery
INFO: DB CACHE [ε | challenge_v0 success_request_with_credentials success_and_cryptobinding id_request_v0 /  challenge_response_v0 success_response_v0 tlv_success_and_cryptobinding no_reply]
Dec 18, 2025 1:13:20 PM de.learnlib.logging.LearnLogger logQuery
INFO: DB CACHE [ε | challenge_v0 success_request_with_credentials success_and_cryptobinding eap_success /  challenge_response_v0 success_response_v0 tlv_success_and_cryptobinding after_eap_success]
Dec 18, 2025 1:13:20 PM de.learnlib.logging.LearnLogger logQuery
INFO: DB CACHE [ε | challenge_v0 id_request_v0 cryptobinding /  challenge_response_v0 id_response_v0 deauthentication]
Dec 18, 2025 1:13:20 PM de.learnlib.logging.LearnLogger logQuery
INFO: DB CACHE [ε | challenge_v0 challenge_v0 cryptobinding /  challenge_response_v0 challenge_response_v0 deauthentication]
Dec 18, 2025 1:13:20 PM de.learnlib.logging.LearnLogger logQuery
INFO: DB CACHE [ε | challenge_v0 success_request_with_credentials cryptobinding /  challenge_response_v0 success_response_v0 no_reply]
Dec 18, 2025 1:13:20 PM de.learnlib.logging.LearnLogger logQuery
INFO: DB CACHE [ε | challenge_v0 id_request_v0 4_way_message_1 /  challenge_response_v0 id_response_v0 deauthentication]
Dec 18, 2025 1:13:20 PM de.learnlib.logging.LearnLogger logQuery
INFO: DB CACHE [ε | challenge_v0 challenge_v0 4_way_message_1 /  challenge_response_v0 challenge_response_v0 deauthentication]
Dec 18, 2025 1:13:20 PM de.learnlib.logging.LearnLogger logQuery
INFO: DB CACHE [ε | challenge_v0 success_request_with_credentials 4_way_message_1 /  challenge_response_v0 success_response_v0 deauthentication]
Dec 18, 2025 1:13:21 PM de.learnlib.logging.LearnLogger logQuery
INFO: [ε | challenge_v0 id_request_v0 id_request_v0 id_request_v0 success_request_with_credentials / ε | challenge_response_v0 id_response_v0 id_response_v0 id_response_v0 success_response_v0]
Dec 18, 2025 1:13:22 PM de.learnlib.logging.LearnLogger logQuery
INFO: [ε | challenge_v0 id_request_v0 id_request_v0 id_request_v0 id_request_v0 / ε | challenge_response_v0 id_response_v0 id_response_v0 id_response_v0 id_response_v0]
Dec 18, 2025 1:13:24 PM de.learnlib.logging.LearnLogger logQuery
INFO: [ε | challenge_v0 id_request_v0 id_request_v0 id_request_v0 eap_success / ε | challenge_response_v0 id_response_v0 id_response_v0 id_response_v0 deauthentication]
Dec 18, 2025 1:13:25 PM de.learnlib.logging.LearnLogger logQuery
INFO: [ε | challenge_v0 id_request_v0 challenge_v0 id_request_v0 success_request_with_credentials / ε | challenge_response_v0 id_response_v0 challenge_response_v0 id_response_v0 success_response_v0]
Dec 18, 2025 1:13:26 PM de.learnlib.logging.LearnLogger logQuery
INFO: [ε | challenge_v0 id_request_v0 challenge_v0 id_request_v0 id_request_v0 / ε | challenge_response_v0 id_response_v0 challenge_response_v0 id_response_v0 id_response_v0]
Dec 18, 2025 1:13:28 PM de.learnlib.logging.LearnLogger logQuery
INFO: [ε | challenge_v0 id_request_v0 challenge_v0 id_request_v0 eap_success / ε | challenge_response_v0 id_response_v0 challenge_response_v0 id_response_v0 deauthentication]
Dec 18, 2025 1:13:29 PM de.learnlib.logging.LearnLogger logQuery
INFO: [ε | challenge_v0 id_request_v0 success_request_with_credentials id_request_v0 success_request_with_credentials / ε | challenge_response_v0 id_response_v0 success_response_v0 id_response_v0 success_response_v0]
Dec 18, 2025 1:13:31 PM de.learnlib.logging.LearnLogger logQuery
INFO: [ε | challenge_v0 id_request_v0 success_request_with_credentials id_request_v0 id_request_v0 / ε | challenge_response_v0 id_response_v0 success_response_v0 id_response_v0 id_response_v0]
Dec 18, 2025 1:13:32 PM de.learnlib.logging.LearnLogger logQuery
INFO: [ε | challenge_v0 id_request_v0 success_request_with_credentials id_request_v0 eap_success / ε | challenge_response_v0 id_response_v0 success_response_v0 id_response_v0 deauthentication]
Dec 18, 2025 1:13:34 PM de.learnlib.logging.LearnLogger logQuery
INFO: [ε | challenge_v0 id_request_v0 id_request_v0 challenge_v0 / ε | challenge_response_v0 id_response_v0 id_response_v0 challenge_response_v0]
Dec 18, 2025 1:13:35 PM de.learnlib.logging.LearnLogger logQuery
INFO: [ε | challenge_v0 id_request_v0 id_request_v0 challenge_v0 success_request_with_credentials / ε | challenge_response_v0 id_response_v0 id_response_v0 challenge_response_v0 success_response_v0]
Dec 18, 2025 1:13:36 PM de.learnlib.logging.LearnLogger logQuery
INFO: [ε | challenge_v0 id_request_v0 id_request_v0 challenge_v0 id_request_v0 / ε | challenge_response_v0 id_response_v0 id_response_v0 challenge_response_v0 id_response_v0]
Dec 18, 2025 1:13:38 PM de.learnlib.logging.LearnLogger logQuery
INFO: [ε | challenge_v0 id_request_v0 id_request_v0 challenge_v0 eap_success / ε | challenge_response_v0 id_response_v0 id_response_v0 challenge_response_v0 deauthentication]
Dec 18, 2025 1:13:39 PM de.learnlib.logging.LearnLogger logQuery
INFO: [ε | challenge_v0 id_request_v0 challenge_v0 challenge_v0 / ε | challenge_response_v0 id_response_v0 challenge_response_v0 challenge_response_v0]
Dec 18, 2025 1:13:41 PM de.learnlib.logging.LearnLogger logQuery
INFO: [ε | challenge_v0 id_request_v0 challenge_v0 challenge_v0 success_request_with_credentials / ε | challenge_response_v0 id_response_v0 challenge_response_v0 challenge_response_v0 success_response_v0]
Dec 18, 2025 1:13:42 PM de.learnlib.logging.LearnLogger logQuery
INFO: [ε | challenge_v0 id_request_v0 challenge_v0 challenge_v0 id_request_v0 / ε | challenge_response_v0 id_response_v0 challenge_response_v0 challenge_response_v0 id_response_v0]
Dec 18, 2025 1:13:43 PM de.learnlib.logging.LearnLogger logQuery
INFO: [ε | challenge_v0 id_request_v0 challenge_v0 challenge_v0 eap_success / ε | challenge_response_v0 id_response_v0 challenge_response_v0 challenge_response_v0 deauthentication]
Dec 18, 2025 1:13:45 PM de.learnlib.logging.LearnLogger logQuery
INFO: [ε | challenge_v0 id_request_v0 success_request_with_credentials challenge_v0 / ε | challenge_response_v0 id_response_v0 success_response_v0 challenge_response_v0]
Dec 18, 2025 1:13:46 PM de.learnlib.logging.LearnLogger logQuery
INFO: [ε | challenge_v0 id_request_v0 success_request_with_credentials challenge_v0 success_request_with_credentials / ε | challenge_response_v0 id_response_v0 success_response_v0 challenge_response_v0 success_response_v0]
Dec 18, 2025 1:13:47 PM de.learnlib.logging.LearnLogger logQuery
INFO: [ε | challenge_v0 id_request_v0 success_request_with_credentials challenge_v0 id_request_v0 / ε | challenge_response_v0 id_response_v0 success_response_v0 challenge_response_v0 id_response_v0]
Dec 18, 2025 1:13:49 PM de.learnlib.logging.LearnLogger logQuery
INFO: [ε | challenge_v0 id_request_v0 success_request_with_credentials challenge_v0 eap_success / ε | challenge_response_v0 id_response_v0 success_response_v0 challenge_response_v0 deauthentication]
Dec 18, 2025 1:13:50 PM de.learnlib.logging.LearnLogger logQuery
INFO: [ε | challenge_v0 id_request_v0 id_request_v0 tlv_request / ε | challenge_response_v0 id_response_v0 id_response_v0 tlv_failure]
Dec 18, 2025 1:13:52 PM de.learnlib.logging.LearnLogger logQuery
INFO: [ε | challenge_v0 id_request_v0 challenge_v0 tlv_request / ε | challenge_response_v0 id_response_v0 challenge_response_v0 tlv_failure]
Dec 18, 2025 1:13:53 PM de.learnlib.logging.LearnLogger logQuery
INFO: [ε | challenge_v0 id_request_v0 success_request_with_credentials tlv_request / ε | challenge_response_v0 id_response_v0 success_response_v0 tlv_success]
Dec 18, 2025 1:13:55 PM de.learnlib.logging.LearnLogger logQuery
INFO: [ε | challenge_v0 id_request_v0 success_request_with_credentials tlv_request success_request_with_credentials / ε | challenge_response_v0 id_response_v0 success_response_v0 tlv_success no_reply]
Dec 18, 2025 1:13:57 PM de.learnlib.logging.LearnLogger logQuery
INFO: [ε | challenge_v0 id_request_v0 success_request_with_credentials tlv_request id_request_v0 / ε | challenge_response_v0 id_response_v0 success_response_v0 tlv_success no_reply]
Dec 18, 2025 1:13:58 PM de.learnlib.logging.LearnLogger logQuery
INFO: [ε | challenge_v0 id_request_v0 success_request_with_credentials tlv_request eap_success / ε | challenge_response_v0 id_response_v0 success_response_v0 tlv_success after_eap_success]
Dec 18, 2025 1:14:00 PM de.learnlib.logging.LearnLogger logQuery
INFO: [ε | challenge_v0 id_request_v0 id_request_v0 tlv_failure / ε | challenge_response_v0 id_response_v0 id_response_v0 tlv_failure]
Dec 18, 2025 1:14:01 PM de.learnlib.logging.LearnLogger logQuery
INFO: [ε | challenge_v0 id_request_v0 challenge_v0 tlv_failure / ε | challenge_response_v0 id_response_v0 challenge_response_v0 tlv_failure]
Dec 18, 2025 1:14:03 PM de.learnlib.logging.LearnLogger logQuery
INFO: [ε | challenge_v0 id_request_v0 success_request_with_credentials tlv_failure / ε | challenge_response_v0 id_response_v0 success_response_v0 tlv_failure]
Dec 18, 2025 1:14:04 PM de.learnlib.logging.LearnLogger logQuery
INFO: [ε | challenge_v0 id_request_v0 id_request_v0 success_request_all_zeros / ε | challenge_response_v0 id_response_v0 id_response_v0 no_reply]
Dec 18, 2025 1:14:06 PM de.learnlib.logging.LearnLogger logQuery
INFO: [ε | challenge_v0 id_request_v0 challenge_v0 success_request_all_zeros / ε | challenge_response_v0 id_response_v0 challenge_response_v0 no_reply]
Dec 18, 2025 1:14:08 PM de.learnlib.logging.LearnLogger logQuery
INFO: [ε | challenge_v0 id_request_v0 success_request_with_credentials success_request_all_zeros / ε | challenge_response_v0 id_response_v0 success_response_v0 no_reply]
Dec 18, 2025 1:14:10 PM de.learnlib.logging.LearnLogger logQuery
INFO: [ε | challenge_v0 id_request_v0 id_request_v0 success_request_with_credentials success_request_with_credentials / ε | challenge_response_v0 id_response_v0 id_response_v0 success_response_v0 success_response_v0]
Dec 18, 2025 1:14:11 PM de.learnlib.logging.LearnLogger logQuery
INFO: [ε | challenge_v0 id_request_v0 id_request_v0 success_request_with_credentials id_request_v0 / ε | challenge_response_v0 id_response_v0 id_response_v0 success_response_v0 id_response_v0]
Dec 18, 2025 1:14:12 PM de.learnlib.logging.LearnLogger logQuery
INFO: [ε | challenge_v0 id_request_v0 id_request_v0 success_request_with_credentials eap_success / ε | challenge_response_v0 id_response_v0 id_response_v0 success_response_v0 deauthentication]
Dec 18, 2025 1:14:14 PM de.learnlib.logging.LearnLogger logQuery
INFO: [ε | challenge_v0 id_request_v0 challenge_v0 success_request_with_credentials success_request_with_credentials / ε | challenge_response_v0 id_response_v0 challenge_response_v0 success_response_v0 success_response_v0]
Dec 18, 2025 1:14:15 PM de.learnlib.logging.LearnLogger logQuery
INFO: [ε | challenge_v0 id_request_v0 challenge_v0 success_request_with_credentials id_request_v0 / ε | challenge_response_v0 id_response_v0 challenge_response_v0 success_response_v0 id_response_v0]
Dec 18, 2025 1:14:17 PM de.learnlib.logging.LearnLogger logQuery
INFO: [ε | challenge_v0 id_request_v0 challenge_v0 success_request_with_credentials eap_success / ε | challenge_response_v0 id_response_v0 challenge_response_v0 success_response_v0 deauthentication]
Dec 18, 2025 1:14:18 PM de.learnlib.logging.LearnLogger logQuery
INFO: [ε | challenge_v0 id_request_v0 success_request_with_credentials success_request_with_credentials success_request_with_credentials / ε | challenge_response_v0 id_response_v0 success_response_v0 success_response_v0 success_response_v0]
Dec 18, 2025 1:14:19 PM de.learnlib.logging.LearnLogger logQuery
INFO: [ε | challenge_v0 id_request_v0 success_request_with_credentials success_request_with_credentials id_request_v0 / ε | challenge_response_v0 id_response_v0 success_response_v0 success_response_v0 id_response_v0]
Dec 18, 2025 1:14:21 PM de.learnlib.logging.LearnLogger logQuery
INFO: [ε | challenge_v0 id_request_v0 success_request_with_credentials success_request_with_credentials eap_success / ε | challenge_response_v0 id_response_v0 success_response_v0 success_response_v0 deauthentication]
Dec 18, 2025 1:14:22 PM de.learnlib.logging.LearnLogger logQuery
INFO: [ε | challenge_v0 id_request_v0 id_request_v0 success_and_cryptobinding / ε | challenge_response_v0 id_response_v0 id_response_v0 tlv_failure]
Dec 18, 2025 1:14:24 PM de.learnlib.logging.LearnLogger logQuery
INFO: [ε | challenge_v0 id_request_v0 challenge_v0 success_and_cryptobinding / ε | challenge_response_v0 id_response_v0 challenge_response_v0 tlv_failure]
Dec 18, 2025 1:14:25 PM de.learnlib.logging.LearnLogger logQuery
INFO: [ε | challenge_v0 id_request_v0 success_request_with_credentials success_and_cryptobinding / ε | challenge_response_v0 id_response_v0 success_response_v0 tlv_success_and_cryptobinding]
Dec 18, 2025 1:14:27 PM de.learnlib.logging.LearnLogger logQuery
INFO: [ε | challenge_v0 id_request_v0 success_request_with_credentials success_and_cryptobinding success_request_with_credentials / ε | challenge_response_v0 id_response_v0 success_response_v0 tlv_success_and_cryptobinding no_reply]
Dec 18, 2025 1:14:29 PM de.learnlib.logging.LearnLogger logQuery
INFO: [ε | challenge_v0 id_request_v0 success_request_with_credentials success_and_cryptobinding id_request_v0 / ε | challenge_response_v0 id_response_v0 success_response_v0 tlv_success_and_cryptobinding no_reply]
Dec 18, 2025 1:14:30 PM de.learnlib.logging.LearnLogger logQuery
INFO: [ε | challenge_v0 id_request_v0 success_request_with_credentials success_and_cryptobinding eap_success / ε | challenge_response_v0 id_response_v0 success_response_v0 tlv_success_and_cryptobinding after_eap_success]
Dec 18, 2025 1:14:32 PM de.learnlib.logging.LearnLogger logQuery
INFO: [ε | challenge_v0 id_request_v0 id_request_v0 cryptobinding / ε | challenge_response_v0 id_response_v0 id_response_v0 deauthentication]
Dec 18, 2025 1:14:33 PM de.learnlib.logging.LearnLogger logQuery
INFO: [ε | challenge_v0 id_request_v0 challenge_v0 cryptobinding / ε | challenge_response_v0 id_response_v0 challenge_response_v0 deauthentication]
Dec 18, 2025 1:14:35 PM de.learnlib.logging.LearnLogger logQuery
INFO: [ε | challenge_v0 id_request_v0 success_request_with_credentials cryptobinding / ε | challenge_response_v0 id_response_v0 success_response_v0 no_reply]
Dec 18, 2025 1:14:37 PM de.learnlib.logging.LearnLogger logQuery
INFO: [ε | challenge_v0 id_request_v0 id_request_v0 4_way_message_1 / ε | challenge_response_v0 id_response_v0 id_response_v0 deauthentication]
Dec 18, 2025 1:14:38 PM de.learnlib.logging.LearnLogger logQuery
INFO: [ε | challenge_v0 id_request_v0 challenge_v0 4_way_message_1 / ε | challenge_response_v0 id_response_v0 challenge_response_v0 deauthentication]
Dec 18, 2025 1:14:40 PM de.learnlib.logging.LearnLogger logQuery
INFO: [ε | challenge_v0 id_request_v0 success_request_with_credentials 4_way_message_1 / ε | challenge_response_v0 id_response_v0 success_response_v0 deauthentication]
Dec 18, 2025 1:14:41 PM de.learnlib.logging.LearnLogger logQuery
INFO: [ε | challenge_v0 challenge_v0 id_request_v0 id_request_v0 success_request_with_credentials / ε | challenge_response_v0 challenge_response_v0 id_response_v0 id_response_v0 success_response_v0]
Dec 18, 2025 1:14:43 PM de.learnlib.logging.LearnLogger logQuery
INFO: [ε | challenge_v0 challenge_v0 id_request_v0 id_request_v0 id_request_v0 / ε | challenge_response_v0 challenge_response_v0 id_response_v0 id_response_v0 id_response_v0]
Dec 18, 2025 1:14:44 PM de.learnlib.logging.LearnLogger logQuery
INFO: [ε | challenge_v0 challenge_v0 id_request_v0 id_request_v0 eap_success / ε | challenge_response_v0 challenge_response_v0 id_response_v0 id_response_v0 deauthentication]
Dec 18, 2025 1:14:46 PM de.learnlib.logging.LearnLogger logQuery
INFO: [ε | challenge_v0 challenge_v0 challenge_v0 id_request_v0 success_request_with_credentials / ε | challenge_response_v0 challenge_response_v0 challenge_response_v0 id_response_v0 success_response_v0]
Dec 18, 2025 1:14:47 PM de.learnlib.logging.LearnLogger logQuery
INFO: [ε | challenge_v0 challenge_v0 challenge_v0 id_request_v0 id_request_v0 / ε | challenge_response_v0 challenge_response_v0 challenge_response_v0 id_response_v0 id_response_v0]
Dec 18, 2025 1:14:48 PM de.learnlib.logging.LearnLogger logQuery
INFO: [ε | challenge_v0 challenge_v0 challenge_v0 id_request_v0 eap_success / ε | challenge_response_v0 challenge_response_v0 challenge_response_v0 id_response_v0 deauthentication]
Dec 18, 2025 1:14:50 PM de.learnlib.logging.LearnLogger logQuery
INFO: [ε | challenge_v0 challenge_v0 success_request_with_credentials id_request_v0 success_request_with_credentials / ε | challenge_response_v0 challenge_response_v0 success_response_v0 id_response_v0 success_response_v0]
Dec 18, 2025 1:14:51 PM de.learnlib.logging.LearnLogger logQuery
INFO: [ε | challenge_v0 challenge_v0 success_request_with_credentials id_request_v0 id_request_v0 / ε | challenge_response_v0 challenge_response_v0 success_response_v0 id_response_v0 id_response_v0]
Dec 18, 2025 1:14:53 PM de.learnlib.logging.LearnLogger logQuery
INFO: [ε | challenge_v0 challenge_v0 success_request_with_credentials id_request_v0 eap_success / ε | challenge_response_v0 challenge_response_v0 success_response_v0 id_response_v0 deauthentication]
Dec 18, 2025 1:14:54 PM de.learnlib.logging.LearnLogger logQuery
INFO: [ε | challenge_v0 challenge_v0 id_request_v0 challenge_v0 / ε | challenge_response_v0 challenge_response_v0 id_response_v0 challenge_response_v0]
Dec 18, 2025 1:14:55 PM de.learnlib.logging.LearnLogger logQuery
INFO: [ε | challenge_v0 challenge_v0 id_request_v0 challenge_v0 success_request_with_credentials / ε | challenge_response_v0 challenge_response_v0 id_response_v0 challenge_response_v0 success_response_v0]
Dec 18, 2025 1:14:57 PM de.learnlib.logging.LearnLogger logQuery
INFO: [ε | challenge_v0 challenge_v0 id_request_v0 challenge_v0 id_request_v0 / ε | challenge_response_v0 challenge_response_v0 id_response_v0 challenge_response_v0 id_response_v0]
Dec 18, 2025 1:14:58 PM de.learnlib.logging.LearnLogger logQuery
INFO: [ε | challenge_v0 challenge_v0 id_request_v0 challenge_v0 eap_success / ε | challenge_response_v0 challenge_response_v0 id_response_v0 challenge_response_v0 deauthentication]
Dec 18, 2025 1:15:00 PM de.learnlib.logging.LearnLogger logQuery
INFO: [ε | challenge_v0 challenge_v0 challenge_v0 challenge_v0 / ε | challenge_response_v0 challenge_response_v0 challenge_response_v0 challenge_response_v0]
Dec 18, 2025 1:15:01 PM de.learnlib.logging.LearnLogger logQuery
INFO: [ε | challenge_v0 challenge_v0 challenge_v0 challenge_v0 success_request_with_credentials / ε | challenge_response_v0 challenge_response_v0 challenge_response_v0 challenge_response_v0 success_response_v0]
Dec 18, 2025 1:15:02 PM de.learnlib.logging.LearnLogger logQuery
INFO: [ε | challenge_v0 challenge_v0 challenge_v0 challenge_v0 id_request_v0 / ε | challenge_response_v0 challenge_response_v0 challenge_response_v0 challenge_response_v0 id_response_v0]
Dec 18, 2025 1:15:04 PM de.learnlib.logging.LearnLogger logQuery
INFO: [ε | challenge_v0 challenge_v0 challenge_v0 challenge_v0 eap_success / ε | challenge_response_v0 challenge_response_v0 challenge_response_v0 challenge_response_v0 deauthentication]
Dec 18, 2025 1:15:05 PM de.learnlib.logging.LearnLogger logQuery
INFO: [ε | challenge_v0 challenge_v0 success_request_with_credentials challenge_v0 / ε | challenge_response_v0 challenge_response_v0 success_response_v0 challenge_response_v0]
Dec 18, 2025 1:15:07 PM de.learnlib.logging.LearnLogger logQuery
INFO: [ε | challenge_v0 challenge_v0 success_request_with_credentials challenge_v0 success_request_with_credentials / ε | challenge_response_v0 challenge_response_v0 success_response_v0 challenge_response_v0 success_response_v0]
Dec 18, 2025 1:15:08 PM de.learnlib.logging.LearnLogger logQuery
INFO: [ε | challenge_v0 challenge_v0 success_request_with_credentials challenge_v0 id_request_v0 / ε | challenge_response_v0 challenge_response_v0 success_response_v0 challenge_response_v0 id_response_v0]
Dec 18, 2025 1:15:09 PM de.learnlib.logging.LearnLogger logQuery
INFO: [ε | challenge_v0 challenge_v0 success_request_with_credentials challenge_v0 eap_success / ε | challenge_response_v0 challenge_response_v0 success_response_v0 challenge_response_v0 deauthentication]
Dec 18, 2025 1:15:11 PM de.learnlib.logging.LearnLogger logQuery
INFO: [ε | challenge_v0 challenge_v0 id_request_v0 tlv_request / ε | challenge_response_v0 challenge_response_v0 id_response_v0 tlv_failure]
Dec 18, 2025 1:15:12 PM de.learnlib.logging.LearnLogger logQuery
INFO: [ε | challenge_v0 challenge_v0 challenge_v0 tlv_request / ε | challenge_response_v0 challenge_response_v0 challenge_response_v0 tlv_failure]
Dec 18, 2025 1:15:14 PM de.learnlib.logging.LearnLogger logQuery
INFO: [ε | challenge_v0 challenge_v0 success_request_with_credentials tlv_request / ε | challenge_response_v0 challenge_response_v0 success_response_v0 tlv_success]
Dec 18, 2025 1:15:16 PM de.learnlib.logging.LearnLogger logQuery
INFO: [ε | challenge_v0 challenge_v0 success_request_with_credentials tlv_request success_request_with_credentials / ε | challenge_response_v0 challenge_response_v0 success_response_v0 tlv_success no_reply]
Dec 18, 2025 1:15:17 PM de.learnlib.logging.LearnLogger logQuery
INFO: [ε | challenge_v0 challenge_v0 success_request_with_credentials tlv_request id_request_v0 / ε | challenge_response_v0 challenge_response_v0 success_response_v0 tlv_success no_reply]
Dec 18, 2025 1:15:19 PM de.learnlib.logging.LearnLogger logQuery
INFO: [ε | challenge_v0 challenge_v0 success_request_with_credentials tlv_request eap_success / ε | challenge_response_v0 challenge_response_v0 success_response_v0 tlv_success after_eap_success]
Dec 18, 2025 1:15:20 PM de.learnlib.logging.LearnLogger logQuery
INFO: [ε | challenge_v0 challenge_v0 id_request_v0 tlv_failure / ε | challenge_response_v0 challenge_response_v0 id_response_v0 tlv_failure]
Dec 18, 2025 1:15:22 PM de.learnlib.logging.LearnLogger logQuery
INFO: [ε | challenge_v0 challenge_v0 challenge_v0 tlv_failure / ε | challenge_response_v0 challenge_response_v0 challenge_response_v0 tlv_failure]
Dec 18, 2025 1:15:23 PM de.learnlib.logging.LearnLogger logQuery
INFO: [ε | challenge_v0 challenge_v0 success_request_with_credentials tlv_failure / ε | challenge_response_v0 challenge_response_v0 success_response_v0 tlv_failure]
Dec 18, 2025 1:15:25 PM de.learnlib.logging.LearnLogger logQuery
INFO: [ε | challenge_v0 challenge_v0 id_request_v0 success_request_all_zeros / ε | challenge_response_v0 challenge_response_v0 id_response_v0 no_reply]
Dec 18, 2025 1:15:27 PM de.learnlib.logging.LearnLogger logQuery
INFO: [ε | challenge_v0 challenge_v0 challenge_v0 success_request_all_zeros / ε | challenge_response_v0 challenge_response_v0 challenge_response_v0 no_reply]
Dec 18, 2025 1:15:29 PM de.learnlib.logging.LearnLogger logQuery
INFO: [ε | challenge_v0 challenge_v0 success_request_with_credentials success_request_all_zeros / ε | challenge_response_v0 challenge_response_v0 success_response_v0 no_reply]
Dec 18, 2025 1:15:30 PM de.learnlib.logging.LearnLogger logQuery
INFO: [ε | challenge_v0 challenge_v0 id_request_v0 success_request_with_credentials success_request_with_credentials / ε | challenge_response_v0 challenge_response_v0 id_response_v0 success_response_v0 success_response_v0]
Dec 18, 2025 1:15:31 PM de.learnlib.logging.LearnLogger logQuery
INFO: [ε | challenge_v0 challenge_v0 id_request_v0 success_request_with_credentials id_request_v0 / ε | challenge_response_v0 challenge_response_v0 id_response_v0 success_response_v0 id_response_v0]
Dec 18, 2025 1:15:33 PM de.learnlib.logging.LearnLogger logQuery
INFO: [ε | challenge_v0 challenge_v0 id_request_v0 success_request_with_credentials eap_success / ε | challenge_response_v0 challenge_response_v0 id_response_v0 success_response_v0 deauthentication]
Dec 18, 2025 1:15:34 PM de.learnlib.logging.LearnLogger logQuery
INFO: [ε | challenge_v0 challenge_v0 challenge_v0 success_request_with_credentials success_request_with_credentials / ε | challenge_response_v0 challenge_response_v0 challenge_response_v0 success_response_v0 success_response_v0]
Dec 18, 2025 1:15:36 PM de.learnlib.logging.LearnLogger logQuery
INFO: [ε | challenge_v0 challenge_v0 challenge_v0 success_request_with_credentials id_request_v0 / ε | challenge_response_v0 challenge_response_v0 challenge_response_v0 success_response_v0 id_response_v0]
Dec 18, 2025 1:15:37 PM de.learnlib.logging.LearnLogger logQuery
INFO: [ε | challenge_v0 challenge_v0 challenge_v0 success_request_with_credentials eap_success / ε | challenge_response_v0 challenge_response_v0 challenge_response_v0 success_response_v0 deauthentication]
Dec 18, 2025 1:15:38 PM de.learnlib.logging.LearnLogger logQuery
INFO: [ε | challenge_v0 challenge_v0 success_request_with_credentials success_request_with_credentials success_request_with_credentials / ε | challenge_response_v0 challenge_response_v0 success_response_v0 success_response_v0 success_response_v0]
Dec 18, 2025 1:15:40 PM de.learnlib.logging.LearnLogger logQuery
INFO: [ε | challenge_v0 challenge_v0 success_request_with_credentials success_request_with_credentials id_request_v0 / ε | challenge_response_v0 challenge_response_v0 success_response_v0 success_response_v0 id_response_v0]
Dec 18, 2025 1:15:41 PM de.learnlib.logging.LearnLogger logQuery
INFO: [ε | challenge_v0 challenge_v0 success_request_with_credentials success_request_with_credentials eap_success / ε | challenge_response_v0 challenge_response_v0 success_response_v0 success_response_v0 deauthentication]
Dec 18, 2025 1:15:43 PM de.learnlib.logging.LearnLogger logQuery
INFO: [ε | challenge_v0 challenge_v0 id_request_v0 success_and_cryptobinding / ε | challenge_response_v0 challenge_response_v0 id_response_v0 tlv_failure]
Dec 18, 2025 1:15:44 PM de.learnlib.logging.LearnLogger logQuery
INFO: [ε | challenge_v0 challenge_v0 challenge_v0 success_and_cryptobinding / ε | challenge_response_v0 challenge_response_v0 challenge_response_v0 tlv_failure]
Dec 18, 2025 1:15:46 PM de.learnlib.logging.LearnLogger logQuery
INFO: [ε | challenge_v0 challenge_v0 success_request_with_credentials success_and_cryptobinding / ε | challenge_response_v0 challenge_response_v0 success_response_v0 tlv_success_and_cryptobinding]
Dec 18, 2025 1:15:47 PM de.learnlib.logging.LearnLogger logQuery
INFO: [ε | challenge_v0 challenge_v0 success_request_with_credentials success_and_cryptobinding success_request_with_credentials / ε | challenge_response_v0 challenge_response_v0 success_response_v0 tlv_success_and_cryptobinding no_reply]
Dec 18, 2025 1:15:49 PM de.learnlib.logging.LearnLogger logQuery
INFO: [ε | challenge_v0 challenge_v0 success_request_with_credentials success_and_cryptobinding id_request_v0 / ε | challenge_response_v0 challenge_response_v0 success_response_v0 tlv_success_and_cryptobinding no_reply]
Dec 18, 2025 1:15:51 PM de.learnlib.logging.LearnLogger logQuery
INFO: [ε | challenge_v0 challenge_v0 success_request_with_credentials success_and_cryptobinding eap_success / ε | challenge_response_v0 challenge_response_v0 success_response_v0 tlv_success_and_cryptobinding after_eap_success]
Dec 18, 2025 1:15:52 PM de.learnlib.logging.LearnLogger logQuery
INFO: [ε | challenge_v0 challenge_v0 id_request_v0 cryptobinding / ε | challenge_response_v0 challenge_response_v0 id_response_v0 deauthentication]
Dec 18, 2025 1:15:54 PM de.learnlib.logging.LearnLogger logQuery
INFO: [ε | challenge_v0 challenge_v0 challenge_v0 cryptobinding / ε | challenge_response_v0 challenge_response_v0 challenge_response_v0 deauthentication]
Dec 18, 2025 1:15:55 PM de.learnlib.logging.LearnLogger logQuery
INFO: [ε | challenge_v0 challenge_v0 success_request_with_credentials cryptobinding / ε | challenge_response_v0 challenge_response_v0 success_response_v0 no_reply]
Dec 18, 2025 1:15:57 PM de.learnlib.logging.LearnLogger logQuery
INFO: [ε | challenge_v0 challenge_v0 id_request_v0 4_way_message_1 / ε | challenge_response_v0 challenge_response_v0 id_response_v0 deauthentication]
Dec 18, 2025 1:15:59 PM de.learnlib.logging.LearnLogger logQuery
INFO: [ε | challenge_v0 challenge_v0 challenge_v0 4_way_message_1 / ε | challenge_response_v0 challenge_response_v0 challenge_response_v0 deauthentication]
Dec 18, 2025 1:16:00 PM de.learnlib.logging.LearnLogger logQuery
INFO: [ε | challenge_v0 challenge_v0 success_request_with_credentials 4_way_message_1 / ε | challenge_response_v0 challenge_response_v0 success_response_v0 deauthentication]
Dec 18, 2025 1:16:02 PM de.learnlib.logging.LearnLogger logQuery
INFO: [ε | challenge_v0 success_request_with_credentials id_request_v0 id_request_v0 success_request_with_credentials / ε | challenge_response_v0 success_response_v0 id_response_v0 id_response_v0 success_response_v0]
Dec 18, 2025 1:16:03 PM de.learnlib.logging.LearnLogger logQuery
INFO: [ε | challenge_v0 success_request_with_credentials id_request_v0 id_request_v0 id_request_v0 / ε | challenge_response_v0 success_response_v0 id_response_v0 id_response_v0 id_response_v0]
Dec 18, 2025 1:16:04 PM de.learnlib.logging.LearnLogger logQuery
INFO: [ε | challenge_v0 success_request_with_credentials id_request_v0 id_request_v0 eap_success / ε | challenge_response_v0 success_response_v0 id_response_v0 id_response_v0 deauthentication]
Dec 18, 2025 1:16:06 PM de.learnlib.logging.LearnLogger logQuery
INFO: [ε | challenge_v0 success_request_with_credentials challenge_v0 id_request_v0 success_request_with_credentials / ε | challenge_response_v0 success_response_v0 challenge_response_v0 id_response_v0 success_response_v0]
Dec 18, 2025 1:16:07 PM de.learnlib.logging.LearnLogger logQuery
INFO: [ε | challenge_v0 success_request_with_credentials challenge_v0 id_request_v0 id_request_v0 / ε | challenge_response_v0 success_response_v0 challenge_response_v0 id_response_v0 id_response_v0]
Dec 18, 2025 1:16:09 PM de.learnlib.logging.LearnLogger logQuery
INFO: [ε | challenge_v0 success_request_with_credentials challenge_v0 id_request_v0 eap_success / ε | challenge_response_v0 success_response_v0 challenge_response_v0 id_response_v0 deauthentication]
Dec 18, 2025 1:16:10 PM de.learnlib.logging.LearnLogger logQuery
INFO: [ε | challenge_v0 success_request_with_credentials success_request_with_credentials id_request_v0 success_request_with_credentials / ε | challenge_response_v0 success_response_v0 success_response_v0 id_response_v0 success_response_v0]
Dec 18, 2025 1:16:12 PM de.learnlib.logging.LearnLogger logQuery
INFO: [ε | challenge_v0 success_request_with_credentials success_request_with_credentials id_request_v0 id_request_v0 / ε | challenge_response_v0 success_response_v0 success_response_v0 id_response_v0 id_response_v0]
Dec 18, 2025 1:16:13 PM de.learnlib.logging.LearnLogger logQuery
INFO: [ε | challenge_v0 success_request_with_credentials success_request_with_credentials id_request_v0 eap_success / ε | challenge_response_v0 success_response_v0 success_response_v0 id_response_v0 deauthentication]
Dec 18, 2025 1:16:13 PM de.learnlib.logging.LearnLogger logQuery
INFO: DB CACHE [ε | challenge_v0 success_request_with_credentials id_request_v0 challenge_v0 /  challenge_response_v0 success_response_v0 id_response_v0 challenge_response_v0]
Dec 18, 2025 1:16:15 PM de.learnlib.logging.LearnLogger logQuery
INFO: [ε | challenge_v0 success_request_with_credentials id_request_v0 challenge_v0 success_request_with_credentials / ε | challenge_response_v0 success_response_v0 id_response_v0 challenge_response_v0 success_response_v0]
Dec 18, 2025 1:16:16 PM de.learnlib.logging.LearnLogger logQuery
INFO: [ε | challenge_v0 success_request_with_credentials id_request_v0 challenge_v0 id_request_v0 / ε | challenge_response_v0 success_response_v0 id_response_v0 challenge_response_v0 id_response_v0]
Dec 18, 2025 1:16:17 PM de.learnlib.logging.LearnLogger logQuery
INFO: [ε | challenge_v0 success_request_with_credentials id_request_v0 challenge_v0 eap_success / ε | challenge_response_v0 success_response_v0 id_response_v0 challenge_response_v0 deauthentication]
Dec 18, 2025 1:16:18 PM de.learnlib.logging.LearnLogger logQuery
INFO: DB CACHE [ε | challenge_v0 success_request_with_credentials challenge_v0 challenge_v0 /  challenge_response_v0 success_response_v0 challenge_response_v0 challenge_response_v0]
Dec 18, 2025 1:16:19 PM de.learnlib.logging.LearnLogger logQuery
INFO: [ε | challenge_v0 success_request_with_credentials challenge_v0 challenge_v0 success_request_with_credentials / ε | challenge_response_v0 success_response_v0 challenge_response_v0 challenge_response_v0 success_response_v0]
Dec 18, 2025 1:16:20 PM de.learnlib.logging.LearnLogger logQuery
INFO: [ε | challenge_v0 success_request_with_credentials challenge_v0 challenge_v0 id_request_v0 / ε | challenge_response_v0 success_response_v0 challenge_response_v0 challenge_response_v0 id_response_v0]
Dec 18, 2025 1:16:22 PM de.learnlib.logging.LearnLogger logQuery
INFO: [ε | challenge_v0 success_request_with_credentials challenge_v0 challenge_v0 eap_success / ε | challenge_response_v0 success_response_v0 challenge_response_v0 challenge_response_v0 deauthentication]
Dec 18, 2025 1:16:22 PM de.learnlib.logging.LearnLogger logQuery
INFO: DB CACHE [ε | challenge_v0 success_request_with_credentials tlv_request challenge_v0 /  challenge_response_v0 success_response_v0 tlv_success no_reply]
Dec 18, 2025 1:16:22 PM de.learnlib.logging.LearnLogger logQuery
INFO: DB CACHE [ε | challenge_v0 success_request_with_credentials success_request_with_credentials challenge_v0 /  challenge_response_v0 success_response_v0 success_response_v0 challenge_response_v0]
Dec 18, 2025 1:16:23 PM de.learnlib.logging.LearnLogger logQuery
INFO: [ε | challenge_v0 success_request_with_credentials success_request_with_credentials challenge_v0 success_request_with_credentials / ε | challenge_response_v0 success_response_v0 success_response_v0 challenge_response_v0 success_response_v0]
Dec 18, 2025 1:16:24 PM de.learnlib.logging.LearnLogger logQuery
INFO: [ε | challenge_v0 success_request_with_credentials success_request_with_credentials challenge_v0 id_request_v0 / ε | challenge_response_v0 success_response_v0 success_response_v0 challenge_response_v0 id_response_v0]
Dec 18, 2025 1:16:26 PM de.learnlib.logging.LearnLogger logQuery
INFO: [ε | challenge_v0 success_request_with_credentials success_request_with_credentials challenge_v0 eap_success / ε | challenge_response_v0 success_response_v0 success_response_v0 challenge_response_v0 deauthentication]
Dec 18, 2025 1:16:26 PM de.learnlib.logging.LearnLogger logQuery
INFO: DB CACHE [ε | challenge_v0 success_request_with_credentials success_and_cryptobinding challenge_v0 /  challenge_response_v0 success_response_v0 tlv_success_and_cryptobinding no_reply]
Dec 18, 2025 1:16:26 PM de.learnlib.logging.LearnLogger logQuery
INFO: DB CACHE [ε | challenge_v0 success_request_with_credentials id_request_v0 tlv_request /  challenge_response_v0 success_response_v0 id_response_v0 tlv_success]
Dec 18, 2025 1:16:28 PM de.learnlib.logging.LearnLogger logQuery
INFO: [ε | challenge_v0 success_request_with_credentials id_request_v0 tlv_request success_request_with_credentials / ε | challenge_response_v0 success_response_v0 id_response_v0 tlv_success no_reply]
Dec 18, 2025 1:16:29 PM de.learnlib.logging.LearnLogger logQuery
INFO: [ε | challenge_v0 success_request_with_credentials id_request_v0 tlv_request id_request_v0 / ε | challenge_response_v0 success_response_v0 id_response_v0 tlv_success no_reply]
Dec 18, 2025 1:16:31 PM de.learnlib.logging.LearnLogger logQuery
INFO: [ε | challenge_v0 success_request_with_credentials id_request_v0 tlv_request eap_success / ε | challenge_response_v0 success_response_v0 id_response_v0 tlv_success after_eap_success]
Dec 18, 2025 1:16:31 PM de.learnlib.logging.LearnLogger logQuery
INFO: DB CACHE [ε | challenge_v0 success_request_with_credentials challenge_v0 tlv_request /  challenge_response_v0 success_response_v0 challenge_response_v0 tlv_success]
Dec 18, 2025 1:16:33 PM de.learnlib.logging.LearnLogger logQuery
INFO: [ε | challenge_v0 success_request_with_credentials challenge_v0 tlv_request success_request_with_credentials / ε | challenge_response_v0 success_response_v0 challenge_response_v0 tlv_success no_reply]
Dec 18, 2025 1:16:34 PM de.learnlib.logging.LearnLogger logQuery
INFO: [ε | challenge_v0 success_request_with_credentials challenge_v0 tlv_request id_request_v0 / ε | challenge_response_v0 success_response_v0 challenge_response_v0 tlv_success no_reply]
Dec 18, 2025 1:16:36 PM de.learnlib.logging.LearnLogger logQuery
INFO: [ε | challenge_v0 success_request_with_credentials challenge_v0 tlv_request eap_success / ε | challenge_response_v0 success_response_v0 challenge_response_v0 tlv_success after_eap_success]
Dec 18, 2025 1:16:36 PM de.learnlib.logging.LearnLogger logQuery
INFO: DB CACHE [ε | challenge_v0 success_request_with_credentials tlv_request tlv_request /  challenge_response_v0 success_response_v0 tlv_success no_reply]
Dec 18, 2025 1:16:36 PM de.learnlib.logging.LearnLogger logQuery
INFO: DB CACHE [ε | challenge_v0 success_request_with_credentials success_request_with_credentials tlv_request /  challenge_response_v0 success_response_v0 success_response_v0 tlv_success]
Dec 18, 2025 1:16:38 PM de.learnlib.logging.LearnLogger logQuery
INFO: [ε | challenge_v0 success_request_with_credentials success_request_with_credentials tlv_request success_request_with_credentials / ε | challenge_response_v0 success_response_v0 success_response_v0 tlv_success no_reply]
Dec 18, 2025 1:16:39 PM de.learnlib.logging.LearnLogger logQuery
INFO: [ε | challenge_v0 success_request_with_credentials success_request_with_credentials tlv_request id_request_v0 / ε | challenge_response_v0 success_response_v0 success_response_v0 tlv_success no_reply]
Dec 18, 2025 1:16:41 PM de.learnlib.logging.LearnLogger logQuery
INFO: [ε | challenge_v0 success_request_with_credentials success_request_with_credentials tlv_request eap_success / ε | challenge_response_v0 success_response_v0 success_response_v0 tlv_success after_eap_success]
Dec 18, 2025 1:16:41 PM de.learnlib.logging.LearnLogger logQuery
INFO: DB CACHE [ε | challenge_v0 success_request_with_credentials success_and_cryptobinding tlv_request /  challenge_response_v0 success_response_v0 tlv_success_and_cryptobinding no_reply]
Dec 18, 2025 1:16:41 PM de.learnlib.logging.LearnLogger logQuery
INFO: DB CACHE [ε | challenge_v0 success_request_with_credentials id_request_v0 tlv_failure /  challenge_response_v0 success_response_v0 id_response_v0 tlv_failure]
Dec 18, 2025 1:16:41 PM de.learnlib.logging.LearnLogger logQuery
INFO: DB CACHE [ε | challenge_v0 success_request_with_credentials challenge_v0 tlv_failure /  challenge_response_v0 success_response_v0 challenge_response_v0 tlv_failure]
Dec 18, 2025 1:16:41 PM de.learnlib.logging.LearnLogger logQuery
INFO: DB CACHE [ε | challenge_v0 success_request_with_credentials tlv_request tlv_failure /  challenge_response_v0 success_response_v0 tlv_success no_reply]
Dec 18, 2025 1:16:41 PM de.learnlib.logging.LearnLogger logQuery
INFO: DB CACHE [ε | challenge_v0 success_request_with_credentials success_request_with_credentials tlv_failure /  challenge_response_v0 success_response_v0 success_response_v0 tlv_failure]
Dec 18, 2025 1:16:41 PM de.learnlib.logging.LearnLogger logQuery
INFO: DB CACHE [ε | challenge_v0 success_request_with_credentials success_and_cryptobinding tlv_failure /  challenge_response_v0 success_response_v0 tlv_success_and_cryptobinding no_reply]
Dec 18, 2025 1:16:41 PM de.learnlib.logging.LearnLogger logQuery
INFO: DB CACHE [ε | challenge_v0 success_request_with_credentials id_request_v0 success_request_all_zeros /  challenge_response_v0 success_response_v0 id_response_v0 no_reply]
Dec 18, 2025 1:16:41 PM de.learnlib.logging.LearnLogger logQuery
INFO: DB CACHE [ε | challenge_v0 success_request_with_credentials challenge_v0 success_request_all_zeros /  challenge_response_v0 success_response_v0 challenge_response_v0 no_reply]
Dec 18, 2025 1:16:41 PM de.learnlib.logging.LearnLogger logQuery
INFO: DB CACHE [ε | challenge_v0 success_request_with_credentials tlv_request success_request_all_zeros /  challenge_response_v0 success_response_v0 tlv_success no_reply]
Dec 18, 2025 1:16:41 PM de.learnlib.logging.LearnLogger logQuery
INFO: DB CACHE [ε | challenge_v0 success_request_with_credentials success_request_with_credentials success_request_all_zeros /  challenge_response_v0 success_response_v0 success_response_v0 no_reply]
Dec 18, 2025 1:16:41 PM de.learnlib.logging.LearnLogger logQuery
INFO: DB CACHE [ε | challenge_v0 success_request_with_credentials success_and_cryptobinding success_request_all_zeros /  challenge_response_v0 success_response_v0 tlv_success_and_cryptobinding no_reply]
Dec 18, 2025 1:16:42 PM de.learnlib.logging.LearnLogger logQuery
INFO: [ε | challenge_v0 success_request_with_credentials id_request_v0 success_request_with_credentials success_request_with_credentials / ε | challenge_response_v0 success_response_v0 id_response_v0 success_response_v0 success_response_v0]
Dec 18, 2025 1:16:44 PM de.learnlib.logging.LearnLogger logQuery
INFO: [ε | challenge_v0 success_request_with_credentials id_request_v0 success_request_with_credentials id_request_v0 / ε | challenge_response_v0 success_response_v0 id_response_v0 success_response_v0 id_response_v0]
Dec 18, 2025 1:16:45 PM de.learnlib.logging.LearnLogger logQuery
INFO: [ε | challenge_v0 success_request_with_credentials id_request_v0 success_request_with_credentials eap_success / ε | challenge_response_v0 success_response_v0 id_response_v0 success_response_v0 deauthentication]
Dec 18, 2025 1:16:47 PM de.learnlib.logging.LearnLogger logQuery
INFO: [ε | challenge_v0 success_request_with_credentials challenge_v0 success_request_with_credentials success_request_with_credentials / ε | challenge_response_v0 success_response_v0 challenge_response_v0 success_response_v0 success_response_v0]
Dec 18, 2025 1:16:48 PM de.learnlib.logging.LearnLogger logQuery
INFO: [ε | challenge_v0 success_request_with_credentials challenge_v0 success_request_with_credentials id_request_v0 / ε | challenge_response_v0 success_response_v0 challenge_response_v0 success_response_v0 id_response_v0]
Dec 18, 2025 1:16:50 PM de.learnlib.logging.LearnLogger logQuery
INFO: [ε | challenge_v0 success_request_with_credentials challenge_v0 success_request_with_credentials eap_success / ε | challenge_response_v0 success_response_v0 challenge_response_v0 success_response_v0 deauthentication]
Dec 18, 2025 1:16:51 PM de.learnlib.logging.LearnLogger logQuery
INFO: [ε | challenge_v0 success_request_with_credentials success_request_with_credentials success_request_with_credentials success_request_with_credentials / ε | challenge_response_v0 success_response_v0 success_response_v0 success_response_v0 success_response_v0]
Dec 18, 2025 1:16:52 PM de.learnlib.logging.LearnLogger logQuery
INFO: [ε | challenge_v0 success_request_with_credentials success_request_with_credentials success_request_with_credentials id_request_v0 / ε | challenge_response_v0 success_response_v0 success_response_v0 success_response_v0 id_response_v0]
Dec 18, 2025 1:16:54 PM de.learnlib.logging.LearnLogger logQuery
INFO: [ε | challenge_v0 success_request_with_credentials success_request_with_credentials success_request_with_credentials eap_success / ε | challenge_response_v0 success_response_v0 success_response_v0 success_response_v0 deauthentication]
Dec 18, 2025 1:16:54 PM de.learnlib.logging.LearnLogger logQuery
INFO: DB CACHE [ε | challenge_v0 success_request_with_credentials id_request_v0 success_and_cryptobinding /  challenge_response_v0 success_response_v0 id_response_v0 tlv_success_and_cryptobinding]
Dec 18, 2025 1:16:56 PM de.learnlib.logging.LearnLogger logQuery
INFO: [ε | challenge_v0 success_request_with_credentials id_request_v0 success_and_cryptobinding success_request_with_credentials / ε | challenge_response_v0 success_response_v0 id_response_v0 tlv_success_and_cryptobinding no_reply]
Dec 18, 2025 1:16:57 PM de.learnlib.logging.LearnLogger logQuery
INFO: [ε | challenge_v0 success_request_with_credentials id_request_v0 success_and_cryptobinding id_request_v0 / ε | challenge_response_v0 success_response_v0 id_response_v0 tlv_success_and_cryptobinding no_reply]
Dec 18, 2025 1:16:59 PM de.learnlib.logging.LearnLogger logQuery
INFO: [ε | challenge_v0 success_request_with_credentials id_request_v0 success_and_cryptobinding eap_success / ε | challenge_response_v0 success_response_v0 id_response_v0 tlv_success_and_cryptobinding after_eap_success]
Dec 18, 2025 1:16:59 PM de.learnlib.logging.LearnLogger logQuery
INFO: DB CACHE [ε | challenge_v0 success_request_with_credentials challenge_v0 success_and_cryptobinding /  challenge_response_v0 success_response_v0 challenge_response_v0 tlv_success_and_cryptobinding]
Dec 18, 2025 1:17:01 PM de.learnlib.logging.LearnLogger logQuery
INFO: [ε | challenge_v0 success_request_with_credentials challenge_v0 success_and_cryptobinding success_request_with_credentials / ε | challenge_response_v0 success_response_v0 challenge_response_v0 tlv_success_and_cryptobinding no_reply]
Dec 18, 2025 1:17:02 PM de.learnlib.logging.LearnLogger logQuery
INFO: [ε | challenge_v0 success_request_with_credentials challenge_v0 success_and_cryptobinding id_request_v0 / ε | challenge_response_v0 success_response_v0 challenge_response_v0 tlv_success_and_cryptobinding no_reply]
Dec 18, 2025 1:17:04 PM de.learnlib.logging.LearnLogger logQuery
INFO: [ε | challenge_v0 success_request_with_credentials challenge_v0 success_and_cryptobinding eap_success / ε | challenge_response_v0 success_response_v0 challenge_response_v0 tlv_success_and_cryptobinding after_eap_success]
Dec 18, 2025 1:17:04 PM de.learnlib.logging.LearnLogger logQuery
INFO: DB CACHE [ε | challenge_v0 success_request_with_credentials tlv_request success_and_cryptobinding /  challenge_response_v0 success_response_v0 tlv_success no_reply]
Dec 18, 2025 1:17:04 PM de.learnlib.logging.LearnLogger logQuery
INFO: DB CACHE [ε | challenge_v0 success_request_with_credentials success_request_with_credentials success_and_cryptobinding /  challenge_response_v0 success_response_v0 success_response_v0 tlv_success_and_cryptobinding]
Dec 18, 2025 1:17:06 PM de.learnlib.logging.LearnLogger logQuery
INFO: [ε | challenge_v0 success_request_with_credentials success_request_with_credentials success_and_cryptobinding success_request_with_credentials / ε | challenge_response_v0 success_response_v0 success_response_v0 tlv_success_and_cryptobinding no_reply]
Dec 18, 2025 1:17:07 PM de.learnlib.logging.LearnLogger logQuery
INFO: [ε | challenge_v0 success_request_with_credentials success_request_with_credentials success_and_cryptobinding id_request_v0 / ε | challenge_response_v0 success_response_v0 success_response_v0 tlv_success_and_cryptobinding no_reply]
Dec 18, 2025 1:17:09 PM de.learnlib.logging.LearnLogger logQuery
INFO: [ε | challenge_v0 success_request_with_credentials success_request_with_credentials success_and_cryptobinding eap_success / ε | challenge_response_v0 success_response_v0 success_response_v0 tlv_success_and_cryptobinding after_eap_success]
Dec 18, 2025 1:17:09 PM de.learnlib.logging.LearnLogger logQuery
INFO: DB CACHE [ε | challenge_v0 success_request_with_credentials success_and_cryptobinding success_and_cryptobinding /  challenge_response_v0 success_response_v0 tlv_success_and_cryptobinding no_reply]
Dec 18, 2025 1:17:09 PM de.learnlib.logging.LearnLogger logQuery
INFO: DB CACHE [ε | challenge_v0 success_request_with_credentials id_request_v0 cryptobinding /  challenge_response_v0 success_response_v0 id_response_v0 no_reply]
Dec 18, 2025 1:17:09 PM de.learnlib.logging.LearnLogger logQuery
INFO: DB CACHE [ε | challenge_v0 success_request_with_credentials challenge_v0 cryptobinding /  challenge_response_v0 success_response_v0 challenge_response_v0 no_reply]
Dec 18, 2025 1:17:09 PM de.learnlib.logging.LearnLogger logQuery
INFO: DB CACHE [ε | challenge_v0 success_request_with_credentials tlv_request cryptobinding /  challenge_response_v0 success_response_v0 tlv_success no_reply]
Dec 18, 2025 1:17:09 PM de.learnlib.logging.LearnLogger logQuery
INFO: DB CACHE [ε | challenge_v0 success_request_with_credentials success_request_with_credentials cryptobinding /  challenge_response_v0 success_response_v0 success_response_v0 no_reply]
Dec 18, 2025 1:17:09 PM de.learnlib.logging.LearnLogger logQuery
INFO: DB CACHE [ε | challenge_v0 success_request_with_credentials success_and_cryptobinding cryptobinding /  challenge_response_v0 success_response_v0 tlv_success_and_cryptobinding no_reply]
Dec 18, 2025 1:17:09 PM de.learnlib.logging.LearnLogger logQuery
INFO: DB CACHE [ε | challenge_v0 success_request_with_credentials tlv_request eap_success success_request_with_credentials /  challenge_response_v0 success_response_v0 tlv_success after_eap_success no_reply]
Dec 18, 2025 1:17:09 PM de.learnlib.logging.LearnLogger logQuery
INFO: DB CACHE [ε | challenge_v0 success_request_with_credentials tlv_request eap_success id_request_v0 /  challenge_response_v0 success_response_v0 tlv_success after_eap_success no_reply]
Dec 18, 2025 1:17:09 PM de.learnlib.logging.LearnLogger logQuery
INFO: DB CACHE [ε | challenge_v0 success_request_with_credentials tlv_request eap_success eap_success /  challenge_response_v0 success_response_v0 tlv_success after_eap_success after_eap_success]
Dec 18, 2025 1:17:11 PM de.learnlib.logging.LearnLogger logQuery
INFO: [ε | challenge_v0 success_request_with_credentials success_and_cryptobinding eap_success success_request_with_credentials / ε | challenge_response_v0 success_response_v0 tlv_success_and_cryptobinding after_eap_success no_reply]
Dec 18, 2025 1:17:13 PM de.learnlib.logging.LearnLogger logQuery
INFO: [ε | challenge_v0 success_request_with_credentials success_and_cryptobinding eap_success id_request_v0 / ε | challenge_response_v0 success_response_v0 tlv_success_and_cryptobinding after_eap_success no_reply]
Dec 18, 2025 1:17:15 PM de.learnlib.logging.LearnLogger logQuery
INFO: [ε | challenge_v0 success_request_with_credentials success_and_cryptobinding eap_success eap_success / ε | challenge_response_v0 success_response_v0 tlv_success_and_cryptobinding after_eap_success after_eap_success]
Dec 18, 2025 1:17:15 PM de.learnlib.logging.LearnLogger logQuery
INFO: DB CACHE [ε | challenge_v0 success_request_with_credentials id_request_v0 4_way_message_1 /  challenge_response_v0 success_response_v0 id_response_v0 deauthentication]
Dec 18, 2025 1:17:15 PM de.learnlib.logging.LearnLogger logQuery
INFO: DB CACHE [ε | challenge_v0 success_request_with_credentials challenge_v0 4_way_message_1 /  challenge_response_v0 success_response_v0 challenge_response_v0 deauthentication]
Dec 18, 2025 1:17:15 PM de.learnlib.logging.LearnLogger logQuery
INFO: DB CACHE [ε | challenge_v0 success_request_with_credentials tlv_request 4_way_message_1 /  challenge_response_v0 success_response_v0 tlv_success 4_way_message_2]
Dec 18, 2025 1:17:15 PM de.learnlib.logging.LearnLogger logQuery
INFO: DB CACHE [ε | challenge_v0 success_request_with_credentials success_request_with_credentials 4_way_message_1 /  challenge_response_v0 success_response_v0 success_response_v0 deauthentication]
Dec 18, 2025 1:17:15 PM de.learnlib.logging.LearnLogger logQuery
INFO: DB CACHE [ε | challenge_v0 success_request_with_credentials success_and_cryptobinding 4_way_message_1 /  challenge_response_v0 success_response_v0 tlv_success_and_cryptobinding 4_way_message_2]
Dec 18, 2025 1:17:15 PM de.learnlib.logging.LearnLogger logQuery
INFO: DB CACHE [ε | tlv_request id_request_v0 /  tlv_failure -]
Dec 18, 2025 1:17:15 PM de.learnlib.logging.LearnLogger logQuery
INFO: DB CACHE [ε | tlv_request challenge_v0 /  tlv_failure -]
Dec 18, 2025 1:17:15 PM de.learnlib.logging.LearnLogger logQuery
INFO: DB CACHE [ε | tlv_request tlv_request /  tlv_failure -]
Dec 18, 2025 1:17:15 PM de.learnlib.logging.LearnLogger logQuery
INFO: DB CACHE [ε | tlv_request tlv_failure /  tlv_failure -]
Dec 18, 2025 1:17:15 PM de.learnlib.logging.LearnLogger logQuery
INFO: DB CACHE [ε | tlv_request success_request_all_zeros /  tlv_failure -]
Dec 18, 2025 1:17:15 PM de.learnlib.logging.LearnLogger logQuery
INFO: DB CACHE [ε | tlv_request success_request_with_credentials /  tlv_failure -]
Dec 18, 2025 1:17:15 PM de.learnlib.logging.LearnLogger logQuery
INFO: DB CACHE [ε | tlv_request success_and_cryptobinding /  tlv_failure -]
Dec 18, 2025 1:17:15 PM de.learnlib.logging.LearnLogger logQuery
INFO: DB CACHE [ε | tlv_request cryptobinding /  tlv_failure -]
Dec 18, 2025 1:17:15 PM de.learnlib.logging.LearnLogger logQuery
INFO: DB CACHE [ε | tlv_request eap_success /  tlv_failure -]
Dec 18, 2025 1:17:15 PM de.learnlib.logging.LearnLogger logQuery
INFO: DB CACHE [ε | tlv_request 4_way_message_1 /  tlv_failure -]
Dec 18, 2025 1:17:16 PM de.learnlib.logging.LearnLogger logQuery
INFO: [ε | challenge_v0 success_request_with_credentials id_request_v0 id_request_v0 id_request_v0 success_request_with_credentials / ε | challenge_response_v0 success_response_v0 id_response_v0 id_response_v0 id_response_v0 success_response_v0]
Dec 18, 2025 1:17:17 PM de.learnlib.logging.LearnLogger logQuery
INFO: [ε | challenge_v0 success_request_with_credentials id_request_v0 id_request_v0 id_request_v0 id_request_v0 / ε | challenge_response_v0 success_response_v0 id_response_v0 id_response_v0 id_response_v0 id_response_v0]
Dec 18, 2025 1:17:19 PM de.learnlib.logging.LearnLogger logQuery
INFO: [ε | challenge_v0 success_request_with_credentials id_request_v0 id_request_v0 id_request_v0 eap_success / ε | challenge_response_v0 success_response_v0 id_response_v0 id_response_v0 id_response_v0 deauthentication]
Dec 18, 2025 1:17:20 PM de.learnlib.logging.LearnLogger logQuery
INFO: [ε | challenge_v0 success_request_with_credentials id_request_v0 challenge_v0 id_request_v0 success_request_with_credentials / ε | challenge_response_v0 success_response_v0 id_response_v0 challenge_response_v0 id_response_v0 success_response_v0]
Dec 18, 2025 1:17:22 PM de.learnlib.logging.LearnLogger logQuery
INFO: [ε | challenge_v0 success_request_with_credentials id_request_v0 challenge_v0 id_request_v0 id_request_v0 / ε | challenge_response_v0 success_response_v0 id_response_v0 challenge_response_v0 id_response_v0 id_response_v0]
Dec 18, 2025 1:17:23 PM de.learnlib.logging.LearnLogger logQuery
INFO: [ε | challenge_v0 success_request_with_credentials id_request_v0 challenge_v0 id_request_v0 eap_success / ε | challenge_response_v0 success_response_v0 id_response_v0 challenge_response_v0 id_response_v0 deauthentication]
Dec 18, 2025 1:17:25 PM de.learnlib.logging.LearnLogger logQuery
INFO: [ε | challenge_v0 success_request_with_credentials id_request_v0 success_request_with_credentials id_request_v0 success_request_with_credentials / ε | challenge_response_v0 success_response_v0 id_response_v0 success_response_v0 id_response_v0 success_response_v0]
Dec 18, 2025 1:17:26 PM de.learnlib.logging.LearnLogger logQuery
INFO: [ε | challenge_v0 success_request_with_credentials id_request_v0 success_request_with_credentials id_request_v0 id_request_v0 / ε | challenge_response_v0 success_response_v0 id_response_v0 success_response_v0 id_response_v0 id_response_v0]
Dec 18, 2025 1:17:27 PM de.learnlib.logging.LearnLogger logQuery
INFO: [ε | challenge_v0 success_request_with_credentials id_request_v0 success_request_with_credentials id_request_v0 eap_success / ε | challenge_response_v0 success_response_v0 id_response_v0 success_response_v0 id_response_v0 deauthentication]
Dec 18, 2025 1:17:29 PM de.learnlib.logging.LearnLogger logQuery
INFO: [ε | challenge_v0 success_request_with_credentials id_request_v0 id_request_v0 challenge_v0 / ε | challenge_response_v0 success_response_v0 id_response_v0 id_response_v0 challenge_response_v0]
Dec 18, 2025 1:17:30 PM de.learnlib.logging.LearnLogger logQuery
INFO: [ε | challenge_v0 success_request_with_credentials id_request_v0 id_request_v0 challenge_v0 success_request_with_credentials / ε | challenge_response_v0 success_response_v0 id_response_v0 id_response_v0 challenge_response_v0 success_response_v0]
Dec 18, 2025 1:17:32 PM de.learnlib.logging.LearnLogger logQuery
INFO: [ε | challenge_v0 success_request_with_credentials id_request_v0 id_request_v0 challenge_v0 id_request_v0 / ε | challenge_response_v0 success_response_v0 id_response_v0 id_response_v0 challenge_response_v0 id_response_v0]
Dec 18, 2025 1:17:33 PM de.learnlib.logging.LearnLogger logQuery
INFO: [ε | challenge_v0 success_request_with_credentials id_request_v0 id_request_v0 challenge_v0 eap_success / ε | challenge_response_v0 success_response_v0 id_response_v0 id_response_v0 challenge_response_v0 deauthentication]
Dec 18, 2025 1:17:35 PM de.learnlib.logging.LearnLogger logQuery
INFO: [ε | challenge_v0 success_request_with_credentials id_request_v0 challenge_v0 challenge_v0 / ε | challenge_response_v0 success_response_v0 id_response_v0 challenge_response_v0 challenge_response_v0]
Dec 18, 2025 1:17:36 PM de.learnlib.logging.LearnLogger logQuery
INFO: [ε | challenge_v0 success_request_with_credentials id_request_v0 challenge_v0 challenge_v0 success_request_with_credentials / ε | challenge_response_v0 success_response_v0 id_response_v0 challenge_response_v0 challenge_response_v0 success_response_v0]
Dec 18, 2025 1:17:37 PM de.learnlib.logging.LearnLogger logQuery
INFO: [ε | challenge_v0 success_request_with_credentials id_request_v0 challenge_v0 challenge_v0 id_request_v0 / ε | challenge_response_v0 success_response_v0 id_response_v0 challenge_response_v0 challenge_response_v0 id_response_v0]
Dec 18, 2025 1:17:39 PM de.learnlib.logging.LearnLogger logQuery
INFO: [ε | challenge_v0 success_request_with_credentials id_request_v0 challenge_v0 challenge_v0 eap_success / ε | challenge_response_v0 success_response_v0 id_response_v0 challenge_response_v0 challenge_response_v0 deauthentication]
Dec 18, 2025 1:17:41 PM de.learnlib.logging.LearnLogger logQuery
INFO: [ε | challenge_v0 success_request_with_credentials id_request_v0 tlv_request challenge_v0 / ε | challenge_response_v0 success_response_v0 id_response_v0 tlv_success no_reply]
Dec 18, 2025 1:17:42 PM de.learnlib.logging.LearnLogger logQuery
INFO: [ε | challenge_v0 success_request_with_credentials id_request_v0 success_request_with_credentials challenge_v0 / ε | challenge_response_v0 success_response_v0 id_response_v0 success_response_v0 challenge_response_v0]
Dec 18, 2025 1:17:43 PM de.learnlib.logging.LearnLogger logQuery
INFO: [ε | challenge_v0 success_request_with_credentials id_request_v0 success_request_with_credentials challenge_v0 success_request_with_credentials / ε | challenge_response_v0 success_response_v0 id_response_v0 success_response_v0 challenge_response_v0 success_response_v0]
Dec 18, 2025 1:17:45 PM de.learnlib.logging.LearnLogger logQuery
INFO: [ε | challenge_v0 success_request_with_credentials id_request_v0 success_request_with_credentials challenge_v0 id_request_v0 / ε | challenge_response_v0 success_response_v0 id_response_v0 success_response_v0 challenge_response_v0 id_response_v0]
Dec 18, 2025 1:17:46 PM de.learnlib.logging.LearnLogger logQuery
INFO: [ε | challenge_v0 success_request_with_credentials id_request_v0 success_request_with_credentials challenge_v0 eap_success / ε | challenge_response_v0 success_response_v0 id_response_v0 success_response_v0 challenge_response_v0 deauthentication]
Dec 18, 2025 1:17:48 PM de.learnlib.logging.LearnLogger logQuery
INFO: [ε | challenge_v0 success_request_with_credentials id_request_v0 success_and_cryptobinding challenge_v0 / ε | challenge_response_v0 success_response_v0 id_response_v0 tlv_success_and_cryptobinding no_reply]
Dec 18, 2025 1:17:49 PM de.learnlib.logging.LearnLogger logQuery
INFO: [ε | challenge_v0 success_request_with_credentials id_request_v0 id_request_v0 tlv_request / ε | challenge_response_v0 success_response_v0 id_response_v0 id_response_v0 tlv_success]
Dec 18, 2025 1:17:51 PM de.learnlib.logging.LearnLogger logQuery
INFO: [ε | challenge_v0 success_request_with_credentials id_request_v0 id_request_v0 tlv_request success_request_with_credentials / ε | challenge_response_v0 success_response_v0 id_response_v0 id_response_v0 tlv_success no_reply]
Dec 18, 2025 1:17:53 PM de.learnlib.logging.LearnLogger logQuery
INFO: [ε | challenge_v0 success_request_with_credentials id_request_v0 id_request_v0 tlv_request id_request_v0 / ε | challenge_response_v0 success_response_v0 id_response_v0 id_response_v0 tlv_success no_reply]
Dec 18, 2025 1:17:55 PM de.learnlib.logging.LearnLogger logQuery
INFO: [ε | challenge_v0 success_request_with_credentials id_request_v0 id_request_v0 tlv_request eap_success / ε | challenge_response_v0 success_response_v0 id_response_v0 id_response_v0 tlv_success after_eap_success]
Dec 18, 2025 1:17:56 PM de.learnlib.logging.LearnLogger logQuery
INFO: [ε | challenge_v0 success_request_with_credentials id_request_v0 challenge_v0 tlv_request / ε | challenge_response_v0 success_response_v0 id_response_v0 challenge_response_v0 tlv_success]
Dec 18, 2025 1:17:57 PM de.learnlib.logging.LearnLogger logQuery
INFO: [ε | challenge_v0 success_request_with_credentials id_request_v0 challenge_v0 tlv_request success_request_with_credentials / ε | challenge_response_v0 success_response_v0 id_response_v0 challenge_response_v0 tlv_success no_reply]
Dec 18, 2025 1:17:59 PM de.learnlib.logging.LearnLogger logQuery
INFO: [ε | challenge_v0 success_request_with_credentials id_request_v0 challenge_v0 tlv_request id_request_v0 / ε | challenge_response_v0 success_response_v0 id_response_v0 challenge_response_v0 tlv_success no_reply]
Dec 18, 2025 1:18:01 PM de.learnlib.logging.LearnLogger logQuery
INFO: [ε | challenge_v0 success_request_with_credentials id_request_v0 challenge_v0 tlv_request eap_success / ε | challenge_response_v0 success_response_v0 id_response_v0 challenge_response_v0 tlv_success after_eap_success]
Dec 18, 2025 1:18:03 PM de.learnlib.logging.LearnLogger logQuery
INFO: [ε | challenge_v0 success_request_with_credentials id_request_v0 tlv_request tlv_request / ε | challenge_response_v0 success_response_v0 id_response_v0 tlv_success no_reply]
Dec 18, 2025 1:18:04 PM de.learnlib.logging.LearnLogger logQuery
INFO: [ε | challenge_v0 success_request_with_credentials id_request_v0 success_request_with_credentials tlv_request / ε | challenge_response_v0 success_response_v0 id_response_v0 success_response_v0 tlv_success]
Dec 18, 2025 1:18:06 PM de.learnlib.logging.LearnLogger logQuery
INFO: [ε | challenge_v0 success_request_with_credentials id_request_v0 success_request_with_credentials tlv_request success_request_with_credentials / ε | challenge_response_v0 success_response_v0 id_response_v0 success_response_v0 tlv_success no_reply]
Dec 18, 2025 1:18:07 PM de.learnlib.logging.LearnLogger logQuery
INFO: [ε | challenge_v0 success_request_with_credentials id_request_v0 success_request_with_credentials tlv_request id_request_v0 / ε | challenge_response_v0 success_response_v0 id_response_v0 success_response_v0 tlv_success no_reply]
Dec 18, 2025 1:18:09 PM de.learnlib.logging.LearnLogger logQuery
INFO: [ε | challenge_v0 success_request_with_credentials id_request_v0 success_request_with_credentials tlv_request eap_success / ε | challenge_response_v0 success_response_v0 id_response_v0 success_response_v0 tlv_success after_eap_success]
Dec 18, 2025 1:18:11 PM de.learnlib.logging.LearnLogger logQuery
INFO: [ε | challenge_v0 success_request_with_credentials id_request_v0 success_and_cryptobinding tlv_request / ε | challenge_response_v0 success_response_v0 id_response_v0 tlv_success_and_cryptobinding no_reply]
Dec 18, 2025 1:18:12 PM de.learnlib.logging.LearnLogger logQuery
INFO: [ε | challenge_v0 success_request_with_credentials id_request_v0 id_request_v0 tlv_failure / ε | challenge_response_v0 success_response_v0 id_response_v0 id_response_v0 tlv_failure]
Dec 18, 2025 1:18:14 PM de.learnlib.logging.LearnLogger logQuery
INFO: [ε | challenge_v0 success_request_with_credentials id_request_v0 challenge_v0 tlv_failure / ε | challenge_response_v0 success_response_v0 id_response_v0 challenge_response_v0 tlv_failure]
Dec 18, 2025 1:18:16 PM de.learnlib.logging.LearnLogger logQuery
INFO: [ε | challenge_v0 success_request_with_credentials id_request_v0 tlv_request tlv_failure / ε | challenge_response_v0 success_response_v0 id_response_v0 tlv_success no_reply]
Dec 18, 2025 1:18:17 PM de.learnlib.logging.LearnLogger logQuery
INFO: [ε | challenge_v0 success_request_with_credentials id_request_v0 success_request_with_credentials tlv_failure / ε | challenge_response_v0 success_response_v0 id_response_v0 success_response_v0 tlv_failure]
Dec 18, 2025 1:18:19 PM de.learnlib.logging.LearnLogger logQuery
INFO: [ε | challenge_v0 success_request_with_credentials id_request_v0 success_and_cryptobinding tlv_failure / ε | challenge_response_v0 success_response_v0 id_response_v0 tlv_success_and_cryptobinding no_reply]
Dec 18, 2025 1:18:21 PM de.learnlib.logging.LearnLogger logQuery
INFO: [ε | challenge_v0 success_request_with_credentials id_request_v0 id_request_v0 success_request_all_zeros / ε | challenge_response_v0 success_response_v0 id_response_v0 id_response_v0 no_reply]
Dec 18, 2025 1:18:22 PM de.learnlib.logging.LearnLogger logQuery
INFO: [ε | challenge_v0 success_request_with_credentials id_request_v0 challenge_v0 success_request_all_zeros / ε | challenge_response_v0 success_response_v0 id_response_v0 challenge_response_v0 no_reply]
Dec 18, 2025 1:18:24 PM de.learnlib.logging.LearnLogger logQuery
INFO: [ε | challenge_v0 success_request_with_credentials id_request_v0 tlv_request success_request_all_zeros / ε | challenge_response_v0 success_response_v0 id_response_v0 tlv_success no_reply]
Dec 18, 2025 1:18:26 PM de.learnlib.logging.LearnLogger logQuery
INFO: [ε | challenge_v0 success_request_with_credentials id_request_v0 success_request_with_credentials success_request_all_zeros / ε | challenge_response_v0 success_response_v0 id_response_v0 success_response_v0 no_reply]
Dec 18, 2025 1:18:28 PM de.learnlib.logging.LearnLogger logQuery
INFO: [ε | challenge_v0 success_request_with_credentials id_request_v0 success_and_cryptobinding success_request_all_zeros / ε | challenge_response_v0 success_response_v0 id_response_v0 tlv_success_and_cryptobinding no_reply]
Dec 18, 2025 1:18:29 PM de.learnlib.logging.LearnLogger logQuery
INFO: [ε | challenge_v0 success_request_with_credentials id_request_v0 id_request_v0 success_request_with_credentials success_request_with_credentials / ε | challenge_response_v0 success_response_v0 id_response_v0 id_response_v0 success_response_v0 success_response_v0]
Dec 18, 2025 1:18:30 PM de.learnlib.logging.LearnLogger logQuery
INFO: [ε | challenge_v0 success_request_with_credentials id_request_v0 id_request_v0 success_request_with_credentials id_request_v0 / ε | challenge_response_v0 success_response_v0 id_response_v0 id_response_v0 success_response_v0 id_response_v0]
Dec 18, 2025 1:18:32 PM de.learnlib.logging.LearnLogger logQuery
INFO: [ε | challenge_v0 success_request_with_credentials id_request_v0 id_request_v0 success_request_with_credentials eap_success / ε | challenge_response_v0 success_response_v0 id_response_v0 id_response_v0 success_response_v0 deauthentication]
Dec 18, 2025 1:18:33 PM de.learnlib.logging.LearnLogger logQuery
INFO: [ε | challenge_v0 success_request_with_credentials id_request_v0 challenge_v0 success_request_with_credentials success_request_with_credentials / ε | challenge_response_v0 success_response_v0 id_response_v0 challenge_response_v0 success_response_v0 success_response_v0]
Dec 18, 2025 1:18:35 PM de.learnlib.logging.LearnLogger logQuery
INFO: [ε | challenge_v0 success_request_with_credentials id_request_v0 challenge_v0 success_request_with_credentials id_request_v0 / ε | challenge_response_v0 success_response_v0 id_response_v0 challenge_response_v0 success_response_v0 id_response_v0]
Dec 18, 2025 1:18:36 PM de.learnlib.logging.LearnLogger logQuery
INFO: [ε | challenge_v0 success_request_with_credentials id_request_v0 challenge_v0 success_request_with_credentials eap_success / ε | challenge_response_v0 success_response_v0 id_response_v0 challenge_response_v0 success_response_v0 deauthentication]
Dec 18, 2025 1:18:38 PM de.learnlib.logging.LearnLogger logQuery
INFO: [ε | challenge_v0 success_request_with_credentials id_request_v0 success_request_with_credentials success_request_with_credentials success_request_with_credentials / ε | challenge_response_v0 success_response_v0 id_response_v0 success_response_v0 success_response_v0 success_response_v0]
Dec 18, 2025 1:18:39 PM de.learnlib.logging.LearnLogger logQuery
INFO: [ε | challenge_v0 success_request_with_credentials id_request_v0 success_request_with_credentials success_request_with_credentials id_request_v0 / ε | challenge_response_v0 success_response_v0 id_response_v0 success_response_v0 success_response_v0 id_response_v0]
Dec 18, 2025 1:18:41 PM de.learnlib.logging.LearnLogger logQuery
INFO: [ε | challenge_v0 success_request_with_credentials id_request_v0 success_request_with_credentials success_request_with_credentials eap_success / ε | challenge_response_v0 success_response_v0 id_response_v0 success_response_v0 success_response_v0 deauthentication]
Dec 18, 2025 1:18:42 PM de.learnlib.logging.LearnLogger logQuery
INFO: [ε | challenge_v0 success_request_with_credentials id_request_v0 id_request_v0 success_and_cryptobinding / ε | challenge_response_v0 success_response_v0 id_response_v0 id_response_v0 tlv_success_and_cryptobinding]
Dec 18, 2025 1:18:44 PM de.learnlib.logging.LearnLogger logQuery
INFO: [ε | challenge_v0 success_request_with_credentials id_request_v0 id_request_v0 success_and_cryptobinding success_request_with_credentials / ε | challenge_response_v0 success_response_v0 id_response_v0 id_response_v0 tlv_success_and_cryptobinding no_reply]
Dec 18, 2025 1:18:45 PM de.learnlib.logging.LearnLogger logQuery
INFO: [ε | challenge_v0 success_request_with_credentials id_request_v0 id_request_v0 success_and_cryptobinding id_request_v0 / ε | challenge_response_v0 success_response_v0 id_response_v0 id_response_v0 tlv_success_and_cryptobinding no_reply]
Dec 18, 2025 1:18:47 PM de.learnlib.logging.LearnLogger logQuery
INFO: [ε | challenge_v0 success_request_with_credentials id_request_v0 id_request_v0 success_and_cryptobinding eap_success / ε | challenge_response_v0 success_response_v0 id_response_v0 id_response_v0 tlv_success_and_cryptobinding after_eap_success]
Dec 18, 2025 1:18:49 PM de.learnlib.logging.LearnLogger logQuery
INFO: [ε | challenge_v0 success_request_with_credentials id_request_v0 challenge_v0 success_and_cryptobinding / ε | challenge_response_v0 success_response_v0 id_response_v0 challenge_response_v0 tlv_success_and_cryptobinding]
Dec 18, 2025 1:18:50 PM de.learnlib.logging.LearnLogger logQuery
INFO: [ε | challenge_v0 success_request_with_credentials id_request_v0 challenge_v0 success_and_cryptobinding success_request_with_credentials / ε | challenge_response_v0 success_response_v0 id_response_v0 challenge_response_v0 tlv_success_and_cryptobinding no_reply]
Dec 18, 2025 1:18:52 PM de.learnlib.logging.LearnLogger logQuery
INFO: [ε | challenge_v0 success_request_with_credentials id_request_v0 challenge_v0 success_and_cryptobinding id_request_v0 / ε | challenge_response_v0 success_response_v0 id_response_v0 challenge_response_v0 tlv_success_and_cryptobinding no_reply]
Dec 18, 2025 1:18:54 PM de.learnlib.logging.LearnLogger logQuery
INFO: [ε | challenge_v0 success_request_with_credentials id_request_v0 challenge_v0 success_and_cryptobinding eap_success / ε | challenge_response_v0 success_response_v0 id_response_v0 challenge_response_v0 tlv_success_and_cryptobinding after_eap_success]
Dec 18, 2025 1:18:55 PM de.learnlib.logging.LearnLogger logQuery
INFO: [ε | challenge_v0 success_request_with_credentials id_request_v0 tlv_request success_and_cryptobinding / ε | challenge_response_v0 success_response_v0 id_response_v0 tlv_success no_reply]
Dec 18, 2025 1:18:57 PM de.learnlib.logging.LearnLogger logQuery
INFO: [ε | challenge_v0 success_request_with_credentials id_request_v0 success_request_with_credentials success_and_cryptobinding / ε | challenge_response_v0 success_response_v0 id_response_v0 success_response_v0 tlv_success_and_cryptobinding]
Dec 18, 2025 1:18:58 PM de.learnlib.logging.LearnLogger logQuery
INFO: [ε | challenge_v0 success_request_with_credentials id_request_v0 success_request_with_credentials success_and_cryptobinding success_request_with_credentials / ε | challenge_response_v0 success_response_v0 id_response_v0 success_response_v0 tlv_success_and_cryptobinding no_reply]
Dec 18, 2025 1:19:00 PM de.learnlib.logging.LearnLogger logQuery
INFO: [ε | challenge_v0 success_request_with_credentials id_request_v0 success_request_with_credentials success_and_cryptobinding id_request_v0 / ε | challenge_response_v0 success_response_v0 id_response_v0 success_response_v0 tlv_success_and_cryptobinding no_reply]
Dec 18, 2025 1:19:02 PM de.learnlib.logging.LearnLogger logQuery
INFO: [ε | challenge_v0 success_request_with_credentials id_request_v0 success_request_with_credentials success_and_cryptobinding eap_success / ε | challenge_response_v0 success_response_v0 id_response_v0 success_response_v0 tlv_success_and_cryptobinding after_eap_success]
Dec 18, 2025 1:19:03 PM de.learnlib.logging.LearnLogger logQuery
INFO: [ε | challenge_v0 success_request_with_credentials id_request_v0 success_and_cryptobinding success_and_cryptobinding / ε | challenge_response_v0 success_response_v0 id_response_v0 tlv_success_and_cryptobinding no_reply]
Dec 18, 2025 1:19:05 PM de.learnlib.logging.LearnLogger logQuery
INFO: [ε | challenge_v0 success_request_with_credentials id_request_v0 id_request_v0 cryptobinding / ε | challenge_response_v0 success_response_v0 id_response_v0 id_response_v0 no_reply]
Dec 18, 2025 1:19:07 PM de.learnlib.logging.LearnLogger logQuery
INFO: [ε | challenge_v0 success_request_with_credentials id_request_v0 challenge_v0 cryptobinding / ε | challenge_response_v0 success_response_v0 id_response_v0 challenge_response_v0 no_reply]
Dec 18, 2025 1:19:08 PM de.learnlib.logging.LearnLogger logQuery
INFO: [ε | challenge_v0 success_request_with_credentials id_request_v0 tlv_request cryptobinding / ε | challenge_response_v0 success_response_v0 id_response_v0 tlv_success no_reply]
Dec 18, 2025 1:19:10 PM de.learnlib.logging.LearnLogger logQuery
INFO: [ε | challenge_v0 success_request_with_credentials id_request_v0 success_request_with_credentials cryptobinding / ε | challenge_response_v0 success_response_v0 id_response_v0 success_response_v0 no_reply]
Dec 18, 2025 1:19:12 PM de.learnlib.logging.LearnLogger logQuery
INFO: [ε | challenge_v0 success_request_with_credentials id_request_v0 success_and_cryptobinding cryptobinding / ε | challenge_response_v0 success_response_v0 id_response_v0 tlv_success_and_cryptobinding no_reply]
Dec 18, 2025 1:19:14 PM de.learnlib.logging.LearnLogger logQuery
INFO: [ε | challenge_v0 success_request_with_credentials id_request_v0 tlv_request eap_success success_request_with_credentials / ε | challenge_response_v0 success_response_v0 id_response_v0 tlv_success after_eap_success no_reply]
Dec 18, 2025 1:19:16 PM de.learnlib.logging.LearnLogger logQuery
INFO: [ε | challenge_v0 success_request_with_credentials id_request_v0 tlv_request eap_success id_request_v0 / ε | challenge_response_v0 success_response_v0 id_response_v0 tlv_success after_eap_success no_reply]
Dec 18, 2025 1:19:18 PM de.learnlib.logging.LearnLogger logQuery
INFO: [ε | challenge_v0 success_request_with_credentials id_request_v0 tlv_request eap_success eap_success / ε | challenge_response_v0 success_response_v0 id_response_v0 tlv_success after_eap_success after_eap_success]
Dec 18, 2025 1:19:20 PM de.learnlib.logging.LearnLogger logQuery
INFO: [ε | challenge_v0 success_request_with_credentials id_request_v0 success_and_cryptobinding eap_success success_request_with_credentials / ε | challenge_response_v0 success_response_v0 id_response_v0 tlv_success_and_cryptobinding after_eap_success no_reply]
Dec 18, 2025 1:19:22 PM de.learnlib.logging.LearnLogger logQuery
INFO: [ε | challenge_v0 success_request_with_credentials id_request_v0 success_and_cryptobinding eap_success id_request_v0 / ε | challenge_response_v0 success_response_v0 id_response_v0 tlv_success_and_cryptobinding after_eap_success no_reply]
Dec 18, 2025 1:19:24 PM de.learnlib.logging.LearnLogger logQuery
INFO: [ε | challenge_v0 success_request_with_credentials id_request_v0 success_and_cryptobinding eap_success eap_success / ε | challenge_response_v0 success_response_v0 id_response_v0 tlv_success_and_cryptobinding after_eap_success after_eap_success]
Dec 18, 2025 1:19:25 PM de.learnlib.logging.LearnLogger logQuery
INFO: [ε | challenge_v0 success_request_with_credentials id_request_v0 id_request_v0 4_way_message_1 / ε | challenge_response_v0 success_response_v0 id_response_v0 id_response_v0 deauthentication]
Dec 18, 2025 1:19:27 PM de.learnlib.logging.LearnLogger logQuery
INFO: [ε | challenge_v0 success_request_with_credentials id_request_v0 challenge_v0 4_way_message_1 / ε | challenge_response_v0 success_response_v0 id_response_v0 challenge_response_v0 deauthentication]
Dec 18, 2025 1:19:29 PM de.learnlib.logging.LearnLogger logQuery
INFO: [ε | challenge_v0 success_request_with_credentials id_request_v0 tlv_request 4_way_message_1 / ε | challenge_response_v0 success_response_v0 id_response_v0 tlv_success 4_way_message_2]
Dec 18, 2025 1:19:30 PM de.learnlib.logging.LearnLogger logQuery
INFO: [ε | challenge_v0 success_request_with_credentials id_request_v0 success_request_with_credentials 4_way_message_1 / ε | challenge_response_v0 success_response_v0 id_response_v0 success_response_v0 deauthentication]
Dec 18, 2025 1:19:32 PM de.learnlib.logging.LearnLogger logQuery
INFO: [ε | challenge_v0 success_request_with_credentials id_request_v0 success_and_cryptobinding 4_way_message_1 / ε | challenge_response_v0 success_response_v0 id_response_v0 tlv_success_and_cryptobinding 4_way_message_2]
Dec 18, 2025 1:19:33 PM de.learnlib.logging.LearnLogger logQuery
INFO: [ε | challenge_v0 success_request_with_credentials challenge_v0 id_request_v0 id_request_v0 success_request_with_credentials / ε | challenge_response_v0 success_response_v0 challenge_response_v0 id_response_v0 id_response_v0 success_response_v0]
Dec 18, 2025 1:19:35 PM de.learnlib.logging.LearnLogger logQuery
INFO: [ε | challenge_v0 success_request_with_credentials challenge_v0 id_request_v0 id_request_v0 id_request_v0 / ε | challenge_response_v0 success_response_v0 challenge_response_v0 id_response_v0 id_response_v0 id_response_v0]
Dec 18, 2025 1:19:36 PM de.learnlib.logging.LearnLogger logQuery
INFO: [ε | challenge_v0 success_request_with_credentials challenge_v0 id_request_v0 id_request_v0 eap_success / ε | challenge_response_v0 success_response_v0 challenge_response_v0 id_response_v0 id_response_v0 deauthentication]
Dec 18, 2025 1:19:38 PM de.learnlib.logging.LearnLogger logQuery
INFO: [ε | challenge_v0 success_request_with_credentials challenge_v0 challenge_v0 id_request_v0 success_request_with_credentials / ε | challenge_response_v0 success_response_v0 challenge_response_v0 challenge_response_v0 id_response_v0 success_response_v0]
Dec 18, 2025 1:19:39 PM de.learnlib.logging.LearnLogger logQuery
INFO: [ε | challenge_v0 success_request_with_credentials challenge_v0 challenge_v0 id_request_v0 id_request_v0 / ε | challenge_response_v0 success_response_v0 challenge_response_v0 challenge_response_v0 id_response_v0 id_response_v0]
Dec 18, 2025 1:19:40 PM de.learnlib.logging.LearnLogger logQuery
INFO: [ε | challenge_v0 success_request_with_credentials challenge_v0 challenge_v0 id_request_v0 eap_success / ε | challenge_response_v0 success_response_v0 challenge_response_v0 challenge_response_v0 id_response_v0 deauthentication]
Dec 18, 2025 1:19:42 PM de.learnlib.logging.LearnLogger logQuery
INFO: [ε | challenge_v0 success_request_with_credentials challenge_v0 success_request_with_credentials id_request_v0 success_request_with_credentials / ε | challenge_response_v0 success_response_v0 challenge_response_v0 success_response_v0 id_response_v0 success_response_v0]
Dec 18, 2025 1:19:43 PM de.learnlib.logging.LearnLogger logQuery
INFO: [ε | challenge_v0 success_request_with_credentials challenge_v0 success_request_with_credentials id_request_v0 id_request_v0 / ε | challenge_response_v0 success_response_v0 challenge_response_v0 success_response_v0 id_response_v0 id_response_v0]
Dec 18, 2025 1:19:45 PM de.learnlib.logging.LearnLogger logQuery
INFO: [ε | challenge_v0 success_request_with_credentials challenge_v0 success_request_with_credentials id_request_v0 eap_success / ε | challenge_response_v0 success_response_v0 challenge_response_v0 success_response_v0 id_response_v0 deauthentication]
Dec 18, 2025 1:19:46 PM de.learnlib.logging.LearnLogger logQuery
INFO: [ε | challenge_v0 success_request_with_credentials challenge_v0 id_request_v0 challenge_v0 / ε | challenge_response_v0 success_response_v0 challenge_response_v0 id_response_v0 challenge_response_v0]
Dec 18, 2025 1:19:48 PM de.learnlib.logging.LearnLogger logQuery
INFO: [ε | challenge_v0 success_request_with_credentials challenge_v0 id_request_v0 challenge_v0 success_request_with_credentials / ε | challenge_response_v0 success_response_v0 challenge_response_v0 id_response_v0 challenge_response_v0 success_response_v0]
Dec 18, 2025 1:19:49 PM de.learnlib.logging.LearnLogger logQuery
INFO: [ε | challenge_v0 success_request_with_credentials challenge_v0 id_request_v0 challenge_v0 id_request_v0 / ε | challenge_response_v0 success_response_v0 challenge_response_v0 id_response_v0 challenge_response_v0 id_response_v0]
Dec 18, 2025 1:19:50 PM de.learnlib.logging.LearnLogger logQuery
INFO: [ε | challenge_v0 success_request_with_credentials challenge_v0 id_request_v0 challenge_v0 eap_success / ε | challenge_response_v0 success_response_v0 challenge_response_v0 id_response_v0 challenge_response_v0 deauthentication]
Dec 18, 2025 1:19:52 PM de.learnlib.logging.LearnLogger logQuery
INFO: [ε | challenge_v0 success_request_with_credentials challenge_v0 challenge_v0 challenge_v0 / ε | challenge_response_v0 success_response_v0 challenge_response_v0 challenge_response_v0 challenge_response_v0]
Dec 18, 2025 1:19:53 PM de.learnlib.logging.LearnLogger logQuery
INFO: [ε | challenge_v0 success_request_with_credentials challenge_v0 challenge_v0 challenge_v0 success_request_with_credentials / ε | challenge_response_v0 success_response_v0 challenge_response_v0 challenge_response_v0 challenge_response_v0 success_response_v0]
Dec 18, 2025 1:19:55 PM de.learnlib.logging.LearnLogger logQuery
INFO: [ε | challenge_v0 success_request_with_credentials challenge_v0 challenge_v0 challenge_v0 id_request_v0 / ε | challenge_response_v0 success_response_v0 challenge_response_v0 challenge_response_v0 challenge_response_v0 id_response_v0]
Dec 18, 2025 1:19:56 PM de.learnlib.logging.LearnLogger logQuery
INFO: [ε | challenge_v0 success_request_with_credentials challenge_v0 challenge_v0 challenge_v0 eap_success / ε | challenge_response_v0 success_response_v0 challenge_response_v0 challenge_response_v0 challenge_response_v0 deauthentication]
Dec 18, 2025 1:19:58 PM de.learnlib.logging.LearnLogger logQuery
INFO: [ε | challenge_v0 success_request_with_credentials challenge_v0 tlv_request challenge_v0 / ε | challenge_response_v0 success_response_v0 challenge_response_v0 tlv_success no_reply]
Dec 18, 2025 1:19:59 PM de.learnlib.logging.LearnLogger logQuery
INFO: [ε | challenge_v0 success_request_with_credentials challenge_v0 success_request_with_credentials challenge_v0 / ε | challenge_response_v0 success_response_v0 challenge_response_v0 success_response_v0 challenge_response_v0]
Dec 18, 2025 1:20:01 PM de.learnlib.logging.LearnLogger logQuery
INFO: [ε | challenge_v0 success_request_with_credentials challenge_v0 success_request_with_credentials challenge_v0 success_request_with_credentials / ε | challenge_response_v0 success_response_v0 challenge_response_v0 success_response_v0 challenge_response_v0 success_response_v0]
Dec 18, 2025 1:20:02 PM de.learnlib.logging.LearnLogger logQuery
INFO: [ε | challenge_v0 success_request_with_credentials challenge_v0 success_request_with_credentials challenge_v0 id_request_v0 / ε | challenge_response_v0 success_response_v0 challenge_response_v0 success_response_v0 challenge_response_v0 id_response_v0]
Dec 18, 2025 1:20:04 PM de.learnlib.logging.LearnLogger logQuery
INFO: [ε | challenge_v0 success_request_with_credentials challenge_v0 success_request_with_credentials challenge_v0 eap_success / ε | challenge_response_v0 success_response_v0 challenge_response_v0 success_response_v0 challenge_response_v0 deauthentication]
Dec 18, 2025 1:20:05 PM de.learnlib.logging.LearnLogger logQuery
INFO: [ε | challenge_v0 success_request_with_credentials challenge_v0 success_and_cryptobinding challenge_v0 / ε | challenge_response_v0 success_response_v0 challenge_response_v0 tlv_success_and_cryptobinding no_reply]
Dec 18, 2025 1:20:07 PM de.learnlib.logging.LearnLogger logQuery
INFO: [ε | challenge_v0 success_request_with_credentials challenge_v0 id_request_v0 tlv_request / ε | challenge_response_v0 success_response_v0 challenge_response_v0 id_response_v0 tlv_success]
Dec 18, 2025 1:20:08 PM de.learnlib.logging.LearnLogger logQuery
INFO: [ε | challenge_v0 success_request_with_credentials challenge_v0 id_request_v0 tlv_request success_request_with_credentials / ε | challenge_response_v0 success_response_v0 challenge_response_v0 id_response_v0 tlv_success no_reply]
Dec 18, 2025 1:20:10 PM de.learnlib.logging.LearnLogger logQuery
INFO: [ε | challenge_v0 success_request_with_credentials challenge_v0 id_request_v0 tlv_request id_request_v0 / ε | challenge_response_v0 success_response_v0 challenge_response_v0 id_response_v0 tlv_success no_reply]
Dec 18, 2025 1:20:12 PM de.learnlib.logging.LearnLogger logQuery
INFO: [ε | challenge_v0 success_request_with_credentials challenge_v0 id_request_v0 tlv_request eap_success / ε | challenge_response_v0 success_response_v0 challenge_response_v0 id_response_v0 tlv_success after_eap_success]
Dec 18, 2025 1:20:13 PM de.learnlib.logging.LearnLogger logQuery
INFO: [ε | challenge_v0 success_request_with_credentials challenge_v0 challenge_v0 tlv_request / ε | challenge_response_v0 success_response_v0 challenge_response_v0 challenge_response_v0 tlv_success]
Dec 18, 2025 1:20:15 PM de.learnlib.logging.LearnLogger logQuery
INFO: [ε | challenge_v0 success_request_with_credentials challenge_v0 challenge_v0 tlv_request success_request_with_credentials / ε | challenge_response_v0 success_response_v0 challenge_response_v0 challenge_response_v0 tlv_success no_reply]
Dec 18, 2025 1:20:17 PM de.learnlib.logging.LearnLogger logQuery
INFO: [ε | challenge_v0 success_request_with_credentials challenge_v0 challenge_v0 tlv_request id_request_v0 / ε | challenge_response_v0 success_response_v0 challenge_response_v0 challenge_response_v0 tlv_success no_reply]
Dec 18, 2025 1:20:18 PM de.learnlib.logging.LearnLogger logQuery
INFO: [ε | challenge_v0 success_request_with_credentials challenge_v0 challenge_v0 tlv_request eap_success / ε | challenge_response_v0 success_response_v0 challenge_response_v0 challenge_response_v0 tlv_success after_eap_success]
Dec 18, 2025 1:20:20 PM de.learnlib.logging.LearnLogger logQuery
INFO: [ε | challenge_v0 success_request_with_credentials challenge_v0 tlv_request tlv_request / ε | challenge_response_v0 success_response_v0 challenge_response_v0 tlv_success no_reply]
Dec 18, 2025 1:20:21 PM de.learnlib.logging.LearnLogger logQuery
INFO: [ε | challenge_v0 success_request_with_credentials challenge_v0 success_request_with_credentials tlv_request / ε | challenge_response_v0 success_response_v0 challenge_response_v0 success_response_v0 tlv_success]
Dec 18, 2025 1:20:23 PM de.learnlib.logging.LearnLogger logQuery
INFO: [ε | challenge_v0 success_request_with_credentials challenge_v0 success_request_with_credentials tlv_request success_request_with_credentials / ε | challenge_response_v0 success_response_v0 challenge_response_v0 success_response_v0 tlv_success no_reply]
Dec 18, 2025 1:20:25 PM de.learnlib.logging.LearnLogger logQuery
INFO: [ε | challenge_v0 success_request_with_credentials challenge_v0 success_request_with_credentials tlv_request id_request_v0 / ε | challenge_response_v0 success_response_v0 challenge_response_v0 success_response_v0 tlv_success no_reply]
Dec 18, 2025 1:20:27 PM de.learnlib.logging.LearnLogger logQuery
INFO: [ε | challenge_v0 success_request_with_credentials challenge_v0 success_request_with_credentials tlv_request eap_success / ε | challenge_response_v0 success_response_v0 challenge_response_v0 success_response_v0 tlv_success after_eap_success]
Dec 18, 2025 1:20:28 PM de.learnlib.logging.LearnLogger logQuery
INFO: [ε | challenge_v0 success_request_with_credentials challenge_v0 success_and_cryptobinding tlv_request / ε | challenge_response_v0 success_response_v0 challenge_response_v0 tlv_success_and_cryptobinding no_reply]
Dec 18, 2025 1:20:30 PM de.learnlib.logging.LearnLogger logQuery
INFO: [ε | challenge_v0 success_request_with_credentials challenge_v0 id_request_v0 tlv_failure / ε | challenge_response_v0 success_response_v0 challenge_response_v0 id_response_v0 tlv_failure]
Dec 18, 2025 1:20:31 PM de.learnlib.logging.LearnLogger logQuery
INFO: [ε | challenge_v0 success_request_with_credentials challenge_v0 challenge_v0 tlv_failure / ε | challenge_response_v0 success_response_v0 challenge_response_v0 challenge_response_v0 tlv_failure]
Dec 18, 2025 1:20:33 PM de.learnlib.logging.LearnLogger logQuery
INFO: [ε | challenge_v0 success_request_with_credentials challenge_v0 tlv_request tlv_failure / ε | challenge_response_v0 success_response_v0 challenge_response_v0 tlv_success no_reply]
Dec 18, 2025 1:20:34 PM de.learnlib.logging.LearnLogger logQuery
INFO: [ε | challenge_v0 success_request_with_credentials challenge_v0 success_request_with_credentials tlv_failure / ε | challenge_response_v0 success_response_v0 challenge_response_v0 success_response_v0 tlv_failure]
Dec 18, 2025 1:20:36 PM de.learnlib.logging.LearnLogger logQuery
INFO: [ε | challenge_v0 success_request_with_credentials challenge_v0 success_and_cryptobinding tlv_failure / ε | challenge_response_v0 success_response_v0 challenge_response_v0 tlv_success_and_cryptobinding no_reply]
Dec 18, 2025 1:20:38 PM de.learnlib.logging.LearnLogger logQuery
INFO: [ε | challenge_v0 success_request_with_credentials challenge_v0 id_request_v0 success_request_all_zeros / ε | challenge_response_v0 success_response_v0 challenge_response_v0 id_response_v0 no_reply]
Dec 18, 2025 1:20:40 PM de.learnlib.logging.LearnLogger logQuery
INFO: [ε | challenge_v0 success_request_with_credentials challenge_v0 challenge_v0 success_request_all_zeros / ε | challenge_response_v0 success_response_v0 challenge_response_v0 challenge_response_v0 no_reply]
Dec 18, 2025 1:20:41 PM de.learnlib.logging.LearnLogger logQuery
INFO: [ε | challenge_v0 success_request_with_credentials challenge_v0 tlv_request success_request_all_zeros / ε | challenge_response_v0 success_response_v0 challenge_response_v0 tlv_success no_reply]
Dec 18, 2025 1:20:43 PM de.learnlib.logging.LearnLogger logQuery
INFO: [ε | challenge_v0 success_request_with_credentials challenge_v0 success_request_with_credentials success_request_all_zeros / ε | challenge_response_v0 success_response_v0 challenge_response_v0 success_response_v0 no_reply]
Dec 18, 2025 1:20:45 PM de.learnlib.logging.LearnLogger logQuery
INFO: [ε | challenge_v0 success_request_with_credentials challenge_v0 success_and_cryptobinding success_request_all_zeros / ε | challenge_response_v0 success_response_v0 challenge_response_v0 tlv_success_and_cryptobinding no_reply]
Dec 18, 2025 1:20:46 PM de.learnlib.logging.LearnLogger logQuery
INFO: [ε | challenge_v0 success_request_with_credentials challenge_v0 id_request_v0 success_request_with_credentials success_request_with_credentials / ε | challenge_response_v0 success_response_v0 challenge_response_v0 id_response_v0 success_response_v0 success_response_v0]
Dec 18, 2025 1:20:48 PM de.learnlib.logging.LearnLogger logQuery
INFO: [ε | challenge_v0 success_request_with_credentials challenge_v0 id_request_v0 success_request_with_credentials id_request_v0 / ε | challenge_response_v0 success_response_v0 challenge_response_v0 id_response_v0 success_response_v0 id_response_v0]
Dec 18, 2025 1:20:49 PM de.learnlib.logging.LearnLogger logQuery
INFO: [ε | challenge_v0 success_request_with_credentials challenge_v0 id_request_v0 success_request_with_credentials eap_success / ε | challenge_response_v0 success_response_v0 challenge_response_v0 id_response_v0 success_response_v0 deauthentication]
Dec 18, 2025 1:20:51 PM de.learnlib.logging.LearnLogger logQuery
INFO: [ε | challenge_v0 success_request_with_credentials challenge_v0 challenge_v0 success_request_with_credentials success_request_with_credentials / ε | challenge_response_v0 success_response_v0 challenge_response_v0 challenge_response_v0 success_response_v0 success_response_v0]
Dec 18, 2025 1:20:52 PM de.learnlib.logging.LearnLogger logQuery
INFO: [ε | challenge_v0 success_request_with_credentials challenge_v0 challenge_v0 success_request_with_credentials id_request_v0 / ε | challenge_response_v0 success_response_v0 challenge_response_v0 challenge_response_v0 success_response_v0 id_response_v0]
Dec 18, 2025 1:20:53 PM de.learnlib.logging.LearnLogger logQuery
INFO: [ε | challenge_v0 success_request_with_credentials challenge_v0 challenge_v0 success_request_with_credentials eap_success / ε | challenge_response_v0 success_response_v0 challenge_response_v0 challenge_response_v0 success_response_v0 deauthentication]
Dec 18, 2025 1:20:55 PM de.learnlib.logging.LearnLogger logQuery
INFO: [ε | challenge_v0 success_request_with_credentials challenge_v0 success_request_with_credentials success_request_with_credentials success_request_with_credentials / ε | challenge_response_v0 success_response_v0 challenge_response_v0 success_response_v0 success_response_v0 success_response_v0]
Dec 18, 2025 1:20:56 PM de.learnlib.logging.LearnLogger logQuery
INFO: [ε | challenge_v0 success_request_with_credentials challenge_v0 success_request_with_credentials success_request_with_credentials id_request_v0 / ε | challenge_response_v0 success_response_v0 challenge_response_v0 success_response_v0 success_response_v0 id_response_v0]
Dec 18, 2025 1:20:58 PM de.learnlib.logging.LearnLogger logQuery
INFO: [ε | challenge_v0 success_request_with_credentials challenge_v0 success_request_with_credentials success_request_with_credentials eap_success / ε | challenge_response_v0 success_response_v0 challenge_response_v0 success_response_v0 success_response_v0 deauthentication]
Dec 18, 2025 1:20:59 PM de.learnlib.logging.LearnLogger logQuery
INFO: [ε | challenge_v0 success_request_with_credentials challenge_v0 id_request_v0 success_and_cryptobinding / ε | challenge_response_v0 success_response_v0 challenge_response_v0 id_response_v0 tlv_success_and_cryptobinding]
Dec 18, 2025 1:21:01 PM de.learnlib.logging.LearnLogger logQuery
INFO: [ε | challenge_v0 success_request_with_credentials challenge_v0 id_request_v0 success_and_cryptobinding success_request_with_credentials / ε | challenge_response_v0 success_response_v0 challenge_response_v0 id_response_v0 tlv_success_and_cryptobinding no_reply]
Dec 18, 2025 1:21:03 PM de.learnlib.logging.LearnLogger logQuery
INFO: [ε | challenge_v0 success_request_with_credentials challenge_v0 id_request_v0 success_and_cryptobinding id_request_v0 / ε | challenge_response_v0 success_response_v0 challenge_response_v0 id_response_v0 tlv_success_and_cryptobinding no_reply]
Dec 18, 2025 1:21:04 PM de.learnlib.logging.LearnLogger logQuery
INFO: [ε | challenge_v0 success_request_with_credentials challenge_v0 id_request_v0 success_and_cryptobinding eap_success / ε | challenge_response_v0 success_response_v0 challenge_response_v0 id_response_v0 tlv_success_and_cryptobinding after_eap_success]
Dec 18, 2025 1:21:06 PM de.learnlib.logging.LearnLogger logQuery
INFO: [ε | challenge_v0 success_request_with_credentials challenge_v0 challenge_v0 success_and_cryptobinding / ε | challenge_response_v0 success_response_v0 challenge_response_v0 challenge_response_v0 tlv_success_and_cryptobinding]
Dec 18, 2025 1:21:07 PM de.learnlib.logging.LearnLogger logQuery
INFO: [ε | challenge_v0 success_request_with_credentials challenge_v0 challenge_v0 success_and_cryptobinding success_request_with_credentials / ε | challenge_response_v0 success_response_v0 challenge_response_v0 challenge_response_v0 tlv_success_and_cryptobinding no_reply]
Dec 18, 2025 1:21:09 PM de.learnlib.logging.LearnLogger logQuery
INFO: [ε | challenge_v0 success_request_with_credentials challenge_v0 challenge_v0 success_and_cryptobinding id_request_v0 / ε | challenge_response_v0 success_response_v0 challenge_response_v0 challenge_response_v0 tlv_success_and_cryptobinding no_reply]
Dec 18, 2025 1:21:11 PM de.learnlib.logging.LearnLogger logQuery
INFO: [ε | challenge_v0 success_request_with_credentials challenge_v0 challenge_v0 success_and_cryptobinding eap_success / ε | challenge_response_v0 success_response_v0 challenge_response_v0 challenge_response_v0 tlv_success_and_cryptobinding after_eap_success]
Dec 18, 2025 1:21:12 PM de.learnlib.logging.LearnLogger logQuery
INFO: [ε | challenge_v0 success_request_with_credentials challenge_v0 tlv_request success_and_cryptobinding / ε | challenge_response_v0 success_response_v0 challenge_response_v0 tlv_success no_reply]
Dec 18, 2025 1:21:14 PM de.learnlib.logging.LearnLogger logQuery
INFO: [ε | challenge_v0 success_request_with_credentials challenge_v0 success_request_with_credentials success_and_cryptobinding / ε | challenge_response_v0 success_response_v0 challenge_response_v0 success_response_v0 tlv_success_and_cryptobinding]
Dec 18, 2025 1:21:16 PM de.learnlib.logging.LearnLogger logQuery
INFO: [ε | challenge_v0 success_request_with_credentials challenge_v0 success_request_with_credentials success_and_cryptobinding success_request_with_credentials / ε | challenge_response_v0 success_response_v0 challenge_response_v0 success_response_v0 tlv_success_and_cryptobinding no_reply]
Dec 18, 2025 1:21:17 PM de.learnlib.logging.LearnLogger logQuery
INFO: [ε | challenge_v0 success_request_with_credentials challenge_v0 success_request_with_credentials success_and_cryptobinding id_request_v0 / ε | challenge_response_v0 success_response_v0 challenge_response_v0 success_response_v0 tlv_success_and_cryptobinding no_reply]
Dec 18, 2025 1:21:19 PM de.learnlib.logging.LearnLogger logQuery
INFO: [ε | challenge_v0 success_request_with_credentials challenge_v0 success_request_with_credentials success_and_cryptobinding eap_success / ε | challenge_response_v0 success_response_v0 challenge_response_v0 success_response_v0 tlv_success_and_cryptobinding after_eap_success]
Dec 18, 2025 1:21:21 PM de.learnlib.logging.LearnLogger logQuery
INFO: [ε | challenge_v0 success_request_with_credentials challenge_v0 success_and_cryptobinding success_and_cryptobinding / ε | challenge_response_v0 success_response_v0 challenge_response_v0 tlv_success_and_cryptobinding no_reply]
Dec 18, 2025 1:21:22 PM de.learnlib.logging.LearnLogger logQuery
INFO: [ε | challenge_v0 success_request_with_credentials challenge_v0 id_request_v0 cryptobinding / ε | challenge_response_v0 success_response_v0 challenge_response_v0 id_response_v0 no_reply]
Dec 18, 2025 1:21:24 PM de.learnlib.logging.LearnLogger logQuery
INFO: [ε | challenge_v0 success_request_with_credentials challenge_v0 challenge_v0 cryptobinding / ε | challenge_response_v0 success_response_v0 challenge_response_v0 challenge_response_v0 no_reply]
Dec 18, 2025 1:21:26 PM de.learnlib.logging.LearnLogger logQuery
INFO: [ε | challenge_v0 success_request_with_credentials challenge_v0 tlv_request cryptobinding / ε | challenge_response_v0 success_response_v0 challenge_response_v0 tlv_success no_reply]
Dec 18, 2025 1:21:28 PM de.learnlib.logging.LearnLogger logQuery
INFO: [ε | challenge_v0 success_request_with_credentials challenge_v0 success_request_with_credentials cryptobinding / ε | challenge_response_v0 success_response_v0 challenge_response_v0 success_response_v0 no_reply]
Dec 18, 2025 1:21:29 PM de.learnlib.logging.LearnLogger logQuery
INFO: [ε | challenge_v0 success_request_with_credentials challenge_v0 success_and_cryptobinding cryptobinding / ε | challenge_response_v0 success_response_v0 challenge_response_v0 tlv_success_and_cryptobinding no_reply]
Dec 18, 2025 1:21:31 PM de.learnlib.logging.LearnLogger logQuery
INFO: [ε | challenge_v0 success_request_with_credentials challenge_v0 tlv_request eap_success success_request_with_credentials / ε | challenge_response_v0 success_response_v0 challenge_response_v0 tlv_success after_eap_success no_reply]
Dec 18, 2025 1:21:33 PM de.learnlib.logging.LearnLogger logQuery
INFO: [ε | challenge_v0 success_request_with_credentials challenge_v0 tlv_request eap_success id_request_v0 / ε | challenge_response_v0 success_response_v0 challenge_response_v0 tlv_success after_eap_success no_reply]
Dec 18, 2025 1:21:35 PM de.learnlib.logging.LearnLogger logQuery
INFO: [ε | challenge_v0 success_request_with_credentials challenge_v0 tlv_request eap_success eap_success / ε | challenge_response_v0 success_response_v0 challenge_response_v0 tlv_success after_eap_success after_eap_success]
Dec 18, 2025 1:21:37 PM de.learnlib.logging.LearnLogger logQuery
INFO: [ε | challenge_v0 success_request_with_credentials challenge_v0 success_and_cryptobinding eap_success success_request_with_credentials / ε | challenge_response_v0 success_response_v0 challenge_response_v0 tlv_success_and_cryptobinding after_eap_success no_reply]
Dec 18, 2025 1:21:39 PM de.learnlib.logging.LearnLogger logQuery
INFO: [ε | challenge_v0 success_request_with_credentials challenge_v0 success_and_cryptobinding eap_success id_request_v0 / ε | challenge_response_v0 success_response_v0 challenge_response_v0 tlv_success_and_cryptobinding after_eap_success no_reply]
Dec 18, 2025 1:21:41 PM de.learnlib.logging.LearnLogger logQuery
INFO: [ε | challenge_v0 success_request_with_credentials challenge_v0 success_and_cryptobinding eap_success eap_success / ε | challenge_response_v0 success_response_v0 challenge_response_v0 tlv_success_and_cryptobinding after_eap_success after_eap_success]
Dec 18, 2025 1:21:42 PM de.learnlib.logging.LearnLogger logQuery
INFO: [ε | challenge_v0 success_request_with_credentials challenge_v0 id_request_v0 4_way_message_1 / ε | challenge_response_v0 success_response_v0 challenge_response_v0 id_response_v0 deauthentication]
Dec 18, 2025 1:21:44 PM de.learnlib.logging.LearnLogger logQuery
INFO: [ε | challenge_v0 success_request_with_credentials challenge_v0 challenge_v0 4_way_message_1 / ε | challenge_response_v0 success_response_v0 challenge_response_v0 challenge_response_v0 deauthentication]
Dec 18, 2025 1:21:46 PM de.learnlib.logging.LearnLogger logQuery
INFO: [ε | challenge_v0 success_request_with_credentials challenge_v0 tlv_request 4_way_message_1 / ε | challenge_response_v0 success_response_v0 challenge_response_v0 tlv_success 4_way_message_2]
Dec 18, 2025 1:21:47 PM de.learnlib.logging.LearnLogger logQuery
INFO: [ε | challenge_v0 success_request_with_credentials challenge_v0 success_request_with_credentials 4_way_message_1 / ε | challenge_response_v0 success_response_v0 challenge_response_v0 success_response_v0 deauthentication]
Dec 18, 2025 1:21:49 PM de.learnlib.logging.LearnLogger logQuery
INFO: [ε | challenge_v0 success_request_with_credentials challenge_v0 success_and_cryptobinding 4_way_message_1 / ε | challenge_response_v0 success_response_v0 challenge_response_v0 tlv_success_and_cryptobinding 4_way_message_2]
Dec 18, 2025 1:21:49 PM de.learnlib.logging.LearnLogger logQuery
INFO: DB CACHE [ε | challenge_v0 success_request_with_credentials tlv_request eap_success challenge_v0 /  challenge_response_v0 success_response_v0 tlv_success after_eap_success no_reply]
Dec 18, 2025 1:21:49 PM de.learnlib.logging.LearnLogger logQuery
INFO: DB CACHE [ε | challenge_v0 success_request_with_credentials tlv_request eap_success tlv_request /  challenge_response_v0 success_response_v0 tlv_success after_eap_success no_reply]
Dec 18, 2025 1:21:49 PM de.learnlib.logging.LearnLogger logQuery
INFO: DB CACHE [ε | challenge_v0 success_request_with_credentials tlv_request eap_success tlv_failure /  challenge_response_v0 success_response_v0 tlv_success after_eap_success no_reply]
Dec 18, 2025 1:21:49 PM de.learnlib.logging.LearnLogger logQuery
INFO: DB CACHE [ε | challenge_v0 success_request_with_credentials tlv_request eap_success success_request_all_zeros /  challenge_response_v0 success_response_v0 tlv_success after_eap_success no_reply]
Dec 18, 2025 1:21:49 PM de.learnlib.logging.LearnLogger logQuery
INFO: DB CACHE [ε | challenge_v0 success_request_with_credentials tlv_request eap_success success_and_cryptobinding /  challenge_response_v0 success_response_v0 tlv_success after_eap_success no_reply]
Dec 18, 2025 1:21:49 PM de.learnlib.logging.LearnLogger logQuery
INFO: DB CACHE [ε | challenge_v0 success_request_with_credentials tlv_request eap_success cryptobinding /  challenge_response_v0 success_response_v0 tlv_success after_eap_success no_reply]
Dec 18, 2025 1:21:51 PM de.learnlib.logging.LearnLogger logQuery
INFO: [ε | challenge_v0 success_request_with_credentials tlv_request eap_success eap_success success_request_with_credentials / ε | challenge_response_v0 success_response_v0 tlv_success after_eap_success after_eap_success no_reply]
Dec 18, 2025 1:21:53 PM de.learnlib.logging.LearnLogger logQuery
INFO: [ε | challenge_v0 success_request_with_credentials tlv_request eap_success eap_success id_request_v0 / ε | challenge_response_v0 success_response_v0 tlv_success after_eap_success after_eap_success no_reply]
Dec 18, 2025 1:21:55 PM de.learnlib.logging.LearnLogger logQuery
INFO: [ε | challenge_v0 success_request_with_credentials tlv_request eap_success eap_success eap_success / ε | challenge_response_v0 success_response_v0 tlv_success after_eap_success after_eap_success after_eap_success]
Dec 18, 2025 1:21:56 PM de.learnlib.logging.LearnLogger logQuery
INFO: DB CACHE [ε | challenge_v0 success_request_with_credentials tlv_request eap_success 4_way_message_1 /  challenge_response_v0 success_response_v0 tlv_success after_eap_success 4_way_message_2]
Dec 18, 2025 1:21:57 PM de.learnlib.logging.LearnLogger logQuery
INFO: [ε | challenge_v0 success_request_with_credentials success_request_with_credentials id_request_v0 id_request_v0 success_request_with_credentials / ε | challenge_response_v0 success_response_v0 success_response_v0 id_response_v0 id_response_v0 success_response_v0]
Dec 18, 2025 1:21:58 PM de.learnlib.logging.LearnLogger logQuery
INFO: [ε | challenge_v0 success_request_with_credentials success_request_with_credentials id_request_v0 id_request_v0 id_request_v0 / ε | challenge_response_v0 success_response_v0 success_response_v0 id_response_v0 id_response_v0 id_response_v0]
Dec 18, 2025 1:22:00 PM de.learnlib.logging.LearnLogger logQuery
INFO: [ε | challenge_v0 success_request_with_credentials success_request_with_credentials id_request_v0 id_request_v0 eap_success / ε | challenge_response_v0 success_response_v0 success_response_v0 id_response_v0 id_response_v0 deauthentication]
Dec 18, 2025 1:22:01 PM de.learnlib.logging.LearnLogger logQuery
INFO: [ε | challenge_v0 success_request_with_credentials success_request_with_credentials challenge_v0 id_request_v0 success_request_with_credentials / ε | challenge_response_v0 success_response_v0 success_response_v0 challenge_response_v0 id_response_v0 success_response_v0]
Dec 18, 2025 1:22:03 PM de.learnlib.logging.LearnLogger logQuery
INFO: [ε | challenge_v0 success_request_with_credentials success_request_with_credentials challenge_v0 id_request_v0 id_request_v0 / ε | challenge_response_v0 success_response_v0 success_response_v0 challenge_response_v0 id_response_v0 id_response_v0]
Dec 18, 2025 1:22:04 PM de.learnlib.logging.LearnLogger logQuery
INFO: [ε | challenge_v0 success_request_with_credentials success_request_with_credentials challenge_v0 id_request_v0 eap_success / ε | challenge_response_v0 success_response_v0 success_response_v0 challenge_response_v0 id_response_v0 deauthentication]
Dec 18, 2025 1:22:05 PM de.learnlib.logging.LearnLogger logQuery
INFO: [ε | challenge_v0 success_request_with_credentials success_request_with_credentials success_request_with_credentials id_request_v0 success_request_with_credentials / ε | challenge_response_v0 success_response_v0 success_response_v0 success_response_v0 id_response_v0 success_response_v0]
Dec 18, 2025 1:22:07 PM de.learnlib.logging.LearnLogger logQuery
INFO: [ε | challenge_v0 success_request_with_credentials success_request_with_credentials success_request_with_credentials id_request_v0 id_request_v0 / ε | challenge_response_v0 success_response_v0 success_response_v0 success_response_v0 id_response_v0 id_response_v0]
Dec 18, 2025 1:22:08 PM de.learnlib.logging.LearnLogger logQuery
INFO: [ε | challenge_v0 success_request_with_credentials success_request_with_credentials success_request_with_credentials id_request_v0 eap_success / ε | challenge_response_v0 success_response_v0 success_response_v0 success_response_v0 id_response_v0 deauthentication]
Dec 18, 2025 1:22:10 PM de.learnlib.logging.LearnLogger logQuery
INFO: [ε | challenge_v0 success_request_with_credentials success_request_with_credentials id_request_v0 challenge_v0 / ε | challenge_response_v0 success_response_v0 success_response_v0 id_response_v0 challenge_response_v0]
Dec 18, 2025 1:22:11 PM de.learnlib.logging.LearnLogger logQuery
INFO: [ε | challenge_v0 success_request_with_credentials success_request_with_credentials id_request_v0 challenge_v0 success_request_with_credentials / ε | challenge_response_v0 success_response_v0 success_response_v0 id_response_v0 challenge_response_v0 success_response_v0]
Dec 18, 2025 1:22:13 PM de.learnlib.logging.LearnLogger logQuery
INFO: [ε | challenge_v0 success_request_with_credentials success_request_with_credentials id_request_v0 challenge_v0 id_request_v0 / ε | challenge_response_v0 success_response_v0 success_response_v0 id_response_v0 challenge_response_v0 id_response_v0]
Dec 18, 2025 1:22:14 PM de.learnlib.logging.LearnLogger logQuery
INFO: [ε | challenge_v0 success_request_with_credentials success_request_with_credentials id_request_v0 challenge_v0 eap_success / ε | challenge_response_v0 success_response_v0 success_response_v0 id_response_v0 challenge_response_v0 deauthentication]
Dec 18, 2025 1:22:15 PM de.learnlib.logging.LearnLogger logQuery
INFO: [ε | challenge_v0 success_request_with_credentials success_request_with_credentials challenge_v0 challenge_v0 / ε | challenge_response_v0 success_response_v0 success_response_v0 challenge_response_v0 challenge_response_v0]
Dec 18, 2025 1:22:17 PM de.learnlib.logging.LearnLogger logQuery
INFO: [ε | challenge_v0 success_request_with_credentials success_request_with_credentials challenge_v0 challenge_v0 success_request_with_credentials / ε | challenge_response_v0 success_response_v0 success_response_v0 challenge_response_v0 challenge_response_v0 success_response_v0]
Dec 18, 2025 1:22:18 PM de.learnlib.logging.LearnLogger logQuery
INFO: [ε | challenge_v0 success_request_with_credentials success_request_with_credentials challenge_v0 challenge_v0 id_request_v0 / ε | challenge_response_v0 success_response_v0 success_response_v0 challenge_response_v0 challenge_response_v0 id_response_v0]
Dec 18, 2025 1:22:20 PM de.learnlib.logging.LearnLogger logQuery
INFO: [ε | challenge_v0 success_request_with_credentials success_request_with_credentials challenge_v0 challenge_v0 eap_success / ε | challenge_response_v0 success_response_v0 success_response_v0 challenge_response_v0 challenge_response_v0 deauthentication]
Dec 18, 2025 1:22:21 PM de.learnlib.logging.LearnLogger logQuery
INFO: [ε | challenge_v0 success_request_with_credentials success_request_with_credentials tlv_request challenge_v0 / ε | challenge_response_v0 success_response_v0 success_response_v0 tlv_success no_reply]
Dec 18, 2025 1:22:23 PM de.learnlib.logging.LearnLogger logQuery
INFO: [ε | challenge_v0 success_request_with_credentials success_request_with_credentials success_request_with_credentials challenge_v0 / ε | challenge_response_v0 success_response_v0 success_response_v0 success_response_v0 challenge_response_v0]
Dec 18, 2025 1:22:24 PM de.learnlib.logging.LearnLogger logQuery
INFO: [ε | challenge_v0 success_request_with_credentials success_request_with_credentials success_request_with_credentials challenge_v0 success_request_with_credentials / ε | challenge_response_v0 success_response_v0 success_response_v0 success_response_v0 challenge_response_v0 success_response_v0]
Dec 18, 2025 1:22:26 PM de.learnlib.logging.LearnLogger logQuery
INFO: [ε | challenge_v0 success_request_with_credentials success_request_with_credentials success_request_with_credentials challenge_v0 id_request_v0 / ε | challenge_response_v0 success_response_v0 success_response_v0 success_response_v0 challenge_response_v0 id_response_v0]
Dec 18, 2025 1:22:27 PM de.learnlib.logging.LearnLogger logQuery
INFO: [ε | challenge_v0 success_request_with_credentials success_request_with_credentials success_request_with_credentials challenge_v0 eap_success / ε | challenge_response_v0 success_response_v0 success_response_v0 success_response_v0 challenge_response_v0 deauthentication]
Dec 18, 2025 1:22:29 PM de.learnlib.logging.LearnLogger logQuery
INFO: [ε | challenge_v0 success_request_with_credentials success_request_with_credentials success_and_cryptobinding challenge_v0 / ε | challenge_response_v0 success_response_v0 success_response_v0 tlv_success_and_cryptobinding no_reply]
Dec 18, 2025 1:22:30 PM de.learnlib.logging.LearnLogger logQuery
INFO: [ε | challenge_v0 success_request_with_credentials success_request_with_credentials id_request_v0 tlv_request / ε | challenge_response_v0 success_response_v0 success_response_v0 id_response_v0 tlv_success]
Dec 18, 2025 1:22:32 PM de.learnlib.logging.LearnLogger logQuery
INFO: [ε | challenge_v0 success_request_with_credentials success_request_with_credentials id_request_v0 tlv_request success_request_with_credentials / ε | challenge_response_v0 success_response_v0 success_response_v0 id_response_v0 tlv_success no_reply]
Dec 18, 2025 1:22:34 PM de.learnlib.logging.LearnLogger logQuery
INFO: [ε | challenge_v0 success_request_with_credentials success_request_with_credentials id_request_v0 tlv_request id_request_v0 / ε | challenge_response_v0 success_response_v0 success_response_v0 id_response_v0 tlv_success no_reply]
Dec 18, 2025 1:22:35 PM de.learnlib.logging.LearnLogger logQuery
INFO: [ε | challenge_v0 success_request_with_credentials success_request_with_credentials id_request_v0 tlv_request eap_success / ε | challenge_response_v0 success_response_v0 success_response_v0 id_response_v0 tlv_success after_eap_success]
Dec 18, 2025 1:22:37 PM de.learnlib.logging.LearnLogger logQuery
INFO: [ε | challenge_v0 success_request_with_credentials success_request_with_credentials challenge_v0 tlv_request / ε | challenge_response_v0 success_response_v0 success_response_v0 challenge_response_v0 tlv_success]
Dec 18, 2025 1:22:38 PM de.learnlib.logging.LearnLogger logQuery
INFO: [ε | challenge_v0 success_request_with_credentials success_request_with_credentials challenge_v0 tlv_request success_request_with_credentials / ε | challenge_response_v0 success_response_v0 success_response_v0 challenge_response_v0 tlv_success no_reply]
Dec 18, 2025 1:22:40 PM de.learnlib.logging.LearnLogger logQuery
INFO: [ε | challenge_v0 success_request_with_credentials success_request_with_credentials challenge_v0 tlv_request id_request_v0 / ε | challenge_response_v0 success_response_v0 success_response_v0 challenge_response_v0 tlv_success no_reply]
Dec 18, 2025 1:22:42 PM de.learnlib.logging.LearnLogger logQuery
INFO: [ε | challenge_v0 success_request_with_credentials success_request_with_credentials challenge_v0 tlv_request eap_success / ε | challenge_response_v0 success_response_v0 success_response_v0 challenge_response_v0 tlv_success after_eap_success]
Dec 18, 2025 1:22:43 PM de.learnlib.logging.LearnLogger logQuery
INFO: [ε | challenge_v0 success_request_with_credentials success_request_with_credentials tlv_request tlv_request / ε | challenge_response_v0 success_response_v0 success_response_v0 tlv_success no_reply]
Dec 18, 2025 1:22:45 PM de.learnlib.logging.LearnLogger logQuery
INFO: [ε | challenge_v0 success_request_with_credentials success_request_with_credentials success_request_with_credentials tlv_request / ε | challenge_response_v0 success_response_v0 success_response_v0 success_response_v0 tlv_success]
Dec 18, 2025 1:22:46 PM de.learnlib.logging.LearnLogger logQuery
INFO: [ε | challenge_v0 success_request_with_credentials success_request_with_credentials success_request_with_credentials tlv_request success_request_with_credentials / ε | challenge_response_v0 success_response_v0 success_response_v0 success_response_v0 tlv_success no_reply]
Dec 18, 2025 1:22:48 PM de.learnlib.logging.LearnLogger logQuery
INFO: [ε | challenge_v0 success_request_with_credentials success_request_with_credentials success_request_with_credentials tlv_request id_request_v0 / ε | challenge_response_v0 success_response_v0 success_response_v0 success_response_v0 tlv_success no_reply]
Dec 18, 2025 1:22:50 PM de.learnlib.logging.LearnLogger logQuery
INFO: [ε | challenge_v0 success_request_with_credentials success_request_with_credentials success_request_with_credentials tlv_request eap_success / ε | challenge_response_v0 success_response_v0 success_response_v0 success_response_v0 tlv_success after_eap_success]
Dec 18, 2025 1:22:52 PM de.learnlib.logging.LearnLogger logQuery
INFO: [ε | challenge_v0 success_request_with_credentials success_request_with_credentials success_and_cryptobinding tlv_request / ε | challenge_response_v0 success_response_v0 success_response_v0 tlv_success_and_cryptobinding no_reply]
Dec 18, 2025 1:22:53 PM de.learnlib.logging.LearnLogger logQuery
INFO: [ε | challenge_v0 success_request_with_credentials success_request_with_credentials id_request_v0 tlv_failure / ε | challenge_response_v0 success_response_v0 success_response_v0 id_response_v0 tlv_failure]
Dec 18, 2025 1:22:55 PM de.learnlib.logging.LearnLogger logQuery
INFO: [ε | challenge_v0 success_request_with_credentials success_request_with_credentials challenge_v0 tlv_failure / ε | challenge_response_v0 success_response_v0 success_response_v0 challenge_response_v0 tlv_failure]
Dec 18, 2025 1:22:56 PM de.learnlib.logging.LearnLogger logQuery
INFO: [ε | challenge_v0 success_request_with_credentials success_request_with_credentials tlv_request tlv_failure / ε | challenge_response_v0 success_response_v0 success_response_v0 tlv_success no_reply]
Dec 18, 2025 1:22:58 PM de.learnlib.logging.LearnLogger logQuery
INFO: [ε | challenge_v0 success_request_with_credentials success_request_with_credentials success_request_with_credentials tlv_failure / ε | challenge_response_v0 success_response_v0 success_response_v0 success_response_v0 tlv_failure]
Dec 18, 2025 1:23:00 PM de.learnlib.logging.LearnLogger logQuery
INFO: [ε | challenge_v0 success_request_with_credentials success_request_with_credentials success_and_cryptobinding tlv_failure / ε | challenge_response_v0 success_response_v0 success_response_v0 tlv_success_and_cryptobinding no_reply]
Dec 18, 2025 1:23:01 PM de.learnlib.logging.LearnLogger logQuery
INFO: [ε | challenge_v0 success_request_with_credentials success_request_with_credentials id_request_v0 success_request_all_zeros / ε | challenge_response_v0 success_response_v0 success_response_v0 id_response_v0 no_reply]
Dec 18, 2025 1:23:03 PM de.learnlib.logging.LearnLogger logQuery
INFO: [ε | challenge_v0 success_request_with_credentials success_request_with_credentials challenge_v0 success_request_all_zeros / ε | challenge_response_v0 success_response_v0 success_response_v0 challenge_response_v0 no_reply]
Dec 18, 2025 1:23:05 PM de.learnlib.logging.LearnLogger logQuery
INFO: [ε | challenge_v0 success_request_with_credentials success_request_with_credentials tlv_request success_request_all_zeros / ε | challenge_response_v0 success_response_v0 success_response_v0 tlv_success no_reply]
Dec 18, 2025 1:23:07 PM de.learnlib.logging.LearnLogger logQuery
INFO: [ε | challenge_v0 success_request_with_credentials success_request_with_credentials success_request_with_credentials success_request_all_zeros / ε | challenge_response_v0 success_response_v0 success_response_v0 success_response_v0 no_reply]
Dec 18, 2025 1:23:08 PM de.learnlib.logging.LearnLogger logQuery
INFO: [ε | challenge_v0 success_request_with_credentials success_request_with_credentials success_and_cryptobinding success_request_all_zeros / ε | challenge_response_v0 success_response_v0 success_response_v0 tlv_success_and_cryptobinding no_reply]
Dec 18, 2025 1:23:10 PM de.learnlib.logging.LearnLogger logQuery
INFO: [ε | challenge_v0 success_request_with_credentials success_request_with_credentials id_request_v0 success_request_with_credentials success_request_with_credentials / ε | challenge_response_v0 success_response_v0 success_response_v0 id_response_v0 success_response_v0 success_response_v0]
Dec 18, 2025 1:23:11 PM de.learnlib.logging.LearnLogger logQuery
INFO: [ε | challenge_v0 success_request_with_credentials success_request_with_credentials id_request_v0 success_request_with_credentials id_request_v0 / ε | challenge_response_v0 success_response_v0 success_response_v0 id_response_v0 success_response_v0 id_response_v0]
Dec 18, 2025 1:23:13 PM de.learnlib.logging.LearnLogger logQuery
INFO: [ε | challenge_v0 success_request_with_credentials success_request_with_credentials id_request_v0 success_request_with_credentials eap_success / ε | challenge_response_v0 success_response_v0 success_response_v0 id_response_v0 success_response_v0 deauthentication]
Dec 18, 2025 1:23:14 PM de.learnlib.logging.LearnLogger logQuery
INFO: [ε | challenge_v0 success_request_with_credentials success_request_with_credentials challenge_v0 success_request_with_credentials success_request_with_credentials / ε | challenge_response_v0 success_response_v0 success_response_v0 challenge_response_v0 success_response_v0 success_response_v0]
Dec 18, 2025 1:23:16 PM de.learnlib.logging.LearnLogger logQuery
INFO: [ε | challenge_v0 success_request_with_credentials success_request_with_credentials challenge_v0 success_request_with_credentials id_request_v0 / ε | challenge_response_v0 success_response_v0 success_response_v0 challenge_response_v0 success_response_v0 id_response_v0]
Dec 18, 2025 1:23:17 PM de.learnlib.logging.LearnLogger logQuery
INFO: [ε | challenge_v0 success_request_with_credentials success_request_with_credentials challenge_v0 success_request_with_credentials eap_success / ε | challenge_response_v0 success_response_v0 success_response_v0 challenge_response_v0 success_response_v0 deauthentication]
Dec 18, 2025 1:23:18 PM de.learnlib.logging.LearnLogger logQuery
INFO: [ε | challenge_v0 success_request_with_credentials success_request_with_credentials success_request_with_credentials success_request_with_credentials success_request_with_credentials / ε | challenge_response_v0 success_response_v0 success_response_v0 success_response_v0 success_response_v0 success_response_v0]
Dec 18, 2025 1:23:20 PM de.learnlib.logging.LearnLogger logQuery
INFO: [ε | challenge_v0 success_request_with_credentials success_request_with_credentials success_request_with_credentials success_request_with_credentials id_request_v0 / ε | challenge_response_v0 success_response_v0 success_response_v0 success_response_v0 success_response_v0 id_response_v0]
Dec 18, 2025 1:23:21 PM de.learnlib.logging.LearnLogger logQuery
INFO: [ε | challenge_v0 success_request_with_credentials success_request_with_credentials success_request_with_credentials success_request_with_credentials eap_success / ε | challenge_response_v0 success_response_v0 success_response_v0 success_response_v0 success_response_v0 deauthentication]
Dec 18, 2025 1:23:23 PM de.learnlib.logging.LearnLogger logQuery
INFO: [ε | challenge_v0 success_request_with_credentials success_request_with_credentials id_request_v0 success_and_cryptobinding / ε | challenge_response_v0 success_response_v0 success_response_v0 id_response_v0 tlv_success_and_cryptobinding]
Dec 18, 2025 1:23:24 PM de.learnlib.logging.LearnLogger logQuery
INFO: [ε | challenge_v0 success_request_with_credentials success_request_with_credentials id_request_v0 success_and_cryptobinding success_request_with_credentials / ε | challenge_response_v0 success_response_v0 success_response_v0 id_response_v0 tlv_success_and_cryptobinding no_reply]
Dec 18, 2025 1:23:26 PM de.learnlib.logging.LearnLogger logQuery
INFO: [ε | challenge_v0 success_request_with_credentials success_request_with_credentials id_request_v0 success_and_cryptobinding id_request_v0 / ε | challenge_response_v0 success_response_v0 success_response_v0 id_response_v0 tlv_success_and_cryptobinding no_reply]
Dec 18, 2025 1:23:28 PM de.learnlib.logging.LearnLogger logQuery
INFO: [ε | challenge_v0 success_request_with_credentials success_request_with_credentials id_request_v0 success_and_cryptobinding eap_success / ε | challenge_response_v0 success_response_v0 success_response_v0 id_response_v0 tlv_success_and_cryptobinding after_eap_success]
Dec 18, 2025 1:23:29 PM de.learnlib.logging.LearnLogger logQuery
INFO: [ε | challenge_v0 success_request_with_credentials success_request_with_credentials challenge_v0 success_and_cryptobinding / ε | challenge_response_v0 success_response_v0 success_response_v0 challenge_response_v0 tlv_success_and_cryptobinding]
Dec 18, 2025 1:23:31 PM de.learnlib.logging.LearnLogger logQuery
INFO: [ε | challenge_v0 success_request_with_credentials success_request_with_credentials challenge_v0 success_and_cryptobinding success_request_with_credentials / ε | challenge_response_v0 success_response_v0 success_response_v0 challenge_response_v0 tlv_success_and_cryptobinding no_reply]
Dec 18, 2025 1:23:33 PM de.learnlib.logging.LearnLogger logQuery
INFO: [ε | challenge_v0 success_request_with_credentials success_request_with_credentials challenge_v0 success_and_cryptobinding id_request_v0 / ε | challenge_response_v0 success_response_v0 success_response_v0 challenge_response_v0 tlv_success_and_cryptobinding no_reply]
Dec 18, 2025 1:23:34 PM de.learnlib.logging.LearnLogger logQuery
INFO: [ε | challenge_v0 success_request_with_credentials success_request_with_credentials challenge_v0 success_and_cryptobinding eap_success / ε | challenge_response_v0 success_response_v0 success_response_v0 challenge_response_v0 tlv_success_and_cryptobinding after_eap_success]
Dec 18, 2025 1:23:36 PM de.learnlib.logging.LearnLogger logQuery
INFO: [ε | challenge_v0 success_request_with_credentials success_request_with_credentials tlv_request success_and_cryptobinding / ε | challenge_response_v0 success_response_v0 success_response_v0 tlv_success no_reply]
Dec 18, 2025 1:23:37 PM de.learnlib.logging.LearnLogger logQuery
INFO: [ε | challenge_v0 success_request_with_credentials success_request_with_credentials success_request_with_credentials success_and_cryptobinding / ε | challenge_response_v0 success_response_v0 success_response_v0 success_response_v0 tlv_success_and_cryptobinding]
Dec 18, 2025 1:23:39 PM de.learnlib.logging.LearnLogger logQuery
INFO: [ε | challenge_v0 success_request_with_credentials success_request_with_credentials success_request_with_credentials success_and_cryptobinding success_request_with_credentials / ε | challenge_response_v0 success_response_v0 success_response_v0 success_response_v0 tlv_success_and_cryptobinding no_reply]
Dec 18, 2025 1:23:41 PM de.learnlib.logging.LearnLogger logQuery
INFO: [ε | challenge_v0 success_request_with_credentials success_request_with_credentials success_request_with_credentials success_and_cryptobinding id_request_v0 / ε | challenge_response_v0 success_response_v0 success_response_v0 success_response_v0 tlv_success_and_cryptobinding no_reply]
Dec 18, 2025 1:23:42 PM de.learnlib.logging.LearnLogger logQuery
INFO: [ε | challenge_v0 success_request_with_credentials success_request_with_credentials success_request_with_credentials success_and_cryptobinding eap_success / ε | challenge_response_v0 success_response_v0 success_response_v0 success_response_v0 tlv_success_and_cryptobinding after_eap_success]
Dec 18, 2025 1:23:44 PM de.learnlib.logging.LearnLogger logQuery
INFO: [ε | challenge_v0 success_request_with_credentials success_request_with_credentials success_and_cryptobinding success_and_cryptobinding / ε | challenge_response_v0 success_response_v0 success_response_v0 tlv_success_and_cryptobinding no_reply]
Dec 18, 2025 1:23:46 PM de.learnlib.logging.LearnLogger logQuery
INFO: [ε | challenge_v0 success_request_with_credentials success_request_with_credentials id_request_v0 cryptobinding / ε | challenge_response_v0 success_response_v0 success_response_v0 id_response_v0 no_reply]
Dec 18, 2025 1:23:48 PM de.learnlib.logging.LearnLogger logQuery
INFO: [ε | challenge_v0 success_request_with_credentials success_request_with_credentials challenge_v0 cryptobinding / ε | challenge_response_v0 success_response_v0 success_response_v0 challenge_response_v0 no_reply]
Dec 18, 2025 1:23:49 PM de.learnlib.logging.LearnLogger logQuery
INFO: [ε | challenge_v0 success_request_with_credentials success_request_with_credentials tlv_request cryptobinding / ε | challenge_response_v0 success_response_v0 success_response_v0 tlv_success no_reply]
Dec 18, 2025 1:23:51 PM de.learnlib.logging.LearnLogger logQuery
INFO: [ε | challenge_v0 success_request_with_credentials success_request_with_credentials success_request_with_credentials cryptobinding / ε | challenge_response_v0 success_response_v0 success_response_v0 success_response_v0 no_reply]
Dec 18, 2025 1:23:53 PM de.learnlib.logging.LearnLogger logQuery
INFO: [ε | challenge_v0 success_request_with_credentials success_request_with_credentials success_and_cryptobinding cryptobinding / ε | challenge_response_v0 success_response_v0 success_response_v0 tlv_success_and_cryptobinding no_reply]
Dec 18, 2025 1:23:55 PM de.learnlib.logging.LearnLogger logQuery
INFO: [ε | challenge_v0 success_request_with_credentials success_request_with_credentials tlv_request eap_success success_request_with_credentials / ε | challenge_response_v0 success_response_v0 success_response_v0 tlv_success after_eap_success no_reply]
Dec 18, 2025 1:23:57 PM de.learnlib.logging.LearnLogger logQuery
INFO: [ε | challenge_v0 success_request_with_credentials success_request_with_credentials tlv_request eap_success id_request_v0 / ε | challenge_response_v0 success_response_v0 success_response_v0 tlv_success after_eap_success no_reply]
Dec 18, 2025 1:23:59 PM de.learnlib.logging.LearnLogger logQuery
INFO: [ε | challenge_v0 success_request_with_credentials success_request_with_credentials tlv_request eap_success eap_success / ε | challenge_response_v0 success_response_v0 success_response_v0 tlv_success after_eap_success after_eap_success]
Dec 18, 2025 1:24:00 PM de.learnlib.logging.LearnLogger logQuery
INFO: [ε | challenge_v0 success_request_with_credentials success_request_with_credentials success_and_cryptobinding eap_success success_request_with_credentials / ε | challenge_response_v0 success_response_v0 success_response_v0 tlv_success_and_cryptobinding after_eap_success no_reply]
Dec 18, 2025 1:24:02 PM de.learnlib.logging.LearnLogger logQuery
INFO: [ε | challenge_v0 success_request_with_credentials success_request_with_credentials success_and_cryptobinding eap_success id_request_v0 / ε | challenge_response_v0 success_response_v0 success_response_v0 tlv_success_and_cryptobinding after_eap_success no_reply]
Dec 18, 2025 1:24:04 PM de.learnlib.logging.LearnLogger logQuery
INFO: [ε | challenge_v0 success_request_with_credentials success_request_with_credentials success_and_cryptobinding eap_success eap_success / ε | challenge_response_v0 success_response_v0 success_response_v0 tlv_success_and_cryptobinding after_eap_success after_eap_success]
Dec 18, 2025 1:24:06 PM de.learnlib.logging.LearnLogger logQuery
INFO: [ε | challenge_v0 success_request_with_credentials success_request_with_credentials id_request_v0 4_way_message_1 / ε | challenge_response_v0 success_response_v0 success_response_v0 id_response_v0 deauthentication]
Dec 18, 2025 1:24:07 PM de.learnlib.logging.LearnLogger logQuery
INFO: [ε | challenge_v0 success_request_with_credentials success_request_with_credentials challenge_v0 4_way_message_1 / ε | challenge_response_v0 success_response_v0 success_response_v0 challenge_response_v0 deauthentication]
Dec 18, 2025 1:24:09 PM de.learnlib.logging.LearnLogger logQuery
INFO: [ε | challenge_v0 success_request_with_credentials success_request_with_credentials tlv_request 4_way_message_1 / ε | challenge_response_v0 success_response_v0 success_response_v0 tlv_success 4_way_message_2]
Dec 18, 2025 1:24:11 PM de.learnlib.logging.LearnLogger logQuery
INFO: [ε | challenge_v0 success_request_with_credentials success_request_with_credentials success_request_with_credentials 4_way_message_1 / ε | challenge_response_v0 success_response_v0 success_response_v0 success_response_v0 deauthentication]
Dec 18, 2025 1:24:12 PM de.learnlib.logging.LearnLogger logQuery
INFO: [ε | challenge_v0 success_request_with_credentials success_request_with_credentials success_and_cryptobinding 4_way_message_1 / ε | challenge_response_v0 success_response_v0 success_response_v0 tlv_success_and_cryptobinding 4_way_message_2]
Dec 18, 2025 1:24:14 PM de.learnlib.logging.LearnLogger logQuery
INFO: [ε | challenge_v0 success_request_with_credentials success_and_cryptobinding eap_success challenge_v0 / ε | challenge_response_v0 success_response_v0 tlv_success_and_cryptobinding after_eap_success no_reply]
Dec 18, 2025 1:24:16 PM de.learnlib.logging.LearnLogger logQuery
INFO: [ε | challenge_v0 success_request_with_credentials success_and_cryptobinding eap_success tlv_request / ε | challenge_response_v0 success_response_v0 tlv_success_and_cryptobinding after_eap_success no_reply]
Dec 18, 2025 1:24:18 PM de.learnlib.logging.LearnLogger logQuery
INFO: [ε | challenge_v0 success_request_with_credentials success_and_cryptobinding eap_success tlv_failure / ε | challenge_response_v0 success_response_v0 tlv_success_and_cryptobinding after_eap_success no_reply]
Dec 18, 2025 1:24:20 PM de.learnlib.logging.LearnLogger logQuery
INFO: [ε | challenge_v0 success_request_with_credentials success_and_cryptobinding eap_success success_request_all_zeros / ε | challenge_response_v0 success_response_v0 tlv_success_and_cryptobinding after_eap_success no_reply]
Dec 18, 2025 1:24:22 PM de.learnlib.logging.LearnLogger logQuery
INFO: [ε | challenge_v0 success_request_with_credentials success_and_cryptobinding eap_success success_and_cryptobinding / ε | challenge_response_v0 success_response_v0 tlv_success_and_cryptobinding after_eap_success no_reply]
Dec 18, 2025 1:24:24 PM de.learnlib.logging.LearnLogger logQuery
INFO: [ε | challenge_v0 success_request_with_credentials success_and_cryptobinding eap_success cryptobinding / ε | challenge_response_v0 success_response_v0 tlv_success_and_cryptobinding after_eap_success no_reply]
Dec 18, 2025 1:24:26 PM de.learnlib.logging.LearnLogger logQuery
INFO: [ε | challenge_v0 success_request_with_credentials success_and_cryptobinding eap_success eap_success success_request_with_credentials / ε | challenge_response_v0 success_response_v0 tlv_success_and_cryptobinding after_eap_success after_eap_success no_reply]
Dec 18, 2025 1:24:28 PM de.learnlib.logging.LearnLogger logQuery
INFO: [ε | challenge_v0 success_request_with_credentials success_and_cryptobinding eap_success eap_success id_request_v0 / ε | challenge_response_v0 success_response_v0 tlv_success_and_cryptobinding after_eap_success after_eap_success no_reply]
Dec 18, 2025 1:24:31 PM de.learnlib.logging.LearnLogger logQuery
INFO: [ε | challenge_v0 success_request_with_credentials success_and_cryptobinding eap_success eap_success eap_success / ε | challenge_response_v0 success_response_v0 tlv_success_and_cryptobinding after_eap_success after_eap_success after_eap_success]
Dec 18, 2025 1:24:32 PM de.learnlib.logging.LearnLogger logQuery
INFO: [ε | challenge_v0 success_request_with_credentials success_and_cryptobinding eap_success 4_way_message_1 / ε | challenge_response_v0 success_response_v0 tlv_success_and_cryptobinding after_eap_success 4_way_message_2]
Dec 18, 2025 1:24:34 PM de.learnlib.logging.LearnLogger logQuery
INFO: [ε | challenge_v0 success_request_with_credentials tlv_request eap_success eap_success challenge_v0 / ε | challenge_response_v0 success_response_v0 tlv_success after_eap_success after_eap_success no_reply]
Dec 18, 2025 1:24:37 PM de.learnlib.logging.LearnLogger logQuery
INFO: [ε | challenge_v0 success_request_with_credentials tlv_request eap_success eap_success tlv_request / ε | challenge_response_v0 success_response_v0 tlv_success after_eap_success after_eap_success no_reply]
Dec 18, 2025 1:24:39 PM de.learnlib.logging.LearnLogger logQuery
INFO: [ε | challenge_v0 success_request_with_credentials tlv_request eap_success eap_success tlv_failure / ε | challenge_response_v0 success_response_v0 tlv_success after_eap_success after_eap_success no_reply]
Dec 18, 2025 1:24:41 PM de.learnlib.logging.LearnLogger logQuery
INFO: [ε | challenge_v0 success_request_with_credentials tlv_request eap_success eap_success success_request_all_zeros / ε | challenge_response_v0 success_response_v0 tlv_success after_eap_success after_eap_success no_reply]
Dec 18, 2025 1:24:43 PM de.learnlib.logging.LearnLogger logQuery
INFO: [ε | challenge_v0 success_request_with_credentials tlv_request eap_success eap_success success_and_cryptobinding / ε | challenge_response_v0 success_response_v0 tlv_success after_eap_success after_eap_success no_reply]
Dec 18, 2025 1:24:45 PM de.learnlib.logging.LearnLogger logQuery
INFO: [ε | challenge_v0 success_request_with_credentials tlv_request eap_success eap_success cryptobinding / ε | challenge_response_v0 success_response_v0 tlv_success after_eap_success after_eap_success no_reply]
Dec 18, 2025 1:24:48 PM de.learnlib.logging.LearnLogger logQuery
INFO: [ε | challenge_v0 success_request_with_credentials tlv_request eap_success eap_success eap_success success_request_with_credentials / ε | challenge_response_v0 success_response_v0 tlv_success after_eap_success after_eap_success after_eap_success no_reply]
Dec 18, 2025 1:24:50 PM de.learnlib.logging.LearnLogger logQuery
INFO: [ε | challenge_v0 success_request_with_credentials tlv_request eap_success eap_success eap_success id_request_v0 / ε | challenge_response_v0 success_response_v0 tlv_success after_eap_success after_eap_success after_eap_success no_reply]
Dec 18, 2025 1:24:52 PM de.learnlib.logging.LearnLogger logQuery
INFO: [ε | challenge_v0 success_request_with_credentials tlv_request eap_success eap_success eap_success eap_success / ε | challenge_response_v0 success_response_v0 tlv_success after_eap_success after_eap_success after_eap_success after_eap_success]
Dec 18, 2025 1:24:54 PM de.learnlib.logging.LearnLogger logQuery
INFO: [ε | challenge_v0 success_request_with_credentials tlv_request eap_success eap_success 4_way_message_1 / ε | challenge_response_v0 success_response_v0 tlv_success after_eap_success after_eap_success 4_way_message_2]
