Dec 18, 2025 1:06:58 PM de.learnlib.logging.LearnLogger logQuery
INFO: [ε | 4_way_message_1 4_way_message_1 / ε | deauthentication -]
Dec 18, 2025 1:06:59 PM de.learnlib.logging.LearnLogger logQuery
INFO: [ε | 4_way_message_1 eap_success / ε | deauthentication -]
Dec 18, 2025 1:07:01 PM de.learnlib.logging.LearnLogger logQuery
INFO: [ε | 4_way_message_1 cryptobinding / ε | deauthentication -]
Dec 18, 2025 1:07:02 PM de.learnlib.logging.LearnLogger logQuery
INFO: [ε | 4_way_message_1 success_and_cryptobinding / ε | deauthentication -]
Dec 18, 2025 1:07:03 PM de.learnlib.logging.LearnLogger logQuery
INFO: [ε | 4_way_message_1 success_request_with_credentials / ε | deauthentication -]
Dec 18, 2025 1:07:05 PM de.learnlib.logging.LearnLogger logQuery
INFO: [ε | 4_way_message_1 success_request_all_zeros / ε | deauthentication -]
Dec 18, 2025 1:07:06 PM de.learnlib.logging.LearnLogger logQuery
INFO: [ε | 4_way_message_1 tlv_failure / ε | deauthentication -]
Dec 18, 2025 1:07:08 PM de.learnlib.logging.LearnLogger logQuery
INFO: [ε | 4_way_message_1 tlv_request / ε | deauthentication -]
Dec 18, 2025 1:07:09 PM de.learnlib.logging.LearnLogger logQuery
INFO: [ε | 4_way_message_1 challenge_v0 / ε | deauthentication -]
Dec 18, 2025 1:07:10 PM de.learnlib.logging.LearnLogger logQuery
INFO: [ε | 4_way_message_1 id_request_v0 / ε | deauthentication -]
Dec 18, 2025 1:07:12 PM de.learnlib.logging.LearnLogger logQuery
INFO: [ε | eap_success 4_way_message_1 / ε | deauthentication -]
Dec 18, 2025 1:07:13 PM de.learnlib.logging.LearnLogger logQuery
INFO: [ε | eap_success eap_success / ε | deauthentication -]
Dec 18, 2025 1:07:14 PM de.learnlib.logging.LearnLogger logQuery
INFO: [ε | eap_success cryptobinding / ε | deauthentication -]
Dec 18, 2025 1:07:16 PM de.learnlib.logging.LearnLogger logQuery
INFO: [ε | eap_success success_and_cryptobinding / ε | deauthentication -]
Dec 18, 2025 1:07:17 PM de.learnlib.logging.LearnLogger logQuery
INFO: [ε | eap_success success_request_with_credentials / ε | deauthentication -]
Dec 18, 2025 1:07:18 PM de.learnlib.logging.LearnLogger logQuery
INFO: [ε | eap_success success_request_all_zeros / ε | deauthentication -]
Dec 18, 2025 1:07:20 PM de.learnlib.logging.LearnLogger logQuery
INFO: [ε | eap_success tlv_failure / ε | deauthentication -]
Dec 18, 2025 1:07:21 PM de.learnlib.logging.LearnLogger logQuery
INFO: [ε | eap_success tlv_request / ε | deauthentication -]
Dec 18, 2025 1:07:22 PM de.learnlib.logging.LearnLogger logQuery
INFO: [ε | eap_success challenge_v0 / ε | deauthentication -]
Dec 18, 2025 1:07:24 PM de.learnlib.logging.LearnLogger logQuery
INFO: [ε | eap_success id_request_v0 / ε | deauthentication -]
Dec 18, 2025 1:07:25 PM de.learnlib.logging.LearnLogger logQuery
INFO: [ε | cryptobinding 4_way_message_1 / ε | no_reply -]
Dec 18, 2025 1:07:27 PM de.learnlib.logging.LearnLogger logQuery
INFO: [ε | cryptobinding eap_success / ε | no_reply -]
Dec 18, 2025 1:07:28 PM de.learnlib.logging.LearnLogger logQuery
INFO: [ε | cryptobinding cryptobinding / ε | no_reply -]
Dec 18, 2025 1:07:29 PM de.learnlib.logging.LearnLogger logQuery
INFO: [ε | cryptobinding success_and_cryptobinding / ε | no_reply -]
Dec 18, 2025 1:07:31 PM de.learnlib.logging.LearnLogger logQuery
INFO: [ε | cryptobinding success_request_with_credentials / ε | no_reply -]
Dec 18, 2025 1:07:32 PM de.learnlib.logging.LearnLogger logQuery
INFO: [ε | cryptobinding success_request_all_zeros / ε | no_reply -]
Dec 18, 2025 1:07:34 PM de.learnlib.logging.LearnLogger logQuery
INFO: [ε | cryptobinding tlv_failure / ε | no_reply -]
Dec 18, 2025 1:07:35 PM de.learnlib.logging.LearnLogger logQuery
INFO: [ε | cryptobinding tlv_request / ε | no_reply -]
Dec 18, 2025 1:07:37 PM de.learnlib.logging.LearnLogger logQuery
INFO: [ε | cryptobinding challenge_v0 / ε | no_reply -]
Dec 18, 2025 1:07:38 PM de.learnlib.logging.LearnLogger logQuery
INFO: [ε | cryptobinding id_request_v0 / ε | no_reply -]
Dec 18, 2025 1:07:40 PM de.learnlib.logging.LearnLogger logQuery
INFO: [ε | success_and_cryptobinding 4_way_message_1 / ε | tlv_cryptobinding deauthentication]
Dec 18, 2025 1:07:41 PM de.learnlib.logging.LearnLogger logQuery
INFO: [ε | success_and_cryptobinding eap_success / ε | tlv_cryptobinding deauthentication]
Dec 18, 2025 1:07:43 PM de.learnlib.logging.LearnLogger logQuery
INFO: [ε | success_and_cryptobinding cryptobinding / ε | tlv_cryptobinding no_reply]
Dec 18, 2025 1:07:45 PM de.learnlib.logging.LearnLogger logQuery
INFO: [ε | success_and_cryptobinding success_and_cryptobinding / ε | tlv_cryptobinding no_reply]
Dec 18, 2025 1:07:46 PM de.learnlib.logging.LearnLogger logQuery
INFO: [ε | success_and_cryptobinding success_request_with_credentials / ε | tlv_cryptobinding no_reply]
Dec 18, 2025 1:07:48 PM de.learnlib.logging.LearnLogger logQuery
INFO: [ε | success_and_cryptobinding success_request_all_zeros / ε | tlv_cryptobinding no_reply]
Dec 18, 2025 1:07:50 PM de.learnlib.logging.LearnLogger logQuery
INFO: [ε | success_and_cryptobinding tlv_failure / ε | tlv_cryptobinding no_reply]
Dec 18, 2025 1:07:51 PM de.learnlib.logging.LearnLogger logQuery
INFO: [ε | success_and_cryptobinding tlv_request / ε | tlv_cryptobinding no_reply]
Dec 18, 2025 1:07:53 PM de.learnlib.logging.LearnLogger logQuery
INFO: [ε | success_and_cryptobinding challenge_v0 / ε | tlv_cryptobinding no_reply]
Dec 18, 2025 1:07:55 PM de.learnlib.logging.LearnLogger logQuery
INFO: [ε | success_and_cryptobinding id_request_v0 / ε | tlv_cryptobinding no_reply]
Dec 18, 2025 1:07:56 PM de.learnlib.logging.LearnLogger logQuery
INFO: [ε | success_request_with_credentials 4_way_message_1 / ε | no_reply -]
Dec 18, 2025 1:07:58 PM de.learnlib.logging.LearnLogger logQuery
INFO: [ε | success_request_with_credentials eap_success / ε | no_reply -]
Dec 18, 2025 1:07:59 PM de.learnlib.logging.LearnLogger logQuery
INFO: [ε | success_request_with_credentials cryptobinding / ε | no_reply -]
Dec 18, 2025 1:08:01 PM de.learnlib.logging.LearnLogger logQuery
INFO: [ε | success_request_with_credentials success_and_cryptobinding / ε | no_reply -]
Dec 18, 2025 1:08:02 PM de.learnlib.logging.LearnLogger logQuery
INFO: [ε | success_request_with_credentials success_request_with_credentials / ε | no_reply -]
Dec 18, 2025 1:08:04 PM de.learnlib.logging.LearnLogger logQuery
INFO: [ε | success_request_with_credentials success_request_all_zeros / ε | no_reply -]
Dec 18, 2025 1:08:05 PM de.learnlib.logging.LearnLogger logQuery
INFO: [ε | success_request_with_credentials tlv_failure / ε | no_reply -]
Dec 18, 2025 1:08:07 PM de.learnlib.logging.LearnLogger logQuery
INFO: [ε | success_request_with_credentials tlv_request / ε | no_reply -]
Dec 18, 2025 1:08:08 PM de.learnlib.logging.LearnLogger logQuery
INFO: [ε | success_request_with_credentials challenge_v0 / ε | no_reply -]
Dec 18, 2025 1:08:10 PM de.learnlib.logging.LearnLogger logQuery
INFO: [ε | success_request_with_credentials id_request_v0 / ε | no_reply -]
Dec 18, 2025 1:08:11 PM de.learnlib.logging.LearnLogger logQuery
INFO: [ε | success_request_all_zeros 4_way_message_1 / ε | no_reply -]
Dec 18, 2025 1:08:13 PM de.learnlib.logging.LearnLogger logQuery
INFO: [ε | success_request_all_zeros eap_success / ε | no_reply -]
Dec 18, 2025 1:08:14 PM de.learnlib.logging.LearnLogger logQuery
INFO: [ε | success_request_all_zeros cryptobinding / ε | no_reply -]
Dec 18, 2025 1:08:16 PM de.learnlib.logging.LearnLogger logQuery
INFO: [ε | success_request_all_zeros success_and_cryptobinding / ε | no_reply -]
Dec 18, 2025 1:08:17 PM de.learnlib.logging.LearnLogger logQuery
INFO: [ε | success_request_all_zeros success_request_with_credentials / ε | no_reply -]
Dec 18, 2025 1:08:19 PM de.learnlib.logging.LearnLogger logQuery
INFO: [ε | success_request_all_zeros success_request_all_zeros / ε | no_reply -]
Dec 18, 2025 1:08:20 PM de.learnlib.logging.LearnLogger logQuery
INFO: [ε | success_request_all_zeros tlv_failure / ε | no_reply -]
Dec 18, 2025 1:08:22 PM de.learnlib.logging.LearnLogger logQuery
INFO: [ε | success_request_all_zeros tlv_request / ε | no_reply -]
Dec 18, 2025 1:08:23 PM de.learnlib.logging.LearnLogger logQuery
INFO: [ε | success_request_all_zeros challenge_v0 / ε | no_reply -]
Dec 18, 2025 1:08:25 PM de.learnlib.logging.LearnLogger logQuery
INFO: [ε | success_request_all_zeros id_request_v0 / ε | no_reply -]
Dec 18, 2025 1:08:26 PM de.learnlib.logging.LearnLogger logQuery
INFO: [ε | tlv_failure 4_way_message_1 / ε | tlv_failure -]
Dec 18, 2025 1:08:27 PM de.learnlib.logging.LearnLogger logQuery
INFO: [ε | tlv_failure eap_success / ε | tlv_failure -]
Dec 18, 2025 1:08:28 PM de.learnlib.logging.LearnLogger logQuery
INFO: [ε | tlv_failure cryptobinding / ε | tlv_failure -]
Dec 18, 2025 1:08:30 PM de.learnlib.logging.LearnLogger logQuery
INFO: [ε | tlv_failure success_and_cryptobinding / ε | tlv_failure -]
Dec 18, 2025 1:08:31 PM de.learnlib.logging.LearnLogger logQuery
INFO: [ε | tlv_failure success_request_with_credentials / ε | tlv_failure -]
Dec 18, 2025 1:08:32 PM de.learnlib.logging.LearnLogger logQuery
INFO: [ε | tlv_failure success_request_all_zeros / ε | tlv_failure -]
Dec 18, 2025 1:08:34 PM de.learnlib.logging.LearnLogger logQuery
INFO: [ε | tlv_failure tlv_failure / ε | tlv_failure -]
Dec 18, 2025 1:08:35 PM de.learnlib.logging.LearnLogger logQuery
INFO: [ε | tlv_failure tlv_request / ε | tlv_failure -]
Dec 18, 2025 1:08:36 PM de.learnlib.logging.LearnLogger logQuery
INFO: [ε | tlv_failure challenge_v0 / ε | tlv_failure -]
Dec 18, 2025 1:08:37 PM de.learnlib.logging.LearnLogger logQuery
INFO: [ε | tlv_failure id_request_v0 / ε | tlv_failure -]
Dec 18, 2025 1:08:39 PM de.learnlib.logging.LearnLogger logQuery
INFO: [ε | tlv_request 4_way_message_1 / ε | tlv_failure -]
Dec 18, 2025 1:08:40 PM de.learnlib.logging.LearnLogger logQuery
INFO: [ε | tlv_request eap_success / ε | tlv_failure -]
Dec 18, 2025 1:08:41 PM de.learnlib.logging.LearnLogger logQuery
INFO: [ε | tlv_request cryptobinding / ε | tlv_failure -]
Dec 18, 2025 1:08:43 PM de.learnlib.logging.LearnLogger logQuery
INFO: [ε | tlv_request success_and_cryptobinding / ε | tlv_failure -]
Dec 18, 2025 1:08:44 PM de.learnlib.logging.LearnLogger logQuery
INFO: [ε | tlv_request success_request_with_credentials / ε | tlv_failure -]
Dec 18, 2025 1:08:45 PM de.learnlib.logging.LearnLogger logQuery
INFO: [ε | tlv_request success_request_all_zeros / ε | tlv_failure -]
Dec 18, 2025 1:08:46 PM de.learnlib.logging.LearnLogger logQuery
INFO: [ε | tlv_request tlv_failure / ε | tlv_failure -]
Dec 18, 2025 1:08:48 PM de.learnlib.logging.LearnLogger logQuery
INFO: [ε | tlv_request tlv_request / ε | tlv_failure -]
Dec 18, 2025 1:08:49 PM de.learnlib.logging.LearnLogger logQuery
INFO: [ε | tlv_request challenge_v0 / ε | tlv_failure -]
Dec 18, 2025 1:08:50 PM de.learnlib.logging.LearnLogger logQuery
INFO: [ε | tlv_request id_request_v0 / ε | tlv_failure -]
Dec 18, 2025 1:08:52 PM de.learnlib.logging.LearnLogger logQuery
INFO: [ε | challenge_v0 4_way_message_1 / ε | challenge_response_v0 deauthentication]
Dec 18, 2025 1:08:53 PM de.learnlib.logging.LearnLogger logQuery
INFO: [ε | challenge_v0 eap_success / ε | challenge_response_v0 deauthentication]
Dec 18, 2025 1:08:55 PM de.learnlib.logging.LearnLogger logQuery
INFO: [ε | challenge_v0 cryptobinding / ε | challenge_response_v0 deauthentication]
Dec 18, 2025 1:08:56 PM de.learnlib.logging.LearnLogger logQuery
INFO: [ε | challenge_v0 success_and_cryptobinding / ε | challenge_response_v0 tlv_failure]
Dec 18, 2025 1:08:57 PM de.learnlib.logging.LearnLogger logQuery
INFO: [ε | challenge_v0 success_request_with_credentials / ε | challenge_response_v0 success_response_v0]
Dec 18, 2025 1:08:59 PM de.learnlib.logging.LearnLogger logQuery
INFO: [ε | challenge_v0 success_request_all_zeros / ε | challenge_response_v0 no_reply]
Dec 18, 2025 1:09:00 PM de.learnlib.logging.LearnLogger logQuery
INFO: [ε | challenge_v0 tlv_failure / ε | challenge_response_v0 tlv_failure]
Dec 18, 2025 1:09:02 PM de.learnlib.logging.LearnLogger logQuery
INFO: [ε | challenge_v0 tlv_request / ε | challenge_response_v0 tlv_failure]
Dec 18, 2025 1:09:04 PM de.learnlib.logging.LearnLogger logQuery
INFO: [ε | challenge_v0 challenge_v0 / ε | challenge_response_v0 challenge_response_v0]
Dec 18, 2025 1:09:05 PM de.learnlib.logging.LearnLogger logQuery
INFO: [ε | challenge_v0 id_request_v0 / ε | challenge_response_v0 id_response_v0]
Dec 18, 2025 1:09:06 PM de.learnlib.logging.LearnLogger logQuery
INFO: [ε | id_request_v0 4_way_message_1 / ε | id_response_v0 deauthentication]
Dec 18, 2025 1:09:08 PM de.learnlib.logging.LearnLogger logQuery
INFO: [ε | id_request_v0 eap_success / ε | id_response_v0 deauthentication]
Dec 18, 2025 1:09:09 PM de.learnlib.logging.LearnLogger logQuery
INFO: [ε | id_request_v0 cryptobinding / ε | id_response_v0 no_reply]
Dec 18, 2025 1:09:11 PM de.learnlib.logging.LearnLogger logQuery
INFO: [ε | id_request_v0 success_and_cryptobinding / ε | id_response_v0 tlv_cryptobinding]
Dec 18, 2025 1:09:12 PM de.learnlib.logging.LearnLogger logQuery
INFO: [ε | id_request_v0 success_request_with_credentials / ε | id_response_v0 no_reply]
Dec 18, 2025 1:09:14 PM de.learnlib.logging.LearnLogger logQuery
INFO: [ε | id_request_v0 success_request_all_zeros / ε | id_response_v0 no_reply]
Dec 18, 2025 1:09:15 PM de.learnlib.logging.LearnLogger logQuery
INFO: [ε | id_request_v0 tlv_failure / ε | id_response_v0 tlv_failure]
Dec 18, 2025 1:09:17 PM de.learnlib.logging.LearnLogger logQuery
INFO: [ε | id_request_v0 tlv_request / ε | id_response_v0 tlv_failure]
Dec 18, 2025 1:09:18 PM de.learnlib.logging.LearnLogger logQuery
INFO: [ε | id_request_v0 challenge_v0 / ε | id_response_v0 challenge_response_v0]
Dec 18, 2025 1:09:20 PM de.learnlib.logging.LearnLogger logQuery
INFO: [ε | id_request_v0 id_request_v0 / ε | id_response_v0 id_response_v0]
Dec 18, 2025 1:09:20 PM de.learnlib.logging.LearnLogger logQuery
INFO: DB CACHE [ε | success_and_cryptobinding 4_way_message_1 4_way_message_1 /  tlv_cryptobinding deauthentication -]
Dec 18, 2025 1:09:20 PM de.learnlib.logging.LearnLogger logQuery
INFO: DB CACHE [ε | success_and_cryptobinding 4_way_message_1 eap_success /  tlv_cryptobinding deauthentication -]
Dec 18, 2025 1:09:20 PM de.learnlib.logging.LearnLogger logQuery
INFO: DB CACHE [ε | success_and_cryptobinding 4_way_message_1 cryptobinding /  tlv_cryptobinding deauthentication -]
Dec 18, 2025 1:09:20 PM de.learnlib.logging.LearnLogger logQuery
INFO: DB CACHE [ε | success_and_cryptobinding 4_way_message_1 success_and_cryptobinding /  tlv_cryptobinding deauthentication -]
Dec 18, 2025 1:09:20 PM de.learnlib.logging.LearnLogger logQuery
INFO: DB CACHE [ε | success_and_cryptobinding 4_way_message_1 success_request_with_credentials /  tlv_cryptobinding deauthentication -]
Dec 18, 2025 1:09:20 PM de.learnlib.logging.LearnLogger logQuery
INFO: DB CACHE [ε | success_and_cryptobinding 4_way_message_1 success_request_all_zeros /  tlv_cryptobinding deauthentication -]
Dec 18, 2025 1:09:20 PM de.learnlib.logging.LearnLogger logQuery
INFO: DB CACHE [ε | success_and_cryptobinding 4_way_message_1 tlv_failure /  tlv_cryptobinding deauthentication -]
Dec 18, 2025 1:09:20 PM de.learnlib.logging.LearnLogger logQuery
INFO: DB CACHE [ε | success_and_cryptobinding 4_way_message_1 tlv_request /  tlv_cryptobinding deauthentication -]
Dec 18, 2025 1:09:20 PM de.learnlib.logging.LearnLogger logQuery
INFO: DB CACHE [ε | success_and_cryptobinding 4_way_message_1 challenge_v0 /  tlv_cryptobinding deauthentication -]
Dec 18, 2025 1:09:20 PM de.learnlib.logging.LearnLogger logQuery
INFO: DB CACHE [ε | success_and_cryptobinding 4_way_message_1 id_request_v0 /  tlv_cryptobinding deauthentication -]
Dec 18, 2025 1:09:20 PM de.learnlib.logging.LearnLogger logQuery
INFO: DB CACHE [ε | success_and_cryptobinding eap_success 4_way_message_1 /  tlv_cryptobinding deauthentication -]
Dec 18, 2025 1:09:20 PM de.learnlib.logging.LearnLogger logQuery
INFO: DB CACHE [ε | success_and_cryptobinding eap_success eap_success /  tlv_cryptobinding deauthentication -]
Dec 18, 2025 1:09:20 PM de.learnlib.logging.LearnLogger logQuery
INFO: DB CACHE [ε | success_and_cryptobinding eap_success cryptobinding /  tlv_cryptobinding deauthentication -]
Dec 18, 2025 1:09:20 PM de.learnlib.logging.LearnLogger logQuery
INFO: DB CACHE [ε | success_and_cryptobinding eap_success success_and_cryptobinding /  tlv_cryptobinding deauthentication -]
Dec 18, 2025 1:09:20 PM de.learnlib.logging.LearnLogger logQuery
INFO: DB CACHE [ε | success_and_cryptobinding eap_success success_request_with_credentials /  tlv_cryptobinding deauthentication -]
Dec 18, 2025 1:09:20 PM de.learnlib.logging.LearnLogger logQuery
INFO: DB CACHE [ε | success_and_cryptobinding eap_success success_request_all_zeros /  tlv_cryptobinding deauthentication -]
Dec 18, 2025 1:09:20 PM de.learnlib.logging.LearnLogger logQuery
INFO: DB CACHE [ε | success_and_cryptobinding eap_success tlv_failure /  tlv_cryptobinding deauthentication -]
Dec 18, 2025 1:09:20 PM de.learnlib.logging.LearnLogger logQuery
INFO: DB CACHE [ε | success_and_cryptobinding eap_success tlv_request /  tlv_cryptobinding deauthentication -]
Dec 18, 2025 1:09:20 PM de.learnlib.logging.LearnLogger logQuery
INFO: DB CACHE [ε | success_and_cryptobinding eap_success challenge_v0 /  tlv_cryptobinding deauthentication -]
Dec 18, 2025 1:09:20 PM de.learnlib.logging.LearnLogger logQuery
INFO: DB CACHE [ε | success_and_cryptobinding eap_success id_request_v0 /  tlv_cryptobinding deauthentication -]
Dec 18, 2025 1:09:20 PM de.learnlib.logging.LearnLogger logQuery
INFO: DB CACHE [ε | success_and_cryptobinding cryptobinding 4_way_message_1 /  tlv_cryptobinding no_reply -]
Dec 18, 2025 1:09:20 PM de.learnlib.logging.LearnLogger logQuery
INFO: DB CACHE [ε | success_and_cryptobinding cryptobinding eap_success /  tlv_cryptobinding no_reply -]
Dec 18, 2025 1:09:20 PM de.learnlib.logging.LearnLogger logQuery
INFO: DB CACHE [ε | success_and_cryptobinding cryptobinding cryptobinding /  tlv_cryptobinding no_reply -]
Dec 18, 2025 1:09:20 PM de.learnlib.logging.LearnLogger logQuery
INFO: DB CACHE [ε | success_and_cryptobinding cryptobinding success_and_cryptobinding /  tlv_cryptobinding no_reply -]
Dec 18, 2025 1:09:20 PM de.learnlib.logging.LearnLogger logQuery
INFO: DB CACHE [ε | success_and_cryptobinding cryptobinding success_request_with_credentials /  tlv_cryptobinding no_reply -]
Dec 18, 2025 1:09:20 PM de.learnlib.logging.LearnLogger logQuery
INFO: DB CACHE [ε | success_and_cryptobinding cryptobinding success_request_all_zeros /  tlv_cryptobinding no_reply -]
Dec 18, 2025 1:09:20 PM de.learnlib.logging.LearnLogger logQuery
INFO: DB CACHE [ε | success_and_cryptobinding cryptobinding tlv_failure /  tlv_cryptobinding no_reply -]
Dec 18, 2025 1:09:20 PM de.learnlib.logging.LearnLogger logQuery
INFO: DB CACHE [ε | success_and_cryptobinding cryptobinding tlv_request /  tlv_cryptobinding no_reply -]
Dec 18, 2025 1:09:20 PM de.learnlib.logging.LearnLogger logQuery
INFO: DB CACHE [ε | success_and_cryptobinding cryptobinding challenge_v0 /  tlv_cryptobinding no_reply -]
Dec 18, 2025 1:09:20 PM de.learnlib.logging.LearnLogger logQuery
INFO: DB CACHE [ε | success_and_cryptobinding cryptobinding id_request_v0 /  tlv_cryptobinding no_reply -]
Dec 18, 2025 1:09:20 PM de.learnlib.logging.LearnLogger logQuery
INFO: DB CACHE [ε | success_and_cryptobinding success_and_cryptobinding 4_way_message_1 /  tlv_cryptobinding no_reply -]
Dec 18, 2025 1:09:20 PM de.learnlib.logging.LearnLogger logQuery
INFO: DB CACHE [ε | success_and_cryptobinding success_and_cryptobinding eap_success /  tlv_cryptobinding no_reply -]
Dec 18, 2025 1:09:20 PM de.learnlib.logging.LearnLogger logQuery
INFO: DB CACHE [ε | success_and_cryptobinding success_and_cryptobinding cryptobinding /  tlv_cryptobinding no_reply -]
Dec 18, 2025 1:09:20 PM de.learnlib.logging.LearnLogger logQuery
INFO: DB CACHE [ε | success_and_cryptobinding success_and_cryptobinding success_and_cryptobinding /  tlv_cryptobinding no_reply -]
Dec 18, 2025 1:09:20 PM de.learnlib.logging.LearnLogger logQuery
INFO: DB CACHE [ε | success_and_cryptobinding success_and_cryptobinding success_request_with_credentials /  tlv_cryptobinding no_reply -]
Dec 18, 2025 1:09:20 PM de.learnlib.logging.LearnLogger logQuery
INFO: DB CACHE [ε | success_and_cryptobinding success_and_cryptobinding success_request_all_zeros /  tlv_cryptobinding no_reply -]
Dec 18, 2025 1:09:20 PM de.learnlib.logging.LearnLogger logQuery
INFO: DB CACHE [ε | success_and_cryptobinding success_and_cryptobinding tlv_failure /  tlv_cryptobinding no_reply -]
Dec 18, 2025 1:09:20 PM de.learnlib.logging.LearnLogger logQuery
INFO: DB CACHE [ε | success_and_cryptobinding success_and_cryptobinding tlv_request /  tlv_cryptobinding no_reply -]
Dec 18, 2025 1:09:20 PM de.learnlib.logging.LearnLogger logQuery
INFO: DB CACHE [ε | success_and_cryptobinding success_and_cryptobinding challenge_v0 /  tlv_cryptobinding no_reply -]
Dec 18, 2025 1:09:20 PM de.learnlib.logging.LearnLogger logQuery
INFO: DB CACHE [ε | success_and_cryptobinding success_and_cryptobinding id_request_v0 /  tlv_cryptobinding no_reply -]
Dec 18, 2025 1:09:20 PM de.learnlib.logging.LearnLogger logQuery
INFO: DB CACHE [ε | success_and_cryptobinding success_request_with_credentials 4_way_message_1 /  tlv_cryptobinding no_reply -]
Dec 18, 2025 1:09:20 PM de.learnlib.logging.LearnLogger logQuery
INFO: DB CACHE [ε | success_and_cryptobinding success_request_with_credentials eap_success /  tlv_cryptobinding no_reply -]
Dec 18, 2025 1:09:20 PM de.learnlib.logging.LearnLogger logQuery
INFO: DB CACHE [ε | success_and_cryptobinding success_request_with_credentials cryptobinding /  tlv_cryptobinding no_reply -]
Dec 18, 2025 1:09:20 PM de.learnlib.logging.LearnLogger logQuery
INFO: DB CACHE [ε | success_and_cryptobinding success_request_with_credentials success_and_cryptobinding /  tlv_cryptobinding no_reply -]
Dec 18, 2025 1:09:20 PM de.learnlib.logging.LearnLogger logQuery
INFO: DB CACHE [ε | success_and_cryptobinding success_request_with_credentials success_request_with_credentials /  tlv_cryptobinding no_reply -]
Dec 18, 2025 1:09:20 PM de.learnlib.logging.LearnLogger logQuery
INFO: DB CACHE [ε | success_and_cryptobinding success_request_with_credentials success_request_all_zeros /  tlv_cryptobinding no_reply -]
Dec 18, 2025 1:09:20 PM de.learnlib.logging.LearnLogger logQuery
INFO: DB CACHE [ε | success_and_cryptobinding success_request_with_credentials tlv_failure /  tlv_cryptobinding no_reply -]
Dec 18, 2025 1:09:20 PM de.learnlib.logging.LearnLogger logQuery
INFO: DB CACHE [ε | success_and_cryptobinding success_request_with_credentials tlv_request /  tlv_cryptobinding no_reply -]
Dec 18, 2025 1:09:20 PM de.learnlib.logging.LearnLogger logQuery
INFO: DB CACHE [ε | success_and_cryptobinding success_request_with_credentials challenge_v0 /  tlv_cryptobinding no_reply -]
Dec 18, 2025 1:09:20 PM de.learnlib.logging.LearnLogger logQuery
INFO: DB CACHE [ε | success_and_cryptobinding success_request_with_credentials id_request_v0 /  tlv_cryptobinding no_reply -]
Dec 18, 2025 1:09:20 PM de.learnlib.logging.LearnLogger logQuery
INFO: DB CACHE [ε | success_and_cryptobinding success_request_all_zeros 4_way_message_1 /  tlv_cryptobinding no_reply -]
Dec 18, 2025 1:09:20 PM de.learnlib.logging.LearnLogger logQuery
INFO: DB CACHE [ε | success_and_cryptobinding success_request_all_zeros eap_success /  tlv_cryptobinding no_reply -]
Dec 18, 2025 1:09:20 PM de.learnlib.logging.LearnLogger logQuery
INFO: DB CACHE [ε | success_and_cryptobinding success_request_all_zeros cryptobinding /  tlv_cryptobinding no_reply -]
Dec 18, 2025 1:09:20 PM de.learnlib.logging.LearnLogger logQuery
INFO: DB CACHE [ε | success_and_cryptobinding success_request_all_zeros success_and_cryptobinding /  tlv_cryptobinding no_reply -]
Dec 18, 2025 1:09:20 PM de.learnlib.logging.LearnLogger logQuery
INFO: DB CACHE [ε | success_and_cryptobinding success_request_all_zeros success_request_with_credentials /  tlv_cryptobinding no_reply -]
Dec 18, 2025 1:09:20 PM de.learnlib.logging.LearnLogger logQuery
INFO: DB CACHE [ε | success_and_cryptobinding success_request_all_zeros success_request_all_zeros /  tlv_cryptobinding no_reply -]
Dec 18, 2025 1:09:20 PM de.learnlib.logging.LearnLogger logQuery
INFO: DB CACHE [ε | success_and_cryptobinding success_request_all_zeros tlv_failure /  tlv_cryptobinding no_reply -]
Dec 18, 2025 1:09:20 PM de.learnlib.logging.LearnLogger logQuery
INFO: DB CACHE [ε | success_and_cryptobinding success_request_all_zeros tlv_request /  tlv_cryptobinding no_reply -]
Dec 18, 2025 1:09:20 PM de.learnlib.logging.LearnLogger logQuery
INFO: DB CACHE [ε | success_and_cryptobinding success_request_all_zeros challenge_v0 /  tlv_cryptobinding no_reply -]
Dec 18, 2025 1:09:20 PM de.learnlib.logging.LearnLogger logQuery
INFO: DB CACHE [ε | success_and_cryptobinding success_request_all_zeros id_request_v0 /  tlv_cryptobinding no_reply -]
Dec 18, 2025 1:09:20 PM de.learnlib.logging.LearnLogger logQuery
INFO: DB CACHE [ε | success_and_cryptobinding tlv_failure 4_way_message_1 /  tlv_cryptobinding no_reply -]
Dec 18, 2025 1:09:20 PM de.learnlib.logging.LearnLogger logQuery
INFO: DB CACHE [ε | success_and_cryptobinding tlv_failure eap_success /  tlv_cryptobinding no_reply -]
Dec 18, 2025 1:09:20 PM de.learnlib.logging.LearnLogger logQuery
INFO: DB CACHE [ε | success_and_cryptobinding tlv_failure cryptobinding /  tlv_cryptobinding no_reply -]
Dec 18, 2025 1:09:20 PM de.learnlib.logging.LearnLogger logQuery
INFO: DB CACHE [ε | success_and_cryptobinding tlv_failure success_and_cryptobinding /  tlv_cryptobinding no_reply -]
Dec 18, 2025 1:09:20 PM de.learnlib.logging.LearnLogger logQuery
INFO: DB CACHE [ε | success_and_cryptobinding tlv_failure success_request_with_credentials /  tlv_cryptobinding no_reply -]
Dec 18, 2025 1:09:20 PM de.learnlib.logging.LearnLogger logQuery
INFO: DB CACHE [ε | success_and_cryptobinding tlv_failure success_request_all_zeros /  tlv_cryptobinding no_reply -]
Dec 18, 2025 1:09:20 PM de.learnlib.logging.LearnLogger logQuery
INFO: DB CACHE [ε | success_and_cryptobinding tlv_failure tlv_failure /  tlv_cryptobinding no_reply -]
Dec 18, 2025 1:09:20 PM de.learnlib.logging.LearnLogger logQuery
INFO: DB CACHE [ε | success_and_cryptobinding tlv_failure tlv_request /  tlv_cryptobinding no_reply -]
Dec 18, 2025 1:09:20 PM de.learnlib.logging.LearnLogger logQuery
INFO: DB CACHE [ε | success_and_cryptobinding tlv_failure challenge_v0 /  tlv_cryptobinding no_reply -]
Dec 18, 2025 1:09:20 PM de.learnlib.logging.LearnLogger logQuery
INFO: DB CACHE [ε | success_and_cryptobinding tlv_failure id_request_v0 /  tlv_cryptobinding no_reply -]
Dec 18, 2025 1:09:20 PM de.learnlib.logging.LearnLogger logQuery
INFO: DB CACHE [ε | success_and_cryptobinding tlv_request 4_way_message_1 /  tlv_cryptobinding no_reply -]
Dec 18, 2025 1:09:20 PM de.learnlib.logging.LearnLogger logQuery
INFO: DB CACHE [ε | success_and_cryptobinding tlv_request eap_success /  tlv_cryptobinding no_reply -]
Dec 18, 2025 1:09:20 PM de.learnlib.logging.LearnLogger logQuery
INFO: DB CACHE [ε | success_and_cryptobinding tlv_request cryptobinding /  tlv_cryptobinding no_reply -]
Dec 18, 2025 1:09:20 PM de.learnlib.logging.LearnLogger logQuery
INFO: DB CACHE [ε | success_and_cryptobinding tlv_request success_and_cryptobinding /  tlv_cryptobinding no_reply -]
Dec 18, 2025 1:09:20 PM de.learnlib.logging.LearnLogger logQuery
INFO: DB CACHE [ε | success_and_cryptobinding tlv_request success_request_with_credentials /  tlv_cryptobinding no_reply -]
Dec 18, 2025 1:09:20 PM de.learnlib.logging.LearnLogger logQuery
INFO: DB CACHE [ε | success_and_cryptobinding tlv_request success_request_all_zeros /  tlv_cryptobinding no_reply -]
Dec 18, 2025 1:09:20 PM de.learnlib.logging.LearnLogger logQuery
INFO: DB CACHE [ε | success_and_cryptobinding tlv_request tlv_failure /  tlv_cryptobinding no_reply -]
Dec 18, 2025 1:09:20 PM de.learnlib.logging.LearnLogger logQuery
INFO: DB CACHE [ε | success_and_cryptobinding tlv_request tlv_request /  tlv_cryptobinding no_reply -]
Dec 18, 2025 1:09:20 PM de.learnlib.logging.LearnLogger logQuery
INFO: DB CACHE [ε | success_and_cryptobinding tlv_request challenge_v0 /  tlv_cryptobinding no_reply -]
Dec 18, 2025 1:09:20 PM de.learnlib.logging.LearnLogger logQuery
INFO: DB CACHE [ε | success_and_cryptobinding tlv_request id_request_v0 /  tlv_cryptobinding no_reply -]
Dec 18, 2025 1:09:20 PM de.learnlib.logging.LearnLogger logQuery
INFO: DB CACHE [ε | success_and_cryptobinding challenge_v0 4_way_message_1 /  tlv_cryptobinding no_reply -]
Dec 18, 2025 1:09:20 PM de.learnlib.logging.LearnLogger logQuery
INFO: DB CACHE [ε | success_and_cryptobinding challenge_v0 eap_success /  tlv_cryptobinding no_reply -]
Dec 18, 2025 1:09:20 PM de.learnlib.logging.LearnLogger logQuery
INFO: DB CACHE [ε | success_and_cryptobinding challenge_v0 cryptobinding /  tlv_cryptobinding no_reply -]
Dec 18, 2025 1:09:20 PM de.learnlib.logging.LearnLogger logQuery
INFO: DB CACHE [ε | success_and_cryptobinding challenge_v0 success_and_cryptobinding /  tlv_cryptobinding no_reply -]
Dec 18, 2025 1:09:20 PM de.learnlib.logging.LearnLogger logQuery
INFO: DB CACHE [ε | success_and_cryptobinding challenge_v0 success_request_with_credentials /  tlv_cryptobinding no_reply -]
Dec 18, 2025 1:09:20 PM de.learnlib.logging.LearnLogger logQuery
INFO: DB CACHE [ε | success_and_cryptobinding challenge_v0 success_request_all_zeros /  tlv_cryptobinding no_reply -]
Dec 18, 2025 1:09:20 PM de.learnlib.logging.LearnLogger logQuery
INFO: DB CACHE [ε | success_and_cryptobinding challenge_v0 tlv_failure /  tlv_cryptobinding no_reply -]
Dec 18, 2025 1:09:20 PM de.learnlib.logging.LearnLogger logQuery
INFO: DB CACHE [ε | success_and_cryptobinding challenge_v0 tlv_request /  tlv_cryptobinding no_reply -]
Dec 18, 2025 1:09:20 PM de.learnlib.logging.LearnLogger logQuery
INFO: DB CACHE [ε | success_and_cryptobinding challenge_v0 challenge_v0 /  tlv_cryptobinding no_reply -]
Dec 18, 2025 1:09:20 PM de.learnlib.logging.LearnLogger logQuery
INFO: DB CACHE [ε | success_and_cryptobinding challenge_v0 id_request_v0 /  tlv_cryptobinding no_reply -]
Dec 18, 2025 1:09:20 PM de.learnlib.logging.LearnLogger logQuery
INFO: DB CACHE [ε | success_and_cryptobinding id_request_v0 4_way_message_1 /  tlv_cryptobinding no_reply -]
Dec 18, 2025 1:09:20 PM de.learnlib.logging.LearnLogger logQuery
INFO: DB CACHE [ε | success_and_cryptobinding id_request_v0 eap_success /  tlv_cryptobinding no_reply -]
Dec 18, 2025 1:09:20 PM de.learnlib.logging.LearnLogger logQuery
INFO: DB CACHE [ε | success_and_cryptobinding id_request_v0 cryptobinding /  tlv_cryptobinding no_reply -]
Dec 18, 2025 1:09:20 PM de.learnlib.logging.LearnLogger logQuery
INFO: DB CACHE [ε | success_and_cryptobinding id_request_v0 success_and_cryptobinding /  tlv_cryptobinding no_reply -]
Dec 18, 2025 1:09:20 PM de.learnlib.logging.LearnLogger logQuery
INFO: DB CACHE [ε | success_and_cryptobinding id_request_v0 success_request_with_credentials /  tlv_cryptobinding no_reply -]
Dec 18, 2025 1:09:20 PM de.learnlib.logging.LearnLogger logQuery
INFO: DB CACHE [ε | success_and_cryptobinding id_request_v0 success_request_all_zeros /  tlv_cryptobinding no_reply -]
Dec 18, 2025 1:09:20 PM de.learnlib.logging.LearnLogger logQuery
INFO: DB CACHE [ε | success_and_cryptobinding id_request_v0 tlv_failure /  tlv_cryptobinding no_reply -]
Dec 18, 2025 1:09:20 PM de.learnlib.logging.LearnLogger logQuery
INFO: DB CACHE [ε | success_and_cryptobinding id_request_v0 tlv_request /  tlv_cryptobinding no_reply -]
Dec 18, 2025 1:09:20 PM de.learnlib.logging.LearnLogger logQuery
INFO: DB CACHE [ε | success_and_cryptobinding id_request_v0 challenge_v0 /  tlv_cryptobinding no_reply -]
Dec 18, 2025 1:09:20 PM de.learnlib.logging.LearnLogger logQuery
INFO: DB CACHE [ε | success_and_cryptobinding id_request_v0 id_request_v0 /  tlv_cryptobinding no_reply -]
Dec 18, 2025 1:09:20 PM de.learnlib.logging.LearnLogger logQuery
INFO: DISABLED [ε | tlv_request 4_way_message_1 4_way_message_1 /  tlv_failure - -]
Dec 18, 2025 1:09:20 PM de.learnlib.logging.LearnLogger logQuery
INFO: DISABLED [ε | tlv_request 4_way_message_1 eap_success /  tlv_failure - -]
Dec 18, 2025 1:09:20 PM de.learnlib.logging.LearnLogger logQuery
INFO: DISABLED [ε | tlv_request 4_way_message_1 cryptobinding /  tlv_failure - -]
Dec 18, 2025 1:09:20 PM de.learnlib.logging.LearnLogger logQuery
INFO: DISABLED [ε | tlv_request 4_way_message_1 success_and_cryptobinding /  tlv_failure - -]
Dec 18, 2025 1:09:20 PM de.learnlib.logging.LearnLogger logQuery
INFO: DISABLED [ε | tlv_request 4_way_message_1 success_request_with_credentials /  tlv_failure - -]
Dec 18, 2025 1:09:20 PM de.learnlib.logging.LearnLogger logQuery
INFO: DISABLED [ε | tlv_request 4_way_message_1 success_request_all_zeros /  tlv_failure - -]
Dec 18, 2025 1:09:20 PM de.learnlib.logging.LearnLogger logQuery
INFO: DISABLED [ε | tlv_request 4_way_message_1 tlv_failure /  tlv_failure - -]
Dec 18, 2025 1:09:20 PM de.learnlib.logging.LearnLogger logQuery
INFO: DISABLED [ε | tlv_request 4_way_message_1 tlv_request /  tlv_failure - -]
Dec 18, 2025 1:09:20 PM de.learnlib.logging.LearnLogger logQuery
INFO: DISABLED [ε | tlv_request 4_way_message_1 challenge_v0 /  tlv_failure - -]
Dec 18, 2025 1:09:20 PM de.learnlib.logging.LearnLogger logQuery
INFO: DISABLED [ε | tlv_request 4_way_message_1 id_request_v0 /  tlv_failure - -]
Dec 18, 2025 1:09:20 PM de.learnlib.logging.LearnLogger logQuery
INFO: DISABLED [ε | tlv_request eap_success 4_way_message_1 /  tlv_failure - -]
Dec 18, 2025 1:09:20 PM de.learnlib.logging.LearnLogger logQuery
INFO: DISABLED [ε | tlv_request eap_success eap_success /  tlv_failure - -]
Dec 18, 2025 1:09:20 PM de.learnlib.logging.LearnLogger logQuery
INFO: DISABLED [ε | tlv_request eap_success cryptobinding /  tlv_failure - -]
Dec 18, 2025 1:09:20 PM de.learnlib.logging.LearnLogger logQuery
INFO: DISABLED [ε | tlv_request eap_success success_and_cryptobinding /  tlv_failure - -]
Dec 18, 2025 1:09:20 PM de.learnlib.logging.LearnLogger logQuery
INFO: DISABLED [ε | tlv_request eap_success success_request_with_credentials /  tlv_failure - -]
Dec 18, 2025 1:09:20 PM de.learnlib.logging.LearnLogger logQuery
INFO: DISABLED [ε | tlv_request eap_success success_request_all_zeros /  tlv_failure - -]
Dec 18, 2025 1:09:20 PM de.learnlib.logging.LearnLogger logQuery
INFO: DISABLED [ε | tlv_request eap_success tlv_failure /  tlv_failure - -]
Dec 18, 2025 1:09:20 PM de.learnlib.logging.LearnLogger logQuery
INFO: DISABLED [ε | tlv_request eap_success tlv_request /  tlv_failure - -]
Dec 18, 2025 1:09:20 PM de.learnlib.logging.LearnLogger logQuery
INFO: DISABLED [ε | tlv_request eap_success challenge_v0 /  tlv_failure - -]
Dec 18, 2025 1:09:20 PM de.learnlib.logging.LearnLogger logQuery
INFO: DISABLED [ε | tlv_request eap_success id_request_v0 /  tlv_failure - -]
Dec 18, 2025 1:09:20 PM de.learnlib.logging.LearnLogger logQuery
INFO: DISABLED [ε | tlv_request cryptobinding 4_way_message_1 /  tlv_failure - -]
Dec 18, 2025 1:09:20 PM de.learnlib.logging.LearnLogger logQuery
INFO: DISABLED [ε | tlv_request cryptobinding eap_success /  tlv_failure - -]
Dec 18, 2025 1:09:20 PM de.learnlib.logging.LearnLogger logQuery
INFO: DISABLED [ε | tlv_request cryptobinding cryptobinding /  tlv_failure - -]
Dec 18, 2025 1:09:20 PM de.learnlib.logging.LearnLogger logQuery
INFO: DISABLED [ε | tlv_request cryptobinding success_and_cryptobinding /  tlv_failure - -]
Dec 18, 2025 1:09:20 PM de.learnlib.logging.LearnLogger logQuery
INFO: DISABLED [ε | tlv_request cryptobinding success_request_with_credentials /  tlv_failure - -]
Dec 18, 2025 1:09:20 PM de.learnlib.logging.LearnLogger logQuery
INFO: DISABLED [ε | tlv_request cryptobinding success_request_all_zeros /  tlv_failure - -]
Dec 18, 2025 1:09:20 PM de.learnlib.logging.LearnLogger logQuery
INFO: DISABLED [ε | tlv_request cryptobinding tlv_failure /  tlv_failure - -]
Dec 18, 2025 1:09:20 PM de.learnlib.logging.LearnLogger logQuery
INFO: DISABLED [ε | tlv_request cryptobinding tlv_request /  tlv_failure - -]
Dec 18, 2025 1:09:20 PM de.learnlib.logging.LearnLogger logQuery
INFO: DISABLED [ε | tlv_request cryptobinding challenge_v0 /  tlv_failure - -]
Dec 18, 2025 1:09:20 PM de.learnlib.logging.LearnLogger logQuery
INFO: DISABLED [ε | tlv_request cryptobinding id_request_v0 /  tlv_failure - -]
Dec 18, 2025 1:09:20 PM de.learnlib.logging.LearnLogger logQuery
INFO: DISABLED [ε | tlv_request success_and_cryptobinding 4_way_message_1 /  tlv_failure - -]
Dec 18, 2025 1:09:20 PM de.learnlib.logging.LearnLogger logQuery
INFO: DISABLED [ε | tlv_request success_and_cryptobinding eap_success /  tlv_failure - -]
Dec 18, 2025 1:09:20 PM de.learnlib.logging.LearnLogger logQuery
INFO: DISABLED [ε | tlv_request success_and_cryptobinding cryptobinding /  tlv_failure - -]
Dec 18, 2025 1:09:20 PM de.learnlib.logging.LearnLogger logQuery
INFO: DISABLED [ε | tlv_request success_and_cryptobinding success_and_cryptobinding /  tlv_failure - -]
Dec 18, 2025 1:09:20 PM de.learnlib.logging.LearnLogger logQuery
INFO: DISABLED [ε | tlv_request success_and_cryptobinding success_request_with_credentials /  tlv_failure - -]
Dec 18, 2025 1:09:20 PM de.learnlib.logging.LearnLogger logQuery
INFO: DISABLED [ε | tlv_request success_and_cryptobinding success_request_all_zeros /  tlv_failure - -]
Dec 18, 2025 1:09:20 PM de.learnlib.logging.LearnLogger logQuery
INFO: DISABLED [ε | tlv_request success_and_cryptobinding tlv_failure /  tlv_failure - -]
Dec 18, 2025 1:09:20 PM de.learnlib.logging.LearnLogger logQuery
INFO: DISABLED [ε | tlv_request success_and_cryptobinding tlv_request /  tlv_failure - -]
Dec 18, 2025 1:09:20 PM de.learnlib.logging.LearnLogger logQuery
INFO: DISABLED [ε | tlv_request success_and_cryptobinding challenge_v0 /  tlv_failure - -]
Dec 18, 2025 1:09:20 PM de.learnlib.logging.LearnLogger logQuery
INFO: DISABLED [ε | tlv_request success_and_cryptobinding id_request_v0 /  tlv_failure - -]
Dec 18, 2025 1:09:20 PM de.learnlib.logging.LearnLogger logQuery
INFO: DISABLED [ε | tlv_request success_request_with_credentials 4_way_message_1 /  tlv_failure - -]
Dec 18, 2025 1:09:20 PM de.learnlib.logging.LearnLogger logQuery
INFO: DISABLED [ε | tlv_request success_request_with_credentials eap_success /  tlv_failure - -]
Dec 18, 2025 1:09:20 PM de.learnlib.logging.LearnLogger logQuery
INFO: DISABLED [ε | tlv_request success_request_with_credentials cryptobinding /  tlv_failure - -]
Dec 18, 2025 1:09:20 PM de.learnlib.logging.LearnLogger logQuery
INFO: DISABLED [ε | tlv_request success_request_with_credentials success_and_cryptobinding /  tlv_failure - -]
Dec 18, 2025 1:09:20 PM de.learnlib.logging.LearnLogger logQuery
INFO: DISABLED [ε | tlv_request success_request_with_credentials success_request_with_credentials /  tlv_failure - -]
Dec 18, 2025 1:09:20 PM de.learnlib.logging.LearnLogger logQuery
INFO: DISABLED [ε | tlv_request success_request_with_credentials success_request_all_zeros /  tlv_failure - -]
Dec 18, 2025 1:09:20 PM de.learnlib.logging.LearnLogger logQuery
INFO: DISABLED [ε | tlv_request success_request_with_credentials tlv_failure /  tlv_failure - -]
Dec 18, 2025 1:09:20 PM de.learnlib.logging.LearnLogger logQuery
INFO: DISABLED [ε | tlv_request success_request_with_credentials tlv_request /  tlv_failure - -]
Dec 18, 2025 1:09:20 PM de.learnlib.logging.LearnLogger logQuery
INFO: DISABLED [ε | tlv_request success_request_with_credentials challenge_v0 /  tlv_failure - -]
Dec 18, 2025 1:09:20 PM de.learnlib.logging.LearnLogger logQuery
INFO: DISABLED [ε | tlv_request success_request_with_credentials id_request_v0 /  tlv_failure - -]
Dec 18, 2025 1:09:20 PM de.learnlib.logging.LearnLogger logQuery
INFO: DISABLED [ε | tlv_request success_request_all_zeros 4_way_message_1 /  tlv_failure - -]
Dec 18, 2025 1:09:20 PM de.learnlib.logging.LearnLogger logQuery
INFO: DISABLED [ε | tlv_request success_request_all_zeros eap_success /  tlv_failure - -]
Dec 18, 2025 1:09:20 PM de.learnlib.logging.LearnLogger logQuery
INFO: DISABLED [ε | tlv_request success_request_all_zeros cryptobinding /  tlv_failure - -]
Dec 18, 2025 1:09:20 PM de.learnlib.logging.LearnLogger logQuery
INFO: DISABLED [ε | tlv_request success_request_all_zeros success_and_cryptobinding /  tlv_failure - -]
Dec 18, 2025 1:09:20 PM de.learnlib.logging.LearnLogger logQuery
INFO: DISABLED [ε | tlv_request success_request_all_zeros success_request_with_credentials /  tlv_failure - -]
Dec 18, 2025 1:09:20 PM de.learnlib.logging.LearnLogger logQuery
INFO: DISABLED [ε | tlv_request success_request_all_zeros success_request_all_zeros /  tlv_failure - -]
Dec 18, 2025 1:09:20 PM de.learnlib.logging.LearnLogger logQuery
INFO: DISABLED [ε | tlv_request success_request_all_zeros tlv_failure /  tlv_failure - -]
Dec 18, 2025 1:09:20 PM de.learnlib.logging.LearnLogger logQuery
INFO: DISABLED [ε | tlv_request success_request_all_zeros tlv_request /  tlv_failure - -]
Dec 18, 2025 1:09:20 PM de.learnlib.logging.LearnLogger logQuery
INFO: DISABLED [ε | tlv_request success_request_all_zeros challenge_v0 /  tlv_failure - -]
Dec 18, 2025 1:09:20 PM de.learnlib.logging.LearnLogger logQuery
INFO: DISABLED [ε | tlv_request success_request_all_zeros id_request_v0 /  tlv_failure - -]
Dec 18, 2025 1:09:20 PM de.learnlib.logging.LearnLogger logQuery
INFO: DISABLED [ε | tlv_request tlv_failure 4_way_message_1 /  tlv_failure - -]
Dec 18, 2025 1:09:20 PM de.learnlib.logging.LearnLogger logQuery
INFO: DISABLED [ε | tlv_request tlv_failure eap_success /  tlv_failure - -]
Dec 18, 2025 1:09:20 PM de.learnlib.logging.LearnLogger logQuery
INFO: DISABLED [ε | tlv_request tlv_failure cryptobinding /  tlv_failure - -]
Dec 18, 2025 1:09:20 PM de.learnlib.logging.LearnLogger logQuery
INFO: DISABLED [ε | tlv_request tlv_failure success_and_cryptobinding /  tlv_failure - -]
Dec 18, 2025 1:09:20 PM de.learnlib.logging.LearnLogger logQuery
INFO: DISABLED [ε | tlv_request tlv_failure success_request_with_credentials /  tlv_failure - -]
Dec 18, 2025 1:09:20 PM de.learnlib.logging.LearnLogger logQuery
INFO: DISABLED [ε | tlv_request tlv_failure success_request_all_zeros /  tlv_failure - -]
Dec 18, 2025 1:09:20 PM de.learnlib.logging.LearnLogger logQuery
INFO: DISABLED [ε | tlv_request tlv_failure tlv_failure /  tlv_failure - -]
Dec 18, 2025 1:09:20 PM de.learnlib.logging.LearnLogger logQuery
INFO: DISABLED [ε | tlv_request tlv_failure tlv_request /  tlv_failure - -]
Dec 18, 2025 1:09:20 PM de.learnlib.logging.LearnLogger logQuery
INFO: DISABLED [ε | tlv_request tlv_failure challenge_v0 /  tlv_failure - -]
Dec 18, 2025 1:09:20 PM de.learnlib.logging.LearnLogger logQuery
INFO: DISABLED [ε | tlv_request tlv_failure id_request_v0 /  tlv_failure - -]
Dec 18, 2025 1:09:20 PM de.learnlib.logging.LearnLogger logQuery
INFO: DISABLED [ε | tlv_request tlv_request 4_way_message_1 /  tlv_failure - -]
Dec 18, 2025 1:09:20 PM de.learnlib.logging.LearnLogger logQuery
INFO: DISABLED [ε | tlv_request tlv_request eap_success /  tlv_failure - -]
Dec 18, 2025 1:09:20 PM de.learnlib.logging.LearnLogger logQuery
INFO: DISABLED [ε | tlv_request tlv_request cryptobinding /  tlv_failure - -]
Dec 18, 2025 1:09:20 PM de.learnlib.logging.LearnLogger logQuery
INFO: DISABLED [ε | tlv_request tlv_request success_and_cryptobinding /  tlv_failure - -]
Dec 18, 2025 1:09:20 PM de.learnlib.logging.LearnLogger logQuery
INFO: DISABLED [ε | tlv_request tlv_request success_request_with_credentials /  tlv_failure - -]
Dec 18, 2025 1:09:20 PM de.learnlib.logging.LearnLogger logQuery
INFO: DISABLED [ε | tlv_request tlv_request success_request_all_zeros /  tlv_failure - -]
Dec 18, 2025 1:09:20 PM de.learnlib.logging.LearnLogger logQuery
INFO: DISABLED [ε | tlv_request tlv_request tlv_failure /  tlv_failure - -]
Dec 18, 2025 1:09:20 PM de.learnlib.logging.LearnLogger logQuery
INFO: DISABLED [ε | tlv_request tlv_request tlv_request /  tlv_failure - -]
Dec 18, 2025 1:09:20 PM de.learnlib.logging.LearnLogger logQuery
INFO: DISABLED [ε | tlv_request tlv_request challenge_v0 /  tlv_failure - -]
Dec 18, 2025 1:09:20 PM de.learnlib.logging.LearnLogger logQuery
INFO: DISABLED [ε | tlv_request tlv_request id_request_v0 /  tlv_failure - -]
Dec 18, 2025 1:09:20 PM de.learnlib.logging.LearnLogger logQuery
INFO: DISABLED [ε | tlv_request challenge_v0 4_way_message_1 /  tlv_failure - -]
Dec 18, 2025 1:09:20 PM de.learnlib.logging.LearnLogger logQuery
INFO: DISABLED [ε | tlv_request challenge_v0 eap_success /  tlv_failure - -]
Dec 18, 2025 1:09:20 PM de.learnlib.logging.LearnLogger logQuery
INFO: DISABLED [ε | tlv_request challenge_v0 cryptobinding /  tlv_failure - -]
Dec 18, 2025 1:09:20 PM de.learnlib.logging.LearnLogger logQuery
INFO: DISABLED [ε | tlv_request challenge_v0 success_and_cryptobinding /  tlv_failure - -]
Dec 18, 2025 1:09:20 PM de.learnlib.logging.LearnLogger logQuery
INFO: DISABLED [ε | tlv_request challenge_v0 success_request_with_credentials /  tlv_failure - -]
Dec 18, 2025 1:09:20 PM de.learnlib.logging.LearnLogger logQuery
INFO: DISABLED [ε | tlv_request challenge_v0 success_request_all_zeros /  tlv_failure - -]
Dec 18, 2025 1:09:20 PM de.learnlib.logging.LearnLogger logQuery
INFO: DISABLED [ε | tlv_request challenge_v0 tlv_failure /  tlv_failure - -]
Dec 18, 2025 1:09:20 PM de.learnlib.logging.LearnLogger logQuery
INFO: DISABLED [ε | tlv_request challenge_v0 tlv_request /  tlv_failure - -]
Dec 18, 2025 1:09:20 PM de.learnlib.logging.LearnLogger logQuery
INFO: DISABLED [ε | tlv_request challenge_v0 challenge_v0 /  tlv_failure - -]
Dec 18, 2025 1:09:20 PM de.learnlib.logging.LearnLogger logQuery
INFO: DISABLED [ε | tlv_request challenge_v0 id_request_v0 /  tlv_failure - -]
Dec 18, 2025 1:09:20 PM de.learnlib.logging.LearnLogger logQuery
INFO: DISABLED [ε | tlv_request id_request_v0 4_way_message_1 /  tlv_failure - -]
Dec 18, 2025 1:09:20 PM de.learnlib.logging.LearnLogger logQuery
INFO: DISABLED [ε | tlv_request id_request_v0 eap_success /  tlv_failure - -]
Dec 18, 2025 1:09:20 PM de.learnlib.logging.LearnLogger logQuery
INFO: DISABLED [ε | tlv_request id_request_v0 cryptobinding /  tlv_failure - -]
Dec 18, 2025 1:09:20 PM de.learnlib.logging.LearnLogger logQuery
INFO: DISABLED [ε | tlv_request id_request_v0 success_and_cryptobinding /  tlv_failure - -]
Dec 18, 2025 1:09:20 PM de.learnlib.logging.LearnLogger logQuery
INFO: DISABLED [ε | tlv_request id_request_v0 success_request_with_credentials /  tlv_failure - -]
Dec 18, 2025 1:09:20 PM de.learnlib.logging.LearnLogger logQuery
INFO: DISABLED [ε | tlv_request id_request_v0 success_request_all_zeros /  tlv_failure - -]
Dec 18, 2025 1:09:20 PM de.learnlib.logging.LearnLogger logQuery
INFO: DISABLED [ε | tlv_request id_request_v0 tlv_failure /  tlv_failure - -]
Dec 18, 2025 1:09:20 PM de.learnlib.logging.LearnLogger logQuery
INFO: DISABLED [ε | tlv_request id_request_v0 tlv_request /  tlv_failure - -]
Dec 18, 2025 1:09:20 PM de.learnlib.logging.LearnLogger logQuery
INFO: DISABLED [ε | tlv_request id_request_v0 challenge_v0 /  tlv_failure - -]
Dec 18, 2025 1:09:20 PM de.learnlib.logging.LearnLogger logQuery
INFO: DISABLED [ε | tlv_request id_request_v0 id_request_v0 /  tlv_failure - -]
Dec 18, 2025 1:09:20 PM de.learnlib.logging.LearnLogger logQuery
INFO: DB CACHE [ε | challenge_v0 4_way_message_1 4_way_message_1 /  challenge_response_v0 deauthentication -]
Dec 18, 2025 1:09:20 PM de.learnlib.logging.LearnLogger logQuery
INFO: DB CACHE [ε | challenge_v0 4_way_message_1 eap_success /  challenge_response_v0 deauthentication -]
Dec 18, 2025 1:09:20 PM de.learnlib.logging.LearnLogger logQuery
INFO: DB CACHE [ε | challenge_v0 4_way_message_1 cryptobinding /  challenge_response_v0 deauthentication -]
Dec 18, 2025 1:09:20 PM de.learnlib.logging.LearnLogger logQuery
INFO: DB CACHE [ε | challenge_v0 4_way_message_1 success_and_cryptobinding /  challenge_response_v0 deauthentication -]
Dec 18, 2025 1:09:20 PM de.learnlib.logging.LearnLogger logQuery
INFO: DB CACHE [ε | challenge_v0 4_way_message_1 success_request_with_credentials /  challenge_response_v0 deauthentication -]
Dec 18, 2025 1:09:20 PM de.learnlib.logging.LearnLogger logQuery
INFO: DB CACHE [ε | challenge_v0 4_way_message_1 success_request_all_zeros /  challenge_response_v0 deauthentication -]
Dec 18, 2025 1:09:20 PM de.learnlib.logging.LearnLogger logQuery
INFO: DB CACHE [ε | challenge_v0 4_way_message_1 tlv_failure /  challenge_response_v0 deauthentication -]
Dec 18, 2025 1:09:20 PM de.learnlib.logging.LearnLogger logQuery
INFO: DB CACHE [ε | challenge_v0 4_way_message_1 tlv_request /  challenge_response_v0 deauthentication -]
Dec 18, 2025 1:09:20 PM de.learnlib.logging.LearnLogger logQuery
INFO: DB CACHE [ε | challenge_v0 4_way_message_1 challenge_v0 /  challenge_response_v0 deauthentication -]
Dec 18, 2025 1:09:20 PM de.learnlib.logging.LearnLogger logQuery
INFO: DB CACHE [ε | challenge_v0 4_way_message_1 id_request_v0 /  challenge_response_v0 deauthentication -]
Dec 18, 2025 1:09:20 PM de.learnlib.logging.LearnLogger logQuery
INFO: DB CACHE [ε | challenge_v0 eap_success 4_way_message_1 /  challenge_response_v0 deauthentication -]
Dec 18, 2025 1:09:20 PM de.learnlib.logging.LearnLogger logQuery
INFO: DB CACHE [ε | challenge_v0 eap_success eap_success /  challenge_response_v0 deauthentication -]
Dec 18, 2025 1:09:20 PM de.learnlib.logging.LearnLogger logQuery
INFO: DB CACHE [ε | challenge_v0 eap_success cryptobinding /  challenge_response_v0 deauthentication -]
Dec 18, 2025 1:09:20 PM de.learnlib.logging.LearnLogger logQuery
INFO: DB CACHE [ε | challenge_v0 eap_success success_and_cryptobinding /  challenge_response_v0 deauthentication -]
Dec 18, 2025 1:09:20 PM de.learnlib.logging.LearnLogger logQuery
INFO: DB CACHE [ε | challenge_v0 eap_success success_request_with_credentials /  challenge_response_v0 deauthentication -]
Dec 18, 2025 1:09:20 PM de.learnlib.logging.LearnLogger logQuery
INFO: DB CACHE [ε | challenge_v0 eap_success success_request_all_zeros /  challenge_response_v0 deauthentication -]
Dec 18, 2025 1:09:20 PM de.learnlib.logging.LearnLogger logQuery
INFO: DB CACHE [ε | challenge_v0 eap_success tlv_failure /  challenge_response_v0 deauthentication -]
Dec 18, 2025 1:09:20 PM de.learnlib.logging.LearnLogger logQuery
INFO: DB CACHE [ε | challenge_v0 eap_success tlv_request /  challenge_response_v0 deauthentication -]
Dec 18, 2025 1:09:20 PM de.learnlib.logging.LearnLogger logQuery
INFO: DB CACHE [ε | challenge_v0 eap_success challenge_v0 /  challenge_response_v0 deauthentication -]
Dec 18, 2025 1:09:20 PM de.learnlib.logging.LearnLogger logQuery
INFO: DB CACHE [ε | challenge_v0 eap_success id_request_v0 /  challenge_response_v0 deauthentication -]
Dec 18, 2025 1:09:20 PM de.learnlib.logging.LearnLogger logQuery
INFO: DB CACHE [ε | challenge_v0 cryptobinding 4_way_message_1 /  challenge_response_v0 deauthentication -]
Dec 18, 2025 1:09:20 PM de.learnlib.logging.LearnLogger logQuery
INFO: DB CACHE [ε | challenge_v0 cryptobinding eap_success /  challenge_response_v0 deauthentication -]
Dec 18, 2025 1:09:20 PM de.learnlib.logging.LearnLogger logQuery
INFO: DB CACHE [ε | challenge_v0 cryptobinding cryptobinding /  challenge_response_v0 deauthentication -]
Dec 18, 2025 1:09:20 PM de.learnlib.logging.LearnLogger logQuery
INFO: DB CACHE [ε | challenge_v0 cryptobinding success_and_cryptobinding /  challenge_response_v0 deauthentication -]
Dec 18, 2025 1:09:20 PM de.learnlib.logging.LearnLogger logQuery
INFO: DB CACHE [ε | challenge_v0 cryptobinding success_request_with_credentials /  challenge_response_v0 deauthentication -]
Dec 18, 2025 1:09:20 PM de.learnlib.logging.LearnLogger logQuery
INFO: DB CACHE [ε | challenge_v0 cryptobinding success_request_all_zeros /  challenge_response_v0 deauthentication -]
Dec 18, 2025 1:09:20 PM de.learnlib.logging.LearnLogger logQuery
INFO: DB CACHE [ε | challenge_v0 cryptobinding tlv_failure /  challenge_response_v0 deauthentication -]
Dec 18, 2025 1:09:20 PM de.learnlib.logging.LearnLogger logQuery
INFO: DB CACHE [ε | challenge_v0 cryptobinding tlv_request /  challenge_response_v0 deauthentication -]
Dec 18, 2025 1:09:20 PM de.learnlib.logging.LearnLogger logQuery
INFO: DB CACHE [ε | challenge_v0 cryptobinding challenge_v0 /  challenge_response_v0 deauthentication -]
Dec 18, 2025 1:09:20 PM de.learnlib.logging.LearnLogger logQuery
INFO: DB CACHE [ε | challenge_v0 cryptobinding id_request_v0 /  challenge_response_v0 deauthentication -]
Dec 18, 2025 1:09:20 PM de.learnlib.logging.LearnLogger logQuery
INFO: DB CACHE [ε | challenge_v0 success_and_cryptobinding 4_way_message_1 /  challenge_response_v0 tlv_failure -]
Dec 18, 2025 1:09:20 PM de.learnlib.logging.LearnLogger logQuery
INFO: DB CACHE [ε | challenge_v0 success_and_cryptobinding eap_success /  challenge_response_v0 tlv_failure -]
Dec 18, 2025 1:09:20 PM de.learnlib.logging.LearnLogger logQuery
INFO: DB CACHE [ε | challenge_v0 success_and_cryptobinding cryptobinding /  challenge_response_v0 tlv_failure -]
Dec 18, 2025 1:09:20 PM de.learnlib.logging.LearnLogger logQuery
INFO: DB CACHE [ε | challenge_v0 success_and_cryptobinding success_and_cryptobinding /  challenge_response_v0 tlv_failure -]
Dec 18, 2025 1:09:20 PM de.learnlib.logging.LearnLogger logQuery
INFO: DB CACHE [ε | challenge_v0 success_and_cryptobinding success_request_with_credentials /  challenge_response_v0 tlv_failure -]
Dec 18, 2025 1:09:20 PM de.learnlib.logging.LearnLogger logQuery
INFO: DB CACHE [ε | challenge_v0 success_and_cryptobinding success_request_all_zeros /  challenge_response_v0 tlv_failure -]
Dec 18, 2025 1:09:20 PM de.learnlib.logging.LearnLogger logQuery
INFO: DB CACHE [ε | challenge_v0 success_and_cryptobinding tlv_failure /  challenge_response_v0 tlv_failure -]
Dec 18, 2025 1:09:20 PM de.learnlib.logging.LearnLogger logQuery
INFO: DB CACHE [ε | challenge_v0 success_and_cryptobinding tlv_request /  challenge_response_v0 tlv_failure -]
Dec 18, 2025 1:09:20 PM de.learnlib.logging.LearnLogger logQuery
INFO: DB CACHE [ε | challenge_v0 success_and_cryptobinding challenge_v0 /  challenge_response_v0 tlv_failure -]
Dec 18, 2025 1:09:20 PM de.learnlib.logging.LearnLogger logQuery
INFO: DB CACHE [ε | challenge_v0 success_and_cryptobinding id_request_v0 /  challenge_response_v0 tlv_failure -]
Dec 18, 2025 1:09:21 PM de.learnlib.logging.LearnLogger logQuery
INFO: [ε | challenge_v0 success_request_with_credentials 4_way_message_1 / ε | challenge_response_v0 success_response_v0 deauthentication]
Dec 18, 2025 1:09:23 PM de.learnlib.logging.LearnLogger logQuery
INFO: [ε | challenge_v0 success_request_with_credentials eap_success / ε | challenge_response_v0 success_response_v0 deauthentication]
Dec 18, 2025 1:09:24 PM de.learnlib.logging.LearnLogger logQuery
INFO: [ε | challenge_v0 success_request_with_credentials cryptobinding / ε | challenge_response_v0 success_response_v0 no_reply]
Dec 18, 2025 1:09:26 PM de.learnlib.logging.LearnLogger logQuery
INFO: [ε | challenge_v0 success_request_with_credentials success_and_cryptobinding / ε | challenge_response_v0 success_response_v0 tlv_success_and_cryptobinding]
Dec 18, 2025 1:09:27 PM de.learnlib.logging.LearnLogger logQuery
INFO: [ε | challenge_v0 success_request_with_credentials success_request_with_credentials / ε | challenge_response_v0 success_response_v0 success_response_v0]
Dec 18, 2025 1:09:29 PM de.learnlib.logging.LearnLogger logQuery
INFO: [ε | challenge_v0 success_request_with_credentials success_request_all_zeros / ε | challenge_response_v0 success_response_v0 no_reply]
Dec 18, 2025 1:09:30 PM de.learnlib.logging.LearnLogger logQuery
INFO: [ε | challenge_v0 success_request_with_credentials tlv_failure / ε | challenge_response_v0 success_response_v0 tlv_failure]
Dec 18, 2025 1:09:32 PM de.learnlib.logging.LearnLogger logQuery
INFO: [ε | challenge_v0 success_request_with_credentials tlv_request / ε | challenge_response_v0 success_response_v0 tlv_success]
Dec 18, 2025 1:09:33 PM de.learnlib.logging.LearnLogger logQuery
INFO: [ε | challenge_v0 success_request_with_credentials challenge_v0 / ε | challenge_response_v0 success_response_v0 challenge_response_v0]
Dec 18, 2025 1:09:34 PM de.learnlib.logging.LearnLogger logQuery
INFO: [ε | challenge_v0 success_request_with_credentials id_request_v0 / ε | challenge_response_v0 success_response_v0 id_response_v0]
Dec 18, 2025 1:09:35 PM de.learnlib.logging.LearnLogger logQuery
INFO: DB CACHE [ε | challenge_v0 success_request_all_zeros 4_way_message_1 /  challenge_response_v0 no_reply -]
Dec 18, 2025 1:09:35 PM de.learnlib.logging.LearnLogger logQuery
INFO: DB CACHE [ε | challenge_v0 success_request_all_zeros eap_success /  challenge_response_v0 no_reply -]
Dec 18, 2025 1:09:35 PM de.learnlib.logging.LearnLogger logQuery
INFO: DB CACHE [ε | challenge_v0 success_request_all_zeros cryptobinding /  challenge_response_v0 no_reply -]
Dec 18, 2025 1:09:35 PM de.learnlib.logging.LearnLogger logQuery
INFO: DB CACHE [ε | challenge_v0 success_request_all_zeros success_and_cryptobinding /  challenge_response_v0 no_reply -]
Dec 18, 2025 1:09:35 PM de.learnlib.logging.LearnLogger logQuery
INFO: DB CACHE [ε | challenge_v0 success_request_all_zeros success_request_with_credentials /  challenge_response_v0 no_reply -]
Dec 18, 2025 1:09:35 PM de.learnlib.logging.LearnLogger logQuery
INFO: DB CACHE [ε | challenge_v0 success_request_all_zeros success_request_all_zeros /  challenge_response_v0 no_reply -]
Dec 18, 2025 1:09:35 PM de.learnlib.logging.LearnLogger logQuery
INFO: DB CACHE [ε | challenge_v0 success_request_all_zeros tlv_failure /  challenge_response_v0 no_reply -]
Dec 18, 2025 1:09:35 PM de.learnlib.logging.LearnLogger logQuery
INFO: DB CACHE [ε | challenge_v0 success_request_all_zeros tlv_request /  challenge_response_v0 no_reply -]
Dec 18, 2025 1:09:35 PM de.learnlib.logging.LearnLogger logQuery
INFO: DB CACHE [ε | challenge_v0 success_request_all_zeros challenge_v0 /  challenge_response_v0 no_reply -]
Dec 18, 2025 1:09:35 PM de.learnlib.logging.LearnLogger logQuery
INFO: DB CACHE [ε | challenge_v0 success_request_all_zeros id_request_v0 /  challenge_response_v0 no_reply -]
Dec 18, 2025 1:09:35 PM de.learnlib.logging.LearnLogger logQuery
INFO: DB CACHE [ε | challenge_v0 tlv_failure 4_way_message_1 /  challenge_response_v0 tlv_failure -]
Dec 18, 2025 1:09:35 PM de.learnlib.logging.LearnLogger logQuery
INFO: DB CACHE [ε | challenge_v0 tlv_failure eap_success /  challenge_response_v0 tlv_failure -]
Dec 18, 2025 1:09:35 PM de.learnlib.logging.LearnLogger logQuery
INFO: DB CACHE [ε | challenge_v0 tlv_failure cryptobinding /  challenge_response_v0 tlv_failure -]
Dec 18, 2025 1:09:35 PM de.learnlib.logging.LearnLogger logQuery
INFO: DB CACHE [ε | challenge_v0 tlv_failure success_and_cryptobinding /  challenge_response_v0 tlv_failure -]
Dec 18, 2025 1:09:35 PM de.learnlib.logging.LearnLogger logQuery
INFO: DB CACHE [ε | challenge_v0 tlv_failure success_request_with_credentials /  challenge_response_v0 tlv_failure -]
Dec 18, 2025 1:09:35 PM de.learnlib.logging.LearnLogger logQuery
INFO: DB CACHE [ε | challenge_v0 tlv_failure success_request_all_zeros /  challenge_response_v0 tlv_failure -]
Dec 18, 2025 1:09:35 PM de.learnlib.logging.LearnLogger logQuery
INFO: DB CACHE [ε | challenge_v0 tlv_failure tlv_failure /  challenge_response_v0 tlv_failure -]
Dec 18, 2025 1:09:35 PM de.learnlib.logging.LearnLogger logQuery
INFO: DB CACHE [ε | challenge_v0 tlv_failure tlv_request /  challenge_response_v0 tlv_failure -]
Dec 18, 2025 1:09:35 PM de.learnlib.logging.LearnLogger logQuery
INFO: DB CACHE [ε | challenge_v0 tlv_failure challenge_v0 /  challenge_response_v0 tlv_failure -]
Dec 18, 2025 1:09:35 PM de.learnlib.logging.LearnLogger logQuery
INFO: DB CACHE [ε | challenge_v0 tlv_failure id_request_v0 /  challenge_response_v0 tlv_failure -]
Dec 18, 2025 1:09:35 PM de.learnlib.logging.LearnLogger logQuery
INFO: DB CACHE [ε | challenge_v0 tlv_request 4_way_message_1 /  challenge_response_v0 tlv_failure -]
Dec 18, 2025 1:09:35 PM de.learnlib.logging.LearnLogger logQuery
INFO: DB CACHE [ε | challenge_v0 tlv_request eap_success /  challenge_response_v0 tlv_failure -]
Dec 18, 2025 1:09:35 PM de.learnlib.logging.LearnLogger logQuery
INFO: DB CACHE [ε | challenge_v0 tlv_request cryptobinding /  challenge_response_v0 tlv_failure -]
Dec 18, 2025 1:09:35 PM de.learnlib.logging.LearnLogger logQuery
INFO: DB CACHE [ε | challenge_v0 tlv_request success_and_cryptobinding /  challenge_response_v0 tlv_failure -]
Dec 18, 2025 1:09:35 PM de.learnlib.logging.LearnLogger logQuery
INFO: DB CACHE [ε | challenge_v0 tlv_request success_request_with_credentials /  challenge_response_v0 tlv_failure -]
Dec 18, 2025 1:09:35 PM de.learnlib.logging.LearnLogger logQuery
INFO: DB CACHE [ε | challenge_v0 tlv_request success_request_all_zeros /  challenge_response_v0 tlv_failure -]
Dec 18, 2025 1:09:35 PM de.learnlib.logging.LearnLogger logQuery
INFO: DB CACHE [ε | challenge_v0 tlv_request tlv_failure /  challenge_response_v0 tlv_failure -]
Dec 18, 2025 1:09:35 PM de.learnlib.logging.LearnLogger logQuery
INFO: DB CACHE [ε | challenge_v0 tlv_request tlv_request /  challenge_response_v0 tlv_failure -]
Dec 18, 2025 1:09:35 PM de.learnlib.logging.LearnLogger logQuery
INFO: DB CACHE [ε | challenge_v0 tlv_request challenge_v0 /  challenge_response_v0 tlv_failure -]
Dec 18, 2025 1:09:35 PM de.learnlib.logging.LearnLogger logQuery
INFO: DB CACHE [ε | challenge_v0 tlv_request id_request_v0 /  challenge_response_v0 tlv_failure -]
Dec 18, 2025 1:09:36 PM de.learnlib.logging.LearnLogger logQuery
INFO: [ε | challenge_v0 challenge_v0 4_way_message_1 / ε | challenge_response_v0 challenge_response_v0 deauthentication]
Dec 18, 2025 1:09:37 PM de.learnlib.logging.LearnLogger logQuery
INFO: [ε | challenge_v0 challenge_v0 eap_success / ε | challenge_response_v0 challenge_response_v0 deauthentication]
Dec 18, 2025 1:09:39 PM de.learnlib.logging.LearnLogger logQuery
INFO: [ε | challenge_v0 challenge_v0 cryptobinding / ε | challenge_response_v0 challenge_response_v0 deauthentication]
Dec 18, 2025 1:09:40 PM de.learnlib.logging.LearnLogger logQuery
INFO: [ε | challenge_v0 challenge_v0 success_and_cryptobinding / ε | challenge_response_v0 challenge_response_v0 tlv_failure]
Dec 18, 2025 1:09:42 PM de.learnlib.logging.LearnLogger logQuery
INFO: [ε | challenge_v0 challenge_v0 success_request_with_credentials / ε | challenge_response_v0 challenge_response_v0 success_response_v0]
Dec 18, 2025 1:09:43 PM de.learnlib.logging.LearnLogger logQuery
INFO: [ε | challenge_v0 challenge_v0 success_request_all_zeros / ε | challenge_response_v0 challenge_response_v0 no_reply]
Dec 18, 2025 1:09:45 PM de.learnlib.logging.LearnLogger logQuery
INFO: [ε | challenge_v0 challenge_v0 tlv_failure / ε | challenge_response_v0 challenge_response_v0 tlv_failure]
Dec 18, 2025 1:09:46 PM de.learnlib.logging.LearnLogger logQuery
INFO: [ε | challenge_v0 challenge_v0 tlv_request / ε | challenge_response_v0 challenge_response_v0 tlv_failure]
Dec 18, 2025 1:09:48 PM de.learnlib.logging.LearnLogger logQuery
INFO: [ε | challenge_v0 challenge_v0 challenge_v0 / ε | challenge_response_v0 challenge_response_v0 challenge_response_v0]
Dec 18, 2025 1:09:49 PM de.learnlib.logging.LearnLogger logQuery
INFO: [ε | challenge_v0 challenge_v0 id_request_v0 / ε | challenge_response_v0 challenge_response_v0 id_response_v0]
Dec 18, 2025 1:09:51 PM de.learnlib.logging.LearnLogger logQuery
INFO: [ε | challenge_v0 id_request_v0 4_way_message_1 / ε | challenge_response_v0 id_response_v0 deauthentication]
Dec 18, 2025 1:09:52 PM de.learnlib.logging.LearnLogger logQuery
INFO: [ε | challenge_v0 id_request_v0 eap_success / ε | challenge_response_v0 id_response_v0 deauthentication]
Dec 18, 2025 1:09:54 PM de.learnlib.logging.LearnLogger logQuery
INFO: [ε | challenge_v0 id_request_v0 cryptobinding / ε | challenge_response_v0 id_response_v0 deauthentication]
Dec 18, 2025 1:09:55 PM de.learnlib.logging.LearnLogger logQuery
INFO: [ε | challenge_v0 id_request_v0 success_and_cryptobinding / ε | challenge_response_v0 id_response_v0 tlv_failure]
Dec 18, 2025 1:09:57 PM de.learnlib.logging.LearnLogger logQuery
INFO: [ε | challenge_v0 id_request_v0 success_request_with_credentials / ε | challenge_response_v0 id_response_v0 success_response_v0]
Dec 18, 2025 1:09:59 PM de.learnlib.logging.LearnLogger logQuery
INFO: [ε | challenge_v0 id_request_v0 success_request_all_zeros / ε | challenge_response_v0 id_response_v0 no_reply]
Dec 18, 2025 1:10:00 PM de.learnlib.logging.LearnLogger logQuery
INFO: [ε | challenge_v0 id_request_v0 tlv_failure / ε | challenge_response_v0 id_response_v0 tlv_failure]
Dec 18, 2025 1:10:02 PM de.learnlib.logging.LearnLogger logQuery
INFO: [ε | challenge_v0 id_request_v0 tlv_request / ε | challenge_response_v0 id_response_v0 tlv_failure]
Dec 18, 2025 1:10:03 PM de.learnlib.logging.LearnLogger logQuery
INFO: [ε | challenge_v0 id_request_v0 challenge_v0 / ε | challenge_response_v0 id_response_v0 challenge_response_v0]
Dec 18, 2025 1:10:04 PM de.learnlib.logging.LearnLogger logQuery
INFO: [ε | challenge_v0 id_request_v0 id_request_v0 / ε | challenge_response_v0 id_response_v0 id_response_v0]
Dec 18, 2025 1:10:05 PM de.learnlib.logging.LearnLogger logQuery
INFO: DB CACHE [ε | challenge_v0 success_request_with_credentials 4_way_message_1 4_way_message_1 /  challenge_response_v0 success_response_v0 deauthentication -]
Dec 18, 2025 1:10:05 PM de.learnlib.logging.LearnLogger logQuery
INFO: DB CACHE [ε | challenge_v0 success_request_with_credentials 4_way_message_1 eap_success /  challenge_response_v0 success_response_v0 deauthentication -]
Dec 18, 2025 1:10:05 PM de.learnlib.logging.LearnLogger logQuery
INFO: DB CACHE [ε | challenge_v0 success_request_with_credentials 4_way_message_1 cryptobinding /  challenge_response_v0 success_response_v0 deauthentication -]
Dec 18, 2025 1:10:05 PM de.learnlib.logging.LearnLogger logQuery
INFO: DB CACHE [ε | challenge_v0 success_request_with_credentials 4_way_message_1 success_and_cryptobinding /  challenge_response_v0 success_response_v0 deauthentication -]
Dec 18, 2025 1:10:05 PM de.learnlib.logging.LearnLogger logQuery
INFO: DB CACHE [ε | challenge_v0 success_request_with_credentials 4_way_message_1 success_request_with_credentials /  challenge_response_v0 success_response_v0 deauthentication -]
Dec 18, 2025 1:10:05 PM de.learnlib.logging.LearnLogger logQuery
INFO: DB CACHE [ε | challenge_v0 success_request_with_credentials 4_way_message_1 success_request_all_zeros /  challenge_response_v0 success_response_v0 deauthentication -]
Dec 18, 2025 1:10:05 PM de.learnlib.logging.LearnLogger logQuery
INFO: DB CACHE [ε | challenge_v0 success_request_with_credentials 4_way_message_1 tlv_failure /  challenge_response_v0 success_response_v0 deauthentication -]
Dec 18, 2025 1:10:05 PM de.learnlib.logging.LearnLogger logQuery
INFO: DB CACHE [ε | challenge_v0 success_request_with_credentials 4_way_message_1 tlv_request /  challenge_response_v0 success_response_v0 deauthentication -]
Dec 18, 2025 1:10:05 PM de.learnlib.logging.LearnLogger logQuery
INFO: DB CACHE [ε | challenge_v0 success_request_with_credentials 4_way_message_1 challenge_v0 /  challenge_response_v0 success_response_v0 deauthentication -]
Dec 18, 2025 1:10:05 PM de.learnlib.logging.LearnLogger logQuery
INFO: DB CACHE [ε | challenge_v0 success_request_with_credentials 4_way_message_1 id_request_v0 /  challenge_response_v0 success_response_v0 deauthentication -]
Dec 18, 2025 1:10:05 PM de.learnlib.logging.LearnLogger logQuery
INFO: DB CACHE [ε | challenge_v0 success_request_with_credentials eap_success 4_way_message_1 /  challenge_response_v0 success_response_v0 deauthentication -]
Dec 18, 2025 1:10:05 PM de.learnlib.logging.LearnLogger logQuery
INFO: DB CACHE [ε | challenge_v0 success_request_with_credentials eap_success eap_success /  challenge_response_v0 success_response_v0 deauthentication -]
Dec 18, 2025 1:10:05 PM de.learnlib.logging.LearnLogger logQuery
INFO: DB CACHE [ε | challenge_v0 success_request_with_credentials eap_success cryptobinding /  challenge_response_v0 success_response_v0 deauthentication -]
Dec 18, 2025 1:10:05 PM de.learnlib.logging.LearnLogger logQuery
INFO: DB CACHE [ε | challenge_v0 success_request_with_credentials eap_success success_and_cryptobinding /  challenge_response_v0 success_response_v0 deauthentication -]
Dec 18, 2025 1:10:05 PM de.learnlib.logging.LearnLogger logQuery
INFO: DB CACHE [ε | challenge_v0 success_request_with_credentials eap_success success_request_with_credentials /  challenge_response_v0 success_response_v0 deauthentication -]
Dec 18, 2025 1:10:05 PM de.learnlib.logging.LearnLogger logQuery
INFO: DB CACHE [ε | challenge_v0 success_request_with_credentials eap_success success_request_all_zeros /  challenge_response_v0 success_response_v0 deauthentication -]
Dec 18, 2025 1:10:05 PM de.learnlib.logging.LearnLogger logQuery
INFO: DB CACHE [ε | challenge_v0 success_request_with_credentials eap_success tlv_failure /  challenge_response_v0 success_response_v0 deauthentication -]
Dec 18, 2025 1:10:05 PM de.learnlib.logging.LearnLogger logQuery
INFO: DB CACHE [ε | challenge_v0 success_request_with_credentials eap_success tlv_request /  challenge_response_v0 success_response_v0 deauthentication -]
Dec 18, 2025 1:10:05 PM de.learnlib.logging.LearnLogger logQuery
INFO: DB CACHE [ε | challenge_v0 success_request_with_credentials eap_success challenge_v0 /  challenge_response_v0 success_response_v0 deauthentication -]
Dec 18, 2025 1:10:05 PM de.learnlib.logging.LearnLogger logQuery
INFO: DB CACHE [ε | challenge_v0 success_request_with_credentials eap_success id_request_v0 /  challenge_response_v0 success_response_v0 deauthentication -]
Dec 18, 2025 1:10:05 PM de.learnlib.logging.LearnLogger logQuery
INFO: DB CACHE [ε | challenge_v0 success_request_with_credentials cryptobinding 4_way_message_1 /  challenge_response_v0 success_response_v0 no_reply -]
Dec 18, 2025 1:10:05 PM de.learnlib.logging.LearnLogger logQuery
INFO: DB CACHE [ε | challenge_v0 success_request_with_credentials cryptobinding eap_success /  challenge_response_v0 success_response_v0 no_reply -]
Dec 18, 2025 1:10:05 PM de.learnlib.logging.LearnLogger logQuery
INFO: DB CACHE [ε | challenge_v0 success_request_with_credentials cryptobinding cryptobinding /  challenge_response_v0 success_response_v0 no_reply -]
Dec 18, 2025 1:10:05 PM de.learnlib.logging.LearnLogger logQuery
INFO: DB CACHE [ε | challenge_v0 success_request_with_credentials cryptobinding success_and_cryptobinding /  challenge_response_v0 success_response_v0 no_reply -]
Dec 18, 2025 1:10:05 PM de.learnlib.logging.LearnLogger logQuery
INFO: DB CACHE [ε | challenge_v0 success_request_with_credentials cryptobinding success_request_with_credentials /  challenge_response_v0 success_response_v0 no_reply -]
Dec 18, 2025 1:10:05 PM de.learnlib.logging.LearnLogger logQuery
INFO: DB CACHE [ε | challenge_v0 success_request_with_credentials cryptobinding success_request_all_zeros /  challenge_response_v0 success_response_v0 no_reply -]
Dec 18, 2025 1:10:05 PM de.learnlib.logging.LearnLogger logQuery
INFO: DB CACHE [ε | challenge_v0 success_request_with_credentials cryptobinding tlv_failure /  challenge_response_v0 success_response_v0 no_reply -]
Dec 18, 2025 1:10:05 PM de.learnlib.logging.LearnLogger logQuery
INFO: DB CACHE [ε | challenge_v0 success_request_with_credentials cryptobinding tlv_request /  challenge_response_v0 success_response_v0 no_reply -]
Dec 18, 2025 1:10:05 PM de.learnlib.logging.LearnLogger logQuery
INFO: DB CACHE [ε | challenge_v0 success_request_with_credentials cryptobinding challenge_v0 /  challenge_response_v0 success_response_v0 no_reply -]
Dec 18, 2025 1:10:05 PM de.learnlib.logging.LearnLogger logQuery
INFO: DB CACHE [ε | challenge_v0 success_request_with_credentials cryptobinding id_request_v0 /  challenge_response_v0 success_response_v0 no_reply -]
Dec 18, 2025 1:10:06 PM de.learnlib.logging.LearnLogger logQuery
INFO: [ε | challenge_v0 success_request_with_credentials success_and_cryptobinding 4_way_message_1 / ε | challenge_response_v0 success_response_v0 tlv_success_and_cryptobinding 4_way_message_2]
Dec 18, 2025 1:10:08 PM de.learnlib.logging.LearnLogger logQuery
INFO: [ε | challenge_v0 success_request_with_credentials success_and_cryptobinding eap_success / ε | challenge_response_v0 success_response_v0 tlv_success_and_cryptobinding after_eap_success]
Dec 18, 2025 1:10:09 PM de.learnlib.logging.LearnLogger logQuery
INFO: [ε | challenge_v0 success_request_with_credentials success_and_cryptobinding cryptobinding / ε | challenge_response_v0 success_response_v0 tlv_success_and_cryptobinding no_reply]
Dec 18, 2025 1:10:11 PM de.learnlib.logging.LearnLogger logQuery
INFO: [ε | challenge_v0 success_request_with_credentials success_and_cryptobinding success_and_cryptobinding / ε | challenge_response_v0 success_response_v0 tlv_success_and_cryptobinding no_reply]
Dec 18, 2025 1:10:13 PM de.learnlib.logging.LearnLogger logQuery
INFO: [ε | challenge_v0 success_request_with_credentials success_and_cryptobinding success_request_with_credentials / ε | challenge_response_v0 success_response_v0 tlv_success_and_cryptobinding no_reply]
Dec 18, 2025 1:10:14 PM de.learnlib.logging.LearnLogger logQuery
INFO: [ε | challenge_v0 success_request_with_credentials success_and_cryptobinding success_request_all_zeros / ε | challenge_response_v0 success_response_v0 tlv_success_and_cryptobinding no_reply]
Dec 18, 2025 1:10:16 PM de.learnlib.logging.LearnLogger logQuery
INFO: [ε | challenge_v0 success_request_with_credentials success_and_cryptobinding tlv_failure / ε | challenge_response_v0 success_response_v0 tlv_success_and_cryptobinding no_reply]
Dec 18, 2025 1:10:18 PM de.learnlib.logging.LearnLogger logQuery
INFO: [ε | challenge_v0 success_request_with_credentials success_and_cryptobinding tlv_request / ε | challenge_response_v0 success_response_v0 tlv_success_and_cryptobinding no_reply]
Dec 18, 2025 1:10:19 PM de.learnlib.logging.LearnLogger logQuery
INFO: [ε | challenge_v0 success_request_with_credentials success_and_cryptobinding challenge_v0 / ε | challenge_response_v0 success_response_v0 tlv_success_and_cryptobinding no_reply]
Dec 18, 2025 1:10:21 PM de.learnlib.logging.LearnLogger logQuery
INFO: [ε | challenge_v0 success_request_with_credentials success_and_cryptobinding id_request_v0 / ε | challenge_response_v0 success_response_v0 tlv_success_and_cryptobinding no_reply]
Dec 18, 2025 1:10:23 PM de.learnlib.logging.LearnLogger logQuery
INFO: [ε | challenge_v0 success_request_with_credentials success_request_with_credentials 4_way_message_1 / ε | challenge_response_v0 success_response_v0 success_response_v0 deauthentication]
Dec 18, 2025 1:10:24 PM de.learnlib.logging.LearnLogger logQuery
INFO: [ε | challenge_v0 success_request_with_credentials success_request_with_credentials eap_success / ε | challenge_response_v0 success_response_v0 success_response_v0 deauthentication]
Dec 18, 2025 1:10:26 PM de.learnlib.logging.LearnLogger logQuery
INFO: [ε | challenge_v0 success_request_with_credentials success_request_with_credentials cryptobinding / ε | challenge_response_v0 success_response_v0 success_response_v0 no_reply]
Dec 18, 2025 1:10:27 PM de.learnlib.logging.LearnLogger logQuery
INFO: [ε | challenge_v0 success_request_with_credentials success_request_with_credentials success_and_cryptobinding / ε | challenge_response_v0 success_response_v0 success_response_v0 tlv_success_and_cryptobinding]
Dec 18, 2025 1:10:29 PM de.learnlib.logging.LearnLogger logQuery
INFO: [ε | challenge_v0 success_request_with_credentials success_request_with_credentials success_request_with_credentials / ε | challenge_response_v0 success_response_v0 success_response_v0 success_response_v0]
Dec 18, 2025 1:10:30 PM de.learnlib.logging.LearnLogger logQuery
INFO: [ε | challenge_v0 success_request_with_credentials success_request_with_credentials success_request_all_zeros / ε | challenge_response_v0 success_response_v0 success_response_v0 no_reply]
Dec 18, 2025 1:10:32 PM de.learnlib.logging.LearnLogger logQuery
INFO: [ε | challenge_v0 success_request_with_credentials success_request_with_credentials tlv_failure / ε | challenge_response_v0 success_response_v0 success_response_v0 tlv_failure]
Dec 18, 2025 1:10:33 PM de.learnlib.logging.LearnLogger logQuery
INFO: [ε | challenge_v0 success_request_with_credentials success_request_with_credentials tlv_request / ε | challenge_response_v0 success_response_v0 success_response_v0 tlv_success]
Dec 18, 2025 1:10:35 PM de.learnlib.logging.LearnLogger logQuery
INFO: [ε | challenge_v0 success_request_with_credentials success_request_with_credentials challenge_v0 / ε | challenge_response_v0 success_response_v0 success_response_v0 challenge_response_v0]
Dec 18, 2025 1:10:36 PM de.learnlib.logging.LearnLogger logQuery
INFO: [ε | challenge_v0 success_request_with_credentials success_request_with_credentials id_request_v0 / ε | challenge_response_v0 success_response_v0 success_response_v0 id_response_v0]
Dec 18, 2025 1:10:36 PM de.learnlib.logging.LearnLogger logQuery
INFO: DB CACHE [ε | challenge_v0 success_request_with_credentials success_request_all_zeros 4_way_message_1 /  challenge_response_v0 success_response_v0 no_reply -]
Dec 18, 2025 1:10:36 PM de.learnlib.logging.LearnLogger logQuery
INFO: DB CACHE [ε | challenge_v0 success_request_with_credentials success_request_all_zeros eap_success /  challenge_response_v0 success_response_v0 no_reply -]
Dec 18, 2025 1:10:36 PM de.learnlib.logging.LearnLogger logQuery
INFO: DB CACHE [ε | challenge_v0 success_request_with_credentials success_request_all_zeros cryptobinding /  challenge_response_v0 success_response_v0 no_reply -]
Dec 18, 2025 1:10:36 PM de.learnlib.logging.LearnLogger logQuery
INFO: DB CACHE [ε | challenge_v0 success_request_with_credentials success_request_all_zeros success_and_cryptobinding /  challenge_response_v0 success_response_v0 no_reply -]
Dec 18, 2025 1:10:36 PM de.learnlib.logging.LearnLogger logQuery
INFO: DB CACHE [ε | challenge_v0 success_request_with_credentials success_request_all_zeros success_request_with_credentials /  challenge_response_v0 success_response_v0 no_reply -]
Dec 18, 2025 1:10:36 PM de.learnlib.logging.LearnLogger logQuery
INFO: DB CACHE [ε | challenge_v0 success_request_with_credentials success_request_all_zeros success_request_all_zeros /  challenge_response_v0 success_response_v0 no_reply -]
Dec 18, 2025 1:10:36 PM de.learnlib.logging.LearnLogger logQuery
INFO: DB CACHE [ε | challenge_v0 success_request_with_credentials success_request_all_zeros tlv_failure /  challenge_response_v0 success_response_v0 no_reply -]
Dec 18, 2025 1:10:36 PM de.learnlib.logging.LearnLogger logQuery
INFO: DB CACHE [ε | challenge_v0 success_request_with_credentials success_request_all_zeros tlv_request /  challenge_response_v0 success_response_v0 no_reply -]
Dec 18, 2025 1:10:36 PM de.learnlib.logging.LearnLogger logQuery
INFO: DB CACHE [ε | challenge_v0 success_request_with_credentials success_request_all_zeros challenge_v0 /  challenge_response_v0 success_response_v0 no_reply -]
Dec 18, 2025 1:10:36 PM de.learnlib.logging.LearnLogger logQuery
INFO: DB CACHE [ε | challenge_v0 success_request_with_credentials success_request_all_zeros id_request_v0 /  challenge_response_v0 success_response_v0 no_reply -]
Dec 18, 2025 1:10:36 PM de.learnlib.logging.LearnLogger logQuery
INFO: DB CACHE [ε | challenge_v0 success_request_with_credentials tlv_failure 4_way_message_1 /  challenge_response_v0 success_response_v0 tlv_failure -]
Dec 18, 2025 1:10:36 PM de.learnlib.logging.LearnLogger logQuery
INFO: DB CACHE [ε | challenge_v0 success_request_with_credentials tlv_failure eap_success /  challenge_response_v0 success_response_v0 tlv_failure -]
Dec 18, 2025 1:10:36 PM de.learnlib.logging.LearnLogger logQuery
INFO: DB CACHE [ε | challenge_v0 success_request_with_credentials tlv_failure cryptobinding /  challenge_response_v0 success_response_v0 tlv_failure -]
Dec 18, 2025 1:10:36 PM de.learnlib.logging.LearnLogger logQuery
INFO: DB CACHE [ε | challenge_v0 success_request_with_credentials tlv_failure success_and_cryptobinding /  challenge_response_v0 success_response_v0 tlv_failure -]
Dec 18, 2025 1:10:36 PM de.learnlib.logging.LearnLogger logQuery
INFO: DB CACHE [ε | challenge_v0 success_request_with_credentials tlv_failure success_request_with_credentials /  challenge_response_v0 success_response_v0 tlv_failure -]
Dec 18, 2025 1:10:36 PM de.learnlib.logging.LearnLogger logQuery
INFO: DB CACHE [ε | challenge_v0 success_request_with_credentials tlv_failure success_request_all_zeros /  challenge_response_v0 success_response_v0 tlv_failure -]
Dec 18, 2025 1:10:36 PM de.learnlib.logging.LearnLogger logQuery
INFO: DB CACHE [ε | challenge_v0 success_request_with_credentials tlv_failure tlv_failure /  challenge_response_v0 success_response_v0 tlv_failure -]
Dec 18, 2025 1:10:36 PM de.learnlib.logging.LearnLogger logQuery
INFO: DB CACHE [ε | challenge_v0 success_request_with_credentials tlv_failure tlv_request /  challenge_response_v0 success_response_v0 tlv_failure -]
Dec 18, 2025 1:10:36 PM de.learnlib.logging.LearnLogger logQuery
INFO: DB CACHE [ε | challenge_v0 success_request_with_credentials tlv_failure challenge_v0 /  challenge_response_v0 success_response_v0 tlv_failure -]
Dec 18, 2025 1:10:36 PM de.learnlib.logging.LearnLogger logQuery
INFO: DB CACHE [ε | challenge_v0 success_request_with_credentials tlv_failure id_request_v0 /  challenge_response_v0 success_response_v0 tlv_failure -]
Dec 18, 2025 1:10:37 PM de.learnlib.logging.LearnLogger logQuery
INFO: [ε | challenge_v0 success_request_with_credentials tlv_request 4_way_message_1 / ε | challenge_response_v0 success_response_v0 tlv_success 4_way_message_2]
Dec 18, 2025 1:10:39 PM de.learnlib.logging.LearnLogger logQuery
INFO: [ε | challenge_v0 success_request_with_credentials tlv_request eap_success / ε | challenge_response_v0 success_response_v0 tlv_success after_eap_success]
Dec 18, 2025 1:10:41 PM de.learnlib.logging.LearnLogger logQuery
INFO: [ε | challenge_v0 success_request_with_credentials tlv_request cryptobinding / ε | challenge_response_v0 success_response_v0 tlv_success no_reply]
Dec 18, 2025 1:10:42 PM de.learnlib.logging.LearnLogger logQuery
INFO: [ε | challenge_v0 success_request_with_credentials tlv_request success_and_cryptobinding / ε | challenge_response_v0 success_response_v0 tlv_success no_reply]
Dec 18, 2025 1:10:44 PM de.learnlib.logging.LearnLogger logQuery
INFO: [ε | challenge_v0 success_request_with_credentials tlv_request success_request_with_credentials / ε | challenge_response_v0 success_response_v0 tlv_success no_reply]
Dec 18, 2025 1:10:46 PM de.learnlib.logging.LearnLogger logQuery
INFO: [ε | challenge_v0 success_request_with_credentials tlv_request success_request_all_zeros / ε | challenge_response_v0 success_response_v0 tlv_success no_reply]
Dec 18, 2025 1:10:48 PM de.learnlib.logging.LearnLogger logQuery
INFO: [ε | challenge_v0 success_request_with_credentials tlv_request tlv_failure / ε | challenge_response_v0 success_response_v0 tlv_success no_reply]
Dec 18, 2025 1:10:49 PM de.learnlib.logging.LearnLogger logQuery
INFO: [ε | challenge_v0 success_request_with_credentials tlv_request tlv_request / ε | challenge_response_v0 success_response_v0 tlv_success no_reply]
Dec 18, 2025 1:10:51 PM de.learnlib.logging.LearnLogger logQuery
INFO: [ε | challenge_v0 success_request_with_credentials tlv_request challenge_v0 / ε | challenge_response_v0 success_response_v0 tlv_success no_reply]
Dec 18, 2025 1:10:53 PM de.learnlib.logging.LearnLogger logQuery
INFO: [ε | challenge_v0 success_request_with_credentials tlv_request id_request_v0 / ε | challenge_response_v0 success_response_v0 tlv_success no_reply]
Dec 18, 2025 1:10:54 PM de.learnlib.logging.LearnLogger logQuery
INFO: [ε | challenge_v0 success_request_with_credentials challenge_v0 4_way_message_1 / ε | challenge_response_v0 success_response_v0 challenge_response_v0 deauthentication]
Dec 18, 2025 1:10:56 PM de.learnlib.logging.LearnLogger logQuery
INFO: [ε | challenge_v0 success_request_with_credentials challenge_v0 eap_success / ε | challenge_response_v0 success_response_v0 challenge_response_v0 deauthentication]
Dec 18, 2025 1:10:58 PM de.learnlib.logging.LearnLogger logQuery
INFO: [ε | challenge_v0 success_request_with_credentials challenge_v0 cryptobinding / ε | challenge_response_v0 success_response_v0 challenge_response_v0 no_reply]
Dec 18, 2025 1:10:59 PM de.learnlib.logging.LearnLogger logQuery
INFO: [ε | challenge_v0 success_request_with_credentials challenge_v0 success_and_cryptobinding / ε | challenge_response_v0 success_response_v0 challenge_response_v0 tlv_success_and_cryptobinding]
Dec 18, 2025 1:11:00 PM de.learnlib.logging.LearnLogger logQuery
INFO: [ε | challenge_v0 success_request_with_credentials challenge_v0 success_request_with_credentials / ε | challenge_response_v0 success_response_v0 challenge_response_v0 success_response_v0]
Dec 18, 2025 1:11:02 PM de.learnlib.logging.LearnLogger logQuery
INFO: [ε | challenge_v0 success_request_with_credentials challenge_v0 success_request_all_zeros / ε | challenge_response_v0 success_response_v0 challenge_response_v0 no_reply]
Dec 18, 2025 1:11:04 PM de.learnlib.logging.LearnLogger logQuery
INFO: [ε | challenge_v0 success_request_with_credentials challenge_v0 tlv_failure / ε | challenge_response_v0 success_response_v0 challenge_response_v0 tlv_failure]
Dec 18, 2025 1:11:05 PM de.learnlib.logging.LearnLogger logQuery
INFO: [ε | challenge_v0 success_request_with_credentials challenge_v0 tlv_request / ε | challenge_response_v0 success_response_v0 challenge_response_v0 tlv_success]
Dec 18, 2025 1:11:06 PM de.learnlib.logging.LearnLogger logQuery
INFO: [ε | challenge_v0 success_request_with_credentials challenge_v0 challenge_v0 / ε | challenge_response_v0 success_response_v0 challenge_response_v0 challenge_response_v0]
Dec 18, 2025 1:11:08 PM de.learnlib.logging.LearnLogger logQuery
INFO: [ε | challenge_v0 success_request_with_credentials challenge_v0 id_request_v0 / ε | challenge_response_v0 success_response_v0 challenge_response_v0 id_response_v0]
Dec 18, 2025 1:11:09 PM de.learnlib.logging.LearnLogger logQuery
INFO: [ε | challenge_v0 success_request_with_credentials id_request_v0 4_way_message_1 / ε | challenge_response_v0 success_response_v0 id_response_v0 deauthentication]
Dec 18, 2025 1:11:11 PM de.learnlib.logging.LearnLogger logQuery
INFO: [ε | challenge_v0 success_request_with_credentials id_request_v0 eap_success / ε | challenge_response_v0 success_response_v0 id_response_v0 deauthentication]
Dec 18, 2025 1:11:12 PM de.learnlib.logging.LearnLogger logQuery
INFO: [ε | challenge_v0 success_request_with_credentials id_request_v0 cryptobinding / ε | challenge_response_v0 success_response_v0 id_response_v0 no_reply]
Dec 18, 2025 1:11:14 PM de.learnlib.logging.LearnLogger logQuery
INFO: [ε | challenge_v0 success_request_with_credentials id_request_v0 success_and_cryptobinding / ε | challenge_response_v0 success_response_v0 id_response_v0 tlv_success_and_cryptobinding]
Dec 18, 2025 1:11:15 PM de.learnlib.logging.LearnLogger logQuery
INFO: [ε | challenge_v0 success_request_with_credentials id_request_v0 success_request_with_credentials / ε | challenge_response_v0 success_response_v0 id_response_v0 success_response_v0]
Dec 18, 2025 1:11:17 PM de.learnlib.logging.LearnLogger logQuery
INFO: [ε | challenge_v0 success_request_with_credentials id_request_v0 success_request_all_zeros / ε | challenge_response_v0 success_response_v0 id_response_v0 no_reply]
Dec 18, 2025 1:11:18 PM de.learnlib.logging.LearnLogger logQuery
INFO: [ε | challenge_v0 success_request_with_credentials id_request_v0 tlv_failure / ε | challenge_response_v0 success_response_v0 id_response_v0 tlv_failure]
Dec 18, 2025 1:11:20 PM de.learnlib.logging.LearnLogger logQuery
INFO: [ε | challenge_v0 success_request_with_credentials id_request_v0 tlv_request / ε | challenge_response_v0 success_response_v0 id_response_v0 tlv_success]
Dec 18, 2025 1:11:21 PM de.learnlib.logging.LearnLogger logQuery
INFO: [ε | challenge_v0 success_request_with_credentials id_request_v0 challenge_v0 / ε | challenge_response_v0 success_response_v0 id_response_v0 challenge_response_v0]
Dec 18, 2025 1:11:22 PM de.learnlib.logging.LearnLogger logQuery
INFO: [ε | challenge_v0 success_request_with_credentials id_request_v0 id_request_v0 / ε | challenge_response_v0 success_response_v0 id_response_v0 id_response_v0]
Dec 18, 2025 1:11:23 PM de.learnlib.logging.LearnLogger logQuery
INFO: DB CACHE [ε | challenge_v0 success_request_with_credentials tlv_request 4_way_message_1 4_way_message_1 /  challenge_response_v0 success_response_v0 tlv_success 4_way_message_2 -]
Dec 18, 2025 1:11:23 PM de.learnlib.logging.LearnLogger logQuery
INFO: DB CACHE [ε | challenge_v0 success_request_with_credentials tlv_request 4_way_message_1 eap_success /  challenge_response_v0 success_response_v0 tlv_success 4_way_message_2 -]
Dec 18, 2025 1:11:23 PM de.learnlib.logging.LearnLogger logQuery
INFO: DB CACHE [ε | challenge_v0 success_request_with_credentials tlv_request 4_way_message_1 cryptobinding /  challenge_response_v0 success_response_v0 tlv_success 4_way_message_2 -]
Dec 18, 2025 1:11:23 PM de.learnlib.logging.LearnLogger logQuery
INFO: DB CACHE [ε | challenge_v0 success_request_with_credentials tlv_request 4_way_message_1 success_and_cryptobinding /  challenge_response_v0 success_response_v0 tlv_success 4_way_message_2 -]
Dec 18, 2025 1:11:23 PM de.learnlib.logging.LearnLogger logQuery
INFO: DB CACHE [ε | challenge_v0 success_request_with_credentials tlv_request 4_way_message_1 success_request_with_credentials /  challenge_response_v0 success_response_v0 tlv_success 4_way_message_2 -]
Dec 18, 2025 1:11:23 PM de.learnlib.logging.LearnLogger logQuery
INFO: DB CACHE [ε | challenge_v0 success_request_with_credentials tlv_request 4_way_message_1 success_request_all_zeros /  challenge_response_v0 success_response_v0 tlv_success 4_way_message_2 -]
Dec 18, 2025 1:11:23 PM de.learnlib.logging.LearnLogger logQuery
INFO: DB CACHE [ε | challenge_v0 success_request_with_credentials tlv_request 4_way_message_1 tlv_failure /  challenge_response_v0 success_response_v0 tlv_success 4_way_message_2 -]
Dec 18, 2025 1:11:23 PM de.learnlib.logging.LearnLogger logQuery
INFO: DB CACHE [ε | challenge_v0 success_request_with_credentials tlv_request 4_way_message_1 tlv_request /  challenge_response_v0 success_response_v0 tlv_success 4_way_message_2 -]
Dec 18, 2025 1:11:23 PM de.learnlib.logging.LearnLogger logQuery
INFO: DB CACHE [ε | challenge_v0 success_request_with_credentials tlv_request 4_way_message_1 challenge_v0 /  challenge_response_v0 success_response_v0 tlv_success 4_way_message_2 -]
Dec 18, 2025 1:11:23 PM de.learnlib.logging.LearnLogger logQuery
INFO: DB CACHE [ε | challenge_v0 success_request_with_credentials tlv_request 4_way_message_1 id_request_v0 /  challenge_response_v0 success_response_v0 tlv_success 4_way_message_2 -]
Dec 18, 2025 1:11:24 PM de.learnlib.logging.LearnLogger logQuery
INFO: [ε | challenge_v0 success_request_with_credentials tlv_request eap_success 4_way_message_1 / ε | challenge_response_v0 success_response_v0 tlv_success after_eap_success 4_way_message_2]
Dec 18, 2025 1:11:26 PM de.learnlib.logging.LearnLogger logQuery
INFO: [ε | challenge_v0 success_request_with_credentials tlv_request eap_success eap_success / ε | challenge_response_v0 success_response_v0 tlv_success after_eap_success after_eap_success]
Dec 18, 2025 1:11:28 PM de.learnlib.logging.LearnLogger logQuery
INFO: [ε | challenge_v0 success_request_with_credentials tlv_request eap_success cryptobinding / ε | challenge_response_v0 success_response_v0 tlv_success after_eap_success no_reply]
Dec 18, 2025 1:11:30 PM de.learnlib.logging.LearnLogger logQuery
INFO: [ε | challenge_v0 success_request_with_credentials tlv_request eap_success success_and_cryptobinding / ε | challenge_response_v0 success_response_v0 tlv_success after_eap_success no_reply]
Dec 18, 2025 1:11:32 PM de.learnlib.logging.LearnLogger logQuery
INFO: [ε | challenge_v0 success_request_with_credentials tlv_request eap_success success_request_with_credentials / ε | challenge_response_v0 success_response_v0 tlv_success after_eap_success no_reply]
Dec 18, 2025 1:11:34 PM de.learnlib.logging.LearnLogger logQuery
INFO: [ε | challenge_v0 success_request_with_credentials tlv_request eap_success success_request_all_zeros / ε | challenge_response_v0 success_response_v0 tlv_success after_eap_success no_reply]
Dec 18, 2025 1:11:35 PM de.learnlib.logging.LearnLogger logQuery
INFO: [ε | challenge_v0 success_request_with_credentials tlv_request eap_success tlv_failure / ε | challenge_response_v0 success_response_v0 tlv_success after_eap_success no_reply]
Dec 18, 2025 1:11:37 PM de.learnlib.logging.LearnLogger logQuery
INFO: [ε | challenge_v0 success_request_with_credentials tlv_request eap_success tlv_request / ε | challenge_response_v0 success_response_v0 tlv_success after_eap_success no_reply]
Dec 18, 2025 1:11:39 PM de.learnlib.logging.LearnLogger logQuery
INFO: [ε | challenge_v0 success_request_with_credentials tlv_request eap_success challenge_v0 / ε | challenge_response_v0 success_response_v0 tlv_success after_eap_success no_reply]
Dec 18, 2025 1:11:41 PM de.learnlib.logging.LearnLogger logQuery
INFO: [ε | challenge_v0 success_request_with_credentials tlv_request eap_success id_request_v0 / ε | challenge_response_v0 success_response_v0 tlv_success after_eap_success no_reply]
Dec 18, 2025 1:11:42 PM de.learnlib.logging.LearnLogger logQuery
INFO: DB CACHE [ε | challenge_v0 success_request_with_credentials tlv_request cryptobinding 4_way_message_1 /  challenge_response_v0 success_response_v0 tlv_success no_reply -]
Dec 18, 2025 1:11:42 PM de.learnlib.logging.LearnLogger logQuery
INFO: DB CACHE [ε | challenge_v0 success_request_with_credentials tlv_request cryptobinding eap_success /  challenge_response_v0 success_response_v0 tlv_success no_reply -]
Dec 18, 2025 1:11:42 PM de.learnlib.logging.LearnLogger logQuery
INFO: DB CACHE [ε | challenge_v0 success_request_with_credentials tlv_request cryptobinding cryptobinding /  challenge_response_v0 success_response_v0 tlv_success no_reply -]
Dec 18, 2025 1:11:42 PM de.learnlib.logging.LearnLogger logQuery
INFO: DB CACHE [ε | challenge_v0 success_request_with_credentials tlv_request cryptobinding success_and_cryptobinding /  challenge_response_v0 success_response_v0 tlv_success no_reply -]
Dec 18, 2025 1:11:42 PM de.learnlib.logging.LearnLogger logQuery
INFO: DB CACHE [ε | challenge_v0 success_request_with_credentials tlv_request cryptobinding success_request_with_credentials /  challenge_response_v0 success_response_v0 tlv_success no_reply -]
Dec 18, 2025 1:11:42 PM de.learnlib.logging.LearnLogger logQuery
INFO: DB CACHE [ε | challenge_v0 success_request_with_credentials tlv_request cryptobinding success_request_all_zeros /  challenge_response_v0 success_response_v0 tlv_success no_reply -]
Dec 18, 2025 1:11:42 PM de.learnlib.logging.LearnLogger logQuery
INFO: DB CACHE [ε | challenge_v0 success_request_with_credentials tlv_request cryptobinding tlv_failure /  challenge_response_v0 success_response_v0 tlv_success no_reply -]
Dec 18, 2025 1:11:42 PM de.learnlib.logging.LearnLogger logQuery
INFO: DB CACHE [ε | challenge_v0 success_request_with_credentials tlv_request cryptobinding tlv_request /  challenge_response_v0 success_response_v0 tlv_success no_reply -]
Dec 18, 2025 1:11:42 PM de.learnlib.logging.LearnLogger logQuery
INFO: DB CACHE [ε | challenge_v0 success_request_with_credentials tlv_request cryptobinding challenge_v0 /  challenge_response_v0 success_response_v0 tlv_success no_reply -]
Dec 18, 2025 1:11:42 PM de.learnlib.logging.LearnLogger logQuery
INFO: DB CACHE [ε | challenge_v0 success_request_with_credentials tlv_request cryptobinding id_request_v0 /  challenge_response_v0 success_response_v0 tlv_success no_reply -]
Dec 18, 2025 1:11:42 PM de.learnlib.logging.LearnLogger logQuery
INFO: DB CACHE [ε | challenge_v0 success_request_with_credentials tlv_request success_and_cryptobinding 4_way_message_1 /  challenge_response_v0 success_response_v0 tlv_success no_reply -]
Dec 18, 2025 1:11:42 PM de.learnlib.logging.LearnLogger logQuery
INFO: DB CACHE [ε | challenge_v0 success_request_with_credentials tlv_request success_and_cryptobinding eap_success /  challenge_response_v0 success_response_v0 tlv_success no_reply -]
Dec 18, 2025 1:11:42 PM de.learnlib.logging.LearnLogger logQuery
INFO: DB CACHE [ε | challenge_v0 success_request_with_credentials tlv_request success_and_cryptobinding cryptobinding /  challenge_response_v0 success_response_v0 tlv_success no_reply -]
Dec 18, 2025 1:11:42 PM de.learnlib.logging.LearnLogger logQuery
INFO: DB CACHE [ε | challenge_v0 success_request_with_credentials tlv_request success_and_cryptobinding success_and_cryptobinding /  challenge_response_v0 success_response_v0 tlv_success no_reply -]
Dec 18, 2025 1:11:42 PM de.learnlib.logging.LearnLogger logQuery
INFO: DB CACHE [ε | challenge_v0 success_request_with_credentials tlv_request success_and_cryptobinding success_request_with_credentials /  challenge_response_v0 success_response_v0 tlv_success no_reply -]
Dec 18, 2025 1:11:42 PM de.learnlib.logging.LearnLogger logQuery
INFO: DB CACHE [ε | challenge_v0 success_request_with_credentials tlv_request success_and_cryptobinding success_request_all_zeros /  challenge_response_v0 success_response_v0 tlv_success no_reply -]
Dec 18, 2025 1:11:42 PM de.learnlib.logging.LearnLogger logQuery
INFO: DB CACHE [ε | challenge_v0 success_request_with_credentials tlv_request success_and_cryptobinding tlv_failure /  challenge_response_v0 success_response_v0 tlv_success no_reply -]
Dec 18, 2025 1:11:42 PM de.learnlib.logging.LearnLogger logQuery
INFO: DB CACHE [ε | challenge_v0 success_request_with_credentials tlv_request success_and_cryptobinding tlv_request /  challenge_response_v0 success_response_v0 tlv_success no_reply -]
Dec 18, 2025 1:11:42 PM de.learnlib.logging.LearnLogger logQuery
INFO: DB CACHE [ε | challenge_v0 success_request_with_credentials tlv_request success_and_cryptobinding challenge_v0 /  challenge_response_v0 success_response_v0 tlv_success no_reply -]
Dec 18, 2025 1:11:42 PM de.learnlib.logging.LearnLogger logQuery
INFO: DB CACHE [ε | challenge_v0 success_request_with_credentials tlv_request success_and_cryptobinding id_request_v0 /  challenge_response_v0 success_response_v0 tlv_success no_reply -]
Dec 18, 2025 1:11:42 PM de.learnlib.logging.LearnLogger logQuery
INFO: DB CACHE [ε | challenge_v0 success_request_with_credentials tlv_request success_request_with_credentials 4_way_message_1 /  challenge_response_v0 success_response_v0 tlv_success no_reply -]
Dec 18, 2025 1:11:42 PM de.learnlib.logging.LearnLogger logQuery
INFO: DB CACHE [ε | challenge_v0 success_request_with_credentials tlv_request success_request_with_credentials eap_success /  challenge_response_v0 success_response_v0 tlv_success no_reply -]
Dec 18, 2025 1:11:42 PM de.learnlib.logging.LearnLogger logQuery
INFO: DB CACHE [ε | challenge_v0 success_request_with_credentials tlv_request success_request_with_credentials cryptobinding /  challenge_response_v0 success_response_v0 tlv_success no_reply -]
Dec 18, 2025 1:11:42 PM de.learnlib.logging.LearnLogger logQuery
INFO: DB CACHE [ε | challenge_v0 success_request_with_credentials tlv_request success_request_with_credentials success_and_cryptobinding /  challenge_response_v0 success_response_v0 tlv_success no_reply -]
Dec 18, 2025 1:11:42 PM de.learnlib.logging.LearnLogger logQuery
INFO: DB CACHE [ε | challenge_v0 success_request_with_credentials tlv_request success_request_with_credentials success_request_with_credentials /  challenge_response_v0 success_response_v0 tlv_success no_reply -]
Dec 18, 2025 1:11:42 PM de.learnlib.logging.LearnLogger logQuery
INFO: DB CACHE [ε | challenge_v0 success_request_with_credentials tlv_request success_request_with_credentials success_request_all_zeros /  challenge_response_v0 success_response_v0 tlv_success no_reply -]
Dec 18, 2025 1:11:42 PM de.learnlib.logging.LearnLogger logQuery
INFO: DB CACHE [ε | challenge_v0 success_request_with_credentials tlv_request success_request_with_credentials tlv_failure /  challenge_response_v0 success_response_v0 tlv_success no_reply -]
Dec 18, 2025 1:11:42 PM de.learnlib.logging.LearnLogger logQuery
INFO: DB CACHE [ε | challenge_v0 success_request_with_credentials tlv_request success_request_with_credentials tlv_request /  challenge_response_v0 success_response_v0 tlv_success no_reply -]
Dec 18, 2025 1:11:42 PM de.learnlib.logging.LearnLogger logQuery
INFO: DB CACHE [ε | challenge_v0 success_request_with_credentials tlv_request success_request_with_credentials challenge_v0 /  challenge_response_v0 success_response_v0 tlv_success no_reply -]
Dec 18, 2025 1:11:42 PM de.learnlib.logging.LearnLogger logQuery
INFO: DB CACHE [ε | challenge_v0 success_request_with_credentials tlv_request success_request_with_credentials id_request_v0 /  challenge_response_v0 success_response_v0 tlv_success no_reply -]
Dec 18, 2025 1:11:42 PM de.learnlib.logging.LearnLogger logQuery
INFO: DB CACHE [ε | challenge_v0 success_request_with_credentials tlv_request success_request_all_zeros 4_way_message_1 /  challenge_response_v0 success_response_v0 tlv_success no_reply -]
Dec 18, 2025 1:11:42 PM de.learnlib.logging.LearnLogger logQuery
INFO: DB CACHE [ε | challenge_v0 success_request_with_credentials tlv_request success_request_all_zeros eap_success /  challenge_response_v0 success_response_v0 tlv_success no_reply -]
Dec 18, 2025 1:11:42 PM de.learnlib.logging.LearnLogger logQuery
INFO: DB CACHE [ε | challenge_v0 success_request_with_credentials tlv_request success_request_all_zeros cryptobinding /  challenge_response_v0 success_response_v0 tlv_success no_reply -]
Dec 18, 2025 1:11:42 PM de.learnlib.logging.LearnLogger logQuery
INFO: DB CACHE [ε | challenge_v0 success_request_with_credentials tlv_request success_request_all_zeros success_and_cryptobinding /  challenge_response_v0 success_response_v0 tlv_success no_reply -]
Dec 18, 2025 1:11:42 PM de.learnlib.logging.LearnLogger logQuery
INFO: DB CACHE [ε | challenge_v0 success_request_with_credentials tlv_request success_request_all_zeros success_request_with_credentials /  challenge_response_v0 success_response_v0 tlv_success no_reply -]
Dec 18, 2025 1:11:42 PM de.learnlib.logging.LearnLogger logQuery
INFO: DB CACHE [ε | challenge_v0 success_request_with_credentials tlv_request success_request_all_zeros success_request_all_zeros /  challenge_response_v0 success_response_v0 tlv_success no_reply -]
Dec 18, 2025 1:11:42 PM de.learnlib.logging.LearnLogger logQuery
INFO: DB CACHE [ε | challenge_v0 success_request_with_credentials tlv_request success_request_all_zeros tlv_failure /  challenge_response_v0 success_response_v0 tlv_success no_reply -]
Dec 18, 2025 1:11:42 PM de.learnlib.logging.LearnLogger logQuery
INFO: DB CACHE [ε | challenge_v0 success_request_with_credentials tlv_request success_request_all_zeros tlv_request /  challenge_response_v0 success_response_v0 tlv_success no_reply -]
Dec 18, 2025 1:11:42 PM de.learnlib.logging.LearnLogger logQuery
INFO: DB CACHE [ε | challenge_v0 success_request_with_credentials tlv_request success_request_all_zeros challenge_v0 /  challenge_response_v0 success_response_v0 tlv_success no_reply -]
Dec 18, 2025 1:11:42 PM de.learnlib.logging.LearnLogger logQuery
INFO: DB CACHE [ε | challenge_v0 success_request_with_credentials tlv_request success_request_all_zeros id_request_v0 /  challenge_response_v0 success_response_v0 tlv_success no_reply -]
Dec 18, 2025 1:11:42 PM de.learnlib.logging.LearnLogger logQuery
INFO: DB CACHE [ε | challenge_v0 success_request_with_credentials tlv_request tlv_failure 4_way_message_1 /  challenge_response_v0 success_response_v0 tlv_success no_reply -]
Dec 18, 2025 1:11:42 PM de.learnlib.logging.LearnLogger logQuery
INFO: DB CACHE [ε | challenge_v0 success_request_with_credentials tlv_request tlv_failure eap_success /  challenge_response_v0 success_response_v0 tlv_success no_reply -]
Dec 18, 2025 1:11:42 PM de.learnlib.logging.LearnLogger logQuery
INFO: DB CACHE [ε | challenge_v0 success_request_with_credentials tlv_request tlv_failure cryptobinding /  challenge_response_v0 success_response_v0 tlv_success no_reply -]
Dec 18, 2025 1:11:42 PM de.learnlib.logging.LearnLogger logQuery
INFO: DB CACHE [ε | challenge_v0 success_request_with_credentials tlv_request tlv_failure success_and_cryptobinding /  challenge_response_v0 success_response_v0 tlv_success no_reply -]
Dec 18, 2025 1:11:42 PM de.learnlib.logging.LearnLogger logQuery
INFO: DB CACHE [ε | challenge_v0 success_request_with_credentials tlv_request tlv_failure success_request_with_credentials /  challenge_response_v0 success_response_v0 tlv_success no_reply -]
Dec 18, 2025 1:11:42 PM de.learnlib.logging.LearnLogger logQuery
INFO: DB CACHE [ε | challenge_v0 success_request_with_credentials tlv_request tlv_failure success_request_all_zeros /  challenge_response_v0 success_response_v0 tlv_success no_reply -]
Dec 18, 2025 1:11:42 PM de.learnlib.logging.LearnLogger logQuery
INFO: DB CACHE [ε | challenge_v0 success_request_with_credentials tlv_request tlv_failure tlv_failure /  challenge_response_v0 success_response_v0 tlv_success no_reply -]
Dec 18, 2025 1:11:42 PM de.learnlib.logging.LearnLogger logQuery
INFO: DB CACHE [ε | challenge_v0 success_request_with_credentials tlv_request tlv_failure tlv_request /  challenge_response_v0 success_response_v0 tlv_success no_reply -]
Dec 18, 2025 1:11:42 PM de.learnlib.logging.LearnLogger logQuery
INFO: DB CACHE [ε | challenge_v0 success_request_with_credentials tlv_request tlv_failure challenge_v0 /  challenge_response_v0 success_response_v0 tlv_success no_reply -]
Dec 18, 2025 1:11:42 PM de.learnlib.logging.LearnLogger logQuery
INFO: DB CACHE [ε | challenge_v0 success_request_with_credentials tlv_request tlv_failure id_request_v0 /  challenge_response_v0 success_response_v0 tlv_success no_reply -]
Dec 18, 2025 1:11:42 PM de.learnlib.logging.LearnLogger logQuery
INFO: DB CACHE [ε | challenge_v0 success_request_with_credentials tlv_request tlv_request 4_way_message_1 /  challenge_response_v0 success_response_v0 tlv_success no_reply -]
Dec 18, 2025 1:11:42 PM de.learnlib.logging.LearnLogger logQuery
INFO: DB CACHE [ε | challenge_v0 success_request_with_credentials tlv_request tlv_request eap_success /  challenge_response_v0 success_response_v0 tlv_success no_reply -]
Dec 18, 2025 1:11:42 PM de.learnlib.logging.LearnLogger logQuery
INFO: DB CACHE [ε | challenge_v0 success_request_with_credentials tlv_request tlv_request cryptobinding /  challenge_response_v0 success_response_v0 tlv_success no_reply -]
Dec 18, 2025 1:11:42 PM de.learnlib.logging.LearnLogger logQuery
INFO: DB CACHE [ε | challenge_v0 success_request_with_credentials tlv_request tlv_request success_and_cryptobinding /  challenge_response_v0 success_response_v0 tlv_success no_reply -]
Dec 18, 2025 1:11:42 PM de.learnlib.logging.LearnLogger logQuery
INFO: DB CACHE [ε | challenge_v0 success_request_with_credentials tlv_request tlv_request success_request_with_credentials /  challenge_response_v0 success_response_v0 tlv_success no_reply -]
Dec 18, 2025 1:11:42 PM de.learnlib.logging.LearnLogger logQuery
INFO: DB CACHE [ε | challenge_v0 success_request_with_credentials tlv_request tlv_request success_request_all_zeros /  challenge_response_v0 success_response_v0 tlv_success no_reply -]
Dec 18, 2025 1:11:42 PM de.learnlib.logging.LearnLogger logQuery
INFO: DB CACHE [ε | challenge_v0 success_request_with_credentials tlv_request tlv_request tlv_failure /  challenge_response_v0 success_response_v0 tlv_success no_reply -]
Dec 18, 2025 1:11:42 PM de.learnlib.logging.LearnLogger logQuery
INFO: DB CACHE [ε | challenge_v0 success_request_with_credentials tlv_request tlv_request tlv_request /  challenge_response_v0 success_response_v0 tlv_success no_reply -]
Dec 18, 2025 1:11:42 PM de.learnlib.logging.LearnLogger logQuery
INFO: DB CACHE [ε | challenge_v0 success_request_with_credentials tlv_request tlv_request challenge_v0 /  challenge_response_v0 success_response_v0 tlv_success no_reply -]
Dec 18, 2025 1:11:42 PM de.learnlib.logging.LearnLogger logQuery
INFO: DB CACHE [ε | challenge_v0 success_request_with_credentials tlv_request tlv_request id_request_v0 /  challenge_response_v0 success_response_v0 tlv_success no_reply -]
Dec 18, 2025 1:11:42 PM de.learnlib.logging.LearnLogger logQuery
INFO: DB CACHE [ε | challenge_v0 success_request_with_credentials tlv_request challenge_v0 4_way_message_1 /  challenge_response_v0 success_response_v0 tlv_success no_reply -]
Dec 18, 2025 1:11:42 PM de.learnlib.logging.LearnLogger logQuery
INFO: DB CACHE [ε | challenge_v0 success_request_with_credentials tlv_request challenge_v0 eap_success /  challenge_response_v0 success_response_v0 tlv_success no_reply -]
Dec 18, 2025 1:11:42 PM de.learnlib.logging.LearnLogger logQuery
INFO: DB CACHE [ε | challenge_v0 success_request_with_credentials tlv_request challenge_v0 cryptobinding /  challenge_response_v0 success_response_v0 tlv_success no_reply -]
Dec 18, 2025 1:11:42 PM de.learnlib.logging.LearnLogger logQuery
INFO: DB CACHE [ε | challenge_v0 success_request_with_credentials tlv_request challenge_v0 success_and_cryptobinding /  challenge_response_v0 success_response_v0 tlv_success no_reply -]
Dec 18, 2025 1:11:42 PM de.learnlib.logging.LearnLogger logQuery
INFO: DB CACHE [ε | challenge_v0 success_request_with_credentials tlv_request challenge_v0 success_request_with_credentials /  challenge_response_v0 success_response_v0 tlv_success no_reply -]
Dec 18, 2025 1:11:42 PM de.learnlib.logging.LearnLogger logQuery
INFO: DB CACHE [ε | challenge_v0 success_request_with_credentials tlv_request challenge_v0 success_request_all_zeros /  challenge_response_v0 success_response_v0 tlv_success no_reply -]
Dec 18, 2025 1:11:42 PM de.learnlib.logging.LearnLogger logQuery
INFO: DB CACHE [ε | challenge_v0 success_request_with_credentials tlv_request challenge_v0 tlv_failure /  challenge_response_v0 success_response_v0 tlv_success no_reply -]
Dec 18, 2025 1:11:42 PM de.learnlib.logging.LearnLogger logQuery
INFO: DB CACHE [ε | challenge_v0 success_request_with_credentials tlv_request challenge_v0 tlv_request /  challenge_response_v0 success_response_v0 tlv_success no_reply -]
Dec 18, 2025 1:11:42 PM de.learnlib.logging.LearnLogger logQuery
INFO: DB CACHE [ε | challenge_v0 success_request_with_credentials tlv_request challenge_v0 challenge_v0 /  challenge_response_v0 success_response_v0 tlv_success no_reply -]
Dec 18, 2025 1:11:42 PM de.learnlib.logging.LearnLogger logQuery
INFO: DB CACHE [ε | challenge_v0 success_request_with_credentials tlv_request challenge_v0 id_request_v0 /  challenge_response_v0 success_response_v0 tlv_success no_reply -]
Dec 18, 2025 1:11:42 PM de.learnlib.logging.LearnLogger logQuery
INFO: DB CACHE [ε | challenge_v0 success_request_with_credentials tlv_request id_request_v0 4_way_message_1 /  challenge_response_v0 success_response_v0 tlv_success no_reply -]
Dec 18, 2025 1:11:42 PM de.learnlib.logging.LearnLogger logQuery
INFO: DB CACHE [ε | challenge_v0 success_request_with_credentials tlv_request id_request_v0 eap_success /  challenge_response_v0 success_response_v0 tlv_success no_reply -]
Dec 18, 2025 1:11:42 PM de.learnlib.logging.LearnLogger logQuery
INFO: DB CACHE [ε | challenge_v0 success_request_with_credentials tlv_request id_request_v0 cryptobinding /  challenge_response_v0 success_response_v0 tlv_success no_reply -]
Dec 18, 2025 1:11:42 PM de.learnlib.logging.LearnLogger logQuery
INFO: DB CACHE [ε | challenge_v0 success_request_with_credentials tlv_request id_request_v0 success_and_cryptobinding /  challenge_response_v0 success_response_v0 tlv_success no_reply -]
Dec 18, 2025 1:11:42 PM de.learnlib.logging.LearnLogger logQuery
INFO: DB CACHE [ε | challenge_v0 success_request_with_credentials tlv_request id_request_v0 success_request_with_credentials /  challenge_response_v0 success_response_v0 tlv_success no_reply -]
Dec 18, 2025 1:11:42 PM de.learnlib.logging.LearnLogger logQuery
INFO: DB CACHE [ε | challenge_v0 success_request_with_credentials tlv_request id_request_v0 success_request_all_zeros /  challenge_response_v0 success_response_v0 tlv_success no_reply -]
Dec 18, 2025 1:11:42 PM de.learnlib.logging.LearnLogger logQuery
INFO: DB CACHE [ε | challenge_v0 success_request_with_credentials tlv_request id_request_v0 tlv_failure /  challenge_response_v0 success_response_v0 tlv_success no_reply -]
Dec 18, 2025 1:11:42 PM de.learnlib.logging.LearnLogger logQuery
INFO: DB CACHE [ε | challenge_v0 success_request_with_credentials tlv_request id_request_v0 tlv_request /  challenge_response_v0 success_response_v0 tlv_success no_reply -]
Dec 18, 2025 1:11:42 PM de.learnlib.logging.LearnLogger logQuery
INFO: DB CACHE [ε | challenge_v0 success_request_with_credentials tlv_request id_request_v0 challenge_v0 /  challenge_response_v0 success_response_v0 tlv_success no_reply -]
Dec 18, 2025 1:11:42 PM de.learnlib.logging.LearnLogger logQuery
INFO: DB CACHE [ε | challenge_v0 success_request_with_credentials tlv_request id_request_v0 id_request_v0 /  challenge_response_v0 success_response_v0 tlv_success no_reply -]
