Nov 25, 2025 3:32:42 PM de.learnlib.logging.LearnLogger logQuery
INFO: DB CACHE [ε | id_request_v0 /  id_response_v0]
Nov 25, 2025 3:32:42 PM de.learnlib.logging.LearnLogger logQuery
INFO: DB CACHE [ε | id_request_v0 success_request_with_credentials /  id_response_v0 no_reply]
Nov 25, 2025 3:32:42 PM de.learnlib.logging.LearnLogger logQuery
INFO: DB CACHE [ε | id_request_v0 4_way_message_1 /  id_response_v0 no_reply]
Nov 25, 2025 3:32:42 PM de.learnlib.logging.LearnLogger logQuery
INFO: DB CACHE [ε | id_request_v0 id_request_v0 /  id_response_v0 id_response_v0]
Nov 25, 2025 3:32:42 PM de.learnlib.logging.LearnLogger logQuery
INFO: DB CACHE [ε | challenge_v0 /  challenge_response_v0]
Nov 25, 2025 3:32:42 PM de.learnlib.logging.LearnLogger logQuery
INFO: DB CACHE [ε | challenge_v0 success_request_with_credentials /  challenge_response_v0 success_response_v0]
Nov 25, 2025 3:32:42 PM de.learnlib.logging.LearnLogger logQuery
INFO: DB CACHE [ε | challenge_v0 4_way_message_1 /  challenge_response_v0 no_reply]
Nov 25, 2025 3:32:42 PM de.learnlib.logging.LearnLogger logQuery
INFO: DB CACHE [ε | challenge_v0 id_request_v0 /  challenge_response_v0 id_response_v0]
Nov 25, 2025 3:32:42 PM de.learnlib.logging.LearnLogger logQuery
INFO: DB CACHE [ε | tlv_request /  tlv_success]
Nov 25, 2025 3:32:42 PM de.learnlib.logging.LearnLogger logQuery
INFO: DB CACHE [ε | tlv_request success_request_with_credentials /  tlv_success no_reply]
Nov 25, 2025 3:32:42 PM de.learnlib.logging.LearnLogger logQuery
INFO: DB CACHE [ε | tlv_request 4_way_message_1 /  tlv_success 4_way_message_2]
Nov 25, 2025 3:32:42 PM de.learnlib.logging.LearnLogger logQuery
INFO: DB CACHE [ε | tlv_request id_request_v0 /  tlv_success id_response_v0]
Nov 25, 2025 3:32:42 PM de.learnlib.logging.LearnLogger logQuery
INFO: DB CACHE [ε | tlv_failure /  tlv_failure]
Nov 25, 2025 3:32:42 PM de.learnlib.logging.LearnLogger logQuery
INFO: DB CACHE [ε | success_request_all_zeros /  no_reply]
Nov 25, 2025 3:32:42 PM de.learnlib.logging.LearnLogger logQuery
INFO: DB CACHE [ε | success_request_with_credentials /  no_reply]
Nov 25, 2025 3:32:42 PM de.learnlib.logging.LearnLogger logQuery
INFO: DB CACHE [ε | success_and_cryptobinding /  tlv_success]
Nov 25, 2025 3:32:42 PM de.learnlib.logging.LearnLogger logQuery
INFO: DB CACHE [ε | success_and_cryptobinding success_request_with_credentials /  tlv_success no_reply]
Nov 25, 2025 3:32:42 PM de.learnlib.logging.LearnLogger logQuery
INFO: DB CACHE [ε | success_and_cryptobinding 4_way_message_1 /  tlv_success 4_way_message_2]
Nov 25, 2025 3:32:42 PM de.learnlib.logging.LearnLogger logQuery
INFO: DB CACHE [ε | success_and_cryptobinding id_request_v0 /  tlv_success id_response_v0]
Nov 25, 2025 3:32:42 PM de.learnlib.logging.LearnLogger logQuery
INFO: DB CACHE [ε | cryptobinding /  no_reply]
Nov 25, 2025 3:32:42 PM de.learnlib.logging.LearnLogger logQuery
INFO: DB CACHE [ε | eap_success /  after_eap_success]
Nov 25, 2025 3:32:42 PM de.learnlib.logging.LearnLogger logQuery
INFO: DB CACHE [ε | eap_success success_request_with_credentials /  after_eap_success no_reply]
Nov 25, 2025 3:32:42 PM de.learnlib.logging.LearnLogger logQuery
INFO: DB CACHE [ε | eap_success 4_way_message_1 /  after_eap_success no_reply]
Nov 25, 2025 3:32:42 PM de.learnlib.logging.LearnLogger logQuery
INFO: DB CACHE [ε | eap_success id_request_v0 /  after_eap_success no_reply]
Nov 25, 2025 3:32:42 PM de.learnlib.logging.LearnLogger logQuery
INFO: DB CACHE [ε | 4_way_message_1 /  no_reply]
Nov 25, 2025 3:32:44 PM de.learnlib.logging.LearnLogger logQuery
INFO: [ε | id_request_v0 id_request_v0 success_request_with_credentials / ε | id_response_v0 id_response_v0 no_reply]
Nov 25, 2025 3:32:47 PM de.learnlib.logging.LearnLogger logQuery
INFO: [ε | id_request_v0 id_request_v0 4_way_message_1 / ε | id_response_v0 id_response_v0 no_reply]
Nov 25, 2025 3:32:49 PM de.learnlib.logging.LearnLogger logQuery
INFO: [ε | id_request_v0 id_request_v0 id_request_v0 / ε | id_response_v0 id_response_v0 id_response_v0]
Nov 25, 2025 3:32:49 PM de.learnlib.logging.LearnLogger logQuery
INFO: DB CACHE [ε | challenge_v0 id_request_v0 success_request_with_credentials /  challenge_response_v0 id_response_v0 success_response_v0]
Nov 25, 2025 3:32:49 PM de.learnlib.logging.LearnLogger logQuery
INFO: DB CACHE [ε | challenge_v0 id_request_v0 4_way_message_1 /  challenge_response_v0 id_response_v0 no_reply]
Nov 25, 2025 3:32:49 PM de.learnlib.logging.LearnLogger logQuery
INFO: DB CACHE [ε | challenge_v0 id_request_v0 id_request_v0 /  challenge_response_v0 id_response_v0 id_response_v0]
Nov 25, 2025 3:32:49 PM de.learnlib.logging.LearnLogger logQuery
INFO: DB CACHE [ε | tlv_request id_request_v0 success_request_with_credentials /  tlv_success id_response_v0 no_reply]
Nov 25, 2025 3:32:49 PM de.learnlib.logging.LearnLogger logQuery
INFO: DB CACHE [ε | tlv_request id_request_v0 4_way_message_1 /  tlv_success id_response_v0 4_way_message_2]
Nov 25, 2025 3:32:49 PM de.learnlib.logging.LearnLogger logQuery
INFO: DB CACHE [ε | tlv_request id_request_v0 id_request_v0 /  tlv_success id_response_v0 id_response_v0]
Nov 25, 2025 3:32:51 PM de.learnlib.logging.LearnLogger logQuery
INFO: [ε | success_and_cryptobinding id_request_v0 success_request_with_credentials / ε | tlv_success id_response_v0 no_reply]
Nov 25, 2025 3:32:53 PM de.learnlib.logging.LearnLogger logQuery
INFO: [ε | success_and_cryptobinding id_request_v0 4_way_message_1 / ε | tlv_success id_response_v0 4_way_message_2]
Nov 25, 2025 3:32:54 PM de.learnlib.logging.LearnLogger logQuery
INFO: [ε | success_and_cryptobinding id_request_v0 id_request_v0 / ε | tlv_success id_response_v0 id_response_v0]
Nov 25, 2025 3:32:54 PM de.learnlib.logging.LearnLogger logQuery
INFO: DB CACHE [ε | id_request_v0 challenge_v0 /  id_response_v0 challenge_response_v0]
Nov 25, 2025 3:32:56 PM de.learnlib.logging.LearnLogger logQuery
INFO: [ε | id_request_v0 challenge_v0 success_request_with_credentials / ε | id_response_v0 challenge_response_v0 success_response_v0]
Nov 25, 2025 3:32:58 PM de.learnlib.logging.LearnLogger logQuery
INFO: [ε | id_request_v0 challenge_v0 4_way_message_1 / ε | id_response_v0 challenge_response_v0 no_reply]
Nov 25, 2025 3:33:00 PM de.learnlib.logging.LearnLogger logQuery
INFO: [ε | id_request_v0 challenge_v0 id_request_v0 / ε | id_response_v0 challenge_response_v0 id_response_v0]
Nov 25, 2025 3:33:00 PM de.learnlib.logging.LearnLogger logQuery
INFO: DB CACHE [ε | challenge_v0 challenge_v0 /  challenge_response_v0 challenge_response_v0]
Nov 25, 2025 3:33:00 PM de.learnlib.logging.LearnLogger logQuery
INFO: DB CACHE [ε | challenge_v0 challenge_v0 success_request_with_credentials /  challenge_response_v0 challenge_response_v0 success_response_v0]
Nov 25, 2025 3:33:00 PM de.learnlib.logging.LearnLogger logQuery
INFO: DB CACHE [ε | challenge_v0 challenge_v0 4_way_message_1 /  challenge_response_v0 challenge_response_v0 no_reply]
Nov 25, 2025 3:33:00 PM de.learnlib.logging.LearnLogger logQuery
INFO: DB CACHE [ε | challenge_v0 challenge_v0 id_request_v0 /  challenge_response_v0 challenge_response_v0 id_response_v0]
Nov 25, 2025 3:33:00 PM de.learnlib.logging.LearnLogger logQuery
INFO: DB CACHE [ε | tlv_request challenge_v0 /  tlv_success challenge_response_v0]
Nov 25, 2025 3:33:00 PM de.learnlib.logging.LearnLogger logQuery
INFO: DB CACHE [ε | tlv_request challenge_v0 success_request_with_credentials /  tlv_success challenge_response_v0 success_response_v0]
Nov 25, 2025 3:33:00 PM de.learnlib.logging.LearnLogger logQuery
INFO: DB CACHE [ε | tlv_request challenge_v0 4_way_message_1 /  tlv_success challenge_response_v0 4_way_message_2]
Nov 25, 2025 3:33:00 PM de.learnlib.logging.LearnLogger logQuery
INFO: DB CACHE [ε | tlv_request challenge_v0 id_request_v0 /  tlv_success challenge_response_v0 id_response_v0]
Nov 25, 2025 3:33:00 PM de.learnlib.logging.LearnLogger logQuery
INFO: DB CACHE [ε | success_and_cryptobinding challenge_v0 /  tlv_success challenge_response_v0]
Nov 25, 2025 3:33:02 PM de.learnlib.logging.LearnLogger logQuery
INFO: [ε | success_and_cryptobinding challenge_v0 success_request_with_credentials / ε | tlv_success challenge_response_v0 success_response_v0]
Nov 25, 2025 3:33:04 PM de.learnlib.logging.LearnLogger logQuery
INFO: [ε | success_and_cryptobinding challenge_v0 4_way_message_1 / ε | tlv_success challenge_response_v0 4_way_message_2]
Nov 25, 2025 3:33:06 PM de.learnlib.logging.LearnLogger logQuery
INFO: [ε | success_and_cryptobinding challenge_v0 id_request_v0 / ε | tlv_success challenge_response_v0 id_response_v0]
Nov 25, 2025 3:33:06 PM de.learnlib.logging.LearnLogger logQuery
INFO: DB CACHE [ε | eap_success challenge_v0 /  after_eap_success no_reply]
Nov 25, 2025 3:33:06 PM de.learnlib.logging.LearnLogger logQuery
INFO: DB CACHE [ε | id_request_v0 tlv_request /  id_response_v0 tlv_success]
Nov 25, 2025 3:33:08 PM de.learnlib.logging.LearnLogger logQuery
INFO: [ε | id_request_v0 tlv_request success_request_with_credentials / ε | id_response_v0 tlv_success no_reply]
Nov 25, 2025 3:33:10 PM de.learnlib.logging.LearnLogger logQuery
INFO: [ε | id_request_v0 tlv_request 4_way_message_1 / ε | id_response_v0 tlv_success 4_way_message_2]
Nov 25, 2025 3:33:11 PM de.learnlib.logging.LearnLogger logQuery
INFO: [ε | id_request_v0 tlv_request id_request_v0 / ε | id_response_v0 tlv_success id_response_v0]
Nov 25, 2025 3:33:12 PM de.learnlib.logging.LearnLogger logQuery
INFO: DB CACHE [ε | challenge_v0 tlv_request /  challenge_response_v0 tlv_success]
Nov 25, 2025 3:33:12 PM de.learnlib.logging.LearnLogger logQuery
INFO: DB CACHE [ε | challenge_v0 tlv_request success_request_with_credentials /  challenge_response_v0 tlv_success success_response_v0]
Nov 25, 2025 3:33:12 PM de.learnlib.logging.LearnLogger logQuery
INFO: DB CACHE [ε | challenge_v0 tlv_request 4_way_message_1 /  challenge_response_v0 tlv_success 4_way_message_2]
Nov 25, 2025 3:33:12 PM de.learnlib.logging.LearnLogger logQuery
INFO: DB CACHE [ε | challenge_v0 tlv_request id_request_v0 /  challenge_response_v0 tlv_success id_response_v0]
Nov 25, 2025 3:33:12 PM de.learnlib.logging.LearnLogger logQuery
INFO: DB CACHE [ε | tlv_request tlv_request /  tlv_success tlv_success]
Nov 25, 2025 3:33:12 PM de.learnlib.logging.LearnLogger logQuery
INFO: DB CACHE [ε | tlv_request tlv_request success_request_with_credentials /  tlv_success tlv_success no_reply]
Nov 25, 2025 3:33:12 PM de.learnlib.logging.LearnLogger logQuery
INFO: DB CACHE [ε | tlv_request tlv_request 4_way_message_1 /  tlv_success tlv_success 4_way_message_2]
Nov 25, 2025 3:33:12 PM de.learnlib.logging.LearnLogger logQuery
INFO: DB CACHE [ε | tlv_request tlv_request id_request_v0 /  tlv_success tlv_success id_response_v0]
Nov 25, 2025 3:33:12 PM de.learnlib.logging.LearnLogger logQuery
INFO: DB CACHE [ε | success_and_cryptobinding tlv_request /  tlv_success tlv_success]
Nov 25, 2025 3:33:14 PM de.learnlib.logging.LearnLogger logQuery
INFO: [ε | success_and_cryptobinding tlv_request success_request_with_credentials / ε | tlv_success tlv_success no_reply]
Nov 25, 2025 3:33:16 PM de.learnlib.logging.LearnLogger logQuery
INFO: [ε | success_and_cryptobinding tlv_request 4_way_message_1 / ε | tlv_success tlv_success 4_way_message_2]
Nov 25, 2025 3:33:18 PM de.learnlib.logging.LearnLogger logQuery
INFO: [ε | success_and_cryptobinding tlv_request id_request_v0 / ε | tlv_success tlv_success id_response_v0]
Nov 25, 2025 3:33:18 PM de.learnlib.logging.LearnLogger logQuery
INFO: DB CACHE [ε | eap_success tlv_request /  after_eap_success no_reply]
Nov 25, 2025 3:33:18 PM de.learnlib.logging.LearnLogger logQuery
INFO: DB CACHE [ε | id_request_v0 tlv_failure /  id_response_v0 tlv_failure]
Nov 25, 2025 3:33:18 PM de.learnlib.logging.LearnLogger logQuery
INFO: DB CACHE [ε | challenge_v0 tlv_failure /  challenge_response_v0 tlv_failure]
Nov 25, 2025 3:33:18 PM de.learnlib.logging.LearnLogger logQuery
INFO: DB CACHE [ε | tlv_request tlv_failure /  tlv_success tlv_failure]
Nov 25, 2025 3:33:18 PM de.learnlib.logging.LearnLogger logQuery
INFO: DB CACHE [ε | success_and_cryptobinding tlv_failure /  tlv_success tlv_failure]
Nov 25, 2025 3:33:18 PM de.learnlib.logging.LearnLogger logQuery
INFO: DB CACHE [ε | eap_success tlv_failure /  after_eap_success no_reply]
Nov 25, 2025 3:33:18 PM de.learnlib.logging.LearnLogger logQuery
INFO: DB CACHE [ε | id_request_v0 success_request_all_zeros /  id_response_v0 no_reply]
Nov 25, 2025 3:33:18 PM de.learnlib.logging.LearnLogger logQuery
INFO: DB CACHE [ε | challenge_v0 success_request_all_zeros /  challenge_response_v0 no_reply]
Nov 25, 2025 3:33:18 PM de.learnlib.logging.LearnLogger logQuery
INFO: DB CACHE [ε | tlv_request success_request_all_zeros /  tlv_success no_reply]
Nov 25, 2025 3:33:18 PM de.learnlib.logging.LearnLogger logQuery
INFO: DB CACHE [ε | success_and_cryptobinding success_request_all_zeros /  tlv_success no_reply]
Nov 25, 2025 3:33:18 PM de.learnlib.logging.LearnLogger logQuery
INFO: DB CACHE [ε | eap_success success_request_all_zeros /  after_eap_success no_reply]
Nov 25, 2025 3:33:18 PM de.learnlib.logging.LearnLogger logQuery
INFO: DB CACHE [ε | challenge_v0 success_request_with_credentials success_request_with_credentials /  challenge_response_v0 success_response_v0 success_response_v0]
Nov 25, 2025 3:33:18 PM de.learnlib.logging.LearnLogger logQuery
INFO: DB CACHE [ε | challenge_v0 success_request_with_credentials 4_way_message_1 /  challenge_response_v0 success_response_v0 4_way_message_2]
Nov 25, 2025 3:33:18 PM de.learnlib.logging.LearnLogger logQuery
INFO: DB CACHE [ε | challenge_v0 success_request_with_credentials id_request_v0 /  challenge_response_v0 success_response_v0 id_response_v0]
Nov 25, 2025 3:33:18 PM de.learnlib.logging.LearnLogger logQuery
INFO: DB CACHE [ε | id_request_v0 success_and_cryptobinding /  id_response_v0 tlv_success]
Nov 25, 2025 3:33:20 PM de.learnlib.logging.LearnLogger logQuery
INFO: [ε | id_request_v0 success_and_cryptobinding success_request_with_credentials / ε | id_response_v0 tlv_success no_reply]
Nov 25, 2025 3:33:22 PM de.learnlib.logging.LearnLogger logQuery
INFO: [ε | id_request_v0 success_and_cryptobinding 4_way_message_1 / ε | id_response_v0 tlv_success 4_way_message_2]
Nov 25, 2025 3:33:24 PM de.learnlib.logging.LearnLogger logQuery
INFO: [ε | id_request_v0 success_and_cryptobinding id_request_v0 / ε | id_response_v0 tlv_success id_response_v0]
Nov 25, 2025 3:33:24 PM de.learnlib.logging.LearnLogger logQuery
INFO: DB CACHE [ε | challenge_v0 success_and_cryptobinding /  challenge_response_v0 tlv_success]
Nov 25, 2025 3:33:24 PM de.learnlib.logging.LearnLogger logQuery
INFO: DB CACHE [ε | challenge_v0 success_and_cryptobinding success_request_with_credentials /  challenge_response_v0 tlv_success success_response_v0]
Nov 25, 2025 3:33:24 PM de.learnlib.logging.LearnLogger logQuery
INFO: DB CACHE [ε | challenge_v0 success_and_cryptobinding 4_way_message_1 /  challenge_response_v0 tlv_success 4_way_message_2]
Nov 25, 2025 3:33:24 PM de.learnlib.logging.LearnLogger logQuery
INFO: DB CACHE [ε | challenge_v0 success_and_cryptobinding id_request_v0 /  challenge_response_v0 tlv_success id_response_v0]
Nov 25, 2025 3:33:24 PM de.learnlib.logging.LearnLogger logQuery
INFO: DB CACHE [ε | tlv_request success_and_cryptobinding /  tlv_success tlv_success]
Nov 25, 2025 3:33:24 PM de.learnlib.logging.LearnLogger logQuery
INFO: DB CACHE [ε | tlv_request success_and_cryptobinding success_request_with_credentials /  tlv_success tlv_success no_reply]
Nov 25, 2025 3:33:24 PM de.learnlib.logging.LearnLogger logQuery
INFO: DB CACHE [ε | tlv_request success_and_cryptobinding 4_way_message_1 /  tlv_success tlv_success 4_way_message_2]
Nov 25, 2025 3:33:24 PM de.learnlib.logging.LearnLogger logQuery
INFO: DB CACHE [ε | tlv_request success_and_cryptobinding id_request_v0 /  tlv_success tlv_success id_response_v0]
Nov 25, 2025 3:33:24 PM de.learnlib.logging.LearnLogger logQuery
INFO: DB CACHE [ε | success_and_cryptobinding success_and_cryptobinding /  tlv_success tlv_success]
Nov 25, 2025 3:33:26 PM de.learnlib.logging.LearnLogger logQuery
INFO: [ε | success_and_cryptobinding success_and_cryptobinding success_request_with_credentials / ε | tlv_success tlv_success no_reply]
Nov 25, 2025 3:33:28 PM de.learnlib.logging.LearnLogger logQuery
INFO: [ε | success_and_cryptobinding success_and_cryptobinding 4_way_message_1 / ε | tlv_success tlv_success 4_way_message_2]
Nov 25, 2025 3:33:29 PM de.learnlib.logging.LearnLogger logQuery
INFO: [ε | success_and_cryptobinding success_and_cryptobinding id_request_v0 / ε | tlv_success tlv_success id_response_v0]
Nov 25, 2025 3:33:30 PM de.learnlib.logging.LearnLogger logQuery
INFO: DB CACHE [ε | eap_success success_and_cryptobinding /  after_eap_success no_reply]
Nov 25, 2025 3:33:30 PM de.learnlib.logging.LearnLogger logQuery
INFO: DB CACHE [ε | id_request_v0 cryptobinding /  id_response_v0 no_reply]
Nov 25, 2025 3:33:30 PM de.learnlib.logging.LearnLogger logQuery
INFO: DB CACHE [ε | challenge_v0 cryptobinding /  challenge_response_v0 no_reply]
Nov 25, 2025 3:33:30 PM de.learnlib.logging.LearnLogger logQuery
INFO: DB CACHE [ε | tlv_request cryptobinding /  tlv_success no_reply]
Nov 25, 2025 3:33:30 PM de.learnlib.logging.LearnLogger logQuery
INFO: DB CACHE [ε | success_and_cryptobinding cryptobinding /  tlv_success no_reply]
Nov 25, 2025 3:33:30 PM de.learnlib.logging.LearnLogger logQuery
INFO: DB CACHE [ε | eap_success cryptobinding /  after_eap_success no_reply]
Nov 25, 2025 3:33:30 PM de.learnlib.logging.LearnLogger logQuery
INFO: DB CACHE [ε | id_request_v0 eap_success /  id_response_v0 after_eap_success]
Nov 25, 2025 3:33:32 PM de.learnlib.logging.LearnLogger logQuery
INFO: [ε | id_request_v0 eap_success success_request_with_credentials / ε | id_response_v0 after_eap_success no_reply]
Nov 25, 2025 3:33:35 PM de.learnlib.logging.LearnLogger logQuery
INFO: [ε | id_request_v0 eap_success 4_way_message_1 / ε | id_response_v0 after_eap_success no_reply]
Nov 25, 2025 3:33:38 PM de.learnlib.logging.LearnLogger logQuery
INFO: [ε | id_request_v0 eap_success id_request_v0 / ε | id_response_v0 after_eap_success no_reply]
Nov 25, 2025 3:33:38 PM de.learnlib.logging.LearnLogger logQuery
INFO: DB CACHE [ε | challenge_v0 eap_success /  challenge_response_v0 after_eap_success]
Nov 25, 2025 3:33:38 PM de.learnlib.logging.LearnLogger logQuery
INFO: DB CACHE [ε | challenge_v0 eap_success success_request_with_credentials /  challenge_response_v0 after_eap_success no_reply]
Nov 25, 2025 3:33:38 PM de.learnlib.logging.LearnLogger logQuery
INFO: DB CACHE [ε | challenge_v0 eap_success 4_way_message_1 /  challenge_response_v0 after_eap_success no_reply]
Nov 25, 2025 3:33:38 PM de.learnlib.logging.LearnLogger logQuery
INFO: DB CACHE [ε | challenge_v0 eap_success id_request_v0 /  challenge_response_v0 after_eap_success no_reply]
Nov 25, 2025 3:33:38 PM de.learnlib.logging.LearnLogger logQuery
INFO: DB CACHE [ε | tlv_request eap_success /  tlv_success after_eap_success]
Nov 25, 2025 3:33:38 PM de.learnlib.logging.LearnLogger logQuery
INFO: DB CACHE [ε | tlv_request eap_success success_request_with_credentials /  tlv_success after_eap_success no_reply]
Nov 25, 2025 3:33:38 PM de.learnlib.logging.LearnLogger logQuery
INFO: DB CACHE [ε | tlv_request eap_success 4_way_message_1 /  tlv_success after_eap_success 4_way_message_2]
Nov 25, 2025 3:33:38 PM de.learnlib.logging.LearnLogger logQuery
INFO: DB CACHE [ε | tlv_request eap_success id_request_v0 /  tlv_success after_eap_success id_response_v0]
Nov 25, 2025 3:33:38 PM de.learnlib.logging.LearnLogger logQuery
INFO: DB CACHE [ε | success_and_cryptobinding eap_success /  tlv_success after_eap_success]
Nov 25, 2025 3:33:41 PM de.learnlib.logging.LearnLogger logQuery
INFO: [ε | success_and_cryptobinding eap_success success_request_with_credentials / ε | tlv_success after_eap_success no_reply]
Nov 25, 2025 3:33:43 PM de.learnlib.logging.LearnLogger logQuery
INFO: [ε | success_and_cryptobinding eap_success 4_way_message_1 / ε | tlv_success after_eap_success 4_way_message_2]
Nov 25, 2025 3:33:46 PM de.learnlib.logging.LearnLogger logQuery
INFO: [ε | success_and_cryptobinding eap_success id_request_v0 / ε | tlv_success after_eap_success id_response_v0]
Nov 25, 2025 3:33:46 PM de.learnlib.logging.LearnLogger logQuery
INFO: DB CACHE [ε | eap_success eap_success /  after_eap_success after_eap_success]
Nov 25, 2025 3:33:46 PM de.learnlib.logging.LearnLogger logQuery
INFO: DB CACHE [ε | eap_success eap_success success_request_with_credentials /  after_eap_success after_eap_success no_reply]
Nov 25, 2025 3:33:46 PM de.learnlib.logging.LearnLogger logQuery
INFO: DB CACHE [ε | eap_success eap_success 4_way_message_1 /  after_eap_success after_eap_success no_reply]
Nov 25, 2025 3:33:46 PM de.learnlib.logging.LearnLogger logQuery
INFO: DB CACHE [ε | eap_success eap_success id_request_v0 /  after_eap_success after_eap_success no_reply]
Nov 25, 2025 3:33:48 PM de.learnlib.logging.LearnLogger logQuery
INFO: [ε | id_request_v0 id_request_v0 id_request_v0 success_request_with_credentials / ε | id_response_v0 id_response_v0 id_response_v0 no_reply]
Nov 25, 2025 3:33:50 PM de.learnlib.logging.LearnLogger logQuery
INFO: [ε | id_request_v0 id_request_v0 id_request_v0 4_way_message_1 / ε | id_response_v0 id_response_v0 id_response_v0 no_reply]
Nov 25, 2025 3:33:52 PM de.learnlib.logging.LearnLogger logQuery
INFO: [ε | id_request_v0 id_request_v0 id_request_v0 id_request_v0 / ε | id_response_v0 id_response_v0 id_response_v0 id_response_v0]
Nov 25, 2025 3:33:54 PM de.learnlib.logging.LearnLogger logQuery
INFO: [ε | id_request_v0 challenge_v0 id_request_v0 success_request_with_credentials / ε | id_response_v0 challenge_response_v0 id_response_v0 success_response_v0]
Nov 25, 2025 3:33:56 PM de.learnlib.logging.LearnLogger logQuery
INFO: [ε | id_request_v0 challenge_v0 id_request_v0 4_way_message_1 / ε | id_response_v0 challenge_response_v0 id_response_v0 no_reply]
Nov 25, 2025 3:33:58 PM de.learnlib.logging.LearnLogger logQuery
INFO: [ε | id_request_v0 challenge_v0 id_request_v0 id_request_v0 / ε | id_response_v0 challenge_response_v0 id_response_v0 id_response_v0]
Nov 25, 2025 3:34:01 PM de.learnlib.logging.LearnLogger logQuery
INFO: [ε | id_request_v0 tlv_request id_request_v0 success_request_with_credentials / ε | id_response_v0 tlv_success id_response_v0 no_reply]
Nov 25, 2025 3:34:02 PM de.learnlib.logging.LearnLogger logQuery
INFO: [ε | id_request_v0 tlv_request id_request_v0 4_way_message_1 / ε | id_response_v0 tlv_success id_response_v0 4_way_message_2]
Nov 25, 2025 3:34:04 PM de.learnlib.logging.LearnLogger logQuery
INFO: [ε | id_request_v0 tlv_request id_request_v0 id_request_v0 / ε | id_response_v0 tlv_success id_response_v0 id_response_v0]
Nov 25, 2025 3:34:07 PM de.learnlib.logging.LearnLogger logQuery
INFO: [ε | id_request_v0 success_and_cryptobinding id_request_v0 success_request_with_credentials / ε | id_response_v0 tlv_success id_response_v0 no_reply]
Nov 25, 2025 3:34:09 PM de.learnlib.logging.LearnLogger logQuery
INFO: [ε | id_request_v0 success_and_cryptobinding id_request_v0 4_way_message_1 / ε | id_response_v0 tlv_success id_response_v0 4_way_message_2]
Nov 25, 2025 3:34:11 PM de.learnlib.logging.LearnLogger logQuery
INFO: [ε | id_request_v0 success_and_cryptobinding id_request_v0 id_request_v0 / ε | id_response_v0 tlv_success id_response_v0 id_response_v0]
Nov 25, 2025 3:34:12 PM de.learnlib.logging.LearnLogger logQuery
INFO: [ε | id_request_v0 id_request_v0 challenge_v0 / ε | id_response_v0 id_response_v0 challenge_response_v0]
Nov 25, 2025 3:34:14 PM de.learnlib.logging.LearnLogger logQuery
INFO: [ε | id_request_v0 id_request_v0 challenge_v0 success_request_with_credentials / ε | id_response_v0 id_response_v0 challenge_response_v0 success_response_v0]
Nov 25, 2025 3:34:16 PM de.learnlib.logging.LearnLogger logQuery
INFO: [ε | id_request_v0 id_request_v0 challenge_v0 4_way_message_1 / ε | id_response_v0 id_response_v0 challenge_response_v0 no_reply]
Nov 25, 2025 3:34:18 PM de.learnlib.logging.LearnLogger logQuery
INFO: [ε | id_request_v0 id_request_v0 challenge_v0 id_request_v0 / ε | id_response_v0 id_response_v0 challenge_response_v0 id_response_v0]
Nov 25, 2025 3:34:20 PM de.learnlib.logging.LearnLogger logQuery
INFO: [ε | id_request_v0 challenge_v0 challenge_v0 / ε | id_response_v0 challenge_response_v0 challenge_response_v0]
Nov 25, 2025 3:34:21 PM de.learnlib.logging.LearnLogger logQuery
INFO: [ε | id_request_v0 challenge_v0 challenge_v0 success_request_with_credentials / ε | id_response_v0 challenge_response_v0 challenge_response_v0 success_response_v0]
Nov 25, 2025 3:34:24 PM de.learnlib.logging.LearnLogger logQuery
INFO: [ε | id_request_v0 challenge_v0 challenge_v0 4_way_message_1 / ε | id_response_v0 challenge_response_v0 challenge_response_v0 no_reply]
Nov 25, 2025 3:34:26 PM de.learnlib.logging.LearnLogger logQuery
INFO: [ε | id_request_v0 challenge_v0 challenge_v0 id_request_v0 / ε | id_response_v0 challenge_response_v0 challenge_response_v0 id_response_v0]
Nov 25, 2025 3:34:27 PM de.learnlib.logging.LearnLogger logQuery
INFO: [ε | id_request_v0 tlv_request challenge_v0 / ε | id_response_v0 tlv_success challenge_response_v0]
Nov 25, 2025 3:34:29 PM de.learnlib.logging.LearnLogger logQuery
INFO: [ε | id_request_v0 tlv_request challenge_v0 success_request_with_credentials / ε | id_response_v0 tlv_success challenge_response_v0 success_response_v0]
Nov 25, 2025 3:34:31 PM de.learnlib.logging.LearnLogger logQuery
INFO: [ε | id_request_v0 tlv_request challenge_v0 4_way_message_1 / ε | id_response_v0 tlv_success challenge_response_v0 4_way_message_2]
Nov 25, 2025 3:34:33 PM de.learnlib.logging.LearnLogger logQuery
INFO: [ε | id_request_v0 tlv_request challenge_v0 id_request_v0 / ε | id_response_v0 tlv_success challenge_response_v0 id_response_v0]
Nov 25, 2025 3:34:34 PM de.learnlib.logging.LearnLogger logQuery
INFO: [ε | id_request_v0 success_and_cryptobinding challenge_v0 / ε | id_response_v0 tlv_success challenge_response_v0]
Nov 25, 2025 3:34:36 PM de.learnlib.logging.LearnLogger logQuery
INFO: [ε | id_request_v0 success_and_cryptobinding challenge_v0 success_request_with_credentials / ε | id_response_v0 tlv_success challenge_response_v0 success_response_v0]
Nov 25, 2025 3:34:38 PM de.learnlib.logging.LearnLogger logQuery
INFO: [ε | id_request_v0 success_and_cryptobinding challenge_v0 4_way_message_1 / ε | id_response_v0 tlv_success challenge_response_v0 4_way_message_2]
Nov 25, 2025 3:34:40 PM de.learnlib.logging.LearnLogger logQuery
INFO: [ε | id_request_v0 success_and_cryptobinding challenge_v0 id_request_v0 / ε | id_response_v0 tlv_success challenge_response_v0 id_response_v0]
Nov 25, 2025 3:34:42 PM de.learnlib.logging.LearnLogger logQuery
INFO: [ε | id_request_v0 eap_success challenge_v0 / ε | id_response_v0 after_eap_success no_reply]
Nov 25, 2025 3:34:44 PM de.learnlib.logging.LearnLogger logQuery
INFO: [ε | id_request_v0 id_request_v0 tlv_request / ε | id_response_v0 id_response_v0 tlv_success]
Nov 25, 2025 3:34:46 PM de.learnlib.logging.LearnLogger logQuery
INFO: [ε | id_request_v0 id_request_v0 tlv_request success_request_with_credentials / ε | id_response_v0 id_response_v0 tlv_success no_reply]
Nov 25, 2025 3:34:48 PM de.learnlib.logging.LearnLogger logQuery
INFO: [ε | id_request_v0 id_request_v0 tlv_request 4_way_message_1 / ε | id_response_v0 id_response_v0 tlv_success 4_way_message_2]
Nov 25, 2025 3:34:50 PM de.learnlib.logging.LearnLogger logQuery
INFO: [ε | id_request_v0 id_request_v0 tlv_request id_request_v0 / ε | id_response_v0 id_response_v0 tlv_success id_response_v0]
Nov 25, 2025 3:34:52 PM de.learnlib.logging.LearnLogger logQuery
INFO: [ε | id_request_v0 challenge_v0 tlv_request / ε | id_response_v0 challenge_response_v0 tlv_success]
Nov 25, 2025 3:34:54 PM de.learnlib.logging.LearnLogger logQuery
INFO: [ε | id_request_v0 challenge_v0 tlv_request success_request_with_credentials / ε | id_response_v0 challenge_response_v0 tlv_success success_response_v0]
Nov 25, 2025 3:34:55 PM de.learnlib.logging.LearnLogger logQuery
INFO: [ε | id_request_v0 challenge_v0 tlv_request 4_way_message_1 / ε | id_response_v0 challenge_response_v0 tlv_success 4_way_message_2]
Nov 25, 2025 3:34:57 PM de.learnlib.logging.LearnLogger logQuery
INFO: [ε | id_request_v0 challenge_v0 tlv_request id_request_v0 / ε | id_response_v0 challenge_response_v0 tlv_success id_response_v0]
Nov 25, 2025 3:34:59 PM de.learnlib.logging.LearnLogger logQuery
INFO: [ε | id_request_v0 tlv_request tlv_request / ε | id_response_v0 tlv_success tlv_success]
Nov 25, 2025 3:35:01 PM de.learnlib.logging.LearnLogger logQuery
INFO: [ε | id_request_v0 tlv_request tlv_request success_request_with_credentials / ε | id_response_v0 tlv_success tlv_success no_reply]
Nov 25, 2025 3:35:03 PM de.learnlib.logging.LearnLogger logQuery
INFO: [ε | id_request_v0 tlv_request tlv_request 4_way_message_1 / ε | id_response_v0 tlv_success tlv_success 4_way_message_2]
Nov 25, 2025 3:35:05 PM de.learnlib.logging.LearnLogger logQuery
INFO: [ε | id_request_v0 tlv_request tlv_request id_request_v0 / ε | id_response_v0 tlv_success tlv_success id_response_v0]
Nov 25, 2025 3:35:07 PM de.learnlib.logging.LearnLogger logQuery
INFO: [ε | id_request_v0 success_and_cryptobinding tlv_request / ε | id_response_v0 tlv_success tlv_success]
Nov 25, 2025 3:35:09 PM de.learnlib.logging.LearnLogger logQuery
INFO: [ε | id_request_v0 success_and_cryptobinding tlv_request success_request_with_credentials / ε | id_response_v0 tlv_success tlv_success no_reply]
Nov 25, 2025 3:35:11 PM de.learnlib.logging.LearnLogger logQuery
INFO: [ε | id_request_v0 success_and_cryptobinding tlv_request 4_way_message_1 / ε | id_response_v0 tlv_success tlv_success 4_way_message_2]
Nov 25, 2025 3:35:13 PM de.learnlib.logging.LearnLogger logQuery
INFO: [ε | id_request_v0 success_and_cryptobinding tlv_request id_request_v0 / ε | id_response_v0 tlv_success tlv_success id_response_v0]
Nov 25, 2025 3:35:16 PM de.learnlib.logging.LearnLogger logQuery
INFO: [ε | id_request_v0 eap_success tlv_request / ε | id_response_v0 after_eap_success no_reply]
Nov 25, 2025 3:35:17 PM de.learnlib.logging.LearnLogger logQuery
INFO: [ε | id_request_v0 id_request_v0 tlv_failure / ε | id_response_v0 id_response_v0 tlv_failure]
Nov 25, 2025 3:35:19 PM de.learnlib.logging.LearnLogger logQuery
INFO: [ε | id_request_v0 challenge_v0 tlv_failure / ε | id_response_v0 challenge_response_v0 tlv_failure]
Nov 25, 2025 3:35:21 PM de.learnlib.logging.LearnLogger logQuery
INFO: [ε | id_request_v0 tlv_request tlv_failure / ε | id_response_v0 tlv_success tlv_failure]
Nov 25, 2025 3:35:23 PM de.learnlib.logging.LearnLogger logQuery
INFO: [ε | id_request_v0 success_and_cryptobinding tlv_failure / ε | id_response_v0 tlv_success tlv_failure]
Nov 25, 2025 3:35:26 PM de.learnlib.logging.LearnLogger logQuery
INFO: [ε | id_request_v0 eap_success tlv_failure / ε | id_response_v0 after_eap_success no_reply]
Nov 25, 2025 3:35:28 PM de.learnlib.logging.LearnLogger logQuery
INFO: [ε | id_request_v0 id_request_v0 success_request_all_zeros / ε | id_response_v0 id_response_v0 no_reply]
Nov 25, 2025 3:35:31 PM de.learnlib.logging.LearnLogger logQuery
INFO: [ε | id_request_v0 challenge_v0 success_request_all_zeros / ε | id_response_v0 challenge_response_v0 no_reply]
Nov 25, 2025 3:35:33 PM de.learnlib.logging.LearnLogger logQuery
INFO: [ε | id_request_v0 tlv_request success_request_all_zeros / ε | id_response_v0 tlv_success no_reply]
Nov 25, 2025 3:35:36 PM de.learnlib.logging.LearnLogger logQuery
INFO: [ε | id_request_v0 success_and_cryptobinding success_request_all_zeros / ε | id_response_v0 tlv_success no_reply]
Nov 25, 2025 3:35:39 PM de.learnlib.logging.LearnLogger logQuery
INFO: [ε | id_request_v0 eap_success success_request_all_zeros / ε | id_response_v0 after_eap_success no_reply]
Nov 25, 2025 3:35:40 PM de.learnlib.logging.LearnLogger logQuery
INFO: [ε | id_request_v0 challenge_v0 success_request_with_credentials success_request_with_credentials / ε | id_response_v0 challenge_response_v0 success_response_v0 success_response_v0]
Nov 25, 2025 3:35:42 PM de.learnlib.logging.LearnLogger logQuery
INFO: [ε | id_request_v0 challenge_v0 success_request_with_credentials 4_way_message_1 / ε | id_response_v0 challenge_response_v0 success_response_v0 4_way_message_2]
Nov 25, 2025 3:35:44 PM de.learnlib.logging.LearnLogger logQuery
INFO: [ε | id_request_v0 challenge_v0 success_request_with_credentials id_request_v0 / ε | id_response_v0 challenge_response_v0 success_response_v0 id_response_v0]
Nov 25, 2025 3:35:46 PM de.learnlib.logging.LearnLogger logQuery
INFO: [ε | id_request_v0 id_request_v0 success_and_cryptobinding / ε | id_response_v0 id_response_v0 tlv_success]
Nov 25, 2025 3:35:48 PM de.learnlib.logging.LearnLogger logQuery
INFO: [ε | id_request_v0 id_request_v0 success_and_cryptobinding success_request_with_credentials / ε | id_response_v0 id_response_v0 tlv_success no_reply]
Nov 25, 2025 3:35:50 PM de.learnlib.logging.LearnLogger logQuery
INFO: [ε | id_request_v0 id_request_v0 success_and_cryptobinding 4_way_message_1 / ε | id_response_v0 id_response_v0 tlv_success 4_way_message_2]
Nov 25, 2025 3:35:52 PM de.learnlib.logging.LearnLogger logQuery
INFO: [ε | id_request_v0 id_request_v0 success_and_cryptobinding id_request_v0 / ε | id_response_v0 id_response_v0 tlv_success id_response_v0]
Nov 25, 2025 3:35:53 PM de.learnlib.logging.LearnLogger logQuery
INFO: [ε | id_request_v0 challenge_v0 success_and_cryptobinding / ε | id_response_v0 challenge_response_v0 tlv_success]
Nov 25, 2025 3:35:55 PM de.learnlib.logging.LearnLogger logQuery
INFO: [ε | id_request_v0 challenge_v0 success_and_cryptobinding success_request_with_credentials / ε | id_response_v0 challenge_response_v0 tlv_success success_response_v0]
Nov 25, 2025 3:35:57 PM de.learnlib.logging.LearnLogger logQuery
INFO: [ε | id_request_v0 challenge_v0 success_and_cryptobinding 4_way_message_1 / ε | id_response_v0 challenge_response_v0 tlv_success 4_way_message_2]
Nov 25, 2025 3:35:59 PM de.learnlib.logging.LearnLogger logQuery
INFO: [ε | id_request_v0 challenge_v0 success_and_cryptobinding id_request_v0 / ε | id_response_v0 challenge_response_v0 tlv_success id_response_v0]
Nov 25, 2025 3:36:00 PM de.learnlib.logging.LearnLogger logQuery
INFO: [ε | id_request_v0 tlv_request success_and_cryptobinding / ε | id_response_v0 tlv_success tlv_success]
Nov 25, 2025 3:36:03 PM de.learnlib.logging.LearnLogger logQuery
INFO: [ε | id_request_v0 tlv_request success_and_cryptobinding success_request_with_credentials / ε | id_response_v0 tlv_success tlv_success no_reply]
Nov 25, 2025 3:36:05 PM de.learnlib.logging.LearnLogger logQuery
INFO: [ε | id_request_v0 tlv_request success_and_cryptobinding 4_way_message_1 / ε | id_response_v0 tlv_success tlv_success 4_way_message_2]
Nov 25, 2025 3:36:07 PM de.learnlib.logging.LearnLogger logQuery
INFO: [ε | id_request_v0 tlv_request success_and_cryptobinding id_request_v0 / ε | id_response_v0 tlv_success tlv_success id_response_v0]
Nov 25, 2025 3:36:08 PM de.learnlib.logging.LearnLogger logQuery
INFO: [ε | id_request_v0 success_and_cryptobinding success_and_cryptobinding / ε | id_response_v0 tlv_success tlv_success]
Nov 25, 2025 3:36:10 PM de.learnlib.logging.LearnLogger logQuery
INFO: [ε | id_request_v0 success_and_cryptobinding success_and_cryptobinding success_request_with_credentials / ε | id_response_v0 tlv_success tlv_success no_reply]
Nov 25, 2025 3:36:12 PM de.learnlib.logging.LearnLogger logQuery
INFO: [ε | id_request_v0 success_and_cryptobinding success_and_cryptobinding 4_way_message_1 / ε | id_response_v0 tlv_success tlv_success 4_way_message_2]
Nov 25, 2025 3:36:14 PM de.learnlib.logging.LearnLogger logQuery
INFO: [ε | id_request_v0 success_and_cryptobinding success_and_cryptobinding id_request_v0 / ε | id_response_v0 tlv_success tlv_success id_response_v0]
Nov 25, 2025 3:36:17 PM de.learnlib.logging.LearnLogger logQuery
INFO: [ε | id_request_v0 eap_success success_and_cryptobinding / ε | id_response_v0 after_eap_success no_reply]
Nov 25, 2025 3:36:19 PM de.learnlib.logging.LearnLogger logQuery
INFO: [ε | id_request_v0 id_request_v0 cryptobinding / ε | id_response_v0 id_response_v0 no_reply]
Nov 25, 2025 3:36:22 PM de.learnlib.logging.LearnLogger logQuery
INFO: [ε | id_request_v0 challenge_v0 cryptobinding / ε | id_response_v0 challenge_response_v0 no_reply]
Nov 25, 2025 3:36:24 PM de.learnlib.logging.LearnLogger logQuery
INFO: [ε | id_request_v0 tlv_request cryptobinding / ε | id_response_v0 tlv_success no_reply]
Nov 25, 2025 3:36:27 PM de.learnlib.logging.LearnLogger logQuery
INFO: [ε | id_request_v0 success_and_cryptobinding cryptobinding / ε | id_response_v0 tlv_success no_reply]
Nov 25, 2025 3:36:29 PM de.learnlib.logging.LearnLogger logQuery
INFO: [ε | id_request_v0 eap_success cryptobinding / ε | id_response_v0 after_eap_success no_reply]
Nov 25, 2025 3:36:32 PM de.learnlib.logging.LearnLogger logQuery
INFO: [ε | id_request_v0 id_request_v0 eap_success / ε | id_response_v0 id_response_v0 after_eap_success]
Nov 25, 2025 3:36:35 PM de.learnlib.logging.LearnLogger logQuery
INFO: [ε | id_request_v0 id_request_v0 eap_success success_request_with_credentials / ε | id_response_v0 id_response_v0 after_eap_success no_reply]
Nov 25, 2025 3:36:38 PM de.learnlib.logging.LearnLogger logQuery
INFO: [ε | id_request_v0 id_request_v0 eap_success 4_way_message_1 / ε | id_response_v0 id_response_v0 after_eap_success no_reply]
Nov 25, 2025 3:36:41 PM de.learnlib.logging.LearnLogger logQuery
INFO: [ε | id_request_v0 id_request_v0 eap_success id_request_v0 / ε | id_response_v0 id_response_v0 after_eap_success no_reply]
Nov 25, 2025 3:36:43 PM de.learnlib.logging.LearnLogger logQuery
INFO: [ε | id_request_v0 challenge_v0 eap_success / ε | id_response_v0 challenge_response_v0 after_eap_success]
Nov 25, 2025 3:36:46 PM de.learnlib.logging.LearnLogger logQuery
INFO: [ε | id_request_v0 challenge_v0 eap_success success_request_with_credentials / ε | id_response_v0 challenge_response_v0 after_eap_success no_reply]
Nov 25, 2025 3:36:49 PM de.learnlib.logging.LearnLogger logQuery
INFO: [ε | id_request_v0 challenge_v0 eap_success 4_way_message_1 / ε | id_response_v0 challenge_response_v0 after_eap_success no_reply]
Nov 25, 2025 3:36:52 PM de.learnlib.logging.LearnLogger logQuery
INFO: [ε | id_request_v0 challenge_v0 eap_success id_request_v0 / ε | id_response_v0 challenge_response_v0 after_eap_success no_reply]
Nov 25, 2025 3:36:54 PM de.learnlib.logging.LearnLogger logQuery
INFO: [ε | id_request_v0 tlv_request eap_success / ε | id_response_v0 tlv_success after_eap_success]
Nov 25, 2025 3:36:56 PM de.learnlib.logging.LearnLogger logQuery
INFO: [ε | id_request_v0 tlv_request eap_success success_request_with_credentials / ε | id_response_v0 tlv_success after_eap_success no_reply]
Nov 25, 2025 3:36:59 PM de.learnlib.logging.LearnLogger logQuery
INFO: [ε | id_request_v0 tlv_request eap_success 4_way_message_1 / ε | id_response_v0 tlv_success after_eap_success 4_way_message_2]
Nov 25, 2025 3:37:01 PM de.learnlib.logging.LearnLogger logQuery
INFO: [ε | id_request_v0 tlv_request eap_success id_request_v0 / ε | id_response_v0 tlv_success after_eap_success id_response_v0]
Nov 25, 2025 3:37:03 PM de.learnlib.logging.LearnLogger logQuery
INFO: [ε | id_request_v0 success_and_cryptobinding eap_success / ε | id_response_v0 tlv_success after_eap_success]
Nov 25, 2025 3:37:06 PM de.learnlib.logging.LearnLogger logQuery
INFO: [ε | id_request_v0 success_and_cryptobinding eap_success success_request_with_credentials / ε | id_response_v0 tlv_success after_eap_success no_reply]
Nov 25, 2025 3:37:08 PM de.learnlib.logging.LearnLogger logQuery
INFO: [ε | id_request_v0 success_and_cryptobinding eap_success 4_way_message_1 / ε | id_response_v0 tlv_success after_eap_success 4_way_message_2]
Nov 25, 2025 3:37:10 PM de.learnlib.logging.LearnLogger logQuery
INFO: [ε | id_request_v0 success_and_cryptobinding eap_success id_request_v0 / ε | id_response_v0 tlv_success after_eap_success id_response_v0]
Nov 25, 2025 3:37:13 PM de.learnlib.logging.LearnLogger logQuery
INFO: [ε | id_request_v0 eap_success eap_success / ε | id_response_v0 after_eap_success after_eap_success]
Nov 25, 2025 3:37:16 PM de.learnlib.logging.LearnLogger logQuery
INFO: [ε | id_request_v0 eap_success eap_success success_request_with_credentials / ε | id_response_v0 after_eap_success after_eap_success no_reply]
Nov 25, 2025 3:37:20 PM de.learnlib.logging.LearnLogger logQuery
INFO: [ε | id_request_v0 eap_success eap_success 4_way_message_1 / ε | id_response_v0 after_eap_success after_eap_success no_reply]
Nov 25, 2025 3:37:23 PM de.learnlib.logging.LearnLogger logQuery
INFO: [ε | id_request_v0 eap_success eap_success id_request_v0 / ε | id_response_v0 after_eap_success after_eap_success no_reply]
Nov 25, 2025 3:37:25 PM de.learnlib.logging.LearnLogger logQuery
INFO: [ε | challenge_v0 id_request_v0 id_request_v0 success_request_with_credentials / ε | challenge_response_v0 id_response_v0 id_response_v0 success_response_v0]
Nov 25, 2025 3:37:27 PM de.learnlib.logging.LearnLogger logQuery
INFO: [ε | challenge_v0 id_request_v0 id_request_v0 4_way_message_1 / ε | challenge_response_v0 id_response_v0 id_response_v0 no_reply]
Nov 25, 2025 3:37:29 PM de.learnlib.logging.LearnLogger logQuery
INFO: [ε | challenge_v0 id_request_v0 id_request_v0 id_request_v0 / ε | challenge_response_v0 id_response_v0 id_response_v0 id_response_v0]
Nov 25, 2025 3:37:31 PM de.learnlib.logging.LearnLogger logQuery
INFO: [ε | challenge_v0 challenge_v0 id_request_v0 success_request_with_credentials / ε | challenge_response_v0 challenge_response_v0 id_response_v0 success_response_v0]
Nov 25, 2025 3:37:33 PM de.learnlib.logging.LearnLogger logQuery
INFO: [ε | challenge_v0 challenge_v0 id_request_v0 4_way_message_1 / ε | challenge_response_v0 challenge_response_v0 id_response_v0 no_reply]
Nov 25, 2025 3:37:35 PM de.learnlib.logging.LearnLogger logQuery
INFO: [ε | challenge_v0 challenge_v0 id_request_v0 id_request_v0 / ε | challenge_response_v0 challenge_response_v0 id_response_v0 id_response_v0]
Nov 25, 2025 3:37:35 PM de.learnlib.logging.LearnLogger logQuery
INFO: DB CACHE [ε | challenge_v0 tlv_request id_request_v0 success_request_with_credentials /  challenge_response_v0 tlv_success id_response_v0 success_response_v0]
Nov 25, 2025 3:37:35 PM de.learnlib.logging.LearnLogger logQuery
INFO: DB CACHE [ε | challenge_v0 tlv_request id_request_v0 4_way_message_1 /  challenge_response_v0 tlv_success id_response_v0 4_way_message_2]
Nov 25, 2025 3:37:35 PM de.learnlib.logging.LearnLogger logQuery
INFO: DB CACHE [ε | challenge_v0 tlv_request id_request_v0 id_request_v0 /  challenge_response_v0 tlv_success id_response_v0 id_response_v0]
Nov 25, 2025 3:37:37 PM de.learnlib.logging.LearnLogger logQuery
INFO: [ε | challenge_v0 success_request_with_credentials id_request_v0 success_request_with_credentials / ε | challenge_response_v0 success_response_v0 id_response_v0 success_response_v0]
Nov 25, 2025 3:37:38 PM de.learnlib.logging.LearnLogger logQuery
INFO: [ε | challenge_v0 success_request_with_credentials id_request_v0 4_way_message_1 / ε | challenge_response_v0 success_response_v0 id_response_v0 4_way_message_2]
Nov 25, 2025 3:37:40 PM de.learnlib.logging.LearnLogger logQuery
INFO: [ε | challenge_v0 success_request_with_credentials id_request_v0 id_request_v0 / ε | challenge_response_v0 success_response_v0 id_response_v0 id_response_v0]
Nov 25, 2025 3:37:42 PM de.learnlib.logging.LearnLogger logQuery
INFO: [ε | challenge_v0 success_and_cryptobinding id_request_v0 success_request_with_credentials / ε | challenge_response_v0 tlv_success id_response_v0 success_response_v0]
Nov 25, 2025 3:37:44 PM de.learnlib.logging.LearnLogger logQuery
INFO: [ε | challenge_v0 success_and_cryptobinding id_request_v0 4_way_message_1 / ε | challenge_response_v0 tlv_success id_response_v0 4_way_message_2]
Nov 25, 2025 3:37:46 PM de.learnlib.logging.LearnLogger logQuery
INFO: [ε | challenge_v0 success_and_cryptobinding id_request_v0 id_request_v0 / ε | challenge_response_v0 tlv_success id_response_v0 id_response_v0]
Nov 25, 2025 3:37:46 PM de.learnlib.logging.LearnLogger logQuery
INFO: DB CACHE [ε | challenge_v0 id_request_v0 challenge_v0 /  challenge_response_v0 id_response_v0 challenge_response_v0]
Nov 25, 2025 3:37:47 PM de.learnlib.logging.LearnLogger logQuery
INFO: [ε | challenge_v0 id_request_v0 challenge_v0 success_request_with_credentials / ε | challenge_response_v0 id_response_v0 challenge_response_v0 success_response_v0]
Nov 25, 2025 3:37:50 PM de.learnlib.logging.LearnLogger logQuery
INFO: [ε | challenge_v0 id_request_v0 challenge_v0 4_way_message_1 / ε | challenge_response_v0 id_response_v0 challenge_response_v0 no_reply]
Nov 25, 2025 3:37:51 PM de.learnlib.logging.LearnLogger logQuery
INFO: [ε | challenge_v0 id_request_v0 challenge_v0 id_request_v0 / ε | challenge_response_v0 id_response_v0 challenge_response_v0 id_response_v0]
Nov 25, 2025 3:37:52 PM de.learnlib.logging.LearnLogger logQuery
INFO: DB CACHE [ε | challenge_v0 challenge_v0 challenge_v0 /  challenge_response_v0 challenge_response_v0 challenge_response_v0]
Nov 25, 2025 3:37:53 PM de.learnlib.logging.LearnLogger logQuery
INFO: [ε | challenge_v0 challenge_v0 challenge_v0 success_request_with_credentials / ε | challenge_response_v0 challenge_response_v0 challenge_response_v0 success_response_v0]
Nov 25, 2025 3:37:56 PM de.learnlib.logging.LearnLogger logQuery
INFO: [ε | challenge_v0 challenge_v0 challenge_v0 4_way_message_1 / ε | challenge_response_v0 challenge_response_v0 challenge_response_v0 no_reply]
Nov 25, 2025 3:37:57 PM de.learnlib.logging.LearnLogger logQuery
INFO: [ε | challenge_v0 challenge_v0 challenge_v0 id_request_v0 / ε | challenge_response_v0 challenge_response_v0 challenge_response_v0 id_response_v0]
Nov 25, 2025 3:37:58 PM de.learnlib.logging.LearnLogger logQuery
INFO: DB CACHE [ε | challenge_v0 tlv_request challenge_v0 /  challenge_response_v0 tlv_success challenge_response_v0]
Nov 25, 2025 3:37:58 PM de.learnlib.logging.LearnLogger logQuery
INFO: DB CACHE [ε | challenge_v0 tlv_request challenge_v0 success_request_with_credentials /  challenge_response_v0 tlv_success challenge_response_v0 success_response_v0]
Nov 25, 2025 3:37:58 PM de.learnlib.logging.LearnLogger logQuery
INFO: DB CACHE [ε | challenge_v0 tlv_request challenge_v0 4_way_message_1 /  challenge_response_v0 tlv_success challenge_response_v0 4_way_message_2]
Nov 25, 2025 3:37:58 PM de.learnlib.logging.LearnLogger logQuery
INFO: DB CACHE [ε | challenge_v0 tlv_request challenge_v0 id_request_v0 /  challenge_response_v0 tlv_success challenge_response_v0 id_response_v0]
Nov 25, 2025 3:37:58 PM de.learnlib.logging.LearnLogger logQuery
INFO: DB CACHE [ε | challenge_v0 success_request_with_credentials challenge_v0 /  challenge_response_v0 success_response_v0 challenge_response_v0]
Nov 25, 2025 3:37:59 PM de.learnlib.logging.LearnLogger logQuery
INFO: [ε | challenge_v0 success_request_with_credentials challenge_v0 success_request_with_credentials / ε | challenge_response_v0 success_response_v0 challenge_response_v0 success_response_v0]
Nov 25, 2025 3:38:01 PM de.learnlib.logging.LearnLogger logQuery
INFO: [ε | challenge_v0 success_request_with_credentials challenge_v0 4_way_message_1 / ε | challenge_response_v0 success_response_v0 challenge_response_v0 4_way_message_2]
Nov 25, 2025 3:38:03 PM de.learnlib.logging.LearnLogger logQuery
INFO: [ε | challenge_v0 success_request_with_credentials challenge_v0 id_request_v0 / ε | challenge_response_v0 success_response_v0 challenge_response_v0 id_response_v0]
Nov 25, 2025 3:38:03 PM de.learnlib.logging.LearnLogger logQuery
INFO: DB CACHE [ε | challenge_v0 success_and_cryptobinding challenge_v0 /  challenge_response_v0 tlv_success challenge_response_v0]
Nov 25, 2025 3:38:05 PM de.learnlib.logging.LearnLogger logQuery
INFO: [ε | challenge_v0 success_and_cryptobinding challenge_v0 success_request_with_credentials / ε | challenge_response_v0 tlv_success challenge_response_v0 success_response_v0]
Nov 25, 2025 3:38:07 PM de.learnlib.logging.LearnLogger logQuery
INFO: [ε | challenge_v0 success_and_cryptobinding challenge_v0 4_way_message_1 / ε | challenge_response_v0 tlv_success challenge_response_v0 4_way_message_2]
Nov 25, 2025 3:38:08 PM de.learnlib.logging.LearnLogger logQuery
INFO: [ε | challenge_v0 success_and_cryptobinding challenge_v0 id_request_v0 / ε | challenge_response_v0 tlv_success challenge_response_v0 id_response_v0]
Nov 25, 2025 3:38:08 PM de.learnlib.logging.LearnLogger logQuery
INFO: DB CACHE [ε | challenge_v0 eap_success challenge_v0 /  challenge_response_v0 after_eap_success no_reply]
Nov 25, 2025 3:38:08 PM de.learnlib.logging.LearnLogger logQuery
INFO: DB CACHE [ε | challenge_v0 id_request_v0 tlv_request /  challenge_response_v0 id_response_v0 tlv_success]
Nov 25, 2025 3:38:10 PM de.learnlib.logging.LearnLogger logQuery
INFO: [ε | challenge_v0 id_request_v0 tlv_request success_request_with_credentials / ε | challenge_response_v0 id_response_v0 tlv_success success_response_v0]
Nov 25, 2025 3:38:12 PM de.learnlib.logging.LearnLogger logQuery
INFO: [ε | challenge_v0 id_request_v0 tlv_request 4_way_message_1 / ε | challenge_response_v0 id_response_v0 tlv_success 4_way_message_2]
Nov 25, 2025 3:38:14 PM de.learnlib.logging.LearnLogger logQuery
INFO: [ε | challenge_v0 id_request_v0 tlv_request id_request_v0 / ε | challenge_response_v0 id_response_v0 tlv_success id_response_v0]
Nov 25, 2025 3:38:14 PM de.learnlib.logging.LearnLogger logQuery
INFO: DB CACHE [ε | challenge_v0 challenge_v0 tlv_request /  challenge_response_v0 challenge_response_v0 tlv_success]
Nov 25, 2025 3:38:15 PM de.learnlib.logging.LearnLogger logQuery
INFO: [ε | challenge_v0 challenge_v0 tlv_request success_request_with_credentials / ε | challenge_response_v0 challenge_response_v0 tlv_success success_response_v0]
Nov 25, 2025 3:38:17 PM de.learnlib.logging.LearnLogger logQuery
INFO: [ε | challenge_v0 challenge_v0 tlv_request 4_way_message_1 / ε | challenge_response_v0 challenge_response_v0 tlv_success 4_way_message_2]
Nov 25, 2025 3:38:19 PM de.learnlib.logging.LearnLogger logQuery
INFO: [ε | challenge_v0 challenge_v0 tlv_request id_request_v0 / ε | challenge_response_v0 challenge_response_v0 tlv_success id_response_v0]
Nov 25, 2025 3:38:19 PM de.learnlib.logging.LearnLogger logQuery
INFO: DB CACHE [ε | challenge_v0 tlv_request tlv_request /  challenge_response_v0 tlv_success tlv_success]
Nov 25, 2025 3:38:19 PM de.learnlib.logging.LearnLogger logQuery
INFO: DB CACHE [ε | challenge_v0 tlv_request tlv_request success_request_with_credentials /  challenge_response_v0 tlv_success tlv_success success_response_v0]
Nov 25, 2025 3:38:19 PM de.learnlib.logging.LearnLogger logQuery
INFO: DB CACHE [ε | challenge_v0 tlv_request tlv_request 4_way_message_1 /  challenge_response_v0 tlv_success tlv_success 4_way_message_2]
Nov 25, 2025 3:38:19 PM de.learnlib.logging.LearnLogger logQuery
INFO: DB CACHE [ε | challenge_v0 tlv_request tlv_request id_request_v0 /  challenge_response_v0 tlv_success tlv_success id_response_v0]
Nov 25, 2025 3:38:19 PM de.learnlib.logging.LearnLogger logQuery
INFO: DB CACHE [ε | challenge_v0 success_request_with_credentials tlv_request /  challenge_response_v0 success_response_v0 tlv_success]
Nov 25, 2025 3:38:21 PM de.learnlib.logging.LearnLogger logQuery
INFO: [ε | challenge_v0 success_request_with_credentials tlv_request success_request_with_credentials / ε | challenge_response_v0 success_response_v0 tlv_success success_response_v0]
Nov 25, 2025 3:38:23 PM de.learnlib.logging.LearnLogger logQuery
INFO: [ε | challenge_v0 success_request_with_credentials tlv_request 4_way_message_1 / ε | challenge_response_v0 success_response_v0 tlv_success 4_way_message_2]
Nov 25, 2025 3:38:24 PM de.learnlib.logging.LearnLogger logQuery
INFO: [ε | challenge_v0 success_request_with_credentials tlv_request id_request_v0 / ε | challenge_response_v0 success_response_v0 tlv_success id_response_v0]
Nov 25, 2025 3:38:24 PM de.learnlib.logging.LearnLogger logQuery
INFO: DB CACHE [ε | challenge_v0 success_and_cryptobinding tlv_request /  challenge_response_v0 tlv_success tlv_success]
Nov 25, 2025 3:38:26 PM de.learnlib.logging.LearnLogger logQuery
INFO: [ε | challenge_v0 success_and_cryptobinding tlv_request success_request_with_credentials / ε | challenge_response_v0 tlv_success tlv_success success_response_v0]
Nov 25, 2025 3:38:28 PM de.learnlib.logging.LearnLogger logQuery
INFO: [ε | challenge_v0 success_and_cryptobinding tlv_request 4_way_message_1 / ε | challenge_response_v0 tlv_success tlv_success 4_way_message_2]
Nov 25, 2025 3:38:30 PM de.learnlib.logging.LearnLogger logQuery
INFO: [ε | challenge_v0 success_and_cryptobinding tlv_request id_request_v0 / ε | challenge_response_v0 tlv_success tlv_success id_response_v0]
Nov 25, 2025 3:38:30 PM de.learnlib.logging.LearnLogger logQuery
INFO: DB CACHE [ε | challenge_v0 eap_success tlv_request /  challenge_response_v0 after_eap_success no_reply]
Nov 25, 2025 3:38:30 PM de.learnlib.logging.LearnLogger logQuery
INFO: DB CACHE [ε | challenge_v0 id_request_v0 tlv_failure /  challenge_response_v0 id_response_v0 tlv_failure]
Nov 25, 2025 3:38:30 PM de.learnlib.logging.LearnLogger logQuery
INFO: DB CACHE [ε | challenge_v0 challenge_v0 tlv_failure /  challenge_response_v0 challenge_response_v0 tlv_failure]
Nov 25, 2025 3:38:30 PM de.learnlib.logging.LearnLogger logQuery
INFO: DB CACHE [ε | challenge_v0 tlv_request tlv_failure /  challenge_response_v0 tlv_success tlv_failure]
Nov 25, 2025 3:38:30 PM de.learnlib.logging.LearnLogger logQuery
INFO: DB CACHE [ε | challenge_v0 success_request_with_credentials tlv_failure /  challenge_response_v0 success_response_v0 tlv_failure]
Nov 25, 2025 3:38:30 PM de.learnlib.logging.LearnLogger logQuery
INFO: DB CACHE [ε | challenge_v0 success_and_cryptobinding tlv_failure /  challenge_response_v0 tlv_success tlv_failure]
Nov 25, 2025 3:38:30 PM de.learnlib.logging.LearnLogger logQuery
INFO: DB CACHE [ε | challenge_v0 eap_success tlv_failure /  challenge_response_v0 after_eap_success no_reply]
Nov 25, 2025 3:38:30 PM de.learnlib.logging.LearnLogger logQuery
INFO: DB CACHE [ε | challenge_v0 id_request_v0 success_request_all_zeros /  challenge_response_v0 id_response_v0 no_reply]
Nov 25, 2025 3:38:30 PM de.learnlib.logging.LearnLogger logQuery
INFO: DB CACHE [ε | challenge_v0 challenge_v0 success_request_all_zeros /  challenge_response_v0 challenge_response_v0 no_reply]
Nov 25, 2025 3:38:30 PM de.learnlib.logging.LearnLogger logQuery
INFO: DB CACHE [ε | challenge_v0 tlv_request success_request_all_zeros /  challenge_response_v0 tlv_success no_reply]
Nov 25, 2025 3:38:30 PM de.learnlib.logging.LearnLogger logQuery
INFO: DB CACHE [ε | challenge_v0 success_request_with_credentials success_request_all_zeros /  challenge_response_v0 success_response_v0 no_reply]
Nov 25, 2025 3:38:30 PM de.learnlib.logging.LearnLogger logQuery
INFO: DB CACHE [ε | challenge_v0 success_and_cryptobinding success_request_all_zeros /  challenge_response_v0 tlv_success no_reply]
Nov 25, 2025 3:38:30 PM de.learnlib.logging.LearnLogger logQuery
INFO: DB CACHE [ε | challenge_v0 eap_success success_request_all_zeros /  challenge_response_v0 after_eap_success no_reply]
Nov 25, 2025 3:38:31 PM de.learnlib.logging.LearnLogger logQuery
INFO: [ε | challenge_v0 id_request_v0 success_request_with_credentials success_request_with_credentials / ε | challenge_response_v0 id_response_v0 success_response_v0 success_response_v0]
Nov 25, 2025 3:38:33 PM de.learnlib.logging.LearnLogger logQuery
INFO: [ε | challenge_v0 id_request_v0 success_request_with_credentials 4_way_message_1 / ε | challenge_response_v0 id_response_v0 success_response_v0 4_way_message_2]
Nov 25, 2025 3:38:35 PM de.learnlib.logging.LearnLogger logQuery
INFO: [ε | challenge_v0 id_request_v0 success_request_with_credentials id_request_v0 / ε | challenge_response_v0 id_response_v0 success_response_v0 id_response_v0]
Nov 25, 2025 3:38:37 PM de.learnlib.logging.LearnLogger logQuery
INFO: [ε | challenge_v0 challenge_v0 success_request_with_credentials success_request_with_credentials / ε | challenge_response_v0 challenge_response_v0 success_response_v0 success_response_v0]
Nov 25, 2025 3:38:39 PM de.learnlib.logging.LearnLogger logQuery
INFO: [ε | challenge_v0 challenge_v0 success_request_with_credentials 4_way_message_1 / ε | challenge_response_v0 challenge_response_v0 success_response_v0 4_way_message_2]
Nov 25, 2025 3:38:40 PM de.learnlib.logging.LearnLogger logQuery
INFO: [ε | challenge_v0 challenge_v0 success_request_with_credentials id_request_v0 / ε | challenge_response_v0 challenge_response_v0 success_response_v0 id_response_v0]
Nov 25, 2025 3:38:40 PM de.learnlib.logging.LearnLogger logQuery
INFO: DB CACHE [ε | challenge_v0 tlv_request success_request_with_credentials success_request_with_credentials /  challenge_response_v0 tlv_success success_response_v0 success_response_v0]
Nov 25, 2025 3:38:40 PM de.learnlib.logging.LearnLogger logQuery
INFO: DB CACHE [ε | challenge_v0 tlv_request success_request_with_credentials 4_way_message_1 /  challenge_response_v0 tlv_success success_response_v0 4_way_message_2]
Nov 25, 2025 3:38:40 PM de.learnlib.logging.LearnLogger logQuery
INFO: DB CACHE [ε | challenge_v0 tlv_request success_request_with_credentials id_request_v0 /  challenge_response_v0 tlv_success success_response_v0 id_response_v0]
Nov 25, 2025 3:38:42 PM de.learnlib.logging.LearnLogger logQuery
INFO: [ε | challenge_v0 success_request_with_credentials success_request_with_credentials success_request_with_credentials / ε | challenge_response_v0 success_response_v0 success_response_v0 success_response_v0]
Nov 25, 2025 3:38:44 PM de.learnlib.logging.LearnLogger logQuery
INFO: [ε | challenge_v0 success_request_with_credentials success_request_with_credentials 4_way_message_1 / ε | challenge_response_v0 success_response_v0 success_response_v0 4_way_message_2]
Nov 25, 2025 3:38:46 PM de.learnlib.logging.LearnLogger logQuery
INFO: [ε | challenge_v0 success_request_with_credentials success_request_with_credentials id_request_v0 / ε | challenge_response_v0 success_response_v0 success_response_v0 id_response_v0]
Nov 25, 2025 3:38:48 PM de.learnlib.logging.LearnLogger logQuery
INFO: [ε | challenge_v0 success_and_cryptobinding success_request_with_credentials success_request_with_credentials / ε | challenge_response_v0 tlv_success success_response_v0 success_response_v0]
Nov 25, 2025 3:38:49 PM de.learnlib.logging.LearnLogger logQuery
INFO: [ε | challenge_v0 success_and_cryptobinding success_request_with_credentials 4_way_message_1 / ε | challenge_response_v0 tlv_success success_response_v0 4_way_message_2]
Nov 25, 2025 3:38:51 PM de.learnlib.logging.LearnLogger logQuery
INFO: [ε | challenge_v0 success_and_cryptobinding success_request_with_credentials id_request_v0 / ε | challenge_response_v0 tlv_success success_response_v0 id_response_v0]
Nov 25, 2025 3:38:51 PM de.learnlib.logging.LearnLogger logQuery
INFO: DB CACHE [ε | challenge_v0 id_request_v0 success_and_cryptobinding /  challenge_response_v0 id_response_v0 tlv_success]
Nov 25, 2025 3:38:53 PM de.learnlib.logging.LearnLogger logQuery
INFO: [ε | challenge_v0 id_request_v0 success_and_cryptobinding success_request_with_credentials / ε | challenge_response_v0 id_response_v0 tlv_success success_response_v0]
Nov 25, 2025 3:38:55 PM de.learnlib.logging.LearnLogger logQuery
INFO: [ε | challenge_v0 id_request_v0 success_and_cryptobinding 4_way_message_1 / ε | challenge_response_v0 id_response_v0 tlv_success 4_way_message_2]
Nov 25, 2025 3:38:57 PM de.learnlib.logging.LearnLogger logQuery
INFO: [ε | challenge_v0 id_request_v0 success_and_cryptobinding id_request_v0 / ε | challenge_response_v0 id_response_v0 tlv_success id_response_v0]
Nov 25, 2025 3:38:57 PM de.learnlib.logging.LearnLogger logQuery
INFO: DB CACHE [ε | challenge_v0 challenge_v0 success_and_cryptobinding /  challenge_response_v0 challenge_response_v0 tlv_success]
Nov 25, 2025 3:38:58 PM de.learnlib.logging.LearnLogger logQuery
INFO: [ε | challenge_v0 challenge_v0 success_and_cryptobinding success_request_with_credentials / ε | challenge_response_v0 challenge_response_v0 tlv_success success_response_v0]
Nov 25, 2025 3:39:00 PM de.learnlib.logging.LearnLogger logQuery
INFO: [ε | challenge_v0 challenge_v0 success_and_cryptobinding 4_way_message_1 / ε | challenge_response_v0 challenge_response_v0 tlv_success 4_way_message_2]
Nov 25, 2025 3:39:02 PM de.learnlib.logging.LearnLogger logQuery
INFO: [ε | challenge_v0 challenge_v0 success_and_cryptobinding id_request_v0 / ε | challenge_response_v0 challenge_response_v0 tlv_success id_response_v0]
Nov 25, 2025 3:39:02 PM de.learnlib.logging.LearnLogger logQuery
INFO: DB CACHE [ε | challenge_v0 tlv_request success_and_cryptobinding /  challenge_response_v0 tlv_success tlv_success]
Nov 25, 2025 3:39:02 PM de.learnlib.logging.LearnLogger logQuery
INFO: DB CACHE [ε | challenge_v0 tlv_request success_and_cryptobinding success_request_with_credentials /  challenge_response_v0 tlv_success tlv_success success_response_v0]
Nov 25, 2025 3:39:02 PM de.learnlib.logging.LearnLogger logQuery
INFO: DB CACHE [ε | challenge_v0 tlv_request success_and_cryptobinding 4_way_message_1 /  challenge_response_v0 tlv_success tlv_success 4_way_message_2]
Nov 25, 2025 3:39:02 PM de.learnlib.logging.LearnLogger logQuery
INFO: DB CACHE [ε | challenge_v0 tlv_request success_and_cryptobinding id_request_v0 /  challenge_response_v0 tlv_success tlv_success id_response_v0]
Nov 25, 2025 3:39:02 PM de.learnlib.logging.LearnLogger logQuery
INFO: DB CACHE [ε | challenge_v0 success_request_with_credentials success_and_cryptobinding /  challenge_response_v0 success_response_v0 tlv_success]
Nov 25, 2025 3:39:04 PM de.learnlib.logging.LearnLogger logQuery
INFO: [ε | challenge_v0 success_request_with_credentials success_and_cryptobinding success_request_with_credentials / ε | challenge_response_v0 success_response_v0 tlv_success success_response_v0]
Nov 25, 2025 3:39:06 PM de.learnlib.logging.LearnLogger logQuery
INFO: [ε | challenge_v0 success_request_with_credentials success_and_cryptobinding 4_way_message_1 / ε | challenge_response_v0 success_response_v0 tlv_success 4_way_message_2]
Nov 25, 2025 3:39:07 PM de.learnlib.logging.LearnLogger logQuery
INFO: [ε | challenge_v0 success_request_with_credentials success_and_cryptobinding id_request_v0 / ε | challenge_response_v0 success_response_v0 tlv_success id_response_v0]
Nov 25, 2025 3:39:08 PM de.learnlib.logging.LearnLogger logQuery
INFO: DB CACHE [ε | challenge_v0 success_and_cryptobinding success_and_cryptobinding /  challenge_response_v0 tlv_success tlv_success]
Nov 25, 2025 3:39:09 PM de.learnlib.logging.LearnLogger logQuery
INFO: [ε | challenge_v0 success_and_cryptobinding success_and_cryptobinding success_request_with_credentials / ε | challenge_response_v0 tlv_success tlv_success success_response_v0]
Nov 25, 2025 3:39:11 PM de.learnlib.logging.LearnLogger logQuery
INFO: [ε | challenge_v0 success_and_cryptobinding success_and_cryptobinding 4_way_message_1 / ε | challenge_response_v0 tlv_success tlv_success 4_way_message_2]
Nov 25, 2025 3:39:13 PM de.learnlib.logging.LearnLogger logQuery
INFO: [ε | challenge_v0 success_and_cryptobinding success_and_cryptobinding id_request_v0 / ε | challenge_response_v0 tlv_success tlv_success id_response_v0]
Nov 25, 2025 3:39:13 PM de.learnlib.logging.LearnLogger logQuery
INFO: DB CACHE [ε | challenge_v0 eap_success success_and_cryptobinding /  challenge_response_v0 after_eap_success no_reply]
Nov 25, 2025 3:39:13 PM de.learnlib.logging.LearnLogger logQuery
INFO: DB CACHE [ε | challenge_v0 id_request_v0 cryptobinding /  challenge_response_v0 id_response_v0 no_reply]
Nov 25, 2025 3:39:13 PM de.learnlib.logging.LearnLogger logQuery
INFO: DB CACHE [ε | challenge_v0 challenge_v0 cryptobinding /  challenge_response_v0 challenge_response_v0 no_reply]
Nov 25, 2025 3:39:13 PM de.learnlib.logging.LearnLogger logQuery
INFO: DB CACHE [ε | challenge_v0 tlv_request cryptobinding /  challenge_response_v0 tlv_success no_reply]
Nov 25, 2025 3:39:13 PM de.learnlib.logging.LearnLogger logQuery
INFO: DB CACHE [ε | challenge_v0 success_request_with_credentials cryptobinding /  challenge_response_v0 success_response_v0 no_reply]
Nov 25, 2025 3:39:13 PM de.learnlib.logging.LearnLogger logQuery
INFO: DB CACHE [ε | challenge_v0 success_and_cryptobinding cryptobinding /  challenge_response_v0 tlv_success no_reply]
Nov 25, 2025 3:39:13 PM de.learnlib.logging.LearnLogger logQuery
INFO: DB CACHE [ε | challenge_v0 eap_success cryptobinding /  challenge_response_v0 after_eap_success no_reply]
Nov 25, 2025 3:39:13 PM de.learnlib.logging.LearnLogger logQuery
INFO: DB CACHE [ε | challenge_v0 id_request_v0 eap_success /  challenge_response_v0 id_response_v0 after_eap_success]
Nov 25, 2025 3:39:15 PM de.learnlib.logging.LearnLogger logQuery
INFO: [ε | challenge_v0 id_request_v0 eap_success success_request_with_credentials / ε | challenge_response_v0 id_response_v0 after_eap_success no_reply]
Nov 25, 2025 3:39:18 PM de.learnlib.logging.LearnLogger logQuery
INFO: [ε | challenge_v0 id_request_v0 eap_success 4_way_message_1 / ε | challenge_response_v0 id_response_v0 after_eap_success no_reply]
Nov 25, 2025 3:39:21 PM de.learnlib.logging.LearnLogger logQuery
INFO: [ε | challenge_v0 id_request_v0 eap_success id_request_v0 / ε | challenge_response_v0 id_response_v0 after_eap_success no_reply]
Nov 25, 2025 3:39:22 PM de.learnlib.logging.LearnLogger logQuery
INFO: DB CACHE [ε | challenge_v0 challenge_v0 eap_success /  challenge_response_v0 challenge_response_v0 after_eap_success]
Nov 25, 2025 3:39:24 PM de.learnlib.logging.LearnLogger logQuery
INFO: [ε | challenge_v0 challenge_v0 eap_success success_request_with_credentials / ε | challenge_response_v0 challenge_response_v0 after_eap_success no_reply]
Nov 25, 2025 3:39:27 PM de.learnlib.logging.LearnLogger logQuery
INFO: [ε | challenge_v0 challenge_v0 eap_success 4_way_message_1 / ε | challenge_response_v0 challenge_response_v0 after_eap_success no_reply]
Nov 25, 2025 3:39:30 PM de.learnlib.logging.LearnLogger logQuery
INFO: [ε | challenge_v0 challenge_v0 eap_success id_request_v0 / ε | challenge_response_v0 challenge_response_v0 after_eap_success no_reply]
Nov 25, 2025 3:39:30 PM de.learnlib.logging.LearnLogger logQuery
INFO: DB CACHE [ε | challenge_v0 tlv_request eap_success /  challenge_response_v0 tlv_success after_eap_success]
Nov 25, 2025 3:39:30 PM de.learnlib.logging.LearnLogger logQuery
INFO: DB CACHE [ε | challenge_v0 tlv_request eap_success success_request_with_credentials /  challenge_response_v0 tlv_success after_eap_success success_response_v0]
Nov 25, 2025 3:39:30 PM de.learnlib.logging.LearnLogger logQuery
INFO: DB CACHE [ε | challenge_v0 tlv_request eap_success 4_way_message_1 /  challenge_response_v0 tlv_success after_eap_success 4_way_message_2]
Nov 25, 2025 3:39:30 PM de.learnlib.logging.LearnLogger logQuery
INFO: DB CACHE [ε | challenge_v0 tlv_request eap_success id_request_v0 /  challenge_response_v0 tlv_success after_eap_success id_response_v0]
Nov 25, 2025 3:39:30 PM de.learnlib.logging.LearnLogger logQuery
INFO: DB CACHE [ε | challenge_v0 success_request_with_credentials eap_success /  challenge_response_v0 success_response_v0 after_eap_success]
Nov 25, 2025 3:39:33 PM de.learnlib.logging.LearnLogger logQuery
INFO: [ε | challenge_v0 success_request_with_credentials eap_success success_request_with_credentials / ε | challenge_response_v0 success_response_v0 after_eap_success success_response_v0]
Nov 25, 2025 3:39:35 PM de.learnlib.logging.LearnLogger logQuery
INFO: [ε | challenge_v0 success_request_with_credentials eap_success 4_way_message_1 / ε | challenge_response_v0 success_response_v0 after_eap_success 4_way_message_2]
Nov 25, 2025 3:39:37 PM de.learnlib.logging.LearnLogger logQuery
INFO: [ε | challenge_v0 success_request_with_credentials eap_success id_request_v0 / ε | challenge_response_v0 success_response_v0 after_eap_success id_response_v0]
Nov 25, 2025 3:39:37 PM de.learnlib.logging.LearnLogger logQuery
INFO: DB CACHE [ε | challenge_v0 success_and_cryptobinding eap_success /  challenge_response_v0 tlv_success after_eap_success]
Nov 25, 2025 3:39:39 PM de.learnlib.logging.LearnLogger logQuery
INFO: [ε | challenge_v0 success_and_cryptobinding eap_success success_request_with_credentials / ε | challenge_response_v0 tlv_success after_eap_success success_response_v0]
Nov 25, 2025 3:39:42 PM de.learnlib.logging.LearnLogger logQuery
INFO: [ε | challenge_v0 success_and_cryptobinding eap_success 4_way_message_1 / ε | challenge_response_v0 tlv_success after_eap_success 4_way_message_2]
Nov 25, 2025 3:39:44 PM de.learnlib.logging.LearnLogger logQuery
INFO: [ε | challenge_v0 success_and_cryptobinding eap_success id_request_v0 / ε | challenge_response_v0 tlv_success after_eap_success id_response_v0]
Nov 25, 2025 3:39:44 PM de.learnlib.logging.LearnLogger logQuery
INFO: DB CACHE [ε | challenge_v0 eap_success eap_success /  challenge_response_v0 after_eap_success after_eap_success]
Nov 25, 2025 3:39:47 PM de.learnlib.logging.LearnLogger logQuery
INFO: [ε | challenge_v0 eap_success eap_success success_request_with_credentials / ε | challenge_response_v0 after_eap_success after_eap_success no_reply]
Nov 25, 2025 3:39:50 PM de.learnlib.logging.LearnLogger logQuery
INFO: [ε | challenge_v0 eap_success eap_success 4_way_message_1 / ε | challenge_response_v0 after_eap_success after_eap_success no_reply]
Nov 25, 2025 3:39:54 PM de.learnlib.logging.LearnLogger logQuery
INFO: [ε | challenge_v0 eap_success eap_success id_request_v0 / ε | challenge_response_v0 after_eap_success after_eap_success no_reply]
Nov 25, 2025 3:39:56 PM de.learnlib.logging.LearnLogger logQuery
INFO: [ε | tlv_request id_request_v0 id_request_v0 success_request_with_credentials / ε | tlv_success id_response_v0 id_response_v0 no_reply]
Nov 25, 2025 3:39:58 PM de.learnlib.logging.LearnLogger logQuery
INFO: [ε | tlv_request id_request_v0 id_request_v0 4_way_message_1 / ε | tlv_success id_response_v0 id_response_v0 4_way_message_2]
Nov 25, 2025 3:40:00 PM de.learnlib.logging.LearnLogger logQuery
INFO: [ε | tlv_request id_request_v0 id_request_v0 id_request_v0 / ε | tlv_success id_response_v0 id_response_v0 id_response_v0]
Nov 25, 2025 3:40:02 PM de.learnlib.logging.LearnLogger logQuery
INFO: [ε | tlv_request challenge_v0 id_request_v0 success_request_with_credentials / ε | tlv_success challenge_response_v0 id_response_v0 success_response_v0]
Nov 25, 2025 3:40:04 PM de.learnlib.logging.LearnLogger logQuery
INFO: [ε | tlv_request challenge_v0 id_request_v0 4_way_message_1 / ε | tlv_success challenge_response_v0 id_response_v0 4_way_message_2]
Nov 25, 2025 3:40:06 PM de.learnlib.logging.LearnLogger logQuery
INFO: [ε | tlv_request challenge_v0 id_request_v0 id_request_v0 / ε | tlv_success challenge_response_v0 id_response_v0 id_response_v0]
Nov 25, 2025 3:40:08 PM de.learnlib.logging.LearnLogger logQuery
INFO: [ε | tlv_request tlv_request id_request_v0 success_request_with_credentials / ε | tlv_success tlv_success id_response_v0 no_reply]
Nov 25, 2025 3:40:10 PM de.learnlib.logging.LearnLogger logQuery
INFO: [ε | tlv_request tlv_request id_request_v0 4_way_message_1 / ε | tlv_success tlv_success id_response_v0 4_way_message_2]
Nov 25, 2025 3:40:12 PM de.learnlib.logging.LearnLogger logQuery
INFO: [ε | tlv_request tlv_request id_request_v0 id_request_v0 / ε | tlv_success tlv_success id_response_v0 id_response_v0]
Nov 25, 2025 3:40:14 PM de.learnlib.logging.LearnLogger logQuery
INFO: [ε | tlv_request success_and_cryptobinding id_request_v0 success_request_with_credentials / ε | tlv_success tlv_success id_response_v0 no_reply]
Nov 25, 2025 3:40:16 PM de.learnlib.logging.LearnLogger logQuery
INFO: [ε | tlv_request success_and_cryptobinding id_request_v0 4_way_message_1 / ε | tlv_success tlv_success id_response_v0 4_way_message_2]
Nov 25, 2025 3:40:18 PM de.learnlib.logging.LearnLogger logQuery
INFO: [ε | tlv_request success_and_cryptobinding id_request_v0 id_request_v0 / ε | tlv_success tlv_success id_response_v0 id_response_v0]
Nov 25, 2025 3:40:21 PM de.learnlib.logging.LearnLogger logQuery
INFO: [ε | tlv_request eap_success id_request_v0 success_request_with_credentials / ε | tlv_success after_eap_success id_response_v0 no_reply]
Nov 25, 2025 3:40:23 PM de.learnlib.logging.LearnLogger logQuery
INFO: [ε | tlv_request eap_success id_request_v0 4_way_message_1 / ε | tlv_success after_eap_success id_response_v0 4_way_message_2]
Nov 25, 2025 3:40:25 PM de.learnlib.logging.LearnLogger logQuery
INFO: [ε | tlv_request eap_success id_request_v0 id_request_v0 / ε | tlv_success after_eap_success id_response_v0 id_response_v0]
Nov 25, 2025 3:40:26 PM de.learnlib.logging.LearnLogger logQuery
INFO: DB CACHE [ε | tlv_request id_request_v0 challenge_v0 /  tlv_success id_response_v0 challenge_response_v0]
Nov 25, 2025 3:40:27 PM de.learnlib.logging.LearnLogger logQuery
INFO: [ε | tlv_request id_request_v0 challenge_v0 success_request_with_credentials / ε | tlv_success id_response_v0 challenge_response_v0 success_response_v0]
Nov 25, 2025 3:40:29 PM de.learnlib.logging.LearnLogger logQuery
INFO: [ε | tlv_request id_request_v0 challenge_v0 4_way_message_1 / ε | tlv_success id_response_v0 challenge_response_v0 4_way_message_2]
Nov 25, 2025 3:40:31 PM de.learnlib.logging.LearnLogger logQuery
INFO: [ε | tlv_request id_request_v0 challenge_v0 id_request_v0 / ε | tlv_success id_response_v0 challenge_response_v0 id_response_v0]
Nov 25, 2025 3:40:31 PM de.learnlib.logging.LearnLogger logQuery
INFO: DB CACHE [ε | tlv_request challenge_v0 challenge_v0 /  tlv_success challenge_response_v0 challenge_response_v0]
Nov 25, 2025 3:40:32 PM de.learnlib.logging.LearnLogger logQuery
INFO: [ε | tlv_request challenge_v0 challenge_v0 success_request_with_credentials / ε | tlv_success challenge_response_v0 challenge_response_v0 success_response_v0]
Nov 25, 2025 3:40:34 PM de.learnlib.logging.LearnLogger logQuery
INFO: [ε | tlv_request challenge_v0 challenge_v0 4_way_message_1 / ε | tlv_success challenge_response_v0 challenge_response_v0 4_way_message_2]
Nov 25, 2025 3:40:36 PM de.learnlib.logging.LearnLogger logQuery
INFO: [ε | tlv_request challenge_v0 challenge_v0 id_request_v0 / ε | tlv_success challenge_response_v0 challenge_response_v0 id_response_v0]
Nov 25, 2025 3:40:36 PM de.learnlib.logging.LearnLogger logQuery
INFO: DB CACHE [ε | tlv_request tlv_request challenge_v0 /  tlv_success tlv_success challenge_response_v0]
Nov 25, 2025 3:40:38 PM de.learnlib.logging.LearnLogger logQuery
INFO: [ε | tlv_request tlv_request challenge_v0 success_request_with_credentials / ε | tlv_success tlv_success challenge_response_v0 success_response_v0]
Nov 25, 2025 3:40:39 PM de.learnlib.logging.LearnLogger logQuery
INFO: [ε | tlv_request tlv_request challenge_v0 4_way_message_1 / ε | tlv_success tlv_success challenge_response_v0 4_way_message_2]
Nov 25, 2025 3:40:41 PM de.learnlib.logging.LearnLogger logQuery
INFO: [ε | tlv_request tlv_request challenge_v0 id_request_v0 / ε | tlv_success tlv_success challenge_response_v0 id_response_v0]
Nov 25, 2025 3:40:42 PM de.learnlib.logging.LearnLogger logQuery
INFO: DB CACHE [ε | tlv_request success_and_cryptobinding challenge_v0 /  tlv_success tlv_success challenge_response_v0]
Nov 25, 2025 3:40:43 PM de.learnlib.logging.LearnLogger logQuery
INFO: [ε | tlv_request success_and_cryptobinding challenge_v0 success_request_with_credentials / ε | tlv_success tlv_success challenge_response_v0 success_response_v0]
Nov 25, 2025 3:40:45 PM de.learnlib.logging.LearnLogger logQuery
INFO: [ε | tlv_request success_and_cryptobinding challenge_v0 4_way_message_1 / ε | tlv_success tlv_success challenge_response_v0 4_way_message_2]
Nov 25, 2025 3:40:47 PM de.learnlib.logging.LearnLogger logQuery
INFO: [ε | tlv_request success_and_cryptobinding challenge_v0 id_request_v0 / ε | tlv_success tlv_success challenge_response_v0 id_response_v0]
Nov 25, 2025 3:40:47 PM de.learnlib.logging.LearnLogger logQuery
INFO: DB CACHE [ε | tlv_request eap_success challenge_v0 /  tlv_success after_eap_success challenge_response_v0]
Nov 25, 2025 3:40:49 PM de.learnlib.logging.LearnLogger logQuery
INFO: [ε | tlv_request eap_success challenge_v0 success_request_with_credentials / ε | tlv_success after_eap_success challenge_response_v0 success_response_v0]
Nov 25, 2025 3:40:51 PM de.learnlib.logging.LearnLogger logQuery
INFO: [ε | tlv_request eap_success challenge_v0 4_way_message_1 / ε | tlv_success after_eap_success challenge_response_v0 4_way_message_2]
Nov 25, 2025 3:40:53 PM de.learnlib.logging.LearnLogger logQuery
INFO: [ε | tlv_request eap_success challenge_v0 id_request_v0 / ε | tlv_success after_eap_success challenge_response_v0 id_response_v0]
Nov 25, 2025 3:40:54 PM de.learnlib.logging.LearnLogger logQuery
INFO: DB CACHE [ε | tlv_request id_request_v0 tlv_request /  tlv_success id_response_v0 tlv_success]
Nov 25, 2025 3:40:56 PM de.learnlib.logging.LearnLogger logQuery
INFO: [ε | tlv_request id_request_v0 tlv_request success_request_with_credentials / ε | tlv_success id_response_v0 tlv_success no_reply]
Nov 25, 2025 3:40:58 PM de.learnlib.logging.LearnLogger logQuery
INFO: [ε | tlv_request id_request_v0 tlv_request 4_way_message_1 / ε | tlv_success id_response_v0 tlv_success 4_way_message_2]
Nov 25, 2025 3:41:00 PM de.learnlib.logging.LearnLogger logQuery
INFO: [ε | tlv_request id_request_v0 tlv_request id_request_v0 / ε | tlv_success id_response_v0 tlv_success id_response_v0]
Nov 25, 2025 3:41:00 PM de.learnlib.logging.LearnLogger logQuery
INFO: DB CACHE [ε | tlv_request challenge_v0 tlv_request /  tlv_success challenge_response_v0 tlv_success]
Nov 25, 2025 3:41:01 PM de.learnlib.logging.LearnLogger logQuery
INFO: [ε | tlv_request challenge_v0 tlv_request success_request_with_credentials / ε | tlv_success challenge_response_v0 tlv_success success_response_v0]
Nov 25, 2025 3:41:03 PM de.learnlib.logging.LearnLogger logQuery
INFO: [ε | tlv_request challenge_v0 tlv_request 4_way_message_1 / ε | tlv_success challenge_response_v0 tlv_success 4_way_message_2]
Nov 25, 2025 3:41:05 PM de.learnlib.logging.LearnLogger logQuery
INFO: [ε | tlv_request challenge_v0 tlv_request id_request_v0 / ε | tlv_success challenge_response_v0 tlv_success id_response_v0]
Nov 25, 2025 3:41:05 PM de.learnlib.logging.LearnLogger logQuery
INFO: DB CACHE [ε | tlv_request tlv_request tlv_request /  tlv_success tlv_success tlv_success]
Nov 25, 2025 3:41:07 PM de.learnlib.logging.LearnLogger logQuery
INFO: [ε | tlv_request tlv_request tlv_request success_request_with_credentials / ε | tlv_success tlv_success tlv_success no_reply]
Nov 25, 2025 3:41:09 PM de.learnlib.logging.LearnLogger logQuery
INFO: [ε | tlv_request tlv_request tlv_request 4_way_message_1 / ε | tlv_success tlv_success tlv_success 4_way_message_2]
Nov 25, 2025 3:41:11 PM de.learnlib.logging.LearnLogger logQuery
INFO: [ε | tlv_request tlv_request tlv_request id_request_v0 / ε | tlv_success tlv_success tlv_success id_response_v0]
Nov 25, 2025 3:41:11 PM de.learnlib.logging.LearnLogger logQuery
INFO: DB CACHE [ε | tlv_request success_and_cryptobinding tlv_request /  tlv_success tlv_success tlv_success]
Nov 25, 2025 3:41:13 PM de.learnlib.logging.LearnLogger logQuery
INFO: [ε | tlv_request success_and_cryptobinding tlv_request success_request_with_credentials / ε | tlv_success tlv_success tlv_success no_reply]
Nov 25, 2025 3:41:15 PM de.learnlib.logging.LearnLogger logQuery
INFO: [ε | tlv_request success_and_cryptobinding tlv_request 4_way_message_1 / ε | tlv_success tlv_success tlv_success 4_way_message_2]
Nov 25, 2025 3:41:17 PM de.learnlib.logging.LearnLogger logQuery
INFO: [ε | tlv_request success_and_cryptobinding tlv_request id_request_v0 / ε | tlv_success tlv_success tlv_success id_response_v0]
Nov 25, 2025 3:41:17 PM de.learnlib.logging.LearnLogger logQuery
INFO: DB CACHE [ε | tlv_request eap_success tlv_request /  tlv_success after_eap_success tlv_success]
Nov 25, 2025 3:41:20 PM de.learnlib.logging.LearnLogger logQuery
INFO: [ε | tlv_request eap_success tlv_request success_request_with_credentials / ε | tlv_success after_eap_success tlv_success no_reply]
Nov 25, 2025 3:41:22 PM de.learnlib.logging.LearnLogger logQuery
INFO: [ε | tlv_request eap_success tlv_request 4_way_message_1 / ε | tlv_success after_eap_success tlv_success 4_way_message_2]
Nov 25, 2025 3:41:25 PM de.learnlib.logging.LearnLogger logQuery
INFO: [ε | tlv_request eap_success tlv_request id_request_v0 / ε | tlv_success after_eap_success tlv_success id_response_v0]
Nov 25, 2025 3:41:25 PM de.learnlib.logging.LearnLogger logQuery
INFO: DB CACHE [ε | tlv_request id_request_v0 tlv_failure /  tlv_success id_response_v0 tlv_failure]
Nov 25, 2025 3:41:25 PM de.learnlib.logging.LearnLogger logQuery
INFO: DB CACHE [ε | tlv_request challenge_v0 tlv_failure /  tlv_success challenge_response_v0 tlv_failure]
Nov 25, 2025 3:41:25 PM de.learnlib.logging.LearnLogger logQuery
INFO: DB CACHE [ε | tlv_request tlv_request tlv_failure /  tlv_success tlv_success tlv_failure]
Nov 25, 2025 3:41:25 PM de.learnlib.logging.LearnLogger logQuery
INFO: DB CACHE [ε | tlv_request success_and_cryptobinding tlv_failure /  tlv_success tlv_success tlv_failure]
Nov 25, 2025 3:41:25 PM de.learnlib.logging.LearnLogger logQuery
INFO: DB CACHE [ε | tlv_request eap_success tlv_failure /  tlv_success after_eap_success tlv_failure]
Nov 25, 2025 3:41:25 PM de.learnlib.logging.LearnLogger logQuery
INFO: DB CACHE [ε | tlv_request id_request_v0 success_request_all_zeros /  tlv_success id_response_v0 no_reply]
Nov 25, 2025 3:41:25 PM de.learnlib.logging.LearnLogger logQuery
INFO: DB CACHE [ε | tlv_request challenge_v0 success_request_all_zeros /  tlv_success challenge_response_v0 no_reply]
Nov 25, 2025 3:41:25 PM de.learnlib.logging.LearnLogger logQuery
INFO: DB CACHE [ε | tlv_request tlv_request success_request_all_zeros /  tlv_success tlv_success no_reply]
Nov 25, 2025 3:41:25 PM de.learnlib.logging.LearnLogger logQuery
INFO: DB CACHE [ε | tlv_request success_and_cryptobinding success_request_all_zeros /  tlv_success tlv_success no_reply]
Nov 25, 2025 3:41:25 PM de.learnlib.logging.LearnLogger logQuery
INFO: DB CACHE [ε | tlv_request eap_success success_request_all_zeros /  tlv_success after_eap_success no_reply]
Nov 25, 2025 3:41:26 PM de.learnlib.logging.LearnLogger logQuery
INFO: [ε | tlv_request challenge_v0 success_request_with_credentials success_request_with_credentials / ε | tlv_success challenge_response_v0 success_response_v0 success_response_v0]
Nov 25, 2025 3:41:28 PM de.learnlib.logging.LearnLogger logQuery
INFO: [ε | tlv_request challenge_v0 success_request_with_credentials 4_way_message_1 / ε | tlv_success challenge_response_v0 success_response_v0 4_way_message_2]
Nov 25, 2025 3:41:30 PM de.learnlib.logging.LearnLogger logQuery
INFO: [ε | tlv_request challenge_v0 success_request_with_credentials id_request_v0 / ε | tlv_success challenge_response_v0 success_response_v0 id_response_v0]
Nov 25, 2025 3:41:30 PM de.learnlib.logging.LearnLogger logQuery
INFO: DB CACHE [ε | tlv_request id_request_v0 success_and_cryptobinding /  tlv_success id_response_v0 tlv_success]
Nov 25, 2025 3:41:32 PM de.learnlib.logging.LearnLogger logQuery
INFO: [ε | tlv_request id_request_v0 success_and_cryptobinding success_request_with_credentials / ε | tlv_success id_response_v0 tlv_success no_reply]
Nov 25, 2025 3:41:34 PM de.learnlib.logging.LearnLogger logQuery
INFO: [ε | tlv_request id_request_v0 success_and_cryptobinding 4_way_message_1 / ε | tlv_success id_response_v0 tlv_success 4_way_message_2]
Nov 25, 2025 3:41:36 PM de.learnlib.logging.LearnLogger logQuery
INFO: [ε | tlv_request id_request_v0 success_and_cryptobinding id_request_v0 / ε | tlv_success id_response_v0 tlv_success id_response_v0]
Nov 25, 2025 3:41:36 PM de.learnlib.logging.LearnLogger logQuery
INFO: DB CACHE [ε | tlv_request challenge_v0 success_and_cryptobinding /  tlv_success challenge_response_v0 tlv_success]
Nov 25, 2025 3:41:38 PM de.learnlib.logging.LearnLogger logQuery
INFO: [ε | tlv_request challenge_v0 success_and_cryptobinding success_request_with_credentials / ε | tlv_success challenge_response_v0 tlv_success success_response_v0]
Nov 25, 2025 3:41:40 PM de.learnlib.logging.LearnLogger logQuery
INFO: [ε | tlv_request challenge_v0 success_and_cryptobinding 4_way_message_1 / ε | tlv_success challenge_response_v0 tlv_success 4_way_message_2]
Nov 25, 2025 3:41:42 PM de.learnlib.logging.LearnLogger logQuery
INFO: [ε | tlv_request challenge_v0 success_and_cryptobinding id_request_v0 / ε | tlv_success challenge_response_v0 tlv_success id_response_v0]
Nov 25, 2025 3:41:42 PM de.learnlib.logging.LearnLogger logQuery
INFO: DB CACHE [ε | tlv_request tlv_request success_and_cryptobinding /  tlv_success tlv_success tlv_success]
Nov 25, 2025 3:41:44 PM de.learnlib.logging.LearnLogger logQuery
INFO: [ε | tlv_request tlv_request success_and_cryptobinding success_request_with_credentials / ε | tlv_success tlv_success tlv_success no_reply]
Nov 25, 2025 3:41:46 PM de.learnlib.logging.LearnLogger logQuery
INFO: [ε | tlv_request tlv_request success_and_cryptobinding 4_way_message_1 / ε | tlv_success tlv_success tlv_success 4_way_message_2]
Nov 25, 2025 3:41:48 PM de.learnlib.logging.LearnLogger logQuery
INFO: [ε | tlv_request tlv_request success_and_cryptobinding id_request_v0 / ε | tlv_success tlv_success tlv_success id_response_v0]
Nov 25, 2025 3:41:48 PM de.learnlib.logging.LearnLogger logQuery
INFO: DB CACHE [ε | tlv_request success_and_cryptobinding success_and_cryptobinding /  tlv_success tlv_success tlv_success]
Nov 25, 2025 3:41:50 PM de.learnlib.logging.LearnLogger logQuery
INFO: [ε | tlv_request success_and_cryptobinding success_and_cryptobinding success_request_with_credentials / ε | tlv_success tlv_success tlv_success no_reply]
Nov 25, 2025 3:41:52 PM de.learnlib.logging.LearnLogger logQuery
INFO: [ε | tlv_request success_and_cryptobinding success_and_cryptobinding 4_way_message_1 / ε | tlv_success tlv_success tlv_success 4_way_message_2]
Nov 25, 2025 3:41:54 PM de.learnlib.logging.LearnLogger logQuery
INFO: [ε | tlv_request success_and_cryptobinding success_and_cryptobinding id_request_v0 / ε | tlv_success tlv_success tlv_success id_response_v0]
Nov 25, 2025 3:41:54 PM de.learnlib.logging.LearnLogger logQuery
INFO: DB CACHE [ε | tlv_request eap_success success_and_cryptobinding /  tlv_success after_eap_success tlv_success]
Nov 25, 2025 3:41:56 PM de.learnlib.logging.LearnLogger logQuery
INFO: [ε | tlv_request eap_success success_and_cryptobinding success_request_with_credentials / ε | tlv_success after_eap_success tlv_success no_reply]
Nov 25, 2025 3:41:59 PM de.learnlib.logging.LearnLogger logQuery
INFO: [ε | tlv_request eap_success success_and_cryptobinding 4_way_message_1 / ε | tlv_success after_eap_success tlv_success 4_way_message_2]
Nov 25, 2025 3:42:01 PM de.learnlib.logging.LearnLogger logQuery
INFO: [ε | tlv_request eap_success success_and_cryptobinding id_request_v0 / ε | tlv_success after_eap_success tlv_success id_response_v0]
Nov 25, 2025 3:42:01 PM de.learnlib.logging.LearnLogger logQuery
INFO: DB CACHE [ε | tlv_request id_request_v0 cryptobinding /  tlv_success id_response_v0 no_reply]
Nov 25, 2025 3:42:01 PM de.learnlib.logging.LearnLogger logQuery
INFO: DB CACHE [ε | tlv_request challenge_v0 cryptobinding /  tlv_success challenge_response_v0 no_reply]
Nov 25, 2025 3:42:01 PM de.learnlib.logging.LearnLogger logQuery
INFO: DB CACHE [ε | tlv_request tlv_request cryptobinding /  tlv_success tlv_success no_reply]
Nov 25, 2025 3:42:01 PM de.learnlib.logging.LearnLogger logQuery
INFO: DB CACHE [ε | tlv_request success_and_cryptobinding cryptobinding /  tlv_success tlv_success no_reply]
Nov 25, 2025 3:42:01 PM de.learnlib.logging.LearnLogger logQuery
INFO: DB CACHE [ε | tlv_request eap_success cryptobinding /  tlv_success after_eap_success no_reply]
Nov 25, 2025 3:42:01 PM de.learnlib.logging.LearnLogger logQuery
INFO: DB CACHE [ε | tlv_request id_request_v0 eap_success /  tlv_success id_response_v0 after_eap_success]
Nov 25, 2025 3:42:04 PM de.learnlib.logging.LearnLogger logQuery
INFO: [ε | tlv_request id_request_v0 eap_success success_request_with_credentials / ε | tlv_success id_response_v0 after_eap_success no_reply]
Nov 25, 2025 3:42:06 PM de.learnlib.logging.LearnLogger logQuery
INFO: [ε | tlv_request id_request_v0 eap_success 4_way_message_1 / ε | tlv_success id_response_v0 after_eap_success 4_way_message_2]
Nov 25, 2025 3:42:09 PM de.learnlib.logging.LearnLogger logQuery
INFO: [ε | tlv_request id_request_v0 eap_success id_request_v0 / ε | tlv_success id_response_v0 after_eap_success id_response_v0]
Nov 25, 2025 3:42:09 PM de.learnlib.logging.LearnLogger logQuery
INFO: DB CACHE [ε | tlv_request challenge_v0 eap_success /  tlv_success challenge_response_v0 after_eap_success]
Nov 25, 2025 3:42:11 PM de.learnlib.logging.LearnLogger logQuery
INFO: [ε | tlv_request challenge_v0 eap_success success_request_with_credentials / ε | tlv_success challenge_response_v0 after_eap_success success_response_v0]
Nov 25, 2025 3:42:13 PM de.learnlib.logging.LearnLogger logQuery
INFO: [ε | tlv_request challenge_v0 eap_success 4_way_message_1 / ε | tlv_success challenge_response_v0 after_eap_success 4_way_message_2]
Nov 25, 2025 3:42:15 PM de.learnlib.logging.LearnLogger logQuery
INFO: [ε | tlv_request challenge_v0 eap_success id_request_v0 / ε | tlv_success challenge_response_v0 after_eap_success id_response_v0]
Nov 25, 2025 3:42:15 PM de.learnlib.logging.LearnLogger logQuery
INFO: DB CACHE [ε | tlv_request tlv_request eap_success /  tlv_success tlv_success after_eap_success]
Nov 25, 2025 3:42:18 PM de.learnlib.logging.LearnLogger logQuery
INFO: [ε | tlv_request tlv_request eap_success success_request_with_credentials / ε | tlv_success tlv_success after_eap_success no_reply]
Nov 25, 2025 3:42:20 PM de.learnlib.logging.LearnLogger logQuery
INFO: [ε | tlv_request tlv_request eap_success 4_way_message_1 / ε | tlv_success tlv_success after_eap_success 4_way_message_2]
Nov 25, 2025 3:42:22 PM de.learnlib.logging.LearnLogger logQuery
INFO: [ε | tlv_request tlv_request eap_success id_request_v0 / ε | tlv_success tlv_success after_eap_success id_response_v0]
Nov 25, 2025 3:42:23 PM de.learnlib.logging.LearnLogger logQuery
INFO: DB CACHE [ε | tlv_request success_and_cryptobinding eap_success /  tlv_success tlv_success after_eap_success]
Nov 25, 2025 3:42:25 PM de.learnlib.logging.LearnLogger logQuery
INFO: [ε | tlv_request success_and_cryptobinding eap_success success_request_with_credentials / ε | tlv_success tlv_success after_eap_success no_reply]
Nov 25, 2025 3:42:28 PM de.learnlib.logging.LearnLogger logQuery
INFO: [ε | tlv_request success_and_cryptobinding eap_success 4_way_message_1 / ε | tlv_success tlv_success after_eap_success 4_way_message_2]
Nov 25, 2025 3:42:30 PM de.learnlib.logging.LearnLogger logQuery
INFO: [ε | tlv_request success_and_cryptobinding eap_success id_request_v0 / ε | tlv_success tlv_success after_eap_success id_response_v0]
Nov 25, 2025 3:42:30 PM de.learnlib.logging.LearnLogger logQuery
INFO: DB CACHE [ε | tlv_request eap_success eap_success /  tlv_success after_eap_success after_eap_success]
Nov 25, 2025 3:42:33 PM de.learnlib.logging.LearnLogger logQuery
INFO: [ε | tlv_request eap_success eap_success success_request_with_credentials / ε | tlv_success after_eap_success after_eap_success no_reply]
Nov 25, 2025 3:42:36 PM de.learnlib.logging.LearnLogger logQuery
INFO: [ε | tlv_request eap_success eap_success 4_way_message_1 / ε | tlv_success after_eap_success after_eap_success 4_way_message_2]
Nov 25, 2025 3:42:39 PM de.learnlib.logging.LearnLogger logQuery
INFO: [ε | tlv_request eap_success eap_success id_request_v0 / ε | tlv_success after_eap_success after_eap_success id_response_v0]
Nov 25, 2025 3:42:41 PM de.learnlib.logging.LearnLogger logQuery
INFO: [ε | success_and_cryptobinding id_request_v0 id_request_v0 success_request_with_credentials / ε | tlv_success id_response_v0 id_response_v0 no_reply]
Nov 25, 2025 3:42:43 PM de.learnlib.logging.LearnLogger logQuery
INFO: [ε | success_and_cryptobinding id_request_v0 id_request_v0 4_way_message_1 / ε | tlv_success id_response_v0 id_response_v0 4_way_message_2]
Nov 25, 2025 3:42:45 PM de.learnlib.logging.LearnLogger logQuery
INFO: [ε | success_and_cryptobinding id_request_v0 id_request_v0 id_request_v0 / ε | tlv_success id_response_v0 id_response_v0 id_response_v0]
Nov 25, 2025 3:42:46 PM de.learnlib.logging.LearnLogger logQuery
INFO: [ε | success_and_cryptobinding challenge_v0 id_request_v0 success_request_with_credentials / ε | tlv_success challenge_response_v0 id_response_v0 success_response_v0]
Nov 25, 2025 3:42:48 PM de.learnlib.logging.LearnLogger logQuery
INFO: [ε | success_and_cryptobinding challenge_v0 id_request_v0 4_way_message_1 / ε | tlv_success challenge_response_v0 id_response_v0 4_way_message_2]
Nov 25, 2025 3:42:50 PM de.learnlib.logging.LearnLogger logQuery
INFO: [ε | success_and_cryptobinding challenge_v0 id_request_v0 id_request_v0 / ε | tlv_success challenge_response_v0 id_response_v0 id_response_v0]
Nov 25, 2025 3:42:52 PM de.learnlib.logging.LearnLogger logQuery
INFO: [ε | success_and_cryptobinding tlv_request id_request_v0 success_request_with_credentials / ε | tlv_success tlv_success id_response_v0 no_reply]
Nov 25, 2025 3:42:54 PM de.learnlib.logging.LearnLogger logQuery
INFO: [ε | success_and_cryptobinding tlv_request id_request_v0 4_way_message_1 / ε | tlv_success tlv_success id_response_v0 4_way_message_2]
Nov 25, 2025 3:42:56 PM de.learnlib.logging.LearnLogger logQuery
INFO: [ε | success_and_cryptobinding tlv_request id_request_v0 id_request_v0 / ε | tlv_success tlv_success id_response_v0 id_response_v0]
Nov 25, 2025 3:42:58 PM de.learnlib.logging.LearnLogger logQuery
INFO: [ε | success_and_cryptobinding success_and_cryptobinding id_request_v0 success_request_with_credentials / ε | tlv_success tlv_success id_response_v0 no_reply]
Nov 25, 2025 3:43:00 PM de.learnlib.logging.LearnLogger logQuery
INFO: [ε | success_and_cryptobinding success_and_cryptobinding id_request_v0 4_way_message_1 / ε | tlv_success tlv_success id_response_v0 4_way_message_2]
Nov 25, 2025 3:43:02 PM de.learnlib.logging.LearnLogger logQuery
INFO: [ε | success_and_cryptobinding success_and_cryptobinding id_request_v0 id_request_v0 / ε | tlv_success tlv_success id_response_v0 id_response_v0]
Nov 25, 2025 3:43:05 PM de.learnlib.logging.LearnLogger logQuery
INFO: [ε | success_and_cryptobinding eap_success id_request_v0 success_request_with_credentials / ε | tlv_success after_eap_success id_response_v0 no_reply]
Nov 25, 2025 3:43:07 PM de.learnlib.logging.LearnLogger logQuery
INFO: [ε | success_and_cryptobinding eap_success id_request_v0 4_way_message_1 / ε | tlv_success after_eap_success id_response_v0 4_way_message_2]
Nov 25, 2025 3:43:09 PM de.learnlib.logging.LearnLogger logQuery
INFO: [ε | success_and_cryptobinding eap_success id_request_v0 id_request_v0 / ε | tlv_success after_eap_success id_response_v0 id_response_v0]
Nov 25, 2025 3:43:11 PM de.learnlib.logging.LearnLogger logQuery
INFO: [ε | success_and_cryptobinding id_request_v0 challenge_v0 / ε | tlv_success id_response_v0 challenge_response_v0]
Nov 25, 2025 3:43:13 PM de.learnlib.logging.LearnLogger logQuery
INFO: [ε | success_and_cryptobinding id_request_v0 challenge_v0 success_request_with_credentials / ε | tlv_success id_response_v0 challenge_response_v0 success_response_v0]
Nov 25, 2025 3:43:15 PM de.learnlib.logging.LearnLogger logQuery
INFO: [ε | success_and_cryptobinding id_request_v0 challenge_v0 4_way_message_1 / ε | tlv_success id_response_v0 challenge_response_v0 4_way_message_2]
Nov 25, 2025 3:43:17 PM de.learnlib.logging.LearnLogger logQuery
INFO: [ε | success_and_cryptobinding id_request_v0 challenge_v0 id_request_v0 / ε | tlv_success id_response_v0 challenge_response_v0 id_response_v0]
Nov 25, 2025 3:43:18 PM de.learnlib.logging.LearnLogger logQuery
INFO: [ε | success_and_cryptobinding challenge_v0 challenge_v0 / ε | tlv_success challenge_response_v0 challenge_response_v0]
Nov 25, 2025 3:43:20 PM de.learnlib.logging.LearnLogger logQuery
INFO: [ε | success_and_cryptobinding challenge_v0 challenge_v0 success_request_with_credentials / ε | tlv_success challenge_response_v0 challenge_response_v0 success_response_v0]
Nov 25, 2025 3:43:22 PM de.learnlib.logging.LearnLogger logQuery
INFO: [ε | success_and_cryptobinding challenge_v0 challenge_v0 4_way_message_1 / ε | tlv_success challenge_response_v0 challenge_response_v0 4_way_message_2]
Nov 25, 2025 3:43:24 PM de.learnlib.logging.LearnLogger logQuery
INFO: [ε | success_and_cryptobinding challenge_v0 challenge_v0 id_request_v0 / ε | tlv_success challenge_response_v0 challenge_response_v0 id_response_v0]
Nov 25, 2025 3:43:25 PM de.learnlib.logging.LearnLogger logQuery
INFO: [ε | success_and_cryptobinding tlv_request challenge_v0 / ε | tlv_success tlv_success challenge_response_v0]
Nov 25, 2025 3:43:27 PM de.learnlib.logging.LearnLogger logQuery
INFO: [ε | success_and_cryptobinding tlv_request challenge_v0 success_request_with_credentials / ε | tlv_success tlv_success challenge_response_v0 success_response_v0]
Nov 25, 2025 3:43:29 PM de.learnlib.logging.LearnLogger logQuery
INFO: [ε | success_and_cryptobinding tlv_request challenge_v0 4_way_message_1 / ε | tlv_success tlv_success challenge_response_v0 4_way_message_2]
Nov 25, 2025 3:43:30 PM de.learnlib.logging.LearnLogger logQuery
INFO: [ε | success_and_cryptobinding tlv_request challenge_v0 id_request_v0 / ε | tlv_success tlv_success challenge_response_v0 id_response_v0]
Nov 25, 2025 3:43:32 PM de.learnlib.logging.LearnLogger logQuery
INFO: [ε | success_and_cryptobinding success_and_cryptobinding challenge_v0 / ε | tlv_success tlv_success challenge_response_v0]
Nov 25, 2025 3:43:34 PM de.learnlib.logging.LearnLogger logQuery
INFO: [ε | success_and_cryptobinding success_and_cryptobinding challenge_v0 success_request_with_credentials / ε | tlv_success tlv_success challenge_response_v0 success_response_v0]
Nov 25, 2025 3:43:36 PM de.learnlib.logging.LearnLogger logQuery
INFO: [ε | success_and_cryptobinding success_and_cryptobinding challenge_v0 4_way_message_1 / ε | tlv_success tlv_success challenge_response_v0 4_way_message_2]
Nov 25, 2025 3:43:38 PM de.learnlib.logging.LearnLogger logQuery
INFO: [ε | success_and_cryptobinding success_and_cryptobinding challenge_v0 id_request_v0 / ε | tlv_success tlv_success challenge_response_v0 id_response_v0]
Nov 25, 2025 3:43:40 PM de.learnlib.logging.LearnLogger logQuery
INFO: [ε | success_and_cryptobinding eap_success challenge_v0 / ε | tlv_success after_eap_success challenge_response_v0]
Nov 25, 2025 3:43:42 PM de.learnlib.logging.LearnLogger logQuery
INFO: [ε | success_and_cryptobinding eap_success challenge_v0 success_request_with_credentials / ε | tlv_success after_eap_success challenge_response_v0 success_response_v0]
Nov 25, 2025 3:43:44 PM de.learnlib.logging.LearnLogger logQuery
INFO: [ε | success_and_cryptobinding eap_success challenge_v0 4_way_message_1 / ε | tlv_success after_eap_success challenge_response_v0 4_way_message_2]
Nov 25, 2025 3:43:46 PM de.learnlib.logging.LearnLogger logQuery
INFO: [ε | success_and_cryptobinding eap_success challenge_v0 id_request_v0 / ε | tlv_success after_eap_success challenge_response_v0 id_response_v0]
Nov 25, 2025 3:43:48 PM de.learnlib.logging.LearnLogger logQuery
INFO: [ε | success_and_cryptobinding id_request_v0 tlv_request / ε | tlv_success id_response_v0 tlv_success]
Nov 25, 2025 3:43:50 PM de.learnlib.logging.LearnLogger logQuery
INFO: [ε | success_and_cryptobinding id_request_v0 tlv_request success_request_with_credentials / ε | tlv_success id_response_v0 tlv_success no_reply]
Nov 25, 2025 3:43:52 PM de.learnlib.logging.LearnLogger logQuery
INFO: [ε | success_and_cryptobinding id_request_v0 tlv_request 4_way_message_1 / ε | tlv_success id_response_v0 tlv_success 4_way_message_2]
Nov 25, 2025 3:43:54 PM de.learnlib.logging.LearnLogger logQuery
INFO: [ε | success_and_cryptobinding id_request_v0 tlv_request id_request_v0 / ε | tlv_success id_response_v0 tlv_success id_response_v0]
Nov 25, 2025 3:43:56 PM de.learnlib.logging.LearnLogger logQuery
INFO: [ε | success_and_cryptobinding challenge_v0 tlv_request / ε | tlv_success challenge_response_v0 tlv_success]
Nov 25, 2025 3:43:57 PM de.learnlib.logging.LearnLogger logQuery
INFO: [ε | success_and_cryptobinding challenge_v0 tlv_request success_request_with_credentials / ε | tlv_success challenge_response_v0 tlv_success success_response_v0]
Nov 25, 2025 3:43:59 PM de.learnlib.logging.LearnLogger logQuery
INFO: [ε | success_and_cryptobinding challenge_v0 tlv_request 4_way_message_1 / ε | tlv_success challenge_response_v0 tlv_success 4_way_message_2]
Nov 25, 2025 3:44:01 PM de.learnlib.logging.LearnLogger logQuery
INFO: [ε | success_and_cryptobinding challenge_v0 tlv_request id_request_v0 / ε | tlv_success challenge_response_v0 tlv_success id_response_v0]
Nov 25, 2025 3:44:02 PM de.learnlib.logging.LearnLogger logQuery
INFO: [ε | success_and_cryptobinding tlv_request tlv_request / ε | tlv_success tlv_success tlv_success]
Nov 25, 2025 3:44:05 PM de.learnlib.logging.LearnLogger logQuery
INFO: [ε | success_and_cryptobinding tlv_request tlv_request success_request_with_credentials / ε | tlv_success tlv_success tlv_success no_reply]
Nov 25, 2025 3:44:07 PM de.learnlib.logging.LearnLogger logQuery
INFO: [ε | success_and_cryptobinding tlv_request tlv_request 4_way_message_1 / ε | tlv_success tlv_success tlv_success 4_way_message_2]
Nov 25, 2025 3:44:09 PM de.learnlib.logging.LearnLogger logQuery
INFO: [ε | success_and_cryptobinding tlv_request tlv_request id_request_v0 / ε | tlv_success tlv_success tlv_success id_response_v0]
Nov 25, 2025 3:44:10 PM de.learnlib.logging.LearnLogger logQuery
INFO: [ε | success_and_cryptobinding success_and_cryptobinding tlv_request / ε | tlv_success tlv_success tlv_success]
Nov 25, 2025 3:44:12 PM de.learnlib.logging.LearnLogger logQuery
INFO: [ε | success_and_cryptobinding success_and_cryptobinding tlv_request success_request_with_credentials / ε | tlv_success tlv_success tlv_success no_reply]
Nov 25, 2025 3:44:14 PM de.learnlib.logging.LearnLogger logQuery
INFO: [ε | success_and_cryptobinding success_and_cryptobinding tlv_request 4_way_message_1 / ε | tlv_success tlv_success tlv_success 4_way_message_2]
Nov 25, 2025 3:44:16 PM de.learnlib.logging.LearnLogger logQuery
INFO: [ε | success_and_cryptobinding success_and_cryptobinding tlv_request id_request_v0 / ε | tlv_success tlv_success tlv_success id_response_v0]
Nov 25, 2025 3:44:18 PM de.learnlib.logging.LearnLogger logQuery
INFO: [ε | success_and_cryptobinding eap_success tlv_request / ε | tlv_success after_eap_success tlv_success]
Nov 25, 2025 3:44:21 PM de.learnlib.logging.LearnLogger logQuery
INFO: [ε | success_and_cryptobinding eap_success tlv_request success_request_with_credentials / ε | tlv_success after_eap_success tlv_success no_reply]
Nov 25, 2025 3:44:23 PM de.learnlib.logging.LearnLogger logQuery
INFO: [ε | success_and_cryptobinding eap_success tlv_request 4_way_message_1 / ε | tlv_success after_eap_success tlv_success 4_way_message_2]
Nov 25, 2025 3:44:25 PM de.learnlib.logging.LearnLogger logQuery
INFO: [ε | success_and_cryptobinding eap_success tlv_request id_request_v0 / ε | tlv_success after_eap_success tlv_success id_response_v0]
Nov 25, 2025 3:44:27 PM de.learnlib.logging.LearnLogger logQuery
INFO: [ε | success_and_cryptobinding id_request_v0 tlv_failure / ε | tlv_success id_response_v0 tlv_failure]
Nov 25, 2025 3:44:29 PM de.learnlib.logging.LearnLogger logQuery
INFO: [ε | success_and_cryptobinding challenge_v0 tlv_failure / ε | tlv_success challenge_response_v0 tlv_failure]
Nov 25, 2025 3:44:31 PM de.learnlib.logging.LearnLogger logQuery
INFO: [ε | success_and_cryptobinding tlv_request tlv_failure / ε | tlv_success tlv_success tlv_failure]
Nov 25, 2025 3:44:33 PM de.learnlib.logging.LearnLogger logQuery
INFO: [ε | success_and_cryptobinding success_and_cryptobinding tlv_failure / ε | tlv_success tlv_success tlv_failure]
Nov 25, 2025 3:44:35 PM de.learnlib.logging.LearnLogger logQuery
INFO: [ε | success_and_cryptobinding eap_success tlv_failure / ε | tlv_success after_eap_success tlv_failure]
Nov 25, 2025 3:44:37 PM de.learnlib.logging.LearnLogger logQuery
INFO: [ε | success_and_cryptobinding id_request_v0 success_request_all_zeros / ε | tlv_success id_response_v0 no_reply]
Nov 25, 2025 3:44:40 PM de.learnlib.logging.LearnLogger logQuery
INFO: [ε | success_and_cryptobinding challenge_v0 success_request_all_zeros / ε | tlv_success challenge_response_v0 no_reply]
Nov 25, 2025 3:44:42 PM de.learnlib.logging.LearnLogger logQuery
INFO: [ε | success_and_cryptobinding tlv_request success_request_all_zeros / ε | tlv_success tlv_success no_reply]
Nov 25, 2025 3:44:45 PM de.learnlib.logging.LearnLogger logQuery
INFO: [ε | success_and_cryptobinding success_and_cryptobinding success_request_all_zeros / ε | tlv_success tlv_success no_reply]
Nov 25, 2025 3:44:47 PM de.learnlib.logging.LearnLogger logQuery
INFO: [ε | success_and_cryptobinding eap_success success_request_all_zeros / ε | tlv_success after_eap_success no_reply]
Nov 25, 2025 3:44:49 PM de.learnlib.logging.LearnLogger logQuery
INFO: [ε | success_and_cryptobinding challenge_v0 success_request_with_credentials success_request_with_credentials / ε | tlv_success challenge_response_v0 success_response_v0 success_response_v0]
Nov 25, 2025 3:44:51 PM de.learnlib.logging.LearnLogger logQuery
INFO: [ε | success_and_cryptobinding challenge_v0 success_request_with_credentials 4_way_message_1 / ε | tlv_success challenge_response_v0 success_response_v0 4_way_message_2]
Nov 25, 2025 3:44:53 PM de.learnlib.logging.LearnLogger logQuery
INFO: [ε | success_and_cryptobinding challenge_v0 success_request_with_credentials id_request_v0 / ε | tlv_success challenge_response_v0 success_response_v0 id_response_v0]
Nov 25, 2025 3:44:54 PM de.learnlib.logging.LearnLogger logQuery
INFO: [ε | success_and_cryptobinding id_request_v0 success_and_cryptobinding / ε | tlv_success id_response_v0 tlv_success]
Nov 25, 2025 3:44:57 PM de.learnlib.logging.LearnLogger logQuery
INFO: [ε | success_and_cryptobinding id_request_v0 success_and_cryptobinding success_request_with_credentials / ε | tlv_success id_response_v0 tlv_success no_reply]
Nov 25, 2025 3:44:59 PM de.learnlib.logging.LearnLogger logQuery
INFO: [ε | success_and_cryptobinding id_request_v0 success_and_cryptobinding 4_way_message_1 / ε | tlv_success id_response_v0 tlv_success 4_way_message_2]
Nov 25, 2025 3:45:01 PM de.learnlib.logging.LearnLogger logQuery
INFO: [ε | success_and_cryptobinding id_request_v0 success_and_cryptobinding id_request_v0 / ε | tlv_success id_response_v0 tlv_success id_response_v0]
Nov 25, 2025 3:45:02 PM de.learnlib.logging.LearnLogger logQuery
INFO: [ε | success_and_cryptobinding challenge_v0 success_and_cryptobinding / ε | tlv_success challenge_response_v0 tlv_success]
Nov 25, 2025 3:45:04 PM de.learnlib.logging.LearnLogger logQuery
INFO: [ε | success_and_cryptobinding challenge_v0 success_and_cryptobinding success_request_with_credentials / ε | tlv_success challenge_response_v0 tlv_success success_response_v0]
Nov 25, 2025 3:45:06 PM de.learnlib.logging.LearnLogger logQuery
INFO: [ε | success_and_cryptobinding challenge_v0 success_and_cryptobinding 4_way_message_1 / ε | tlv_success challenge_response_v0 tlv_success 4_way_message_2]
Nov 25, 2025 3:45:08 PM de.learnlib.logging.LearnLogger logQuery
INFO: [ε | success_and_cryptobinding challenge_v0 success_and_cryptobinding id_request_v0 / ε | tlv_success challenge_response_v0 tlv_success id_response_v0]
Nov 25, 2025 3:45:09 PM de.learnlib.logging.LearnLogger logQuery
INFO: [ε | success_and_cryptobinding tlv_request success_and_cryptobinding / ε | tlv_success tlv_success tlv_success]
Nov 25, 2025 3:45:34 PM de.learnlib.logging.LearnLogger logQuery
INFO: [ε | success_and_cryptobinding tlv_request success_and_cryptobinding success_request_with_credentials / ε | tlv_success tlv_success tlv_success no_reply]
Nov 25, 2025 3:45:36 PM de.learnlib.logging.LearnLogger logQuery
INFO: [ε | success_and_cryptobinding tlv_request success_and_cryptobinding 4_way_message_1 / ε | tlv_success tlv_success tlv_success 4_way_message_2]
Nov 25, 2025 3:45:38 PM de.learnlib.logging.LearnLogger logQuery
INFO: [ε | success_and_cryptobinding tlv_request success_and_cryptobinding id_request_v0 / ε | tlv_success tlv_success tlv_success id_response_v0]
Nov 25, 2025 3:45:39 PM de.learnlib.logging.LearnLogger logQuery
INFO: [ε | success_and_cryptobinding success_and_cryptobinding success_and_cryptobinding / ε | tlv_success tlv_success tlv_success]
Nov 25, 2025 3:45:41 PM de.learnlib.logging.LearnLogger logQuery
INFO: [ε | success_and_cryptobinding success_and_cryptobinding success_and_cryptobinding success_request_with_credentials / ε | tlv_success tlv_success tlv_success no_reply]
Nov 25, 2025 3:45:44 PM de.learnlib.logging.LearnLogger logQuery
INFO: [ε | success_and_cryptobinding success_and_cryptobinding success_and_cryptobinding 4_way_message_1 / ε | tlv_success tlv_success tlv_success 4_way_message_2]
Nov 25, 2025 3:45:45 PM de.learnlib.logging.LearnLogger logQuery
INFO: [ε | success_and_cryptobinding success_and_cryptobinding success_and_cryptobinding id_request_v0 / ε | tlv_success tlv_success tlv_success id_response_v0]
Nov 25, 2025 3:45:48 PM de.learnlib.logging.LearnLogger logQuery
INFO: [ε | success_and_cryptobinding eap_success success_and_cryptobinding / ε | tlv_success after_eap_success tlv_success]
Nov 25, 2025 3:45:50 PM de.learnlib.logging.LearnLogger logQuery
INFO: [ε | success_and_cryptobinding eap_success success_and_cryptobinding success_request_with_credentials / ε | tlv_success after_eap_success tlv_success no_reply]
Nov 25, 2025 3:45:52 PM de.learnlib.logging.LearnLogger logQuery
INFO: [ε | success_and_cryptobinding eap_success success_and_cryptobinding 4_way_message_1 / ε | tlv_success after_eap_success tlv_success 4_way_message_2]
Nov 25, 2025 3:45:55 PM de.learnlib.logging.LearnLogger logQuery
INFO: [ε | success_and_cryptobinding eap_success success_and_cryptobinding id_request_v0 / ε | tlv_success after_eap_success tlv_success id_response_v0]
Nov 25, 2025 3:45:57 PM de.learnlib.logging.LearnLogger logQuery
INFO: [ε | success_and_cryptobinding id_request_v0 cryptobinding / ε | tlv_success id_response_v0 no_reply]
Nov 25, 2025 3:45:59 PM de.learnlib.logging.LearnLogger logQuery
INFO: [ε | success_and_cryptobinding challenge_v0 cryptobinding / ε | tlv_success challenge_response_v0 no_reply]
Nov 25, 2025 3:46:01 PM de.learnlib.logging.LearnLogger logQuery
INFO: [ε | success_and_cryptobinding tlv_request cryptobinding / ε | tlv_success tlv_success no_reply]
Nov 25, 2025 3:46:04 PM de.learnlib.logging.LearnLogger logQuery
INFO: [ε | success_and_cryptobinding success_and_cryptobinding cryptobinding / ε | tlv_success tlv_success no_reply]
Nov 25, 2025 3:46:07 PM de.learnlib.logging.LearnLogger logQuery
INFO: [ε | success_and_cryptobinding eap_success cryptobinding / ε | tlv_success after_eap_success no_reply]
Nov 25, 2025 3:46:09 PM de.learnlib.logging.LearnLogger logQuery
INFO: [ε | success_and_cryptobinding id_request_v0 eap_success / ε | tlv_success id_response_v0 after_eap_success]
Nov 25, 2025 3:46:11 PM de.learnlib.logging.LearnLogger logQuery
INFO: [ε | success_and_cryptobinding id_request_v0 eap_success success_request_with_credentials / ε | tlv_success id_response_v0 after_eap_success no_reply]
Nov 25, 2025 3:46:14 PM de.learnlib.logging.LearnLogger logQuery
INFO: [ε | success_and_cryptobinding id_request_v0 eap_success 4_way_message_1 / ε | tlv_success id_response_v0 after_eap_success 4_way_message_2]
Nov 25, 2025 3:46:16 PM de.learnlib.logging.LearnLogger logQuery
INFO: [ε | success_and_cryptobinding id_request_v0 eap_success id_request_v0 / ε | tlv_success id_response_v0 after_eap_success id_response_v0]
Nov 25, 2025 3:46:18 PM de.learnlib.logging.LearnLogger logQuery
INFO: [ε | success_and_cryptobinding challenge_v0 eap_success / ε | tlv_success challenge_response_v0 after_eap_success]
Nov 25, 2025 3:46:20 PM de.learnlib.logging.LearnLogger logQuery
INFO: [ε | success_and_cryptobinding challenge_v0 eap_success success_request_with_credentials / ε | tlv_success challenge_response_v0 after_eap_success success_response_v0]
Nov 25, 2025 3:46:23 PM de.learnlib.logging.LearnLogger logQuery
INFO: [ε | success_and_cryptobinding challenge_v0 eap_success 4_way_message_1 / ε | tlv_success challenge_response_v0 after_eap_success 4_way_message_2]
Nov 25, 2025 3:46:25 PM de.learnlib.logging.LearnLogger logQuery
INFO: [ε | success_and_cryptobinding challenge_v0 eap_success id_request_v0 / ε | tlv_success challenge_response_v0 after_eap_success id_response_v0]
Nov 25, 2025 3:46:27 PM de.learnlib.logging.LearnLogger logQuery
INFO: [ε | success_and_cryptobinding tlv_request eap_success / ε | tlv_success tlv_success after_eap_success]
Nov 25, 2025 3:46:30 PM de.learnlib.logging.LearnLogger logQuery
INFO: [ε | success_and_cryptobinding tlv_request eap_success success_request_with_credentials / ε | tlv_success tlv_success after_eap_success no_reply]
Nov 25, 2025 3:46:32 PM de.learnlib.logging.LearnLogger logQuery
INFO: [ε | success_and_cryptobinding tlv_request eap_success 4_way_message_1 / ε | tlv_success tlv_success after_eap_success 4_way_message_2]
Nov 25, 2025 3:46:34 PM de.learnlib.logging.LearnLogger logQuery
INFO: [ε | success_and_cryptobinding tlv_request eap_success id_request_v0 / ε | tlv_success tlv_success after_eap_success id_response_v0]
Nov 25, 2025 3:46:36 PM de.learnlib.logging.LearnLogger logQuery
INFO: [ε | success_and_cryptobinding success_and_cryptobinding eap_success / ε | tlv_success tlv_success after_eap_success]
Nov 25, 2025 3:46:39 PM de.learnlib.logging.LearnLogger logQuery
INFO: [ε | success_and_cryptobinding success_and_cryptobinding eap_success success_request_with_credentials / ε | tlv_success tlv_success after_eap_success no_reply]
Nov 25, 2025 3:46:41 PM de.learnlib.logging.LearnLogger logQuery
INFO: [ε | success_and_cryptobinding success_and_cryptobinding eap_success 4_way_message_1 / ε | tlv_success tlv_success after_eap_success 4_way_message_2]
Nov 25, 2025 3:46:44 PM de.learnlib.logging.LearnLogger logQuery
INFO: [ε | success_and_cryptobinding success_and_cryptobinding eap_success id_request_v0 / ε | tlv_success tlv_success after_eap_success id_response_v0]
Nov 25, 2025 3:46:46 PM de.learnlib.logging.LearnLogger logQuery
INFO: [ε | success_and_cryptobinding eap_success eap_success / ε | tlv_success after_eap_success after_eap_success]
Nov 25, 2025 3:46:49 PM de.learnlib.logging.LearnLogger logQuery
INFO: [ε | success_and_cryptobinding eap_success eap_success success_request_with_credentials / ε | tlv_success after_eap_success after_eap_success no_reply]
Nov 25, 2025 3:46:52 PM de.learnlib.logging.LearnLogger logQuery
INFO: [ε | success_and_cryptobinding eap_success eap_success 4_way_message_1 / ε | tlv_success after_eap_success after_eap_success 4_way_message_2]
Nov 25, 2025 3:46:55 PM de.learnlib.logging.LearnLogger logQuery
INFO: [ε | success_and_cryptobinding eap_success eap_success id_request_v0 / ε | tlv_success after_eap_success after_eap_success id_response_v0]
Nov 25, 2025 3:46:55 PM de.learnlib.logging.LearnLogger logQuery
INFO: DB CACHE [ε | eap_success eap_success challenge_v0 /  after_eap_success after_eap_success no_reply]
Nov 25, 2025 3:46:55 PM de.learnlib.logging.LearnLogger logQuery
INFO: DB CACHE [ε | eap_success eap_success tlv_request /  after_eap_success after_eap_success no_reply]
Nov 25, 2025 3:46:55 PM de.learnlib.logging.LearnLogger logQuery
INFO: DB CACHE [ε | eap_success eap_success tlv_failure /  after_eap_success after_eap_success no_reply]
Nov 25, 2025 3:46:55 PM de.learnlib.logging.LearnLogger logQuery
INFO: DB CACHE [ε | eap_success eap_success success_request_all_zeros /  after_eap_success after_eap_success no_reply]
Nov 25, 2025 3:46:55 PM de.learnlib.logging.LearnLogger logQuery
INFO: DB CACHE [ε | eap_success eap_success success_and_cryptobinding /  after_eap_success after_eap_success no_reply]
Nov 25, 2025 3:46:55 PM de.learnlib.logging.LearnLogger logQuery
INFO: DB CACHE [ε | eap_success eap_success cryptobinding /  after_eap_success after_eap_success no_reply]
Nov 25, 2025 3:46:55 PM de.learnlib.logging.LearnLogger logQuery
INFO: DB CACHE [ε | eap_success eap_success eap_success /  after_eap_success after_eap_success after_eap_success]
Nov 25, 2025 3:46:59 PM de.learnlib.logging.LearnLogger logQuery
INFO: [ε | eap_success eap_success eap_success success_request_with_credentials / ε | after_eap_success after_eap_success after_eap_success no_reply]
Nov 25, 2025 3:47:02 PM de.learnlib.logging.LearnLogger logQuery
INFO: [ε | eap_success eap_success eap_success 4_way_message_1 / ε | after_eap_success after_eap_success after_eap_success no_reply]
Nov 25, 2025 3:47:06 PM de.learnlib.logging.LearnLogger logQuery
INFO: [ε | eap_success eap_success eap_success id_request_v0 / ε | after_eap_success after_eap_success after_eap_success no_reply]
Nov 25, 2025 3:47:08 PM de.learnlib.logging.LearnLogger logQuery
INFO: [ε | challenge_v0 id_request_v0 id_request_v0 id_request_v0 success_request_with_credentials / ε | challenge_response_v0 id_response_v0 id_response_v0 id_response_v0 success_response_v0]
Nov 25, 2025 3:47:11 PM de.learnlib.logging.LearnLogger logQuery
INFO: [ε | challenge_v0 id_request_v0 id_request_v0 id_request_v0 4_way_message_1 / ε | challenge_response_v0 id_response_v0 id_response_v0 id_response_v0 no_reply]
Nov 25, 2025 3:47:13 PM de.learnlib.logging.LearnLogger logQuery
INFO: [ε | challenge_v0 id_request_v0 id_request_v0 id_request_v0 id_request_v0 / ε | challenge_response_v0 id_response_v0 id_response_v0 id_response_v0 id_response_v0]
Nov 25, 2025 3:47:14 PM de.learnlib.logging.LearnLogger logQuery
INFO: [ε | challenge_v0 id_request_v0 challenge_v0 id_request_v0 success_request_with_credentials / ε | challenge_response_v0 id_response_v0 challenge_response_v0 id_response_v0 success_response_v0]
Nov 25, 2025 3:47:17 PM de.learnlib.logging.LearnLogger logQuery
INFO: [ε | challenge_v0 id_request_v0 challenge_v0 id_request_v0 4_way_message_1 / ε | challenge_response_v0 id_response_v0 challenge_response_v0 id_response_v0 no_reply]
Nov 25, 2025 3:47:19 PM de.learnlib.logging.LearnLogger logQuery
INFO: [ε | challenge_v0 id_request_v0 challenge_v0 id_request_v0 id_request_v0 / ε | challenge_response_v0 id_response_v0 challenge_response_v0 id_response_v0 id_response_v0]
Nov 25, 2025 3:47:20 PM de.learnlib.logging.LearnLogger logQuery
INFO: [ε | challenge_v0 id_request_v0 tlv_request id_request_v0 success_request_with_credentials / ε | challenge_response_v0 id_response_v0 tlv_success id_response_v0 success_response_v0]
Nov 25, 2025 3:47:22 PM de.learnlib.logging.LearnLogger logQuery
INFO: [ε | challenge_v0 id_request_v0 tlv_request id_request_v0 4_way_message_1 / ε | challenge_response_v0 id_response_v0 tlv_success id_response_v0 4_way_message_2]
Nov 25, 2025 3:47:24 PM de.learnlib.logging.LearnLogger logQuery
INFO: [ε | challenge_v0 id_request_v0 tlv_request id_request_v0 id_request_v0 / ε | challenge_response_v0 id_response_v0 tlv_success id_response_v0 id_response_v0]
Nov 25, 2025 3:47:26 PM de.learnlib.logging.LearnLogger logQuery
INFO: [ε | challenge_v0 id_request_v0 success_request_with_credentials id_request_v0 success_request_with_credentials / ε | challenge_response_v0 id_response_v0 success_response_v0 id_response_v0 success_response_v0]
Nov 25, 2025 3:47:28 PM de.learnlib.logging.LearnLogger logQuery
INFO: [ε | challenge_v0 id_request_v0 success_request_with_credentials id_request_v0 4_way_message_1 / ε | challenge_response_v0 id_response_v0 success_response_v0 id_response_v0 4_way_message_2]
Nov 25, 2025 3:47:30 PM de.learnlib.logging.LearnLogger logQuery
INFO: [ε | challenge_v0 id_request_v0 success_request_with_credentials id_request_v0 id_request_v0 / ε | challenge_response_v0 id_response_v0 success_response_v0 id_response_v0 id_response_v0]
Nov 25, 2025 3:47:31 PM de.learnlib.logging.LearnLogger logQuery
INFO: [ε | challenge_v0 id_request_v0 success_and_cryptobinding id_request_v0 success_request_with_credentials / ε | challenge_response_v0 id_response_v0 tlv_success id_response_v0 success_response_v0]
Nov 25, 2025 3:47:33 PM de.learnlib.logging.LearnLogger logQuery
INFO: [ε | challenge_v0 id_request_v0 success_and_cryptobinding id_request_v0 4_way_message_1 / ε | challenge_response_v0 id_response_v0 tlv_success id_response_v0 4_way_message_2]
Nov 25, 2025 3:47:35 PM de.learnlib.logging.LearnLogger logQuery
INFO: [ε | challenge_v0 id_request_v0 success_and_cryptobinding id_request_v0 id_request_v0 / ε | challenge_response_v0 id_response_v0 tlv_success id_response_v0 id_response_v0]
Nov 25, 2025 3:47:37 PM de.learnlib.logging.LearnLogger logQuery
INFO: [ε | challenge_v0 id_request_v0 id_request_v0 challenge_v0 / ε | challenge_response_v0 id_response_v0 id_response_v0 challenge_response_v0]
Nov 25, 2025 3:47:38 PM de.learnlib.logging.LearnLogger logQuery
INFO: [ε | challenge_v0 id_request_v0 id_request_v0 challenge_v0 success_request_with_credentials / ε | challenge_response_v0 id_response_v0 id_response_v0 challenge_response_v0 success_response_v0]
Nov 25, 2025 3:47:41 PM de.learnlib.logging.LearnLogger logQuery
INFO: [ε | challenge_v0 id_request_v0 id_request_v0 challenge_v0 4_way_message_1 / ε | challenge_response_v0 id_response_v0 id_response_v0 challenge_response_v0 no_reply]
Nov 25, 2025 3:47:43 PM de.learnlib.logging.LearnLogger logQuery
INFO: [ε | challenge_v0 id_request_v0 id_request_v0 challenge_v0 id_request_v0 / ε | challenge_response_v0 id_response_v0 id_response_v0 challenge_response_v0 id_response_v0]
Nov 25, 2025 3:47:44 PM de.learnlib.logging.LearnLogger logQuery
INFO: [ε | challenge_v0 id_request_v0 challenge_v0 challenge_v0 / ε | challenge_response_v0 id_response_v0 challenge_response_v0 challenge_response_v0]
Nov 25, 2025 3:47:46 PM de.learnlib.logging.LearnLogger logQuery
INFO: [ε | challenge_v0 id_request_v0 challenge_v0 challenge_v0 success_request_with_credentials / ε | challenge_response_v0 id_response_v0 challenge_response_v0 challenge_response_v0 success_response_v0]
Nov 25, 2025 3:47:48 PM de.learnlib.logging.LearnLogger logQuery
INFO: [ε | challenge_v0 id_request_v0 challenge_v0 challenge_v0 4_way_message_1 / ε | challenge_response_v0 id_response_v0 challenge_response_v0 challenge_response_v0 no_reply]
Nov 25, 2025 3:47:50 PM de.learnlib.logging.LearnLogger logQuery
INFO: [ε | challenge_v0 id_request_v0 challenge_v0 challenge_v0 id_request_v0 / ε | challenge_response_v0 id_response_v0 challenge_response_v0 challenge_response_v0 id_response_v0]
Nov 25, 2025 3:47:52 PM de.learnlib.logging.LearnLogger logQuery
INFO: [ε | challenge_v0 id_request_v0 tlv_request challenge_v0 / ε | challenge_response_v0 id_response_v0 tlv_success challenge_response_v0]
Nov 25, 2025 3:47:54 PM de.learnlib.logging.LearnLogger logQuery
INFO: [ε | challenge_v0 id_request_v0 tlv_request challenge_v0 success_request_with_credentials / ε | challenge_response_v0 id_response_v0 tlv_success challenge_response_v0 success_response_v0]
Nov 25, 2025 3:47:55 PM de.learnlib.logging.LearnLogger logQuery
INFO: [ε | challenge_v0 id_request_v0 tlv_request challenge_v0 4_way_message_1 / ε | challenge_response_v0 id_response_v0 tlv_success challenge_response_v0 4_way_message_2]
Nov 25, 2025 3:47:57 PM de.learnlib.logging.LearnLogger logQuery
INFO: [ε | challenge_v0 id_request_v0 tlv_request challenge_v0 id_request_v0 / ε | challenge_response_v0 id_response_v0 tlv_success challenge_response_v0 id_response_v0]
Nov 25, 2025 3:47:59 PM de.learnlib.logging.LearnLogger logQuery
INFO: [ε | challenge_v0 id_request_v0 success_request_with_credentials challenge_v0 / ε | challenge_response_v0 id_response_v0 success_response_v0 challenge_response_v0]
Nov 25, 2025 3:48:01 PM de.learnlib.logging.LearnLogger logQuery
INFO: [ε | challenge_v0 id_request_v0 success_request_with_credentials challenge_v0 success_request_with_credentials / ε | challenge_response_v0 id_response_v0 success_response_v0 challenge_response_v0 success_response_v0]
Nov 25, 2025 3:48:03 PM de.learnlib.logging.LearnLogger logQuery
INFO: [ε | challenge_v0 id_request_v0 success_request_with_credentials challenge_v0 4_way_message_1 / ε | challenge_response_v0 id_response_v0 success_response_v0 challenge_response_v0 4_way_message_2]
Nov 25, 2025 3:48:04 PM de.learnlib.logging.LearnLogger logQuery
INFO: [ε | challenge_v0 id_request_v0 success_request_with_credentials challenge_v0 id_request_v0 / ε | challenge_response_v0 id_response_v0 success_response_v0 challenge_response_v0 id_response_v0]
Nov 25, 2025 3:48:06 PM de.learnlib.logging.LearnLogger logQuery
INFO: [ε | challenge_v0 id_request_v0 success_and_cryptobinding challenge_v0 / ε | challenge_response_v0 id_response_v0 tlv_success challenge_response_v0]
Nov 25, 2025 3:48:08 PM de.learnlib.logging.LearnLogger logQuery
INFO: [ε | challenge_v0 id_request_v0 success_and_cryptobinding challenge_v0 success_request_with_credentials / ε | challenge_response_v0 id_response_v0 tlv_success challenge_response_v0 success_response_v0]
Nov 25, 2025 3:48:09 PM de.learnlib.logging.LearnLogger logQuery
INFO: [ε | challenge_v0 id_request_v0 success_and_cryptobinding challenge_v0 4_way_message_1 / ε | challenge_response_v0 id_response_v0 tlv_success challenge_response_v0 4_way_message_2]
Nov 25, 2025 3:48:11 PM de.learnlib.logging.LearnLogger logQuery
INFO: [ε | challenge_v0 id_request_v0 success_and_cryptobinding challenge_v0 id_request_v0 / ε | challenge_response_v0 id_response_v0 tlv_success challenge_response_v0 id_response_v0]
Nov 25, 2025 3:48:14 PM de.learnlib.logging.LearnLogger logQuery
INFO: [ε | challenge_v0 id_request_v0 eap_success challenge_v0 / ε | challenge_response_v0 id_response_v0 after_eap_success no_reply]
Nov 25, 2025 3:48:16 PM de.learnlib.logging.LearnLogger logQuery
INFO: [ε | challenge_v0 id_request_v0 id_request_v0 tlv_request / ε | challenge_response_v0 id_response_v0 id_response_v0 tlv_success]
Nov 25, 2025 3:48:18 PM de.learnlib.logging.LearnLogger logQuery
INFO: [ε | challenge_v0 id_request_v0 id_request_v0 tlv_request success_request_with_credentials / ε | challenge_response_v0 id_response_v0 id_response_v0 tlv_success success_response_v0]
Nov 25, 2025 3:48:20 PM de.learnlib.logging.LearnLogger logQuery
INFO: [ε | challenge_v0 id_request_v0 id_request_v0 tlv_request 4_way_message_1 / ε | challenge_response_v0 id_response_v0 id_response_v0 tlv_success 4_way_message_2]
Nov 25, 2025 3:48:21 PM de.learnlib.logging.LearnLogger logQuery
INFO: [ε | challenge_v0 id_request_v0 id_request_v0 tlv_request id_request_v0 / ε | challenge_response_v0 id_response_v0 id_response_v0 tlv_success id_response_v0]
Nov 25, 2025 3:48:23 PM de.learnlib.logging.LearnLogger logQuery
INFO: [ε | challenge_v0 id_request_v0 challenge_v0 tlv_request / ε | challenge_response_v0 id_response_v0 challenge_response_v0 tlv_success]
Nov 25, 2025 3:48:25 PM de.learnlib.logging.LearnLogger logQuery
INFO: [ε | challenge_v0 id_request_v0 challenge_v0 tlv_request success_request_with_credentials / ε | challenge_response_v0 id_response_v0 challenge_response_v0 tlv_success success_response_v0]
Nov 25, 2025 3:48:27 PM de.learnlib.logging.LearnLogger logQuery
INFO: [ε | challenge_v0 id_request_v0 challenge_v0 tlv_request 4_way_message_1 / ε | challenge_response_v0 id_response_v0 challenge_response_v0 tlv_success 4_way_message_2]
Nov 25, 2025 3:48:29 PM de.learnlib.logging.LearnLogger logQuery
INFO: [ε | challenge_v0 id_request_v0 challenge_v0 tlv_request id_request_v0 / ε | challenge_response_v0 id_response_v0 challenge_response_v0 tlv_success id_response_v0]
Nov 25, 2025 3:48:30 PM de.learnlib.logging.LearnLogger logQuery
INFO: [ε | challenge_v0 id_request_v0 tlv_request tlv_request / ε | challenge_response_v0 id_response_v0 tlv_success tlv_success]
Nov 25, 2025 3:48:32 PM de.learnlib.logging.LearnLogger logQuery
INFO: [ε | challenge_v0 id_request_v0 tlv_request tlv_request success_request_with_credentials / ε | challenge_response_v0 id_response_v0 tlv_success tlv_success success_response_v0]
Nov 25, 2025 3:48:34 PM de.learnlib.logging.LearnLogger logQuery
INFO: [ε | challenge_v0 id_request_v0 tlv_request tlv_request 4_way_message_1 / ε | challenge_response_v0 id_response_v0 tlv_success tlv_success 4_way_message_2]
Nov 25, 2025 3:48:36 PM de.learnlib.logging.LearnLogger logQuery
INFO: [ε | challenge_v0 id_request_v0 tlv_request tlv_request id_request_v0 / ε | challenge_response_v0 id_response_v0 tlv_success tlv_success id_response_v0]
Nov 25, 2025 3:48:37 PM de.learnlib.logging.LearnLogger logQuery
INFO: [ε | challenge_v0 id_request_v0 success_request_with_credentials tlv_request / ε | challenge_response_v0 id_response_v0 success_response_v0 tlv_success]
Nov 25, 2025 3:48:39 PM de.learnlib.logging.LearnLogger logQuery
INFO: [ε | challenge_v0 id_request_v0 success_request_with_credentials tlv_request success_request_with_credentials / ε | challenge_response_v0 id_response_v0 success_response_v0 tlv_success success_response_v0]
Nov 25, 2025 3:48:41 PM de.learnlib.logging.LearnLogger logQuery
INFO: [ε | challenge_v0 id_request_v0 success_request_with_credentials tlv_request 4_way_message_1 / ε | challenge_response_v0 id_response_v0 success_response_v0 tlv_success 4_way_message_2]
Nov 25, 2025 3:48:43 PM de.learnlib.logging.LearnLogger logQuery
INFO: [ε | challenge_v0 id_request_v0 success_request_with_credentials tlv_request id_request_v0 / ε | challenge_response_v0 id_response_v0 success_response_v0 tlv_success id_response_v0]
Nov 25, 2025 3:48:44 PM de.learnlib.logging.LearnLogger logQuery
INFO: [ε | challenge_v0 id_request_v0 success_and_cryptobinding tlv_request / ε | challenge_response_v0 id_response_v0 tlv_success tlv_success]
Nov 25, 2025 3:48:46 PM de.learnlib.logging.LearnLogger logQuery
INFO: [ε | challenge_v0 id_request_v0 success_and_cryptobinding tlv_request success_request_with_credentials / ε | challenge_response_v0 id_response_v0 tlv_success tlv_success success_response_v0]
Nov 25, 2025 3:48:48 PM de.learnlib.logging.LearnLogger logQuery
INFO: [ε | challenge_v0 id_request_v0 success_and_cryptobinding tlv_request 4_way_message_1 / ε | challenge_response_v0 id_response_v0 tlv_success tlv_success 4_way_message_2]
Nov 25, 2025 3:48:50 PM de.learnlib.logging.LearnLogger logQuery
INFO: [ε | challenge_v0 id_request_v0 success_and_cryptobinding tlv_request id_request_v0 / ε | challenge_response_v0 id_response_v0 tlv_success tlv_success id_response_v0]
Nov 25, 2025 3:48:53 PM de.learnlib.logging.LearnLogger logQuery
INFO: [ε | challenge_v0 id_request_v0 eap_success tlv_request / ε | challenge_response_v0 id_response_v0 after_eap_success no_reply]
Nov 25, 2025 3:48:55 PM de.learnlib.logging.LearnLogger logQuery
INFO: [ε | challenge_v0 id_request_v0 id_request_v0 tlv_failure / ε | challenge_response_v0 id_response_v0 id_response_v0 tlv_failure]
Nov 25, 2025 3:48:56 PM de.learnlib.logging.LearnLogger logQuery
INFO: [ε | challenge_v0 id_request_v0 challenge_v0 tlv_failure / ε | challenge_response_v0 id_response_v0 challenge_response_v0 tlv_failure]
Nov 25, 2025 3:48:58 PM de.learnlib.logging.LearnLogger logQuery
INFO: [ε | challenge_v0 id_request_v0 tlv_request tlv_failure / ε | challenge_response_v0 id_response_v0 tlv_success tlv_failure]
Nov 25, 2025 3:49:00 PM de.learnlib.logging.LearnLogger logQuery
INFO: [ε | challenge_v0 id_request_v0 success_request_with_credentials tlv_failure / ε | challenge_response_v0 id_response_v0 success_response_v0 tlv_failure]
Nov 25, 2025 3:49:02 PM de.learnlib.logging.LearnLogger logQuery
INFO: [ε | challenge_v0 id_request_v0 success_and_cryptobinding tlv_failure / ε | challenge_response_v0 id_response_v0 tlv_success tlv_failure]
Nov 25, 2025 3:49:05 PM de.learnlib.logging.LearnLogger logQuery
INFO: [ε | challenge_v0 id_request_v0 eap_success tlv_failure / ε | challenge_response_v0 id_response_v0 after_eap_success no_reply]
Nov 25, 2025 3:49:08 PM de.learnlib.logging.LearnLogger logQuery
INFO: [ε | challenge_v0 id_request_v0 id_request_v0 success_request_all_zeros / ε | challenge_response_v0 id_response_v0 id_response_v0 no_reply]
Nov 25, 2025 3:49:10 PM de.learnlib.logging.LearnLogger logQuery
INFO: [ε | challenge_v0 id_request_v0 challenge_v0 success_request_all_zeros / ε | challenge_response_v0 id_response_v0 challenge_response_v0 no_reply]
Nov 25, 2025 3:49:12 PM de.learnlib.logging.LearnLogger logQuery
INFO: [ε | challenge_v0 id_request_v0 tlv_request success_request_all_zeros / ε | challenge_response_v0 id_response_v0 tlv_success no_reply]
Nov 25, 2025 3:49:15 PM de.learnlib.logging.LearnLogger logQuery
INFO: [ε | challenge_v0 id_request_v0 success_request_with_credentials success_request_all_zeros / ε | challenge_response_v0 id_response_v0 success_response_v0 no_reply]
Nov 25, 2025 3:49:17 PM de.learnlib.logging.LearnLogger logQuery
INFO: [ε | challenge_v0 id_request_v0 success_and_cryptobinding success_request_all_zeros / ε | challenge_response_v0 id_response_v0 tlv_success no_reply]
Nov 25, 2025 3:49:20 PM de.learnlib.logging.LearnLogger logQuery
INFO: [ε | challenge_v0 id_request_v0 eap_success success_request_all_zeros / ε | challenge_response_v0 id_response_v0 after_eap_success no_reply]
Nov 25, 2025 3:49:22 PM de.learnlib.logging.LearnLogger logQuery
INFO: [ε | challenge_v0 id_request_v0 id_request_v0 success_request_with_credentials success_request_with_credentials / ε | challenge_response_v0 id_response_v0 id_response_v0 success_response_v0 success_response_v0]
Nov 25, 2025 3:49:24 PM de.learnlib.logging.LearnLogger logQuery
INFO: [ε | challenge_v0 id_request_v0 id_request_v0 success_request_with_credentials 4_way_message_1 / ε | challenge_response_v0 id_response_v0 id_response_v0 success_response_v0 4_way_message_2]
Nov 25, 2025 3:49:26 PM de.learnlib.logging.LearnLogger logQuery
INFO: [ε | challenge_v0 id_request_v0 id_request_v0 success_request_with_credentials id_request_v0 / ε | challenge_response_v0 id_response_v0 id_response_v0 success_response_v0 id_response_v0]
Nov 25, 2025 3:49:27 PM de.learnlib.logging.LearnLogger logQuery
INFO: [ε | challenge_v0 id_request_v0 challenge_v0 success_request_with_credentials success_request_with_credentials / ε | challenge_response_v0 id_response_v0 challenge_response_v0 success_response_v0 success_response_v0]
Nov 25, 2025 3:49:29 PM de.learnlib.logging.LearnLogger logQuery
INFO: [ε | challenge_v0 id_request_v0 challenge_v0 success_request_with_credentials 4_way_message_1 / ε | challenge_response_v0 id_response_v0 challenge_response_v0 success_response_v0 4_way_message_2]
Nov 25, 2025 3:49:31 PM de.learnlib.logging.LearnLogger logQuery
INFO: [ε | challenge_v0 id_request_v0 challenge_v0 success_request_with_credentials id_request_v0 / ε | challenge_response_v0 id_response_v0 challenge_response_v0 success_response_v0 id_response_v0]
Nov 25, 2025 3:49:33 PM de.learnlib.logging.LearnLogger logQuery
INFO: [ε | challenge_v0 id_request_v0 tlv_request success_request_with_credentials success_request_with_credentials / ε | challenge_response_v0 id_response_v0 tlv_success success_response_v0 success_response_v0]
Nov 25, 2025 3:49:35 PM de.learnlib.logging.LearnLogger logQuery
INFO: [ε | challenge_v0 id_request_v0 tlv_request success_request_with_credentials 4_way_message_1 / ε | challenge_response_v0 id_response_v0 tlv_success success_response_v0 4_way_message_2]
Nov 25, 2025 3:49:37 PM de.learnlib.logging.LearnLogger logQuery
INFO: [ε | challenge_v0 id_request_v0 tlv_request success_request_with_credentials id_request_v0 / ε | challenge_response_v0 id_response_v0 tlv_success success_response_v0 id_response_v0]
Nov 25, 2025 3:49:39 PM de.learnlib.logging.LearnLogger logQuery
INFO: [ε | challenge_v0 id_request_v0 success_request_with_credentials success_request_with_credentials success_request_with_credentials / ε | challenge_response_v0 id_response_v0 success_response_v0 success_response_v0 success_response_v0]
Nov 25, 2025 3:49:40 PM de.learnlib.logging.LearnLogger logQuery
INFO: [ε | challenge_v0 id_request_v0 success_request_with_credentials success_request_with_credentials 4_way_message_1 / ε | challenge_response_v0 id_response_v0 success_response_v0 success_response_v0 4_way_message_2]
Nov 25, 2025 3:49:42 PM de.learnlib.logging.LearnLogger logQuery
INFO: [ε | challenge_v0 id_request_v0 success_request_with_credentials success_request_with_credentials id_request_v0 / ε | challenge_response_v0 id_response_v0 success_response_v0 success_response_v0 id_response_v0]
Nov 25, 2025 3:49:44 PM de.learnlib.logging.LearnLogger logQuery
INFO: [ε | challenge_v0 id_request_v0 success_and_cryptobinding success_request_with_credentials success_request_with_credentials / ε | challenge_response_v0 id_response_v0 tlv_success success_response_v0 success_response_v0]
Nov 25, 2025 3:49:46 PM de.learnlib.logging.LearnLogger logQuery
INFO: [ε | challenge_v0 id_request_v0 success_and_cryptobinding success_request_with_credentials 4_way_message_1 / ε | challenge_response_v0 id_response_v0 tlv_success success_response_v0 4_way_message_2]
Nov 25, 2025 3:49:48 PM de.learnlib.logging.LearnLogger logQuery
INFO: [ε | challenge_v0 id_request_v0 success_and_cryptobinding success_request_with_credentials id_request_v0 / ε | challenge_response_v0 id_response_v0 tlv_success success_response_v0 id_response_v0]
Nov 25, 2025 3:49:49 PM de.learnlib.logging.LearnLogger logQuery
INFO: [ε | challenge_v0 id_request_v0 id_request_v0 success_and_cryptobinding / ε | challenge_response_v0 id_response_v0 id_response_v0 tlv_success]
Nov 25, 2025 3:49:51 PM de.learnlib.logging.LearnLogger logQuery
INFO: [ε | challenge_v0 id_request_v0 id_request_v0 success_and_cryptobinding success_request_with_credentials / ε | challenge_response_v0 id_response_v0 id_response_v0 tlv_success success_response_v0]
Nov 25, 2025 3:49:53 PM de.learnlib.logging.LearnLogger logQuery
INFO: [ε | challenge_v0 id_request_v0 id_request_v0 success_and_cryptobinding 4_way_message_1 / ε | challenge_response_v0 id_response_v0 id_response_v0 tlv_success 4_way_message_2]
Nov 25, 2025 3:49:55 PM de.learnlib.logging.LearnLogger logQuery
INFO: [ε | challenge_v0 id_request_v0 id_request_v0 success_and_cryptobinding id_request_v0 / ε | challenge_response_v0 id_response_v0 id_response_v0 tlv_success id_response_v0]
Nov 25, 2025 3:49:57 PM de.learnlib.logging.LearnLogger logQuery
INFO: [ε | challenge_v0 id_request_v0 challenge_v0 success_and_cryptobinding / ε | challenge_response_v0 id_response_v0 challenge_response_v0 tlv_success]
Nov 25, 2025 3:49:58 PM de.learnlib.logging.LearnLogger logQuery
INFO: [ε | challenge_v0 id_request_v0 challenge_v0 success_and_cryptobinding success_request_with_credentials / ε | challenge_response_v0 id_response_v0 challenge_response_v0 tlv_success success_response_v0]
Nov 25, 2025 3:50:00 PM de.learnlib.logging.LearnLogger logQuery
INFO: [ε | challenge_v0 id_request_v0 challenge_v0 success_and_cryptobinding 4_way_message_1 / ε | challenge_response_v0 id_response_v0 challenge_response_v0 tlv_success 4_way_message_2]
Nov 25, 2025 3:50:02 PM de.learnlib.logging.LearnLogger logQuery
INFO: [ε | challenge_v0 id_request_v0 challenge_v0 success_and_cryptobinding id_request_v0 / ε | challenge_response_v0 id_response_v0 challenge_response_v0 tlv_success id_response_v0]
Nov 25, 2025 3:50:03 PM de.learnlib.logging.LearnLogger logQuery
INFO: [ε | challenge_v0 id_request_v0 tlv_request success_and_cryptobinding / ε | challenge_response_v0 id_response_v0 tlv_success tlv_success]
Nov 25, 2025 3:50:05 PM de.learnlib.logging.LearnLogger logQuery
INFO: [ε | challenge_v0 id_request_v0 tlv_request success_and_cryptobinding success_request_with_credentials / ε | challenge_response_v0 id_response_v0 tlv_success tlv_success success_response_v0]
Nov 25, 2025 3:50:07 PM de.learnlib.logging.LearnLogger logQuery
INFO: [ε | challenge_v0 id_request_v0 tlv_request success_and_cryptobinding 4_way_message_1 / ε | challenge_response_v0 id_response_v0 tlv_success tlv_success 4_way_message_2]
Nov 25, 2025 3:50:09 PM de.learnlib.logging.LearnLogger logQuery
INFO: [ε | challenge_v0 id_request_v0 tlv_request success_and_cryptobinding id_request_v0 / ε | challenge_response_v0 id_response_v0 tlv_success tlv_success id_response_v0]
Nov 25, 2025 3:50:11 PM de.learnlib.logging.LearnLogger logQuery
INFO: [ε | challenge_v0 id_request_v0 success_request_with_credentials success_and_cryptobinding / ε | challenge_response_v0 id_response_v0 success_response_v0 tlv_success]
Nov 25, 2025 3:50:12 PM de.learnlib.logging.LearnLogger logQuery
INFO: [ε | challenge_v0 id_request_v0 success_request_with_credentials success_and_cryptobinding success_request_with_credentials / ε | challenge_response_v0 id_response_v0 success_response_v0 tlv_success success_response_v0]
Nov 25, 2025 3:50:14 PM de.learnlib.logging.LearnLogger logQuery
INFO: [ε | challenge_v0 id_request_v0 success_request_with_credentials success_and_cryptobinding 4_way_message_1 / ε | challenge_response_v0 id_response_v0 success_response_v0 tlv_success 4_way_message_2]
Nov 25, 2025 3:50:16 PM de.learnlib.logging.LearnLogger logQuery
INFO: [ε | challenge_v0 id_request_v0 success_request_with_credentials success_and_cryptobinding id_request_v0 / ε | challenge_response_v0 id_response_v0 success_response_v0 tlv_success id_response_v0]
Nov 25, 2025 3:50:18 PM de.learnlib.logging.LearnLogger logQuery
INFO: [ε | challenge_v0 id_request_v0 success_and_cryptobinding success_and_cryptobinding / ε | challenge_response_v0 id_response_v0 tlv_success tlv_success]
Nov 25, 2025 3:50:19 PM de.learnlib.logging.LearnLogger logQuery
INFO: [ε | challenge_v0 id_request_v0 success_and_cryptobinding success_and_cryptobinding success_request_with_credentials / ε | challenge_response_v0 id_response_v0 tlv_success tlv_success success_response_v0]
Nov 25, 2025 3:50:21 PM de.learnlib.logging.LearnLogger logQuery
INFO: [ε | challenge_v0 id_request_v0 success_and_cryptobinding success_and_cryptobinding 4_way_message_1 / ε | challenge_response_v0 id_response_v0 tlv_success tlv_success 4_way_message_2]
Nov 25, 2025 3:50:23 PM de.learnlib.logging.LearnLogger logQuery
INFO: [ε | challenge_v0 id_request_v0 success_and_cryptobinding success_and_cryptobinding id_request_v0 / ε | challenge_response_v0 id_response_v0 tlv_success tlv_success id_response_v0]
Nov 25, 2025 3:50:26 PM de.learnlib.logging.LearnLogger logQuery
INFO: [ε | challenge_v0 id_request_v0 eap_success success_and_cryptobinding / ε | challenge_response_v0 id_response_v0 after_eap_success no_reply]
Nov 25, 2025 3:50:28 PM de.learnlib.logging.LearnLogger logQuery
INFO: [ε | challenge_v0 id_request_v0 id_request_v0 cryptobinding / ε | challenge_response_v0 id_response_v0 id_response_v0 no_reply]
Nov 25, 2025 3:50:31 PM de.learnlib.logging.LearnLogger logQuery
INFO: [ε | challenge_v0 id_request_v0 challenge_v0 cryptobinding / ε | challenge_response_v0 id_response_v0 challenge_response_v0 no_reply]
Nov 25, 2025 3:50:33 PM de.learnlib.logging.LearnLogger logQuery
INFO: [ε | challenge_v0 id_request_v0 tlv_request cryptobinding / ε | challenge_response_v0 id_response_v0 tlv_success no_reply]
Nov 25, 2025 3:50:36 PM de.learnlib.logging.LearnLogger logQuery
INFO: [ε | challenge_v0 id_request_v0 success_request_with_credentials cryptobinding / ε | challenge_response_v0 id_response_v0 success_response_v0 no_reply]
Nov 25, 2025 3:50:38 PM de.learnlib.logging.LearnLogger logQuery
INFO: [ε | challenge_v0 id_request_v0 success_and_cryptobinding cryptobinding / ε | challenge_response_v0 id_response_v0 tlv_success no_reply]
Nov 25, 2025 3:50:41 PM de.learnlib.logging.LearnLogger logQuery
INFO: [ε | challenge_v0 id_request_v0 eap_success cryptobinding / ε | challenge_response_v0 id_response_v0 after_eap_success no_reply]
Nov 25, 2025 3:50:44 PM de.learnlib.logging.LearnLogger logQuery
INFO: [ε | challenge_v0 id_request_v0 id_request_v0 eap_success / ε | challenge_response_v0 id_response_v0 id_response_v0 after_eap_success]
Nov 25, 2025 3:50:46 PM de.learnlib.logging.LearnLogger logQuery
INFO: [ε | challenge_v0 id_request_v0 id_request_v0 eap_success success_request_with_credentials / ε | challenge_response_v0 id_response_v0 id_response_v0 after_eap_success no_reply]
Nov 25, 2025 3:50:49 PM de.learnlib.logging.LearnLogger logQuery
INFO: [ε | challenge_v0 id_request_v0 id_request_v0 eap_success 4_way_message_1 / ε | challenge_response_v0 id_response_v0 id_response_v0 after_eap_success no_reply]
Nov 25, 2025 3:50:52 PM de.learnlib.logging.LearnLogger logQuery
INFO: [ε | challenge_v0 id_request_v0 id_request_v0 eap_success id_request_v0 / ε | challenge_response_v0 id_response_v0 id_response_v0 after_eap_success no_reply]
Nov 25, 2025 3:50:55 PM de.learnlib.logging.LearnLogger logQuery
INFO: [ε | challenge_v0 id_request_v0 challenge_v0 eap_success / ε | challenge_response_v0 id_response_v0 challenge_response_v0 after_eap_success]
Nov 25, 2025 3:50:58 PM de.learnlib.logging.LearnLogger logQuery
INFO: [ε | challenge_v0 id_request_v0 challenge_v0 eap_success success_request_with_credentials / ε | challenge_response_v0 id_response_v0 challenge_response_v0 after_eap_success no_reply]
Nov 25, 2025 3:51:01 PM de.learnlib.logging.LearnLogger logQuery
INFO: [ε | challenge_v0 id_request_v0 challenge_v0 eap_success 4_way_message_1 / ε | challenge_response_v0 id_response_v0 challenge_response_v0 after_eap_success no_reply]
Nov 25, 2025 3:51:04 PM de.learnlib.logging.LearnLogger logQuery
INFO: [ε | challenge_v0 id_request_v0 challenge_v0 eap_success id_request_v0 / ε | challenge_response_v0 id_response_v0 challenge_response_v0 after_eap_success no_reply]
Nov 25, 2025 3:51:06 PM de.learnlib.logging.LearnLogger logQuery
INFO: [ε | challenge_v0 id_request_v0 tlv_request eap_success / ε | challenge_response_v0 id_response_v0 tlv_success after_eap_success]
Nov 25, 2025 3:51:08 PM de.learnlib.logging.LearnLogger logQuery
INFO: [ε | challenge_v0 id_request_v0 tlv_request eap_success success_request_with_credentials / ε | challenge_response_v0 id_response_v0 tlv_success after_eap_success success_response_v0]
Nov 25, 2025 3:51:10 PM de.learnlib.logging.LearnLogger logQuery
INFO: [ε | challenge_v0 id_request_v0 tlv_request eap_success 4_way_message_1 / ε | challenge_response_v0 id_response_v0 tlv_success after_eap_success 4_way_message_2]
Nov 25, 2025 3:51:13 PM de.learnlib.logging.LearnLogger logQuery
INFO: [ε | challenge_v0 id_request_v0 tlv_request eap_success id_request_v0 / ε | challenge_response_v0 id_response_v0 tlv_success after_eap_success id_response_v0]
Nov 25, 2025 3:51:15 PM de.learnlib.logging.LearnLogger logQuery
INFO: [ε | challenge_v0 id_request_v0 success_request_with_credentials eap_success / ε | challenge_response_v0 id_response_v0 success_response_v0 after_eap_success]
Nov 25, 2025 3:51:17 PM de.learnlib.logging.LearnLogger logQuery
INFO: [ε | challenge_v0 id_request_v0 success_request_with_credentials eap_success success_request_with_credentials / ε | challenge_response_v0 id_response_v0 success_response_v0 after_eap_success success_response_v0]
Nov 25, 2025 3:51:19 PM de.learnlib.logging.LearnLogger logQuery
INFO: [ε | challenge_v0 id_request_v0 success_request_with_credentials eap_success 4_way_message_1 / ε | challenge_response_v0 id_response_v0 success_response_v0 after_eap_success 4_way_message_2]
Nov 25, 2025 3:51:21 PM de.learnlib.logging.LearnLogger logQuery
INFO: [ε | challenge_v0 id_request_v0 success_request_with_credentials eap_success id_request_v0 / ε | challenge_response_v0 id_response_v0 success_response_v0 after_eap_success id_response_v0]
Nov 25, 2025 3:51:24 PM de.learnlib.logging.LearnLogger logQuery
INFO: [ε | challenge_v0 id_request_v0 success_and_cryptobinding eap_success / ε | challenge_response_v0 id_response_v0 tlv_success after_eap_success]
Nov 25, 2025 3:51:26 PM de.learnlib.logging.LearnLogger logQuery
INFO: [ε | challenge_v0 id_request_v0 success_and_cryptobinding eap_success success_request_with_credentials / ε | challenge_response_v0 id_response_v0 tlv_success after_eap_success success_response_v0]
Nov 25, 2025 3:51:28 PM de.learnlib.logging.LearnLogger logQuery
INFO: [ε | challenge_v0 id_request_v0 success_and_cryptobinding eap_success 4_way_message_1 / ε | challenge_response_v0 id_response_v0 tlv_success after_eap_success 4_way_message_2]
Nov 25, 2025 3:51:30 PM de.learnlib.logging.LearnLogger logQuery
INFO: [ε | challenge_v0 id_request_v0 success_and_cryptobinding eap_success id_request_v0 / ε | challenge_response_v0 id_response_v0 tlv_success after_eap_success id_response_v0]
Nov 25, 2025 3:51:33 PM de.learnlib.logging.LearnLogger logQuery
INFO: [ε | challenge_v0 id_request_v0 eap_success eap_success / ε | challenge_response_v0 id_response_v0 after_eap_success after_eap_success]
Nov 25, 2025 3:51:36 PM de.learnlib.logging.LearnLogger logQuery
INFO: [ε | challenge_v0 id_request_v0 eap_success eap_success success_request_with_credentials / ε | challenge_response_v0 id_response_v0 after_eap_success after_eap_success no_reply]
Nov 25, 2025 3:51:40 PM de.learnlib.logging.LearnLogger logQuery
INFO: [ε | challenge_v0 id_request_v0 eap_success eap_success 4_way_message_1 / ε | challenge_response_v0 id_response_v0 after_eap_success after_eap_success no_reply]
Nov 25, 2025 3:51:43 PM de.learnlib.logging.LearnLogger logQuery
INFO: [ε | challenge_v0 id_request_v0 eap_success eap_success id_request_v0 / ε | challenge_response_v0 id_response_v0 after_eap_success after_eap_success no_reply]
Nov 25, 2025 3:51:45 PM de.learnlib.logging.LearnLogger logQuery
INFO: [ε | challenge_v0 challenge_v0 id_request_v0 id_request_v0 success_request_with_credentials / ε | challenge_response_v0 challenge_response_v0 id_response_v0 id_response_v0 success_response_v0]
Nov 25, 2025 3:51:47 PM de.learnlib.logging.LearnLogger logQuery
INFO: [ε | challenge_v0 challenge_v0 id_request_v0 id_request_v0 4_way_message_1 / ε | challenge_response_v0 challenge_response_v0 id_response_v0 id_response_v0 no_reply]
Nov 25, 2025 3:51:49 PM de.learnlib.logging.LearnLogger logQuery
INFO: [ε | challenge_v0 challenge_v0 id_request_v0 id_request_v0 id_request_v0 / ε | challenge_response_v0 challenge_response_v0 id_response_v0 id_response_v0 id_response_v0]
Nov 25, 2025 3:51:51 PM de.learnlib.logging.LearnLogger logQuery
INFO: [ε | challenge_v0 challenge_v0 challenge_v0 id_request_v0 success_request_with_credentials / ε | challenge_response_v0 challenge_response_v0 challenge_response_v0 id_response_v0 success_response_v0]
Nov 25, 2025 3:51:54 PM de.learnlib.logging.LearnLogger logQuery
INFO: [ε | challenge_v0 challenge_v0 challenge_v0 id_request_v0 4_way_message_1 / ε | challenge_response_v0 challenge_response_v0 challenge_response_v0 id_response_v0 no_reply]
Nov 25, 2025 3:51:55 PM de.learnlib.logging.LearnLogger logQuery
INFO: [ε | challenge_v0 challenge_v0 challenge_v0 id_request_v0 id_request_v0 / ε | challenge_response_v0 challenge_response_v0 challenge_response_v0 id_response_v0 id_response_v0]
Nov 25, 2025 3:51:57 PM de.learnlib.logging.LearnLogger logQuery
INFO: [ε | challenge_v0 challenge_v0 tlv_request id_request_v0 success_request_with_credentials / ε | challenge_response_v0 challenge_response_v0 tlv_success id_response_v0 success_response_v0]
Nov 25, 2025 3:51:59 PM de.learnlib.logging.LearnLogger logQuery
INFO: [ε | challenge_v0 challenge_v0 tlv_request id_request_v0 4_way_message_1 / ε | challenge_response_v0 challenge_response_v0 tlv_success id_response_v0 4_way_message_2]
Nov 25, 2025 3:52:01 PM de.learnlib.logging.LearnLogger logQuery
INFO: [ε | challenge_v0 challenge_v0 tlv_request id_request_v0 id_request_v0 / ε | challenge_response_v0 challenge_response_v0 tlv_success id_response_v0 id_response_v0]
Nov 25, 2025 3:52:03 PM de.learnlib.logging.LearnLogger logQuery
INFO: [ε | challenge_v0 challenge_v0 success_request_with_credentials id_request_v0 success_request_with_credentials / ε | challenge_response_v0 challenge_response_v0 success_response_v0 id_response_v0 success_response_v0]
Nov 25, 2025 3:52:05 PM de.learnlib.logging.LearnLogger logQuery
INFO: [ε | challenge_v0 challenge_v0 success_request_with_credentials id_request_v0 4_way_message_1 / ε | challenge_response_v0 challenge_response_v0 success_response_v0 id_response_v0 4_way_message_2]
Nov 25, 2025 3:52:07 PM de.learnlib.logging.LearnLogger logQuery
INFO: [ε | challenge_v0 challenge_v0 success_request_with_credentials id_request_v0 id_request_v0 / ε | challenge_response_v0 challenge_response_v0 success_response_v0 id_response_v0 id_response_v0]
Nov 25, 2025 3:52:08 PM de.learnlib.logging.LearnLogger logQuery
INFO: [ε | challenge_v0 challenge_v0 success_and_cryptobinding id_request_v0 success_request_with_credentials / ε | challenge_response_v0 challenge_response_v0 tlv_success id_response_v0 success_response_v0]
Nov 25, 2025 3:52:10 PM de.learnlib.logging.LearnLogger logQuery
INFO: [ε | challenge_v0 challenge_v0 success_and_cryptobinding id_request_v0 4_way_message_1 / ε | challenge_response_v0 challenge_response_v0 tlv_success id_response_v0 4_way_message_2]
Nov 25, 2025 3:52:12 PM de.learnlib.logging.LearnLogger logQuery
INFO: [ε | challenge_v0 challenge_v0 success_and_cryptobinding id_request_v0 id_request_v0 / ε | challenge_response_v0 challenge_response_v0 tlv_success id_response_v0 id_response_v0]
Nov 25, 2025 3:52:14 PM de.learnlib.logging.LearnLogger logQuery
INFO: [ε | challenge_v0 challenge_v0 id_request_v0 challenge_v0 / ε | challenge_response_v0 challenge_response_v0 id_response_v0 challenge_response_v0]
Nov 25, 2025 3:52:15 PM de.learnlib.logging.LearnLogger logQuery
INFO: [ε | challenge_v0 challenge_v0 id_request_v0 challenge_v0 success_request_with_credentials / ε | challenge_response_v0 challenge_response_v0 id_response_v0 challenge_response_v0 success_response_v0]
Nov 25, 2025 3:52:18 PM de.learnlib.logging.LearnLogger logQuery
INFO: [ε | challenge_v0 challenge_v0 id_request_v0 challenge_v0 4_way_message_1 / ε | challenge_response_v0 challenge_response_v0 id_response_v0 challenge_response_v0 no_reply]
Nov 25, 2025 3:52:20 PM de.learnlib.logging.LearnLogger logQuery
INFO: [ε | challenge_v0 challenge_v0 id_request_v0 challenge_v0 id_request_v0 / ε | challenge_response_v0 challenge_response_v0 id_response_v0 challenge_response_v0 id_response_v0]
Nov 25, 2025 3:52:21 PM de.learnlib.logging.LearnLogger logQuery
INFO: [ε | challenge_v0 challenge_v0 challenge_v0 challenge_v0 / ε | challenge_response_v0 challenge_response_v0 challenge_response_v0 challenge_response_v0]
Nov 25, 2025 3:52:23 PM de.learnlib.logging.LearnLogger logQuery
INFO: [ε | challenge_v0 challenge_v0 challenge_v0 challenge_v0 success_request_with_credentials / ε | challenge_response_v0 challenge_response_v0 challenge_response_v0 challenge_response_v0 success_response_v0]
Nov 25, 2025 3:52:26 PM de.learnlib.logging.LearnLogger logQuery
INFO: [ε | challenge_v0 challenge_v0 challenge_v0 challenge_v0 4_way_message_1 / ε | challenge_response_v0 challenge_response_v0 challenge_response_v0 challenge_response_v0 no_reply]
Nov 25, 2025 3:52:27 PM de.learnlib.logging.LearnLogger logQuery
INFO: [ε | challenge_v0 challenge_v0 challenge_v0 challenge_v0 id_request_v0 / ε | challenge_response_v0 challenge_response_v0 challenge_response_v0 challenge_response_v0 id_response_v0]
Nov 25, 2025 3:52:29 PM de.learnlib.logging.LearnLogger logQuery
INFO: [ε | challenge_v0 challenge_v0 tlv_request challenge_v0 / ε | challenge_response_v0 challenge_response_v0 tlv_success challenge_response_v0]
Nov 25, 2025 3:52:31 PM de.learnlib.logging.LearnLogger logQuery
INFO: [ε | challenge_v0 challenge_v0 tlv_request challenge_v0 success_request_with_credentials / ε | challenge_response_v0 challenge_response_v0 tlv_success challenge_response_v0 success_response_v0]
Nov 25, 2025 3:52:33 PM de.learnlib.logging.LearnLogger logQuery
INFO: [ε | challenge_v0 challenge_v0 tlv_request challenge_v0 4_way_message_1 / ε | challenge_response_v0 challenge_response_v0 tlv_success challenge_response_v0 4_way_message_2]
Nov 25, 2025 3:52:35 PM de.learnlib.logging.LearnLogger logQuery
INFO: [ε | challenge_v0 challenge_v0 tlv_request challenge_v0 id_request_v0 / ε | challenge_response_v0 challenge_response_v0 tlv_success challenge_response_v0 id_response_v0]
Nov 25, 2025 3:52:36 PM de.learnlib.logging.LearnLogger logQuery
INFO: [ε | challenge_v0 challenge_v0 success_request_with_credentials challenge_v0 / ε | challenge_response_v0 challenge_response_v0 success_response_v0 challenge_response_v0]
Nov 25, 2025 3:52:38 PM de.learnlib.logging.LearnLogger logQuery
INFO: [ε | challenge_v0 challenge_v0 success_request_with_credentials challenge_v0 success_request_with_credentials / ε | challenge_response_v0 challenge_response_v0 success_response_v0 challenge_response_v0 success_response_v0]
Nov 25, 2025 3:52:40 PM de.learnlib.logging.LearnLogger logQuery
INFO: [ε | challenge_v0 challenge_v0 success_request_with_credentials challenge_v0 4_way_message_1 / ε | challenge_response_v0 challenge_response_v0 success_response_v0 challenge_response_v0 4_way_message_2]
Nov 25, 2025 3:52:42 PM de.learnlib.logging.LearnLogger logQuery
INFO: [ε | challenge_v0 challenge_v0 success_request_with_credentials challenge_v0 id_request_v0 / ε | challenge_response_v0 challenge_response_v0 success_response_v0 challenge_response_v0 id_response_v0]
Nov 25, 2025 3:52:43 PM de.learnlib.logging.LearnLogger logQuery
INFO: [ε | challenge_v0 challenge_v0 success_and_cryptobinding challenge_v0 / ε | challenge_response_v0 challenge_response_v0 tlv_success challenge_response_v0]
Nov 25, 2025 3:52:45 PM de.learnlib.logging.LearnLogger logQuery
INFO: [ε | challenge_v0 challenge_v0 success_and_cryptobinding challenge_v0 success_request_with_credentials / ε | challenge_response_v0 challenge_response_v0 tlv_success challenge_response_v0 success_response_v0]
Nov 25, 2025 3:52:47 PM de.learnlib.logging.LearnLogger logQuery
INFO: [ε | challenge_v0 challenge_v0 success_and_cryptobinding challenge_v0 4_way_message_1 / ε | challenge_response_v0 challenge_response_v0 tlv_success challenge_response_v0 4_way_message_2]
Nov 25, 2025 3:52:49 PM de.learnlib.logging.LearnLogger logQuery
INFO: [ε | challenge_v0 challenge_v0 success_and_cryptobinding challenge_v0 id_request_v0 / ε | challenge_response_v0 challenge_response_v0 tlv_success challenge_response_v0 id_response_v0]
Nov 25, 2025 3:52:52 PM de.learnlib.logging.LearnLogger logQuery
INFO: [ε | challenge_v0 challenge_v0 eap_success challenge_v0 / ε | challenge_response_v0 challenge_response_v0 after_eap_success no_reply]
Nov 25, 2025 3:52:54 PM de.learnlib.logging.LearnLogger logQuery
INFO: [ε | challenge_v0 challenge_v0 id_request_v0 tlv_request / ε | challenge_response_v0 challenge_response_v0 id_response_v0 tlv_success]
Nov 25, 2025 3:52:55 PM de.learnlib.logging.LearnLogger logQuery
INFO: [ε | challenge_v0 challenge_v0 id_request_v0 tlv_request success_request_with_credentials / ε | challenge_response_v0 challenge_response_v0 id_response_v0 tlv_success success_response_v0]
Nov 25, 2025 3:52:57 PM de.learnlib.logging.LearnLogger logQuery
INFO: [ε | challenge_v0 challenge_v0 id_request_v0 tlv_request 4_way_message_1 / ε | challenge_response_v0 challenge_response_v0 id_response_v0 tlv_success 4_way_message_2]
Nov 25, 2025 3:52:59 PM de.learnlib.logging.LearnLogger logQuery
INFO: [ε | challenge_v0 challenge_v0 id_request_v0 tlv_request id_request_v0 / ε | challenge_response_v0 challenge_response_v0 id_response_v0 tlv_success id_response_v0]
Nov 25, 2025 3:53:01 PM de.learnlib.logging.LearnLogger logQuery
INFO: [ε | challenge_v0 challenge_v0 challenge_v0 tlv_request / ε | challenge_response_v0 challenge_response_v0 challenge_response_v0 tlv_success]
Nov 25, 2025 3:53:02 PM de.learnlib.logging.LearnLogger logQuery
INFO: [ε | challenge_v0 challenge_v0 challenge_v0 tlv_request success_request_with_credentials / ε | challenge_response_v0 challenge_response_v0 challenge_response_v0 tlv_success success_response_v0]
Nov 25, 2025 3:53:04 PM de.learnlib.logging.LearnLogger logQuery
INFO: [ε | challenge_v0 challenge_v0 challenge_v0 tlv_request 4_way_message_1 / ε | challenge_response_v0 challenge_response_v0 challenge_response_v0 tlv_success 4_way_message_2]
Nov 25, 2025 3:53:06 PM de.learnlib.logging.LearnLogger logQuery
INFO: [ε | challenge_v0 challenge_v0 challenge_v0 tlv_request id_request_v0 / ε | challenge_response_v0 challenge_response_v0 challenge_response_v0 tlv_success id_response_v0]
Nov 25, 2025 3:53:08 PM de.learnlib.logging.LearnLogger logQuery
INFO: [ε | challenge_v0 challenge_v0 tlv_request tlv_request / ε | challenge_response_v0 challenge_response_v0 tlv_success tlv_success]
Nov 25, 2025 3:53:10 PM de.learnlib.logging.LearnLogger logQuery
INFO: [ε | challenge_v0 challenge_v0 tlv_request tlv_request success_request_with_credentials / ε | challenge_response_v0 challenge_response_v0 tlv_success tlv_success success_response_v0]
Nov 25, 2025 3:53:11 PM de.learnlib.logging.LearnLogger logQuery
INFO: [ε | challenge_v0 challenge_v0 tlv_request tlv_request 4_way_message_1 / ε | challenge_response_v0 challenge_response_v0 tlv_success tlv_success 4_way_message_2]
Nov 25, 2025 3:53:13 PM de.learnlib.logging.LearnLogger logQuery
INFO: [ε | challenge_v0 challenge_v0 tlv_request tlv_request id_request_v0 / ε | challenge_response_v0 challenge_response_v0 tlv_success tlv_success id_response_v0]
Nov 25, 2025 3:53:15 PM de.learnlib.logging.LearnLogger logQuery
INFO: [ε | challenge_v0 challenge_v0 success_request_with_credentials tlv_request / ε | challenge_response_v0 challenge_response_v0 success_response_v0 tlv_success]
Nov 25, 2025 3:53:17 PM de.learnlib.logging.LearnLogger logQuery
INFO: [ε | challenge_v0 challenge_v0 success_request_with_credentials tlv_request success_request_with_credentials / ε | challenge_response_v0 challenge_response_v0 success_response_v0 tlv_success success_response_v0]
Nov 25, 2025 3:53:18 PM de.learnlib.logging.LearnLogger logQuery
INFO: [ε | challenge_v0 challenge_v0 success_request_with_credentials tlv_request 4_way_message_1 / ε | challenge_response_v0 challenge_response_v0 success_response_v0 tlv_success 4_way_message_2]
Nov 25, 2025 3:53:20 PM de.learnlib.logging.LearnLogger logQuery
INFO: [ε | challenge_v0 challenge_v0 success_request_with_credentials tlv_request id_request_v0 / ε | challenge_response_v0 challenge_response_v0 success_response_v0 tlv_success id_response_v0]
Nov 25, 2025 3:53:22 PM de.learnlib.logging.LearnLogger logQuery
INFO: [ε | challenge_v0 challenge_v0 success_and_cryptobinding tlv_request / ε | challenge_response_v0 challenge_response_v0 tlv_success tlv_success]
Nov 25, 2025 3:53:24 PM de.learnlib.logging.LearnLogger logQuery
INFO: [ε | challenge_v0 challenge_v0 success_and_cryptobinding tlv_request success_request_with_credentials / ε | challenge_response_v0 challenge_response_v0 tlv_success tlv_success success_response_v0]
Nov 25, 2025 3:53:26 PM de.learnlib.logging.LearnLogger logQuery
INFO: [ε | challenge_v0 challenge_v0 success_and_cryptobinding tlv_request 4_way_message_1 / ε | challenge_response_v0 challenge_response_v0 tlv_success tlv_success 4_way_message_2]
Nov 25, 2025 3:53:28 PM de.learnlib.logging.LearnLogger logQuery
INFO: [ε | challenge_v0 challenge_v0 success_and_cryptobinding tlv_request id_request_v0 / ε | challenge_response_v0 challenge_response_v0 tlv_success tlv_success id_response_v0]
Nov 25, 2025 3:53:30 PM de.learnlib.logging.LearnLogger logQuery
INFO: [ε | challenge_v0 challenge_v0 eap_success tlv_request / ε | challenge_response_v0 challenge_response_v0 after_eap_success no_reply]
Nov 25, 2025 3:53:32 PM de.learnlib.logging.LearnLogger logQuery
INFO: [ε | challenge_v0 challenge_v0 id_request_v0 tlv_failure / ε | challenge_response_v0 challenge_response_v0 id_response_v0 tlv_failure]
Nov 25, 2025 3:53:34 PM de.learnlib.logging.LearnLogger logQuery
INFO: [ε | challenge_v0 challenge_v0 challenge_v0 tlv_failure / ε | challenge_response_v0 challenge_response_v0 challenge_response_v0 tlv_failure]
Nov 25, 2025 3:53:36 PM de.learnlib.logging.LearnLogger logQuery
INFO: [ε | challenge_v0 challenge_v0 tlv_request tlv_failure / ε | challenge_response_v0 challenge_response_v0 tlv_success tlv_failure]
Nov 25, 2025 3:53:38 PM de.learnlib.logging.LearnLogger logQuery
INFO: [ε | challenge_v0 challenge_v0 success_request_with_credentials tlv_failure / ε | challenge_response_v0 challenge_response_v0 success_response_v0 tlv_failure]
Nov 25, 2025 3:53:40 PM de.learnlib.logging.LearnLogger logQuery
INFO: [ε | challenge_v0 challenge_v0 success_and_cryptobinding tlv_failure / ε | challenge_response_v0 challenge_response_v0 tlv_success tlv_failure]
Nov 25, 2025 3:53:43 PM de.learnlib.logging.LearnLogger logQuery
INFO: [ε | challenge_v0 challenge_v0 eap_success tlv_failure / ε | challenge_response_v0 challenge_response_v0 after_eap_success no_reply]
Nov 25, 2025 3:53:45 PM de.learnlib.logging.LearnLogger logQuery
INFO: [ε | challenge_v0 challenge_v0 id_request_v0 success_request_all_zeros / ε | challenge_response_v0 challenge_response_v0 id_response_v0 no_reply]
Nov 25, 2025 3:53:48 PM de.learnlib.logging.LearnLogger logQuery
INFO: [ε | challenge_v0 challenge_v0 challenge_v0 success_request_all_zeros / ε | challenge_response_v0 challenge_response_v0 challenge_response_v0 no_reply]
Nov 25, 2025 3:53:50 PM de.learnlib.logging.LearnLogger logQuery
INFO: [ε | challenge_v0 challenge_v0 tlv_request success_request_all_zeros / ε | challenge_response_v0 challenge_response_v0 tlv_success no_reply]
Nov 25, 2025 3:53:52 PM de.learnlib.logging.LearnLogger logQuery
INFO: [ε | challenge_v0 challenge_v0 success_request_with_credentials success_request_all_zeros / ε | challenge_response_v0 challenge_response_v0 success_response_v0 no_reply]
Nov 25, 2025 3:53:55 PM de.learnlib.logging.LearnLogger logQuery
INFO: [ε | challenge_v0 challenge_v0 success_and_cryptobinding success_request_all_zeros / ε | challenge_response_v0 challenge_response_v0 tlv_success no_reply]
Nov 25, 2025 3:53:58 PM de.learnlib.logging.LearnLogger logQuery
INFO: [ε | challenge_v0 challenge_v0 eap_success success_request_all_zeros / ε | challenge_response_v0 challenge_response_v0 after_eap_success no_reply]
Nov 25, 2025 3:54:00 PM de.learnlib.logging.LearnLogger logQuery
INFO: [ε | challenge_v0 challenge_v0 id_request_v0 success_request_with_credentials success_request_with_credentials / ε | challenge_response_v0 challenge_response_v0 id_response_v0 success_response_v0 success_response_v0]
Nov 25, 2025 3:54:02 PM de.learnlib.logging.LearnLogger logQuery
INFO: [ε | challenge_v0 challenge_v0 id_request_v0 success_request_with_credentials 4_way_message_1 / ε | challenge_response_v0 challenge_response_v0 id_response_v0 success_response_v0 4_way_message_2]
Nov 25, 2025 3:54:04 PM de.learnlib.logging.LearnLogger logQuery
INFO: [ε | challenge_v0 challenge_v0 id_request_v0 success_request_with_credentials id_request_v0 / ε | challenge_response_v0 challenge_response_v0 id_response_v0 success_response_v0 id_response_v0]
Nov 25, 2025 3:54:05 PM de.learnlib.logging.LearnLogger logQuery
INFO: [ε | challenge_v0 challenge_v0 challenge_v0 success_request_with_credentials success_request_with_credentials / ε | challenge_response_v0 challenge_response_v0 challenge_response_v0 success_response_v0 success_response_v0]
Nov 25, 2025 3:54:07 PM de.learnlib.logging.LearnLogger logQuery
INFO: [ε | challenge_v0 challenge_v0 challenge_v0 success_request_with_credentials 4_way_message_1 / ε | challenge_response_v0 challenge_response_v0 challenge_response_v0 success_response_v0 4_way_message_2]
Nov 25, 2025 3:54:09 PM de.learnlib.logging.LearnLogger logQuery
INFO: [ε | challenge_v0 challenge_v0 challenge_v0 success_request_with_credentials id_request_v0 / ε | challenge_response_v0 challenge_response_v0 challenge_response_v0 success_response_v0 id_response_v0]
Nov 25, 2025 3:54:11 PM de.learnlib.logging.LearnLogger logQuery
INFO: [ε | challenge_v0 challenge_v0 tlv_request success_request_with_credentials success_request_with_credentials / ε | challenge_response_v0 challenge_response_v0 tlv_success success_response_v0 success_response_v0]
Nov 25, 2025 3:54:12 PM de.learnlib.logging.LearnLogger logQuery
INFO: [ε | challenge_v0 challenge_v0 tlv_request success_request_with_credentials 4_way_message_1 / ε | challenge_response_v0 challenge_response_v0 tlv_success success_response_v0 4_way_message_2]
Nov 25, 2025 3:54:14 PM de.learnlib.logging.LearnLogger logQuery
INFO: [ε | challenge_v0 challenge_v0 tlv_request success_request_with_credentials id_request_v0 / ε | challenge_response_v0 challenge_response_v0 tlv_success success_response_v0 id_response_v0]
Nov 25, 2025 3:54:16 PM de.learnlib.logging.LearnLogger logQuery
INFO: [ε | challenge_v0 challenge_v0 success_request_with_credentials success_request_with_credentials success_request_with_credentials / ε | challenge_response_v0 challenge_response_v0 success_response_v0 success_response_v0 success_response_v0]
Nov 25, 2025 3:54:18 PM de.learnlib.logging.LearnLogger logQuery
INFO: [ε | challenge_v0 challenge_v0 success_request_with_credentials success_request_with_credentials 4_way_message_1 / ε | challenge_response_v0 challenge_response_v0 success_response_v0 success_response_v0 4_way_message_2]
Nov 25, 2025 3:54:20 PM de.learnlib.logging.LearnLogger logQuery
INFO: [ε | challenge_v0 challenge_v0 success_request_with_credentials success_request_with_credentials id_request_v0 / ε | challenge_response_v0 challenge_response_v0 success_response_v0 success_response_v0 id_response_v0]
Nov 25, 2025 3:54:21 PM de.learnlib.logging.LearnLogger logQuery
INFO: [ε | challenge_v0 challenge_v0 success_and_cryptobinding success_request_with_credentials success_request_with_credentials / ε | challenge_response_v0 challenge_response_v0 tlv_success success_response_v0 success_response_v0]
Nov 25, 2025 3:54:23 PM de.learnlib.logging.LearnLogger logQuery
INFO: [ε | challenge_v0 challenge_v0 success_and_cryptobinding success_request_with_credentials 4_way_message_1 / ε | challenge_response_v0 challenge_response_v0 tlv_success success_response_v0 4_way_message_2]
Nov 25, 2025 3:54:25 PM de.learnlib.logging.LearnLogger logQuery
INFO: [ε | challenge_v0 challenge_v0 success_and_cryptobinding success_request_with_credentials id_request_v0 / ε | challenge_response_v0 challenge_response_v0 tlv_success success_response_v0 id_response_v0]
Nov 25, 2025 3:54:27 PM de.learnlib.logging.LearnLogger logQuery
INFO: [ε | challenge_v0 challenge_v0 id_request_v0 success_and_cryptobinding / ε | challenge_response_v0 challenge_response_v0 id_response_v0 tlv_success]
Nov 25, 2025 3:54:29 PM de.learnlib.logging.LearnLogger logQuery
INFO: [ε | challenge_v0 challenge_v0 id_request_v0 success_and_cryptobinding success_request_with_credentials / ε | challenge_response_v0 challenge_response_v0 id_response_v0 tlv_success success_response_v0]
Nov 25, 2025 3:54:31 PM de.learnlib.logging.LearnLogger logQuery
INFO: [ε | challenge_v0 challenge_v0 id_request_v0 success_and_cryptobinding 4_way_message_1 / ε | challenge_response_v0 challenge_response_v0 id_response_v0 tlv_success 4_way_message_2]
Nov 25, 2025 3:54:33 PM de.learnlib.logging.LearnLogger logQuery
INFO: [ε | challenge_v0 challenge_v0 id_request_v0 success_and_cryptobinding id_request_v0 / ε | challenge_response_v0 challenge_response_v0 id_response_v0 tlv_success id_response_v0]
Nov 25, 2025 3:54:34 PM de.learnlib.logging.LearnLogger logQuery
INFO: [ε | challenge_v0 challenge_v0 challenge_v0 success_and_cryptobinding / ε | challenge_response_v0 challenge_response_v0 challenge_response_v0 tlv_success]
Nov 25, 2025 3:54:36 PM de.learnlib.logging.LearnLogger logQuery
INFO: [ε | challenge_v0 challenge_v0 challenge_v0 success_and_cryptobinding success_request_with_credentials / ε | challenge_response_v0 challenge_response_v0 challenge_response_v0 tlv_success success_response_v0]
Nov 25, 2025 3:54:38 PM de.learnlib.logging.LearnLogger logQuery
INFO: [ε | challenge_v0 challenge_v0 challenge_v0 success_and_cryptobinding 4_way_message_1 / ε | challenge_response_v0 challenge_response_v0 challenge_response_v0 tlv_success 4_way_message_2]
Nov 25, 2025 3:54:40 PM de.learnlib.logging.LearnLogger logQuery
INFO: [ε | challenge_v0 challenge_v0 challenge_v0 success_and_cryptobinding id_request_v0 / ε | challenge_response_v0 challenge_response_v0 challenge_response_v0 tlv_success id_response_v0]
Nov 25, 2025 3:54:41 PM de.learnlib.logging.LearnLogger logQuery
INFO: [ε | challenge_v0 challenge_v0 tlv_request success_and_cryptobinding / ε | challenge_response_v0 challenge_response_v0 tlv_success tlv_success]
Nov 25, 2025 3:54:43 PM de.learnlib.logging.LearnLogger logQuery
INFO: [ε | challenge_v0 challenge_v0 tlv_request success_and_cryptobinding success_request_with_credentials / ε | challenge_response_v0 challenge_response_v0 tlv_success tlv_success success_response_v0]
Nov 25, 2025 3:54:45 PM de.learnlib.logging.LearnLogger logQuery
INFO: [ε | challenge_v0 challenge_v0 tlv_request success_and_cryptobinding 4_way_message_1 / ε | challenge_response_v0 challenge_response_v0 tlv_success tlv_success 4_way_message_2]
Nov 25, 2025 3:54:47 PM de.learnlib.logging.LearnLogger logQuery
INFO: [ε | challenge_v0 challenge_v0 tlv_request success_and_cryptobinding id_request_v0 / ε | challenge_response_v0 challenge_response_v0 tlv_success tlv_success id_response_v0]
Nov 25, 2025 3:54:49 PM de.learnlib.logging.LearnLogger logQuery
INFO: [ε | challenge_v0 challenge_v0 success_request_with_credentials success_and_cryptobinding / ε | challenge_response_v0 challenge_response_v0 success_response_v0 tlv_success]
Nov 25, 2025 3:54:50 PM de.learnlib.logging.LearnLogger logQuery
INFO: [ε | challenge_v0 challenge_v0 success_request_with_credentials success_and_cryptobinding success_request_with_credentials / ε | challenge_response_v0 challenge_response_v0 success_response_v0 tlv_success success_response_v0]
Nov 25, 2025 3:54:52 PM de.learnlib.logging.LearnLogger logQuery
INFO: [ε | challenge_v0 challenge_v0 success_request_with_credentials success_and_cryptobinding 4_way_message_1 / ε | challenge_response_v0 challenge_response_v0 success_response_v0 tlv_success 4_way_message_2]
Nov 25, 2025 3:54:54 PM de.learnlib.logging.LearnLogger logQuery
INFO: [ε | challenge_v0 challenge_v0 success_request_with_credentials success_and_cryptobinding id_request_v0 / ε | challenge_response_v0 challenge_response_v0 success_response_v0 tlv_success id_response_v0]
Nov 25, 2025 3:54:56 PM de.learnlib.logging.LearnLogger logQuery
INFO: [ε | challenge_v0 challenge_v0 success_and_cryptobinding success_and_cryptobinding / ε | challenge_response_v0 challenge_response_v0 tlv_success tlv_success]
Nov 25, 2025 3:54:58 PM de.learnlib.logging.LearnLogger logQuery
INFO: [ε | challenge_v0 challenge_v0 success_and_cryptobinding success_and_cryptobinding success_request_with_credentials / ε | challenge_response_v0 challenge_response_v0 tlv_success tlv_success success_response_v0]
Nov 25, 2025 3:54:59 PM de.learnlib.logging.LearnLogger logQuery
INFO: [ε | challenge_v0 challenge_v0 success_and_cryptobinding success_and_cryptobinding 4_way_message_1 / ε | challenge_response_v0 challenge_response_v0 tlv_success tlv_success 4_way_message_2]
Nov 25, 2025 3:55:01 PM de.learnlib.logging.LearnLogger logQuery
INFO: [ε | challenge_v0 challenge_v0 success_and_cryptobinding success_and_cryptobinding id_request_v0 / ε | challenge_response_v0 challenge_response_v0 tlv_success tlv_success id_response_v0]
Nov 25, 2025 3:55:04 PM de.learnlib.logging.LearnLogger logQuery
INFO: [ε | challenge_v0 challenge_v0 eap_success success_and_cryptobinding / ε | challenge_response_v0 challenge_response_v0 after_eap_success no_reply]
Nov 25, 2025 3:55:07 PM de.learnlib.logging.LearnLogger logQuery
INFO: [ε | challenge_v0 challenge_v0 id_request_v0 cryptobinding / ε | challenge_response_v0 challenge_response_v0 id_response_v0 no_reply]
Nov 25, 2025 3:55:09 PM de.learnlib.logging.LearnLogger logQuery
INFO: [ε | challenge_v0 challenge_v0 challenge_v0 cryptobinding / ε | challenge_response_v0 challenge_response_v0 challenge_response_v0 no_reply]
Nov 25, 2025 3:55:11 PM de.learnlib.logging.LearnLogger logQuery
INFO: [ε | challenge_v0 challenge_v0 tlv_request cryptobinding / ε | challenge_response_v0 challenge_response_v0 tlv_success no_reply]
Nov 25, 2025 3:55:14 PM de.learnlib.logging.LearnLogger logQuery
INFO: [ε | challenge_v0 challenge_v0 success_request_with_credentials cryptobinding / ε | challenge_response_v0 challenge_response_v0 success_response_v0 no_reply]
Nov 25, 2025 3:55:16 PM de.learnlib.logging.LearnLogger logQuery
INFO: [ε | challenge_v0 challenge_v0 success_and_cryptobinding cryptobinding / ε | challenge_response_v0 challenge_response_v0 tlv_success no_reply]
Nov 25, 2025 3:55:19 PM de.learnlib.logging.LearnLogger logQuery
INFO: [ε | challenge_v0 challenge_v0 eap_success cryptobinding / ε | challenge_response_v0 challenge_response_v0 after_eap_success no_reply]
Nov 25, 2025 3:55:22 PM de.learnlib.logging.LearnLogger logQuery
INFO: [ε | challenge_v0 challenge_v0 id_request_v0 eap_success / ε | challenge_response_v0 challenge_response_v0 id_response_v0 after_eap_success]
Nov 25, 2025 3:55:24 PM de.learnlib.logging.LearnLogger logQuery
INFO: [ε | challenge_v0 challenge_v0 id_request_v0 eap_success success_request_with_credentials / ε | challenge_response_v0 challenge_response_v0 id_response_v0 after_eap_success no_reply]
Nov 25, 2025 3:55:27 PM de.learnlib.logging.LearnLogger logQuery
INFO: [ε | challenge_v0 challenge_v0 id_request_v0 eap_success 4_way_message_1 / ε | challenge_response_v0 challenge_response_v0 id_response_v0 after_eap_success no_reply]
Nov 25, 2025 3:55:30 PM de.learnlib.logging.LearnLogger logQuery
INFO: [ε | challenge_v0 challenge_v0 id_request_v0 eap_success id_request_v0 / ε | challenge_response_v0 challenge_response_v0 id_response_v0 after_eap_success no_reply]
Nov 25, 2025 3:55:33 PM de.learnlib.logging.LearnLogger logQuery
INFO: [ε | challenge_v0 challenge_v0 challenge_v0 eap_success / ε | challenge_response_v0 challenge_response_v0 challenge_response_v0 after_eap_success]
Nov 25, 2025 3:55:35 PM de.learnlib.logging.LearnLogger logQuery
INFO: [ε | challenge_v0 challenge_v0 challenge_v0 eap_success success_request_with_credentials / ε | challenge_response_v0 challenge_response_v0 challenge_response_v0 after_eap_success no_reply]
Nov 25, 2025 3:55:38 PM de.learnlib.logging.LearnLogger logQuery
INFO: [ε | challenge_v0 challenge_v0 challenge_v0 eap_success 4_way_message_1 / ε | challenge_response_v0 challenge_response_v0 challenge_response_v0 after_eap_success no_reply]
Nov 25, 2025 3:55:41 PM de.learnlib.logging.LearnLogger logQuery
INFO: [ε | challenge_v0 challenge_v0 challenge_v0 eap_success id_request_v0 / ε | challenge_response_v0 challenge_response_v0 challenge_response_v0 after_eap_success no_reply]
Nov 25, 2025 3:55:44 PM de.learnlib.logging.LearnLogger logQuery
INFO: [ε | challenge_v0 challenge_v0 tlv_request eap_success / ε | challenge_response_v0 challenge_response_v0 tlv_success after_eap_success]
Nov 25, 2025 3:55:46 PM de.learnlib.logging.LearnLogger logQuery
INFO: [ε | challenge_v0 challenge_v0 tlv_request eap_success success_request_with_credentials / ε | challenge_response_v0 challenge_response_v0 tlv_success after_eap_success success_response_v0]
Nov 25, 2025 3:55:48 PM de.learnlib.logging.LearnLogger logQuery
INFO: [ε | challenge_v0 challenge_v0 tlv_request eap_success 4_way_message_1 / ε | challenge_response_v0 challenge_response_v0 tlv_success after_eap_success 4_way_message_2]
Nov 25, 2025 3:55:50 PM de.learnlib.logging.LearnLogger logQuery
INFO: [ε | challenge_v0 challenge_v0 tlv_request eap_success id_request_v0 / ε | challenge_response_v0 challenge_response_v0 tlv_success after_eap_success id_response_v0]
Nov 25, 2025 3:55:52 PM de.learnlib.logging.LearnLogger logQuery
INFO: [ε | challenge_v0 challenge_v0 success_request_with_credentials eap_success / ε | challenge_response_v0 challenge_response_v0 success_response_v0 after_eap_success]
Nov 25, 2025 3:55:55 PM de.learnlib.logging.LearnLogger logQuery
INFO: [ε | challenge_v0 challenge_v0 success_request_with_credentials eap_success success_request_with_credentials / ε | challenge_response_v0 challenge_response_v0 success_response_v0 after_eap_success success_response_v0]
Nov 25, 2025 3:55:57 PM de.learnlib.logging.LearnLogger logQuery
INFO: [ε | challenge_v0 challenge_v0 success_request_with_credentials eap_success 4_way_message_1 / ε | challenge_response_v0 challenge_response_v0 success_response_v0 after_eap_success 4_way_message_2]
Nov 25, 2025 3:55:59 PM de.learnlib.logging.LearnLogger logQuery
INFO: [ε | challenge_v0 challenge_v0 success_request_with_credentials eap_success id_request_v0 / ε | challenge_response_v0 challenge_response_v0 success_response_v0 after_eap_success id_response_v0]
Nov 25, 2025 3:56:01 PM de.learnlib.logging.LearnLogger logQuery
INFO: [ε | challenge_v0 challenge_v0 success_and_cryptobinding eap_success / ε | challenge_response_v0 challenge_response_v0 tlv_success after_eap_success]
Nov 25, 2025 3:56:03 PM de.learnlib.logging.LearnLogger logQuery
INFO: [ε | challenge_v0 challenge_v0 success_and_cryptobinding eap_success success_request_with_credentials / ε | challenge_response_v0 challenge_response_v0 tlv_success after_eap_success success_response_v0]
Nov 25, 2025 3:56:06 PM de.learnlib.logging.LearnLogger logQuery
INFO: [ε | challenge_v0 challenge_v0 success_and_cryptobinding eap_success 4_way_message_1 / ε | challenge_response_v0 challenge_response_v0 tlv_success after_eap_success 4_way_message_2]
Nov 25, 2025 3:56:08 PM de.learnlib.logging.LearnLogger logQuery
INFO: [ε | challenge_v0 challenge_v0 success_and_cryptobinding eap_success id_request_v0 / ε | challenge_response_v0 challenge_response_v0 tlv_success after_eap_success id_response_v0]
Nov 25, 2025 3:56:11 PM de.learnlib.logging.LearnLogger logQuery
INFO: [ε | challenge_v0 challenge_v0 eap_success eap_success / ε | challenge_response_v0 challenge_response_v0 after_eap_success after_eap_success]
Nov 25, 2025 3:56:14 PM de.learnlib.logging.LearnLogger logQuery
INFO: [ε | challenge_v0 challenge_v0 eap_success eap_success success_request_with_credentials / ε | challenge_response_v0 challenge_response_v0 after_eap_success after_eap_success no_reply]
Nov 25, 2025 3:56:17 PM de.learnlib.logging.LearnLogger logQuery
INFO: [ε | challenge_v0 challenge_v0 eap_success eap_success 4_way_message_1 / ε | challenge_response_v0 challenge_response_v0 after_eap_success after_eap_success no_reply]
Nov 25, 2025 3:56:21 PM de.learnlib.logging.LearnLogger logQuery
INFO: [ε | challenge_v0 challenge_v0 eap_success eap_success id_request_v0 / ε | challenge_response_v0 challenge_response_v0 after_eap_success after_eap_success no_reply]
Nov 25, 2025 3:56:23 PM de.learnlib.logging.LearnLogger logQuery
INFO: [ε | challenge_v0 tlv_request id_request_v0 id_request_v0 success_request_with_credentials / ε | challenge_response_v0 tlv_success id_response_v0 id_response_v0 success_response_v0]
Nov 25, 2025 3:56:25 PM de.learnlib.logging.LearnLogger logQuery
INFO: [ε | challenge_v0 tlv_request id_request_v0 id_request_v0 4_way_message_1 / ε | challenge_response_v0 tlv_success id_response_v0 id_response_v0 4_way_message_2]
Nov 25, 2025 3:56:27 PM de.learnlib.logging.LearnLogger logQuery
INFO: [ε | challenge_v0 tlv_request id_request_v0 id_request_v0 id_request_v0 / ε | challenge_response_v0 tlv_success id_response_v0 id_response_v0 id_response_v0]
Nov 25, 2025 3:56:28 PM de.learnlib.logging.LearnLogger logQuery
INFO: [ε | challenge_v0 tlv_request challenge_v0 id_request_v0 success_request_with_credentials / ε | challenge_response_v0 tlv_success challenge_response_v0 id_response_v0 success_response_v0]
Nov 25, 2025 3:56:30 PM de.learnlib.logging.LearnLogger logQuery
INFO: [ε | challenge_v0 tlv_request challenge_v0 id_request_v0 4_way_message_1 / ε | challenge_response_v0 tlv_success challenge_response_v0 id_response_v0 4_way_message_2]
Nov 25, 2025 3:56:32 PM de.learnlib.logging.LearnLogger logQuery
INFO: [ε | challenge_v0 tlv_request challenge_v0 id_request_v0 id_request_v0 / ε | challenge_response_v0 tlv_success challenge_response_v0 id_response_v0 id_response_v0]
Nov 25, 2025 3:56:34 PM de.learnlib.logging.LearnLogger logQuery
INFO: [ε | challenge_v0 tlv_request tlv_request id_request_v0 success_request_with_credentials / ε | challenge_response_v0 tlv_success tlv_success id_response_v0 success_response_v0]
Nov 25, 2025 3:56:35 PM de.learnlib.logging.LearnLogger logQuery
INFO: [ε | challenge_v0 tlv_request tlv_request id_request_v0 4_way_message_1 / ε | challenge_response_v0 tlv_success tlv_success id_response_v0 4_way_message_2]
Nov 25, 2025 3:56:37 PM de.learnlib.logging.LearnLogger logQuery
INFO: [ε | challenge_v0 tlv_request tlv_request id_request_v0 id_request_v0 / ε | challenge_response_v0 tlv_success tlv_success id_response_v0 id_response_v0]
Nov 25, 2025 3:56:39 PM de.learnlib.logging.LearnLogger logQuery
INFO: [ε | challenge_v0 tlv_request success_request_with_credentials id_request_v0 success_request_with_credentials / ε | challenge_response_v0 tlv_success success_response_v0 id_response_v0 success_response_v0]
Nov 25, 2025 3:56:41 PM de.learnlib.logging.LearnLogger logQuery
INFO: [ε | challenge_v0 tlv_request success_request_with_credentials id_request_v0 4_way_message_1 / ε | challenge_response_v0 tlv_success success_response_v0 id_response_v0 4_way_message_2]
Nov 25, 2025 3:56:43 PM de.learnlib.logging.LearnLogger logQuery
INFO: [ε | challenge_v0 tlv_request success_request_with_credentials id_request_v0 id_request_v0 / ε | challenge_response_v0 tlv_success success_response_v0 id_response_v0 id_response_v0]
Nov 25, 2025 3:56:45 PM de.learnlib.logging.LearnLogger logQuery
INFO: [ε | challenge_v0 tlv_request success_and_cryptobinding id_request_v0 success_request_with_credentials / ε | challenge_response_v0 tlv_success tlv_success id_response_v0 success_response_v0]
Nov 25, 2025 3:56:47 PM de.learnlib.logging.LearnLogger logQuery
INFO: [ε | challenge_v0 tlv_request success_and_cryptobinding id_request_v0 4_way_message_1 / ε | challenge_response_v0 tlv_success tlv_success id_response_v0 4_way_message_2]
Nov 25, 2025 3:56:48 PM de.learnlib.logging.LearnLogger logQuery
INFO: [ε | challenge_v0 tlv_request success_and_cryptobinding id_request_v0 id_request_v0 / ε | challenge_response_v0 tlv_success tlv_success id_response_v0 id_response_v0]
Nov 25, 2025 3:56:51 PM de.learnlib.logging.LearnLogger logQuery
INFO: [ε | challenge_v0 tlv_request eap_success id_request_v0 success_request_with_credentials / ε | challenge_response_v0 tlv_success after_eap_success id_response_v0 success_response_v0]
Nov 25, 2025 3:56:53 PM de.learnlib.logging.LearnLogger logQuery
INFO: [ε | challenge_v0 tlv_request eap_success id_request_v0 4_way_message_1 / ε | challenge_response_v0 tlv_success after_eap_success id_response_v0 4_way_message_2]
Nov 25, 2025 3:56:55 PM de.learnlib.logging.LearnLogger logQuery
INFO: [ε | challenge_v0 tlv_request eap_success id_request_v0 id_request_v0 / ε | challenge_response_v0 tlv_success after_eap_success id_response_v0 id_response_v0]
Nov 25, 2025 3:56:55 PM de.learnlib.logging.LearnLogger logQuery
INFO: DB CACHE [ε | challenge_v0 tlv_request id_request_v0 challenge_v0 /  challenge_response_v0 tlv_success id_response_v0 challenge_response_v0]
Nov 25, 2025 3:56:57 PM de.learnlib.logging.LearnLogger logQuery
INFO: [ε | challenge_v0 tlv_request id_request_v0 challenge_v0 success_request_with_credentials / ε | challenge_response_v0 tlv_success id_response_v0 challenge_response_v0 success_response_v0]
Nov 25, 2025 3:56:59 PM de.learnlib.logging.LearnLogger logQuery
INFO: [ε | challenge_v0 tlv_request id_request_v0 challenge_v0 4_way_message_1 / ε | challenge_response_v0 tlv_success id_response_v0 challenge_response_v0 4_way_message_2]
Nov 25, 2025 3:57:00 PM de.learnlib.logging.LearnLogger logQuery
INFO: [ε | challenge_v0 tlv_request id_request_v0 challenge_v0 id_request_v0 / ε | challenge_response_v0 tlv_success id_response_v0 challenge_response_v0 id_response_v0]
Nov 25, 2025 3:57:01 PM de.learnlib.logging.LearnLogger logQuery
INFO: DB CACHE [ε | challenge_v0 tlv_request challenge_v0 challenge_v0 /  challenge_response_v0 tlv_success challenge_response_v0 challenge_response_v0]
Nov 25, 2025 3:57:02 PM de.learnlib.logging.LearnLogger logQuery
INFO: [ε | challenge_v0 tlv_request challenge_v0 challenge_v0 success_request_with_credentials / ε | challenge_response_v0 tlv_success challenge_response_v0 challenge_response_v0 success_response_v0]
Nov 25, 2025 3:57:04 PM de.learnlib.logging.LearnLogger logQuery
INFO: [ε | challenge_v0 tlv_request challenge_v0 challenge_v0 4_way_message_1 / ε | challenge_response_v0 tlv_success challenge_response_v0 challenge_response_v0 4_way_message_2]
Nov 25, 2025 3:57:06 PM de.learnlib.logging.LearnLogger logQuery
INFO: [ε | challenge_v0 tlv_request challenge_v0 challenge_v0 id_request_v0 / ε | challenge_response_v0 tlv_success challenge_response_v0 challenge_response_v0 id_response_v0]
Nov 25, 2025 3:57:06 PM de.learnlib.logging.LearnLogger logQuery
INFO: DB CACHE [ε | challenge_v0 tlv_request tlv_request challenge_v0 /  challenge_response_v0 tlv_success tlv_success challenge_response_v0]
Nov 25, 2025 3:57:07 PM de.learnlib.logging.LearnLogger logQuery
INFO: [ε | challenge_v0 tlv_request tlv_request challenge_v0 success_request_with_credentials / ε | challenge_response_v0 tlv_success tlv_success challenge_response_v0 success_response_v0]
Nov 25, 2025 3:57:09 PM de.learnlib.logging.LearnLogger logQuery
INFO: [ε | challenge_v0 tlv_request tlv_request challenge_v0 4_way_message_1 / ε | challenge_response_v0 tlv_success tlv_success challenge_response_v0 4_way_message_2]
Nov 25, 2025 3:57:11 PM de.learnlib.logging.LearnLogger logQuery
INFO: [ε | challenge_v0 tlv_request tlv_request challenge_v0 id_request_v0 / ε | challenge_response_v0 tlv_success tlv_success challenge_response_v0 id_response_v0]
Nov 25, 2025 3:57:11 PM de.learnlib.logging.LearnLogger logQuery
INFO: DB CACHE [ε | challenge_v0 tlv_request success_request_with_credentials challenge_v0 /  challenge_response_v0 tlv_success success_response_v0 challenge_response_v0]
Nov 25, 2025 3:57:13 PM de.learnlib.logging.LearnLogger logQuery
INFO: [ε | challenge_v0 tlv_request success_request_with_credentials challenge_v0 success_request_with_credentials / ε | challenge_response_v0 tlv_success success_response_v0 challenge_response_v0 success_response_v0]
Nov 25, 2025 3:57:15 PM de.learnlib.logging.LearnLogger logQuery
INFO: [ε | challenge_v0 tlv_request success_request_with_credentials challenge_v0 4_way_message_1 / ε | challenge_response_v0 tlv_success success_response_v0 challenge_response_v0 4_way_message_2]
Nov 25, 2025 3:57:17 PM de.learnlib.logging.LearnLogger logQuery
INFO: [ε | challenge_v0 tlv_request success_request_with_credentials challenge_v0 id_request_v0 / ε | challenge_response_v0 tlv_success success_response_v0 challenge_response_v0 id_response_v0]
Nov 25, 2025 3:57:17 PM de.learnlib.logging.LearnLogger logQuery
INFO: DB CACHE [ε | challenge_v0 tlv_request success_and_cryptobinding challenge_v0 /  challenge_response_v0 tlv_success tlv_success challenge_response_v0]
Nov 25, 2025 3:57:19 PM de.learnlib.logging.LearnLogger logQuery
INFO: [ε | challenge_v0 tlv_request success_and_cryptobinding challenge_v0 success_request_with_credentials / ε | challenge_response_v0 tlv_success tlv_success challenge_response_v0 success_response_v0]
Nov 25, 2025 3:57:20 PM de.learnlib.logging.LearnLogger logQuery
INFO: [ε | challenge_v0 tlv_request success_and_cryptobinding challenge_v0 4_way_message_1 / ε | challenge_response_v0 tlv_success tlv_success challenge_response_v0 4_way_message_2]
Nov 25, 2025 3:57:22 PM de.learnlib.logging.LearnLogger logQuery
INFO: [ε | challenge_v0 tlv_request success_and_cryptobinding challenge_v0 id_request_v0 / ε | challenge_response_v0 tlv_success tlv_success challenge_response_v0 id_response_v0]
Nov 25, 2025 3:57:22 PM de.learnlib.logging.LearnLogger logQuery
INFO: DB CACHE [ε | challenge_v0 tlv_request eap_success challenge_v0 /  challenge_response_v0 tlv_success after_eap_success challenge_response_v0]
Nov 25, 2025 3:57:24 PM de.learnlib.logging.LearnLogger logQuery
INFO: [ε | challenge_v0 tlv_request eap_success challenge_v0 success_request_with_credentials / ε | challenge_response_v0 tlv_success after_eap_success challenge_response_v0 success_response_v0]
Nov 25, 2025 3:57:27 PM de.learnlib.logging.LearnLogger logQuery
INFO: [ε | challenge_v0 tlv_request eap_success challenge_v0 4_way_message_1 / ε | challenge_response_v0 tlv_success after_eap_success challenge_response_v0 4_way_message_2]
Nov 25, 2025 3:57:29 PM de.learnlib.logging.LearnLogger logQuery
INFO: [ε | challenge_v0 tlv_request eap_success challenge_v0 id_request_v0 / ε | challenge_response_v0 tlv_success after_eap_success challenge_response_v0 id_response_v0]
Nov 25, 2025 3:57:29 PM de.learnlib.logging.LearnLogger logQuery
INFO: DB CACHE [ε | challenge_v0 tlv_request id_request_v0 tlv_request /  challenge_response_v0 tlv_success id_response_v0 tlv_success]
Nov 25, 2025 3:57:31 PM de.learnlib.logging.LearnLogger logQuery
INFO: [ε | challenge_v0 tlv_request id_request_v0 tlv_request success_request_with_credentials / ε | challenge_response_v0 tlv_success id_response_v0 tlv_success success_response_v0]
Nov 25, 2025 3:57:33 PM de.learnlib.logging.LearnLogger logQuery
INFO: [ε | challenge_v0 tlv_request id_request_v0 tlv_request 4_way_message_1 / ε | challenge_response_v0 tlv_success id_response_v0 tlv_success 4_way_message_2]
Nov 25, 2025 3:57:35 PM de.learnlib.logging.LearnLogger logQuery
INFO: [ε | challenge_v0 tlv_request id_request_v0 tlv_request id_request_v0 / ε | challenge_response_v0 tlv_success id_response_v0 tlv_success id_response_v0]
Nov 25, 2025 3:57:35 PM de.learnlib.logging.LearnLogger logQuery
INFO: DB CACHE [ε | challenge_v0 tlv_request challenge_v0 tlv_request /  challenge_response_v0 tlv_success challenge_response_v0 tlv_success]
Nov 25, 2025 3:57:36 PM de.learnlib.logging.LearnLogger logQuery
INFO: [ε | challenge_v0 tlv_request challenge_v0 tlv_request success_request_with_credentials / ε | challenge_response_v0 tlv_success challenge_response_v0 tlv_success success_response_v0]
Nov 25, 2025 3:57:38 PM de.learnlib.logging.LearnLogger logQuery
INFO: [ε | challenge_v0 tlv_request challenge_v0 tlv_request 4_way_message_1 / ε | challenge_response_v0 tlv_success challenge_response_v0 tlv_success 4_way_message_2]
Nov 25, 2025 3:57:40 PM de.learnlib.logging.LearnLogger logQuery
INFO: [ε | challenge_v0 tlv_request challenge_v0 tlv_request id_request_v0 / ε | challenge_response_v0 tlv_success challenge_response_v0 tlv_success id_response_v0]
Nov 25, 2025 3:57:40 PM de.learnlib.logging.LearnLogger logQuery
INFO: DB CACHE [ε | challenge_v0 tlv_request tlv_request tlv_request /  challenge_response_v0 tlv_success tlv_success tlv_success]
Nov 25, 2025 3:57:42 PM de.learnlib.logging.LearnLogger logQuery
INFO: [ε | challenge_v0 tlv_request tlv_request tlv_request success_request_with_credentials / ε | challenge_response_v0 tlv_success tlv_success tlv_success success_response_v0]
Nov 25, 2025 3:57:43 PM de.learnlib.logging.LearnLogger logQuery
INFO: [ε | challenge_v0 tlv_request tlv_request tlv_request 4_way_message_1 / ε | challenge_response_v0 tlv_success tlv_success tlv_success 4_way_message_2]
Nov 25, 2025 3:57:45 PM de.learnlib.logging.LearnLogger logQuery
INFO: [ε | challenge_v0 tlv_request tlv_request tlv_request id_request_v0 / ε | challenge_response_v0 tlv_success tlv_success tlv_success id_response_v0]
Nov 25, 2025 3:57:45 PM de.learnlib.logging.LearnLogger logQuery
INFO: DB CACHE [ε | challenge_v0 tlv_request success_request_with_credentials tlv_request /  challenge_response_v0 tlv_success success_response_v0 tlv_success]
Nov 25, 2025 3:57:47 PM de.learnlib.logging.LearnLogger logQuery
INFO: [ε | challenge_v0 tlv_request success_request_with_credentials tlv_request success_request_with_credentials / ε | challenge_response_v0 tlv_success success_response_v0 tlv_success success_response_v0]
Nov 25, 2025 3:57:49 PM de.learnlib.logging.LearnLogger logQuery
INFO: [ε | challenge_v0 tlv_request success_request_with_credentials tlv_request 4_way_message_1 / ε | challenge_response_v0 tlv_success success_response_v0 tlv_success 4_way_message_2]
Nov 25, 2025 3:57:51 PM de.learnlib.logging.LearnLogger logQuery
INFO: [ε | challenge_v0 tlv_request success_request_with_credentials tlv_request id_request_v0 / ε | challenge_response_v0 tlv_success success_response_v0 tlv_success id_response_v0]
Nov 25, 2025 3:57:51 PM de.learnlib.logging.LearnLogger logQuery
INFO: DB CACHE [ε | challenge_v0 tlv_request success_and_cryptobinding tlv_request /  challenge_response_v0 tlv_success tlv_success tlv_success]
Nov 25, 2025 3:57:52 PM de.learnlib.logging.LearnLogger logQuery
INFO: [ε | challenge_v0 tlv_request success_and_cryptobinding tlv_request success_request_with_credentials / ε | challenge_response_v0 tlv_success tlv_success tlv_success success_response_v0]
Nov 25, 2025 3:57:54 PM de.learnlib.logging.LearnLogger logQuery
INFO: [ε | challenge_v0 tlv_request success_and_cryptobinding tlv_request 4_way_message_1 / ε | challenge_response_v0 tlv_success tlv_success tlv_success 4_way_message_2]
Nov 25, 2025 3:57:56 PM de.learnlib.logging.LearnLogger logQuery
INFO: [ε | challenge_v0 tlv_request success_and_cryptobinding tlv_request id_request_v0 / ε | challenge_response_v0 tlv_success tlv_success tlv_success id_response_v0]
Nov 25, 2025 3:57:56 PM de.learnlib.logging.LearnLogger logQuery
INFO: DB CACHE [ε | challenge_v0 tlv_request eap_success tlv_request /  challenge_response_v0 tlv_success after_eap_success tlv_success]
Nov 25, 2025 3:57:59 PM de.learnlib.logging.LearnLogger logQuery
INFO: [ε | challenge_v0 tlv_request eap_success tlv_request success_request_with_credentials / ε | challenge_response_v0 tlv_success after_eap_success tlv_success success_response_v0]
Nov 25, 2025 3:58:01 PM de.learnlib.logging.LearnLogger logQuery
INFO: [ε | challenge_v0 tlv_request eap_success tlv_request 4_way_message_1 / ε | challenge_response_v0 tlv_success after_eap_success tlv_success 4_way_message_2]
Nov 25, 2025 3:58:03 PM de.learnlib.logging.LearnLogger logQuery
INFO: [ε | challenge_v0 tlv_request eap_success tlv_request id_request_v0 / ε | challenge_response_v0 tlv_success after_eap_success tlv_success id_response_v0]
Nov 25, 2025 3:58:03 PM de.learnlib.logging.LearnLogger logQuery
INFO: DB CACHE [ε | challenge_v0 tlv_request id_request_v0 tlv_failure /  challenge_response_v0 tlv_success id_response_v0 tlv_failure]
Nov 25, 2025 3:58:03 PM de.learnlib.logging.LearnLogger logQuery
INFO: DB CACHE [ε | challenge_v0 tlv_request challenge_v0 tlv_failure /  challenge_response_v0 tlv_success challenge_response_v0 tlv_failure]
Nov 25, 2025 3:58:03 PM de.learnlib.logging.LearnLogger logQuery
INFO: DB CACHE [ε | challenge_v0 tlv_request tlv_request tlv_failure /  challenge_response_v0 tlv_success tlv_success tlv_failure]
Nov 25, 2025 3:58:03 PM de.learnlib.logging.LearnLogger logQuery
INFO: DB CACHE [ε | challenge_v0 tlv_request success_request_with_credentials tlv_failure /  challenge_response_v0 tlv_success success_response_v0 tlv_failure]
Nov 25, 2025 3:58:03 PM de.learnlib.logging.LearnLogger logQuery
INFO: DB CACHE [ε | challenge_v0 tlv_request success_and_cryptobinding tlv_failure /  challenge_response_v0 tlv_success tlv_success tlv_failure]
Nov 25, 2025 3:58:03 PM de.learnlib.logging.LearnLogger logQuery
INFO: DB CACHE [ε | challenge_v0 tlv_request eap_success tlv_failure /  challenge_response_v0 tlv_success after_eap_success tlv_failure]
Nov 25, 2025 3:58:03 PM de.learnlib.logging.LearnLogger logQuery
INFO: DB CACHE [ε | challenge_v0 tlv_request id_request_v0 success_request_all_zeros /  challenge_response_v0 tlv_success id_response_v0 no_reply]
Nov 25, 2025 3:58:03 PM de.learnlib.logging.LearnLogger logQuery
INFO: DB CACHE [ε | challenge_v0 tlv_request challenge_v0 success_request_all_zeros /  challenge_response_v0 tlv_success challenge_response_v0 no_reply]
Nov 25, 2025 3:58:03 PM de.learnlib.logging.LearnLogger logQuery
INFO: DB CACHE [ε | challenge_v0 tlv_request tlv_request success_request_all_zeros /  challenge_response_v0 tlv_success tlv_success no_reply]
Nov 25, 2025 3:58:03 PM de.learnlib.logging.LearnLogger logQuery
INFO: DB CACHE [ε | challenge_v0 tlv_request success_request_with_credentials success_request_all_zeros /  challenge_response_v0 tlv_success success_response_v0 no_reply]
Nov 25, 2025 3:58:03 PM de.learnlib.logging.LearnLogger logQuery
INFO: DB CACHE [ε | challenge_v0 tlv_request success_and_cryptobinding success_request_all_zeros /  challenge_response_v0 tlv_success tlv_success no_reply]
Nov 25, 2025 3:58:03 PM de.learnlib.logging.LearnLogger logQuery
INFO: DB CACHE [ε | challenge_v0 tlv_request eap_success success_request_all_zeros /  challenge_response_v0 tlv_success after_eap_success no_reply]
Nov 25, 2025 3:58:05 PM de.learnlib.logging.LearnLogger logQuery
INFO: [ε | challenge_v0 tlv_request id_request_v0 success_request_with_credentials success_request_with_credentials / ε | challenge_response_v0 tlv_success id_response_v0 success_response_v0 success_response_v0]
Nov 25, 2025 3:58:07 PM de.learnlib.logging.LearnLogger logQuery
INFO: [ε | challenge_v0 tlv_request id_request_v0 success_request_with_credentials 4_way_message_1 / ε | challenge_response_v0 tlv_success id_response_v0 success_response_v0 4_way_message_2]
Nov 25, 2025 3:58:08 PM de.learnlib.logging.LearnLogger logQuery
INFO: [ε | challenge_v0 tlv_request id_request_v0 success_request_with_credentials id_request_v0 / ε | challenge_response_v0 tlv_success id_response_v0 success_response_v0 id_response_v0]
Nov 25, 2025 3:58:10 PM de.learnlib.logging.LearnLogger logQuery
INFO: [ε | challenge_v0 tlv_request challenge_v0 success_request_with_credentials success_request_with_credentials / ε | challenge_response_v0 tlv_success challenge_response_v0 success_response_v0 success_response_v0]
Nov 25, 2025 3:58:12 PM de.learnlib.logging.LearnLogger logQuery
INFO: [ε | challenge_v0 tlv_request challenge_v0 success_request_with_credentials 4_way_message_1 / ε | challenge_response_v0 tlv_success challenge_response_v0 success_response_v0 4_way_message_2]
Nov 25, 2025 3:58:14 PM de.learnlib.logging.LearnLogger logQuery
INFO: [ε | challenge_v0 tlv_request challenge_v0 success_request_with_credentials id_request_v0 / ε | challenge_response_v0 tlv_success challenge_response_v0 success_response_v0 id_response_v0]
Nov 25, 2025 3:58:16 PM de.learnlib.logging.LearnLogger logQuery
INFO: [ε | challenge_v0 tlv_request tlv_request success_request_with_credentials success_request_with_credentials / ε | challenge_response_v0 tlv_success tlv_success success_response_v0 success_response_v0]
Nov 25, 2025 3:58:17 PM de.learnlib.logging.LearnLogger logQuery
INFO: [ε | challenge_v0 tlv_request tlv_request success_request_with_credentials 4_way_message_1 / ε | challenge_response_v0 tlv_success tlv_success success_response_v0 4_way_message_2]
Nov 25, 2025 3:58:19 PM de.learnlib.logging.LearnLogger logQuery
INFO: [ε | challenge_v0 tlv_request tlv_request success_request_with_credentials id_request_v0 / ε | challenge_response_v0 tlv_success tlv_success success_response_v0 id_response_v0]
Nov 25, 2025 3:58:21 PM de.learnlib.logging.LearnLogger logQuery
INFO: [ε | challenge_v0 tlv_request success_request_with_credentials success_request_with_credentials success_request_with_credentials / ε | challenge_response_v0 tlv_success success_response_v0 success_response_v0 success_response_v0]
Nov 25, 2025 3:58:23 PM de.learnlib.logging.LearnLogger logQuery
INFO: [ε | challenge_v0 tlv_request success_request_with_credentials success_request_with_credentials 4_way_message_1 / ε | challenge_response_v0 tlv_success success_response_v0 success_response_v0 4_way_message_2]
Nov 25, 2025 3:58:25 PM de.learnlib.logging.LearnLogger logQuery
INFO: [ε | challenge_v0 tlv_request success_request_with_credentials success_request_with_credentials id_request_v0 / ε | challenge_response_v0 tlv_success success_response_v0 success_response_v0 id_response_v0]
Nov 25, 2025 3:58:26 PM de.learnlib.logging.LearnLogger logQuery
INFO: [ε | challenge_v0 tlv_request success_and_cryptobinding success_request_with_credentials success_request_with_credentials / ε | challenge_response_v0 tlv_success tlv_success success_response_v0 success_response_v0]
Nov 25, 2025 3:58:28 PM de.learnlib.logging.LearnLogger logQuery
INFO: [ε | challenge_v0 tlv_request success_and_cryptobinding success_request_with_credentials 4_way_message_1 / ε | challenge_response_v0 tlv_success tlv_success success_response_v0 4_way_message_2]
Nov 25, 2025 3:58:30 PM de.learnlib.logging.LearnLogger logQuery
INFO: [ε | challenge_v0 tlv_request success_and_cryptobinding success_request_with_credentials id_request_v0 / ε | challenge_response_v0 tlv_success tlv_success success_response_v0 id_response_v0]
Nov 25, 2025 3:58:33 PM de.learnlib.logging.LearnLogger logQuery
INFO: [ε | challenge_v0 tlv_request eap_success success_request_with_credentials success_request_with_credentials / ε | challenge_response_v0 tlv_success after_eap_success success_response_v0 success_response_v0]
Nov 25, 2025 3:58:35 PM de.learnlib.logging.LearnLogger logQuery
INFO: [ε | challenge_v0 tlv_request eap_success success_request_with_credentials 4_way_message_1 / ε | challenge_response_v0 tlv_success after_eap_success success_response_v0 4_way_message_2]
Nov 25, 2025 3:58:37 PM de.learnlib.logging.LearnLogger logQuery
INFO: [ε | challenge_v0 tlv_request eap_success success_request_with_credentials id_request_v0 / ε | challenge_response_v0 tlv_success after_eap_success success_response_v0 id_response_v0]
Nov 25, 2025 3:58:37 PM de.learnlib.logging.LearnLogger logQuery
INFO: DB CACHE [ε | challenge_v0 tlv_request id_request_v0 success_and_cryptobinding /  challenge_response_v0 tlv_success id_response_v0 tlv_success]
Nov 25, 2025 3:58:39 PM de.learnlib.logging.LearnLogger logQuery
INFO: [ε | challenge_v0 tlv_request id_request_v0 success_and_cryptobinding success_request_with_credentials / ε | challenge_response_v0 tlv_success id_response_v0 tlv_success success_response_v0]
Nov 25, 2025 3:58:40 PM de.learnlib.logging.LearnLogger logQuery
INFO: [ε | challenge_v0 tlv_request id_request_v0 success_and_cryptobinding 4_way_message_1 / ε | challenge_response_v0 tlv_success id_response_v0 tlv_success 4_way_message_2]
Nov 25, 2025 3:58:42 PM de.learnlib.logging.LearnLogger logQuery
INFO: [ε | challenge_v0 tlv_request id_request_v0 success_and_cryptobinding id_request_v0 / ε | challenge_response_v0 tlv_success id_response_v0 tlv_success id_response_v0]
Nov 25, 2025 3:58:42 PM de.learnlib.logging.LearnLogger logQuery
INFO: DB CACHE [ε | challenge_v0 tlv_request challenge_v0 success_and_cryptobinding /  challenge_response_v0 tlv_success challenge_response_v0 tlv_success]
Nov 25, 2025 3:58:44 PM de.learnlib.logging.LearnLogger logQuery
INFO: [ε | challenge_v0 tlv_request challenge_v0 success_and_cryptobinding success_request_with_credentials / ε | challenge_response_v0 tlv_success challenge_response_v0 tlv_success success_response_v0]
Nov 25, 2025 3:58:46 PM de.learnlib.logging.LearnLogger logQuery
INFO: [ε | challenge_v0 tlv_request challenge_v0 success_and_cryptobinding 4_way_message_1 / ε | challenge_response_v0 tlv_success challenge_response_v0 tlv_success 4_way_message_2]
Nov 25, 2025 3:58:48 PM de.learnlib.logging.LearnLogger logQuery
INFO: [ε | challenge_v0 tlv_request challenge_v0 success_and_cryptobinding id_request_v0 / ε | challenge_response_v0 tlv_success challenge_response_v0 tlv_success id_response_v0]
Nov 25, 2025 3:58:48 PM de.learnlib.logging.LearnLogger logQuery
INFO: DB CACHE [ε | challenge_v0 tlv_request tlv_request success_and_cryptobinding /  challenge_response_v0 tlv_success tlv_success tlv_success]
Nov 25, 2025 3:58:50 PM de.learnlib.logging.LearnLogger logQuery
INFO: [ε | challenge_v0 tlv_request tlv_request success_and_cryptobinding success_request_with_credentials / ε | challenge_response_v0 tlv_success tlv_success tlv_success success_response_v0]
Nov 25, 2025 3:58:51 PM de.learnlib.logging.LearnLogger logQuery
INFO: [ε | challenge_v0 tlv_request tlv_request success_and_cryptobinding 4_way_message_1 / ε | challenge_response_v0 tlv_success tlv_success tlv_success 4_way_message_2]
Nov 25, 2025 3:58:53 PM de.learnlib.logging.LearnLogger logQuery
INFO: [ε | challenge_v0 tlv_request tlv_request success_and_cryptobinding id_request_v0 / ε | challenge_response_v0 tlv_success tlv_success tlv_success id_response_v0]
Nov 25, 2025 3:58:54 PM de.learnlib.logging.LearnLogger logQuery
INFO: DB CACHE [ε | challenge_v0 tlv_request success_request_with_credentials success_and_cryptobinding /  challenge_response_v0 tlv_success success_response_v0 tlv_success]
Nov 25, 2025 3:58:55 PM de.learnlib.logging.LearnLogger logQuery
INFO: [ε | challenge_v0 tlv_request success_request_with_credentials success_and_cryptobinding success_request_with_credentials / ε | challenge_response_v0 tlv_success success_response_v0 tlv_success success_response_v0]
Nov 25, 2025 3:58:57 PM de.learnlib.logging.LearnLogger logQuery
INFO: [ε | challenge_v0 tlv_request success_request_with_credentials success_and_cryptobinding 4_way_message_1 / ε | challenge_response_v0 tlv_success success_response_v0 tlv_success 4_way_message_2]
Nov 25, 2025 3:58:59 PM de.learnlib.logging.LearnLogger logQuery
INFO: [ε | challenge_v0 tlv_request success_request_with_credentials success_and_cryptobinding id_request_v0 / ε | challenge_response_v0 tlv_success success_response_v0 tlv_success id_response_v0]
Nov 25, 2025 3:58:59 PM de.learnlib.logging.LearnLogger logQuery
INFO: DB CACHE [ε | challenge_v0 tlv_request success_and_cryptobinding success_and_cryptobinding /  challenge_response_v0 tlv_success tlv_success tlv_success]
Nov 25, 2025 3:59:00 PM de.learnlib.logging.LearnLogger logQuery
INFO: [ε | challenge_v0 tlv_request success_and_cryptobinding success_and_cryptobinding success_request_with_credentials / ε | challenge_response_v0 tlv_success tlv_success tlv_success success_response_v0]
Nov 25, 2025 3:59:02 PM de.learnlib.logging.LearnLogger logQuery
INFO: [ε | challenge_v0 tlv_request success_and_cryptobinding success_and_cryptobinding 4_way_message_1 / ε | challenge_response_v0 tlv_success tlv_success tlv_success 4_way_message_2]
Nov 25, 2025 3:59:04 PM de.learnlib.logging.LearnLogger logQuery
INFO: [ε | challenge_v0 tlv_request success_and_cryptobinding success_and_cryptobinding id_request_v0 / ε | challenge_response_v0 tlv_success tlv_success tlv_success id_response_v0]
Nov 25, 2025 3:59:04 PM de.learnlib.logging.LearnLogger logQuery
INFO: DB CACHE [ε | challenge_v0 tlv_request eap_success success_and_cryptobinding /  challenge_response_v0 tlv_success after_eap_success tlv_success]
Nov 25, 2025 3:59:06 PM de.learnlib.logging.LearnLogger logQuery
INFO: [ε | challenge_v0 tlv_request eap_success success_and_cryptobinding success_request_with_credentials / ε | challenge_response_v0 tlv_success after_eap_success tlv_success success_response_v0]
Nov 25, 2025 3:59:08 PM de.learnlib.logging.LearnLogger logQuery
INFO: [ε | challenge_v0 tlv_request eap_success success_and_cryptobinding 4_way_message_1 / ε | challenge_response_v0 tlv_success after_eap_success tlv_success 4_way_message_2]
Nov 25, 2025 3:59:11 PM de.learnlib.logging.LearnLogger logQuery
INFO: [ε | challenge_v0 tlv_request eap_success success_and_cryptobinding id_request_v0 / ε | challenge_response_v0 tlv_success after_eap_success tlv_success id_response_v0]
Nov 25, 2025 3:59:11 PM de.learnlib.logging.LearnLogger logQuery
INFO: DB CACHE [ε | challenge_v0 tlv_request id_request_v0 cryptobinding /  challenge_response_v0 tlv_success id_response_v0 no_reply]
Nov 25, 2025 3:59:11 PM de.learnlib.logging.LearnLogger logQuery
INFO: DB CACHE [ε | challenge_v0 tlv_request challenge_v0 cryptobinding /  challenge_response_v0 tlv_success challenge_response_v0 no_reply]
Nov 25, 2025 3:59:11 PM de.learnlib.logging.LearnLogger logQuery
INFO: DB CACHE [ε | challenge_v0 tlv_request tlv_request cryptobinding /  challenge_response_v0 tlv_success tlv_success no_reply]
Nov 25, 2025 3:59:11 PM de.learnlib.logging.LearnLogger logQuery
INFO: DB CACHE [ε | challenge_v0 tlv_request success_request_with_credentials cryptobinding /  challenge_response_v0 tlv_success success_response_v0 no_reply]
Nov 25, 2025 3:59:11 PM de.learnlib.logging.LearnLogger logQuery
INFO: DB CACHE [ε | challenge_v0 tlv_request success_and_cryptobinding cryptobinding /  challenge_response_v0 tlv_success tlv_success no_reply]
Nov 25, 2025 3:59:11 PM de.learnlib.logging.LearnLogger logQuery
INFO: DB CACHE [ε | challenge_v0 tlv_request eap_success cryptobinding /  challenge_response_v0 tlv_success after_eap_success no_reply]
Nov 25, 2025 3:59:11 PM de.learnlib.logging.LearnLogger logQuery
INFO: DB CACHE [ε | challenge_v0 tlv_request id_request_v0 eap_success /  challenge_response_v0 tlv_success id_response_v0 after_eap_success]
Nov 25, 2025 3:59:13 PM de.learnlib.logging.LearnLogger logQuery
INFO: [ε | challenge_v0 tlv_request id_request_v0 eap_success success_request_with_credentials / ε | challenge_response_v0 tlv_success id_response_v0 after_eap_success success_response_v0]
Nov 25, 2025 3:59:15 PM de.learnlib.logging.LearnLogger logQuery
INFO: [ε | challenge_v0 tlv_request id_request_v0 eap_success 4_way_message_1 / ε | challenge_response_v0 tlv_success id_response_v0 after_eap_success 4_way_message_2]
Nov 25, 2025 3:59:18 PM de.learnlib.logging.LearnLogger logQuery
INFO: [ε | challenge_v0 tlv_request id_request_v0 eap_success id_request_v0 / ε | challenge_response_v0 tlv_success id_response_v0 after_eap_success id_response_v0]
Nov 25, 2025 3:59:18 PM de.learnlib.logging.LearnLogger logQuery
INFO: DB CACHE [ε | challenge_v0 tlv_request challenge_v0 eap_success /  challenge_response_v0 tlv_success challenge_response_v0 after_eap_success]
Nov 25, 2025 3:59:20 PM de.learnlib.logging.LearnLogger logQuery
INFO: [ε | challenge_v0 tlv_request challenge_v0 eap_success success_request_with_credentials / ε | challenge_response_v0 tlv_success challenge_response_v0 after_eap_success success_response_v0]
Nov 25, 2025 3:59:22 PM de.learnlib.logging.LearnLogger logQuery
INFO: [ε | challenge_v0 tlv_request challenge_v0 eap_success 4_way_message_1 / ε | challenge_response_v0 tlv_success challenge_response_v0 after_eap_success 4_way_message_2]
Nov 25, 2025 3:59:24 PM de.learnlib.logging.LearnLogger logQuery
INFO: [ε | challenge_v0 tlv_request challenge_v0 eap_success id_request_v0 / ε | challenge_response_v0 tlv_success challenge_response_v0 after_eap_success id_response_v0]
Nov 25, 2025 3:59:24 PM de.learnlib.logging.LearnLogger logQuery
INFO: DB CACHE [ε | challenge_v0 tlv_request tlv_request eap_success /  challenge_response_v0 tlv_success tlv_success after_eap_success]
Nov 25, 2025 3:59:26 PM de.learnlib.logging.LearnLogger logQuery
INFO: [ε | challenge_v0 tlv_request tlv_request eap_success success_request_with_credentials / ε | challenge_response_v0 tlv_success tlv_success after_eap_success success_response_v0]
Nov 25, 2025 3:59:29 PM de.learnlib.logging.LearnLogger logQuery
INFO: [ε | challenge_v0 tlv_request tlv_request eap_success 4_way_message_1 / ε | challenge_response_v0 tlv_success tlv_success after_eap_success 4_way_message_2]
Nov 25, 2025 3:59:31 PM de.learnlib.logging.LearnLogger logQuery
INFO: [ε | challenge_v0 tlv_request tlv_request eap_success id_request_v0 / ε | challenge_response_v0 tlv_success tlv_success after_eap_success id_response_v0]
Nov 25, 2025 3:59:31 PM de.learnlib.logging.LearnLogger logQuery
INFO: DB CACHE [ε | challenge_v0 tlv_request success_request_with_credentials eap_success /  challenge_response_v0 tlv_success success_response_v0 after_eap_success]
Nov 25, 2025 3:59:33 PM de.learnlib.logging.LearnLogger logQuery
INFO: [ε | challenge_v0 tlv_request success_request_with_credentials eap_success success_request_with_credentials / ε | challenge_response_v0 tlv_success success_response_v0 after_eap_success success_response_v0]
Nov 25, 2025 3:59:35 PM de.learnlib.logging.LearnLogger logQuery
INFO: [ε | challenge_v0 tlv_request success_request_with_credentials eap_success 4_way_message_1 / ε | challenge_response_v0 tlv_success success_response_v0 after_eap_success 4_way_message_2]
Nov 25, 2025 3:59:38 PM de.learnlib.logging.LearnLogger logQuery
INFO: [ε | challenge_v0 tlv_request success_request_with_credentials eap_success id_request_v0 / ε | challenge_response_v0 tlv_success success_response_v0 after_eap_success id_response_v0]
Nov 25, 2025 3:59:38 PM de.learnlib.logging.LearnLogger logQuery
INFO: DB CACHE [ε | challenge_v0 tlv_request success_and_cryptobinding eap_success /  challenge_response_v0 tlv_success tlv_success after_eap_success]
Nov 25, 2025 3:59:40 PM de.learnlib.logging.LearnLogger logQuery
INFO: [ε | challenge_v0 tlv_request success_and_cryptobinding eap_success success_request_with_credentials / ε | challenge_response_v0 tlv_success tlv_success after_eap_success success_response_v0]
Nov 25, 2025 3:59:42 PM de.learnlib.logging.LearnLogger logQuery
INFO: [ε | challenge_v0 tlv_request success_and_cryptobinding eap_success 4_way_message_1 / ε | challenge_response_v0 tlv_success tlv_success after_eap_success 4_way_message_2]
Nov 25, 2025 3:59:44 PM de.learnlib.logging.LearnLogger logQuery
INFO: [ε | challenge_v0 tlv_request success_and_cryptobinding eap_success id_request_v0 / ε | challenge_response_v0 tlv_success tlv_success after_eap_success id_response_v0]
Nov 25, 2025 3:59:45 PM de.learnlib.logging.LearnLogger logQuery
INFO: DB CACHE [ε | challenge_v0 tlv_request eap_success eap_success /  challenge_response_v0 tlv_success after_eap_success after_eap_success]
Nov 25, 2025 3:59:47 PM de.learnlib.logging.LearnLogger logQuery
INFO: [ε | challenge_v0 tlv_request eap_success eap_success success_request_with_credentials / ε | challenge_response_v0 tlv_success after_eap_success after_eap_success success_response_v0]
Nov 25, 2025 3:59:50 PM de.learnlib.logging.LearnLogger logQuery
INFO: [ε | challenge_v0 tlv_request eap_success eap_success 4_way_message_1 / ε | challenge_response_v0 tlv_success after_eap_success after_eap_success 4_way_message_2]
Nov 25, 2025 3:59:53 PM de.learnlib.logging.LearnLogger logQuery
INFO: [ε | challenge_v0 tlv_request eap_success eap_success id_request_v0 / ε | challenge_response_v0 tlv_success after_eap_success after_eap_success id_response_v0]
Nov 25, 2025 3:59:54 PM de.learnlib.logging.LearnLogger logQuery
INFO: [ε | challenge_v0 success_request_with_credentials id_request_v0 id_request_v0 success_request_with_credentials / ε | challenge_response_v0 success_response_v0 id_response_v0 id_response_v0 success_response_v0]
Nov 25, 2025 3:59:56 PM de.learnlib.logging.LearnLogger logQuery
INFO: [ε | challenge_v0 success_request_with_credentials id_request_v0 id_request_v0 4_way_message_1 / ε | challenge_response_v0 success_response_v0 id_response_v0 id_response_v0 4_way_message_2]
Nov 25, 2025 3:59:58 PM de.learnlib.logging.LearnLogger logQuery
INFO: [ε | challenge_v0 success_request_with_credentials id_request_v0 id_request_v0 id_request_v0 / ε | challenge_response_v0 success_response_v0 id_response_v0 id_response_v0 id_response_v0]
Nov 25, 2025 4:00:00 PM de.learnlib.logging.LearnLogger logQuery
INFO: [ε | challenge_v0 success_request_with_credentials challenge_v0 id_request_v0 success_request_with_credentials / ε | challenge_response_v0 success_response_v0 challenge_response_v0 id_response_v0 success_response_v0]
Nov 25, 2025 4:00:01 PM de.learnlib.logging.LearnLogger logQuery
INFO: [ε | challenge_v0 success_request_with_credentials challenge_v0 id_request_v0 4_way_message_1 / ε | challenge_response_v0 success_response_v0 challenge_response_v0 id_response_v0 4_way_message_2]
Nov 25, 2025 4:00:03 PM de.learnlib.logging.LearnLogger logQuery
INFO: [ε | challenge_v0 success_request_with_credentials challenge_v0 id_request_v0 id_request_v0 / ε | challenge_response_v0 success_response_v0 challenge_response_v0 id_response_v0 id_response_v0]
Nov 25, 2025 4:00:05 PM de.learnlib.logging.LearnLogger logQuery
INFO: [ε | challenge_v0 success_request_with_credentials tlv_request id_request_v0 success_request_with_credentials / ε | challenge_response_v0 success_response_v0 tlv_success id_response_v0 success_response_v0]
Nov 25, 2025 4:00:07 PM de.learnlib.logging.LearnLogger logQuery
INFO: [ε | challenge_v0 success_request_with_credentials tlv_request id_request_v0 4_way_message_1 / ε | challenge_response_v0 success_response_v0 tlv_success id_response_v0 4_way_message_2]
Nov 25, 2025 4:00:09 PM de.learnlib.logging.LearnLogger logQuery
INFO: [ε | challenge_v0 success_request_with_credentials tlv_request id_request_v0 id_request_v0 / ε | challenge_response_v0 success_response_v0 tlv_success id_response_v0 id_response_v0]
Nov 25, 2025 4:00:11 PM de.learnlib.logging.LearnLogger logQuery
INFO: [ε | challenge_v0 success_request_with_credentials success_request_with_credentials id_request_v0 success_request_with_credentials / ε | challenge_response_v0 success_response_v0 success_response_v0 id_response_v0 success_response_v0]
Nov 25, 2025 4:00:13 PM de.learnlib.logging.LearnLogger logQuery
INFO: [ε | challenge_v0 success_request_with_credentials success_request_with_credentials id_request_v0 4_way_message_1 / ε | challenge_response_v0 success_response_v0 success_response_v0 id_response_v0 4_way_message_2]
Nov 25, 2025 4:00:14 PM de.learnlib.logging.LearnLogger logQuery
INFO: [ε | challenge_v0 success_request_with_credentials success_request_with_credentials id_request_v0 id_request_v0 / ε | challenge_response_v0 success_response_v0 success_response_v0 id_response_v0 id_response_v0]
Nov 25, 2025 4:00:16 PM de.learnlib.logging.LearnLogger logQuery
INFO: [ε | challenge_v0 success_request_with_credentials success_and_cryptobinding id_request_v0 success_request_with_credentials / ε | challenge_response_v0 success_response_v0 tlv_success id_response_v0 success_response_v0]
Nov 25, 2025 4:00:18 PM de.learnlib.logging.LearnLogger logQuery
INFO: [ε | challenge_v0 success_request_with_credentials success_and_cryptobinding id_request_v0 4_way_message_1 / ε | challenge_response_v0 success_response_v0 tlv_success id_response_v0 4_way_message_2]
Nov 25, 2025 4:00:20 PM de.learnlib.logging.LearnLogger logQuery
INFO: [ε | challenge_v0 success_request_with_credentials success_and_cryptobinding id_request_v0 id_request_v0 / ε | challenge_response_v0 success_response_v0 tlv_success id_response_v0 id_response_v0]
Nov 25, 2025 4:00:22 PM de.learnlib.logging.LearnLogger logQuery
INFO: [ε | challenge_v0 success_request_with_credentials eap_success id_request_v0 success_request_with_credentials / ε | challenge_response_v0 success_response_v0 after_eap_success id_response_v0 success_response_v0]
Nov 25, 2025 4:00:24 PM de.learnlib.logging.LearnLogger logQuery
INFO: [ε | challenge_v0 success_request_with_credentials eap_success id_request_v0 4_way_message_1 / ε | challenge_response_v0 success_response_v0 after_eap_success id_response_v0 4_way_message_2]
Nov 25, 2025 4:00:27 PM de.learnlib.logging.LearnLogger logQuery
INFO: [ε | challenge_v0 success_request_with_credentials eap_success id_request_v0 id_request_v0 / ε | challenge_response_v0 success_response_v0 after_eap_success id_response_v0 id_response_v0]
Nov 25, 2025 4:00:28 PM de.learnlib.logging.LearnLogger logQuery
INFO: [ε | challenge_v0 success_request_with_credentials id_request_v0 challenge_v0 / ε | challenge_response_v0 success_response_v0 id_response_v0 challenge_response_v0]
Nov 25, 2025 4:00:30 PM de.learnlib.logging.LearnLogger logQuery
INFO: [ε | challenge_v0 success_request_with_credentials id_request_v0 challenge_v0 success_request_with_credentials / ε | challenge_response_v0 success_response_v0 id_response_v0 challenge_response_v0 success_response_v0]
Nov 25, 2025 4:00:32 PM de.learnlib.logging.LearnLogger logQuery
INFO: [ε | challenge_v0 success_request_with_credentials id_request_v0 challenge_v0 4_way_message_1 / ε | challenge_response_v0 success_response_v0 id_response_v0 challenge_response_v0 4_way_message_2]
Nov 25, 2025 4:00:33 PM de.learnlib.logging.LearnLogger logQuery
INFO: [ε | challenge_v0 success_request_with_credentials id_request_v0 challenge_v0 id_request_v0 / ε | challenge_response_v0 success_response_v0 id_response_v0 challenge_response_v0 id_response_v0]
Nov 25, 2025 4:00:35 PM de.learnlib.logging.LearnLogger logQuery
INFO: [ε | challenge_v0 success_request_with_credentials challenge_v0 challenge_v0 / ε | challenge_response_v0 success_response_v0 challenge_response_v0 challenge_response_v0]
Nov 25, 2025 4:00:37 PM de.learnlib.logging.LearnLogger logQuery
INFO: [ε | challenge_v0 success_request_with_credentials challenge_v0 challenge_v0 success_request_with_credentials / ε | challenge_response_v0 success_response_v0 challenge_response_v0 challenge_response_v0 success_response_v0]
Nov 25, 2025 4:00:39 PM de.learnlib.logging.LearnLogger logQuery
INFO: [ε | challenge_v0 success_request_with_credentials challenge_v0 challenge_v0 4_way_message_1 / ε | challenge_response_v0 success_response_v0 challenge_response_v0 challenge_response_v0 4_way_message_2]
Nov 25, 2025 4:00:41 PM de.learnlib.logging.LearnLogger logQuery
INFO: [ε | challenge_v0 success_request_with_credentials challenge_v0 challenge_v0 id_request_v0 / ε | challenge_response_v0 success_response_v0 challenge_response_v0 challenge_response_v0 id_response_v0]
Nov 25, 2025 4:00:43 PM de.learnlib.logging.LearnLogger logQuery
INFO: [ε | challenge_v0 success_request_with_credentials tlv_request challenge_v0 / ε | challenge_response_v0 success_response_v0 tlv_success challenge_response_v0]
Nov 25, 2025 4:00:44 PM de.learnlib.logging.LearnLogger logQuery
INFO: [ε | challenge_v0 success_request_with_credentials tlv_request challenge_v0 success_request_with_credentials / ε | challenge_response_v0 success_response_v0 tlv_success challenge_response_v0 success_response_v0]
Nov 25, 2025 4:00:46 PM de.learnlib.logging.LearnLogger logQuery
INFO: [ε | challenge_v0 success_request_with_credentials tlv_request challenge_v0 4_way_message_1 / ε | challenge_response_v0 success_response_v0 tlv_success challenge_response_v0 4_way_message_2]
Nov 25, 2025 4:00:48 PM de.learnlib.logging.LearnLogger logQuery
INFO: [ε | challenge_v0 success_request_with_credentials tlv_request challenge_v0 id_request_v0 / ε | challenge_response_v0 success_response_v0 tlv_success challenge_response_v0 id_response_v0]
Nov 25, 2025 4:00:50 PM de.learnlib.logging.LearnLogger logQuery
INFO: [ε | challenge_v0 success_request_with_credentials success_request_with_credentials challenge_v0 / ε | challenge_response_v0 success_response_v0 success_response_v0 challenge_response_v0]
Nov 25, 2025 4:00:51 PM de.learnlib.logging.LearnLogger logQuery
INFO: [ε | challenge_v0 success_request_with_credentials success_request_with_credentials challenge_v0 success_request_with_credentials / ε | challenge_response_v0 success_response_v0 success_response_v0 challenge_response_v0 success_response_v0]
Nov 25, 2025 4:00:53 PM de.learnlib.logging.LearnLogger logQuery
INFO: [ε | challenge_v0 success_request_with_credentials success_request_with_credentials challenge_v0 4_way_message_1 / ε | challenge_response_v0 success_response_v0 success_response_v0 challenge_response_v0 4_way_message_2]
Nov 25, 2025 4:00:55 PM de.learnlib.logging.LearnLogger logQuery
INFO: [ε | challenge_v0 success_request_with_credentials success_request_with_credentials challenge_v0 id_request_v0 / ε | challenge_response_v0 success_response_v0 success_response_v0 challenge_response_v0 id_response_v0]
Nov 25, 2025 4:00:57 PM de.learnlib.logging.LearnLogger logQuery
INFO: [ε | challenge_v0 success_request_with_credentials success_and_cryptobinding challenge_v0 / ε | challenge_response_v0 success_response_v0 tlv_success challenge_response_v0]
Nov 25, 2025 4:00:59 PM de.learnlib.logging.LearnLogger logQuery
INFO: [ε | challenge_v0 success_request_with_credentials success_and_cryptobinding challenge_v0 success_request_with_credentials / ε | challenge_response_v0 success_response_v0 tlv_success challenge_response_v0 success_response_v0]
Nov 25, 2025 4:01:01 PM de.learnlib.logging.LearnLogger logQuery
INFO: [ε | challenge_v0 success_request_with_credentials success_and_cryptobinding challenge_v0 4_way_message_1 / ε | challenge_response_v0 success_response_v0 tlv_success challenge_response_v0 4_way_message_2]
Nov 25, 2025 4:01:03 PM de.learnlib.logging.LearnLogger logQuery
INFO: [ε | challenge_v0 success_request_with_credentials success_and_cryptobinding challenge_v0 id_request_v0 / ε | challenge_response_v0 success_response_v0 tlv_success challenge_response_v0 id_response_v0]
Nov 25, 2025 4:01:05 PM de.learnlib.logging.LearnLogger logQuery
INFO: [ε | challenge_v0 success_request_with_credentials eap_success challenge_v0 / ε | challenge_response_v0 success_response_v0 after_eap_success challenge_response_v0]
Nov 25, 2025 4:01:07 PM de.learnlib.logging.LearnLogger logQuery
INFO: [ε | challenge_v0 success_request_with_credentials eap_success challenge_v0 success_request_with_credentials / ε | challenge_response_v0 success_response_v0 after_eap_success challenge_response_v0 success_response_v0]
Nov 25, 2025 4:01:09 PM de.learnlib.logging.LearnLogger logQuery
INFO: [ε | challenge_v0 success_request_with_credentials eap_success challenge_v0 4_way_message_1 / ε | challenge_response_v0 success_response_v0 after_eap_success challenge_response_v0 4_way_message_2]
Nov 25, 2025 4:01:12 PM de.learnlib.logging.LearnLogger logQuery
INFO: [ε | challenge_v0 success_request_with_credentials eap_success challenge_v0 id_request_v0 / ε | challenge_response_v0 success_response_v0 after_eap_success challenge_response_v0 id_response_v0]
Nov 25, 2025 4:01:13 PM de.learnlib.logging.LearnLogger logQuery
INFO: [ε | challenge_v0 success_request_with_credentials id_request_v0 tlv_request / ε | challenge_response_v0 success_response_v0 id_response_v0 tlv_success]
Nov 25, 2025 4:01:15 PM de.learnlib.logging.LearnLogger logQuery
INFO: [ε | challenge_v0 success_request_with_credentials id_request_v0 tlv_request success_request_with_credentials / ε | challenge_response_v0 success_response_v0 id_response_v0 tlv_success success_response_v0]
Nov 25, 2025 4:01:17 PM de.learnlib.logging.LearnLogger logQuery
INFO: [ε | challenge_v0 success_request_with_credentials id_request_v0 tlv_request 4_way_message_1 / ε | challenge_response_v0 success_response_v0 id_response_v0 tlv_success 4_way_message_2]
Nov 25, 2025 4:01:19 PM de.learnlib.logging.LearnLogger logQuery
INFO: [ε | challenge_v0 success_request_with_credentials id_request_v0 tlv_request id_request_v0 / ε | challenge_response_v0 success_response_v0 id_response_v0 tlv_success id_response_v0]
Nov 25, 2025 4:01:20 PM de.learnlib.logging.LearnLogger logQuery
INFO: [ε | challenge_v0 success_request_with_credentials challenge_v0 tlv_request / ε | challenge_response_v0 success_response_v0 challenge_response_v0 tlv_success]
Nov 25, 2025 4:01:22 PM de.learnlib.logging.LearnLogger logQuery
INFO: [ε | challenge_v0 success_request_with_credentials challenge_v0 tlv_request success_request_with_credentials / ε | challenge_response_v0 success_response_v0 challenge_response_v0 tlv_success success_response_v0]
Nov 25, 2025 4:01:24 PM de.learnlib.logging.LearnLogger logQuery
INFO: [ε | challenge_v0 success_request_with_credentials challenge_v0 tlv_request 4_way_message_1 / ε | challenge_response_v0 success_response_v0 challenge_response_v0 tlv_success 4_way_message_2]
Nov 25, 2025 4:01:26 PM de.learnlib.logging.LearnLogger logQuery
INFO: [ε | challenge_v0 success_request_with_credentials challenge_v0 tlv_request id_request_v0 / ε | challenge_response_v0 success_response_v0 challenge_response_v0 tlv_success id_response_v0]
Nov 25, 2025 4:01:27 PM de.learnlib.logging.LearnLogger logQuery
INFO: [ε | challenge_v0 success_request_with_credentials tlv_request tlv_request / ε | challenge_response_v0 success_response_v0 tlv_success tlv_success]
Nov 25, 2025 4:01:29 PM de.learnlib.logging.LearnLogger logQuery
INFO: [ε | challenge_v0 success_request_with_credentials tlv_request tlv_request success_request_with_credentials / ε | challenge_response_v0 success_response_v0 tlv_success tlv_success success_response_v0]
Nov 25, 2025 4:01:31 PM de.learnlib.logging.LearnLogger logQuery
INFO: [ε | challenge_v0 success_request_with_credentials tlv_request tlv_request 4_way_message_1 / ε | challenge_response_v0 success_response_v0 tlv_success tlv_success 4_way_message_2]
Nov 25, 2025 4:01:33 PM de.learnlib.logging.LearnLogger logQuery
INFO: [ε | challenge_v0 success_request_with_credentials tlv_request tlv_request id_request_v0 / ε | challenge_response_v0 success_response_v0 tlv_success tlv_success id_response_v0]
Nov 25, 2025 4:01:35 PM de.learnlib.logging.LearnLogger logQuery
INFO: [ε | challenge_v0 success_request_with_credentials success_request_with_credentials tlv_request / ε | challenge_response_v0 success_response_v0 success_response_v0 tlv_success]
Nov 25, 2025 4:01:36 PM de.learnlib.logging.LearnLogger logQuery
INFO: [ε | challenge_v0 success_request_with_credentials success_request_with_credentials tlv_request success_request_with_credentials / ε | challenge_response_v0 success_response_v0 success_response_v0 tlv_success success_response_v0]
Nov 25, 2025 4:01:38 PM de.learnlib.logging.LearnLogger logQuery
INFO: [ε | challenge_v0 success_request_with_credentials success_request_with_credentials tlv_request 4_way_message_1 / ε | challenge_response_v0 success_response_v0 success_response_v0 tlv_success 4_way_message_2]
Nov 25, 2025 4:01:40 PM de.learnlib.logging.LearnLogger logQuery
INFO: [ε | challenge_v0 success_request_with_credentials success_request_with_credentials tlv_request id_request_v0 / ε | challenge_response_v0 success_response_v0 success_response_v0 tlv_success id_response_v0]
Nov 25, 2025 4:01:42 PM de.learnlib.logging.LearnLogger logQuery
INFO: [ε | challenge_v0 success_request_with_credentials success_and_cryptobinding tlv_request / ε | challenge_response_v0 success_response_v0 tlv_success tlv_success]
Nov 25, 2025 4:01:43 PM de.learnlib.logging.LearnLogger logQuery
INFO: [ε | challenge_v0 success_request_with_credentials success_and_cryptobinding tlv_request success_request_with_credentials / ε | challenge_response_v0 success_response_v0 tlv_success tlv_success success_response_v0]
Nov 25, 2025 4:01:45 PM de.learnlib.logging.LearnLogger logQuery
INFO: [ε | challenge_v0 success_request_with_credentials success_and_cryptobinding tlv_request 4_way_message_1 / ε | challenge_response_v0 success_response_v0 tlv_success tlv_success 4_way_message_2]
Nov 25, 2025 4:01:47 PM de.learnlib.logging.LearnLogger logQuery
INFO: [ε | challenge_v0 success_request_with_credentials success_and_cryptobinding tlv_request id_request_v0 / ε | challenge_response_v0 success_response_v0 tlv_success tlv_success id_response_v0]
Nov 25, 2025 4:01:49 PM de.learnlib.logging.LearnLogger logQuery
INFO: [ε | challenge_v0 success_request_with_credentials eap_success tlv_request / ε | challenge_response_v0 success_response_v0 after_eap_success tlv_success]
Nov 25, 2025 4:01:51 PM de.learnlib.logging.LearnLogger logQuery
INFO: [ε | challenge_v0 success_request_with_credentials eap_success tlv_request success_request_with_credentials / ε | challenge_response_v0 success_response_v0 after_eap_success tlv_success success_response_v0]
Nov 25, 2025 4:01:54 PM de.learnlib.logging.LearnLogger logQuery
INFO: [ε | challenge_v0 success_request_with_credentials eap_success tlv_request 4_way_message_1 / ε | challenge_response_v0 success_response_v0 after_eap_success tlv_success 4_way_message_2]
Nov 25, 2025 4:01:56 PM de.learnlib.logging.LearnLogger logQuery
INFO: [ε | challenge_v0 success_request_with_credentials eap_success tlv_request id_request_v0 / ε | challenge_response_v0 success_response_v0 after_eap_success tlv_success id_response_v0]
Nov 25, 2025 4:01:58 PM de.learnlib.logging.LearnLogger logQuery
INFO: [ε | challenge_v0 success_request_with_credentials id_request_v0 tlv_failure / ε | challenge_response_v0 success_response_v0 id_response_v0 tlv_failure]
Nov 25, 2025 4:02:00 PM de.learnlib.logging.LearnLogger logQuery
INFO: [ε | challenge_v0 success_request_with_credentials challenge_v0 tlv_failure / ε | challenge_response_v0 success_response_v0 challenge_response_v0 tlv_failure]
Nov 25, 2025 4:02:01 PM de.learnlib.logging.LearnLogger logQuery
INFO: [ε | challenge_v0 success_request_with_credentials tlv_request tlv_failure / ε | challenge_response_v0 success_response_v0 tlv_success tlv_failure]
Nov 25, 2025 4:02:03 PM de.learnlib.logging.LearnLogger logQuery
INFO: [ε | challenge_v0 success_request_with_credentials success_request_with_credentials tlv_failure / ε | challenge_response_v0 success_response_v0 success_response_v0 tlv_failure]
Nov 25, 2025 4:02:05 PM de.learnlib.logging.LearnLogger logQuery
INFO: [ε | challenge_v0 success_request_with_credentials success_and_cryptobinding tlv_failure / ε | challenge_response_v0 success_response_v0 tlv_success tlv_failure]
Nov 25, 2025 4:02:08 PM de.learnlib.logging.LearnLogger logQuery
INFO: [ε | challenge_v0 success_request_with_credentials eap_success tlv_failure / ε | challenge_response_v0 success_response_v0 after_eap_success tlv_failure]
Nov 25, 2025 4:02:10 PM de.learnlib.logging.LearnLogger logQuery
INFO: [ε | challenge_v0 success_request_with_credentials id_request_v0 success_request_all_zeros / ε | challenge_response_v0 success_response_v0 id_response_v0 no_reply]
Nov 25, 2025 4:02:12 PM de.learnlib.logging.LearnLogger logQuery
INFO: [ε | challenge_v0 success_request_with_credentials challenge_v0 success_request_all_zeros / ε | challenge_response_v0 success_response_v0 challenge_response_v0 no_reply]
Nov 25, 2025 4:02:15 PM de.learnlib.logging.LearnLogger logQuery
INFO: [ε | challenge_v0 success_request_with_credentials tlv_request success_request_all_zeros / ε | challenge_response_v0 success_response_v0 tlv_success no_reply]
Nov 25, 2025 4:02:17 PM de.learnlib.logging.LearnLogger logQuery
INFO: [ε | challenge_v0 success_request_with_credentials success_request_with_credentials success_request_all_zeros / ε | challenge_response_v0 success_response_v0 success_response_v0 no_reply]
Nov 25, 2025 4:02:19 PM de.learnlib.logging.LearnLogger logQuery
INFO: [ε | challenge_v0 success_request_with_credentials success_and_cryptobinding success_request_all_zeros / ε | challenge_response_v0 success_response_v0 tlv_success no_reply]
Nov 25, 2025 4:02:22 PM de.learnlib.logging.LearnLogger logQuery
INFO: [ε | challenge_v0 success_request_with_credentials eap_success success_request_all_zeros / ε | challenge_response_v0 success_response_v0 after_eap_success no_reply]
Nov 25, 2025 4:02:24 PM de.learnlib.logging.LearnLogger logQuery
INFO: [ε | challenge_v0 success_request_with_credentials id_request_v0 success_request_with_credentials success_request_with_credentials / ε | challenge_response_v0 success_response_v0 id_response_v0 success_response_v0 success_response_v0]
Nov 25, 2025 4:02:26 PM de.learnlib.logging.LearnLogger logQuery
INFO: [ε | challenge_v0 success_request_with_credentials id_request_v0 success_request_with_credentials 4_way_message_1 / ε | challenge_response_v0 success_response_v0 id_response_v0 success_response_v0 4_way_message_2]
Nov 25, 2025 4:02:28 PM de.learnlib.logging.LearnLogger logQuery
INFO: [ε | challenge_v0 success_request_with_credentials id_request_v0 success_request_with_credentials id_request_v0 / ε | challenge_response_v0 success_response_v0 id_response_v0 success_response_v0 id_response_v0]
Nov 25, 2025 4:02:29 PM de.learnlib.logging.LearnLogger logQuery
INFO: [ε | challenge_v0 success_request_with_credentials challenge_v0 success_request_with_credentials success_request_with_credentials / ε | challenge_response_v0 success_response_v0 challenge_response_v0 success_response_v0 success_response_v0]
Nov 25, 2025 4:02:31 PM de.learnlib.logging.LearnLogger logQuery
INFO: [ε | challenge_v0 success_request_with_credentials challenge_v0 success_request_with_credentials 4_way_message_1 / ε | challenge_response_v0 success_response_v0 challenge_response_v0 success_response_v0 4_way_message_2]
Nov 25, 2025 4:02:33 PM de.learnlib.logging.LearnLogger logQuery
INFO: [ε | challenge_v0 success_request_with_credentials challenge_v0 success_request_with_credentials id_request_v0 / ε | challenge_response_v0 success_response_v0 challenge_response_v0 success_response_v0 id_response_v0]
Nov 25, 2025 4:02:35 PM de.learnlib.logging.LearnLogger logQuery
INFO: [ε | challenge_v0 success_request_with_credentials tlv_request success_request_with_credentials success_request_with_credentials / ε | challenge_response_v0 success_response_v0 tlv_success success_response_v0 success_response_v0]
Nov 25, 2025 4:02:37 PM de.learnlib.logging.LearnLogger logQuery
INFO: [ε | challenge_v0 success_request_with_credentials tlv_request success_request_with_credentials 4_way_message_1 / ε | challenge_response_v0 success_response_v0 tlv_success success_response_v0 4_way_message_2]
Nov 25, 2025 4:02:39 PM de.learnlib.logging.LearnLogger logQuery
INFO: [ε | challenge_v0 success_request_with_credentials tlv_request success_request_with_credentials id_request_v0 / ε | challenge_response_v0 success_response_v0 tlv_success success_response_v0 id_response_v0]
Nov 25, 2025 4:02:40 PM de.learnlib.logging.LearnLogger logQuery
INFO: [ε | challenge_v0 success_request_with_credentials success_request_with_credentials success_request_with_credentials success_request_with_credentials / ε | challenge_response_v0 success_response_v0 success_response_v0 success_response_v0 success_response_v0]
Nov 25, 2025 4:02:42 PM de.learnlib.logging.LearnLogger logQuery
INFO: [ε | challenge_v0 success_request_with_credentials success_request_with_credentials success_request_with_credentials 4_way_message_1 / ε | challenge_response_v0 success_response_v0 success_response_v0 success_response_v0 4_way_message_2]
Nov 25, 2025 4:02:44 PM de.learnlib.logging.LearnLogger logQuery
INFO: [ε | challenge_v0 success_request_with_credentials success_request_with_credentials success_request_with_credentials id_request_v0 / ε | challenge_response_v0 success_response_v0 success_response_v0 success_response_v0 id_response_v0]
Nov 25, 2025 4:02:46 PM de.learnlib.logging.LearnLogger logQuery
INFO: [ε | challenge_v0 success_request_with_credentials success_and_cryptobinding success_request_with_credentials success_request_with_credentials / ε | challenge_response_v0 success_response_v0 tlv_success success_response_v0 success_response_v0]
Nov 25, 2025 4:02:47 PM de.learnlib.logging.LearnLogger logQuery
INFO: [ε | challenge_v0 success_request_with_credentials success_and_cryptobinding success_request_with_credentials 4_way_message_1 / ε | challenge_response_v0 success_response_v0 tlv_success success_response_v0 4_way_message_2]
Nov 25, 2025 4:02:49 PM de.learnlib.logging.LearnLogger logQuery
INFO: [ε | challenge_v0 success_request_with_credentials success_and_cryptobinding success_request_with_credentials id_request_v0 / ε | challenge_response_v0 success_response_v0 tlv_success success_response_v0 id_response_v0]
Nov 25, 2025 4:02:52 PM de.learnlib.logging.LearnLogger logQuery
INFO: [ε | challenge_v0 success_request_with_credentials eap_success success_request_with_credentials success_request_with_credentials / ε | challenge_response_v0 success_response_v0 after_eap_success success_response_v0 success_response_v0]
Nov 25, 2025 4:02:54 PM de.learnlib.logging.LearnLogger logQuery
INFO: [ε | challenge_v0 success_request_with_credentials eap_success success_request_with_credentials 4_way_message_1 / ε | challenge_response_v0 success_response_v0 after_eap_success success_response_v0 4_way_message_2]
Nov 25, 2025 4:02:56 PM de.learnlib.logging.LearnLogger logQuery
INFO: [ε | challenge_v0 success_request_with_credentials eap_success success_request_with_credentials id_request_v0 / ε | challenge_response_v0 success_response_v0 after_eap_success success_response_v0 id_response_v0]
Nov 25, 2025 4:02:58 PM de.learnlib.logging.LearnLogger logQuery
INFO: [ε | challenge_v0 success_request_with_credentials id_request_v0 success_and_cryptobinding / ε | challenge_response_v0 success_response_v0 id_response_v0 tlv_success]
Nov 25, 2025 4:02:59 PM de.learnlib.logging.LearnLogger logQuery
INFO: [ε | challenge_v0 success_request_with_credentials id_request_v0 success_and_cryptobinding success_request_with_credentials / ε | challenge_response_v0 success_response_v0 id_response_v0 tlv_success success_response_v0]
Nov 25, 2025 4:03:01 PM de.learnlib.logging.LearnLogger logQuery
INFO: [ε | challenge_v0 success_request_with_credentials id_request_v0 success_and_cryptobinding 4_way_message_1 / ε | challenge_response_v0 success_response_v0 id_response_v0 tlv_success 4_way_message_2]
Nov 25, 2025 4:03:03 PM de.learnlib.logging.LearnLogger logQuery
INFO: [ε | challenge_v0 success_request_with_credentials id_request_v0 success_and_cryptobinding id_request_v0 / ε | challenge_response_v0 success_response_v0 id_response_v0 tlv_success id_response_v0]
Nov 25, 2025 4:03:05 PM de.learnlib.logging.LearnLogger logQuery
INFO: [ε | challenge_v0 success_request_with_credentials challenge_v0 success_and_cryptobinding / ε | challenge_response_v0 success_response_v0 challenge_response_v0 tlv_success]
Nov 25, 2025 4:03:06 PM de.learnlib.logging.LearnLogger logQuery
INFO: [ε | challenge_v0 success_request_with_credentials challenge_v0 success_and_cryptobinding success_request_with_credentials / ε | challenge_response_v0 success_response_v0 challenge_response_v0 tlv_success success_response_v0]
Nov 25, 2025 4:03:08 PM de.learnlib.logging.LearnLogger logQuery
INFO: [ε | challenge_v0 success_request_with_credentials challenge_v0 success_and_cryptobinding 4_way_message_1 / ε | challenge_response_v0 success_response_v0 challenge_response_v0 tlv_success 4_way_message_2]
Nov 25, 2025 4:03:10 PM de.learnlib.logging.LearnLogger logQuery
INFO: [ε | challenge_v0 success_request_with_credentials challenge_v0 success_and_cryptobinding id_request_v0 / ε | challenge_response_v0 success_response_v0 challenge_response_v0 tlv_success id_response_v0]
Nov 25, 2025 4:03:12 PM de.learnlib.logging.LearnLogger logQuery
INFO: [ε | challenge_v0 success_request_with_credentials tlv_request success_and_cryptobinding / ε | challenge_response_v0 success_response_v0 tlv_success tlv_success]
Nov 25, 2025 4:03:14 PM de.learnlib.logging.LearnLogger logQuery
INFO: [ε | challenge_v0 success_request_with_credentials tlv_request success_and_cryptobinding success_request_with_credentials / ε | challenge_response_v0 success_response_v0 tlv_success tlv_success success_response_v0]
Nov 25, 2025 4:03:15 PM de.learnlib.logging.LearnLogger logQuery
INFO: [ε | challenge_v0 success_request_with_credentials tlv_request success_and_cryptobinding 4_way_message_1 / ε | challenge_response_v0 success_response_v0 tlv_success tlv_success 4_way_message_2]
Nov 25, 2025 4:03:17 PM de.learnlib.logging.LearnLogger logQuery
INFO: [ε | challenge_v0 success_request_with_credentials tlv_request success_and_cryptobinding id_request_v0 / ε | challenge_response_v0 success_response_v0 tlv_success tlv_success id_response_v0]
Nov 25, 2025 4:03:19 PM de.learnlib.logging.LearnLogger logQuery
INFO: [ε | challenge_v0 success_request_with_credentials success_request_with_credentials success_and_cryptobinding / ε | challenge_response_v0 success_response_v0 success_response_v0 tlv_success]
Nov 25, 2025 4:03:21 PM de.learnlib.logging.LearnLogger logQuery
INFO: [ε | challenge_v0 success_request_with_credentials success_request_with_credentials success_and_cryptobinding success_request_with_credentials / ε | challenge_response_v0 success_response_v0 success_response_v0 tlv_success success_response_v0]
Nov 25, 2025 4:03:22 PM de.learnlib.logging.LearnLogger logQuery
INFO: [ε | challenge_v0 success_request_with_credentials success_request_with_credentials success_and_cryptobinding 4_way_message_1 / ε | challenge_response_v0 success_response_v0 success_response_v0 tlv_success 4_way_message_2]
Nov 25, 2025 4:03:24 PM de.learnlib.logging.LearnLogger logQuery
INFO: [ε | challenge_v0 success_request_with_credentials success_request_with_credentials success_and_cryptobinding id_request_v0 / ε | challenge_response_v0 success_response_v0 success_response_v0 tlv_success id_response_v0]
Nov 25, 2025 4:03:26 PM de.learnlib.logging.LearnLogger logQuery
INFO: [ε | challenge_v0 success_request_with_credentials success_and_cryptobinding success_and_cryptobinding / ε | challenge_response_v0 success_response_v0 tlv_success tlv_success]
Nov 25, 2025 4:03:28 PM de.learnlib.logging.LearnLogger logQuery
INFO: [ε | challenge_v0 success_request_with_credentials success_and_cryptobinding success_and_cryptobinding success_request_with_credentials / ε | challenge_response_v0 success_response_v0 tlv_success tlv_success success_response_v0]
Nov 25, 2025 4:03:30 PM de.learnlib.logging.LearnLogger logQuery
INFO: [ε | challenge_v0 success_request_with_credentials success_and_cryptobinding success_and_cryptobinding 4_way_message_1 / ε | challenge_response_v0 success_response_v0 tlv_success tlv_success 4_way_message_2]
Nov 25, 2025 4:03:32 PM de.learnlib.logging.LearnLogger logQuery
INFO: [ε | challenge_v0 success_request_with_credentials success_and_cryptobinding success_and_cryptobinding id_request_v0 / ε | challenge_response_v0 success_response_v0 tlv_success tlv_success id_response_v0]
Nov 25, 2025 4:03:34 PM de.learnlib.logging.LearnLogger logQuery
INFO: [ε | challenge_v0 success_request_with_credentials eap_success success_and_cryptobinding / ε | challenge_response_v0 success_response_v0 after_eap_success tlv_success]
Nov 25, 2025 4:03:36 PM de.learnlib.logging.LearnLogger logQuery
INFO: [ε | challenge_v0 success_request_with_credentials eap_success success_and_cryptobinding success_request_with_credentials / ε | challenge_response_v0 success_response_v0 after_eap_success tlv_success success_response_v0]
Nov 25, 2025 4:03:38 PM de.learnlib.logging.LearnLogger logQuery
INFO: [ε | challenge_v0 success_request_with_credentials eap_success success_and_cryptobinding 4_way_message_1 / ε | challenge_response_v0 success_response_v0 after_eap_success tlv_success 4_way_message_2]
Nov 25, 2025 4:03:40 PM de.learnlib.logging.LearnLogger logQuery
INFO: [ε | challenge_v0 success_request_with_credentials eap_success success_and_cryptobinding id_request_v0 / ε | challenge_response_v0 success_response_v0 after_eap_success tlv_success id_response_v0]
Nov 25, 2025 4:03:42 PM de.learnlib.logging.LearnLogger logQuery
INFO: [ε | challenge_v0 success_request_with_credentials id_request_v0 cryptobinding / ε | challenge_response_v0 success_response_v0 id_response_v0 no_reply]
Nov 25, 2025 4:03:45 PM de.learnlib.logging.LearnLogger logQuery
INFO: [ε | challenge_v0 success_request_with_credentials challenge_v0 cryptobinding / ε | challenge_response_v0 success_response_v0 challenge_response_v0 no_reply]
Nov 25, 2025 4:03:47 PM de.learnlib.logging.LearnLogger logQuery
INFO: [ε | challenge_v0 success_request_with_credentials tlv_request cryptobinding / ε | challenge_response_v0 success_response_v0 tlv_success no_reply]
Nov 25, 2025 4:03:50 PM de.learnlib.logging.LearnLogger logQuery
INFO: [ε | challenge_v0 success_request_with_credentials success_request_with_credentials cryptobinding / ε | challenge_response_v0 success_response_v0 success_response_v0 no_reply]
Nov 25, 2025 4:03:52 PM de.learnlib.logging.LearnLogger logQuery
INFO: [ε | challenge_v0 success_request_with_credentials success_and_cryptobinding cryptobinding / ε | challenge_response_v0 success_response_v0 tlv_success no_reply]
Nov 25, 2025 4:03:55 PM de.learnlib.logging.LearnLogger logQuery
INFO: [ε | challenge_v0 success_request_with_credentials eap_success cryptobinding / ε | challenge_response_v0 success_response_v0 after_eap_success no_reply]
Nov 25, 2025 4:03:57 PM de.learnlib.logging.LearnLogger logQuery
INFO: [ε | challenge_v0 success_request_with_credentials id_request_v0 eap_success / ε | challenge_response_v0 success_response_v0 id_response_v0 after_eap_success]
Nov 25, 2025 4:03:59 PM de.learnlib.logging.LearnLogger logQuery
INFO: [ε | challenge_v0 success_request_with_credentials id_request_v0 eap_success success_request_with_credentials / ε | challenge_response_v0 success_response_v0 id_response_v0 after_eap_success success_response_v0]
Nov 25, 2025 4:04:01 PM de.learnlib.logging.LearnLogger logQuery
INFO: [ε | challenge_v0 success_request_with_credentials id_request_v0 eap_success 4_way_message_1 / ε | challenge_response_v0 success_response_v0 id_response_v0 after_eap_success 4_way_message_2]
Nov 25, 2025 4:04:04 PM de.learnlib.logging.LearnLogger logQuery
INFO: [ε | challenge_v0 success_request_with_credentials id_request_v0 eap_success id_request_v0 / ε | challenge_response_v0 success_response_v0 id_response_v0 after_eap_success id_response_v0]
Nov 25, 2025 4:04:06 PM de.learnlib.logging.LearnLogger logQuery
INFO: [ε | challenge_v0 success_request_with_credentials challenge_v0 eap_success / ε | challenge_response_v0 success_response_v0 challenge_response_v0 after_eap_success]
Nov 25, 2025 4:04:08 PM de.learnlib.logging.LearnLogger logQuery
INFO: [ε | challenge_v0 success_request_with_credentials challenge_v0 eap_success success_request_with_credentials / ε | challenge_response_v0 success_response_v0 challenge_response_v0 after_eap_success success_response_v0]
Nov 25, 2025 4:04:10 PM de.learnlib.logging.LearnLogger logQuery
INFO: [ε | challenge_v0 success_request_with_credentials challenge_v0 eap_success 4_way_message_1 / ε | challenge_response_v0 success_response_v0 challenge_response_v0 after_eap_success 4_way_message_2]
Nov 25, 2025 4:04:13 PM de.learnlib.logging.LearnLogger logQuery
INFO: [ε | challenge_v0 success_request_with_credentials challenge_v0 eap_success id_request_v0 / ε | challenge_response_v0 success_response_v0 challenge_response_v0 after_eap_success id_response_v0]
Nov 25, 2025 4:04:15 PM de.learnlib.logging.LearnLogger logQuery
INFO: [ε | challenge_v0 success_request_with_credentials tlv_request eap_success / ε | challenge_response_v0 success_response_v0 tlv_success after_eap_success]
Nov 25, 2025 4:04:17 PM de.learnlib.logging.LearnLogger logQuery
INFO: [ε | challenge_v0 success_request_with_credentials tlv_request eap_success success_request_with_credentials / ε | challenge_response_v0 success_response_v0 tlv_success after_eap_success success_response_v0]
Nov 25, 2025 4:04:19 PM de.learnlib.logging.LearnLogger logQuery
INFO: [ε | challenge_v0 success_request_with_credentials tlv_request eap_success 4_way_message_1 / ε | challenge_response_v0 success_response_v0 tlv_success after_eap_success 4_way_message_2]
Nov 25, 2025 4:04:21 PM de.learnlib.logging.LearnLogger logQuery
INFO: [ε | challenge_v0 success_request_with_credentials tlv_request eap_success id_request_v0 / ε | challenge_response_v0 success_response_v0 tlv_success after_eap_success id_response_v0]
Nov 25, 2025 4:04:23 PM de.learnlib.logging.LearnLogger logQuery
INFO: [ε | challenge_v0 success_request_with_credentials success_request_with_credentials eap_success / ε | challenge_response_v0 success_response_v0 success_response_v0 after_eap_success]
Nov 25, 2025 4:04:26 PM de.learnlib.logging.LearnLogger logQuery
INFO: [ε | challenge_v0 success_request_with_credentials success_request_with_credentials eap_success success_request_with_credentials / ε | challenge_response_v0 success_response_v0 success_response_v0 after_eap_success success_response_v0]
Nov 25, 2025 4:04:28 PM de.learnlib.logging.LearnLogger logQuery
INFO: [ε | challenge_v0 success_request_with_credentials success_request_with_credentials eap_success 4_way_message_1 / ε | challenge_response_v0 success_response_v0 success_response_v0 after_eap_success 4_way_message_2]
Nov 25, 2025 4:04:30 PM de.learnlib.logging.LearnLogger logQuery
INFO: [ε | challenge_v0 success_request_with_credentials success_request_with_credentials eap_success id_request_v0 / ε | challenge_response_v0 success_response_v0 success_response_v0 after_eap_success id_response_v0]
Nov 25, 2025 4:04:32 PM de.learnlib.logging.LearnLogger logQuery
INFO: [ε | challenge_v0 success_request_with_credentials success_and_cryptobinding eap_success / ε | challenge_response_v0 success_response_v0 tlv_success after_eap_success]
Nov 25, 2025 4:04:34 PM de.learnlib.logging.LearnLogger logQuery
INFO: [ε | challenge_v0 success_request_with_credentials success_and_cryptobinding eap_success success_request_with_credentials / ε | challenge_response_v0 success_response_v0 tlv_success after_eap_success success_response_v0]
Nov 25, 2025 4:04:36 PM de.learnlib.logging.LearnLogger logQuery
INFO: [ε | challenge_v0 success_request_with_credentials success_and_cryptobinding eap_success 4_way_message_1 / ε | challenge_response_v0 success_response_v0 tlv_success after_eap_success 4_way_message_2]
Nov 25, 2025 4:04:39 PM de.learnlib.logging.LearnLogger logQuery
INFO: [ε | challenge_v0 success_request_with_credentials success_and_cryptobinding eap_success id_request_v0 / ε | challenge_response_v0 success_response_v0 tlv_success after_eap_success id_response_v0]
Nov 25, 2025 4:04:41 PM de.learnlib.logging.LearnLogger logQuery
INFO: [ε | challenge_v0 success_request_with_credentials eap_success eap_success / ε | challenge_response_v0 success_response_v0 after_eap_success after_eap_success]
Nov 25, 2025 4:04:44 PM de.learnlib.logging.LearnLogger logQuery
INFO: [ε | challenge_v0 success_request_with_credentials eap_success eap_success success_request_with_credentials / ε | challenge_response_v0 success_response_v0 after_eap_success after_eap_success success_response_v0]
Nov 25, 2025 4:04:47 PM de.learnlib.logging.LearnLogger logQuery
INFO: [ε | challenge_v0 success_request_with_credentials eap_success eap_success 4_way_message_1 / ε | challenge_response_v0 success_response_v0 after_eap_success after_eap_success 4_way_message_2]
Nov 25, 2025 4:04:50 PM de.learnlib.logging.LearnLogger logQuery
INFO: [ε | challenge_v0 success_request_with_credentials eap_success eap_success id_request_v0 / ε | challenge_response_v0 success_response_v0 after_eap_success after_eap_success id_response_v0]
Nov 25, 2025 4:04:51 PM de.learnlib.logging.LearnLogger logQuery
INFO: [ε | challenge_v0 success_and_cryptobinding id_request_v0 id_request_v0 success_request_with_credentials / ε | challenge_response_v0 tlv_success id_response_v0 id_response_v0 success_response_v0]
Nov 25, 2025 4:04:53 PM de.learnlib.logging.LearnLogger logQuery
INFO: [ε | challenge_v0 success_and_cryptobinding id_request_v0 id_request_v0 4_way_message_1 / ε | challenge_response_v0 tlv_success id_response_v0 id_response_v0 4_way_message_2]
Nov 25, 2025 4:04:55 PM de.learnlib.logging.LearnLogger logQuery
INFO: [ε | challenge_v0 success_and_cryptobinding id_request_v0 id_request_v0 id_request_v0 / ε | challenge_response_v0 tlv_success id_response_v0 id_response_v0 id_response_v0]
Nov 25, 2025 4:04:57 PM de.learnlib.logging.LearnLogger logQuery
INFO: [ε | challenge_v0 success_and_cryptobinding challenge_v0 id_request_v0 success_request_with_credentials / ε | challenge_response_v0 tlv_success challenge_response_v0 id_response_v0 success_response_v0]
Nov 25, 2025 4:04:59 PM de.learnlib.logging.LearnLogger logQuery
INFO: [ε | challenge_v0 success_and_cryptobinding challenge_v0 id_request_v0 4_way_message_1 / ε | challenge_response_v0 tlv_success challenge_response_v0 id_response_v0 4_way_message_2]
Nov 25, 2025 4:05:01 PM de.learnlib.logging.LearnLogger logQuery
INFO: [ε | challenge_v0 success_and_cryptobinding challenge_v0 id_request_v0 id_request_v0 / ε | challenge_response_v0 tlv_success challenge_response_v0 id_response_v0 id_response_v0]
Nov 25, 2025 4:05:02 PM de.learnlib.logging.LearnLogger logQuery
INFO: [ε | challenge_v0 success_and_cryptobinding tlv_request id_request_v0 success_request_with_credentials / ε | challenge_response_v0 tlv_success tlv_success id_response_v0 success_response_v0]
Nov 25, 2025 4:05:04 PM de.learnlib.logging.LearnLogger logQuery
INFO: [ε | challenge_v0 success_and_cryptobinding tlv_request id_request_v0 4_way_message_1 / ε | challenge_response_v0 tlv_success tlv_success id_response_v0 4_way_message_2]
Nov 25, 2025 4:05:06 PM de.learnlib.logging.LearnLogger logQuery
INFO: [ε | challenge_v0 success_and_cryptobinding tlv_request id_request_v0 id_request_v0 / ε | challenge_response_v0 tlv_success tlv_success id_response_v0 id_response_v0]
Nov 25, 2025 4:05:08 PM de.learnlib.logging.LearnLogger logQuery
INFO: [ε | challenge_v0 success_and_cryptobinding success_request_with_credentials id_request_v0 success_request_with_credentials / ε | challenge_response_v0 tlv_success success_response_v0 id_response_v0 success_response_v0]
Nov 25, 2025 4:05:10 PM de.learnlib.logging.LearnLogger logQuery
INFO: [ε | challenge_v0 success_and_cryptobinding success_request_with_credentials id_request_v0 4_way_message_1 / ε | challenge_response_v0 tlv_success success_response_v0 id_response_v0 4_way_message_2]
Nov 25, 2025 4:05:11 PM de.learnlib.logging.LearnLogger logQuery
INFO: [ε | challenge_v0 success_and_cryptobinding success_request_with_credentials id_request_v0 id_request_v0 / ε | challenge_response_v0 tlv_success success_response_v0 id_response_v0 id_response_v0]
Nov 25, 2025 4:05:13 PM de.learnlib.logging.LearnLogger logQuery
INFO: [ε | challenge_v0 success_and_cryptobinding success_and_cryptobinding id_request_v0 success_request_with_credentials / ε | challenge_response_v0 tlv_success tlv_success id_response_v0 success_response_v0]
Nov 25, 2025 4:05:15 PM de.learnlib.logging.LearnLogger logQuery
INFO: [ε | challenge_v0 success_and_cryptobinding success_and_cryptobinding id_request_v0 4_way_message_1 / ε | challenge_response_v0 tlv_success tlv_success id_response_v0 4_way_message_2]
Nov 25, 2025 4:05:17 PM de.learnlib.logging.LearnLogger logQuery
INFO: [ε | challenge_v0 success_and_cryptobinding success_and_cryptobinding id_request_v0 id_request_v0 / ε | challenge_response_v0 tlv_success tlv_success id_response_v0 id_response_v0]
Nov 25, 2025 4:05:19 PM de.learnlib.logging.LearnLogger logQuery
INFO: [ε | challenge_v0 success_and_cryptobinding eap_success id_request_v0 success_request_with_credentials / ε | challenge_response_v0 tlv_success after_eap_success id_response_v0 success_response_v0]
Nov 25, 2025 4:05:21 PM de.learnlib.logging.LearnLogger logQuery
INFO: [ε | challenge_v0 success_and_cryptobinding eap_success id_request_v0 4_way_message_1 / ε | challenge_response_v0 tlv_success after_eap_success id_response_v0 4_way_message_2]
Nov 25, 2025 4:05:24 PM de.learnlib.logging.LearnLogger logQuery
INFO: [ε | challenge_v0 success_and_cryptobinding eap_success id_request_v0 id_request_v0 / ε | challenge_response_v0 tlv_success after_eap_success id_response_v0 id_response_v0]
Nov 25, 2025 4:05:25 PM de.learnlib.logging.LearnLogger logQuery
INFO: [ε | challenge_v0 success_and_cryptobinding id_request_v0 challenge_v0 / ε | challenge_response_v0 tlv_success id_response_v0 challenge_response_v0]
Nov 25, 2025 4:05:27 PM de.learnlib.logging.LearnLogger logQuery
INFO: [ε | challenge_v0 success_and_cryptobinding id_request_v0 challenge_v0 success_request_with_credentials / ε | challenge_response_v0 tlv_success id_response_v0 challenge_response_v0 success_response_v0]
Nov 25, 2025 4:05:29 PM de.learnlib.logging.LearnLogger logQuery
INFO: [ε | challenge_v0 success_and_cryptobinding id_request_v0 challenge_v0 4_way_message_1 / ε | challenge_response_v0 tlv_success id_response_v0 challenge_response_v0 4_way_message_2]
Nov 25, 2025 4:05:31 PM de.learnlib.logging.LearnLogger logQuery
INFO: [ε | challenge_v0 success_and_cryptobinding id_request_v0 challenge_v0 id_request_v0 / ε | challenge_response_v0 tlv_success id_response_v0 challenge_response_v0 id_response_v0]
Nov 25, 2025 4:05:32 PM de.learnlib.logging.LearnLogger logQuery
INFO: [ε | challenge_v0 success_and_cryptobinding challenge_v0 challenge_v0 / ε | challenge_response_v0 tlv_success challenge_response_v0 challenge_response_v0]
Nov 25, 2025 4:05:34 PM de.learnlib.logging.LearnLogger logQuery
INFO: [ε | challenge_v0 success_and_cryptobinding challenge_v0 challenge_v0 success_request_with_credentials / ε | challenge_response_v0 tlv_success challenge_response_v0 challenge_response_v0 success_response_v0]
Nov 25, 2025 4:05:36 PM de.learnlib.logging.LearnLogger logQuery
INFO: [ε | challenge_v0 success_and_cryptobinding challenge_v0 challenge_v0 4_way_message_1 / ε | challenge_response_v0 tlv_success challenge_response_v0 challenge_response_v0 4_way_message_2]
Nov 25, 2025 4:05:38 PM de.learnlib.logging.LearnLogger logQuery
INFO: [ε | challenge_v0 success_and_cryptobinding challenge_v0 challenge_v0 id_request_v0 / ε | challenge_response_v0 tlv_success challenge_response_v0 challenge_response_v0 id_response_v0]
Nov 25, 2025 4:05:39 PM de.learnlib.logging.LearnLogger logQuery
INFO: [ε | challenge_v0 success_and_cryptobinding tlv_request challenge_v0 / ε | challenge_response_v0 tlv_success tlv_success challenge_response_v0]
Nov 25, 2025 4:05:41 PM de.learnlib.logging.LearnLogger logQuery
INFO: [ε | challenge_v0 success_and_cryptobinding tlv_request challenge_v0 success_request_with_credentials / ε | challenge_response_v0 tlv_success tlv_success challenge_response_v0 success_response_v0]
Nov 25, 2025 4:05:43 PM de.learnlib.logging.LearnLogger logQuery
INFO: [ε | challenge_v0 success_and_cryptobinding tlv_request challenge_v0 4_way_message_1 / ε | challenge_response_v0 tlv_success tlv_success challenge_response_v0 4_way_message_2]
Nov 25, 2025 4:05:45 PM de.learnlib.logging.LearnLogger logQuery
INFO: [ε | challenge_v0 success_and_cryptobinding tlv_request challenge_v0 id_request_v0 / ε | challenge_response_v0 tlv_success tlv_success challenge_response_v0 id_response_v0]
Nov 25, 2025 4:05:47 PM de.learnlib.logging.LearnLogger logQuery
INFO: [ε | challenge_v0 success_and_cryptobinding success_request_with_credentials challenge_v0 / ε | challenge_response_v0 tlv_success success_response_v0 challenge_response_v0]
Nov 25, 2025 4:05:48 PM de.learnlib.logging.LearnLogger logQuery
INFO: [ε | challenge_v0 success_and_cryptobinding success_request_with_credentials challenge_v0 success_request_with_credentials / ε | challenge_response_v0 tlv_success success_response_v0 challenge_response_v0 success_response_v0]
Nov 25, 2025 4:05:50 PM de.learnlib.logging.LearnLogger logQuery
INFO: [ε | challenge_v0 success_and_cryptobinding success_request_with_credentials challenge_v0 4_way_message_1 / ε | challenge_response_v0 tlv_success success_response_v0 challenge_response_v0 4_way_message_2]
Nov 25, 2025 4:05:52 PM de.learnlib.logging.LearnLogger logQuery
INFO: [ε | challenge_v0 success_and_cryptobinding success_request_with_credentials challenge_v0 id_request_v0 / ε | challenge_response_v0 tlv_success success_response_v0 challenge_response_v0 id_response_v0]
Nov 25, 2025 4:05:54 PM de.learnlib.logging.LearnLogger logQuery
INFO: [ε | challenge_v0 success_and_cryptobinding success_and_cryptobinding challenge_v0 / ε | challenge_response_v0 tlv_success tlv_success challenge_response_v0]
Nov 25, 2025 4:05:55 PM de.learnlib.logging.LearnLogger logQuery
INFO: [ε | challenge_v0 success_and_cryptobinding success_and_cryptobinding challenge_v0 success_request_with_credentials / ε | challenge_response_v0 tlv_success tlv_success challenge_response_v0 success_response_v0]
Nov 25, 2025 4:05:57 PM de.learnlib.logging.LearnLogger logQuery
INFO: [ε | challenge_v0 success_and_cryptobinding success_and_cryptobinding challenge_v0 4_way_message_1 / ε | challenge_response_v0 tlv_success tlv_success challenge_response_v0 4_way_message_2]
Nov 25, 2025 4:05:59 PM de.learnlib.logging.LearnLogger logQuery
INFO: [ε | challenge_v0 success_and_cryptobinding success_and_cryptobinding challenge_v0 id_request_v0 / ε | challenge_response_v0 tlv_success tlv_success challenge_response_v0 id_response_v0]
Nov 25, 2025 4:06:01 PM de.learnlib.logging.LearnLogger logQuery
INFO: [ε | challenge_v0 success_and_cryptobinding eap_success challenge_v0 / ε | challenge_response_v0 tlv_success after_eap_success challenge_response_v0]
Nov 25, 2025 4:06:03 PM de.learnlib.logging.LearnLogger logQuery
INFO: [ε | challenge_v0 success_and_cryptobinding eap_success challenge_v0 success_request_with_credentials / ε | challenge_response_v0 tlv_success after_eap_success challenge_response_v0 success_response_v0]
Nov 25, 2025 4:06:06 PM de.learnlib.logging.LearnLogger logQuery
INFO: [ε | challenge_v0 success_and_cryptobinding eap_success challenge_v0 4_way_message_1 / ε | challenge_response_v0 tlv_success after_eap_success challenge_response_v0 4_way_message_2]
Nov 25, 2025 4:06:08 PM de.learnlib.logging.LearnLogger logQuery
INFO: [ε | challenge_v0 success_and_cryptobinding eap_success challenge_v0 id_request_v0 / ε | challenge_response_v0 tlv_success after_eap_success challenge_response_v0 id_response_v0]
Nov 25, 2025 4:06:10 PM de.learnlib.logging.LearnLogger logQuery
INFO: [ε | challenge_v0 success_and_cryptobinding id_request_v0 tlv_request / ε | challenge_response_v0 tlv_success id_response_v0 tlv_success]
Nov 25, 2025 4:06:11 PM de.learnlib.logging.LearnLogger logQuery
INFO: [ε | challenge_v0 success_and_cryptobinding id_request_v0 tlv_request success_request_with_credentials / ε | challenge_response_v0 tlv_success id_response_v0 tlv_success success_response_v0]
Nov 25, 2025 4:06:13 PM de.learnlib.logging.LearnLogger logQuery
INFO: [ε | challenge_v0 success_and_cryptobinding id_request_v0 tlv_request 4_way_message_1 / ε | challenge_response_v0 tlv_success id_response_v0 tlv_success 4_way_message_2]
Nov 25, 2025 4:06:15 PM de.learnlib.logging.LearnLogger logQuery
INFO: [ε | challenge_v0 success_and_cryptobinding id_request_v0 tlv_request id_request_v0 / ε | challenge_response_v0 tlv_success id_response_v0 tlv_success id_response_v0]
Nov 25, 2025 4:06:17 PM de.learnlib.logging.LearnLogger logQuery
INFO: [ε | challenge_v0 success_and_cryptobinding challenge_v0 tlv_request / ε | challenge_response_v0 tlv_success challenge_response_v0 tlv_success]
Nov 25, 2025 4:06:18 PM de.learnlib.logging.LearnLogger logQuery
INFO: [ε | challenge_v0 success_and_cryptobinding challenge_v0 tlv_request success_request_with_credentials / ε | challenge_response_v0 tlv_success challenge_response_v0 tlv_success success_response_v0]
Nov 25, 2025 4:06:20 PM de.learnlib.logging.LearnLogger logQuery
INFO: [ε | challenge_v0 success_and_cryptobinding challenge_v0 tlv_request 4_way_message_1 / ε | challenge_response_v0 tlv_success challenge_response_v0 tlv_success 4_way_message_2]
Nov 25, 2025 4:06:22 PM de.learnlib.logging.LearnLogger logQuery
INFO: [ε | challenge_v0 success_and_cryptobinding challenge_v0 tlv_request id_request_v0 / ε | challenge_response_v0 tlv_success challenge_response_v0 tlv_success id_response_v0]
Nov 25, 2025 4:06:24 PM de.learnlib.logging.LearnLogger logQuery
INFO: [ε | challenge_v0 success_and_cryptobinding tlv_request tlv_request / ε | challenge_response_v0 tlv_success tlv_success tlv_success]
Nov 25, 2025 4:06:26 PM de.learnlib.logging.LearnLogger logQuery
INFO: [ε | challenge_v0 success_and_cryptobinding tlv_request tlv_request success_request_with_credentials / ε | challenge_response_v0 tlv_success tlv_success tlv_success success_response_v0]
Nov 25, 2025 4:06:28 PM de.learnlib.logging.LearnLogger logQuery
INFO: [ε | challenge_v0 success_and_cryptobinding tlv_request tlv_request 4_way_message_1 / ε | challenge_response_v0 tlv_success tlv_success tlv_success 4_way_message_2]
Nov 25, 2025 4:06:29 PM de.learnlib.logging.LearnLogger logQuery
INFO: [ε | challenge_v0 success_and_cryptobinding tlv_request tlv_request id_request_v0 / ε | challenge_response_v0 tlv_success tlv_success tlv_success id_response_v0]
Nov 25, 2025 4:06:31 PM de.learnlib.logging.LearnLogger logQuery
INFO: [ε | challenge_v0 success_and_cryptobinding success_request_with_credentials tlv_request / ε | challenge_response_v0 tlv_success success_response_v0 tlv_success]
Nov 25, 2025 4:06:33 PM de.learnlib.logging.LearnLogger logQuery
INFO: [ε | challenge_v0 success_and_cryptobinding success_request_with_credentials tlv_request success_request_with_credentials / ε | challenge_response_v0 tlv_success success_response_v0 tlv_success success_response_v0]
Nov 25, 2025 4:06:35 PM de.learnlib.logging.LearnLogger logQuery
INFO: [ε | challenge_v0 success_and_cryptobinding success_request_with_credentials tlv_request 4_way_message_1 / ε | challenge_response_v0 tlv_success success_response_v0 tlv_success 4_way_message_2]
Nov 25, 2025 4:06:37 PM de.learnlib.logging.LearnLogger logQuery
INFO: [ε | challenge_v0 success_and_cryptobinding success_request_with_credentials tlv_request id_request_v0 / ε | challenge_response_v0 tlv_success success_response_v0 tlv_success id_response_v0]
Nov 25, 2025 4:06:38 PM de.learnlib.logging.LearnLogger logQuery
INFO: [ε | challenge_v0 success_and_cryptobinding success_and_cryptobinding tlv_request / ε | challenge_response_v0 tlv_success tlv_success tlv_success]
Nov 25, 2025 4:06:40 PM de.learnlib.logging.LearnLogger logQuery
INFO: [ε | challenge_v0 success_and_cryptobinding success_and_cryptobinding tlv_request success_request_with_credentials / ε | challenge_response_v0 tlv_success tlv_success tlv_success success_response_v0]
Nov 25, 2025 4:06:42 PM de.learnlib.logging.LearnLogger logQuery
INFO: [ε | challenge_v0 success_and_cryptobinding success_and_cryptobinding tlv_request 4_way_message_1 / ε | challenge_response_v0 tlv_success tlv_success tlv_success 4_way_message_2]
Nov 25, 2025 4:06:44 PM de.learnlib.logging.LearnLogger logQuery
INFO: [ε | challenge_v0 success_and_cryptobinding success_and_cryptobinding tlv_request id_request_v0 / ε | challenge_response_v0 tlv_success tlv_success tlv_success id_response_v0]
Nov 25, 2025 4:06:46 PM de.learnlib.logging.LearnLogger logQuery
INFO: [ε | challenge_v0 success_and_cryptobinding eap_success tlv_request / ε | challenge_response_v0 tlv_success after_eap_success tlv_success]
Nov 25, 2025 4:06:48 PM de.learnlib.logging.LearnLogger logQuery
INFO: [ε | challenge_v0 success_and_cryptobinding eap_success tlv_request success_request_with_credentials / ε | challenge_response_v0 tlv_success after_eap_success tlv_success success_response_v0]
Nov 25, 2025 4:06:50 PM de.learnlib.logging.LearnLogger logQuery
INFO: [ε | challenge_v0 success_and_cryptobinding eap_success tlv_request 4_way_message_1 / ε | challenge_response_v0 tlv_success after_eap_success tlv_success 4_way_message_2]
Nov 25, 2025 4:06:53 PM de.learnlib.logging.LearnLogger logQuery
INFO: [ε | challenge_v0 success_and_cryptobinding eap_success tlv_request id_request_v0 / ε | challenge_response_v0 tlv_success after_eap_success tlv_success id_response_v0]
Nov 25, 2025 4:06:54 PM de.learnlib.logging.LearnLogger logQuery
INFO: [ε | challenge_v0 success_and_cryptobinding id_request_v0 tlv_failure / ε | challenge_response_v0 tlv_success id_response_v0 tlv_failure]
Nov 25, 2025 4:06:56 PM de.learnlib.logging.LearnLogger logQuery
INFO: [ε | challenge_v0 success_and_cryptobinding challenge_v0 tlv_failure / ε | challenge_response_v0 tlv_success challenge_response_v0 tlv_failure]
Nov 25, 2025 4:06:58 PM de.learnlib.logging.LearnLogger logQuery
INFO: [ε | challenge_v0 success_and_cryptobinding tlv_request tlv_failure / ε | challenge_response_v0 tlv_success tlv_success tlv_failure]
Nov 25, 2025 4:07:00 PM de.learnlib.logging.LearnLogger logQuery
INFO: [ε | challenge_v0 success_and_cryptobinding success_request_with_credentials tlv_failure / ε | challenge_response_v0 tlv_success success_response_v0 tlv_failure]
Nov 25, 2025 4:07:02 PM de.learnlib.logging.LearnLogger logQuery
INFO: [ε | challenge_v0 success_and_cryptobinding success_and_cryptobinding tlv_failure / ε | challenge_response_v0 tlv_success tlv_success tlv_failure]
Nov 25, 2025 4:07:04 PM de.learnlib.logging.LearnLogger logQuery
INFO: [ε | challenge_v0 success_and_cryptobinding eap_success tlv_failure / ε | challenge_response_v0 tlv_success after_eap_success tlv_failure]
Nov 25, 2025 4:07:07 PM de.learnlib.logging.LearnLogger logQuery
INFO: [ε | challenge_v0 success_and_cryptobinding id_request_v0 success_request_all_zeros / ε | challenge_response_v0 tlv_success id_response_v0 no_reply]
Nov 25, 2025 4:07:09 PM de.learnlib.logging.LearnLogger logQuery
INFO: [ε | challenge_v0 success_and_cryptobinding challenge_v0 success_request_all_zeros / ε | challenge_response_v0 tlv_success challenge_response_v0 no_reply]
Nov 25, 2025 4:07:11 PM de.learnlib.logging.LearnLogger logQuery
INFO: [ε | challenge_v0 success_and_cryptobinding tlv_request success_request_all_zeros / ε | challenge_response_v0 tlv_success tlv_success no_reply]
Nov 25, 2025 4:07:14 PM de.learnlib.logging.LearnLogger logQuery
INFO: [ε | challenge_v0 success_and_cryptobinding success_request_with_credentials success_request_all_zeros / ε | challenge_response_v0 tlv_success success_response_v0 no_reply]
Nov 25, 2025 4:07:16 PM de.learnlib.logging.LearnLogger logQuery
INFO: [ε | challenge_v0 success_and_cryptobinding success_and_cryptobinding success_request_all_zeros / ε | challenge_response_v0 tlv_success tlv_success no_reply]
Nov 25, 2025 4:07:19 PM de.learnlib.logging.LearnLogger logQuery
INFO: [ε | challenge_v0 success_and_cryptobinding eap_success success_request_all_zeros / ε | challenge_response_v0 tlv_success after_eap_success no_reply]
Nov 25, 2025 4:07:21 PM de.learnlib.logging.LearnLogger logQuery
INFO: [ε | challenge_v0 success_and_cryptobinding id_request_v0 success_request_with_credentials success_request_with_credentials / ε | challenge_response_v0 tlv_success id_response_v0 success_response_v0 success_response_v0]
Nov 25, 2025 4:07:23 PM de.learnlib.logging.LearnLogger logQuery
INFO: [ε | challenge_v0 success_and_cryptobinding id_request_v0 success_request_with_credentials 4_way_message_1 / ε | challenge_response_v0 tlv_success id_response_v0 success_response_v0 4_way_message_2]
Nov 25, 2025 4:07:24 PM de.learnlib.logging.LearnLogger logQuery
INFO: [ε | challenge_v0 success_and_cryptobinding id_request_v0 success_request_with_credentials id_request_v0 / ε | challenge_response_v0 tlv_success id_response_v0 success_response_v0 id_response_v0]
Nov 25, 2025 4:07:26 PM de.learnlib.logging.LearnLogger logQuery
INFO: [ε | challenge_v0 success_and_cryptobinding challenge_v0 success_request_with_credentials success_request_with_credentials / ε | challenge_response_v0 tlv_success challenge_response_v0 success_response_v0 success_response_v0]
Nov 25, 2025 4:07:28 PM de.learnlib.logging.LearnLogger logQuery
INFO: [ε | challenge_v0 success_and_cryptobinding challenge_v0 success_request_with_credentials 4_way_message_1 / ε | challenge_response_v0 tlv_success challenge_response_v0 success_response_v0 4_way_message_2]
Nov 25, 2025 4:07:30 PM de.learnlib.logging.LearnLogger logQuery
INFO: [ε | challenge_v0 success_and_cryptobinding challenge_v0 success_request_with_credentials id_request_v0 / ε | challenge_response_v0 tlv_success challenge_response_v0 success_response_v0 id_response_v0]
Nov 25, 2025 4:07:32 PM de.learnlib.logging.LearnLogger logQuery
INFO: [ε | challenge_v0 success_and_cryptobinding tlv_request success_request_with_credentials success_request_with_credentials / ε | challenge_response_v0 tlv_success tlv_success success_response_v0 success_response_v0]
Nov 25, 2025 4:07:34 PM de.learnlib.logging.LearnLogger logQuery
INFO: [ε | challenge_v0 success_and_cryptobinding tlv_request success_request_with_credentials 4_way_message_1 / ε | challenge_response_v0 tlv_success tlv_success success_response_v0 4_way_message_2]
Nov 25, 2025 4:07:36 PM de.learnlib.logging.LearnLogger logQuery
INFO: [ε | challenge_v0 success_and_cryptobinding tlv_request success_request_with_credentials id_request_v0 / ε | challenge_response_v0 tlv_success tlv_success success_response_v0 id_response_v0]
Nov 25, 2025 4:07:37 PM de.learnlib.logging.LearnLogger logQuery
INFO: [ε | challenge_v0 success_and_cryptobinding success_request_with_credentials success_request_with_credentials success_request_with_credentials / ε | challenge_response_v0 tlv_success success_response_v0 success_response_v0 success_response_v0]
Nov 25, 2025 4:07:39 PM de.learnlib.logging.LearnLogger logQuery
INFO: [ε | challenge_v0 success_and_cryptobinding success_request_with_credentials success_request_with_credentials 4_way_message_1 / ε | challenge_response_v0 tlv_success success_response_v0 success_response_v0 4_way_message_2]
Nov 25, 2025 4:07:41 PM de.learnlib.logging.LearnLogger logQuery
INFO: [ε | challenge_v0 success_and_cryptobinding success_request_with_credentials success_request_with_credentials id_request_v0 / ε | challenge_response_v0 tlv_success success_response_v0 success_response_v0 id_response_v0]
Nov 25, 2025 4:07:43 PM de.learnlib.logging.LearnLogger logQuery
INFO: [ε | challenge_v0 success_and_cryptobinding success_and_cryptobinding success_request_with_credentials success_request_with_credentials / ε | challenge_response_v0 tlv_success tlv_success success_response_v0 success_response_v0]
Nov 25, 2025 4:07:45 PM de.learnlib.logging.LearnLogger logQuery
INFO: [ε | challenge_v0 success_and_cryptobinding success_and_cryptobinding success_request_with_credentials 4_way_message_1 / ε | challenge_response_v0 tlv_success tlv_success success_response_v0 4_way_message_2]
Nov 25, 2025 4:07:47 PM de.learnlib.logging.LearnLogger logQuery
INFO: [ε | challenge_v0 success_and_cryptobinding success_and_cryptobinding success_request_with_credentials id_request_v0 / ε | challenge_response_v0 tlv_success tlv_success success_response_v0 id_response_v0]
Nov 25, 2025 4:07:49 PM de.learnlib.logging.LearnLogger logQuery
INFO: [ε | challenge_v0 success_and_cryptobinding eap_success success_request_with_credentials success_request_with_credentials / ε | challenge_response_v0 tlv_success after_eap_success success_response_v0 success_response_v0]
Nov 25, 2025 4:07:51 PM de.learnlib.logging.LearnLogger logQuery
INFO: [ε | challenge_v0 success_and_cryptobinding eap_success success_request_with_credentials 4_way_message_1 / ε | challenge_response_v0 tlv_success after_eap_success success_response_v0 4_way_message_2]
Nov 25, 2025 4:07:53 PM de.learnlib.logging.LearnLogger logQuery
INFO: [ε | challenge_v0 success_and_cryptobinding eap_success success_request_with_credentials id_request_v0 / ε | challenge_response_v0 tlv_success after_eap_success success_response_v0 id_response_v0]
Nov 25, 2025 4:07:55 PM de.learnlib.logging.LearnLogger logQuery
INFO: [ε | challenge_v0 success_and_cryptobinding id_request_v0 success_and_cryptobinding / ε | challenge_response_v0 tlv_success id_response_v0 tlv_success]
Nov 25, 2025 4:07:56 PM de.learnlib.logging.LearnLogger logQuery
INFO: [ε | challenge_v0 success_and_cryptobinding id_request_v0 success_and_cryptobinding success_request_with_credentials / ε | challenge_response_v0 tlv_success id_response_v0 tlv_success success_response_v0]
Nov 25, 2025 4:07:58 PM de.learnlib.logging.LearnLogger logQuery
INFO: [ε | challenge_v0 success_and_cryptobinding id_request_v0 success_and_cryptobinding 4_way_message_1 / ε | challenge_response_v0 tlv_success id_response_v0 tlv_success 4_way_message_2]
Nov 25, 2025 4:08:00 PM de.learnlib.logging.LearnLogger logQuery
INFO: [ε | challenge_v0 success_and_cryptobinding id_request_v0 success_and_cryptobinding id_request_v0 / ε | challenge_response_v0 tlv_success id_response_v0 tlv_success id_response_v0]
Nov 25, 2025 4:08:02 PM de.learnlib.logging.LearnLogger logQuery
INFO: [ε | challenge_v0 success_and_cryptobinding challenge_v0 success_and_cryptobinding / ε | challenge_response_v0 tlv_success challenge_response_v0 tlv_success]
Nov 25, 2025 4:08:04 PM de.learnlib.logging.LearnLogger logQuery
INFO: [ε | challenge_v0 success_and_cryptobinding challenge_v0 success_and_cryptobinding success_request_with_credentials / ε | challenge_response_v0 tlv_success challenge_response_v0 tlv_success success_response_v0]
Nov 25, 2025 4:08:06 PM de.learnlib.logging.LearnLogger logQuery
INFO: [ε | challenge_v0 success_and_cryptobinding challenge_v0 success_and_cryptobinding 4_way_message_1 / ε | challenge_response_v0 tlv_success challenge_response_v0 tlv_success 4_way_message_2]
Nov 25, 2025 4:08:08 PM de.learnlib.logging.LearnLogger logQuery
INFO: [ε | challenge_v0 success_and_cryptobinding challenge_v0 success_and_cryptobinding id_request_v0 / ε | challenge_response_v0 tlv_success challenge_response_v0 tlv_success id_response_v0]
Nov 25, 2025 4:08:09 PM de.learnlib.logging.LearnLogger logQuery
INFO: [ε | challenge_v0 success_and_cryptobinding tlv_request success_and_cryptobinding / ε | challenge_response_v0 tlv_success tlv_success tlv_success]
Nov 25, 2025 4:08:11 PM de.learnlib.logging.LearnLogger logQuery
INFO: [ε | challenge_v0 success_and_cryptobinding tlv_request success_and_cryptobinding success_request_with_credentials / ε | challenge_response_v0 tlv_success tlv_success tlv_success success_response_v0]
Nov 25, 2025 4:08:13 PM de.learnlib.logging.LearnLogger logQuery
INFO: [ε | challenge_v0 success_and_cryptobinding tlv_request success_and_cryptobinding 4_way_message_1 / ε | challenge_response_v0 tlv_success tlv_success tlv_success 4_way_message_2]
Nov 25, 2025 4:08:15 PM de.learnlib.logging.LearnLogger logQuery
INFO: [ε | challenge_v0 success_and_cryptobinding tlv_request success_and_cryptobinding id_request_v0 / ε | challenge_response_v0 tlv_success tlv_success tlv_success id_response_v0]
Nov 25, 2025 4:08:17 PM de.learnlib.logging.LearnLogger logQuery
INFO: [ε | challenge_v0 success_and_cryptobinding success_request_with_credentials success_and_cryptobinding / ε | challenge_response_v0 tlv_success success_response_v0 tlv_success]
Nov 25, 2025 4:08:18 PM de.learnlib.logging.LearnLogger logQuery
INFO: [ε | challenge_v0 success_and_cryptobinding success_request_with_credentials success_and_cryptobinding success_request_with_credentials / ε | challenge_response_v0 tlv_success success_response_v0 tlv_success success_response_v0]
Nov 25, 2025 4:08:20 PM de.learnlib.logging.LearnLogger logQuery
INFO: [ε | challenge_v0 success_and_cryptobinding success_request_with_credentials success_and_cryptobinding 4_way_message_1 / ε | challenge_response_v0 tlv_success success_response_v0 tlv_success 4_way_message_2]
Nov 25, 2025 4:08:22 PM de.learnlib.logging.LearnLogger logQuery
INFO: [ε | challenge_v0 success_and_cryptobinding success_request_with_credentials success_and_cryptobinding id_request_v0 / ε | challenge_response_v0 tlv_success success_response_v0 tlv_success id_response_v0]
Nov 25, 2025 4:08:24 PM de.learnlib.logging.LearnLogger logQuery
INFO: [ε | challenge_v0 success_and_cryptobinding success_and_cryptobinding success_and_cryptobinding / ε | challenge_response_v0 tlv_success tlv_success tlv_success]
Nov 25, 2025 4:08:26 PM de.learnlib.logging.LearnLogger logQuery
INFO: [ε | challenge_v0 success_and_cryptobinding success_and_cryptobinding success_and_cryptobinding success_request_with_credentials / ε | challenge_response_v0 tlv_success tlv_success tlv_success success_response_v0]
Nov 25, 2025 4:08:27 PM de.learnlib.logging.LearnLogger logQuery
INFO: [ε | challenge_v0 success_and_cryptobinding success_and_cryptobinding success_and_cryptobinding 4_way_message_1 / ε | challenge_response_v0 tlv_success tlv_success tlv_success 4_way_message_2]
Nov 25, 2025 4:08:29 PM de.learnlib.logging.LearnLogger logQuery
INFO: [ε | challenge_v0 success_and_cryptobinding success_and_cryptobinding success_and_cryptobinding id_request_v0 / ε | challenge_response_v0 tlv_success tlv_success tlv_success id_response_v0]
Nov 25, 2025 4:08:31 PM de.learnlib.logging.LearnLogger logQuery
INFO: [ε | challenge_v0 success_and_cryptobinding eap_success success_and_cryptobinding / ε | challenge_response_v0 tlv_success after_eap_success tlv_success]
Nov 25, 2025 4:08:33 PM de.learnlib.logging.LearnLogger logQuery
INFO: [ε | challenge_v0 success_and_cryptobinding eap_success success_and_cryptobinding success_request_with_credentials / ε | challenge_response_v0 tlv_success after_eap_success tlv_success success_response_v0]
Nov 25, 2025 4:08:36 PM de.learnlib.logging.LearnLogger logQuery
INFO: [ε | challenge_v0 success_and_cryptobinding eap_success success_and_cryptobinding 4_way_message_1 / ε | challenge_response_v0 tlv_success after_eap_success tlv_success 4_way_message_2]
Nov 25, 2025 4:08:38 PM de.learnlib.logging.LearnLogger logQuery
INFO: [ε | challenge_v0 success_and_cryptobinding eap_success success_and_cryptobinding id_request_v0 / ε | challenge_response_v0 tlv_success after_eap_success tlv_success id_response_v0]
Nov 25, 2025 4:08:40 PM de.learnlib.logging.LearnLogger logQuery
INFO: [ε | challenge_v0 success_and_cryptobinding id_request_v0 cryptobinding / ε | challenge_response_v0 tlv_success id_response_v0 no_reply]
Nov 25, 2025 4:08:43 PM de.learnlib.logging.LearnLogger logQuery
INFO: [ε | challenge_v0 success_and_cryptobinding challenge_v0 cryptobinding / ε | challenge_response_v0 tlv_success challenge_response_v0 no_reply]
Nov 25, 2025 4:08:45 PM de.learnlib.logging.LearnLogger logQuery
INFO: [ε | challenge_v0 success_and_cryptobinding tlv_request cryptobinding / ε | challenge_response_v0 tlv_success tlv_success no_reply]
Nov 25, 2025 4:08:47 PM de.learnlib.logging.LearnLogger logQuery
INFO: [ε | challenge_v0 success_and_cryptobinding success_request_with_credentials cryptobinding / ε | challenge_response_v0 tlv_success success_response_v0 no_reply]
Nov 25, 2025 4:08:50 PM de.learnlib.logging.LearnLogger logQuery
INFO: [ε | challenge_v0 success_and_cryptobinding success_and_cryptobinding cryptobinding / ε | challenge_response_v0 tlv_success tlv_success no_reply]
Nov 25, 2025 4:08:53 PM de.learnlib.logging.LearnLogger logQuery
INFO: [ε | challenge_v0 success_and_cryptobinding eap_success cryptobinding / ε | challenge_response_v0 tlv_success after_eap_success no_reply]
Nov 25, 2025 4:08:55 PM de.learnlib.logging.LearnLogger logQuery
INFO: [ε | challenge_v0 success_and_cryptobinding id_request_v0 eap_success / ε | challenge_response_v0 tlv_success id_response_v0 after_eap_success]
Nov 25, 2025 4:08:57 PM de.learnlib.logging.LearnLogger logQuery
INFO: [ε | challenge_v0 success_and_cryptobinding id_request_v0 eap_success success_request_with_credentials / ε | challenge_response_v0 tlv_success id_response_v0 after_eap_success success_response_v0]
Nov 25, 2025 4:09:00 PM de.learnlib.logging.LearnLogger logQuery
INFO: [ε | challenge_v0 success_and_cryptobinding id_request_v0 eap_success 4_way_message_1 / ε | challenge_response_v0 tlv_success id_response_v0 after_eap_success 4_way_message_2]
Nov 25, 2025 4:09:02 PM de.learnlib.logging.LearnLogger logQuery
INFO: [ε | challenge_v0 success_and_cryptobinding id_request_v0 eap_success id_request_v0 / ε | challenge_response_v0 tlv_success id_response_v0 after_eap_success id_response_v0]
Nov 25, 2025 4:09:04 PM de.learnlib.logging.LearnLogger logQuery
INFO: [ε | challenge_v0 success_and_cryptobinding challenge_v0 eap_success / ε | challenge_response_v0 tlv_success challenge_response_v0 after_eap_success]
Nov 25, 2025 4:09:06 PM de.learnlib.logging.LearnLogger logQuery
INFO: [ε | challenge_v0 success_and_cryptobinding challenge_v0 eap_success success_request_with_credentials / ε | challenge_response_v0 tlv_success challenge_response_v0 after_eap_success success_response_v0]
Nov 25, 2025 4:09:08 PM de.learnlib.logging.LearnLogger logQuery
INFO: [ε | challenge_v0 success_and_cryptobinding challenge_v0 eap_success 4_way_message_1 / ε | challenge_response_v0 tlv_success challenge_response_v0 after_eap_success 4_way_message_2]
Nov 25, 2025 4:09:11 PM de.learnlib.logging.LearnLogger logQuery
INFO: [ε | challenge_v0 success_and_cryptobinding challenge_v0 eap_success id_request_v0 / ε | challenge_response_v0 tlv_success challenge_response_v0 after_eap_success id_response_v0]
Nov 25, 2025 4:09:13 PM de.learnlib.logging.LearnLogger logQuery
INFO: [ε | challenge_v0 success_and_cryptobinding tlv_request eap_success / ε | challenge_response_v0 tlv_success tlv_success after_eap_success]
Nov 25, 2025 4:09:15 PM de.learnlib.logging.LearnLogger logQuery
INFO: [ε | challenge_v0 success_and_cryptobinding tlv_request eap_success success_request_with_credentials / ε | challenge_response_v0 tlv_success tlv_success after_eap_success success_response_v0]
Nov 25, 2025 4:09:17 PM de.learnlib.logging.LearnLogger logQuery
INFO: [ε | challenge_v0 success_and_cryptobinding tlv_request eap_success 4_way_message_1 / ε | challenge_response_v0 tlv_success tlv_success after_eap_success 4_way_message_2]
Nov 25, 2025 4:09:19 PM de.learnlib.logging.LearnLogger logQuery
INFO: [ε | challenge_v0 success_and_cryptobinding tlv_request eap_success id_request_v0 / ε | challenge_response_v0 tlv_success tlv_success after_eap_success id_response_v0]
Nov 25, 2025 4:09:21 PM de.learnlib.logging.LearnLogger logQuery
INFO: [ε | challenge_v0 success_and_cryptobinding success_request_with_credentials eap_success / ε | challenge_response_v0 tlv_success success_response_v0 after_eap_success]
Nov 25, 2025 4:09:24 PM de.learnlib.logging.LearnLogger logQuery
INFO: [ε | challenge_v0 success_and_cryptobinding success_request_with_credentials eap_success success_request_with_credentials / ε | challenge_response_v0 tlv_success success_response_v0 after_eap_success success_response_v0]
Nov 25, 2025 4:09:26 PM de.learnlib.logging.LearnLogger logQuery
INFO: [ε | challenge_v0 success_and_cryptobinding success_request_with_credentials eap_success 4_way_message_1 / ε | challenge_response_v0 tlv_success success_response_v0 after_eap_success 4_way_message_2]
Nov 25, 2025 4:09:28 PM de.learnlib.logging.LearnLogger logQuery
INFO: [ε | challenge_v0 success_and_cryptobinding success_request_with_credentials eap_success id_request_v0 / ε | challenge_response_v0 tlv_success success_response_v0 after_eap_success id_response_v0]
Nov 25, 2025 4:09:30 PM de.learnlib.logging.LearnLogger logQuery
INFO: [ε | challenge_v0 success_and_cryptobinding success_and_cryptobinding eap_success / ε | challenge_response_v0 tlv_success tlv_success after_eap_success]
Nov 25, 2025 4:09:32 PM de.learnlib.logging.LearnLogger logQuery
INFO: [ε | challenge_v0 success_and_cryptobinding success_and_cryptobinding eap_success success_request_with_credentials / ε | challenge_response_v0 tlv_success tlv_success after_eap_success success_response_v0]
Nov 25, 2025 4:09:35 PM de.learnlib.logging.LearnLogger logQuery
INFO: [ε | challenge_v0 success_and_cryptobinding success_and_cryptobinding eap_success 4_way_message_1 / ε | challenge_response_v0 tlv_success tlv_success after_eap_success 4_way_message_2]
Nov 25, 2025 4:09:37 PM de.learnlib.logging.LearnLogger logQuery
INFO: [ε | challenge_v0 success_and_cryptobinding success_and_cryptobinding eap_success id_request_v0 / ε | challenge_response_v0 tlv_success tlv_success after_eap_success id_response_v0]
Nov 25, 2025 4:09:39 PM de.learnlib.logging.LearnLogger logQuery
INFO: [ε | challenge_v0 success_and_cryptobinding eap_success eap_success / ε | challenge_response_v0 tlv_success after_eap_success after_eap_success]
Nov 25, 2025 4:09:42 PM de.learnlib.logging.LearnLogger logQuery
INFO: [ε | challenge_v0 success_and_cryptobinding eap_success eap_success success_request_with_credentials / ε | challenge_response_v0 tlv_success after_eap_success after_eap_success success_response_v0]
Nov 25, 2025 4:09:45 PM de.learnlib.logging.LearnLogger logQuery
INFO: [ε | challenge_v0 success_and_cryptobinding eap_success eap_success 4_way_message_1 / ε | challenge_response_v0 tlv_success after_eap_success after_eap_success 4_way_message_2]
Nov 25, 2025 4:09:48 PM de.learnlib.logging.LearnLogger logQuery
INFO: [ε | challenge_v0 success_and_cryptobinding eap_success eap_success id_request_v0 / ε | challenge_response_v0 tlv_success after_eap_success after_eap_success id_response_v0]
Nov 25, 2025 4:09:51 PM de.learnlib.logging.LearnLogger logQuery
INFO: [ε | challenge_v0 eap_success eap_success challenge_v0 / ε | challenge_response_v0 after_eap_success after_eap_success no_reply]
Nov 25, 2025 4:09:54 PM de.learnlib.logging.LearnLogger logQuery
INFO: [ε | challenge_v0 eap_success eap_success tlv_request / ε | challenge_response_v0 after_eap_success after_eap_success no_reply]
Nov 25, 2025 4:09:58 PM de.learnlib.logging.LearnLogger logQuery
INFO: [ε | challenge_v0 eap_success eap_success tlv_failure / ε | challenge_response_v0 after_eap_success after_eap_success no_reply]
Nov 25, 2025 4:10:01 PM de.learnlib.logging.LearnLogger logQuery
INFO: [ε | challenge_v0 eap_success eap_success success_request_all_zeros / ε | challenge_response_v0 after_eap_success after_eap_success no_reply]
Nov 25, 2025 4:10:05 PM de.learnlib.logging.LearnLogger logQuery
INFO: [ε | challenge_v0 eap_success eap_success success_and_cryptobinding / ε | challenge_response_v0 after_eap_success after_eap_success no_reply]
Nov 25, 2025 4:10:08 PM de.learnlib.logging.LearnLogger logQuery
INFO: [ε | challenge_v0 eap_success eap_success cryptobinding / ε | challenge_response_v0 after_eap_success after_eap_success no_reply]
Nov 25, 2025 4:10:11 PM de.learnlib.logging.LearnLogger logQuery
INFO: [ε | challenge_v0 eap_success eap_success eap_success / ε | challenge_response_v0 after_eap_success after_eap_success after_eap_success]
Nov 25, 2025 4:10:15 PM de.learnlib.logging.LearnLogger logQuery
INFO: [ε | challenge_v0 eap_success eap_success eap_success success_request_with_credentials / ε | challenge_response_v0 after_eap_success after_eap_success after_eap_success no_reply]
Nov 25, 2025 4:10:19 PM de.learnlib.logging.LearnLogger logQuery
INFO: [ε | challenge_v0 eap_success eap_success eap_success 4_way_message_1 / ε | challenge_response_v0 after_eap_success after_eap_success after_eap_success no_reply]
Nov 25, 2025 4:10:23 PM de.learnlib.logging.LearnLogger logQuery
INFO: [ε | challenge_v0 eap_success eap_success eap_success id_request_v0 / ε | challenge_response_v0 after_eap_success after_eap_success after_eap_success no_reply]
Nov 25, 2025 4:10:25 PM de.learnlib.logging.LearnLogger logQuery
INFO: [ε | tlv_request id_request_v0 id_request_v0 id_request_v0 success_request_with_credentials / ε | tlv_success id_response_v0 id_response_v0 id_response_v0 no_reply]
Nov 25, 2025 4:10:28 PM de.learnlib.logging.LearnLogger logQuery
INFO: [ε | tlv_request id_request_v0 id_request_v0 id_request_v0 4_way_message_1 / ε | tlv_success id_response_v0 id_response_v0 id_response_v0 4_way_message_2]
Nov 25, 2025 4:10:29 PM de.learnlib.logging.LearnLogger logQuery
INFO: [ε | tlv_request id_request_v0 id_request_v0 id_request_v0 id_request_v0 / ε | tlv_success id_response_v0 id_response_v0 id_response_v0 id_response_v0]
Nov 25, 2025 4:10:31 PM de.learnlib.logging.LearnLogger logQuery
INFO: [ε | tlv_request id_request_v0 challenge_v0 id_request_v0 success_request_with_credentials / ε | tlv_success id_response_v0 challenge_response_v0 id_response_v0 success_response_v0]
Nov 25, 2025 4:10:33 PM de.learnlib.logging.LearnLogger logQuery
INFO: [ε | tlv_request id_request_v0 challenge_v0 id_request_v0 4_way_message_1 / ε | tlv_success id_response_v0 challenge_response_v0 id_response_v0 4_way_message_2]
Nov 25, 2025 4:10:35 PM de.learnlib.logging.LearnLogger logQuery
INFO: [ε | tlv_request id_request_v0 challenge_v0 id_request_v0 id_request_v0 / ε | tlv_success id_response_v0 challenge_response_v0 id_response_v0 id_response_v0]
Nov 25, 2025 4:10:37 PM de.learnlib.logging.LearnLogger logQuery
INFO: [ε | tlv_request id_request_v0 tlv_request id_request_v0 success_request_with_credentials / ε | tlv_success id_response_v0 tlv_success id_response_v0 no_reply]
Nov 25, 2025 4:10:39 PM de.learnlib.logging.LearnLogger logQuery
INFO: [ε | tlv_request id_request_v0 tlv_request id_request_v0 4_way_message_1 / ε | tlv_success id_response_v0 tlv_success id_response_v0 4_way_message_2]
Nov 25, 2025 4:10:41 PM de.learnlib.logging.LearnLogger logQuery
INFO: [ε | tlv_request id_request_v0 tlv_request id_request_v0 id_request_v0 / ε | tlv_success id_response_v0 tlv_success id_response_v0 id_response_v0]
Nov 25, 2025 4:10:43 PM de.learnlib.logging.LearnLogger logQuery
INFO: [ε | tlv_request id_request_v0 success_and_cryptobinding id_request_v0 success_request_with_credentials / ε | tlv_success id_response_v0 tlv_success id_response_v0 no_reply]
Nov 25, 2025 4:10:45 PM de.learnlib.logging.LearnLogger logQuery
INFO: [ε | tlv_request id_request_v0 success_and_cryptobinding id_request_v0 4_way_message_1 / ε | tlv_success id_response_v0 tlv_success id_response_v0 4_way_message_2]
Nov 25, 2025 4:10:47 PM de.learnlib.logging.LearnLogger logQuery
INFO: [ε | tlv_request id_request_v0 success_and_cryptobinding id_request_v0 id_request_v0 / ε | tlv_success id_response_v0 tlv_success id_response_v0 id_response_v0]
Nov 25, 2025 4:10:50 PM de.learnlib.logging.LearnLogger logQuery
INFO: [ε | tlv_request id_request_v0 eap_success id_request_v0 success_request_with_credentials / ε | tlv_success id_response_v0 after_eap_success id_response_v0 no_reply]
Nov 25, 2025 4:10:52 PM de.learnlib.logging.LearnLogger logQuery
INFO: [ε | tlv_request id_request_v0 eap_success id_request_v0 4_way_message_1 / ε | tlv_success id_response_v0 after_eap_success id_response_v0 4_way_message_2]
Nov 25, 2025 4:10:55 PM de.learnlib.logging.LearnLogger logQuery
INFO: [ε | tlv_request id_request_v0 eap_success id_request_v0 id_request_v0 / ε | tlv_success id_response_v0 after_eap_success id_response_v0 id_response_v0]
Nov 25, 2025 4:10:56 PM de.learnlib.logging.LearnLogger logQuery
INFO: [ε | tlv_request id_request_v0 id_request_v0 challenge_v0 / ε | tlv_success id_response_v0 id_response_v0 challenge_response_v0]
Nov 25, 2025 4:10:58 PM de.learnlib.logging.LearnLogger logQuery
INFO: [ε | tlv_request id_request_v0 id_request_v0 challenge_v0 success_request_with_credentials / ε | tlv_success id_response_v0 id_response_v0 challenge_response_v0 success_response_v0]
Nov 25, 2025 4:11:00 PM de.learnlib.logging.LearnLogger logQuery
INFO: [ε | tlv_request id_request_v0 id_request_v0 challenge_v0 4_way_message_1 / ε | tlv_success id_response_v0 id_response_v0 challenge_response_v0 4_way_message_2]
Nov 25, 2025 4:11:02 PM de.learnlib.logging.LearnLogger logQuery
INFO: [ε | tlv_request id_request_v0 id_request_v0 challenge_v0 id_request_v0 / ε | tlv_success id_response_v0 id_response_v0 challenge_response_v0 id_response_v0]
Nov 25, 2025 4:11:03 PM de.learnlib.logging.LearnLogger logQuery
INFO: [ε | tlv_request id_request_v0 challenge_v0 challenge_v0 / ε | tlv_success id_response_v0 challenge_response_v0 challenge_response_v0]
Nov 25, 2025 4:11:05 PM de.learnlib.logging.LearnLogger logQuery
INFO: [ε | tlv_request id_request_v0 challenge_v0 challenge_v0 success_request_with_credentials / ε | tlv_success id_response_v0 challenge_response_v0 challenge_response_v0 success_response_v0]
Nov 25, 2025 4:11:07 PM de.learnlib.logging.LearnLogger logQuery
INFO: [ε | tlv_request id_request_v0 challenge_v0 challenge_v0 4_way_message_1 / ε | tlv_success id_response_v0 challenge_response_v0 challenge_response_v0 4_way_message_2]
Nov 25, 2025 4:11:09 PM de.learnlib.logging.LearnLogger logQuery
INFO: [ε | tlv_request id_request_v0 challenge_v0 challenge_v0 id_request_v0 / ε | tlv_success id_response_v0 challenge_response_v0 challenge_response_v0 id_response_v0]
Nov 25, 2025 4:11:11 PM de.learnlib.logging.LearnLogger logQuery
INFO: [ε | tlv_request id_request_v0 tlv_request challenge_v0 / ε | tlv_success id_response_v0 tlv_success challenge_response_v0]
Nov 25, 2025 4:11:12 PM de.learnlib.logging.LearnLogger logQuery
INFO: [ε | tlv_request id_request_v0 tlv_request challenge_v0 success_request_with_credentials / ε | tlv_success id_response_v0 tlv_success challenge_response_v0 success_response_v0]
Nov 25, 2025 4:11:14 PM de.learnlib.logging.LearnLogger logQuery
INFO: [ε | tlv_request id_request_v0 tlv_request challenge_v0 4_way_message_1 / ε | tlv_success id_response_v0 tlv_success challenge_response_v0 4_way_message_2]
Nov 25, 2025 4:11:16 PM de.learnlib.logging.LearnLogger logQuery
INFO: [ε | tlv_request id_request_v0 tlv_request challenge_v0 id_request_v0 / ε | tlv_success id_response_v0 tlv_success challenge_response_v0 id_response_v0]
Nov 25, 2025 4:11:18 PM de.learnlib.logging.LearnLogger logQuery
INFO: [ε | tlv_request id_request_v0 success_and_cryptobinding challenge_v0 / ε | tlv_success id_response_v0 tlv_success challenge_response_v0]
Nov 25, 2025 4:11:20 PM de.learnlib.logging.LearnLogger logQuery
INFO: [ε | tlv_request id_request_v0 success_and_cryptobinding challenge_v0 success_request_with_credentials / ε | tlv_success id_response_v0 tlv_success challenge_response_v0 success_response_v0]
Nov 25, 2025 4:11:21 PM de.learnlib.logging.LearnLogger logQuery
INFO: [ε | tlv_request id_request_v0 success_and_cryptobinding challenge_v0 4_way_message_1 / ε | tlv_success id_response_v0 tlv_success challenge_response_v0 4_way_message_2]
Nov 25, 2025 4:11:23 PM de.learnlib.logging.LearnLogger logQuery
INFO: [ε | tlv_request id_request_v0 success_and_cryptobinding challenge_v0 id_request_v0 / ε | tlv_success id_response_v0 tlv_success challenge_response_v0 id_response_v0]
Nov 25, 2025 4:11:25 PM de.learnlib.logging.LearnLogger logQuery
INFO: [ε | tlv_request id_request_v0 eap_success challenge_v0 / ε | tlv_success id_response_v0 after_eap_success challenge_response_v0]
Nov 25, 2025 4:11:28 PM de.learnlib.logging.LearnLogger logQuery
INFO: [ε | tlv_request id_request_v0 eap_success challenge_v0 success_request_with_credentials / ε | tlv_success id_response_v0 after_eap_success challenge_response_v0 success_response_v0]
Nov 25, 2025 4:11:30 PM de.learnlib.logging.LearnLogger logQuery
INFO: [ε | tlv_request id_request_v0 eap_success challenge_v0 4_way_message_1 / ε | tlv_success id_response_v0 after_eap_success challenge_response_v0 4_way_message_2]
Nov 25, 2025 4:11:32 PM de.learnlib.logging.LearnLogger logQuery
INFO: [ε | tlv_request id_request_v0 eap_success challenge_v0 id_request_v0 / ε | tlv_success id_response_v0 after_eap_success challenge_response_v0 id_response_v0]
Nov 25, 2025 4:11:34 PM de.learnlib.logging.LearnLogger logQuery
INFO: [ε | tlv_request id_request_v0 id_request_v0 tlv_request / ε | tlv_success id_response_v0 id_response_v0 tlv_success]
Nov 25, 2025 4:11:36 PM de.learnlib.logging.LearnLogger logQuery
INFO: [ε | tlv_request id_request_v0 id_request_v0 tlv_request success_request_with_credentials / ε | tlv_success id_response_v0 id_response_v0 tlv_success no_reply]
Nov 25, 2025 4:11:38 PM de.learnlib.logging.LearnLogger logQuery
INFO: [ε | tlv_request id_request_v0 id_request_v0 tlv_request 4_way_message_1 / ε | tlv_success id_response_v0 id_response_v0 tlv_success 4_way_message_2]
Nov 25, 2025 4:11:40 PM de.learnlib.logging.LearnLogger logQuery
INFO: [ε | tlv_request id_request_v0 id_request_v0 tlv_request id_request_v0 / ε | tlv_success id_response_v0 id_response_v0 tlv_success id_response_v0]
Nov 25, 2025 4:11:42 PM de.learnlib.logging.LearnLogger logQuery
INFO: [ε | tlv_request id_request_v0 challenge_v0 tlv_request / ε | tlv_success id_response_v0 challenge_response_v0 tlv_success]
Nov 25, 2025 4:11:43 PM de.learnlib.logging.LearnLogger logQuery
INFO: [ε | tlv_request id_request_v0 challenge_v0 tlv_request success_request_with_credentials / ε | tlv_success id_response_v0 challenge_response_v0 tlv_success success_response_v0]
Nov 25, 2025 4:11:45 PM de.learnlib.logging.LearnLogger logQuery
INFO: [ε | tlv_request id_request_v0 challenge_v0 tlv_request 4_way_message_1 / ε | tlv_success id_response_v0 challenge_response_v0 tlv_success 4_way_message_2]
Nov 25, 2025 4:11:47 PM de.learnlib.logging.LearnLogger logQuery
INFO: [ε | tlv_request id_request_v0 challenge_v0 tlv_request id_request_v0 / ε | tlv_success id_response_v0 challenge_response_v0 tlv_success id_response_v0]
Nov 25, 2025 4:11:49 PM de.learnlib.logging.LearnLogger logQuery
INFO: [ε | tlv_request id_request_v0 tlv_request tlv_request / ε | tlv_success id_response_v0 tlv_success tlv_success]
Nov 25, 2025 4:11:51 PM de.learnlib.logging.LearnLogger logQuery
INFO: [ε | tlv_request id_request_v0 tlv_request tlv_request success_request_with_credentials / ε | tlv_success id_response_v0 tlv_success tlv_success no_reply]
Nov 25, 2025 4:11:53 PM de.learnlib.logging.LearnLogger logQuery
INFO: [ε | tlv_request id_request_v0 tlv_request tlv_request 4_way_message_1 / ε | tlv_success id_response_v0 tlv_success tlv_success 4_way_message_2]
Nov 25, 2025 4:11:55 PM de.learnlib.logging.LearnLogger logQuery
INFO: [ε | tlv_request id_request_v0 tlv_request tlv_request id_request_v0 / ε | tlv_success id_response_v0 tlv_success tlv_success id_response_v0]
Nov 25, 2025 4:11:57 PM de.learnlib.logging.LearnLogger logQuery
INFO: [ε | tlv_request id_request_v0 success_and_cryptobinding tlv_request / ε | tlv_success id_response_v0 tlv_success tlv_success]
Nov 25, 2025 4:11:59 PM de.learnlib.logging.LearnLogger logQuery
INFO: [ε | tlv_request id_request_v0 success_and_cryptobinding tlv_request success_request_with_credentials / ε | tlv_success id_response_v0 tlv_success tlv_success no_reply]
Nov 25, 2025 4:12:01 PM de.learnlib.logging.LearnLogger logQuery
INFO: [ε | tlv_request id_request_v0 success_and_cryptobinding tlv_request 4_way_message_1 / ε | tlv_success id_response_v0 tlv_success tlv_success 4_way_message_2]
Nov 25, 2025 4:12:03 PM de.learnlib.logging.LearnLogger logQuery
INFO: [ε | tlv_request id_request_v0 success_and_cryptobinding tlv_request id_request_v0 / ε | tlv_success id_response_v0 tlv_success tlv_success id_response_v0]
Nov 25, 2025 4:12:05 PM de.learnlib.logging.LearnLogger logQuery
INFO: [ε | tlv_request id_request_v0 eap_success tlv_request / ε | tlv_success id_response_v0 after_eap_success tlv_success]
Nov 25, 2025 4:12:07 PM de.learnlib.logging.LearnLogger logQuery
INFO: [ε | tlv_request id_request_v0 eap_success tlv_request success_request_with_credentials / ε | tlv_success id_response_v0 after_eap_success tlv_success no_reply]
Nov 25, 2025 4:12:10 PM de.learnlib.logging.LearnLogger logQuery
INFO: [ε | tlv_request id_request_v0 eap_success tlv_request 4_way_message_1 / ε | tlv_success id_response_v0 after_eap_success tlv_success 4_way_message_2]
Nov 25, 2025 4:12:12 PM de.learnlib.logging.LearnLogger logQuery
INFO: [ε | tlv_request id_request_v0 eap_success tlv_request id_request_v0 / ε | tlv_success id_response_v0 after_eap_success tlv_success id_response_v0]
Nov 25, 2025 4:12:14 PM de.learnlib.logging.LearnLogger logQuery
INFO: [ε | tlv_request id_request_v0 id_request_v0 tlv_failure / ε | tlv_success id_response_v0 id_response_v0 tlv_failure]
Nov 25, 2025 4:12:16 PM de.learnlib.logging.LearnLogger logQuery
INFO: [ε | tlv_request id_request_v0 challenge_v0 tlv_failure / ε | tlv_success id_response_v0 challenge_response_v0 tlv_failure]
Nov 25, 2025 4:12:18 PM de.learnlib.logging.LearnLogger logQuery
INFO: [ε | tlv_request id_request_v0 tlv_request tlv_failure / ε | tlv_success id_response_v0 tlv_success tlv_failure]
Nov 25, 2025 4:12:20 PM de.learnlib.logging.LearnLogger logQuery
INFO: [ε | tlv_request id_request_v0 success_and_cryptobinding tlv_failure / ε | tlv_success id_response_v0 tlv_success tlv_failure]
Nov 25, 2025 4:12:22 PM de.learnlib.logging.LearnLogger logQuery
INFO: [ε | tlv_request id_request_v0 eap_success tlv_failure / ε | tlv_success id_response_v0 after_eap_success tlv_failure]
Nov 25, 2025 4:12:24 PM de.learnlib.logging.LearnLogger logQuery
INFO: [ε | tlv_request id_request_v0 id_request_v0 success_request_all_zeros / ε | tlv_success id_response_v0 id_response_v0 no_reply]
Nov 25, 2025 4:12:27 PM de.learnlib.logging.LearnLogger logQuery
INFO: [ε | tlv_request id_request_v0 challenge_v0 success_request_all_zeros / ε | tlv_success id_response_v0 challenge_response_v0 no_reply]
Nov 25, 2025 4:12:29 PM de.learnlib.logging.LearnLogger logQuery
INFO: [ε | tlv_request id_request_v0 tlv_request success_request_all_zeros / ε | tlv_success id_response_v0 tlv_success no_reply]
Nov 25, 2025 4:12:31 PM de.learnlib.logging.LearnLogger logQuery
INFO: [ε | tlv_request id_request_v0 success_and_cryptobinding success_request_all_zeros / ε | tlv_success id_response_v0 tlv_success no_reply]
Nov 25, 2025 4:12:35 PM de.learnlib.logging.LearnLogger logQuery
INFO: [ε | tlv_request id_request_v0 eap_success success_request_all_zeros / ε | tlv_success id_response_v0 after_eap_success no_reply]
Nov 25, 2025 4:12:36 PM de.learnlib.logging.LearnLogger logQuery
INFO: [ε | tlv_request id_request_v0 challenge_v0 success_request_with_credentials success_request_with_credentials / ε | tlv_success id_response_v0 challenge_response_v0 success_response_v0 success_response_v0]
Nov 25, 2025 4:12:38 PM de.learnlib.logging.LearnLogger logQuery
INFO: [ε | tlv_request id_request_v0 challenge_v0 success_request_with_credentials 4_way_message_1 / ε | tlv_success id_response_v0 challenge_response_v0 success_response_v0 4_way_message_2]
Nov 25, 2025 4:12:40 PM de.learnlib.logging.LearnLogger logQuery
INFO: [ε | tlv_request id_request_v0 challenge_v0 success_request_with_credentials id_request_v0 / ε | tlv_success id_response_v0 challenge_response_v0 success_response_v0 id_response_v0]
Nov 25, 2025 4:12:42 PM de.learnlib.logging.LearnLogger logQuery
INFO: [ε | tlv_request id_request_v0 id_request_v0 success_and_cryptobinding / ε | tlv_success id_response_v0 id_response_v0 tlv_success]
Nov 25, 2025 4:12:44 PM de.learnlib.logging.LearnLogger logQuery
INFO: [ε | tlv_request id_request_v0 id_request_v0 success_and_cryptobinding success_request_with_credentials / ε | tlv_success id_response_v0 id_response_v0 tlv_success no_reply]
Nov 25, 2025 4:12:46 PM de.learnlib.logging.LearnLogger logQuery
INFO: [ε | tlv_request id_request_v0 id_request_v0 success_and_cryptobinding 4_way_message_1 / ε | tlv_success id_response_v0 id_response_v0 tlv_success 4_way_message_2]
Nov 25, 2025 4:12:48 PM de.learnlib.logging.LearnLogger logQuery
INFO: [ε | tlv_request id_request_v0 id_request_v0 success_and_cryptobinding id_request_v0 / ε | tlv_success id_response_v0 id_response_v0 tlv_success id_response_v0]
Nov 25, 2025 4:12:49 PM de.learnlib.logging.LearnLogger logQuery
INFO: [ε | tlv_request id_request_v0 challenge_v0 success_and_cryptobinding / ε | tlv_success id_response_v0 challenge_response_v0 tlv_success]
Nov 25, 2025 4:12:51 PM de.learnlib.logging.LearnLogger logQuery
INFO: [ε | tlv_request id_request_v0 challenge_v0 success_and_cryptobinding success_request_with_credentials / ε | tlv_success id_response_v0 challenge_response_v0 tlv_success success_response_v0]
Nov 25, 2025 4:12:53 PM de.learnlib.logging.LearnLogger logQuery
INFO: [ε | tlv_request id_request_v0 challenge_v0 success_and_cryptobinding 4_way_message_1 / ε | tlv_success id_response_v0 challenge_response_v0 tlv_success 4_way_message_2]
Nov 25, 2025 4:12:55 PM de.learnlib.logging.LearnLogger logQuery
INFO: [ε | tlv_request id_request_v0 challenge_v0 success_and_cryptobinding id_request_v0 / ε | tlv_success id_response_v0 challenge_response_v0 tlv_success id_response_v0]
Nov 25, 2025 4:12:57 PM de.learnlib.logging.LearnLogger logQuery
INFO: [ε | tlv_request id_request_v0 tlv_request success_and_cryptobinding / ε | tlv_success id_response_v0 tlv_success tlv_success]
Nov 25, 2025 4:12:59 PM de.learnlib.logging.LearnLogger logQuery
INFO: [ε | tlv_request id_request_v0 tlv_request success_and_cryptobinding success_request_with_credentials / ε | tlv_success id_response_v0 tlv_success tlv_success no_reply]
Nov 25, 2025 4:13:01 PM de.learnlib.logging.LearnLogger logQuery
INFO: [ε | tlv_request id_request_v0 tlv_request success_and_cryptobinding 4_way_message_1 / ε | tlv_success id_response_v0 tlv_success tlv_success 4_way_message_2]
Nov 25, 2025 4:13:03 PM de.learnlib.logging.LearnLogger logQuery
INFO: [ε | tlv_request id_request_v0 tlv_request success_and_cryptobinding id_request_v0 / ε | tlv_success id_response_v0 tlv_success tlv_success id_response_v0]
Nov 25, 2025 4:13:05 PM de.learnlib.logging.LearnLogger logQuery
INFO: [ε | tlv_request id_request_v0 success_and_cryptobinding success_and_cryptobinding / ε | tlv_success id_response_v0 tlv_success tlv_success]
Nov 25, 2025 4:13:07 PM de.learnlib.logging.LearnLogger logQuery
INFO: [ε | tlv_request id_request_v0 success_and_cryptobinding success_and_cryptobinding success_request_with_credentials / ε | tlv_success id_response_v0 tlv_success tlv_success no_reply]
Nov 25, 2025 4:13:09 PM de.learnlib.logging.LearnLogger logQuery
INFO: [ε | tlv_request id_request_v0 success_and_cryptobinding success_and_cryptobinding 4_way_message_1 / ε | tlv_success id_response_v0 tlv_success tlv_success 4_way_message_2]
Nov 25, 2025 4:13:11 PM de.learnlib.logging.LearnLogger logQuery
INFO: [ε | tlv_request id_request_v0 success_and_cryptobinding success_and_cryptobinding id_request_v0 / ε | tlv_success id_response_v0 tlv_success tlv_success id_response_v0]
Nov 25, 2025 4:13:13 PM de.learnlib.logging.LearnLogger logQuery
INFO: [ε | tlv_request id_request_v0 eap_success success_and_cryptobinding / ε | tlv_success id_response_v0 after_eap_success tlv_success]
Nov 25, 2025 4:13:16 PM de.learnlib.logging.LearnLogger logQuery
INFO: [ε | tlv_request id_request_v0 eap_success success_and_cryptobinding success_request_with_credentials / ε | tlv_success id_response_v0 after_eap_success tlv_success no_reply]
Nov 25, 2025 4:13:18 PM de.learnlib.logging.LearnLogger logQuery
INFO: [ε | tlv_request id_request_v0 eap_success success_and_cryptobinding 4_way_message_1 / ε | tlv_success id_response_v0 after_eap_success tlv_success 4_way_message_2]
Nov 25, 2025 4:13:21 PM de.learnlib.logging.LearnLogger logQuery
INFO: [ε | tlv_request id_request_v0 eap_success success_and_cryptobinding id_request_v0 / ε | tlv_success id_response_v0 after_eap_success tlv_success id_response_v0]
Nov 25, 2025 4:13:23 PM de.learnlib.logging.LearnLogger logQuery
INFO: [ε | tlv_request id_request_v0 id_request_v0 cryptobinding / ε | tlv_success id_response_v0 id_response_v0 no_reply]
Nov 25, 2025 4:13:25 PM de.learnlib.logging.LearnLogger logQuery
INFO: [ε | tlv_request id_request_v0 challenge_v0 cryptobinding / ε | tlv_success id_response_v0 challenge_response_v0 no_reply]
Nov 25, 2025 4:13:27 PM de.learnlib.logging.LearnLogger logQuery
INFO: [ε | tlv_request id_request_v0 tlv_request cryptobinding / ε | tlv_success id_response_v0 tlv_success no_reply]
Nov 25, 2025 4:13:30 PM de.learnlib.logging.LearnLogger logQuery
INFO: [ε | tlv_request id_request_v0 success_and_cryptobinding cryptobinding / ε | tlv_success id_response_v0 tlv_success no_reply]
Nov 25, 2025 4:13:33 PM de.learnlib.logging.LearnLogger logQuery
INFO: [ε | tlv_request id_request_v0 eap_success cryptobinding / ε | tlv_success id_response_v0 after_eap_success no_reply]
Nov 25, 2025 4:13:35 PM de.learnlib.logging.LearnLogger logQuery
INFO: [ε | tlv_request id_request_v0 id_request_v0 eap_success / ε | tlv_success id_response_v0 id_response_v0 after_eap_success]
Nov 25, 2025 4:13:38 PM de.learnlib.logging.LearnLogger logQuery
INFO: [ε | tlv_request id_request_v0 id_request_v0 eap_success success_request_with_credentials / ε | tlv_success id_response_v0 id_response_v0 after_eap_success no_reply]
Nov 25, 2025 4:13:40 PM de.learnlib.logging.LearnLogger logQuery
INFO: [ε | tlv_request id_request_v0 id_request_v0 eap_success 4_way_message_1 / ε | tlv_success id_response_v0 id_response_v0 after_eap_success 4_way_message_2]
Nov 25, 2025 4:13:42 PM de.learnlib.logging.LearnLogger logQuery
INFO: [ε | tlv_request id_request_v0 id_request_v0 eap_success id_request_v0 / ε | tlv_success id_response_v0 id_response_v0 after_eap_success id_response_v0]
Nov 25, 2025 4:13:45 PM de.learnlib.logging.LearnLogger logQuery
INFO: [ε | tlv_request id_request_v0 challenge_v0 eap_success / ε | tlv_success id_response_v0 challenge_response_v0 after_eap_success]
Nov 25, 2025 4:13:47 PM de.learnlib.logging.LearnLogger logQuery
INFO: [ε | tlv_request id_request_v0 challenge_v0 eap_success success_request_with_credentials / ε | tlv_success id_response_v0 challenge_response_v0 after_eap_success success_response_v0]
Nov 25, 2025 4:13:49 PM de.learnlib.logging.LearnLogger logQuery
INFO: [ε | tlv_request id_request_v0 challenge_v0 eap_success 4_way_message_1 / ε | tlv_success id_response_v0 challenge_response_v0 after_eap_success 4_way_message_2]
Nov 25, 2025 4:13:51 PM de.learnlib.logging.LearnLogger logQuery
INFO: [ε | tlv_request id_request_v0 challenge_v0 eap_success id_request_v0 / ε | tlv_success id_response_v0 challenge_response_v0 after_eap_success id_response_v0]
Nov 25, 2025 4:13:54 PM de.learnlib.logging.LearnLogger logQuery
INFO: [ε | tlv_request id_request_v0 tlv_request eap_success / ε | tlv_success id_response_v0 tlv_success after_eap_success]
Nov 25, 2025 4:13:56 PM de.learnlib.logging.LearnLogger logQuery
INFO: [ε | tlv_request id_request_v0 tlv_request eap_success success_request_with_credentials / ε | tlv_success id_response_v0 tlv_success after_eap_success no_reply]
Nov 25, 2025 4:13:58 PM de.learnlib.logging.LearnLogger logQuery
INFO: [ε | tlv_request id_request_v0 tlv_request eap_success 4_way_message_1 / ε | tlv_success id_response_v0 tlv_success after_eap_success 4_way_message_2]
Nov 25, 2025 4:14:01 PM de.learnlib.logging.LearnLogger logQuery
INFO: [ε | tlv_request id_request_v0 tlv_request eap_success id_request_v0 / ε | tlv_success id_response_v0 tlv_success after_eap_success id_response_v0]
Nov 25, 2025 4:14:03 PM de.learnlib.logging.LearnLogger logQuery
INFO: [ε | tlv_request id_request_v0 success_and_cryptobinding eap_success / ε | tlv_success id_response_v0 tlv_success after_eap_success]
Nov 25, 2025 4:14:06 PM de.learnlib.logging.LearnLogger logQuery
INFO: [ε | tlv_request id_request_v0 success_and_cryptobinding eap_success success_request_with_credentials / ε | tlv_success id_response_v0 tlv_success after_eap_success no_reply]
Nov 25, 2025 4:14:08 PM de.learnlib.logging.LearnLogger logQuery
INFO: [ε | tlv_request id_request_v0 success_and_cryptobinding eap_success 4_way_message_1 / ε | tlv_success id_response_v0 tlv_success after_eap_success 4_way_message_2]
Nov 25, 2025 4:14:10 PM de.learnlib.logging.LearnLogger logQuery
INFO: [ε | tlv_request id_request_v0 success_and_cryptobinding eap_success id_request_v0 / ε | tlv_success id_response_v0 tlv_success after_eap_success id_response_v0]
Nov 25, 2025 4:14:13 PM de.learnlib.logging.LearnLogger logQuery
INFO: [ε | tlv_request id_request_v0 eap_success eap_success / ε | tlv_success id_response_v0 after_eap_success after_eap_success]
Nov 25, 2025 4:14:16 PM de.learnlib.logging.LearnLogger logQuery
INFO: [ε | tlv_request id_request_v0 eap_success eap_success success_request_with_credentials / ε | tlv_success id_response_v0 after_eap_success after_eap_success no_reply]
Nov 25, 2025 4:14:19 PM de.learnlib.logging.LearnLogger logQuery
INFO: [ε | tlv_request id_request_v0 eap_success eap_success 4_way_message_1 / ε | tlv_success id_response_v0 after_eap_success after_eap_success 4_way_message_2]
Nov 25, 2025 4:14:22 PM de.learnlib.logging.LearnLogger logQuery
INFO: [ε | tlv_request id_request_v0 eap_success eap_success id_request_v0 / ε | tlv_success id_response_v0 after_eap_success after_eap_success id_response_v0]
Nov 25, 2025 4:14:23 PM de.learnlib.logging.LearnLogger logQuery
INFO: [ε | tlv_request challenge_v0 id_request_v0 id_request_v0 success_request_with_credentials / ε | tlv_success challenge_response_v0 id_response_v0 id_response_v0 success_response_v0]
Nov 25, 2025 4:14:25 PM de.learnlib.logging.LearnLogger logQuery
INFO: [ε | tlv_request challenge_v0 id_request_v0 id_request_v0 4_way_message_1 / ε | tlv_success challenge_response_v0 id_response_v0 id_response_v0 4_way_message_2]
Nov 25, 2025 4:14:27 PM de.learnlib.logging.LearnLogger logQuery
INFO: [ε | tlv_request challenge_v0 id_request_v0 id_request_v0 id_request_v0 / ε | tlv_success challenge_response_v0 id_response_v0 id_response_v0 id_response_v0]
Nov 25, 2025 4:14:29 PM de.learnlib.logging.LearnLogger logQuery
INFO: [ε | tlv_request challenge_v0 challenge_v0 id_request_v0 success_request_with_credentials / ε | tlv_success challenge_response_v0 challenge_response_v0 id_response_v0 success_response_v0]
Nov 25, 2025 4:14:31 PM de.learnlib.logging.LearnLogger logQuery
INFO: [ε | tlv_request challenge_v0 challenge_v0 id_request_v0 4_way_message_1 / ε | tlv_success challenge_response_v0 challenge_response_v0 id_response_v0 4_way_message_2]
Nov 25, 2025 4:14:33 PM de.learnlib.logging.LearnLogger logQuery
INFO: [ε | tlv_request challenge_v0 challenge_v0 id_request_v0 id_request_v0 / ε | tlv_success challenge_response_v0 challenge_response_v0 id_response_v0 id_response_v0]
Nov 25, 2025 4:14:34 PM de.learnlib.logging.LearnLogger logQuery
INFO: [ε | tlv_request challenge_v0 tlv_request id_request_v0 success_request_with_credentials / ε | tlv_success challenge_response_v0 tlv_success id_response_v0 success_response_v0]
Nov 25, 2025 4:14:36 PM de.learnlib.logging.LearnLogger logQuery
INFO: [ε | tlv_request challenge_v0 tlv_request id_request_v0 4_way_message_1 / ε | tlv_success challenge_response_v0 tlv_success id_response_v0 4_way_message_2]
Nov 25, 2025 4:14:38 PM de.learnlib.logging.LearnLogger logQuery
INFO: [ε | tlv_request challenge_v0 tlv_request id_request_v0 id_request_v0 / ε | tlv_success challenge_response_v0 tlv_success id_response_v0 id_response_v0]
Nov 25, 2025 4:14:40 PM de.learnlib.logging.LearnLogger logQuery
INFO: [ε | tlv_request challenge_v0 success_request_with_credentials id_request_v0 success_request_with_credentials / ε | tlv_success challenge_response_v0 success_response_v0 id_response_v0 success_response_v0]
Nov 25, 2025 4:14:42 PM de.learnlib.logging.LearnLogger logQuery
INFO: [ε | tlv_request challenge_v0 success_request_with_credentials id_request_v0 4_way_message_1 / ε | tlv_success challenge_response_v0 success_response_v0 id_response_v0 4_way_message_2]
Nov 25, 2025 4:14:44 PM de.learnlib.logging.LearnLogger logQuery
INFO: [ε | tlv_request challenge_v0 success_request_with_credentials id_request_v0 id_request_v0 / ε | tlv_success challenge_response_v0 success_response_v0 id_response_v0 id_response_v0]
Nov 25, 2025 4:14:45 PM de.learnlib.logging.LearnLogger logQuery
INFO: [ε | tlv_request challenge_v0 success_and_cryptobinding id_request_v0 success_request_with_credentials / ε | tlv_success challenge_response_v0 tlv_success id_response_v0 success_response_v0]
Nov 25, 2025 4:14:47 PM de.learnlib.logging.LearnLogger logQuery
INFO: [ε | tlv_request challenge_v0 success_and_cryptobinding id_request_v0 4_way_message_1 / ε | tlv_success challenge_response_v0 tlv_success id_response_v0 4_way_message_2]
Nov 25, 2025 4:14:49 PM de.learnlib.logging.LearnLogger logQuery
INFO: [ε | tlv_request challenge_v0 success_and_cryptobinding id_request_v0 id_request_v0 / ε | tlv_success challenge_response_v0 tlv_success id_response_v0 id_response_v0]
Nov 25, 2025 4:14:51 PM de.learnlib.logging.LearnLogger logQuery
INFO: [ε | tlv_request challenge_v0 eap_success id_request_v0 success_request_with_credentials / ε | tlv_success challenge_response_v0 after_eap_success id_response_v0 success_response_v0]
Nov 25, 2025 4:14:54 PM de.learnlib.logging.LearnLogger logQuery
INFO: [ε | tlv_request challenge_v0 eap_success id_request_v0 4_way_message_1 / ε | tlv_success challenge_response_v0 after_eap_success id_response_v0 4_way_message_2]
Nov 25, 2025 4:14:56 PM de.learnlib.logging.LearnLogger logQuery
INFO: [ε | tlv_request challenge_v0 eap_success id_request_v0 id_request_v0 / ε | tlv_success challenge_response_v0 after_eap_success id_response_v0 id_response_v0]
Nov 25, 2025 4:14:58 PM de.learnlib.logging.LearnLogger logQuery
INFO: [ε | tlv_request challenge_v0 id_request_v0 challenge_v0 / ε | tlv_success challenge_response_v0 id_response_v0 challenge_response_v0]
Nov 25, 2025 4:14:59 PM de.learnlib.logging.LearnLogger logQuery
INFO: [ε | tlv_request challenge_v0 id_request_v0 challenge_v0 success_request_with_credentials / ε | tlv_success challenge_response_v0 id_response_v0 challenge_response_v0 success_response_v0]
Nov 25, 2025 4:15:05 PM de.learnlib.logging.LearnLogger logQuery
INFO: [ε | tlv_request challenge_v0 id_request_v0 challenge_v0 4_way_message_1 / ε | tlv_success challenge_response_v0 id_response_v0 challenge_response_v0 4_way_message_2]
Nov 25, 2025 4:15:07 PM de.learnlib.logging.LearnLogger logQuery
INFO: [ε | tlv_request challenge_v0 id_request_v0 challenge_v0 id_request_v0 / ε | tlv_success challenge_response_v0 id_response_v0 challenge_response_v0 id_response_v0]
Nov 25, 2025 4:15:08 PM de.learnlib.logging.LearnLogger logQuery
INFO: [ε | tlv_request challenge_v0 challenge_v0 challenge_v0 / ε | tlv_success challenge_response_v0 challenge_response_v0 challenge_response_v0]
Nov 25, 2025 4:15:10 PM de.learnlib.logging.LearnLogger logQuery
INFO: [ε | tlv_request challenge_v0 challenge_v0 challenge_v0 success_request_with_credentials / ε | tlv_success challenge_response_v0 challenge_response_v0 challenge_response_v0 success_response_v0]
Nov 25, 2025 4:15:12 PM de.learnlib.logging.LearnLogger logQuery
INFO: [ε | tlv_request challenge_v0 challenge_v0 challenge_v0 4_way_message_1 / ε | tlv_success challenge_response_v0 challenge_response_v0 challenge_response_v0 4_way_message_2]
Nov 25, 2025 4:15:14 PM de.learnlib.logging.LearnLogger logQuery
INFO: [ε | tlv_request challenge_v0 challenge_v0 challenge_v0 id_request_v0 / ε | tlv_success challenge_response_v0 challenge_response_v0 challenge_response_v0 id_response_v0]
Nov 25, 2025 4:15:16 PM de.learnlib.logging.LearnLogger logQuery
INFO: [ε | tlv_request challenge_v0 tlv_request challenge_v0 / ε | tlv_success challenge_response_v0 tlv_success challenge_response_v0]
Nov 25, 2025 4:15:17 PM de.learnlib.logging.LearnLogger logQuery
INFO: [ε | tlv_request challenge_v0 tlv_request challenge_v0 success_request_with_credentials / ε | tlv_success challenge_response_v0 tlv_success challenge_response_v0 success_response_v0]
Nov 25, 2025 4:15:19 PM de.learnlib.logging.LearnLogger logQuery
INFO: [ε | tlv_request challenge_v0 tlv_request challenge_v0 4_way_message_1 / ε | tlv_success challenge_response_v0 tlv_success challenge_response_v0 4_way_message_2]
Nov 25, 2025 4:15:21 PM de.learnlib.logging.LearnLogger logQuery
INFO: [ε | tlv_request challenge_v0 tlv_request challenge_v0 id_request_v0 / ε | tlv_success challenge_response_v0 tlv_success challenge_response_v0 id_response_v0]
Nov 25, 2025 4:15:22 PM de.learnlib.logging.LearnLogger logQuery
INFO: [ε | tlv_request challenge_v0 success_request_with_credentials challenge_v0 / ε | tlv_success challenge_response_v0 success_response_v0 challenge_response_v0]
Nov 25, 2025 4:15:24 PM de.learnlib.logging.LearnLogger logQuery
INFO: [ε | tlv_request challenge_v0 success_request_with_credentials challenge_v0 success_request_with_credentials / ε | tlv_success challenge_response_v0 success_response_v0 challenge_response_v0 success_response_v0]
Nov 25, 2025 4:15:26 PM de.learnlib.logging.LearnLogger logQuery
INFO: [ε | tlv_request challenge_v0 success_request_with_credentials challenge_v0 4_way_message_1 / ε | tlv_success challenge_response_v0 success_response_v0 challenge_response_v0 4_way_message_2]
Nov 25, 2025 4:15:28 PM de.learnlib.logging.LearnLogger logQuery
INFO: [ε | tlv_request challenge_v0 success_request_with_credentials challenge_v0 id_request_v0 / ε | tlv_success challenge_response_v0 success_response_v0 challenge_response_v0 id_response_v0]
Nov 25, 2025 4:15:30 PM de.learnlib.logging.LearnLogger logQuery
INFO: [ε | tlv_request challenge_v0 success_and_cryptobinding challenge_v0 / ε | tlv_success challenge_response_v0 tlv_success challenge_response_v0]
Nov 25, 2025 4:15:32 PM de.learnlib.logging.LearnLogger logQuery
INFO: [ε | tlv_request challenge_v0 success_and_cryptobinding challenge_v0 success_request_with_credentials / ε | tlv_success challenge_response_v0 tlv_success challenge_response_v0 success_response_v0]
Nov 25, 2025 4:15:34 PM de.learnlib.logging.LearnLogger logQuery
INFO: [ε | tlv_request challenge_v0 success_and_cryptobinding challenge_v0 4_way_message_1 / ε | tlv_success challenge_response_v0 tlv_success challenge_response_v0 4_way_message_2]
Nov 25, 2025 4:15:36 PM de.learnlib.logging.LearnLogger logQuery
INFO: [ε | tlv_request challenge_v0 success_and_cryptobinding challenge_v0 id_request_v0 / ε | tlv_success challenge_response_v0 tlv_success challenge_response_v0 id_response_v0]
Nov 25, 2025 4:15:38 PM de.learnlib.logging.LearnLogger logQuery
INFO: [ε | tlv_request challenge_v0 eap_success challenge_v0 / ε | tlv_success challenge_response_v0 after_eap_success challenge_response_v0]
Nov 25, 2025 4:15:40 PM de.learnlib.logging.LearnLogger logQuery
INFO: [ε | tlv_request challenge_v0 eap_success challenge_v0 success_request_with_credentials / ε | tlv_success challenge_response_v0 after_eap_success challenge_response_v0 success_response_v0]
Nov 25, 2025 4:15:42 PM de.learnlib.logging.LearnLogger logQuery
INFO: [ε | tlv_request challenge_v0 eap_success challenge_v0 4_way_message_1 / ε | tlv_success challenge_response_v0 after_eap_success challenge_response_v0 4_way_message_2]
Nov 25, 2025 4:15:44 PM de.learnlib.logging.LearnLogger logQuery
INFO: [ε | tlv_request challenge_v0 eap_success challenge_v0 id_request_v0 / ε | tlv_success challenge_response_v0 after_eap_success challenge_response_v0 id_response_v0]
Nov 25, 2025 4:15:46 PM de.learnlib.logging.LearnLogger logQuery
INFO: [ε | tlv_request challenge_v0 id_request_v0 tlv_request / ε | tlv_success challenge_response_v0 id_response_v0 tlv_success]
Nov 25, 2025 4:15:48 PM de.learnlib.logging.LearnLogger logQuery
INFO: [ε | tlv_request challenge_v0 id_request_v0 tlv_request success_request_with_credentials / ε | tlv_success challenge_response_v0 id_response_v0 tlv_success success_response_v0]
Nov 25, 2025 4:15:49 PM de.learnlib.logging.LearnLogger logQuery
INFO: [ε | tlv_request challenge_v0 id_request_v0 tlv_request 4_way_message_1 / ε | tlv_success challenge_response_v0 id_response_v0 tlv_success 4_way_message_2]
Nov 25, 2025 4:15:51 PM de.learnlib.logging.LearnLogger logQuery
INFO: [ε | tlv_request challenge_v0 id_request_v0 tlv_request id_request_v0 / ε | tlv_success challenge_response_v0 id_response_v0 tlv_success id_response_v0]
Nov 25, 2025 4:15:53 PM de.learnlib.logging.LearnLogger logQuery
INFO: [ε | tlv_request challenge_v0 challenge_v0 tlv_request / ε | tlv_success challenge_response_v0 challenge_response_v0 tlv_success]
Nov 25, 2025 4:15:55 PM de.learnlib.logging.LearnLogger logQuery
INFO: [ε | tlv_request challenge_v0 challenge_v0 tlv_request success_request_with_credentials / ε | tlv_success challenge_response_v0 challenge_response_v0 tlv_success success_response_v0]
Nov 25, 2025 4:15:57 PM de.learnlib.logging.LearnLogger logQuery
INFO: [ε | tlv_request challenge_v0 challenge_v0 tlv_request 4_way_message_1 / ε | tlv_success challenge_response_v0 challenge_response_v0 tlv_success 4_way_message_2]
Nov 25, 2025 4:15:58 PM de.learnlib.logging.LearnLogger logQuery
INFO: [ε | tlv_request challenge_v0 challenge_v0 tlv_request id_request_v0 / ε | tlv_success challenge_response_v0 challenge_response_v0 tlv_success id_response_v0]
Nov 25, 2025 4:16:00 PM de.learnlib.logging.LearnLogger logQuery
INFO: [ε | tlv_request challenge_v0 tlv_request tlv_request / ε | tlv_success challenge_response_v0 tlv_success tlv_success]
Nov 25, 2025 4:16:02 PM de.learnlib.logging.LearnLogger logQuery
INFO: [ε | tlv_request challenge_v0 tlv_request tlv_request success_request_with_credentials / ε | tlv_success challenge_response_v0 tlv_success tlv_success success_response_v0]
Nov 25, 2025 4:16:03 PM de.learnlib.logging.LearnLogger logQuery
INFO: [ε | tlv_request challenge_v0 tlv_request tlv_request 4_way_message_1 / ε | tlv_success challenge_response_v0 tlv_success tlv_success 4_way_message_2]
Nov 25, 2025 4:16:05 PM de.learnlib.logging.LearnLogger logQuery
INFO: [ε | tlv_request challenge_v0 tlv_request tlv_request id_request_v0 / ε | tlv_success challenge_response_v0 tlv_success tlv_success id_response_v0]
Nov 25, 2025 4:16:07 PM de.learnlib.logging.LearnLogger logQuery
INFO: [ε | tlv_request challenge_v0 success_request_with_credentials tlv_request / ε | tlv_success challenge_response_v0 success_response_v0 tlv_success]
Nov 25, 2025 4:16:09 PM de.learnlib.logging.LearnLogger logQuery
INFO: [ε | tlv_request challenge_v0 success_request_with_credentials tlv_request success_request_with_credentials / ε | tlv_success challenge_response_v0 success_response_v0 tlv_success success_response_v0]
Nov 25, 2025 4:16:11 PM de.learnlib.logging.LearnLogger logQuery
INFO: [ε | tlv_request challenge_v0 success_request_with_credentials tlv_request 4_way_message_1 / ε | tlv_success challenge_response_v0 success_response_v0 tlv_success 4_way_message_2]
Nov 25, 2025 4:16:13 PM de.learnlib.logging.LearnLogger logQuery
INFO: [ε | tlv_request challenge_v0 success_request_with_credentials tlv_request id_request_v0 / ε | tlv_success challenge_response_v0 success_response_v0 tlv_success id_response_v0]
Nov 25, 2025 4:16:14 PM de.learnlib.logging.LearnLogger logQuery
INFO: [ε | tlv_request challenge_v0 success_and_cryptobinding tlv_request / ε | tlv_success challenge_response_v0 tlv_success tlv_success]
Nov 25, 2025 4:16:16 PM de.learnlib.logging.LearnLogger logQuery
INFO: [ε | tlv_request challenge_v0 success_and_cryptobinding tlv_request success_request_with_credentials / ε | tlv_success challenge_response_v0 tlv_success tlv_success success_response_v0]
Nov 25, 2025 4:16:18 PM de.learnlib.logging.LearnLogger logQuery
INFO: [ε | tlv_request challenge_v0 success_and_cryptobinding tlv_request 4_way_message_1 / ε | tlv_success challenge_response_v0 tlv_success tlv_success 4_way_message_2]
Nov 25, 2025 4:16:20 PM de.learnlib.logging.LearnLogger logQuery
INFO: [ε | tlv_request challenge_v0 success_and_cryptobinding tlv_request id_request_v0 / ε | tlv_success challenge_response_v0 tlv_success tlv_success id_response_v0]
Nov 25, 2025 4:16:22 PM de.learnlib.logging.LearnLogger logQuery
INFO: [ε | tlv_request challenge_v0 eap_success tlv_request / ε | tlv_success challenge_response_v0 after_eap_success tlv_success]
Nov 25, 2025 4:16:24 PM de.learnlib.logging.LearnLogger logQuery
INFO: [ε | tlv_request challenge_v0 eap_success tlv_request success_request_with_credentials / ε | tlv_success challenge_response_v0 after_eap_success tlv_success success_response_v0]
Nov 25, 2025 4:16:26 PM de.learnlib.logging.LearnLogger logQuery
INFO: [ε | tlv_request challenge_v0 eap_success tlv_request 4_way_message_1 / ε | tlv_success challenge_response_v0 after_eap_success tlv_success 4_way_message_2]
Nov 25, 2025 4:16:28 PM de.learnlib.logging.LearnLogger logQuery
INFO: [ε | tlv_request challenge_v0 eap_success tlv_request id_request_v0 / ε | tlv_success challenge_response_v0 after_eap_success tlv_success id_response_v0]
Nov 25, 2025 4:16:30 PM de.learnlib.logging.LearnLogger logQuery
INFO: [ε | tlv_request challenge_v0 id_request_v0 tlv_failure / ε | tlv_success challenge_response_v0 id_response_v0 tlv_failure]
Nov 25, 2025 4:16:32 PM de.learnlib.logging.LearnLogger logQuery
INFO: [ε | tlv_request challenge_v0 challenge_v0 tlv_failure / ε | tlv_success challenge_response_v0 challenge_response_v0 tlv_failure]
Nov 25, 2025 4:16:34 PM de.learnlib.logging.LearnLogger logQuery
INFO: [ε | tlv_request challenge_v0 tlv_request tlv_failure / ε | tlv_success challenge_response_v0 tlv_success tlv_failure]
Nov 25, 2025 4:16:36 PM de.learnlib.logging.LearnLogger logQuery
INFO: [ε | tlv_request challenge_v0 success_request_with_credentials tlv_failure / ε | tlv_success challenge_response_v0 success_response_v0 tlv_failure]
Nov 25, 2025 4:16:38 PM de.learnlib.logging.LearnLogger logQuery
INFO: [ε | tlv_request challenge_v0 success_and_cryptobinding tlv_failure / ε | tlv_success challenge_response_v0 tlv_success tlv_failure]
Nov 25, 2025 4:16:40 PM de.learnlib.logging.LearnLogger logQuery
INFO: [ε | tlv_request challenge_v0 eap_success tlv_failure / ε | tlv_success challenge_response_v0 after_eap_success tlv_failure]
Nov 25, 2025 4:16:42 PM de.learnlib.logging.LearnLogger logQuery
INFO: [ε | tlv_request challenge_v0 id_request_v0 success_request_all_zeros / ε | tlv_success challenge_response_v0 id_response_v0 no_reply]
Nov 25, 2025 4:16:45 PM de.learnlib.logging.LearnLogger logQuery
INFO: [ε | tlv_request challenge_v0 challenge_v0 success_request_all_zeros / ε | tlv_success challenge_response_v0 challenge_response_v0 no_reply]
Nov 25, 2025 4:16:47 PM de.learnlib.logging.LearnLogger logQuery
INFO: [ε | tlv_request challenge_v0 tlv_request success_request_all_zeros / ε | tlv_success challenge_response_v0 tlv_success no_reply]
Nov 25, 2025 4:16:50 PM de.learnlib.logging.LearnLogger logQuery
INFO: [ε | tlv_request challenge_v0 success_request_with_credentials success_request_all_zeros / ε | tlv_success challenge_response_v0 success_response_v0 no_reply]
Nov 25, 2025 4:16:52 PM de.learnlib.logging.LearnLogger logQuery
INFO: [ε | tlv_request challenge_v0 success_and_cryptobinding success_request_all_zeros / ε | tlv_success challenge_response_v0 tlv_success no_reply]
Nov 25, 2025 4:16:55 PM de.learnlib.logging.LearnLogger logQuery
INFO: [ε | tlv_request challenge_v0 eap_success success_request_all_zeros / ε | tlv_success challenge_response_v0 after_eap_success no_reply]
Nov 25, 2025 4:16:57 PM de.learnlib.logging.LearnLogger logQuery
INFO: [ε | tlv_request challenge_v0 id_request_v0 success_request_with_credentials success_request_with_credentials / ε | tlv_success challenge_response_v0 id_response_v0 success_response_v0 success_response_v0]
Nov 25, 2025 4:16:58 PM de.learnlib.logging.LearnLogger logQuery
INFO: [ε | tlv_request challenge_v0 id_request_v0 success_request_with_credentials 4_way_message_1 / ε | tlv_success challenge_response_v0 id_response_v0 success_response_v0 4_way_message_2]
Nov 25, 2025 4:17:00 PM de.learnlib.logging.LearnLogger logQuery
INFO: [ε | tlv_request challenge_v0 id_request_v0 success_request_with_credentials id_request_v0 / ε | tlv_success challenge_response_v0 id_response_v0 success_response_v0 id_response_v0]
Nov 25, 2025 4:17:02 PM de.learnlib.logging.LearnLogger logQuery
INFO: [ε | tlv_request challenge_v0 challenge_v0 success_request_with_credentials success_request_with_credentials / ε | tlv_success challenge_response_v0 challenge_response_v0 success_response_v0 success_response_v0]
Nov 25, 2025 4:17:04 PM de.learnlib.logging.LearnLogger logQuery
INFO: [ε | tlv_request challenge_v0 challenge_v0 success_request_with_credentials 4_way_message_1 / ε | tlv_success challenge_response_v0 challenge_response_v0 success_response_v0 4_way_message_2]
Nov 25, 2025 4:17:06 PM de.learnlib.logging.LearnLogger logQuery
INFO: [ε | tlv_request challenge_v0 challenge_v0 success_request_with_credentials id_request_v0 / ε | tlv_success challenge_response_v0 challenge_response_v0 success_response_v0 id_response_v0]
Nov 25, 2025 4:17:08 PM de.learnlib.logging.LearnLogger logQuery
INFO: [ε | tlv_request challenge_v0 tlv_request success_request_with_credentials success_request_with_credentials / ε | tlv_success challenge_response_v0 tlv_success success_response_v0 success_response_v0]
Nov 25, 2025 4:17:09 PM de.learnlib.logging.LearnLogger logQuery
INFO: [ε | tlv_request challenge_v0 tlv_request success_request_with_credentials 4_way_message_1 / ε | tlv_success challenge_response_v0 tlv_success success_response_v0 4_way_message_2]
Nov 25, 2025 4:17:11 PM de.learnlib.logging.LearnLogger logQuery
INFO: [ε | tlv_request challenge_v0 tlv_request success_request_with_credentials id_request_v0 / ε | tlv_success challenge_response_v0 tlv_success success_response_v0 id_response_v0]
Nov 25, 2025 4:17:13 PM de.learnlib.logging.LearnLogger logQuery
INFO: [ε | tlv_request challenge_v0 success_request_with_credentials success_request_with_credentials success_request_with_credentials / ε | tlv_success challenge_response_v0 success_response_v0 success_response_v0 success_response_v0]
Nov 25, 2025 4:17:15 PM de.learnlib.logging.LearnLogger logQuery
INFO: [ε | tlv_request challenge_v0 success_request_with_credentials success_request_with_credentials 4_way_message_1 / ε | tlv_success challenge_response_v0 success_response_v0 success_response_v0 4_way_message_2]
Nov 25, 2025 4:17:17 PM de.learnlib.logging.LearnLogger logQuery
INFO: [ε | tlv_request challenge_v0 success_request_with_credentials success_request_with_credentials id_request_v0 / ε | tlv_success challenge_response_v0 success_response_v0 success_response_v0 id_response_v0]
Nov 25, 2025 4:17:18 PM de.learnlib.logging.LearnLogger logQuery
INFO: [ε | tlv_request challenge_v0 success_and_cryptobinding success_request_with_credentials success_request_with_credentials / ε | tlv_success challenge_response_v0 tlv_success success_response_v0 success_response_v0]
Nov 25, 2025 4:17:20 PM de.learnlib.logging.LearnLogger logQuery
INFO: [ε | tlv_request challenge_v0 success_and_cryptobinding success_request_with_credentials 4_way_message_1 / ε | tlv_success challenge_response_v0 tlv_success success_response_v0 4_way_message_2]
Nov 25, 2025 4:17:22 PM de.learnlib.logging.LearnLogger logQuery
INFO: [ε | tlv_request challenge_v0 success_and_cryptobinding success_request_with_credentials id_request_v0 / ε | tlv_success challenge_response_v0 tlv_success success_response_v0 id_response_v0]
Nov 25, 2025 4:17:25 PM de.learnlib.logging.LearnLogger logQuery
INFO: [ε | tlv_request challenge_v0 eap_success success_request_with_credentials success_request_with_credentials / ε | tlv_success challenge_response_v0 after_eap_success success_response_v0 success_response_v0]
Nov 25, 2025 4:17:27 PM de.learnlib.logging.LearnLogger logQuery
INFO: [ε | tlv_request challenge_v0 eap_success success_request_with_credentials 4_way_message_1 / ε | tlv_success challenge_response_v0 after_eap_success success_response_v0 4_way_message_2]
Nov 25, 2025 4:17:29 PM de.learnlib.logging.LearnLogger logQuery
INFO: [ε | tlv_request challenge_v0 eap_success success_request_with_credentials id_request_v0 / ε | tlv_success challenge_response_v0 after_eap_success success_response_v0 id_response_v0]
Nov 25, 2025 4:17:31 PM de.learnlib.logging.LearnLogger logQuery
INFO: [ε | tlv_request challenge_v0 id_request_v0 success_and_cryptobinding / ε | tlv_success challenge_response_v0 id_response_v0 tlv_success]
Nov 25, 2025 4:17:32 PM de.learnlib.logging.LearnLogger logQuery
INFO: [ε | tlv_request challenge_v0 id_request_v0 success_and_cryptobinding success_request_with_credentials / ε | tlv_success challenge_response_v0 id_response_v0 tlv_success success_response_v0]
Nov 25, 2025 4:17:38 PM de.learnlib.logging.LearnLogger logQuery
INFO: [ε | tlv_request challenge_v0 id_request_v0 success_and_cryptobinding 4_way_message_1 / ε | tlv_success challenge_response_v0 id_response_v0 tlv_success 4_way_message_2]
Nov 25, 2025 4:17:40 PM de.learnlib.logging.LearnLogger logQuery
INFO: [ε | tlv_request challenge_v0 id_request_v0 success_and_cryptobinding id_request_v0 / ε | tlv_success challenge_response_v0 id_response_v0 tlv_success id_response_v0]
Nov 25, 2025 4:17:41 PM de.learnlib.logging.LearnLogger logQuery
INFO: [ε | tlv_request challenge_v0 challenge_v0 success_and_cryptobinding / ε | tlv_success challenge_response_v0 challenge_response_v0 tlv_success]
Nov 25, 2025 4:17:43 PM de.learnlib.logging.LearnLogger logQuery
INFO: [ε | tlv_request challenge_v0 challenge_v0 success_and_cryptobinding success_request_with_credentials / ε | tlv_success challenge_response_v0 challenge_response_v0 tlv_success success_response_v0]
Nov 25, 2025 4:17:45 PM de.learnlib.logging.LearnLogger logQuery
INFO: [ε | tlv_request challenge_v0 challenge_v0 success_and_cryptobinding 4_way_message_1 / ε | tlv_success challenge_response_v0 challenge_response_v0 tlv_success 4_way_message_2]
Nov 25, 2025 4:17:47 PM de.learnlib.logging.LearnLogger logQuery
INFO: [ε | tlv_request challenge_v0 challenge_v0 success_and_cryptobinding id_request_v0 / ε | tlv_success challenge_response_v0 challenge_response_v0 tlv_success id_response_v0]
Nov 25, 2025 4:17:49 PM de.learnlib.logging.LearnLogger logQuery
INFO: [ε | tlv_request challenge_v0 tlv_request success_and_cryptobinding / ε | tlv_success challenge_response_v0 tlv_success tlv_success]
Nov 25, 2025 4:17:50 PM de.learnlib.logging.LearnLogger logQuery
INFO: [ε | tlv_request challenge_v0 tlv_request success_and_cryptobinding success_request_with_credentials / ε | tlv_success challenge_response_v0 tlv_success tlv_success success_response_v0]
Nov 25, 2025 4:17:52 PM de.learnlib.logging.LearnLogger logQuery
INFO: [ε | tlv_request challenge_v0 tlv_request success_and_cryptobinding 4_way_message_1 / ε | tlv_success challenge_response_v0 tlv_success tlv_success 4_way_message_2]
Nov 25, 2025 4:17:54 PM de.learnlib.logging.LearnLogger logQuery
INFO: [ε | tlv_request challenge_v0 tlv_request success_and_cryptobinding id_request_v0 / ε | tlv_success challenge_response_v0 tlv_success tlv_success id_response_v0]
Nov 25, 2025 4:17:56 PM de.learnlib.logging.LearnLogger logQuery
INFO: [ε | tlv_request challenge_v0 success_request_with_credentials success_and_cryptobinding / ε | tlv_success challenge_response_v0 success_response_v0 tlv_success]
Nov 25, 2025 4:17:57 PM de.learnlib.logging.LearnLogger logQuery
INFO: [ε | tlv_request challenge_v0 success_request_with_credentials success_and_cryptobinding success_request_with_credentials / ε | tlv_success challenge_response_v0 success_response_v0 tlv_success success_response_v0]
Nov 25, 2025 4:17:59 PM de.learnlib.logging.LearnLogger logQuery
INFO: [ε | tlv_request challenge_v0 success_request_with_credentials success_and_cryptobinding 4_way_message_1 / ε | tlv_success challenge_response_v0 success_response_v0 tlv_success 4_way_message_2]
Nov 25, 2025 4:18:01 PM de.learnlib.logging.LearnLogger logQuery
INFO: [ε | tlv_request challenge_v0 success_request_with_credentials success_and_cryptobinding id_request_v0 / ε | tlv_success challenge_response_v0 success_response_v0 tlv_success id_response_v0]
Nov 25, 2025 4:18:03 PM de.learnlib.logging.LearnLogger logQuery
INFO: [ε | tlv_request challenge_v0 success_and_cryptobinding success_and_cryptobinding / ε | tlv_success challenge_response_v0 tlv_success tlv_success]
Nov 25, 2025 4:18:05 PM de.learnlib.logging.LearnLogger logQuery
INFO: [ε | tlv_request challenge_v0 success_and_cryptobinding success_and_cryptobinding success_request_with_credentials / ε | tlv_success challenge_response_v0 tlv_success tlv_success success_response_v0]
Nov 25, 2025 4:18:07 PM de.learnlib.logging.LearnLogger logQuery
INFO: [ε | tlv_request challenge_v0 success_and_cryptobinding success_and_cryptobinding 4_way_message_1 / ε | tlv_success challenge_response_v0 tlv_success tlv_success 4_way_message_2]
Nov 25, 2025 4:18:08 PM de.learnlib.logging.LearnLogger logQuery
INFO: [ε | tlv_request challenge_v0 success_and_cryptobinding success_and_cryptobinding id_request_v0 / ε | tlv_success challenge_response_v0 tlv_success tlv_success id_response_v0]
Nov 25, 2025 4:18:11 PM de.learnlib.logging.LearnLogger logQuery
INFO: [ε | tlv_request challenge_v0 eap_success success_and_cryptobinding / ε | tlv_success challenge_response_v0 after_eap_success tlv_success]
Nov 25, 2025 4:18:13 PM de.learnlib.logging.LearnLogger logQuery
INFO: [ε | tlv_request challenge_v0 eap_success success_and_cryptobinding success_request_with_credentials / ε | tlv_success challenge_response_v0 after_eap_success tlv_success success_response_v0]
Nov 25, 2025 4:18:15 PM de.learnlib.logging.LearnLogger logQuery
INFO: [ε | tlv_request challenge_v0 eap_success success_and_cryptobinding 4_way_message_1 / ε | tlv_success challenge_response_v0 after_eap_success tlv_success 4_way_message_2]
Nov 25, 2025 4:18:17 PM de.learnlib.logging.LearnLogger logQuery
INFO: [ε | tlv_request challenge_v0 eap_success success_and_cryptobinding id_request_v0 / ε | tlv_success challenge_response_v0 after_eap_success tlv_success id_response_v0]
Nov 25, 2025 4:18:19 PM de.learnlib.logging.LearnLogger logQuery
INFO: [ε | tlv_request challenge_v0 id_request_v0 cryptobinding / ε | tlv_success challenge_response_v0 id_response_v0 no_reply]
Nov 25, 2025 4:18:22 PM de.learnlib.logging.LearnLogger logQuery
INFO: [ε | tlv_request challenge_v0 challenge_v0 cryptobinding / ε | tlv_success challenge_response_v0 challenge_response_v0 no_reply]
Nov 25, 2025 4:18:24 PM de.learnlib.logging.LearnLogger logQuery
INFO: [ε | tlv_request challenge_v0 tlv_request cryptobinding / ε | tlv_success challenge_response_v0 tlv_success no_reply]
Nov 25, 2025 4:18:27 PM de.learnlib.logging.LearnLogger logQuery
INFO: [ε | tlv_request challenge_v0 success_request_with_credentials cryptobinding / ε | tlv_success challenge_response_v0 success_response_v0 no_reply]
Nov 25, 2025 4:18:29 PM de.learnlib.logging.LearnLogger logQuery
INFO: [ε | tlv_request challenge_v0 success_and_cryptobinding cryptobinding / ε | tlv_success challenge_response_v0 tlv_success no_reply]
Nov 25, 2025 4:18:32 PM de.learnlib.logging.LearnLogger logQuery
INFO: [ε | tlv_request challenge_v0 eap_success cryptobinding / ε | tlv_success challenge_response_v0 after_eap_success no_reply]
Nov 25, 2025 4:18:34 PM de.learnlib.logging.LearnLogger logQuery
INFO: [ε | tlv_request challenge_v0 id_request_v0 eap_success / ε | tlv_success challenge_response_v0 id_response_v0 after_eap_success]
Nov 25, 2025 4:18:36 PM de.learnlib.logging.LearnLogger logQuery
INFO: [ε | tlv_request challenge_v0 id_request_v0 eap_success success_request_with_credentials / ε | tlv_success challenge_response_v0 id_response_v0 after_eap_success success_response_v0]
Nov 25, 2025 4:18:39 PM de.learnlib.logging.LearnLogger logQuery
INFO: [ε | tlv_request challenge_v0 id_request_v0 eap_success 4_way_message_1 / ε | tlv_success challenge_response_v0 id_response_v0 after_eap_success 4_way_message_2]
Nov 25, 2025 4:18:41 PM de.learnlib.logging.LearnLogger logQuery
INFO: [ε | tlv_request challenge_v0 id_request_v0 eap_success id_request_v0 / ε | tlv_success challenge_response_v0 id_response_v0 after_eap_success id_response_v0]
Nov 25, 2025 4:18:43 PM de.learnlib.logging.LearnLogger logQuery
INFO: [ε | tlv_request challenge_v0 challenge_v0 eap_success / ε | tlv_success challenge_response_v0 challenge_response_v0 after_eap_success]
Nov 25, 2025 4:18:45 PM de.learnlib.logging.LearnLogger logQuery
INFO: [ε | tlv_request challenge_v0 challenge_v0 eap_success success_request_with_credentials / ε | tlv_success challenge_response_v0 challenge_response_v0 after_eap_success success_response_v0]
Nov 25, 2025 4:18:47 PM de.learnlib.logging.LearnLogger logQuery
INFO: [ε | tlv_request challenge_v0 challenge_v0 eap_success 4_way_message_1 / ε | tlv_success challenge_response_v0 challenge_response_v0 after_eap_success 4_way_message_2]
Nov 25, 2025 4:18:50 PM de.learnlib.logging.LearnLogger logQuery
INFO: [ε | tlv_request challenge_v0 challenge_v0 eap_success id_request_v0 / ε | tlv_success challenge_response_v0 challenge_response_v0 after_eap_success id_response_v0]
Nov 25, 2025 4:18:52 PM de.learnlib.logging.LearnLogger logQuery
INFO: [ε | tlv_request challenge_v0 tlv_request eap_success / ε | tlv_success challenge_response_v0 tlv_success after_eap_success]
Nov 25, 2025 4:18:54 PM de.learnlib.logging.LearnLogger logQuery
INFO: [ε | tlv_request challenge_v0 tlv_request eap_success success_request_with_credentials / ε | tlv_success challenge_response_v0 tlv_success after_eap_success success_response_v0]
Nov 25, 2025 4:18:56 PM de.learnlib.logging.LearnLogger logQuery
INFO: [ε | tlv_request challenge_v0 tlv_request eap_success 4_way_message_1 / ε | tlv_success challenge_response_v0 tlv_success after_eap_success 4_way_message_2]
Nov 25, 2025 4:18:59 PM de.learnlib.logging.LearnLogger logQuery
INFO: [ε | tlv_request challenge_v0 tlv_request eap_success id_request_v0 / ε | tlv_success challenge_response_v0 tlv_success after_eap_success id_response_v0]
Nov 25, 2025 4:19:01 PM de.learnlib.logging.LearnLogger logQuery
INFO: [ε | tlv_request challenge_v0 success_request_with_credentials eap_success / ε | tlv_success challenge_response_v0 success_response_v0 after_eap_success]
Nov 25, 2025 4:19:03 PM de.learnlib.logging.LearnLogger logQuery
INFO: [ε | tlv_request challenge_v0 success_request_with_credentials eap_success success_request_with_credentials / ε | tlv_success challenge_response_v0 success_response_v0 after_eap_success success_response_v0]
Nov 25, 2025 4:19:05 PM de.learnlib.logging.LearnLogger logQuery
INFO: [ε | tlv_request challenge_v0 success_request_with_credentials eap_success 4_way_message_1 / ε | tlv_success challenge_response_v0 success_response_v0 after_eap_success 4_way_message_2]
Nov 25, 2025 4:19:07 PM de.learnlib.logging.LearnLogger logQuery
INFO: [ε | tlv_request challenge_v0 success_request_with_credentials eap_success id_request_v0 / ε | tlv_success challenge_response_v0 success_response_v0 after_eap_success id_response_v0]
Nov 25, 2025 4:19:10 PM de.learnlib.logging.LearnLogger logQuery
INFO: [ε | tlv_request challenge_v0 success_and_cryptobinding eap_success / ε | tlv_success challenge_response_v0 tlv_success after_eap_success]
Nov 25, 2025 4:19:12 PM de.learnlib.logging.LearnLogger logQuery
INFO: [ε | tlv_request challenge_v0 success_and_cryptobinding eap_success success_request_with_credentials / ε | tlv_success challenge_response_v0 tlv_success after_eap_success success_response_v0]
Nov 25, 2025 4:19:14 PM de.learnlib.logging.LearnLogger logQuery
INFO: [ε | tlv_request challenge_v0 success_and_cryptobinding eap_success 4_way_message_1 / ε | tlv_success challenge_response_v0 tlv_success after_eap_success 4_way_message_2]
Nov 25, 2025 4:19:16 PM de.learnlib.logging.LearnLogger logQuery
INFO: [ε | tlv_request challenge_v0 success_and_cryptobinding eap_success id_request_v0 / ε | tlv_success challenge_response_v0 tlv_success after_eap_success id_response_v0]
Nov 25, 2025 4:19:19 PM de.learnlib.logging.LearnLogger logQuery
INFO: [ε | tlv_request challenge_v0 eap_success eap_success / ε | tlv_success challenge_response_v0 after_eap_success after_eap_success]
Nov 25, 2025 4:19:22 PM de.learnlib.logging.LearnLogger logQuery
INFO: [ε | tlv_request challenge_v0 eap_success eap_success success_request_with_credentials / ε | tlv_success challenge_response_v0 after_eap_success after_eap_success success_response_v0]
Nov 25, 2025 4:19:24 PM de.learnlib.logging.LearnLogger logQuery
INFO: [ε | tlv_request challenge_v0 eap_success eap_success 4_way_message_1 / ε | tlv_success challenge_response_v0 after_eap_success after_eap_success 4_way_message_2]
Nov 25, 2025 4:19:27 PM de.learnlib.logging.LearnLogger logQuery
INFO: [ε | tlv_request challenge_v0 eap_success eap_success id_request_v0 / ε | tlv_success challenge_response_v0 after_eap_success after_eap_success id_response_v0]
Nov 25, 2025 4:19:29 PM de.learnlib.logging.LearnLogger logQuery
INFO: [ε | tlv_request tlv_request id_request_v0 id_request_v0 success_request_with_credentials / ε | tlv_success tlv_success id_response_v0 id_response_v0 no_reply]
Nov 25, 2025 4:19:31 PM de.learnlib.logging.LearnLogger logQuery
INFO: [ε | tlv_request tlv_request id_request_v0 id_request_v0 4_way_message_1 / ε | tlv_success tlv_success id_response_v0 id_response_v0 4_way_message_2]
Nov 25, 2025 4:19:33 PM de.learnlib.logging.LearnLogger logQuery
INFO: [ε | tlv_request tlv_request id_request_v0 id_request_v0 id_request_v0 / ε | tlv_success tlv_success id_response_v0 id_response_v0 id_response_v0]
Nov 25, 2025 4:19:35 PM de.learnlib.logging.LearnLogger logQuery
INFO: [ε | tlv_request tlv_request challenge_v0 id_request_v0 success_request_with_credentials / ε | tlv_success tlv_success challenge_response_v0 id_response_v0 success_response_v0]
Nov 25, 2025 4:19:37 PM de.learnlib.logging.LearnLogger logQuery
INFO: [ε | tlv_request tlv_request challenge_v0 id_request_v0 4_way_message_1 / ε | tlv_success tlv_success challenge_response_v0 id_response_v0 4_way_message_2]
Nov 25, 2025 4:19:39 PM de.learnlib.logging.LearnLogger logQuery
INFO: [ε | tlv_request tlv_request challenge_v0 id_request_v0 id_request_v0 / ε | tlv_success tlv_success challenge_response_v0 id_response_v0 id_response_v0]
Nov 25, 2025 4:19:41 PM de.learnlib.logging.LearnLogger logQuery
INFO: [ε | tlv_request tlv_request tlv_request id_request_v0 success_request_with_credentials / ε | tlv_success tlv_success tlv_success id_response_v0 no_reply]
Nov 25, 2025 4:19:43 PM de.learnlib.logging.LearnLogger logQuery
INFO: [ε | tlv_request tlv_request tlv_request id_request_v0 4_way_message_1 / ε | tlv_success tlv_success tlv_success id_response_v0 4_way_message_2]
Nov 25, 2025 4:19:45 PM de.learnlib.logging.LearnLogger logQuery
INFO: [ε | tlv_request tlv_request tlv_request id_request_v0 id_request_v0 / ε | tlv_success tlv_success tlv_success id_response_v0 id_response_v0]
Nov 25, 2025 4:19:47 PM de.learnlib.logging.LearnLogger logQuery
INFO: [ε | tlv_request tlv_request success_and_cryptobinding id_request_v0 success_request_with_credentials / ε | tlv_success tlv_success tlv_success id_response_v0 no_reply]
Nov 25, 2025 4:19:49 PM de.learnlib.logging.LearnLogger logQuery
INFO: [ε | tlv_request tlv_request success_and_cryptobinding id_request_v0 4_way_message_1 / ε | tlv_success tlv_success tlv_success id_response_v0 4_way_message_2]
Nov 25, 2025 4:19:51 PM de.learnlib.logging.LearnLogger logQuery
INFO: [ε | tlv_request tlv_request success_and_cryptobinding id_request_v0 id_request_v0 / ε | tlv_success tlv_success tlv_success id_response_v0 id_response_v0]
Nov 25, 2025 4:19:54 PM de.learnlib.logging.LearnLogger logQuery
INFO: [ε | tlv_request tlv_request eap_success id_request_v0 success_request_with_credentials / ε | tlv_success tlv_success after_eap_success id_response_v0 no_reply]
Nov 25, 2025 4:19:56 PM de.learnlib.logging.LearnLogger logQuery
INFO: [ε | tlv_request tlv_request eap_success id_request_v0 4_way_message_1 / ε | tlv_success tlv_success after_eap_success id_response_v0 4_way_message_2]
Nov 25, 2025 4:19:59 PM de.learnlib.logging.LearnLogger logQuery
INFO: [ε | tlv_request tlv_request eap_success id_request_v0 id_request_v0 / ε | tlv_success tlv_success after_eap_success id_response_v0 id_response_v0]
Nov 25, 2025 4:20:00 PM de.learnlib.logging.LearnLogger logQuery
INFO: [ε | tlv_request tlv_request id_request_v0 challenge_v0 / ε | tlv_success tlv_success id_response_v0 challenge_response_v0]
Nov 25, 2025 4:20:02 PM de.learnlib.logging.LearnLogger logQuery
INFO: [ε | tlv_request tlv_request id_request_v0 challenge_v0 success_request_with_credentials / ε | tlv_success tlv_success id_response_v0 challenge_response_v0 success_response_v0]
Nov 25, 2025 4:20:04 PM de.learnlib.logging.LearnLogger logQuery
INFO: [ε | tlv_request tlv_request id_request_v0 challenge_v0 4_way_message_1 / ε | tlv_success tlv_success id_response_v0 challenge_response_v0 4_way_message_2]
Nov 25, 2025 4:20:05 PM de.learnlib.logging.LearnLogger logQuery
INFO: [ε | tlv_request tlv_request id_request_v0 challenge_v0 id_request_v0 / ε | tlv_success tlv_success id_response_v0 challenge_response_v0 id_response_v0]
Nov 25, 2025 4:20:07 PM de.learnlib.logging.LearnLogger logQuery
INFO: [ε | tlv_request tlv_request challenge_v0 challenge_v0 / ε | tlv_success tlv_success challenge_response_v0 challenge_response_v0]
Nov 25, 2025 4:20:09 PM de.learnlib.logging.LearnLogger logQuery
INFO: [ε | tlv_request tlv_request challenge_v0 challenge_v0 success_request_with_credentials / ε | tlv_success tlv_success challenge_response_v0 challenge_response_v0 success_response_v0]
Nov 25, 2025 4:20:11 PM de.learnlib.logging.LearnLogger logQuery
INFO: [ε | tlv_request tlv_request challenge_v0 challenge_v0 4_way_message_1 / ε | tlv_success tlv_success challenge_response_v0 challenge_response_v0 4_way_message_2]
Nov 25, 2025 4:20:13 PM de.learnlib.logging.LearnLogger logQuery
INFO: [ε | tlv_request tlv_request challenge_v0 challenge_v0 id_request_v0 / ε | tlv_success tlv_success challenge_response_v0 challenge_response_v0 id_response_v0]
Nov 25, 2025 4:20:15 PM de.learnlib.logging.LearnLogger logQuery
INFO: [ε | tlv_request tlv_request tlv_request challenge_v0 / ε | tlv_success tlv_success tlv_success challenge_response_v0]
Nov 25, 2025 4:20:16 PM de.learnlib.logging.LearnLogger logQuery
INFO: [ε | tlv_request tlv_request tlv_request challenge_v0 success_request_with_credentials / ε | tlv_success tlv_success tlv_success challenge_response_v0 success_response_v0]
Nov 25, 2025 4:20:18 PM de.learnlib.logging.LearnLogger logQuery
INFO: [ε | tlv_request tlv_request tlv_request challenge_v0 4_way_message_1 / ε | tlv_success tlv_success tlv_success challenge_response_v0 4_way_message_2]
Nov 25, 2025 4:20:20 PM de.learnlib.logging.LearnLogger logQuery
INFO: [ε | tlv_request tlv_request tlv_request challenge_v0 id_request_v0 / ε | tlv_success tlv_success tlv_success challenge_response_v0 id_response_v0]
Nov 25, 2025 4:20:22 PM de.learnlib.logging.LearnLogger logQuery
INFO: [ε | tlv_request tlv_request success_and_cryptobinding challenge_v0 / ε | tlv_success tlv_success tlv_success challenge_response_v0]
Nov 25, 2025 4:20:23 PM de.learnlib.logging.LearnLogger logQuery
INFO: [ε | tlv_request tlv_request success_and_cryptobinding challenge_v0 success_request_with_credentials / ε | tlv_success tlv_success tlv_success challenge_response_v0 success_response_v0]
Nov 25, 2025 4:20:25 PM de.learnlib.logging.LearnLogger logQuery
INFO: [ε | tlv_request tlv_request success_and_cryptobinding challenge_v0 4_way_message_1 / ε | tlv_success tlv_success tlv_success challenge_response_v0 4_way_message_2]
Nov 25, 2025 4:20:27 PM de.learnlib.logging.LearnLogger logQuery
INFO: [ε | tlv_request tlv_request success_and_cryptobinding challenge_v0 id_request_v0 / ε | tlv_success tlv_success tlv_success challenge_response_v0 id_response_v0]
Nov 25, 2025 4:20:29 PM de.learnlib.logging.LearnLogger logQuery
INFO: [ε | tlv_request tlv_request eap_success challenge_v0 / ε | tlv_success tlv_success after_eap_success challenge_response_v0]
Nov 25, 2025 4:20:31 PM de.learnlib.logging.LearnLogger logQuery
INFO: [ε | tlv_request tlv_request eap_success challenge_v0 success_request_with_credentials / ε | tlv_success tlv_success after_eap_success challenge_response_v0 success_response_v0]
Nov 25, 2025 4:20:34 PM de.learnlib.logging.LearnLogger logQuery
INFO: [ε | tlv_request tlv_request eap_success challenge_v0 4_way_message_1 / ε | tlv_success tlv_success after_eap_success challenge_response_v0 4_way_message_2]
Nov 25, 2025 4:20:36 PM de.learnlib.logging.LearnLogger logQuery
INFO: [ε | tlv_request tlv_request eap_success challenge_v0 id_request_v0 / ε | tlv_success tlv_success after_eap_success challenge_response_v0 id_response_v0]
Nov 25, 2025 4:20:38 PM de.learnlib.logging.LearnLogger logQuery
INFO: [ε | tlv_request tlv_request id_request_v0 tlv_request / ε | tlv_success tlv_success id_response_v0 tlv_success]
Nov 25, 2025 4:20:40 PM de.learnlib.logging.LearnLogger logQuery
INFO: [ε | tlv_request tlv_request id_request_v0 tlv_request success_request_with_credentials / ε | tlv_success tlv_success id_response_v0 tlv_success no_reply]
Nov 25, 2025 4:20:42 PM de.learnlib.logging.LearnLogger logQuery
INFO: [ε | tlv_request tlv_request id_request_v0 tlv_request 4_way_message_1 / ε | tlv_success tlv_success id_response_v0 tlv_success 4_way_message_2]
Nov 25, 2025 4:20:44 PM de.learnlib.logging.LearnLogger logQuery
INFO: [ε | tlv_request tlv_request id_request_v0 tlv_request id_request_v0 / ε | tlv_success tlv_success id_response_v0 tlv_success id_response_v0]
Nov 25, 2025 4:20:46 PM de.learnlib.logging.LearnLogger logQuery
INFO: [ε | tlv_request tlv_request challenge_v0 tlv_request / ε | tlv_success tlv_success challenge_response_v0 tlv_success]
Nov 25, 2025 4:20:47 PM de.learnlib.logging.LearnLogger logQuery
INFO: [ε | tlv_request tlv_request challenge_v0 tlv_request success_request_with_credentials / ε | tlv_success tlv_success challenge_response_v0 tlv_success success_response_v0]
Nov 25, 2025 4:20:49 PM de.learnlib.logging.LearnLogger logQuery
INFO: [ε | tlv_request tlv_request challenge_v0 tlv_request 4_way_message_1 / ε | tlv_success tlv_success challenge_response_v0 tlv_success 4_way_message_2]
Nov 25, 2025 4:20:51 PM de.learnlib.logging.LearnLogger logQuery
INFO: [ε | tlv_request tlv_request challenge_v0 tlv_request id_request_v0 / ε | tlv_success tlv_success challenge_response_v0 tlv_success id_response_v0]
Nov 25, 2025 4:20:53 PM de.learnlib.logging.LearnLogger logQuery
INFO: [ε | tlv_request tlv_request tlv_request tlv_request / ε | tlv_success tlv_success tlv_success tlv_success]
Nov 25, 2025 4:20:55 PM de.learnlib.logging.LearnLogger logQuery
INFO: [ε | tlv_request tlv_request tlv_request tlv_request success_request_with_credentials / ε | tlv_success tlv_success tlv_success tlv_success no_reply]
Nov 25, 2025 4:20:57 PM de.learnlib.logging.LearnLogger logQuery
INFO: [ε | tlv_request tlv_request tlv_request tlv_request 4_way_message_1 / ε | tlv_success tlv_success tlv_success tlv_success 4_way_message_2]
Nov 25, 2025 4:20:59 PM de.learnlib.logging.LearnLogger logQuery
INFO: [ε | tlv_request tlv_request tlv_request tlv_request id_request_v0 / ε | tlv_success tlv_success tlv_success tlv_success id_response_v0]
Nov 25, 2025 4:21:01 PM de.learnlib.logging.LearnLogger logQuery
INFO: [ε | tlv_request tlv_request success_and_cryptobinding tlv_request / ε | tlv_success tlv_success tlv_success tlv_success]
Nov 25, 2025 4:21:03 PM de.learnlib.logging.LearnLogger logQuery
INFO: [ε | tlv_request tlv_request success_and_cryptobinding tlv_request success_request_with_credentials / ε | tlv_success tlv_success tlv_success tlv_success no_reply]
Nov 25, 2025 4:21:05 PM de.learnlib.logging.LearnLogger logQuery
INFO: [ε | tlv_request tlv_request success_and_cryptobinding tlv_request 4_way_message_1 / ε | tlv_success tlv_success tlv_success tlv_success 4_way_message_2]
Nov 25, 2025 4:21:07 PM de.learnlib.logging.LearnLogger logQuery
INFO: [ε | tlv_request tlv_request success_and_cryptobinding tlv_request id_request_v0 / ε | tlv_success tlv_success tlv_success tlv_success id_response_v0]
Nov 25, 2025 4:21:09 PM de.learnlib.logging.LearnLogger logQuery
INFO: [ε | tlv_request tlv_request eap_success tlv_request / ε | tlv_success tlv_success after_eap_success tlv_success]
Nov 25, 2025 4:21:12 PM de.learnlib.logging.LearnLogger logQuery
INFO: [ε | tlv_request tlv_request eap_success tlv_request success_request_with_credentials / ε | tlv_success tlv_success after_eap_success tlv_success no_reply]
Nov 25, 2025 4:21:14 PM de.learnlib.logging.LearnLogger logQuery
INFO: [ε | tlv_request tlv_request eap_success tlv_request 4_way_message_1 / ε | tlv_success tlv_success after_eap_success tlv_success 4_way_message_2]
Nov 25, 2025 4:21:16 PM de.learnlib.logging.LearnLogger logQuery
INFO: [ε | tlv_request tlv_request eap_success tlv_request id_request_v0 / ε | tlv_success tlv_success after_eap_success tlv_success id_response_v0]
Nov 25, 2025 4:21:18 PM de.learnlib.logging.LearnLogger logQuery
INFO: [ε | tlv_request tlv_request id_request_v0 tlv_failure / ε | tlv_success tlv_success id_response_v0 tlv_failure]
Nov 25, 2025 4:21:20 PM de.learnlib.logging.LearnLogger logQuery
INFO: [ε | tlv_request tlv_request challenge_v0 tlv_failure / ε | tlv_success tlv_success challenge_response_v0 tlv_failure]
Nov 25, 2025 4:21:22 PM de.learnlib.logging.LearnLogger logQuery
INFO: [ε | tlv_request tlv_request tlv_request tlv_failure / ε | tlv_success tlv_success tlv_success tlv_failure]
Nov 25, 2025 4:21:24 PM de.learnlib.logging.LearnLogger logQuery
INFO: [ε | tlv_request tlv_request success_and_cryptobinding tlv_failure / ε | tlv_success tlv_success tlv_success tlv_failure]
Nov 25, 2025 4:21:26 PM de.learnlib.logging.LearnLogger logQuery
INFO: [ε | tlv_request tlv_request eap_success tlv_failure / ε | tlv_success tlv_success after_eap_success tlv_failure]
Nov 25, 2025 4:21:28 PM de.learnlib.logging.LearnLogger logQuery
INFO: [ε | tlv_request tlv_request id_request_v0 success_request_all_zeros / ε | tlv_success tlv_success id_response_v0 no_reply]
Nov 25, 2025 4:21:31 PM de.learnlib.logging.LearnLogger logQuery
INFO: [ε | tlv_request tlv_request challenge_v0 success_request_all_zeros / ε | tlv_success tlv_success challenge_response_v0 no_reply]
Nov 25, 2025 4:21:33 PM de.learnlib.logging.LearnLogger logQuery
INFO: [ε | tlv_request tlv_request tlv_request success_request_all_zeros / ε | tlv_success tlv_success tlv_success no_reply]
Nov 25, 2025 4:21:36 PM de.learnlib.logging.LearnLogger logQuery
INFO: [ε | tlv_request tlv_request success_and_cryptobinding success_request_all_zeros / ε | tlv_success tlv_success tlv_success no_reply]
Nov 25, 2025 4:21:39 PM de.learnlib.logging.LearnLogger logQuery
INFO: [ε | tlv_request tlv_request eap_success success_request_all_zeros / ε | tlv_success tlv_success after_eap_success no_reply]
Nov 25, 2025 4:21:40 PM de.learnlib.logging.LearnLogger logQuery
INFO: [ε | tlv_request tlv_request challenge_v0 success_request_with_credentials success_request_with_credentials / ε | tlv_success tlv_success challenge_response_v0 success_response_v0 success_response_v0]
Nov 25, 2025 4:21:42 PM de.learnlib.logging.LearnLogger logQuery
INFO: [ε | tlv_request tlv_request challenge_v0 success_request_with_credentials 4_way_message_1 / ε | tlv_success tlv_success challenge_response_v0 success_response_v0 4_way_message_2]
Nov 25, 2025 4:21:44 PM de.learnlib.logging.LearnLogger logQuery
INFO: [ε | tlv_request tlv_request challenge_v0 success_request_with_credentials id_request_v0 / ε | tlv_success tlv_success challenge_response_v0 success_response_v0 id_response_v0]
Nov 25, 2025 4:21:46 PM de.learnlib.logging.LearnLogger logQuery
INFO: [ε | tlv_request tlv_request id_request_v0 success_and_cryptobinding / ε | tlv_success tlv_success id_response_v0 tlv_success]
Nov 25, 2025 4:21:48 PM de.learnlib.logging.LearnLogger logQuery
INFO: [ε | tlv_request tlv_request id_request_v0 success_and_cryptobinding success_request_with_credentials / ε | tlv_success tlv_success id_response_v0 tlv_success no_reply]
Nov 25, 2025 4:21:50 PM de.learnlib.logging.LearnLogger logQuery
INFO: [ε | tlv_request tlv_request id_request_v0 success_and_cryptobinding 4_way_message_1 / ε | tlv_success tlv_success id_response_v0 tlv_success 4_way_message_2]
Nov 25, 2025 4:21:52 PM de.learnlib.logging.LearnLogger logQuery
INFO: [ε | tlv_request tlv_request id_request_v0 success_and_cryptobinding id_request_v0 / ε | tlv_success tlv_success id_response_v0 tlv_success id_response_v0]
Nov 25, 2025 4:21:54 PM de.learnlib.logging.LearnLogger logQuery
INFO: [ε | tlv_request tlv_request challenge_v0 success_and_cryptobinding / ε | tlv_success tlv_success challenge_response_v0 tlv_success]
Nov 25, 2025 4:21:55 PM de.learnlib.logging.LearnLogger logQuery
INFO: [ε | tlv_request tlv_request challenge_v0 success_and_cryptobinding success_request_with_credentials / ε | tlv_success tlv_success challenge_response_v0 tlv_success success_response_v0]
Nov 25, 2025 4:21:57 PM de.learnlib.logging.LearnLogger logQuery
INFO: [ε | tlv_request tlv_request challenge_v0 success_and_cryptobinding 4_way_message_1 / ε | tlv_success tlv_success challenge_response_v0 tlv_success 4_way_message_2]
Nov 25, 2025 4:21:59 PM de.learnlib.logging.LearnLogger logQuery
INFO: [ε | tlv_request tlv_request challenge_v0 success_and_cryptobinding id_request_v0 / ε | tlv_success tlv_success challenge_response_v0 tlv_success id_response_v0]
Nov 25, 2025 4:22:01 PM de.learnlib.logging.LearnLogger logQuery
INFO: [ε | tlv_request tlv_request tlv_request success_and_cryptobinding / ε | tlv_success tlv_success tlv_success tlv_success]
Nov 25, 2025 4:22:03 PM de.learnlib.logging.LearnLogger logQuery
INFO: [ε | tlv_request tlv_request tlv_request success_and_cryptobinding success_request_with_credentials / ε | tlv_success tlv_success tlv_success tlv_success no_reply]
Nov 25, 2025 4:22:05 PM de.learnlib.logging.LearnLogger logQuery
INFO: [ε | tlv_request tlv_request tlv_request success_and_cryptobinding 4_way_message_1 / ε | tlv_success tlv_success tlv_success tlv_success 4_way_message_2]
Nov 25, 2025 4:22:07 PM de.learnlib.logging.LearnLogger logQuery
INFO: [ε | tlv_request tlv_request tlv_request success_and_cryptobinding id_request_v0 / ε | tlv_success tlv_success tlv_success tlv_success id_response_v0]
Nov 25, 2025 4:22:09 PM de.learnlib.logging.LearnLogger logQuery
INFO: [ε | tlv_request tlv_request success_and_cryptobinding success_and_cryptobinding / ε | tlv_success tlv_success tlv_success tlv_success]
Nov 25, 2025 4:22:11 PM de.learnlib.logging.LearnLogger logQuery
INFO: [ε | tlv_request tlv_request success_and_cryptobinding success_and_cryptobinding success_request_with_credentials / ε | tlv_success tlv_success tlv_success tlv_success no_reply]
Nov 25, 2025 4:22:13 PM de.learnlib.logging.LearnLogger logQuery
INFO: [ε | tlv_request tlv_request success_and_cryptobinding success_and_cryptobinding 4_way_message_1 / ε | tlv_success tlv_success tlv_success tlv_success 4_way_message_2]
Nov 25, 2025 4:22:15 PM de.learnlib.logging.LearnLogger logQuery
INFO: [ε | tlv_request tlv_request success_and_cryptobinding success_and_cryptobinding id_request_v0 / ε | tlv_success tlv_success tlv_success tlv_success id_response_v0]
Nov 25, 2025 4:22:17 PM de.learnlib.logging.LearnLogger logQuery
INFO: [ε | tlv_request tlv_request eap_success success_and_cryptobinding / ε | tlv_success tlv_success after_eap_success tlv_success]
Nov 25, 2025 4:22:20 PM de.learnlib.logging.LearnLogger logQuery
INFO: [ε | tlv_request tlv_request eap_success success_and_cryptobinding success_request_with_credentials / ε | tlv_success tlv_success after_eap_success tlv_success no_reply]
Nov 25, 2025 4:22:22 PM de.learnlib.logging.LearnLogger logQuery
INFO: [ε | tlv_request tlv_request eap_success success_and_cryptobinding 4_way_message_1 / ε | tlv_success tlv_success after_eap_success tlv_success 4_way_message_2]
Nov 25, 2025 4:22:25 PM de.learnlib.logging.LearnLogger logQuery
INFO: [ε | tlv_request tlv_request eap_success success_and_cryptobinding id_request_v0 / ε | tlv_success tlv_success after_eap_success tlv_success id_response_v0]
Nov 25, 2025 4:22:27 PM de.learnlib.logging.LearnLogger logQuery
INFO: [ε | tlv_request tlv_request id_request_v0 cryptobinding / ε | tlv_success tlv_success id_response_v0 no_reply]
Nov 25, 2025 4:22:29 PM de.learnlib.logging.LearnLogger logQuery
INFO: [ε | tlv_request tlv_request challenge_v0 cryptobinding / ε | tlv_success tlv_success challenge_response_v0 no_reply]
Nov 25, 2025 4:22:32 PM de.learnlib.logging.LearnLogger logQuery
INFO: [ε | tlv_request tlv_request tlv_request cryptobinding / ε | tlv_success tlv_success tlv_success no_reply]
Nov 25, 2025 4:22:34 PM de.learnlib.logging.LearnLogger logQuery
INFO: [ε | tlv_request tlv_request success_and_cryptobinding cryptobinding / ε | tlv_success tlv_success tlv_success no_reply]
Nov 25, 2025 4:22:37 PM de.learnlib.logging.LearnLogger logQuery
INFO: [ε | tlv_request tlv_request eap_success cryptobinding / ε | tlv_success tlv_success after_eap_success no_reply]
Nov 25, 2025 4:22:39 PM de.learnlib.logging.LearnLogger logQuery
INFO: [ε | tlv_request tlv_request id_request_v0 eap_success / ε | tlv_success tlv_success id_response_v0 after_eap_success]
Nov 25, 2025 4:22:42 PM de.learnlib.logging.LearnLogger logQuery
INFO: [ε | tlv_request tlv_request id_request_v0 eap_success success_request_with_credentials / ε | tlv_success tlv_success id_response_v0 after_eap_success no_reply]
Nov 25, 2025 4:22:44 PM de.learnlib.logging.LearnLogger logQuery
INFO: [ε | tlv_request tlv_request id_request_v0 eap_success 4_way_message_1 / ε | tlv_success tlv_success id_response_v0 after_eap_success 4_way_message_2]
Nov 25, 2025 4:22:47 PM de.learnlib.logging.LearnLogger logQuery
INFO: [ε | tlv_request tlv_request id_request_v0 eap_success id_request_v0 / ε | tlv_success tlv_success id_response_v0 after_eap_success id_response_v0]
Nov 25, 2025 4:22:49 PM de.learnlib.logging.LearnLogger logQuery
INFO: [ε | tlv_request tlv_request challenge_v0 eap_success / ε | tlv_success tlv_success challenge_response_v0 after_eap_success]
Nov 25, 2025 4:22:51 PM de.learnlib.logging.LearnLogger logQuery
INFO: [ε | tlv_request tlv_request challenge_v0 eap_success success_request_with_credentials / ε | tlv_success tlv_success challenge_response_v0 after_eap_success success_response_v0]
Nov 25, 2025 4:22:53 PM de.learnlib.logging.LearnLogger logQuery
INFO: [ε | tlv_request tlv_request challenge_v0 eap_success 4_way_message_1 / ε | tlv_success tlv_success challenge_response_v0 after_eap_success 4_way_message_2]
Nov 25, 2025 4:22:56 PM de.learnlib.logging.LearnLogger logQuery
INFO: [ε | tlv_request tlv_request challenge_v0 eap_success id_request_v0 / ε | tlv_success tlv_success challenge_response_v0 after_eap_success id_response_v0]
Nov 25, 2025 4:22:58 PM de.learnlib.logging.LearnLogger logQuery
INFO: [ε | tlv_request tlv_request tlv_request eap_success / ε | tlv_success tlv_success tlv_success after_eap_success]
Nov 25, 2025 4:23:00 PM de.learnlib.logging.LearnLogger logQuery
INFO: [ε | tlv_request tlv_request tlv_request eap_success success_request_with_credentials / ε | tlv_success tlv_success tlv_success after_eap_success no_reply]
Nov 25, 2025 4:23:03 PM de.learnlib.logging.LearnLogger logQuery
INFO: [ε | tlv_request tlv_request tlv_request eap_success 4_way_message_1 / ε | tlv_success tlv_success tlv_success after_eap_success 4_way_message_2]
Nov 25, 2025 4:23:05 PM de.learnlib.logging.LearnLogger logQuery
INFO: [ε | tlv_request tlv_request tlv_request eap_success id_request_v0 / ε | tlv_success tlv_success tlv_success after_eap_success id_response_v0]
Nov 25, 2025 4:23:07 PM de.learnlib.logging.LearnLogger logQuery
INFO: [ε | tlv_request tlv_request success_and_cryptobinding eap_success / ε | tlv_success tlv_success tlv_success after_eap_success]
Nov 25, 2025 4:23:10 PM de.learnlib.logging.LearnLogger logQuery
INFO: [ε | tlv_request tlv_request success_and_cryptobinding eap_success success_request_with_credentials / ε | tlv_success tlv_success tlv_success after_eap_success no_reply]
Nov 25, 2025 4:23:12 PM de.learnlib.logging.LearnLogger logQuery
INFO: [ε | tlv_request tlv_request success_and_cryptobinding eap_success 4_way_message_1 / ε | tlv_success tlv_success tlv_success after_eap_success 4_way_message_2]
Nov 25, 2025 4:23:15 PM de.learnlib.logging.LearnLogger logQuery
INFO: [ε | tlv_request tlv_request success_and_cryptobinding eap_success id_request_v0 / ε | tlv_success tlv_success tlv_success after_eap_success id_response_v0]
Nov 25, 2025 4:23:17 PM de.learnlib.logging.LearnLogger logQuery
INFO: [ε | tlv_request tlv_request eap_success eap_success / ε | tlv_success tlv_success after_eap_success after_eap_success]
Nov 25, 2025 4:23:21 PM de.learnlib.logging.LearnLogger logQuery
INFO: [ε | tlv_request tlv_request eap_success eap_success success_request_with_credentials / ε | tlv_success tlv_success after_eap_success after_eap_success no_reply]
Nov 25, 2025 4:23:24 PM de.learnlib.logging.LearnLogger logQuery
INFO: [ε | tlv_request tlv_request eap_success eap_success 4_way_message_1 / ε | tlv_success tlv_success after_eap_success after_eap_success 4_way_message_2]
Nov 25, 2025 4:23:26 PM de.learnlib.logging.LearnLogger logQuery
INFO: [ε | tlv_request tlv_request eap_success eap_success id_request_v0 / ε | tlv_success tlv_success after_eap_success after_eap_success id_response_v0]
Nov 25, 2025 4:23:29 PM de.learnlib.logging.LearnLogger logQuery
INFO: [ε | tlv_request success_and_cryptobinding id_request_v0 id_request_v0 success_request_with_credentials / ε | tlv_success tlv_success id_response_v0 id_response_v0 no_reply]
Nov 25, 2025 4:23:31 PM de.learnlib.logging.LearnLogger logQuery
INFO: [ε | tlv_request success_and_cryptobinding id_request_v0 id_request_v0 4_way_message_1 / ε | tlv_success tlv_success id_response_v0 id_response_v0 4_way_message_2]
Nov 25, 2025 4:23:33 PM de.learnlib.logging.LearnLogger logQuery
INFO: [ε | tlv_request success_and_cryptobinding id_request_v0 id_request_v0 id_request_v0 / ε | tlv_success tlv_success id_response_v0 id_response_v0 id_response_v0]
Nov 25, 2025 4:23:34 PM de.learnlib.logging.LearnLogger logQuery
INFO: [ε | tlv_request success_and_cryptobinding challenge_v0 id_request_v0 success_request_with_credentials / ε | tlv_success tlv_success challenge_response_v0 id_response_v0 success_response_v0]
Nov 25, 2025 4:23:36 PM de.learnlib.logging.LearnLogger logQuery
INFO: [ε | tlv_request success_and_cryptobinding challenge_v0 id_request_v0 4_way_message_1 / ε | tlv_success tlv_success challenge_response_v0 id_response_v0 4_way_message_2]
Nov 25, 2025 4:23:38 PM de.learnlib.logging.LearnLogger logQuery
INFO: [ε | tlv_request success_and_cryptobinding challenge_v0 id_request_v0 id_request_v0 / ε | tlv_success tlv_success challenge_response_v0 id_response_v0 id_response_v0]
Nov 25, 2025 4:23:40 PM de.learnlib.logging.LearnLogger logQuery
INFO: [ε | tlv_request success_and_cryptobinding tlv_request id_request_v0 success_request_with_credentials / ε | tlv_success tlv_success tlv_success id_response_v0 no_reply]
Nov 25, 2025 4:23:42 PM de.learnlib.logging.LearnLogger logQuery
INFO: [ε | tlv_request success_and_cryptobinding tlv_request id_request_v0 4_way_message_1 / ε | tlv_success tlv_success tlv_success id_response_v0 4_way_message_2]
Nov 25, 2025 4:23:44 PM de.learnlib.logging.LearnLogger logQuery
INFO: [ε | tlv_request success_and_cryptobinding tlv_request id_request_v0 id_request_v0 / ε | tlv_success tlv_success tlv_success id_response_v0 id_response_v0]
Nov 25, 2025 4:23:47 PM de.learnlib.logging.LearnLogger logQuery
INFO: [ε | tlv_request success_and_cryptobinding success_and_cryptobinding id_request_v0 success_request_with_credentials / ε | tlv_success tlv_success tlv_success id_response_v0 no_reply]
Nov 25, 2025 4:23:49 PM de.learnlib.logging.LearnLogger logQuery
INFO: [ε | tlv_request success_and_cryptobinding success_and_cryptobinding id_request_v0 4_way_message_1 / ε | tlv_success tlv_success tlv_success id_response_v0 4_way_message_2]
Nov 25, 2025 4:23:51 PM de.learnlib.logging.LearnLogger logQuery
INFO: [ε | tlv_request success_and_cryptobinding success_and_cryptobinding id_request_v0 id_request_v0 / ε | tlv_success tlv_success tlv_success id_response_v0 id_response_v0]
Nov 25, 2025 4:23:53 PM de.learnlib.logging.LearnLogger logQuery
INFO: [ε | tlv_request success_and_cryptobinding eap_success id_request_v0 success_request_with_credentials / ε | tlv_success tlv_success after_eap_success id_response_v0 no_reply]
Nov 25, 2025 4:23:56 PM de.learnlib.logging.LearnLogger logQuery
INFO: [ε | tlv_request success_and_cryptobinding eap_success id_request_v0 4_way_message_1 / ε | tlv_success tlv_success after_eap_success id_response_v0 4_way_message_2]
Nov 25, 2025 4:23:58 PM de.learnlib.logging.LearnLogger logQuery
INFO: [ε | tlv_request success_and_cryptobinding eap_success id_request_v0 id_request_v0 / ε | tlv_success tlv_success after_eap_success id_response_v0 id_response_v0]
Nov 25, 2025 4:24:00 PM de.learnlib.logging.LearnLogger logQuery
INFO: [ε | tlv_request success_and_cryptobinding id_request_v0 challenge_v0 / ε | tlv_success tlv_success id_response_v0 challenge_response_v0]
Nov 25, 2025 4:24:01 PM de.learnlib.logging.LearnLogger logQuery
INFO: [ε | tlv_request success_and_cryptobinding id_request_v0 challenge_v0 success_request_with_credentials / ε | tlv_success tlv_success id_response_v0 challenge_response_v0 success_response_v0]
Nov 25, 2025 4:24:03 PM de.learnlib.logging.LearnLogger logQuery
INFO: [ε | tlv_request success_and_cryptobinding id_request_v0 challenge_v0 4_way_message_1 / ε | tlv_success tlv_success id_response_v0 challenge_response_v0 4_way_message_2]
Nov 25, 2025 4:24:05 PM de.learnlib.logging.LearnLogger logQuery
INFO: [ε | tlv_request success_and_cryptobinding id_request_v0 challenge_v0 id_request_v0 / ε | tlv_success tlv_success id_response_v0 challenge_response_v0 id_response_v0]
Nov 25, 2025 4:24:07 PM de.learnlib.logging.LearnLogger logQuery
INFO: [ε | tlv_request success_and_cryptobinding challenge_v0 challenge_v0 / ε | tlv_success tlv_success challenge_response_v0 challenge_response_v0]
Nov 25, 2025 4:24:08 PM de.learnlib.logging.LearnLogger logQuery
INFO: [ε | tlv_request success_and_cryptobinding challenge_v0 challenge_v0 success_request_with_credentials / ε | tlv_success tlv_success challenge_response_v0 challenge_response_v0 success_response_v0]
Nov 25, 2025 4:24:10 PM de.learnlib.logging.LearnLogger logQuery
INFO: [ε | tlv_request success_and_cryptobinding challenge_v0 challenge_v0 4_way_message_1 / ε | tlv_success tlv_success challenge_response_v0 challenge_response_v0 4_way_message_2]
Nov 25, 2025 4:24:12 PM de.learnlib.logging.LearnLogger logQuery
INFO: [ε | tlv_request success_and_cryptobinding challenge_v0 challenge_v0 id_request_v0 / ε | tlv_success tlv_success challenge_response_v0 challenge_response_v0 id_response_v0]
Nov 25, 2025 4:24:14 PM de.learnlib.logging.LearnLogger logQuery
INFO: [ε | tlv_request success_and_cryptobinding tlv_request challenge_v0 / ε | tlv_success tlv_success tlv_success challenge_response_v0]
Nov 25, 2025 4:24:16 PM de.learnlib.logging.LearnLogger logQuery
INFO: [ε | tlv_request success_and_cryptobinding tlv_request challenge_v0 success_request_with_credentials / ε | tlv_success tlv_success tlv_success challenge_response_v0 success_response_v0]
Nov 25, 2025 4:24:17 PM de.learnlib.logging.LearnLogger logQuery
INFO: [ε | tlv_request success_and_cryptobinding tlv_request challenge_v0 4_way_message_1 / ε | tlv_success tlv_success tlv_success challenge_response_v0 4_way_message_2]
Nov 25, 2025 4:24:19 PM de.learnlib.logging.LearnLogger logQuery
INFO: [ε | tlv_request success_and_cryptobinding tlv_request challenge_v0 id_request_v0 / ε | tlv_success tlv_success tlv_success challenge_response_v0 id_response_v0]
Nov 25, 2025 4:24:21 PM de.learnlib.logging.LearnLogger logQuery
INFO: [ε | tlv_request success_and_cryptobinding success_and_cryptobinding challenge_v0 / ε | tlv_success tlv_success tlv_success challenge_response_v0]
Nov 25, 2025 4:24:23 PM de.learnlib.logging.LearnLogger logQuery
INFO: [ε | tlv_request success_and_cryptobinding success_and_cryptobinding challenge_v0 success_request_with_credentials / ε | tlv_success tlv_success tlv_success challenge_response_v0 success_response_v0]
Nov 25, 2025 4:24:24 PM de.learnlib.logging.LearnLogger logQuery
INFO: [ε | tlv_request success_and_cryptobinding success_and_cryptobinding challenge_v0 4_way_message_1 / ε | tlv_success tlv_success tlv_success challenge_response_v0 4_way_message_2]
Nov 25, 2025 4:24:26 PM de.learnlib.logging.LearnLogger logQuery
INFO: [ε | tlv_request success_and_cryptobinding success_and_cryptobinding challenge_v0 id_request_v0 / ε | tlv_success tlv_success tlv_success challenge_response_v0 id_response_v0]
Nov 25, 2025 4:24:29 PM de.learnlib.logging.LearnLogger logQuery
INFO: [ε | tlv_request success_and_cryptobinding eap_success challenge_v0 / ε | tlv_success tlv_success after_eap_success challenge_response_v0]
Nov 25, 2025 4:24:31 PM de.learnlib.logging.LearnLogger logQuery
INFO: [ε | tlv_request success_and_cryptobinding eap_success challenge_v0 success_request_with_credentials / ε | tlv_success tlv_success after_eap_success challenge_response_v0 success_response_v0]
Nov 25, 2025 4:24:33 PM de.learnlib.logging.LearnLogger logQuery
INFO: [ε | tlv_request success_and_cryptobinding eap_success challenge_v0 4_way_message_1 / ε | tlv_success tlv_success after_eap_success challenge_response_v0 4_way_message_2]
Nov 25, 2025 4:24:35 PM de.learnlib.logging.LearnLogger logQuery
INFO: [ε | tlv_request success_and_cryptobinding eap_success challenge_v0 id_request_v0 / ε | tlv_success tlv_success after_eap_success challenge_response_v0 id_response_v0]
Nov 25, 2025 4:24:37 PM de.learnlib.logging.LearnLogger logQuery
INFO: [ε | tlv_request success_and_cryptobinding id_request_v0 tlv_request / ε | tlv_success tlv_success id_response_v0 tlv_success]
Nov 25, 2025 4:24:39 PM de.learnlib.logging.LearnLogger logQuery
INFO: [ε | tlv_request success_and_cryptobinding id_request_v0 tlv_request success_request_with_credentials / ε | tlv_success tlv_success id_response_v0 tlv_success no_reply]
Nov 25, 2025 4:24:41 PM de.learnlib.logging.LearnLogger logQuery
INFO: [ε | tlv_request success_and_cryptobinding id_request_v0 tlv_request 4_way_message_1 / ε | tlv_success tlv_success id_response_v0 tlv_success 4_way_message_2]
Nov 25, 2025 4:24:43 PM de.learnlib.logging.LearnLogger logQuery
INFO: [ε | tlv_request success_and_cryptobinding id_request_v0 tlv_request id_request_v0 / ε | tlv_success tlv_success id_response_v0 tlv_success id_response_v0]
Nov 25, 2025 4:24:45 PM de.learnlib.logging.LearnLogger logQuery
INFO: [ε | tlv_request success_and_cryptobinding challenge_v0 tlv_request / ε | tlv_success tlv_success challenge_response_v0 tlv_success]
Nov 25, 2025 4:24:47 PM de.learnlib.logging.LearnLogger logQuery
INFO: [ε | tlv_request success_and_cryptobinding challenge_v0 tlv_request success_request_with_credentials / ε | tlv_success tlv_success challenge_response_v0 tlv_success success_response_v0]
Nov 25, 2025 4:24:48 PM de.learnlib.logging.LearnLogger logQuery
INFO: [ε | tlv_request success_and_cryptobinding challenge_v0 tlv_request 4_way_message_1 / ε | tlv_success tlv_success challenge_response_v0 tlv_success 4_way_message_2]
Nov 25, 2025 4:24:50 PM de.learnlib.logging.LearnLogger logQuery
INFO: [ε | tlv_request success_and_cryptobinding challenge_v0 tlv_request id_request_v0 / ε | tlv_success tlv_success challenge_response_v0 tlv_success id_response_v0]
Nov 25, 2025 4:24:52 PM de.learnlib.logging.LearnLogger logQuery
INFO: [ε | tlv_request success_and_cryptobinding tlv_request tlv_request / ε | tlv_success tlv_success tlv_success tlv_success]
Nov 25, 2025 4:24:54 PM de.learnlib.logging.LearnLogger logQuery
INFO: [ε | tlv_request success_and_cryptobinding tlv_request tlv_request success_request_with_credentials / ε | tlv_success tlv_success tlv_success tlv_success no_reply]
Nov 25, 2025 4:24:56 PM de.learnlib.logging.LearnLogger logQuery
INFO: [ε | tlv_request success_and_cryptobinding tlv_request tlv_request 4_way_message_1 / ε | tlv_success tlv_success tlv_success tlv_success 4_way_message_2]
Nov 25, 2025 4:24:58 PM de.learnlib.logging.LearnLogger logQuery
INFO: [ε | tlv_request success_and_cryptobinding tlv_request tlv_request id_request_v0 / ε | tlv_success tlv_success tlv_success tlv_success id_response_v0]
Nov 25, 2025 4:25:00 PM de.learnlib.logging.LearnLogger logQuery
INFO: [ε | tlv_request success_and_cryptobinding success_and_cryptobinding tlv_request / ε | tlv_success tlv_success tlv_success tlv_success]
Nov 25, 2025 4:25:02 PM de.learnlib.logging.LearnLogger logQuery
INFO: [ε | tlv_request success_and_cryptobinding success_and_cryptobinding tlv_request success_request_with_credentials / ε | tlv_success tlv_success tlv_success tlv_success no_reply]
Nov 25, 2025 4:25:04 PM de.learnlib.logging.LearnLogger logQuery
INFO: [ε | tlv_request success_and_cryptobinding success_and_cryptobinding tlv_request 4_way_message_1 / ε | tlv_success tlv_success tlv_success tlv_success 4_way_message_2]
Nov 25, 2025 4:25:06 PM de.learnlib.logging.LearnLogger logQuery
INFO: [ε | tlv_request success_and_cryptobinding success_and_cryptobinding tlv_request id_request_v0 / ε | tlv_success tlv_success tlv_success tlv_success id_response_v0]
Nov 25, 2025 4:25:09 PM de.learnlib.logging.LearnLogger logQuery
INFO: [ε | tlv_request success_and_cryptobinding eap_success tlv_request / ε | tlv_success tlv_success after_eap_success tlv_success]
Nov 25, 2025 4:25:11 PM de.learnlib.logging.LearnLogger logQuery
INFO: [ε | tlv_request success_and_cryptobinding eap_success tlv_request success_request_with_credentials / ε | tlv_success tlv_success after_eap_success tlv_success no_reply]
Nov 25, 2025 4:25:13 PM de.learnlib.logging.LearnLogger logQuery
INFO: [ε | tlv_request success_and_cryptobinding eap_success tlv_request 4_way_message_1 / ε | tlv_success tlv_success after_eap_success tlv_success 4_way_message_2]
Nov 25, 2025 4:25:16 PM de.learnlib.logging.LearnLogger logQuery
INFO: [ε | tlv_request success_and_cryptobinding eap_success tlv_request id_request_v0 / ε | tlv_success tlv_success after_eap_success tlv_success id_response_v0]
Nov 25, 2025 4:25:18 PM de.learnlib.logging.LearnLogger logQuery
INFO: [ε | tlv_request success_and_cryptobinding id_request_v0 tlv_failure / ε | tlv_success tlv_success id_response_v0 tlv_failure]
Nov 25, 2025 4:25:19 PM de.learnlib.logging.LearnLogger logQuery
INFO: [ε | tlv_request success_and_cryptobinding challenge_v0 tlv_failure / ε | tlv_success tlv_success challenge_response_v0 tlv_failure]
Nov 25, 2025 4:25:21 PM de.learnlib.logging.LearnLogger logQuery
INFO: [ε | tlv_request success_and_cryptobinding tlv_request tlv_failure / ε | tlv_success tlv_success tlv_success tlv_failure]
Nov 25, 2025 4:25:23 PM de.learnlib.logging.LearnLogger logQuery
INFO: [ε | tlv_request success_and_cryptobinding success_and_cryptobinding tlv_failure / ε | tlv_success tlv_success tlv_success tlv_failure]
Nov 25, 2025 4:25:26 PM de.learnlib.logging.LearnLogger logQuery
INFO: [ε | tlv_request success_and_cryptobinding eap_success tlv_failure / ε | tlv_success tlv_success after_eap_success tlv_failure]
Nov 25, 2025 4:25:28 PM de.learnlib.logging.LearnLogger logQuery
INFO: [ε | tlv_request success_and_cryptobinding id_request_v0 success_request_all_zeros / ε | tlv_success tlv_success id_response_v0 no_reply]
Nov 25, 2025 4:25:30 PM de.learnlib.logging.LearnLogger logQuery
INFO: [ε | tlv_request success_and_cryptobinding challenge_v0 success_request_all_zeros / ε | tlv_success tlv_success challenge_response_v0 no_reply]
Nov 25, 2025 4:25:32 PM de.learnlib.logging.LearnLogger logQuery
INFO: [ε | tlv_request success_and_cryptobinding tlv_request success_request_all_zeros / ε | tlv_success tlv_success tlv_success no_reply]
Nov 25, 2025 4:25:35 PM de.learnlib.logging.LearnLogger logQuery
INFO: [ε | tlv_request success_and_cryptobinding success_and_cryptobinding success_request_all_zeros / ε | tlv_success tlv_success tlv_success no_reply]
Nov 25, 2025 4:25:38 PM de.learnlib.logging.LearnLogger logQuery
INFO: [ε | tlv_request success_and_cryptobinding eap_success success_request_all_zeros / ε | tlv_success tlv_success after_eap_success no_reply]
Nov 25, 2025 4:25:40 PM de.learnlib.logging.LearnLogger logQuery
INFO: [ε | tlv_request success_and_cryptobinding challenge_v0 success_request_with_credentials success_request_with_credentials / ε | tlv_success tlv_success challenge_response_v0 success_response_v0 success_response_v0]
Nov 25, 2025 4:25:41 PM de.learnlib.logging.LearnLogger logQuery
INFO: [ε | tlv_request success_and_cryptobinding challenge_v0 success_request_with_credentials 4_way_message_1 / ε | tlv_success tlv_success challenge_response_v0 success_response_v0 4_way_message_2]
Nov 25, 2025 4:25:43 PM de.learnlib.logging.LearnLogger logQuery
INFO: [ε | tlv_request success_and_cryptobinding challenge_v0 success_request_with_credentials id_request_v0 / ε | tlv_success tlv_success challenge_response_v0 success_response_v0 id_response_v0]
Nov 25, 2025 4:25:45 PM de.learnlib.logging.LearnLogger logQuery
INFO: [ε | tlv_request success_and_cryptobinding id_request_v0 success_and_cryptobinding / ε | tlv_success tlv_success id_response_v0 tlv_success]
Nov 25, 2025 4:25:47 PM de.learnlib.logging.LearnLogger logQuery
INFO: [ε | tlv_request success_and_cryptobinding id_request_v0 success_and_cryptobinding success_request_with_credentials / ε | tlv_success tlv_success id_response_v0 tlv_success no_reply]
Nov 25, 2025 4:25:49 PM de.learnlib.logging.LearnLogger logQuery
INFO: [ε | tlv_request success_and_cryptobinding id_request_v0 success_and_cryptobinding 4_way_message_1 / ε | tlv_success tlv_success id_response_v0 tlv_success 4_way_message_2]
Nov 25, 2025 4:25:51 PM de.learnlib.logging.LearnLogger logQuery
INFO: [ε | tlv_request success_and_cryptobinding id_request_v0 success_and_cryptobinding id_request_v0 / ε | tlv_success tlv_success id_response_v0 tlv_success id_response_v0]
Nov 25, 2025 4:25:53 PM de.learnlib.logging.LearnLogger logQuery
INFO: [ε | tlv_request success_and_cryptobinding challenge_v0 success_and_cryptobinding / ε | tlv_success tlv_success challenge_response_v0 tlv_success]
Nov 25, 2025 4:25:55 PM de.learnlib.logging.LearnLogger logQuery
INFO: [ε | tlv_request success_and_cryptobinding challenge_v0 success_and_cryptobinding success_request_with_credentials / ε | tlv_success tlv_success challenge_response_v0 tlv_success success_response_v0]
Nov 25, 2025 4:25:57 PM de.learnlib.logging.LearnLogger logQuery
INFO: [ε | tlv_request success_and_cryptobinding challenge_v0 success_and_cryptobinding 4_way_message_1 / ε | tlv_success tlv_success challenge_response_v0 tlv_success 4_way_message_2]
Nov 25, 2025 4:25:59 PM de.learnlib.logging.LearnLogger logQuery
INFO: [ε | tlv_request success_and_cryptobinding challenge_v0 success_and_cryptobinding id_request_v0 / ε | tlv_success tlv_success challenge_response_v0 tlv_success id_response_v0]
Nov 25, 2025 4:26:00 PM de.learnlib.logging.LearnLogger logQuery
INFO: [ε | tlv_request success_and_cryptobinding tlv_request success_and_cryptobinding / ε | tlv_success tlv_success tlv_success tlv_success]
Nov 25, 2025 4:26:02 PM de.learnlib.logging.LearnLogger logQuery
INFO: [ε | tlv_request success_and_cryptobinding tlv_request success_and_cryptobinding success_request_with_credentials / ε | tlv_success tlv_success tlv_success tlv_success no_reply]
Nov 25, 2025 4:26:04 PM de.learnlib.logging.LearnLogger logQuery
INFO: [ε | tlv_request success_and_cryptobinding tlv_request success_and_cryptobinding 4_way_message_1 / ε | tlv_success tlv_success tlv_success tlv_success 4_way_message_2]
Nov 25, 2025 4:26:06 PM de.learnlib.logging.LearnLogger logQuery
INFO: [ε | tlv_request success_and_cryptobinding tlv_request success_and_cryptobinding id_request_v0 / ε | tlv_success tlv_success tlv_success tlv_success id_response_v0]
Nov 25, 2025 4:26:08 PM de.learnlib.logging.LearnLogger logQuery
INFO: [ε | tlv_request success_and_cryptobinding success_and_cryptobinding success_and_cryptobinding / ε | tlv_success tlv_success tlv_success tlv_success]
Nov 25, 2025 4:26:10 PM de.learnlib.logging.LearnLogger logQuery
INFO: [ε | tlv_request success_and_cryptobinding success_and_cryptobinding success_and_cryptobinding success_request_with_credentials / ε | tlv_success tlv_success tlv_success tlv_success no_reply]
Nov 25, 2025 4:26:12 PM de.learnlib.logging.LearnLogger logQuery
INFO: [ε | tlv_request success_and_cryptobinding success_and_cryptobinding success_and_cryptobinding 4_way_message_1 / ε | tlv_success tlv_success tlv_success tlv_success 4_way_message_2]
Nov 25, 2025 4:26:14 PM de.learnlib.logging.LearnLogger logQuery
INFO: [ε | tlv_request success_and_cryptobinding success_and_cryptobinding success_and_cryptobinding id_request_v0 / ε | tlv_success tlv_success tlv_success tlv_success id_response_v0]
Nov 25, 2025 4:26:16 PM de.learnlib.logging.LearnLogger logQuery
INFO: [ε | tlv_request success_and_cryptobinding eap_success success_and_cryptobinding / ε | tlv_success tlv_success after_eap_success tlv_success]
Nov 25, 2025 4:26:19 PM de.learnlib.logging.LearnLogger logQuery
INFO: [ε | tlv_request success_and_cryptobinding eap_success success_and_cryptobinding success_request_with_credentials / ε | tlv_success tlv_success after_eap_success tlv_success no_reply]
Nov 25, 2025 4:26:22 PM de.learnlib.logging.LearnLogger logQuery
INFO: [ε | tlv_request success_and_cryptobinding eap_success success_and_cryptobinding 4_way_message_1 / ε | tlv_success tlv_success after_eap_success tlv_success 4_way_message_2]
Nov 25, 2025 4:26:24 PM de.learnlib.logging.LearnLogger logQuery
INFO: [ε | tlv_request success_and_cryptobinding eap_success success_and_cryptobinding id_request_v0 / ε | tlv_success tlv_success after_eap_success tlv_success id_response_v0]
Nov 25, 2025 4:26:26 PM de.learnlib.logging.LearnLogger logQuery
INFO: [ε | tlv_request success_and_cryptobinding id_request_v0 cryptobinding / ε | tlv_success tlv_success id_response_v0 no_reply]
Nov 25, 2025 4:26:29 PM de.learnlib.logging.LearnLogger logQuery
INFO: [ε | tlv_request success_and_cryptobinding challenge_v0 cryptobinding / ε | tlv_success tlv_success challenge_response_v0 no_reply]
Nov 25, 2025 4:26:31 PM de.learnlib.logging.LearnLogger logQuery
INFO: [ε | tlv_request success_and_cryptobinding tlv_request cryptobinding / ε | tlv_success tlv_success tlv_success no_reply]
Nov 25, 2025 4:26:33 PM de.learnlib.logging.LearnLogger logQuery
INFO: [ε | tlv_request success_and_cryptobinding success_and_cryptobinding cryptobinding / ε | tlv_success tlv_success tlv_success no_reply]
Nov 25, 2025 4:26:36 PM de.learnlib.logging.LearnLogger logQuery
INFO: [ε | tlv_request success_and_cryptobinding eap_success cryptobinding / ε | tlv_success tlv_success after_eap_success no_reply]
Nov 25, 2025 4:26:38 PM de.learnlib.logging.LearnLogger logQuery
INFO: [ε | tlv_request success_and_cryptobinding id_request_v0 eap_success / ε | tlv_success tlv_success id_response_v0 after_eap_success]
Nov 25, 2025 4:26:41 PM de.learnlib.logging.LearnLogger logQuery
INFO: [ε | tlv_request success_and_cryptobinding id_request_v0 eap_success success_request_with_credentials / ε | tlv_success tlv_success id_response_v0 after_eap_success no_reply]
Nov 25, 2025 4:26:44 PM de.learnlib.logging.LearnLogger logQuery
INFO: [ε | tlv_request success_and_cryptobinding id_request_v0 eap_success 4_way_message_1 / ε | tlv_success tlv_success id_response_v0 after_eap_success 4_way_message_2]
Nov 25, 2025 4:26:46 PM de.learnlib.logging.LearnLogger logQuery
INFO: [ε | tlv_request success_and_cryptobinding id_request_v0 eap_success id_request_v0 / ε | tlv_success tlv_success id_response_v0 after_eap_success id_response_v0]
Nov 25, 2025 4:26:48 PM de.learnlib.logging.LearnLogger logQuery
INFO: [ε | tlv_request success_and_cryptobinding challenge_v0 eap_success / ε | tlv_success tlv_success challenge_response_v0 after_eap_success]
Nov 25, 2025 4:26:50 PM de.learnlib.logging.LearnLogger logQuery
INFO: [ε | tlv_request success_and_cryptobinding challenge_v0 eap_success success_request_with_credentials / ε | tlv_success tlv_success challenge_response_v0 after_eap_success success_response_v0]
Nov 25, 2025 4:26:53 PM de.learnlib.logging.LearnLogger logQuery
INFO: [ε | tlv_request success_and_cryptobinding challenge_v0 eap_success 4_way_message_1 / ε | tlv_success tlv_success challenge_response_v0 after_eap_success 4_way_message_2]
Nov 25, 2025 4:26:55 PM de.learnlib.logging.LearnLogger logQuery
INFO: [ε | tlv_request success_and_cryptobinding challenge_v0 eap_success id_request_v0 / ε | tlv_success tlv_success challenge_response_v0 after_eap_success id_response_v0]
Nov 25, 2025 4:26:57 PM de.learnlib.logging.LearnLogger logQuery
INFO: [ε | tlv_request success_and_cryptobinding tlv_request eap_success / ε | tlv_success tlv_success tlv_success after_eap_success]
Nov 25, 2025 4:27:00 PM de.learnlib.logging.LearnLogger logQuery
INFO: [ε | tlv_request success_and_cryptobinding tlv_request eap_success success_request_with_credentials / ε | tlv_success tlv_success tlv_success after_eap_success no_reply]
Nov 25, 2025 4:27:02 PM de.learnlib.logging.LearnLogger logQuery
INFO: [ε | tlv_request success_and_cryptobinding tlv_request eap_success 4_way_message_1 / ε | tlv_success tlv_success tlv_success after_eap_success 4_way_message_2]
Nov 25, 2025 4:27:04 PM de.learnlib.logging.LearnLogger logQuery
INFO: [ε | tlv_request success_and_cryptobinding tlv_request eap_success id_request_v0 / ε | tlv_success tlv_success tlv_success after_eap_success id_response_v0]
Nov 25, 2025 4:27:06 PM de.learnlib.logging.LearnLogger logQuery
INFO: [ε | tlv_request success_and_cryptobinding success_and_cryptobinding eap_success / ε | tlv_success tlv_success tlv_success after_eap_success]
Nov 25, 2025 4:27:09 PM de.learnlib.logging.LearnLogger logQuery
INFO: [ε | tlv_request success_and_cryptobinding success_and_cryptobinding eap_success success_request_with_credentials / ε | tlv_success tlv_success tlv_success after_eap_success no_reply]
Nov 25, 2025 4:27:12 PM de.learnlib.logging.LearnLogger logQuery
INFO: [ε | tlv_request success_and_cryptobinding success_and_cryptobinding eap_success 4_way_message_1 / ε | tlv_success tlv_success tlv_success after_eap_success 4_way_message_2]
Nov 25, 2025 4:27:14 PM de.learnlib.logging.LearnLogger logQuery
INFO: [ε | tlv_request success_and_cryptobinding success_and_cryptobinding eap_success id_request_v0 / ε | tlv_success tlv_success tlv_success after_eap_success id_response_v0]
Nov 25, 2025 4:27:17 PM de.learnlib.logging.LearnLogger logQuery
INFO: [ε | tlv_request success_and_cryptobinding eap_success eap_success / ε | tlv_success tlv_success after_eap_success after_eap_success]
Nov 25, 2025 4:27:20 PM de.learnlib.logging.LearnLogger logQuery
INFO: [ε | tlv_request success_and_cryptobinding eap_success eap_success success_request_with_credentials / ε | tlv_success tlv_success after_eap_success after_eap_success no_reply]
Nov 25, 2025 4:27:23 PM de.learnlib.logging.LearnLogger logQuery
INFO: [ε | tlv_request success_and_cryptobinding eap_success eap_success 4_way_message_1 / ε | tlv_success tlv_success after_eap_success after_eap_success 4_way_message_2]
Nov 25, 2025 4:27:25 PM de.learnlib.logging.LearnLogger logQuery
INFO: [ε | tlv_request success_and_cryptobinding eap_success eap_success id_request_v0 / ε | tlv_success tlv_success after_eap_success after_eap_success id_response_v0]
Nov 25, 2025 4:27:28 PM de.learnlib.logging.LearnLogger logQuery
INFO: [ε | tlv_request eap_success id_request_v0 id_request_v0 success_request_with_credentials / ε | tlv_success after_eap_success id_response_v0 id_response_v0 no_reply]
Nov 25, 2025 4:27:31 PM de.learnlib.logging.LearnLogger logQuery
INFO: [ε | tlv_request eap_success id_request_v0 id_request_v0 4_way_message_1 / ε | tlv_success after_eap_success id_response_v0 id_response_v0 4_way_message_2]
Nov 25, 2025 4:27:33 PM de.learnlib.logging.LearnLogger logQuery
INFO: [ε | tlv_request eap_success id_request_v0 id_request_v0 id_request_v0 / ε | tlv_success after_eap_success id_response_v0 id_response_v0 id_response_v0]
Nov 25, 2025 4:27:35 PM de.learnlib.logging.LearnLogger logQuery
INFO: [ε | tlv_request eap_success challenge_v0 id_request_v0 success_request_with_credentials / ε | tlv_success after_eap_success challenge_response_v0 id_response_v0 success_response_v0]
Nov 25, 2025 4:27:38 PM de.learnlib.logging.LearnLogger logQuery
INFO: [ε | tlv_request eap_success challenge_v0 id_request_v0 4_way_message_1 / ε | tlv_success after_eap_success challenge_response_v0 id_response_v0 4_way_message_2]
Nov 25, 2025 4:27:40 PM de.learnlib.logging.LearnLogger logQuery
INFO: [ε | tlv_request eap_success challenge_v0 id_request_v0 id_request_v0 / ε | tlv_success after_eap_success challenge_response_v0 id_response_v0 id_response_v0]
Nov 25, 2025 4:27:42 PM de.learnlib.logging.LearnLogger logQuery
INFO: [ε | tlv_request eap_success tlv_request id_request_v0 success_request_with_credentials / ε | tlv_success after_eap_success tlv_success id_response_v0 no_reply]
Nov 25, 2025 4:27:45 PM de.learnlib.logging.LearnLogger logQuery
INFO: [ε | tlv_request eap_success tlv_request id_request_v0 4_way_message_1 / ε | tlv_success after_eap_success tlv_success id_response_v0 4_way_message_2]
Nov 25, 2025 4:27:47 PM de.learnlib.logging.LearnLogger logQuery
INFO: [ε | tlv_request eap_success tlv_request id_request_v0 id_request_v0 / ε | tlv_success after_eap_success tlv_success id_response_v0 id_response_v0]
Nov 25, 2025 4:27:50 PM de.learnlib.logging.LearnLogger logQuery
INFO: [ε | tlv_request eap_success success_and_cryptobinding id_request_v0 success_request_with_credentials / ε | tlv_success after_eap_success tlv_success id_response_v0 no_reply]
Nov 25, 2025 4:27:52 PM de.learnlib.logging.LearnLogger logQuery
INFO: [ε | tlv_request eap_success success_and_cryptobinding id_request_v0 4_way_message_1 / ε | tlv_success after_eap_success tlv_success id_response_v0 4_way_message_2]
Nov 25, 2025 4:27:55 PM de.learnlib.logging.LearnLogger logQuery
INFO: [ε | tlv_request eap_success success_and_cryptobinding id_request_v0 id_request_v0 / ε | tlv_success after_eap_success tlv_success id_response_v0 id_response_v0]
Nov 25, 2025 4:27:58 PM de.learnlib.logging.LearnLogger logQuery
INFO: [ε | tlv_request eap_success eap_success id_request_v0 success_request_with_credentials / ε | tlv_success after_eap_success after_eap_success id_response_v0 no_reply]
Nov 25, 2025 4:28:01 PM de.learnlib.logging.LearnLogger logQuery
INFO: [ε | tlv_request eap_success eap_success id_request_v0 4_way_message_1 / ε | tlv_success after_eap_success after_eap_success id_response_v0 4_way_message_2]
Nov 25, 2025 4:28:04 PM de.learnlib.logging.LearnLogger logQuery
INFO: [ε | tlv_request eap_success eap_success id_request_v0 id_request_v0 / ε | tlv_success after_eap_success after_eap_success id_response_v0 id_response_v0]
Nov 25, 2025 4:28:06 PM de.learnlib.logging.LearnLogger logQuery
INFO: [ε | tlv_request eap_success id_request_v0 challenge_v0 / ε | tlv_success after_eap_success id_response_v0 challenge_response_v0]
Nov 25, 2025 4:28:08 PM de.learnlib.logging.LearnLogger logQuery
INFO: [ε | tlv_request eap_success id_request_v0 challenge_v0 success_request_with_credentials / ε | tlv_success after_eap_success id_response_v0 challenge_response_v0 success_response_v0]
Nov 25, 2025 4:28:10 PM de.learnlib.logging.LearnLogger logQuery
INFO: [ε | tlv_request eap_success id_request_v0 challenge_v0 4_way_message_1 / ε | tlv_success after_eap_success id_response_v0 challenge_response_v0 4_way_message_2]
Nov 25, 2025 4:28:13 PM de.learnlib.logging.LearnLogger logQuery
INFO: [ε | tlv_request eap_success id_request_v0 challenge_v0 id_request_v0 / ε | tlv_success after_eap_success id_response_v0 challenge_response_v0 id_response_v0]
Nov 25, 2025 4:28:15 PM de.learnlib.logging.LearnLogger logQuery
INFO: [ε | tlv_request eap_success challenge_v0 challenge_v0 / ε | tlv_success after_eap_success challenge_response_v0 challenge_response_v0]
Nov 25, 2025 4:28:17 PM de.learnlib.logging.LearnLogger logQuery
INFO: [ε | tlv_request eap_success challenge_v0 challenge_v0 success_request_with_credentials / ε | tlv_success after_eap_success challenge_response_v0 challenge_response_v0 success_response_v0]
Nov 25, 2025 4:28:19 PM de.learnlib.logging.LearnLogger logQuery
INFO: [ε | tlv_request eap_success challenge_v0 challenge_v0 4_way_message_1 / ε | tlv_success after_eap_success challenge_response_v0 challenge_response_v0 4_way_message_2]
Nov 25, 2025 4:28:21 PM de.learnlib.logging.LearnLogger logQuery
INFO: [ε | tlv_request eap_success challenge_v0 challenge_v0 id_request_v0 / ε | tlv_success after_eap_success challenge_response_v0 challenge_response_v0 id_response_v0]
Nov 25, 2025 4:28:24 PM de.learnlib.logging.LearnLogger logQuery
INFO: [ε | tlv_request eap_success tlv_request challenge_v0 / ε | tlv_success after_eap_success tlv_success challenge_response_v0]
Nov 25, 2025 4:28:26 PM de.learnlib.logging.LearnLogger logQuery
INFO: [ε | tlv_request eap_success tlv_request challenge_v0 success_request_with_credentials / ε | tlv_success after_eap_success tlv_success challenge_response_v0 success_response_v0]
Nov 25, 2025 4:28:28 PM de.learnlib.logging.LearnLogger logQuery
INFO: [ε | tlv_request eap_success tlv_request challenge_v0 4_way_message_1 / ε | tlv_success after_eap_success tlv_success challenge_response_v0 4_way_message_2]
Nov 25, 2025 4:28:30 PM de.learnlib.logging.LearnLogger logQuery
INFO: [ε | tlv_request eap_success tlv_request challenge_v0 id_request_v0 / ε | tlv_success after_eap_success tlv_success challenge_response_v0 id_response_v0]
Nov 25, 2025 4:28:32 PM de.learnlib.logging.LearnLogger logQuery
INFO: [ε | tlv_request eap_success success_and_cryptobinding challenge_v0 / ε | tlv_success after_eap_success tlv_success challenge_response_v0]
Nov 25, 2025 4:28:34 PM de.learnlib.logging.LearnLogger logQuery
INFO: [ε | tlv_request eap_success success_and_cryptobinding challenge_v0 success_request_with_credentials / ε | tlv_success after_eap_success tlv_success challenge_response_v0 success_response_v0]
Nov 25, 2025 4:28:37 PM de.learnlib.logging.LearnLogger logQuery
INFO: [ε | tlv_request eap_success success_and_cryptobinding challenge_v0 4_way_message_1 / ε | tlv_success after_eap_success tlv_success challenge_response_v0 4_way_message_2]
Nov 25, 2025 4:28:39 PM de.learnlib.logging.LearnLogger logQuery
INFO: [ε | tlv_request eap_success success_and_cryptobinding challenge_v0 id_request_v0 / ε | tlv_success after_eap_success tlv_success challenge_response_v0 id_response_v0]
Nov 25, 2025 4:28:42 PM de.learnlib.logging.LearnLogger logQuery
INFO: [ε | tlv_request eap_success eap_success challenge_v0 / ε | tlv_success after_eap_success after_eap_success challenge_response_v0]
Nov 25, 2025 4:28:44 PM de.learnlib.logging.LearnLogger logQuery
INFO: [ε | tlv_request eap_success eap_success challenge_v0 success_request_with_credentials / ε | tlv_success after_eap_success after_eap_success challenge_response_v0 success_response_v0]
Nov 25, 2025 4:28:47 PM de.learnlib.logging.LearnLogger logQuery
INFO: [ε | tlv_request eap_success eap_success challenge_v0 4_way_message_1 / ε | tlv_success after_eap_success after_eap_success challenge_response_v0 4_way_message_2]
Nov 25, 2025 4:28:50 PM de.learnlib.logging.LearnLogger logQuery
INFO: [ε | tlv_request eap_success eap_success challenge_v0 id_request_v0 / ε | tlv_success after_eap_success after_eap_success challenge_response_v0 id_response_v0]
Nov 25, 2025 4:28:52 PM de.learnlib.logging.LearnLogger logQuery
INFO: [ε | tlv_request eap_success id_request_v0 tlv_request / ε | tlv_success after_eap_success id_response_v0 tlv_success]
Nov 25, 2025 4:28:55 PM de.learnlib.logging.LearnLogger logQuery
INFO: [ε | tlv_request eap_success id_request_v0 tlv_request success_request_with_credentials / ε | tlv_success after_eap_success id_response_v0 tlv_success no_reply]
Nov 25, 2025 4:28:57 PM de.learnlib.logging.LearnLogger logQuery
INFO: [ε | tlv_request eap_success id_request_v0 tlv_request 4_way_message_1 / ε | tlv_success after_eap_success id_response_v0 tlv_success 4_way_message_2]
Nov 25, 2025 4:28:59 PM de.learnlib.logging.LearnLogger logQuery
INFO: [ε | tlv_request eap_success id_request_v0 tlv_request id_request_v0 / ε | tlv_success after_eap_success id_response_v0 tlv_success id_response_v0]
Nov 25, 2025 4:29:02 PM de.learnlib.logging.LearnLogger logQuery
INFO: [ε | tlv_request eap_success challenge_v0 tlv_request / ε | tlv_success after_eap_success challenge_response_v0 tlv_success]
Nov 25, 2025 4:29:04 PM de.learnlib.logging.LearnLogger logQuery
INFO: [ε | tlv_request eap_success challenge_v0 tlv_request success_request_with_credentials / ε | tlv_success after_eap_success challenge_response_v0 tlv_success success_response_v0]
Nov 25, 2025 4:29:06 PM de.learnlib.logging.LearnLogger logQuery
INFO: [ε | tlv_request eap_success challenge_v0 tlv_request 4_way_message_1 / ε | tlv_success after_eap_success challenge_response_v0 tlv_success 4_way_message_2]
Nov 25, 2025 4:29:08 PM de.learnlib.logging.LearnLogger logQuery
INFO: [ε | tlv_request eap_success challenge_v0 tlv_request id_request_v0 / ε | tlv_success after_eap_success challenge_response_v0 tlv_success id_response_v0]
Nov 25, 2025 4:29:10 PM de.learnlib.logging.LearnLogger logQuery
INFO: [ε | tlv_request eap_success tlv_request tlv_request / ε | tlv_success after_eap_success tlv_success tlv_success]
Nov 25, 2025 4:29:13 PM de.learnlib.logging.LearnLogger logQuery
INFO: [ε | tlv_request eap_success tlv_request tlv_request success_request_with_credentials / ε | tlv_success after_eap_success tlv_success tlv_success no_reply]
Nov 25, 2025 4:29:16 PM de.learnlib.logging.LearnLogger logQuery
INFO: [ε | tlv_request eap_success tlv_request tlv_request 4_way_message_1 / ε | tlv_success after_eap_success tlv_success tlv_success 4_way_message_2]
Nov 25, 2025 4:29:18 PM de.learnlib.logging.LearnLogger logQuery
INFO: [ε | tlv_request eap_success tlv_request tlv_request id_request_v0 / ε | tlv_success after_eap_success tlv_success tlv_success id_response_v0]
Nov 25, 2025 4:29:20 PM de.learnlib.logging.LearnLogger logQuery
INFO: [ε | tlv_request eap_success success_and_cryptobinding tlv_request / ε | tlv_success after_eap_success tlv_success tlv_success]
Nov 25, 2025 4:29:23 PM de.learnlib.logging.LearnLogger logQuery
INFO: [ε | tlv_request eap_success success_and_cryptobinding tlv_request success_request_with_credentials / ε | tlv_success after_eap_success tlv_success tlv_success no_reply]
Nov 25, 2025 4:29:25 PM de.learnlib.logging.LearnLogger logQuery
INFO: [ε | tlv_request eap_success success_and_cryptobinding tlv_request 4_way_message_1 / ε | tlv_success after_eap_success tlv_success tlv_success 4_way_message_2]
Nov 25, 2025 4:29:27 PM de.learnlib.logging.LearnLogger logQuery
INFO: [ε | tlv_request eap_success success_and_cryptobinding tlv_request id_request_v0 / ε | tlv_success after_eap_success tlv_success tlv_success id_response_v0]
Nov 25, 2025 4:29:30 PM de.learnlib.logging.LearnLogger logQuery
INFO: [ε | tlv_request eap_success eap_success tlv_request / ε | tlv_success after_eap_success after_eap_success tlv_success]
Nov 25, 2025 4:29:33 PM de.learnlib.logging.LearnLogger logQuery
INFO: [ε | tlv_request eap_success eap_success tlv_request success_request_with_credentials / ε | tlv_success after_eap_success after_eap_success tlv_success no_reply]
Nov 25, 2025 4:29:36 PM de.learnlib.logging.LearnLogger logQuery
INFO: [ε | tlv_request eap_success eap_success tlv_request 4_way_message_1 / ε | tlv_success after_eap_success after_eap_success tlv_success 4_way_message_2]
Nov 25, 2025 4:29:39 PM de.learnlib.logging.LearnLogger logQuery
INFO: [ε | tlv_request eap_success eap_success tlv_request id_request_v0 / ε | tlv_success after_eap_success after_eap_success tlv_success id_response_v0]
Nov 25, 2025 4:29:41 PM de.learnlib.logging.LearnLogger logQuery
INFO: [ε | tlv_request eap_success id_request_v0 tlv_failure / ε | tlv_success after_eap_success id_response_v0 tlv_failure]
Nov 25, 2025 4:29:44 PM de.learnlib.logging.LearnLogger logQuery
INFO: [ε | tlv_request eap_success challenge_v0 tlv_failure / ε | tlv_success after_eap_success challenge_response_v0 tlv_failure]
Nov 25, 2025 4:29:46 PM de.learnlib.logging.LearnLogger logQuery
INFO: [ε | tlv_request eap_success tlv_request tlv_failure / ε | tlv_success after_eap_success tlv_success tlv_failure]
Nov 25, 2025 4:29:48 PM de.learnlib.logging.LearnLogger logQuery
INFO: [ε | tlv_request eap_success success_and_cryptobinding tlv_failure / ε | tlv_success after_eap_success tlv_success tlv_failure]
Nov 25, 2025 4:29:51 PM de.learnlib.logging.LearnLogger logQuery
INFO: [ε | tlv_request eap_success eap_success tlv_failure / ε | tlv_success after_eap_success after_eap_success tlv_failure]
Nov 25, 2025 4:29:54 PM de.learnlib.logging.LearnLogger logQuery
INFO: [ε | tlv_request eap_success id_request_v0 success_request_all_zeros / ε | tlv_success after_eap_success id_response_v0 no_reply]
Nov 25, 2025 4:29:57 PM de.learnlib.logging.LearnLogger logQuery
INFO: [ε | tlv_request eap_success challenge_v0 success_request_all_zeros / ε | tlv_success after_eap_success challenge_response_v0 no_reply]
Nov 25, 2025 4:30:00 PM de.learnlib.logging.LearnLogger logQuery
INFO: [ε | tlv_request eap_success tlv_request success_request_all_zeros / ε | tlv_success after_eap_success tlv_success no_reply]
Nov 25, 2025 4:30:02 PM de.learnlib.logging.LearnLogger logQuery
INFO: [ε | tlv_request eap_success success_and_cryptobinding success_request_all_zeros / ε | tlv_success after_eap_success tlv_success no_reply]
Nov 25, 2025 4:30:06 PM de.learnlib.logging.LearnLogger logQuery
INFO: [ε | tlv_request eap_success eap_success success_request_all_zeros / ε | tlv_success after_eap_success after_eap_success no_reply]
Nov 25, 2025 4:30:08 PM de.learnlib.logging.LearnLogger logQuery
INFO: [ε | tlv_request eap_success challenge_v0 success_request_with_credentials success_request_with_credentials / ε | tlv_success after_eap_success challenge_response_v0 success_response_v0 success_response_v0]
Nov 25, 2025 4:30:10 PM de.learnlib.logging.LearnLogger logQuery
INFO: [ε | tlv_request eap_success challenge_v0 success_request_with_credentials 4_way_message_1 / ε | tlv_success after_eap_success challenge_response_v0 success_response_v0 4_way_message_2]
Nov 25, 2025 4:30:13 PM de.learnlib.logging.LearnLogger logQuery
INFO: [ε | tlv_request eap_success challenge_v0 success_request_with_credentials id_request_v0 / ε | tlv_success after_eap_success challenge_response_v0 success_response_v0 id_response_v0]
Nov 25, 2025 4:30:15 PM de.learnlib.logging.LearnLogger logQuery
INFO: [ε | tlv_request eap_success id_request_v0 success_and_cryptobinding / ε | tlv_success after_eap_success id_response_v0 tlv_success]
Nov 25, 2025 4:30:17 PM de.learnlib.logging.LearnLogger logQuery
INFO: [ε | tlv_request eap_success id_request_v0 success_and_cryptobinding success_request_with_credentials / ε | tlv_success after_eap_success id_response_v0 tlv_success no_reply]
Nov 25, 2025 4:30:20 PM de.learnlib.logging.LearnLogger logQuery
INFO: [ε | tlv_request eap_success id_request_v0 success_and_cryptobinding 4_way_message_1 / ε | tlv_success after_eap_success id_response_v0 tlv_success 4_way_message_2]
Nov 25, 2025 4:30:22 PM de.learnlib.logging.LearnLogger logQuery
INFO: [ε | tlv_request eap_success id_request_v0 success_and_cryptobinding id_request_v0 / ε | tlv_success after_eap_success id_response_v0 tlv_success id_response_v0]
Nov 25, 2025 4:30:25 PM de.learnlib.logging.LearnLogger logQuery
INFO: [ε | tlv_request eap_success challenge_v0 success_and_cryptobinding / ε | tlv_success after_eap_success challenge_response_v0 tlv_success]
Nov 25, 2025 4:30:27 PM de.learnlib.logging.LearnLogger logQuery
INFO: [ε | tlv_request eap_success challenge_v0 success_and_cryptobinding success_request_with_credentials / ε | tlv_success after_eap_success challenge_response_v0 tlv_success success_response_v0]
Nov 25, 2025 4:30:29 PM de.learnlib.logging.LearnLogger logQuery
INFO: [ε | tlv_request eap_success challenge_v0 success_and_cryptobinding 4_way_message_1 / ε | tlv_success after_eap_success challenge_response_v0 tlv_success 4_way_message_2]
Nov 25, 2025 4:30:31 PM de.learnlib.logging.LearnLogger logQuery
INFO: [ε | tlv_request eap_success challenge_v0 success_and_cryptobinding id_request_v0 / ε | tlv_success after_eap_success challenge_response_v0 tlv_success id_response_v0]
Nov 25, 2025 4:30:33 PM de.learnlib.logging.LearnLogger logQuery
INFO: [ε | tlv_request eap_success tlv_request success_and_cryptobinding / ε | tlv_success after_eap_success tlv_success tlv_success]
Nov 25, 2025 4:30:36 PM de.learnlib.logging.LearnLogger logQuery
INFO: [ε | tlv_request eap_success tlv_request success_and_cryptobinding success_request_with_credentials / ε | tlv_success after_eap_success tlv_success tlv_success no_reply]
Nov 25, 2025 4:30:38 PM de.learnlib.logging.LearnLogger logQuery
INFO: [ε | tlv_request eap_success tlv_request success_and_cryptobinding 4_way_message_1 / ε | tlv_success after_eap_success tlv_success tlv_success 4_way_message_2]
Nov 25, 2025 4:30:41 PM de.learnlib.logging.LearnLogger logQuery
INFO: [ε | tlv_request eap_success tlv_request success_and_cryptobinding id_request_v0 / ε | tlv_success after_eap_success tlv_success tlv_success id_response_v0]
Nov 25, 2025 4:30:43 PM de.learnlib.logging.LearnLogger logQuery
INFO: [ε | tlv_request eap_success success_and_cryptobinding success_and_cryptobinding / ε | tlv_success after_eap_success tlv_success tlv_success]
Nov 25, 2025 4:30:46 PM de.learnlib.logging.LearnLogger logQuery
INFO: [ε | tlv_request eap_success success_and_cryptobinding success_and_cryptobinding success_request_with_credentials / ε | tlv_success after_eap_success tlv_success tlv_success no_reply]
Nov 25, 2025 4:30:48 PM de.learnlib.logging.LearnLogger logQuery
INFO: [ε | tlv_request eap_success success_and_cryptobinding success_and_cryptobinding 4_way_message_1 / ε | tlv_success after_eap_success tlv_success tlv_success 4_way_message_2]
Nov 25, 2025 4:30:50 PM de.learnlib.logging.LearnLogger logQuery
INFO: [ε | tlv_request eap_success success_and_cryptobinding success_and_cryptobinding id_request_v0 / ε | tlv_success after_eap_success tlv_success tlv_success id_response_v0]
Nov 25, 2025 4:30:53 PM de.learnlib.logging.LearnLogger logQuery
INFO: [ε | tlv_request eap_success eap_success success_and_cryptobinding / ε | tlv_success after_eap_success after_eap_success tlv_success]
Nov 25, 2025 4:30:56 PM de.learnlib.logging.LearnLogger logQuery
INFO: [ε | tlv_request eap_success eap_success success_and_cryptobinding success_request_with_credentials / ε | tlv_success after_eap_success after_eap_success tlv_success no_reply]
Nov 25, 2025 4:30:59 PM de.learnlib.logging.LearnLogger logQuery
INFO: [ε | tlv_request eap_success eap_success success_and_cryptobinding 4_way_message_1 / ε | tlv_success after_eap_success after_eap_success tlv_success 4_way_message_2]
Nov 25, 2025 4:31:02 PM de.learnlib.logging.LearnLogger logQuery
INFO: [ε | tlv_request eap_success eap_success success_and_cryptobinding id_request_v0 / ε | tlv_success after_eap_success after_eap_success tlv_success id_response_v0]
Nov 25, 2025 4:31:05 PM de.learnlib.logging.LearnLogger logQuery
INFO: [ε | tlv_request eap_success id_request_v0 cryptobinding / ε | tlv_success after_eap_success id_response_v0 no_reply]
Nov 25, 2025 4:31:07 PM de.learnlib.logging.LearnLogger logQuery
INFO: [ε | tlv_request eap_success challenge_v0 cryptobinding / ε | tlv_success after_eap_success challenge_response_v0 no_reply]
Nov 25, 2025 4:31:10 PM de.learnlib.logging.LearnLogger logQuery
INFO: [ε | tlv_request eap_success tlv_request cryptobinding / ε | tlv_success after_eap_success tlv_success no_reply]
Nov 25, 2025 4:31:13 PM de.learnlib.logging.LearnLogger logQuery
INFO: [ε | tlv_request eap_success success_and_cryptobinding cryptobinding / ε | tlv_success after_eap_success tlv_success no_reply]
Nov 25, 2025 4:31:16 PM de.learnlib.logging.LearnLogger logQuery
INFO: [ε | tlv_request eap_success eap_success cryptobinding / ε | tlv_success after_eap_success after_eap_success no_reply]
Nov 25, 2025 4:31:19 PM de.learnlib.logging.LearnLogger logQuery
INFO: [ε | tlv_request eap_success id_request_v0 eap_success / ε | tlv_success after_eap_success id_response_v0 after_eap_success]
Nov 25, 2025 4:31:22 PM de.learnlib.logging.LearnLogger logQuery
INFO: [ε | tlv_request eap_success id_request_v0 eap_success success_request_with_credentials / ε | tlv_success after_eap_success id_response_v0 after_eap_success no_reply]
Nov 25, 2025 4:31:25 PM de.learnlib.logging.LearnLogger logQuery
INFO: [ε | tlv_request eap_success id_request_v0 eap_success 4_way_message_1 / ε | tlv_success after_eap_success id_response_v0 after_eap_success 4_way_message_2]
Nov 25, 2025 4:31:28 PM de.learnlib.logging.LearnLogger logQuery
INFO: [ε | tlv_request eap_success id_request_v0 eap_success id_request_v0 / ε | tlv_success after_eap_success id_response_v0 after_eap_success id_response_v0]
Nov 25, 2025 4:31:31 PM de.learnlib.logging.LearnLogger logQuery
INFO: [ε | tlv_request eap_success challenge_v0 eap_success / ε | tlv_success after_eap_success challenge_response_v0 after_eap_success]
Nov 25, 2025 4:31:33 PM de.learnlib.logging.LearnLogger logQuery
INFO: [ε | tlv_request eap_success challenge_v0 eap_success success_request_with_credentials / ε | tlv_success after_eap_success challenge_response_v0 after_eap_success success_response_v0]
Nov 25, 2025 4:31:36 PM de.learnlib.logging.LearnLogger logQuery
INFO: [ε | tlv_request eap_success challenge_v0 eap_success 4_way_message_1 / ε | tlv_success after_eap_success challenge_response_v0 after_eap_success 4_way_message_2]
Nov 25, 2025 4:31:39 PM de.learnlib.logging.LearnLogger logQuery
INFO: [ε | tlv_request eap_success challenge_v0 eap_success id_request_v0 / ε | tlv_success after_eap_success challenge_response_v0 after_eap_success id_response_v0]
Nov 25, 2025 4:31:42 PM de.learnlib.logging.LearnLogger logQuery
INFO: [ε | tlv_request eap_success tlv_request eap_success / ε | tlv_success after_eap_success tlv_success after_eap_success]
Nov 25, 2025 4:31:45 PM de.learnlib.logging.LearnLogger logQuery
INFO: [ε | tlv_request eap_success tlv_request eap_success success_request_with_credentials / ε | tlv_success after_eap_success tlv_success after_eap_success no_reply]
Nov 25, 2025 4:31:48 PM de.learnlib.logging.LearnLogger logQuery
INFO: [ε | tlv_request eap_success tlv_request eap_success 4_way_message_1 / ε | tlv_success after_eap_success tlv_success after_eap_success 4_way_message_2]
Nov 25, 2025 4:31:51 PM de.learnlib.logging.LearnLogger logQuery
INFO: [ε | tlv_request eap_success tlv_request eap_success id_request_v0 / ε | tlv_success after_eap_success tlv_success after_eap_success id_response_v0]
Nov 25, 2025 4:31:53 PM de.learnlib.logging.LearnLogger logQuery
INFO: [ε | tlv_request eap_success success_and_cryptobinding eap_success / ε | tlv_success after_eap_success tlv_success after_eap_success]
Nov 25, 2025 4:31:56 PM de.learnlib.logging.LearnLogger logQuery
INFO: [ε | tlv_request eap_success success_and_cryptobinding eap_success success_request_with_credentials / ε | tlv_success after_eap_success tlv_success after_eap_success no_reply]
Nov 25, 2025 4:31:59 PM de.learnlib.logging.LearnLogger logQuery
INFO: [ε | tlv_request eap_success success_and_cryptobinding eap_success 4_way_message_1 / ε | tlv_success after_eap_success tlv_success after_eap_success 4_way_message_2]
Nov 25, 2025 4:32:02 PM de.learnlib.logging.LearnLogger logQuery
INFO: [ε | tlv_request eap_success success_and_cryptobinding eap_success id_request_v0 / ε | tlv_success after_eap_success tlv_success after_eap_success id_response_v0]
Nov 25, 2025 4:32:05 PM de.learnlib.logging.LearnLogger logQuery
INFO: [ε | tlv_request eap_success eap_success eap_success / ε | tlv_success after_eap_success after_eap_success after_eap_success]
Nov 25, 2025 4:32:09 PM de.learnlib.logging.LearnLogger logQuery
INFO: [ε | tlv_request eap_success eap_success eap_success success_request_with_credentials / ε | tlv_success after_eap_success after_eap_success after_eap_success no_reply]
Nov 25, 2025 4:32:12 PM de.learnlib.logging.LearnLogger logQuery
INFO: [ε | tlv_request eap_success eap_success eap_success 4_way_message_1 / ε | tlv_success after_eap_success after_eap_success after_eap_success 4_way_message_2]
Nov 25, 2025 4:32:16 PM de.learnlib.logging.LearnLogger logQuery
INFO: [ε | tlv_request eap_success eap_success eap_success id_request_v0 / ε | tlv_success after_eap_success after_eap_success after_eap_success id_response_v0]
Nov 25, 2025 4:32:16 PM de.learnlib.logging.LearnLogger logQuery
INFO: DB CACHE [ε | tlv_failure id_request_v0 /  tlv_failure -]
Nov 25, 2025 4:32:16 PM de.learnlib.logging.LearnLogger logQuery
INFO: DB CACHE [ε | tlv_failure challenge_v0 /  tlv_failure -]
Nov 25, 2025 4:32:16 PM de.learnlib.logging.LearnLogger logQuery
INFO: DB CACHE [ε | tlv_failure tlv_request /  tlv_failure -]
Nov 25, 2025 4:32:16 PM de.learnlib.logging.LearnLogger logQuery
INFO: DB CACHE [ε | tlv_failure tlv_failure /  tlv_failure -]
Nov 25, 2025 4:32:16 PM de.learnlib.logging.LearnLogger logQuery
INFO: DB CACHE [ε | tlv_failure success_request_all_zeros /  tlv_failure -]
Nov 25, 2025 4:32:16 PM de.learnlib.logging.LearnLogger logQuery
INFO: DB CACHE [ε | tlv_failure success_request_with_credentials /  tlv_failure -]
Nov 25, 2025 4:32:16 PM de.learnlib.logging.LearnLogger logQuery
INFO: DB CACHE [ε | tlv_failure success_and_cryptobinding /  tlv_failure -]
Nov 25, 2025 4:32:16 PM de.learnlib.logging.LearnLogger logQuery
INFO: DB CACHE [ε | tlv_failure cryptobinding /  tlv_failure -]
Nov 25, 2025 4:32:16 PM de.learnlib.logging.LearnLogger logQuery
INFO: DB CACHE [ε | tlv_failure eap_success /  tlv_failure -]
Nov 25, 2025 4:32:16 PM de.learnlib.logging.LearnLogger logQuery
INFO: DB CACHE [ε | tlv_failure 4_way_message_1 /  tlv_failure -]
Nov 25, 2025 4:32:19 PM de.learnlib.logging.LearnLogger logQuery
INFO: [ε | eap_success eap_success eap_success challenge_v0 / ε | after_eap_success after_eap_success after_eap_success no_reply]
Nov 25, 2025 4:32:23 PM de.learnlib.logging.LearnLogger logQuery
INFO: [ε | eap_success eap_success eap_success tlv_request / ε | after_eap_success after_eap_success after_eap_success no_reply]
Nov 25, 2025 4:32:27 PM de.learnlib.logging.LearnLogger logQuery
INFO: [ε | eap_success eap_success eap_success tlv_failure / ε | after_eap_success after_eap_success after_eap_success no_reply]
Nov 25, 2025 4:32:31 PM de.learnlib.logging.LearnLogger logQuery
INFO: [ε | eap_success eap_success eap_success success_request_all_zeros / ε | after_eap_success after_eap_success after_eap_success no_reply]
Nov 25, 2025 4:32:35 PM de.learnlib.logging.LearnLogger logQuery
INFO: [ε | eap_success eap_success eap_success success_and_cryptobinding / ε | after_eap_success after_eap_success after_eap_success no_reply]
Nov 25, 2025 4:32:39 PM de.learnlib.logging.LearnLogger logQuery
INFO: [ε | eap_success eap_success eap_success cryptobinding / ε | after_eap_success after_eap_success after_eap_success no_reply]
Nov 25, 2025 4:32:43 PM de.learnlib.logging.LearnLogger logQuery
INFO: [ε | eap_success eap_success eap_success eap_success / ε | after_eap_success after_eap_success after_eap_success after_eap_success]
Nov 25, 2025 4:32:47 PM de.learnlib.logging.LearnLogger logQuery
INFO: [ε | eap_success eap_success eap_success eap_success success_request_with_credentials / ε | after_eap_success after_eap_success after_eap_success after_eap_success no_reply]
Nov 25, 2025 4:32:52 PM de.learnlib.logging.LearnLogger logQuery
INFO: [ε | eap_success eap_success eap_success eap_success 4_way_message_1 / ε | after_eap_success after_eap_success after_eap_success after_eap_success no_reply]
Nov 25, 2025 4:32:56 PM de.learnlib.logging.LearnLogger logQuery
INFO: [ε | eap_success eap_success eap_success eap_success id_request_v0 / ε | after_eap_success after_eap_success after_eap_success after_eap_success no_reply]
Nov 25, 2025 4:32:58 PM de.learnlib.logging.LearnLogger logQuery
INFO: [ε | challenge_v0 tlv_request id_request_v0 id_request_v0 id_request_v0 success_request_with_credentials / ε | challenge_response_v0 tlv_success id_response_v0 id_response_v0 id_response_v0 success_response_v0]
Nov 25, 2025 4:33:00 PM de.learnlib.logging.LearnLogger logQuery
INFO: [ε | challenge_v0 tlv_request id_request_v0 id_request_v0 id_request_v0 4_way_message_1 / ε | challenge_response_v0 tlv_success id_response_v0 id_response_v0 id_response_v0 4_way_message_2]
Nov 25, 2025 4:33:02 PM de.learnlib.logging.LearnLogger logQuery
INFO: [ε | challenge_v0 tlv_request id_request_v0 id_request_v0 id_request_v0 id_request_v0 / ε | challenge_response_v0 tlv_success id_response_v0 id_response_v0 id_response_v0 id_response_v0]
Nov 25, 2025 4:33:04 PM de.learnlib.logging.LearnLogger logQuery
INFO: [ε | challenge_v0 tlv_request id_request_v0 challenge_v0 id_request_v0 success_request_with_credentials / ε | challenge_response_v0 tlv_success id_response_v0 challenge_response_v0 id_response_v0 success_response_v0]
Nov 25, 2025 4:33:05 PM de.learnlib.logging.LearnLogger logQuery
INFO: [ε | challenge_v0 tlv_request id_request_v0 challenge_v0 id_request_v0 4_way_message_1 / ε | challenge_response_v0 tlv_success id_response_v0 challenge_response_v0 id_response_v0 4_way_message_2]
Nov 25, 2025 4:33:08 PM de.learnlib.logging.LearnLogger logQuery
INFO: [ε | challenge_v0 tlv_request id_request_v0 challenge_v0 id_request_v0 id_request_v0 / ε | challenge_response_v0 tlv_success id_response_v0 challenge_response_v0 id_response_v0 id_response_v0]
Nov 25, 2025 4:33:09 PM de.learnlib.logging.LearnLogger logQuery
INFO: [ε | challenge_v0 tlv_request id_request_v0 tlv_request id_request_v0 success_request_with_credentials / ε | challenge_response_v0 tlv_success id_response_v0 tlv_success id_response_v0 success_response_v0]
Nov 25, 2025 4:33:11 PM de.learnlib.logging.LearnLogger logQuery
INFO: [ε | challenge_v0 tlv_request id_request_v0 tlv_request id_request_v0 4_way_message_1 / ε | challenge_response_v0 tlv_success id_response_v0 tlv_success id_response_v0 4_way_message_2]
Nov 25, 2025 4:33:13 PM de.learnlib.logging.LearnLogger logQuery
INFO: [ε | challenge_v0 tlv_request id_request_v0 tlv_request id_request_v0 id_request_v0 / ε | challenge_response_v0 tlv_success id_response_v0 tlv_success id_response_v0 id_response_v0]
Nov 25, 2025 4:33:15 PM de.learnlib.logging.LearnLogger logQuery
INFO: [ε | challenge_v0 tlv_request id_request_v0 success_request_with_credentials id_request_v0 success_request_with_credentials / ε | challenge_response_v0 tlv_success id_response_v0 success_response_v0 id_response_v0 success_response_v0]
Nov 25, 2025 4:33:17 PM de.learnlib.logging.LearnLogger logQuery
INFO: [ε | challenge_v0 tlv_request id_request_v0 success_request_with_credentials id_request_v0 4_way_message_1 / ε | challenge_response_v0 tlv_success id_response_v0 success_response_v0 id_response_v0 4_way_message_2]
Nov 25, 2025 4:33:19 PM de.learnlib.logging.LearnLogger logQuery
INFO: [ε | challenge_v0 tlv_request id_request_v0 success_request_with_credentials id_request_v0 id_request_v0 / ε | challenge_response_v0 tlv_success id_response_v0 success_response_v0 id_response_v0 id_response_v0]
Nov 25, 2025 4:33:20 PM de.learnlib.logging.LearnLogger logQuery
INFO: [ε | challenge_v0 tlv_request id_request_v0 success_and_cryptobinding id_request_v0 success_request_with_credentials / ε | challenge_response_v0 tlv_success id_response_v0 tlv_success id_response_v0 success_response_v0]
Nov 25, 2025 4:33:22 PM de.learnlib.logging.LearnLogger logQuery
INFO: [ε | challenge_v0 tlv_request id_request_v0 success_and_cryptobinding id_request_v0 4_way_message_1 / ε | challenge_response_v0 tlv_success id_response_v0 tlv_success id_response_v0 4_way_message_2]
Nov 25, 2025 4:33:24 PM de.learnlib.logging.LearnLogger logQuery
INFO: [ε | challenge_v0 tlv_request id_request_v0 success_and_cryptobinding id_request_v0 id_request_v0 / ε | challenge_response_v0 tlv_success id_response_v0 tlv_success id_response_v0 id_response_v0]
Nov 25, 2025 4:33:27 PM de.learnlib.logging.LearnLogger logQuery
INFO: [ε | challenge_v0 tlv_request id_request_v0 eap_success id_request_v0 success_request_with_credentials / ε | challenge_response_v0 tlv_success id_response_v0 after_eap_success id_response_v0 success_response_v0]
Nov 25, 2025 4:33:29 PM de.learnlib.logging.LearnLogger logQuery
INFO: [ε | challenge_v0 tlv_request id_request_v0 eap_success id_request_v0 4_way_message_1 / ε | challenge_response_v0 tlv_success id_response_v0 after_eap_success id_response_v0 4_way_message_2]
Nov 25, 2025 4:33:31 PM de.learnlib.logging.LearnLogger logQuery
INFO: [ε | challenge_v0 tlv_request id_request_v0 eap_success id_request_v0 id_request_v0 / ε | challenge_response_v0 tlv_success id_response_v0 after_eap_success id_response_v0 id_response_v0]
Nov 25, 2025 4:33:33 PM de.learnlib.logging.LearnLogger logQuery
INFO: [ε | challenge_v0 tlv_request id_request_v0 id_request_v0 challenge_v0 / ε | challenge_response_v0 tlv_success id_response_v0 id_response_v0 challenge_response_v0]
Nov 25, 2025 4:33:35 PM de.learnlib.logging.LearnLogger logQuery
INFO: [ε | challenge_v0 tlv_request id_request_v0 id_request_v0 challenge_v0 success_request_with_credentials / ε | challenge_response_v0 tlv_success id_response_v0 id_response_v0 challenge_response_v0 success_response_v0]
Nov 25, 2025 4:33:37 PM de.learnlib.logging.LearnLogger logQuery
INFO: [ε | challenge_v0 tlv_request id_request_v0 id_request_v0 challenge_v0 4_way_message_1 / ε | challenge_response_v0 tlv_success id_response_v0 id_response_v0 challenge_response_v0 4_way_message_2]
Nov 25, 2025 4:33:38 PM de.learnlib.logging.LearnLogger logQuery
INFO: [ε | challenge_v0 tlv_request id_request_v0 id_request_v0 challenge_v0 id_request_v0 / ε | challenge_response_v0 tlv_success id_response_v0 id_response_v0 challenge_response_v0 id_response_v0]
Nov 25, 2025 4:33:40 PM de.learnlib.logging.LearnLogger logQuery
INFO: [ε | challenge_v0 tlv_request id_request_v0 challenge_v0 challenge_v0 / ε | challenge_response_v0 tlv_success id_response_v0 challenge_response_v0 challenge_response_v0]
Nov 25, 2025 4:33:42 PM de.learnlib.logging.LearnLogger logQuery
INFO: [ε | challenge_v0 tlv_request id_request_v0 challenge_v0 challenge_v0 success_request_with_credentials / ε | challenge_response_v0 tlv_success id_response_v0 challenge_response_v0 challenge_response_v0 success_response_v0]
Nov 25, 2025 4:33:44 PM de.learnlib.logging.LearnLogger logQuery
INFO: [ε | challenge_v0 tlv_request id_request_v0 challenge_v0 challenge_v0 4_way_message_1 / ε | challenge_response_v0 tlv_success id_response_v0 challenge_response_v0 challenge_response_v0 4_way_message_2]
Nov 25, 2025 4:33:46 PM de.learnlib.logging.LearnLogger logQuery
INFO: [ε | challenge_v0 tlv_request id_request_v0 challenge_v0 challenge_v0 id_request_v0 / ε | challenge_response_v0 tlv_success id_response_v0 challenge_response_v0 challenge_response_v0 id_response_v0]
Nov 25, 2025 4:33:47 PM de.learnlib.logging.LearnLogger logQuery
INFO: [ε | challenge_v0 tlv_request id_request_v0 tlv_request challenge_v0 / ε | challenge_response_v0 tlv_success id_response_v0 tlv_success challenge_response_v0]
Nov 25, 2025 4:33:49 PM de.learnlib.logging.LearnLogger logQuery
INFO: [ε | challenge_v0 tlv_request id_request_v0 tlv_request challenge_v0 success_request_with_credentials / ε | challenge_response_v0 tlv_success id_response_v0 tlv_success challenge_response_v0 success_response_v0]
Nov 25, 2025 4:33:51 PM de.learnlib.logging.LearnLogger logQuery
INFO: [ε | challenge_v0 tlv_request id_request_v0 tlv_request challenge_v0 4_way_message_1 / ε | challenge_response_v0 tlv_success id_response_v0 tlv_success challenge_response_v0 4_way_message_2]
Nov 25, 2025 4:33:53 PM de.learnlib.logging.LearnLogger logQuery
INFO: [ε | challenge_v0 tlv_request id_request_v0 tlv_request challenge_v0 id_request_v0 / ε | challenge_response_v0 tlv_success id_response_v0 tlv_success challenge_response_v0 id_response_v0]
Nov 25, 2025 4:33:55 PM de.learnlib.logging.LearnLogger logQuery
INFO: [ε | challenge_v0 tlv_request id_request_v0 success_request_with_credentials challenge_v0 / ε | challenge_response_v0 tlv_success id_response_v0 success_response_v0 challenge_response_v0]
Nov 25, 2025 4:33:57 PM de.learnlib.logging.LearnLogger logQuery
INFO: [ε | challenge_v0 tlv_request id_request_v0 success_request_with_credentials challenge_v0 success_request_with_credentials / ε | challenge_response_v0 tlv_success id_response_v0 success_response_v0 challenge_response_v0 success_response_v0]
Nov 25, 2025 4:33:59 PM de.learnlib.logging.LearnLogger logQuery
INFO: [ε | challenge_v0 tlv_request id_request_v0 success_request_with_credentials challenge_v0 4_way_message_1 / ε | challenge_response_v0 tlv_success id_response_v0 success_response_v0 challenge_response_v0 4_way_message_2]
Nov 25, 2025 4:34:01 PM de.learnlib.logging.LearnLogger logQuery
INFO: [ε | challenge_v0 tlv_request id_request_v0 success_request_with_credentials challenge_v0 id_request_v0 / ε | challenge_response_v0 tlv_success id_response_v0 success_response_v0 challenge_response_v0 id_response_v0]
Nov 25, 2025 4:34:02 PM de.learnlib.logging.LearnLogger logQuery
INFO: [ε | challenge_v0 tlv_request id_request_v0 success_and_cryptobinding challenge_v0 / ε | challenge_response_v0 tlv_success id_response_v0 tlv_success challenge_response_v0]
Nov 25, 2025 4:34:04 PM de.learnlib.logging.LearnLogger logQuery
INFO: [ε | challenge_v0 tlv_request id_request_v0 success_and_cryptobinding challenge_v0 success_request_with_credentials / ε | challenge_response_v0 tlv_success id_response_v0 tlv_success challenge_response_v0 success_response_v0]
Nov 25, 2025 4:34:06 PM de.learnlib.logging.LearnLogger logQuery
INFO: [ε | challenge_v0 tlv_request id_request_v0 success_and_cryptobinding challenge_v0 4_way_message_1 / ε | challenge_response_v0 tlv_success id_response_v0 tlv_success challenge_response_v0 4_way_message_2]
Nov 25, 2025 4:34:08 PM de.learnlib.logging.LearnLogger logQuery
INFO: [ε | challenge_v0 tlv_request id_request_v0 success_and_cryptobinding challenge_v0 id_request_v0 / ε | challenge_response_v0 tlv_success id_response_v0 tlv_success challenge_response_v0 id_response_v0]
Nov 25, 2025 4:34:10 PM de.learnlib.logging.LearnLogger logQuery
INFO: [ε | challenge_v0 tlv_request id_request_v0 eap_success challenge_v0 / ε | challenge_response_v0 tlv_success id_response_v0 after_eap_success challenge_response_v0]
Nov 25, 2025 4:34:12 PM de.learnlib.logging.LearnLogger logQuery
INFO: [ε | challenge_v0 tlv_request id_request_v0 eap_success challenge_v0 success_request_with_credentials / ε | challenge_response_v0 tlv_success id_response_v0 after_eap_success challenge_response_v0 success_response_v0]
Nov 25, 2025 4:34:15 PM de.learnlib.logging.LearnLogger logQuery
INFO: [ε | challenge_v0 tlv_request id_request_v0 eap_success challenge_v0 4_way_message_1 / ε | challenge_response_v0 tlv_success id_response_v0 after_eap_success challenge_response_v0 4_way_message_2]
Nov 25, 2025 4:34:17 PM de.learnlib.logging.LearnLogger logQuery
INFO: [ε | challenge_v0 tlv_request id_request_v0 eap_success challenge_v0 id_request_v0 / ε | challenge_response_v0 tlv_success id_response_v0 after_eap_success challenge_response_v0 id_response_v0]
Nov 25, 2025 4:34:18 PM de.learnlib.logging.LearnLogger logQuery
INFO: [ε | challenge_v0 tlv_request id_request_v0 id_request_v0 tlv_request / ε | challenge_response_v0 tlv_success id_response_v0 id_response_v0 tlv_success]
Nov 25, 2025 4:34:20 PM de.learnlib.logging.LearnLogger logQuery
INFO: [ε | challenge_v0 tlv_request id_request_v0 id_request_v0 tlv_request success_request_with_credentials / ε | challenge_response_v0 tlv_success id_response_v0 id_response_v0 tlv_success success_response_v0]
Nov 25, 2025 4:34:21 PM de.learnlib.logging.LearnLogger logQuery
INFO: [ε | challenge_v0 tlv_request id_request_v0 id_request_v0 tlv_request 4_way_message_1 / ε | challenge_response_v0 tlv_success id_response_v0 id_response_v0 tlv_success 4_way_message_2]
Nov 25, 2025 4:34:23 PM de.learnlib.logging.LearnLogger logQuery
INFO: [ε | challenge_v0 tlv_request id_request_v0 id_request_v0 tlv_request id_request_v0 / ε | challenge_response_v0 tlv_success id_response_v0 id_response_v0 tlv_success id_response_v0]
Nov 25, 2025 4:34:24 PM de.learnlib.logging.LearnLogger logQuery
INFO: [ε | challenge_v0 tlv_request id_request_v0 challenge_v0 tlv_request / ε | challenge_response_v0 tlv_success id_response_v0 challenge_response_v0 tlv_success]
Nov 25, 2025 4:34:26 PM de.learnlib.logging.LearnLogger logQuery
INFO: [ε | challenge_v0 tlv_request id_request_v0 challenge_v0 tlv_request success_request_with_credentials / ε | challenge_response_v0 tlv_success id_response_v0 challenge_response_v0 tlv_success success_response_v0]
Nov 25, 2025 4:34:28 PM de.learnlib.logging.LearnLogger logQuery
INFO: [ε | challenge_v0 tlv_request id_request_v0 challenge_v0 tlv_request 4_way_message_1 / ε | challenge_response_v0 tlv_success id_response_v0 challenge_response_v0 tlv_success 4_way_message_2]
Nov 25, 2025 4:34:29 PM de.learnlib.logging.LearnLogger logQuery
INFO: [ε | challenge_v0 tlv_request id_request_v0 challenge_v0 tlv_request id_request_v0 / ε | challenge_response_v0 tlv_success id_response_v0 challenge_response_v0 tlv_success id_response_v0]
Nov 25, 2025 4:34:31 PM de.learnlib.logging.LearnLogger logQuery
INFO: [ε | challenge_v0 tlv_request id_request_v0 tlv_request tlv_request / ε | challenge_response_v0 tlv_success id_response_v0 tlv_success tlv_success]
Nov 25, 2025 4:34:32 PM de.learnlib.logging.LearnLogger logQuery
INFO: [ε | challenge_v0 tlv_request id_request_v0 tlv_request tlv_request success_request_with_credentials / ε | challenge_response_v0 tlv_success id_response_v0 tlv_success tlv_success success_response_v0]
Nov 25, 2025 4:34:34 PM de.learnlib.logging.LearnLogger logQuery
INFO: [ε | challenge_v0 tlv_request id_request_v0 tlv_request tlv_request 4_way_message_1 / ε | challenge_response_v0 tlv_success id_response_v0 tlv_success tlv_success 4_way_message_2]
Nov 25, 2025 4:34:36 PM de.learnlib.logging.LearnLogger logQuery
INFO: [ε | challenge_v0 tlv_request id_request_v0 tlv_request tlv_request id_request_v0 / ε | challenge_response_v0 tlv_success id_response_v0 tlv_success tlv_success id_response_v0]
Nov 25, 2025 4:34:41 PM de.learnlib.logging.LearnLogger logQuery
INFO: [ε | challenge_v0 tlv_request id_request_v0 success_request_with_credentials tlv_request / ε | challenge_response_v0 tlv_success id_response_v0 success_response_v0 tlv_success]
Nov 25, 2025 4:34:42 PM de.learnlib.logging.LearnLogger logQuery
INFO: [ε | challenge_v0 tlv_request id_request_v0 success_request_with_credentials tlv_request success_request_with_credentials / ε | challenge_response_v0 tlv_success id_response_v0 success_response_v0 tlv_success success_response_v0]
Nov 25, 2025 4:34:44 PM de.learnlib.logging.LearnLogger logQuery
INFO: [ε | challenge_v0 tlv_request id_request_v0 success_request_with_credentials tlv_request 4_way_message_1 / ε | challenge_response_v0 tlv_success id_response_v0 success_response_v0 tlv_success 4_way_message_2]
Nov 25, 2025 4:34:46 PM de.learnlib.logging.LearnLogger logQuery
INFO: [ε | challenge_v0 tlv_request id_request_v0 success_request_with_credentials tlv_request id_request_v0 / ε | challenge_response_v0 tlv_success id_response_v0 success_response_v0 tlv_success id_response_v0]
Nov 25, 2025 4:34:47 PM de.learnlib.logging.LearnLogger logQuery
INFO: [ε | challenge_v0 tlv_request id_request_v0 success_and_cryptobinding tlv_request / ε | challenge_response_v0 tlv_success id_response_v0 tlv_success tlv_success]
Nov 25, 2025 4:34:49 PM de.learnlib.logging.LearnLogger logQuery
INFO: [ε | challenge_v0 tlv_request id_request_v0 success_and_cryptobinding tlv_request success_request_with_credentials / ε | challenge_response_v0 tlv_success id_response_v0 tlv_success tlv_success success_response_v0]
Nov 25, 2025 4:34:50 PM de.learnlib.logging.LearnLogger logQuery
INFO: [ε | challenge_v0 tlv_request id_request_v0 success_and_cryptobinding tlv_request 4_way_message_1 / ε | challenge_response_v0 tlv_success id_response_v0 tlv_success tlv_success 4_way_message_2]
Nov 25, 2025 4:34:52 PM de.learnlib.logging.LearnLogger logQuery
INFO: [ε | challenge_v0 tlv_request id_request_v0 success_and_cryptobinding tlv_request id_request_v0 / ε | challenge_response_v0 tlv_success id_response_v0 tlv_success tlv_success id_response_v0]
Nov 25, 2025 4:34:54 PM de.learnlib.logging.LearnLogger logQuery
INFO: [ε | challenge_v0 tlv_request id_request_v0 eap_success tlv_request / ε | challenge_response_v0 tlv_success id_response_v0 after_eap_success tlv_success]
Nov 25, 2025 4:34:56 PM de.learnlib.logging.LearnLogger logQuery
INFO: [ε | challenge_v0 tlv_request id_request_v0 eap_success tlv_request success_request_with_credentials / ε | challenge_response_v0 tlv_success id_response_v0 after_eap_success tlv_success success_response_v0]
Nov 25, 2025 4:34:58 PM de.learnlib.logging.LearnLogger logQuery
INFO: [ε | challenge_v0 tlv_request id_request_v0 eap_success tlv_request 4_way_message_1 / ε | challenge_response_v0 tlv_success id_response_v0 after_eap_success tlv_success 4_way_message_2]
Nov 25, 2025 4:35:00 PM de.learnlib.logging.LearnLogger logQuery
INFO: [ε | challenge_v0 tlv_request id_request_v0 eap_success tlv_request id_request_v0 / ε | challenge_response_v0 tlv_success id_response_v0 after_eap_success tlv_success id_response_v0]
Nov 25, 2025 4:35:02 PM de.learnlib.logging.LearnLogger logQuery
INFO: [ε | challenge_v0 tlv_request id_request_v0 id_request_v0 tlv_failure / ε | challenge_response_v0 tlv_success id_response_v0 id_response_v0 tlv_failure]
Nov 25, 2025 4:35:03 PM de.learnlib.logging.LearnLogger logQuery
INFO: [ε | challenge_v0 tlv_request id_request_v0 challenge_v0 tlv_failure / ε | challenge_response_v0 tlv_success id_response_v0 challenge_response_v0 tlv_failure]
Nov 25, 2025 4:35:05 PM de.learnlib.logging.LearnLogger logQuery
INFO: [ε | challenge_v0 tlv_request id_request_v0 tlv_request tlv_failure / ε | challenge_response_v0 tlv_success id_response_v0 tlv_success tlv_failure]
Nov 25, 2025 4:35:07 PM de.learnlib.logging.LearnLogger logQuery
INFO: [ε | challenge_v0 tlv_request id_request_v0 success_request_with_credentials tlv_failure / ε | challenge_response_v0 tlv_success id_response_v0 success_response_v0 tlv_failure]
Nov 25, 2025 4:35:08 PM de.learnlib.logging.LearnLogger logQuery
INFO: [ε | challenge_v0 tlv_request id_request_v0 success_and_cryptobinding tlv_failure / ε | challenge_response_v0 tlv_success id_response_v0 tlv_success tlv_failure]
Nov 25, 2025 4:35:11 PM de.learnlib.logging.LearnLogger logQuery
INFO: [ε | challenge_v0 tlv_request id_request_v0 eap_success tlv_failure / ε | challenge_response_v0 tlv_success id_response_v0 after_eap_success tlv_failure]
Nov 25, 2025 4:35:13 PM de.learnlib.logging.LearnLogger logQuery
INFO: [ε | challenge_v0 tlv_request id_request_v0 id_request_v0 success_request_all_zeros / ε | challenge_response_v0 tlv_success id_response_v0 id_response_v0 no_reply]
Nov 25, 2025 4:35:15 PM de.learnlib.logging.LearnLogger logQuery
INFO: [ε | challenge_v0 tlv_request id_request_v0 challenge_v0 success_request_all_zeros / ε | challenge_response_v0 tlv_success id_response_v0 challenge_response_v0 no_reply]
Nov 25, 2025 4:35:17 PM de.learnlib.logging.LearnLogger logQuery
INFO: [ε | challenge_v0 tlv_request id_request_v0 tlv_request success_request_all_zeros / ε | challenge_response_v0 tlv_success id_response_v0 tlv_success no_reply]
Nov 25, 2025 4:35:20 PM de.learnlib.logging.LearnLogger logQuery
INFO: [ε | challenge_v0 tlv_request id_request_v0 success_request_with_credentials success_request_all_zeros / ε | challenge_response_v0 tlv_success id_response_v0 success_response_v0 no_reply]
Nov 25, 2025 4:35:22 PM de.learnlib.logging.LearnLogger logQuery
INFO: [ε | challenge_v0 tlv_request id_request_v0 success_and_cryptobinding success_request_all_zeros / ε | challenge_response_v0 tlv_success id_response_v0 tlv_success no_reply]
Nov 25, 2025 4:35:25 PM de.learnlib.logging.LearnLogger logQuery
INFO: [ε | challenge_v0 tlv_request id_request_v0 eap_success success_request_all_zeros / ε | challenge_response_v0 tlv_success id_response_v0 after_eap_success no_reply]
Nov 25, 2025 4:35:27 PM de.learnlib.logging.LearnLogger logQuery
INFO: [ε | challenge_v0 tlv_request id_request_v0 id_request_v0 success_request_with_credentials success_request_with_credentials / ε | challenge_response_v0 tlv_success id_response_v0 id_response_v0 success_response_v0 success_response_v0]
Nov 25, 2025 4:35:29 PM de.learnlib.logging.LearnLogger logQuery
INFO: [ε | challenge_v0 tlv_request id_request_v0 id_request_v0 success_request_with_credentials 4_way_message_1 / ε | challenge_response_v0 tlv_success id_response_v0 id_response_v0 success_response_v0 4_way_message_2]
Nov 25, 2025 4:35:31 PM de.learnlib.logging.LearnLogger logQuery
INFO: [ε | challenge_v0 tlv_request id_request_v0 id_request_v0 success_request_with_credentials id_request_v0 / ε | challenge_response_v0 tlv_success id_response_v0 id_response_v0 success_response_v0 id_response_v0]
Nov 25, 2025 4:35:32 PM de.learnlib.logging.LearnLogger logQuery
INFO: [ε | challenge_v0 tlv_request id_request_v0 challenge_v0 success_request_with_credentials success_request_with_credentials / ε | challenge_response_v0 tlv_success id_response_v0 challenge_response_v0 success_response_v0 success_response_v0]
Nov 25, 2025 4:35:34 PM de.learnlib.logging.LearnLogger logQuery
INFO: [ε | challenge_v0 tlv_request id_request_v0 challenge_v0 success_request_with_credentials 4_way_message_1 / ε | challenge_response_v0 tlv_success id_response_v0 challenge_response_v0 success_response_v0 4_way_message_2]
Nov 25, 2025 4:35:36 PM de.learnlib.logging.LearnLogger logQuery
INFO: [ε | challenge_v0 tlv_request id_request_v0 challenge_v0 success_request_with_credentials id_request_v0 / ε | challenge_response_v0 tlv_success id_response_v0 challenge_response_v0 success_response_v0 id_response_v0]
Nov 25, 2025 4:35:38 PM de.learnlib.logging.LearnLogger logQuery
INFO: [ε | challenge_v0 tlv_request id_request_v0 tlv_request success_request_with_credentials success_request_with_credentials / ε | challenge_response_v0 tlv_success id_response_v0 tlv_success success_response_v0 success_response_v0]
Nov 25, 2025 4:35:40 PM de.learnlib.logging.LearnLogger logQuery
INFO: [ε | challenge_v0 tlv_request id_request_v0 tlv_request success_request_with_credentials 4_way_message_1 / ε | challenge_response_v0 tlv_success id_response_v0 tlv_success success_response_v0 4_way_message_2]
Nov 25, 2025 4:35:42 PM de.learnlib.logging.LearnLogger logQuery
INFO: [ε | challenge_v0 tlv_request id_request_v0 tlv_request success_request_with_credentials id_request_v0 / ε | challenge_response_v0 tlv_success id_response_v0 tlv_success success_response_v0 id_response_v0]
Nov 25, 2025 4:35:43 PM de.learnlib.logging.LearnLogger logQuery
INFO: [ε | challenge_v0 tlv_request id_request_v0 success_request_with_credentials success_request_with_credentials success_request_with_credentials / ε | challenge_response_v0 tlv_success id_response_v0 success_response_v0 success_response_v0 success_response_v0]
Nov 25, 2025 4:35:45 PM de.learnlib.logging.LearnLogger logQuery
INFO: [ε | challenge_v0 tlv_request id_request_v0 success_request_with_credentials success_request_with_credentials 4_way_message_1 / ε | challenge_response_v0 tlv_success id_response_v0 success_response_v0 success_response_v0 4_way_message_2]
Nov 25, 2025 4:35:47 PM de.learnlib.logging.LearnLogger logQuery
INFO: [ε | challenge_v0 tlv_request id_request_v0 success_request_with_credentials success_request_with_credentials id_request_v0 / ε | challenge_response_v0 tlv_success id_response_v0 success_response_v0 success_response_v0 id_response_v0]
Nov 25, 2025 4:35:49 PM de.learnlib.logging.LearnLogger logQuery
INFO: [ε | challenge_v0 tlv_request id_request_v0 success_and_cryptobinding success_request_with_credentials success_request_with_credentials / ε | challenge_response_v0 tlv_success id_response_v0 tlv_success success_response_v0 success_response_v0]
Nov 25, 2025 4:35:51 PM de.learnlib.logging.LearnLogger logQuery
INFO: [ε | challenge_v0 tlv_request id_request_v0 success_and_cryptobinding success_request_with_credentials 4_way_message_1 / ε | challenge_response_v0 tlv_success id_response_v0 tlv_success success_response_v0 4_way_message_2]
Nov 25, 2025 4:35:53 PM de.learnlib.logging.LearnLogger logQuery
INFO: [ε | challenge_v0 tlv_request id_request_v0 success_and_cryptobinding success_request_with_credentials id_request_v0 / ε | challenge_response_v0 tlv_success id_response_v0 tlv_success success_response_v0 id_response_v0]
Nov 25, 2025 4:35:55 PM de.learnlib.logging.LearnLogger logQuery
INFO: [ε | challenge_v0 tlv_request id_request_v0 eap_success success_request_with_credentials success_request_with_credentials / ε | challenge_response_v0 tlv_success id_response_v0 after_eap_success success_response_v0 success_response_v0]
Nov 25, 2025 4:35:57 PM de.learnlib.logging.LearnLogger logQuery
INFO: [ε | challenge_v0 tlv_request id_request_v0 eap_success success_request_with_credentials 4_way_message_1 / ε | challenge_response_v0 tlv_success id_response_v0 after_eap_success success_response_v0 4_way_message_2]
Nov 25, 2025 4:36:00 PM de.learnlib.logging.LearnLogger logQuery
INFO: [ε | challenge_v0 tlv_request id_request_v0 eap_success success_request_with_credentials id_request_v0 / ε | challenge_response_v0 tlv_success id_response_v0 after_eap_success success_response_v0 id_response_v0]
Nov 25, 2025 4:36:01 PM de.learnlib.logging.LearnLogger logQuery
INFO: [ε | challenge_v0 tlv_request id_request_v0 id_request_v0 success_and_cryptobinding / ε | challenge_response_v0 tlv_success id_response_v0 id_response_v0 tlv_success]
Nov 25, 2025 4:36:03 PM de.learnlib.logging.LearnLogger logQuery
INFO: [ε | challenge_v0 tlv_request id_request_v0 id_request_v0 success_and_cryptobinding success_request_with_credentials / ε | challenge_response_v0 tlv_success id_response_v0 id_response_v0 tlv_success success_response_v0]
Nov 25, 2025 4:36:05 PM de.learnlib.logging.LearnLogger logQuery
INFO: [ε | challenge_v0 tlv_request id_request_v0 id_request_v0 success_and_cryptobinding 4_way_message_1 / ε | challenge_response_v0 tlv_success id_response_v0 id_response_v0 tlv_success 4_way_message_2]
Nov 25, 2025 4:36:07 PM de.learnlib.logging.LearnLogger logQuery
INFO: [ε | challenge_v0 tlv_request id_request_v0 id_request_v0 success_and_cryptobinding id_request_v0 / ε | challenge_response_v0 tlv_success id_response_v0 id_response_v0 tlv_success id_response_v0]
Nov 25, 2025 4:36:09 PM de.learnlib.logging.LearnLogger logQuery
INFO: [ε | challenge_v0 tlv_request id_request_v0 challenge_v0 success_and_cryptobinding / ε | challenge_response_v0 tlv_success id_response_v0 challenge_response_v0 tlv_success]
Nov 25, 2025 4:36:11 PM de.learnlib.logging.LearnLogger logQuery
INFO: [ε | challenge_v0 tlv_request id_request_v0 challenge_v0 success_and_cryptobinding success_request_with_credentials / ε | challenge_response_v0 tlv_success id_response_v0 challenge_response_v0 tlv_success success_response_v0]
Nov 25, 2025 4:36:13 PM de.learnlib.logging.LearnLogger logQuery
INFO: [ε | challenge_v0 tlv_request id_request_v0 challenge_v0 success_and_cryptobinding 4_way_message_1 / ε | challenge_response_v0 tlv_success id_response_v0 challenge_response_v0 tlv_success 4_way_message_2]
Nov 25, 2025 4:36:15 PM de.learnlib.logging.LearnLogger logQuery
INFO: [ε | challenge_v0 tlv_request id_request_v0 challenge_v0 success_and_cryptobinding id_request_v0 / ε | challenge_response_v0 tlv_success id_response_v0 challenge_response_v0 tlv_success id_response_v0]
Nov 25, 2025 4:36:16 PM de.learnlib.logging.LearnLogger logQuery
INFO: [ε | challenge_v0 tlv_request id_request_v0 tlv_request success_and_cryptobinding / ε | challenge_response_v0 tlv_success id_response_v0 tlv_success tlv_success]
Nov 25, 2025 4:36:18 PM de.learnlib.logging.LearnLogger logQuery
INFO: [ε | challenge_v0 tlv_request id_request_v0 tlv_request success_and_cryptobinding success_request_with_credentials / ε | challenge_response_v0 tlv_success id_response_v0 tlv_success tlv_success success_response_v0]
Nov 25, 2025 4:36:20 PM de.learnlib.logging.LearnLogger logQuery
INFO: [ε | challenge_v0 tlv_request id_request_v0 tlv_request success_and_cryptobinding 4_way_message_1 / ε | challenge_response_v0 tlv_success id_response_v0 tlv_success tlv_success 4_way_message_2]
Nov 25, 2025 4:36:22 PM de.learnlib.logging.LearnLogger logQuery
INFO: [ε | challenge_v0 tlv_request id_request_v0 tlv_request success_and_cryptobinding id_request_v0 / ε | challenge_response_v0 tlv_success id_response_v0 tlv_success tlv_success id_response_v0]
Nov 25, 2025 4:36:23 PM de.learnlib.logging.LearnLogger logQuery
INFO: [ε | challenge_v0 tlv_request id_request_v0 success_request_with_credentials success_and_cryptobinding / ε | challenge_response_v0 tlv_success id_response_v0 success_response_v0 tlv_success]
Nov 25, 2025 4:36:25 PM de.learnlib.logging.LearnLogger logQuery
INFO: [ε | challenge_v0 tlv_request id_request_v0 success_request_with_credentials success_and_cryptobinding success_request_with_credentials / ε | challenge_response_v0 tlv_success id_response_v0 success_response_v0 tlv_success success_response_v0]
Nov 25, 2025 4:36:27 PM de.learnlib.logging.LearnLogger logQuery
INFO: [ε | challenge_v0 tlv_request id_request_v0 success_request_with_credentials success_and_cryptobinding 4_way_message_1 / ε | challenge_response_v0 tlv_success id_response_v0 success_response_v0 tlv_success 4_way_message_2]
Nov 25, 2025 4:36:29 PM de.learnlib.logging.LearnLogger logQuery
INFO: [ε | challenge_v0 tlv_request id_request_v0 success_request_with_credentials success_and_cryptobinding id_request_v0 / ε | challenge_response_v0 tlv_success id_response_v0 success_response_v0 tlv_success id_response_v0]
Nov 25, 2025 4:36:31 PM de.learnlib.logging.LearnLogger logQuery
INFO: [ε | challenge_v0 tlv_request id_request_v0 success_and_cryptobinding success_and_cryptobinding / ε | challenge_response_v0 tlv_success id_response_v0 tlv_success tlv_success]
Nov 25, 2025 4:36:32 PM de.learnlib.logging.LearnLogger logQuery
INFO: [ε | challenge_v0 tlv_request id_request_v0 success_and_cryptobinding success_and_cryptobinding success_request_with_credentials / ε | challenge_response_v0 tlv_success id_response_v0 tlv_success tlv_success success_response_v0]
Nov 25, 2025 4:36:34 PM de.learnlib.logging.LearnLogger logQuery
INFO: [ε | challenge_v0 tlv_request id_request_v0 success_and_cryptobinding success_and_cryptobinding 4_way_message_1 / ε | challenge_response_v0 tlv_success id_response_v0 tlv_success tlv_success 4_way_message_2]
Nov 25, 2025 4:36:36 PM de.learnlib.logging.LearnLogger logQuery
INFO: [ε | challenge_v0 tlv_request id_request_v0 success_and_cryptobinding success_and_cryptobinding id_request_v0 / ε | challenge_response_v0 tlv_success id_response_v0 tlv_success tlv_success id_response_v0]
Nov 25, 2025 4:36:39 PM de.learnlib.logging.LearnLogger logQuery
INFO: [ε | challenge_v0 tlv_request id_request_v0 eap_success success_and_cryptobinding / ε | challenge_response_v0 tlv_success id_response_v0 after_eap_success tlv_success]
Nov 25, 2025 4:36:41 PM de.learnlib.logging.LearnLogger logQuery
INFO: [ε | challenge_v0 tlv_request id_request_v0 eap_success success_and_cryptobinding success_request_with_credentials / ε | challenge_response_v0 tlv_success id_response_v0 after_eap_success tlv_success success_response_v0]
Nov 25, 2025 4:36:43 PM de.learnlib.logging.LearnLogger logQuery
INFO: [ε | challenge_v0 tlv_request id_request_v0 eap_success success_and_cryptobinding 4_way_message_1 / ε | challenge_response_v0 tlv_success id_response_v0 after_eap_success tlv_success 4_way_message_2]
Nov 25, 2025 4:36:45 PM de.learnlib.logging.LearnLogger logQuery
INFO: [ε | challenge_v0 tlv_request id_request_v0 eap_success success_and_cryptobinding id_request_v0 / ε | challenge_response_v0 tlv_success id_response_v0 after_eap_success tlv_success id_response_v0]
Nov 25, 2025 4:36:48 PM de.learnlib.logging.LearnLogger logQuery
INFO: [ε | challenge_v0 tlv_request id_request_v0 id_request_v0 cryptobinding / ε | challenge_response_v0 tlv_success id_response_v0 id_response_v0 no_reply]
Nov 25, 2025 4:36:50 PM de.learnlib.logging.LearnLogger logQuery
INFO: [ε | challenge_v0 tlv_request id_request_v0 challenge_v0 cryptobinding / ε | challenge_response_v0 tlv_success id_response_v0 challenge_response_v0 no_reply]
Nov 25, 2025 4:36:52 PM de.learnlib.logging.LearnLogger logQuery
INFO: [ε | challenge_v0 tlv_request id_request_v0 tlv_request cryptobinding / ε | challenge_response_v0 tlv_success id_response_v0 tlv_success no_reply]
Nov 25, 2025 4:36:55 PM de.learnlib.logging.LearnLogger logQuery
INFO: [ε | challenge_v0 tlv_request id_request_v0 success_request_with_credentials cryptobinding / ε | challenge_response_v0 tlv_success id_response_v0 success_response_v0 no_reply]
Nov 25, 2025 4:36:57 PM de.learnlib.logging.LearnLogger logQuery
INFO: [ε | challenge_v0 tlv_request id_request_v0 success_and_cryptobinding cryptobinding / ε | challenge_response_v0 tlv_success id_response_v0 tlv_success no_reply]
Nov 25, 2025 4:37:00 PM de.learnlib.logging.LearnLogger logQuery
INFO: [ε | challenge_v0 tlv_request id_request_v0 eap_success cryptobinding / ε | challenge_response_v0 tlv_success id_response_v0 after_eap_success no_reply]
Nov 25, 2025 4:37:03 PM de.learnlib.logging.LearnLogger logQuery
INFO: [ε | challenge_v0 tlv_request id_request_v0 id_request_v0 eap_success / ε | challenge_response_v0 tlv_success id_response_v0 id_response_v0 after_eap_success]
Nov 25, 2025 4:37:05 PM de.learnlib.logging.LearnLogger logQuery
INFO: [ε | challenge_v0 tlv_request id_request_v0 id_request_v0 eap_success success_request_with_credentials / ε | challenge_response_v0 tlv_success id_response_v0 id_response_v0 after_eap_success success_response_v0]
Nov 25, 2025 4:37:07 PM de.learnlib.logging.LearnLogger logQuery
INFO: [ε | challenge_v0 tlv_request id_request_v0 id_request_v0 eap_success 4_way_message_1 / ε | challenge_response_v0 tlv_success id_response_v0 id_response_v0 after_eap_success 4_way_message_2]
Nov 25, 2025 4:37:09 PM de.learnlib.logging.LearnLogger logQuery
INFO: [ε | challenge_v0 tlv_request id_request_v0 id_request_v0 eap_success id_request_v0 / ε | challenge_response_v0 tlv_success id_response_v0 id_response_v0 after_eap_success id_response_v0]
Nov 25, 2025 4:37:12 PM de.learnlib.logging.LearnLogger logQuery
INFO: [ε | challenge_v0 tlv_request id_request_v0 challenge_v0 eap_success / ε | challenge_response_v0 tlv_success id_response_v0 challenge_response_v0 after_eap_success]
Nov 25, 2025 4:37:14 PM de.learnlib.logging.LearnLogger logQuery
INFO: [ε | challenge_v0 tlv_request id_request_v0 challenge_v0 eap_success success_request_with_credentials / ε | challenge_response_v0 tlv_success id_response_v0 challenge_response_v0 after_eap_success success_response_v0]
Nov 25, 2025 4:37:16 PM de.learnlib.logging.LearnLogger logQuery
INFO: [ε | challenge_v0 tlv_request id_request_v0 challenge_v0 eap_success 4_way_message_1 / ε | challenge_response_v0 tlv_success id_response_v0 challenge_response_v0 after_eap_success 4_way_message_2]
Nov 25, 2025 4:37:18 PM de.learnlib.logging.LearnLogger logQuery
INFO: [ε | challenge_v0 tlv_request id_request_v0 challenge_v0 eap_success id_request_v0 / ε | challenge_response_v0 tlv_success id_response_v0 challenge_response_v0 after_eap_success id_response_v0]
Nov 25, 2025 4:37:20 PM de.learnlib.logging.LearnLogger logQuery
INFO: [ε | challenge_v0 tlv_request id_request_v0 tlv_request eap_success / ε | challenge_response_v0 tlv_success id_response_v0 tlv_success after_eap_success]
Nov 25, 2025 4:37:22 PM de.learnlib.logging.LearnLogger logQuery
INFO: [ε | challenge_v0 tlv_request id_request_v0 tlv_request eap_success success_request_with_credentials / ε | challenge_response_v0 tlv_success id_response_v0 tlv_success after_eap_success success_response_v0]
Nov 25, 2025 4:37:25 PM de.learnlib.logging.LearnLogger logQuery
INFO: [ε | challenge_v0 tlv_request id_request_v0 tlv_request eap_success 4_way_message_1 / ε | challenge_response_v0 tlv_success id_response_v0 tlv_success after_eap_success 4_way_message_2]
Nov 25, 2025 4:37:27 PM de.learnlib.logging.LearnLogger logQuery
INFO: [ε | challenge_v0 tlv_request id_request_v0 tlv_request eap_success id_request_v0 / ε | challenge_response_v0 tlv_success id_response_v0 tlv_success after_eap_success id_response_v0]
Nov 25, 2025 4:37:29 PM de.learnlib.logging.LearnLogger logQuery
INFO: [ε | challenge_v0 tlv_request id_request_v0 success_request_with_credentials eap_success / ε | challenge_response_v0 tlv_success id_response_v0 success_response_v0 after_eap_success]
Nov 25, 2025 4:37:31 PM de.learnlib.logging.LearnLogger logQuery
INFO: [ε | challenge_v0 tlv_request id_request_v0 success_request_with_credentials eap_success success_request_with_credentials / ε | challenge_response_v0 tlv_success id_response_v0 success_response_v0 after_eap_success success_response_v0]
Nov 25, 2025 4:37:33 PM de.learnlib.logging.LearnLogger logQuery
INFO: [ε | challenge_v0 tlv_request id_request_v0 success_request_with_credentials eap_success 4_way_message_1 / ε | challenge_response_v0 tlv_success id_response_v0 success_response_v0 after_eap_success 4_way_message_2]
Nov 25, 2025 4:37:36 PM de.learnlib.logging.LearnLogger logQuery
INFO: [ε | challenge_v0 tlv_request id_request_v0 success_request_with_credentials eap_success id_request_v0 / ε | challenge_response_v0 tlv_success id_response_v0 success_response_v0 after_eap_success id_response_v0]
Nov 25, 2025 4:37:38 PM de.learnlib.logging.LearnLogger logQuery
INFO: [ε | challenge_v0 tlv_request id_request_v0 success_and_cryptobinding eap_success / ε | challenge_response_v0 tlv_success id_response_v0 tlv_success after_eap_success]
Nov 25, 2025 4:37:40 PM de.learnlib.logging.LearnLogger logQuery
INFO: [ε | challenge_v0 tlv_request id_request_v0 success_and_cryptobinding eap_success success_request_with_credentials / ε | challenge_response_v0 tlv_success id_response_v0 tlv_success after_eap_success success_response_v0]
Nov 25, 2025 4:37:42 PM de.learnlib.logging.LearnLogger logQuery
INFO: [ε | challenge_v0 tlv_request id_request_v0 success_and_cryptobinding eap_success 4_way_message_1 / ε | challenge_response_v0 tlv_success id_response_v0 tlv_success after_eap_success 4_way_message_2]
Nov 25, 2025 4:37:45 PM de.learnlib.logging.LearnLogger logQuery
INFO: [ε | challenge_v0 tlv_request id_request_v0 success_and_cryptobinding eap_success id_request_v0 / ε | challenge_response_v0 tlv_success id_response_v0 tlv_success after_eap_success id_response_v0]
Nov 25, 2025 4:37:48 PM de.learnlib.logging.LearnLogger logQuery
INFO: [ε | challenge_v0 tlv_request id_request_v0 eap_success eap_success / ε | challenge_response_v0 tlv_success id_response_v0 after_eap_success after_eap_success]
Nov 25, 2025 4:37:50 PM de.learnlib.logging.LearnLogger logQuery
INFO: [ε | challenge_v0 tlv_request id_request_v0 eap_success eap_success success_request_with_credentials / ε | challenge_response_v0 tlv_success id_response_v0 after_eap_success after_eap_success success_response_v0]
Nov 25, 2025 4:37:53 PM de.learnlib.logging.LearnLogger logQuery
INFO: [ε | challenge_v0 tlv_request id_request_v0 eap_success eap_success 4_way_message_1 / ε | challenge_response_v0 tlv_success id_response_v0 after_eap_success after_eap_success 4_way_message_2]
Nov 25, 2025 4:37:56 PM de.learnlib.logging.LearnLogger logQuery
INFO: [ε | challenge_v0 tlv_request id_request_v0 eap_success eap_success id_request_v0 / ε | challenge_response_v0 tlv_success id_response_v0 after_eap_success after_eap_success id_response_v0]
Nov 25, 2025 4:37:57 PM de.learnlib.logging.LearnLogger logQuery
INFO: [ε | challenge_v0 tlv_request challenge_v0 id_request_v0 id_request_v0 success_request_with_credentials / ε | challenge_response_v0 tlv_success challenge_response_v0 id_response_v0 id_response_v0 success_response_v0]
Nov 25, 2025 4:37:59 PM de.learnlib.logging.LearnLogger logQuery
INFO: [ε | challenge_v0 tlv_request challenge_v0 id_request_v0 id_request_v0 4_way_message_1 / ε | challenge_response_v0 tlv_success challenge_response_v0 id_response_v0 id_response_v0 4_way_message_2]
Nov 25, 2025 4:38:01 PM de.learnlib.logging.LearnLogger logQuery
INFO: [ε | challenge_v0 tlv_request challenge_v0 id_request_v0 id_request_v0 id_request_v0 / ε | challenge_response_v0 tlv_success challenge_response_v0 id_response_v0 id_response_v0 id_response_v0]
Nov 25, 2025 4:38:03 PM de.learnlib.logging.LearnLogger logQuery
INFO: [ε | challenge_v0 tlv_request challenge_v0 challenge_v0 id_request_v0 success_request_with_credentials / ε | challenge_response_v0 tlv_success challenge_response_v0 challenge_response_v0 id_response_v0 success_response_v0]
Nov 25, 2025 4:38:05 PM de.learnlib.logging.LearnLogger logQuery
INFO: [ε | challenge_v0 tlv_request challenge_v0 challenge_v0 id_request_v0 4_way_message_1 / ε | challenge_response_v0 tlv_success challenge_response_v0 challenge_response_v0 id_response_v0 4_way_message_2]
Nov 25, 2025 4:38:07 PM de.learnlib.logging.LearnLogger logQuery
INFO: [ε | challenge_v0 tlv_request challenge_v0 challenge_v0 id_request_v0 id_request_v0 / ε | challenge_response_v0 tlv_success challenge_response_v0 challenge_response_v0 id_response_v0 id_response_v0]
Nov 25, 2025 4:38:09 PM de.learnlib.logging.LearnLogger logQuery
INFO: [ε | challenge_v0 tlv_request challenge_v0 tlv_request id_request_v0 success_request_with_credentials / ε | challenge_response_v0 tlv_success challenge_response_v0 tlv_success id_response_v0 success_response_v0]
Nov 25, 2025 4:38:11 PM de.learnlib.logging.LearnLogger logQuery
INFO: [ε | challenge_v0 tlv_request challenge_v0 tlv_request id_request_v0 4_way_message_1 / ε | challenge_response_v0 tlv_success challenge_response_v0 tlv_success id_response_v0 4_way_message_2]
Nov 25, 2025 4:38:13 PM de.learnlib.logging.LearnLogger logQuery
INFO: [ε | challenge_v0 tlv_request challenge_v0 tlv_request id_request_v0 id_request_v0 / ε | challenge_response_v0 tlv_success challenge_response_v0 tlv_success id_response_v0 id_response_v0]
Nov 25, 2025 4:38:14 PM de.learnlib.logging.LearnLogger logQuery
INFO: [ε | challenge_v0 tlv_request challenge_v0 success_request_with_credentials id_request_v0 success_request_with_credentials / ε | challenge_response_v0 tlv_success challenge_response_v0 success_response_v0 id_response_v0 success_response_v0]
Nov 25, 2025 4:38:16 PM de.learnlib.logging.LearnLogger logQuery
INFO: [ε | challenge_v0 tlv_request challenge_v0 success_request_with_credentials id_request_v0 4_way_message_1 / ε | challenge_response_v0 tlv_success challenge_response_v0 success_response_v0 id_response_v0 4_way_message_2]
Nov 25, 2025 4:38:18 PM de.learnlib.logging.LearnLogger logQuery
INFO: [ε | challenge_v0 tlv_request challenge_v0 success_request_with_credentials id_request_v0 id_request_v0 / ε | challenge_response_v0 tlv_success challenge_response_v0 success_response_v0 id_response_v0 id_response_v0]
Nov 25, 2025 4:38:20 PM de.learnlib.logging.LearnLogger logQuery
INFO: [ε | challenge_v0 tlv_request challenge_v0 success_and_cryptobinding id_request_v0 success_request_with_credentials / ε | challenge_response_v0 tlv_success challenge_response_v0 tlv_success id_response_v0 success_response_v0]
Nov 25, 2025 4:38:22 PM de.learnlib.logging.LearnLogger logQuery
INFO: [ε | challenge_v0 tlv_request challenge_v0 success_and_cryptobinding id_request_v0 4_way_message_1 / ε | challenge_response_v0 tlv_success challenge_response_v0 tlv_success id_response_v0 4_way_message_2]
Nov 25, 2025 4:38:24 PM de.learnlib.logging.LearnLogger logQuery
INFO: [ε | challenge_v0 tlv_request challenge_v0 success_and_cryptobinding id_request_v0 id_request_v0 / ε | challenge_response_v0 tlv_success challenge_response_v0 tlv_success id_response_v0 id_response_v0]
Nov 25, 2025 4:38:26 PM de.learnlib.logging.LearnLogger logQuery
INFO: [ε | challenge_v0 tlv_request challenge_v0 eap_success id_request_v0 success_request_with_credentials / ε | challenge_response_v0 tlv_success challenge_response_v0 after_eap_success id_response_v0 success_response_v0]
Nov 25, 2025 4:38:28 PM de.learnlib.logging.LearnLogger logQuery
INFO: [ε | challenge_v0 tlv_request challenge_v0 eap_success id_request_v0 4_way_message_1 / ε | challenge_response_v0 tlv_success challenge_response_v0 after_eap_success id_response_v0 4_way_message_2]
Nov 25, 2025 4:38:30 PM de.learnlib.logging.LearnLogger logQuery
INFO: [ε | challenge_v0 tlv_request challenge_v0 eap_success id_request_v0 id_request_v0 / ε | challenge_response_v0 tlv_success challenge_response_v0 after_eap_success id_response_v0 id_response_v0]
Nov 25, 2025 4:38:32 PM de.learnlib.logging.LearnLogger logQuery
INFO: [ε | challenge_v0 tlv_request challenge_v0 id_request_v0 challenge_v0 / ε | challenge_response_v0 tlv_success challenge_response_v0 id_response_v0 challenge_response_v0]
Nov 25, 2025 4:38:34 PM de.learnlib.logging.LearnLogger logQuery
INFO: [ε | challenge_v0 tlv_request challenge_v0 id_request_v0 challenge_v0 success_request_with_credentials / ε | challenge_response_v0 tlv_success challenge_response_v0 id_response_v0 challenge_response_v0 success_response_v0]
Nov 25, 2025 4:38:36 PM de.learnlib.logging.LearnLogger logQuery
INFO: [ε | challenge_v0 tlv_request challenge_v0 id_request_v0 challenge_v0 4_way_message_1 / ε | challenge_response_v0 tlv_success challenge_response_v0 id_response_v0 challenge_response_v0 4_way_message_2]
Nov 25, 2025 4:38:38 PM de.learnlib.logging.LearnLogger logQuery
INFO: [ε | challenge_v0 tlv_request challenge_v0 id_request_v0 challenge_v0 id_request_v0 / ε | challenge_response_v0 tlv_success challenge_response_v0 id_response_v0 challenge_response_v0 id_response_v0]
Nov 25, 2025 4:38:40 PM de.learnlib.logging.LearnLogger logQuery
INFO: [ε | challenge_v0 tlv_request challenge_v0 challenge_v0 challenge_v0 / ε | challenge_response_v0 tlv_success challenge_response_v0 challenge_response_v0 challenge_response_v0]
Nov 25, 2025 4:38:41 PM de.learnlib.logging.LearnLogger logQuery
INFO: [ε | challenge_v0 tlv_request challenge_v0 challenge_v0 challenge_v0 success_request_with_credentials / ε | challenge_response_v0 tlv_success challenge_response_v0 challenge_response_v0 challenge_response_v0 success_response_v0]
Nov 25, 2025 4:38:43 PM de.learnlib.logging.LearnLogger logQuery
INFO: [ε | challenge_v0 tlv_request challenge_v0 challenge_v0 challenge_v0 4_way_message_1 / ε | challenge_response_v0 tlv_success challenge_response_v0 challenge_response_v0 challenge_response_v0 4_way_message_2]
Nov 25, 2025 4:38:45 PM de.learnlib.logging.LearnLogger logQuery
INFO: [ε | challenge_v0 tlv_request challenge_v0 challenge_v0 challenge_v0 id_request_v0 / ε | challenge_response_v0 tlv_success challenge_response_v0 challenge_response_v0 challenge_response_v0 id_response_v0]
Nov 25, 2025 4:38:47 PM de.learnlib.logging.LearnLogger logQuery
INFO: [ε | challenge_v0 tlv_request challenge_v0 tlv_request challenge_v0 / ε | challenge_response_v0 tlv_success challenge_response_v0 tlv_success challenge_response_v0]
Nov 25, 2025 4:38:49 PM de.learnlib.logging.LearnLogger logQuery
INFO: [ε | challenge_v0 tlv_request challenge_v0 tlv_request challenge_v0 success_request_with_credentials / ε | challenge_response_v0 tlv_success challenge_response_v0 tlv_success challenge_response_v0 success_response_v0]
Nov 25, 2025 4:38:51 PM de.learnlib.logging.LearnLogger logQuery
INFO: [ε | challenge_v0 tlv_request challenge_v0 tlv_request challenge_v0 4_way_message_1 / ε | challenge_response_v0 tlv_success challenge_response_v0 tlv_success challenge_response_v0 4_way_message_2]
Nov 25, 2025 4:38:53 PM de.learnlib.logging.LearnLogger logQuery
INFO: [ε | challenge_v0 tlv_request challenge_v0 tlv_request challenge_v0 id_request_v0 / ε | challenge_response_v0 tlv_success challenge_response_v0 tlv_success challenge_response_v0 id_response_v0]
Nov 25, 2025 4:38:54 PM de.learnlib.logging.LearnLogger logQuery
INFO: [ε | challenge_v0 tlv_request challenge_v0 success_request_with_credentials challenge_v0 / ε | challenge_response_v0 tlv_success challenge_response_v0 success_response_v0 challenge_response_v0]
Nov 25, 2025 4:38:56 PM de.learnlib.logging.LearnLogger logQuery
INFO: [ε | challenge_v0 tlv_request challenge_v0 success_request_with_credentials challenge_v0 success_request_with_credentials / ε | challenge_response_v0 tlv_success challenge_response_v0 success_response_v0 challenge_response_v0 success_response_v0]
Nov 25, 2025 4:38:58 PM de.learnlib.logging.LearnLogger logQuery
INFO: [ε | challenge_v0 tlv_request challenge_v0 success_request_with_credentials challenge_v0 4_way_message_1 / ε | challenge_response_v0 tlv_success challenge_response_v0 success_response_v0 challenge_response_v0 4_way_message_2]
Nov 25, 2025 4:39:00 PM de.learnlib.logging.LearnLogger logQuery
INFO: [ε | challenge_v0 tlv_request challenge_v0 success_request_with_credentials challenge_v0 id_request_v0 / ε | challenge_response_v0 tlv_success challenge_response_v0 success_response_v0 challenge_response_v0 id_response_v0]
Nov 25, 2025 4:39:02 PM de.learnlib.logging.LearnLogger logQuery
INFO: [ε | challenge_v0 tlv_request challenge_v0 success_and_cryptobinding challenge_v0 / ε | challenge_response_v0 tlv_success challenge_response_v0 tlv_success challenge_response_v0]
Nov 25, 2025 4:39:03 PM de.learnlib.logging.LearnLogger logQuery
INFO: [ε | challenge_v0 tlv_request challenge_v0 success_and_cryptobinding challenge_v0 success_request_with_credentials / ε | challenge_response_v0 tlv_success challenge_response_v0 tlv_success challenge_response_v0 success_response_v0]
Nov 25, 2025 4:39:05 PM de.learnlib.logging.LearnLogger logQuery
INFO: [ε | challenge_v0 tlv_request challenge_v0 success_and_cryptobinding challenge_v0 4_way_message_1 / ε | challenge_response_v0 tlv_success challenge_response_v0 tlv_success challenge_response_v0 4_way_message_2]
Nov 25, 2025 4:39:07 PM de.learnlib.logging.LearnLogger logQuery
INFO: [ε | challenge_v0 tlv_request challenge_v0 success_and_cryptobinding challenge_v0 id_request_v0 / ε | challenge_response_v0 tlv_success challenge_response_v0 tlv_success challenge_response_v0 id_response_v0]
Nov 25, 2025 4:39:10 PM de.learnlib.logging.LearnLogger logQuery
INFO: [ε | challenge_v0 tlv_request challenge_v0 eap_success challenge_v0 / ε | challenge_response_v0 tlv_success challenge_response_v0 after_eap_success challenge_response_v0]
Nov 25, 2025 4:39:12 PM de.learnlib.logging.LearnLogger logQuery
INFO: [ε | challenge_v0 tlv_request challenge_v0 eap_success challenge_v0 success_request_with_credentials / ε | challenge_response_v0 tlv_success challenge_response_v0 after_eap_success challenge_response_v0 success_response_v0]
Nov 25, 2025 4:39:14 PM de.learnlib.logging.LearnLogger logQuery
INFO: [ε | challenge_v0 tlv_request challenge_v0 eap_success challenge_v0 4_way_message_1 / ε | challenge_response_v0 tlv_success challenge_response_v0 after_eap_success challenge_response_v0 4_way_message_2]
Nov 25, 2025 4:39:16 PM de.learnlib.logging.LearnLogger logQuery
INFO: [ε | challenge_v0 tlv_request challenge_v0 eap_success challenge_v0 id_request_v0 / ε | challenge_response_v0 tlv_success challenge_response_v0 after_eap_success challenge_response_v0 id_response_v0]
Nov 25, 2025 4:39:18 PM de.learnlib.logging.LearnLogger logQuery
INFO: [ε | challenge_v0 tlv_request challenge_v0 id_request_v0 tlv_request / ε | challenge_response_v0 tlv_success challenge_response_v0 id_response_v0 tlv_success]
Nov 25, 2025 4:39:20 PM de.learnlib.logging.LearnLogger logQuery
INFO: [ε | challenge_v0 tlv_request challenge_v0 id_request_v0 tlv_request success_request_with_credentials / ε | challenge_response_v0 tlv_success challenge_response_v0 id_response_v0 tlv_success success_response_v0]
Nov 25, 2025 4:39:21 PM de.learnlib.logging.LearnLogger logQuery
INFO: [ε | challenge_v0 tlv_request challenge_v0 id_request_v0 tlv_request 4_way_message_1 / ε | challenge_response_v0 tlv_success challenge_response_v0 id_response_v0 tlv_success 4_way_message_2]
Nov 25, 2025 4:39:23 PM de.learnlib.logging.LearnLogger logQuery
INFO: [ε | challenge_v0 tlv_request challenge_v0 id_request_v0 tlv_request id_request_v0 / ε | challenge_response_v0 tlv_success challenge_response_v0 id_response_v0 tlv_success id_response_v0]
Nov 25, 2025 4:39:25 PM de.learnlib.logging.LearnLogger logQuery
INFO: [ε | challenge_v0 tlv_request challenge_v0 challenge_v0 tlv_request / ε | challenge_response_v0 tlv_success challenge_response_v0 challenge_response_v0 tlv_success]
Nov 25, 2025 4:39:27 PM de.learnlib.logging.LearnLogger logQuery
INFO: [ε | challenge_v0 tlv_request challenge_v0 challenge_v0 tlv_request success_request_with_credentials / ε | challenge_response_v0 tlv_success challenge_response_v0 challenge_response_v0 tlv_success success_response_v0]
Nov 25, 2025 4:39:29 PM de.learnlib.logging.LearnLogger logQuery
INFO: [ε | challenge_v0 tlv_request challenge_v0 challenge_v0 tlv_request 4_way_message_1 / ε | challenge_response_v0 tlv_success challenge_response_v0 challenge_response_v0 tlv_success 4_way_message_2]
Nov 25, 2025 4:39:31 PM de.learnlib.logging.LearnLogger logQuery
INFO: [ε | challenge_v0 tlv_request challenge_v0 challenge_v0 tlv_request id_request_v0 / ε | challenge_response_v0 tlv_success challenge_response_v0 challenge_response_v0 tlv_success id_response_v0]
Nov 25, 2025 4:39:33 PM de.learnlib.logging.LearnLogger logQuery
INFO: [ε | challenge_v0 tlv_request challenge_v0 tlv_request tlv_request / ε | challenge_response_v0 tlv_success challenge_response_v0 tlv_success tlv_success]
Nov 25, 2025 4:39:34 PM de.learnlib.logging.LearnLogger logQuery
INFO: [ε | challenge_v0 tlv_request challenge_v0 tlv_request tlv_request success_request_with_credentials / ε | challenge_response_v0 tlv_success challenge_response_v0 tlv_success tlv_success success_response_v0]
Nov 25, 2025 4:39:36 PM de.learnlib.logging.LearnLogger logQuery
INFO: [ε | challenge_v0 tlv_request challenge_v0 tlv_request tlv_request 4_way_message_1 / ε | challenge_response_v0 tlv_success challenge_response_v0 tlv_success tlv_success 4_way_message_2]
Nov 25, 2025 4:39:38 PM de.learnlib.logging.LearnLogger logQuery
INFO: [ε | challenge_v0 tlv_request challenge_v0 tlv_request tlv_request id_request_v0 / ε | challenge_response_v0 tlv_success challenge_response_v0 tlv_success tlv_success id_response_v0]
Nov 25, 2025 4:39:40 PM de.learnlib.logging.LearnLogger logQuery
INFO: [ε | challenge_v0 tlv_request challenge_v0 success_request_with_credentials tlv_request / ε | challenge_response_v0 tlv_success challenge_response_v0 success_response_v0 tlv_success]
Nov 25, 2025 4:39:42 PM de.learnlib.logging.LearnLogger logQuery
INFO: [ε | challenge_v0 tlv_request challenge_v0 success_request_with_credentials tlv_request success_request_with_credentials / ε | challenge_response_v0 tlv_success challenge_response_v0 success_response_v0 tlv_success success_response_v0]
Nov 25, 2025 4:39:44 PM de.learnlib.logging.LearnLogger logQuery
INFO: [ε | challenge_v0 tlv_request challenge_v0 success_request_with_credentials tlv_request 4_way_message_1 / ε | challenge_response_v0 tlv_success challenge_response_v0 success_response_v0 tlv_success 4_way_message_2]
Nov 25, 2025 4:39:46 PM de.learnlib.logging.LearnLogger logQuery
INFO: [ε | challenge_v0 tlv_request challenge_v0 success_request_with_credentials tlv_request id_request_v0 / ε | challenge_response_v0 tlv_success challenge_response_v0 success_response_v0 tlv_success id_response_v0]
Nov 25, 2025 4:39:47 PM de.learnlib.logging.LearnLogger logQuery
INFO: [ε | challenge_v0 tlv_request challenge_v0 success_and_cryptobinding tlv_request / ε | challenge_response_v0 tlv_success challenge_response_v0 tlv_success tlv_success]
Nov 25, 2025 4:39:49 PM de.learnlib.logging.LearnLogger logQuery
INFO: [ε | challenge_v0 tlv_request challenge_v0 success_and_cryptobinding tlv_request success_request_with_credentials / ε | challenge_response_v0 tlv_success challenge_response_v0 tlv_success tlv_success success_response_v0]
Nov 25, 2025 4:39:51 PM de.learnlib.logging.LearnLogger logQuery
INFO: [ε | challenge_v0 tlv_request challenge_v0 success_and_cryptobinding tlv_request 4_way_message_1 / ε | challenge_response_v0 tlv_success challenge_response_v0 tlv_success tlv_success 4_way_message_2]
Nov 25, 2025 4:39:53 PM de.learnlib.logging.LearnLogger logQuery
INFO: [ε | challenge_v0 tlv_request challenge_v0 success_and_cryptobinding tlv_request id_request_v0 / ε | challenge_response_v0 tlv_success challenge_response_v0 tlv_success tlv_success id_response_v0]
Nov 25, 2025 4:39:55 PM de.learnlib.logging.LearnLogger logQuery
INFO: [ε | challenge_v0 tlv_request challenge_v0 eap_success tlv_request / ε | challenge_response_v0 tlv_success challenge_response_v0 after_eap_success tlv_success]
Nov 25, 2025 4:39:57 PM de.learnlib.logging.LearnLogger logQuery
INFO: [ε | challenge_v0 tlv_request challenge_v0 eap_success tlv_request success_request_with_credentials / ε | challenge_response_v0 tlv_success challenge_response_v0 after_eap_success tlv_success success_response_v0]
Nov 25, 2025 4:39:59 PM de.learnlib.logging.LearnLogger logQuery
INFO: [ε | challenge_v0 tlv_request challenge_v0 eap_success tlv_request 4_way_message_1 / ε | challenge_response_v0 tlv_success challenge_response_v0 after_eap_success tlv_success 4_way_message_2]
Nov 25, 2025 4:40:02 PM de.learnlib.logging.LearnLogger logQuery
INFO: [ε | challenge_v0 tlv_request challenge_v0 eap_success tlv_request id_request_v0 / ε | challenge_response_v0 tlv_success challenge_response_v0 after_eap_success tlv_success id_response_v0]
Nov 25, 2025 4:40:03 PM de.learnlib.logging.LearnLogger logQuery
INFO: [ε | challenge_v0 tlv_request challenge_v0 id_request_v0 tlv_failure / ε | challenge_response_v0 tlv_success challenge_response_v0 id_response_v0 tlv_failure]
Nov 25, 2025 4:40:05 PM de.learnlib.logging.LearnLogger logQuery
INFO: [ε | challenge_v0 tlv_request challenge_v0 challenge_v0 tlv_failure / ε | challenge_response_v0 tlv_success challenge_response_v0 challenge_response_v0 tlv_failure]
Nov 25, 2025 4:40:07 PM de.learnlib.logging.LearnLogger logQuery
INFO: [ε | challenge_v0 tlv_request challenge_v0 tlv_request tlv_failure / ε | challenge_response_v0 tlv_success challenge_response_v0 tlv_success tlv_failure]
Nov 25, 2025 4:40:09 PM de.learnlib.logging.LearnLogger logQuery
INFO: [ε | challenge_v0 tlv_request challenge_v0 success_request_with_credentials tlv_failure / ε | challenge_response_v0 tlv_success challenge_response_v0 success_response_v0 tlv_failure]
Nov 25, 2025 4:40:11 PM de.learnlib.logging.LearnLogger logQuery
INFO: [ε | challenge_v0 tlv_request challenge_v0 success_and_cryptobinding tlv_failure / ε | challenge_response_v0 tlv_success challenge_response_v0 tlv_success tlv_failure]
Nov 25, 2025 4:40:13 PM de.learnlib.logging.LearnLogger logQuery
INFO: [ε | challenge_v0 tlv_request challenge_v0 eap_success tlv_failure / ε | challenge_response_v0 tlv_success challenge_response_v0 after_eap_success tlv_failure]
Nov 25, 2025 4:40:16 PM de.learnlib.logging.LearnLogger logQuery
INFO: [ε | challenge_v0 tlv_request challenge_v0 id_request_v0 success_request_all_zeros / ε | challenge_response_v0 tlv_success challenge_response_v0 id_response_v0 no_reply]
Nov 25, 2025 4:40:18 PM de.learnlib.logging.LearnLogger logQuery
INFO: [ε | challenge_v0 tlv_request challenge_v0 challenge_v0 success_request_all_zeros / ε | challenge_response_v0 tlv_success challenge_response_v0 challenge_response_v0 no_reply]
Nov 25, 2025 4:40:21 PM de.learnlib.logging.LearnLogger logQuery
INFO: [ε | challenge_v0 tlv_request challenge_v0 tlv_request success_request_all_zeros / ε | challenge_response_v0 tlv_success challenge_response_v0 tlv_success no_reply]
Nov 25, 2025 4:40:23 PM de.learnlib.logging.LearnLogger logQuery
INFO: [ε | challenge_v0 tlv_request challenge_v0 success_request_with_credentials success_request_all_zeros / ε | challenge_response_v0 tlv_success challenge_response_v0 success_response_v0 no_reply]
Nov 25, 2025 4:40:25 PM de.learnlib.logging.LearnLogger logQuery
INFO: [ε | challenge_v0 tlv_request challenge_v0 success_and_cryptobinding success_request_all_zeros / ε | challenge_response_v0 tlv_success challenge_response_v0 tlv_success no_reply]
Nov 25, 2025 4:40:28 PM de.learnlib.logging.LearnLogger logQuery
INFO: [ε | challenge_v0 tlv_request challenge_v0 eap_success success_request_all_zeros / ε | challenge_response_v0 tlv_success challenge_response_v0 after_eap_success no_reply]
Nov 25, 2025 4:40:30 PM de.learnlib.logging.LearnLogger logQuery
INFO: [ε | challenge_v0 tlv_request challenge_v0 id_request_v0 success_request_with_credentials success_request_with_credentials / ε | challenge_response_v0 tlv_success challenge_response_v0 id_response_v0 success_response_v0 success_response_v0]
Nov 25, 2025 4:40:32 PM de.learnlib.logging.LearnLogger logQuery
INFO: [ε | challenge_v0 tlv_request challenge_v0 id_request_v0 success_request_with_credentials 4_way_message_1 / ε | challenge_response_v0 tlv_success challenge_response_v0 id_response_v0 success_response_v0 4_way_message_2]
Nov 25, 2025 4:40:34 PM de.learnlib.logging.LearnLogger logQuery
INFO: [ε | challenge_v0 tlv_request challenge_v0 id_request_v0 success_request_with_credentials id_request_v0 / ε | challenge_response_v0 tlv_success challenge_response_v0 id_response_v0 success_response_v0 id_response_v0]
Nov 25, 2025 4:40:36 PM de.learnlib.logging.LearnLogger logQuery
INFO: [ε | challenge_v0 tlv_request challenge_v0 challenge_v0 success_request_with_credentials success_request_with_credentials / ε | challenge_response_v0 tlv_success challenge_response_v0 challenge_response_v0 success_response_v0 success_response_v0]
Nov 25, 2025 4:40:38 PM de.learnlib.logging.LearnLogger logQuery
INFO: [ε | challenge_v0 tlv_request challenge_v0 challenge_v0 success_request_with_credentials 4_way_message_1 / ε | challenge_response_v0 tlv_success challenge_response_v0 challenge_response_v0 success_response_v0 4_way_message_2]
Nov 25, 2025 4:40:39 PM de.learnlib.logging.LearnLogger logQuery
INFO: [ε | challenge_v0 tlv_request challenge_v0 challenge_v0 success_request_with_credentials id_request_v0 / ε | challenge_response_v0 tlv_success challenge_response_v0 challenge_response_v0 success_response_v0 id_response_v0]
Nov 25, 2025 4:40:41 PM de.learnlib.logging.LearnLogger logQuery
INFO: [ε | challenge_v0 tlv_request challenge_v0 tlv_request success_request_with_credentials success_request_with_credentials / ε | challenge_response_v0 tlv_success challenge_response_v0 tlv_success success_response_v0 success_response_v0]
Nov 25, 2025 4:40:43 PM de.learnlib.logging.LearnLogger logQuery
INFO: [ε | challenge_v0 tlv_request challenge_v0 tlv_request success_request_with_credentials 4_way_message_1 / ε | challenge_response_v0 tlv_success challenge_response_v0 tlv_success success_response_v0 4_way_message_2]
Nov 25, 2025 4:40:45 PM de.learnlib.logging.LearnLogger logQuery
INFO: [ε | challenge_v0 tlv_request challenge_v0 tlv_request success_request_with_credentials id_request_v0 / ε | challenge_response_v0 tlv_success challenge_response_v0 tlv_success success_response_v0 id_response_v0]
Nov 25, 2025 4:40:47 PM de.learnlib.logging.LearnLogger logQuery
INFO: [ε | challenge_v0 tlv_request challenge_v0 success_request_with_credentials success_request_with_credentials success_request_with_credentials / ε | challenge_response_v0 tlv_success challenge_response_v0 success_response_v0 success_response_v0 success_response_v0]
Nov 25, 2025 4:40:49 PM de.learnlib.logging.LearnLogger logQuery
INFO: [ε | challenge_v0 tlv_request challenge_v0 success_request_with_credentials success_request_with_credentials 4_way_message_1 / ε | challenge_response_v0 tlv_success challenge_response_v0 success_response_v0 success_response_v0 4_way_message_2]
Nov 25, 2025 4:40:51 PM de.learnlib.logging.LearnLogger logQuery
INFO: [ε | challenge_v0 tlv_request challenge_v0 success_request_with_credentials success_request_with_credentials id_request_v0 / ε | challenge_response_v0 tlv_success challenge_response_v0 success_response_v0 success_response_v0 id_response_v0]
Nov 25, 2025 4:40:53 PM de.learnlib.logging.LearnLogger logQuery
INFO: [ε | challenge_v0 tlv_request challenge_v0 success_and_cryptobinding success_request_with_credentials success_request_with_credentials / ε | challenge_response_v0 tlv_success challenge_response_v0 tlv_success success_response_v0 success_response_v0]
Nov 25, 2025 4:40:55 PM de.learnlib.logging.LearnLogger logQuery
INFO: [ε | challenge_v0 tlv_request challenge_v0 success_and_cryptobinding success_request_with_credentials 4_way_message_1 / ε | challenge_response_v0 tlv_success challenge_response_v0 tlv_success success_response_v0 4_way_message_2]
Nov 25, 2025 4:40:56 PM de.learnlib.logging.LearnLogger logQuery
INFO: [ε | challenge_v0 tlv_request challenge_v0 success_and_cryptobinding success_request_with_credentials id_request_v0 / ε | challenge_response_v0 tlv_success challenge_response_v0 tlv_success success_response_v0 id_response_v0]
Nov 25, 2025 4:40:59 PM de.learnlib.logging.LearnLogger logQuery
INFO: [ε | challenge_v0 tlv_request challenge_v0 eap_success success_request_with_credentials success_request_with_credentials / ε | challenge_response_v0 tlv_success challenge_response_v0 after_eap_success success_response_v0 success_response_v0]
Nov 25, 2025 4:41:01 PM de.learnlib.logging.LearnLogger logQuery
INFO: [ε | challenge_v0 tlv_request challenge_v0 eap_success success_request_with_credentials 4_way_message_1 / ε | challenge_response_v0 tlv_success challenge_response_v0 after_eap_success success_response_v0 4_way_message_2]
Nov 25, 2025 4:41:03 PM de.learnlib.logging.LearnLogger logQuery
INFO: [ε | challenge_v0 tlv_request challenge_v0 eap_success success_request_with_credentials id_request_v0 / ε | challenge_response_v0 tlv_success challenge_response_v0 after_eap_success success_response_v0 id_response_v0]
Nov 25, 2025 4:41:05 PM de.learnlib.logging.LearnLogger logQuery
INFO: [ε | challenge_v0 tlv_request challenge_v0 id_request_v0 success_and_cryptobinding / ε | challenge_response_v0 tlv_success challenge_response_v0 id_response_v0 tlv_success]
Nov 25, 2025 4:41:07 PM de.learnlib.logging.LearnLogger logQuery
INFO: [ε | challenge_v0 tlv_request challenge_v0 id_request_v0 success_and_cryptobinding success_request_with_credentials / ε | challenge_response_v0 tlv_success challenge_response_v0 id_response_v0 tlv_success success_response_v0]
Nov 25, 2025 4:41:09 PM de.learnlib.logging.LearnLogger logQuery
INFO: [ε | challenge_v0 tlv_request challenge_v0 id_request_v0 success_and_cryptobinding 4_way_message_1 / ε | challenge_response_v0 tlv_success challenge_response_v0 id_response_v0 tlv_success 4_way_message_2]
Nov 25, 2025 4:41:11 PM de.learnlib.logging.LearnLogger logQuery
INFO: [ε | challenge_v0 tlv_request challenge_v0 id_request_v0 success_and_cryptobinding id_request_v0 / ε | challenge_response_v0 tlv_success challenge_response_v0 id_response_v0 tlv_success id_response_v0]
Nov 25, 2025 4:41:12 PM de.learnlib.logging.LearnLogger logQuery
INFO: [ε | challenge_v0 tlv_request challenge_v0 challenge_v0 success_and_cryptobinding / ε | challenge_response_v0 tlv_success challenge_response_v0 challenge_response_v0 tlv_success]
Nov 25, 2025 4:41:14 PM de.learnlib.logging.LearnLogger logQuery
INFO: [ε | challenge_v0 tlv_request challenge_v0 challenge_v0 success_and_cryptobinding success_request_with_credentials / ε | challenge_response_v0 tlv_success challenge_response_v0 challenge_response_v0 tlv_success success_response_v0]
Nov 25, 2025 4:41:16 PM de.learnlib.logging.LearnLogger logQuery
INFO: [ε | challenge_v0 tlv_request challenge_v0 challenge_v0 success_and_cryptobinding 4_way_message_1 / ε | challenge_response_v0 tlv_success challenge_response_v0 challenge_response_v0 tlv_success 4_way_message_2]
Nov 25, 2025 4:41:18 PM de.learnlib.logging.LearnLogger logQuery
INFO: [ε | challenge_v0 tlv_request challenge_v0 challenge_v0 success_and_cryptobinding id_request_v0 / ε | challenge_response_v0 tlv_success challenge_response_v0 challenge_response_v0 tlv_success id_response_v0]
Nov 25, 2025 4:41:20 PM de.learnlib.logging.LearnLogger logQuery
INFO: [ε | challenge_v0 tlv_request challenge_v0 tlv_request success_and_cryptobinding / ε | challenge_response_v0 tlv_success challenge_response_v0 tlv_success tlv_success]
Nov 25, 2025 4:41:21 PM de.learnlib.logging.LearnLogger logQuery
INFO: [ε | challenge_v0 tlv_request challenge_v0 tlv_request success_and_cryptobinding success_request_with_credentials / ε | challenge_response_v0 tlv_success challenge_response_v0 tlv_success tlv_success success_response_v0]
Nov 25, 2025 4:41:23 PM de.learnlib.logging.LearnLogger logQuery
INFO: [ε | challenge_v0 tlv_request challenge_v0 tlv_request success_and_cryptobinding 4_way_message_1 / ε | challenge_response_v0 tlv_success challenge_response_v0 tlv_success tlv_success 4_way_message_2]
Nov 25, 2025 4:41:25 PM de.learnlib.logging.LearnLogger logQuery
INFO: [ε | challenge_v0 tlv_request challenge_v0 tlv_request success_and_cryptobinding id_request_v0 / ε | challenge_response_v0 tlv_success challenge_response_v0 tlv_success tlv_success id_response_v0]
Nov 25, 2025 4:41:27 PM de.learnlib.logging.LearnLogger logQuery
INFO: [ε | challenge_v0 tlv_request challenge_v0 success_request_with_credentials success_and_cryptobinding / ε | challenge_response_v0 tlv_success challenge_response_v0 success_response_v0 tlv_success]
Nov 25, 2025 4:41:29 PM de.learnlib.logging.LearnLogger logQuery
INFO: [ε | challenge_v0 tlv_request challenge_v0 success_request_with_credentials success_and_cryptobinding success_request_with_credentials / ε | challenge_response_v0 tlv_success challenge_response_v0 success_response_v0 tlv_success success_response_v0]
Nov 25, 2025 4:41:30 PM de.learnlib.logging.LearnLogger logQuery
INFO: [ε | challenge_v0 tlv_request challenge_v0 success_request_with_credentials success_and_cryptobinding 4_way_message_1 / ε | challenge_response_v0 tlv_success challenge_response_v0 success_response_v0 tlv_success 4_way_message_2]
Nov 25, 2025 4:41:33 PM de.learnlib.logging.LearnLogger logQuery
INFO: [ε | challenge_v0 tlv_request challenge_v0 success_request_with_credentials success_and_cryptobinding id_request_v0 / ε | challenge_response_v0 tlv_success challenge_response_v0 success_response_v0 tlv_success id_response_v0]
Nov 25, 2025 4:41:34 PM de.learnlib.logging.LearnLogger logQuery
INFO: [ε | challenge_v0 tlv_request challenge_v0 success_and_cryptobinding success_and_cryptobinding / ε | challenge_response_v0 tlv_success challenge_response_v0 tlv_success tlv_success]
Nov 25, 2025 4:41:36 PM de.learnlib.logging.LearnLogger logQuery
INFO: [ε | challenge_v0 tlv_request challenge_v0 success_and_cryptobinding success_and_cryptobinding success_request_with_credentials / ε | challenge_response_v0 tlv_success challenge_response_v0 tlv_success tlv_success success_response_v0]
Nov 25, 2025 4:41:38 PM de.learnlib.logging.LearnLogger logQuery
INFO: [ε | challenge_v0 tlv_request challenge_v0 success_and_cryptobinding success_and_cryptobinding 4_way_message_1 / ε | challenge_response_v0 tlv_success challenge_response_v0 tlv_success tlv_success 4_way_message_2]
Nov 25, 2025 4:41:40 PM de.learnlib.logging.LearnLogger logQuery
INFO: [ε | challenge_v0 tlv_request challenge_v0 success_and_cryptobinding success_and_cryptobinding id_request_v0 / ε | challenge_response_v0 tlv_success challenge_response_v0 tlv_success tlv_success id_response_v0]
Nov 25, 2025 4:41:42 PM de.learnlib.logging.LearnLogger logQuery
INFO: [ε | challenge_v0 tlv_request challenge_v0 eap_success success_and_cryptobinding / ε | challenge_response_v0 tlv_success challenge_response_v0 after_eap_success tlv_success]
Nov 25, 2025 4:41:44 PM de.learnlib.logging.LearnLogger logQuery
INFO: [ε | challenge_v0 tlv_request challenge_v0 eap_success success_and_cryptobinding success_request_with_credentials / ε | challenge_response_v0 tlv_success challenge_response_v0 after_eap_success tlv_success success_response_v0]
Nov 25, 2025 4:41:47 PM de.learnlib.logging.LearnLogger logQuery
INFO: [ε | challenge_v0 tlv_request challenge_v0 eap_success success_and_cryptobinding 4_way_message_1 / ε | challenge_response_v0 tlv_success challenge_response_v0 after_eap_success tlv_success 4_way_message_2]
Nov 25, 2025 4:41:49 PM de.learnlib.logging.LearnLogger logQuery
INFO: [ε | challenge_v0 tlv_request challenge_v0 eap_success success_and_cryptobinding id_request_v0 / ε | challenge_response_v0 tlv_success challenge_response_v0 after_eap_success tlv_success id_response_v0]
Nov 25, 2025 4:41:51 PM de.learnlib.logging.LearnLogger logQuery
INFO: [ε | challenge_v0 tlv_request challenge_v0 id_request_v0 cryptobinding / ε | challenge_response_v0 tlv_success challenge_response_v0 id_response_v0 no_reply]
Nov 25, 2025 4:41:54 PM de.learnlib.logging.LearnLogger logQuery
INFO: [ε | challenge_v0 tlv_request challenge_v0 challenge_v0 cryptobinding / ε | challenge_response_v0 tlv_success challenge_response_v0 challenge_response_v0 no_reply]
Nov 25, 2025 4:41:56 PM de.learnlib.logging.LearnLogger logQuery
INFO: [ε | challenge_v0 tlv_request challenge_v0 tlv_request cryptobinding / ε | challenge_response_v0 tlv_success challenge_response_v0 tlv_success no_reply]
Nov 25, 2025 4:41:59 PM de.learnlib.logging.LearnLogger logQuery
INFO: [ε | challenge_v0 tlv_request challenge_v0 success_request_with_credentials cryptobinding / ε | challenge_response_v0 tlv_success challenge_response_v0 success_response_v0 no_reply]
Nov 25, 2025 4:42:01 PM de.learnlib.logging.LearnLogger logQuery
INFO: [ε | challenge_v0 tlv_request challenge_v0 success_and_cryptobinding cryptobinding / ε | challenge_response_v0 tlv_success challenge_response_v0 tlv_success no_reply]
Nov 25, 2025 4:42:04 PM de.learnlib.logging.LearnLogger logQuery
INFO: [ε | challenge_v0 tlv_request challenge_v0 eap_success cryptobinding / ε | challenge_response_v0 tlv_success challenge_response_v0 after_eap_success no_reply]
Nov 25, 2025 4:42:07 PM de.learnlib.logging.LearnLogger logQuery
INFO: [ε | challenge_v0 tlv_request challenge_v0 id_request_v0 eap_success / ε | challenge_response_v0 tlv_success challenge_response_v0 id_response_v0 after_eap_success]
Nov 25, 2025 4:42:09 PM de.learnlib.logging.LearnLogger logQuery
INFO: [ε | challenge_v0 tlv_request challenge_v0 id_request_v0 eap_success success_request_with_credentials / ε | challenge_response_v0 tlv_success challenge_response_v0 id_response_v0 after_eap_success success_response_v0]
Nov 25, 2025 4:42:11 PM de.learnlib.logging.LearnLogger logQuery
INFO: [ε | challenge_v0 tlv_request challenge_v0 id_request_v0 eap_success 4_way_message_1 / ε | challenge_response_v0 tlv_success challenge_response_v0 id_response_v0 after_eap_success 4_way_message_2]
Nov 25, 2025 4:42:13 PM de.learnlib.logging.LearnLogger logQuery
INFO: [ε | challenge_v0 tlv_request challenge_v0 id_request_v0 eap_success id_request_v0 / ε | challenge_response_v0 tlv_success challenge_response_v0 id_response_v0 after_eap_success id_response_v0]
Nov 25, 2025 4:42:16 PM de.learnlib.logging.LearnLogger logQuery
INFO: [ε | challenge_v0 tlv_request challenge_v0 challenge_v0 eap_success / ε | challenge_response_v0 tlv_success challenge_response_v0 challenge_response_v0 after_eap_success]
Nov 25, 2025 4:42:18 PM de.learnlib.logging.LearnLogger logQuery
INFO: [ε | challenge_v0 tlv_request challenge_v0 challenge_v0 eap_success success_request_with_credentials / ε | challenge_response_v0 tlv_success challenge_response_v0 challenge_response_v0 after_eap_success success_response_v0]
Nov 25, 2025 4:42:20 PM de.learnlib.logging.LearnLogger logQuery
INFO: [ε | challenge_v0 tlv_request challenge_v0 challenge_v0 eap_success 4_way_message_1 / ε | challenge_response_v0 tlv_success challenge_response_v0 challenge_response_v0 after_eap_success 4_way_message_2]
Nov 25, 2025 4:42:22 PM de.learnlib.logging.LearnLogger logQuery
INFO: [ε | challenge_v0 tlv_request challenge_v0 challenge_v0 eap_success id_request_v0 / ε | challenge_response_v0 tlv_success challenge_response_v0 challenge_response_v0 after_eap_success id_response_v0]
Nov 25, 2025 4:42:25 PM de.learnlib.logging.LearnLogger logQuery
INFO: [ε | challenge_v0 tlv_request challenge_v0 tlv_request eap_success / ε | challenge_response_v0 tlv_success challenge_response_v0 tlv_success after_eap_success]
Nov 25, 2025 4:42:27 PM de.learnlib.logging.LearnLogger logQuery
INFO: [ε | challenge_v0 tlv_request challenge_v0 tlv_request eap_success success_request_with_credentials / ε | challenge_response_v0 tlv_success challenge_response_v0 tlv_success after_eap_success success_response_v0]
Nov 25, 2025 4:42:29 PM de.learnlib.logging.LearnLogger logQuery
INFO: [ε | challenge_v0 tlv_request challenge_v0 tlv_request eap_success 4_way_message_1 / ε | challenge_response_v0 tlv_success challenge_response_v0 tlv_success after_eap_success 4_way_message_2]
Nov 25, 2025 4:42:31 PM de.learnlib.logging.LearnLogger logQuery
INFO: [ε | challenge_v0 tlv_request challenge_v0 tlv_request eap_success id_request_v0 / ε | challenge_response_v0 tlv_success challenge_response_v0 tlv_success after_eap_success id_response_v0]
Nov 25, 2025 4:42:34 PM de.learnlib.logging.LearnLogger logQuery
INFO: [ε | challenge_v0 tlv_request challenge_v0 success_request_with_credentials eap_success / ε | challenge_response_v0 tlv_success challenge_response_v0 success_response_v0 after_eap_success]
Nov 25, 2025 4:42:36 PM de.learnlib.logging.LearnLogger logQuery
INFO: [ε | challenge_v0 tlv_request challenge_v0 success_request_with_credentials eap_success success_request_with_credentials / ε | challenge_response_v0 tlv_success challenge_response_v0 success_response_v0 after_eap_success success_response_v0]
Nov 25, 2025 4:42:38 PM de.learnlib.logging.LearnLogger logQuery
INFO: [ε | challenge_v0 tlv_request challenge_v0 success_request_with_credentials eap_success 4_way_message_1 / ε | challenge_response_v0 tlv_success challenge_response_v0 success_response_v0 after_eap_success 4_way_message_2]
Nov 25, 2025 4:42:40 PM de.learnlib.logging.LearnLogger logQuery
INFO: [ε | challenge_v0 tlv_request challenge_v0 success_request_with_credentials eap_success id_request_v0 / ε | challenge_response_v0 tlv_success challenge_response_v0 success_response_v0 after_eap_success id_response_v0]
Nov 25, 2025 4:42:43 PM de.learnlib.logging.LearnLogger logQuery
INFO: [ε | challenge_v0 tlv_request challenge_v0 success_and_cryptobinding eap_success / ε | challenge_response_v0 tlv_success challenge_response_v0 tlv_success after_eap_success]
Nov 25, 2025 4:42:45 PM de.learnlib.logging.LearnLogger logQuery
INFO: [ε | challenge_v0 tlv_request challenge_v0 success_and_cryptobinding eap_success success_request_with_credentials / ε | challenge_response_v0 tlv_success challenge_response_v0 tlv_success after_eap_success success_response_v0]
Nov 25, 2025 4:42:47 PM de.learnlib.logging.LearnLogger logQuery
INFO: [ε | challenge_v0 tlv_request challenge_v0 success_and_cryptobinding eap_success 4_way_message_1 / ε | challenge_response_v0 tlv_success challenge_response_v0 tlv_success after_eap_success 4_way_message_2]
Nov 25, 2025 4:42:49 PM de.learnlib.logging.LearnLogger logQuery
INFO: [ε | challenge_v0 tlv_request challenge_v0 success_and_cryptobinding eap_success id_request_v0 / ε | challenge_response_v0 tlv_success challenge_response_v0 tlv_success after_eap_success id_response_v0]
Nov 25, 2025 4:42:52 PM de.learnlib.logging.LearnLogger logQuery
INFO: [ε | challenge_v0 tlv_request challenge_v0 eap_success eap_success / ε | challenge_response_v0 tlv_success challenge_response_v0 after_eap_success after_eap_success]
Nov 25, 2025 4:42:55 PM de.learnlib.logging.LearnLogger logQuery
INFO: [ε | challenge_v0 tlv_request challenge_v0 eap_success eap_success success_request_with_credentials / ε | challenge_response_v0 tlv_success challenge_response_v0 after_eap_success after_eap_success success_response_v0]
Nov 25, 2025 4:42:57 PM de.learnlib.logging.LearnLogger logQuery
INFO: [ε | challenge_v0 tlv_request challenge_v0 eap_success eap_success 4_way_message_1 / ε | challenge_response_v0 tlv_success challenge_response_v0 after_eap_success after_eap_success 4_way_message_2]
Nov 25, 2025 4:43:00 PM de.learnlib.logging.LearnLogger logQuery
INFO: [ε | challenge_v0 tlv_request challenge_v0 eap_success eap_success id_request_v0 / ε | challenge_response_v0 tlv_success challenge_response_v0 after_eap_success after_eap_success id_response_v0]
Nov 25, 2025 4:43:02 PM de.learnlib.logging.LearnLogger logQuery
INFO: [ε | challenge_v0 tlv_request tlv_request id_request_v0 id_request_v0 success_request_with_credentials / ε | challenge_response_v0 tlv_success tlv_success id_response_v0 id_response_v0 success_response_v0]
Nov 25, 2025 4:43:07 PM de.learnlib.logging.LearnLogger logQuery
INFO: [ε | challenge_v0 tlv_request tlv_request id_request_v0 id_request_v0 4_way_message_1 / ε | challenge_response_v0 tlv_success tlv_success id_response_v0 id_response_v0 4_way_message_2]
Nov 25, 2025 4:43:09 PM de.learnlib.logging.LearnLogger logQuery
INFO: [ε | challenge_v0 tlv_request tlv_request id_request_v0 id_request_v0 id_request_v0 / ε | challenge_response_v0 tlv_success tlv_success id_response_v0 id_response_v0 id_response_v0]
Nov 25, 2025 4:43:11 PM de.learnlib.logging.LearnLogger logQuery
INFO: [ε | challenge_v0 tlv_request tlv_request challenge_v0 id_request_v0 success_request_with_credentials / ε | challenge_response_v0 tlv_success tlv_success challenge_response_v0 id_response_v0 success_response_v0]
Nov 25, 2025 4:43:13 PM de.learnlib.logging.LearnLogger logQuery
INFO: [ε | challenge_v0 tlv_request tlv_request challenge_v0 id_request_v0 4_way_message_1 / ε | challenge_response_v0 tlv_success tlv_success challenge_response_v0 id_response_v0 4_way_message_2]
Nov 25, 2025 4:43:15 PM de.learnlib.logging.LearnLogger logQuery
INFO: [ε | challenge_v0 tlv_request tlv_request challenge_v0 id_request_v0 id_request_v0 / ε | challenge_response_v0 tlv_success tlv_success challenge_response_v0 id_response_v0 id_response_v0]
Nov 25, 2025 4:43:17 PM de.learnlib.logging.LearnLogger logQuery
INFO: [ε | challenge_v0 tlv_request tlv_request tlv_request id_request_v0 success_request_with_credentials / ε | challenge_response_v0 tlv_success tlv_success tlv_success id_response_v0 success_response_v0]
Nov 25, 2025 4:43:19 PM de.learnlib.logging.LearnLogger logQuery
INFO: [ε | challenge_v0 tlv_request tlv_request tlv_request id_request_v0 4_way_message_1 / ε | challenge_response_v0 tlv_success tlv_success tlv_success id_response_v0 4_way_message_2]
Nov 25, 2025 4:43:21 PM de.learnlib.logging.LearnLogger logQuery
INFO: [ε | challenge_v0 tlv_request tlv_request tlv_request id_request_v0 id_request_v0 / ε | challenge_response_v0 tlv_success tlv_success tlv_success id_response_v0 id_response_v0]
Nov 25, 2025 4:43:22 PM de.learnlib.logging.LearnLogger logQuery
INFO: [ε | challenge_v0 tlv_request tlv_request success_request_with_credentials id_request_v0 success_request_with_credentials / ε | challenge_response_v0 tlv_success tlv_success success_response_v0 id_response_v0 success_response_v0]
Nov 25, 2025 4:43:24 PM de.learnlib.logging.LearnLogger logQuery
INFO: [ε | challenge_v0 tlv_request tlv_request success_request_with_credentials id_request_v0 4_way_message_1 / ε | challenge_response_v0 tlv_success tlv_success success_response_v0 id_response_v0 4_way_message_2]
Nov 25, 2025 4:43:26 PM de.learnlib.logging.LearnLogger logQuery
INFO: [ε | challenge_v0 tlv_request tlv_request success_request_with_credentials id_request_v0 id_request_v0 / ε | challenge_response_v0 tlv_success tlv_success success_response_v0 id_response_v0 id_response_v0]
Nov 25, 2025 4:43:28 PM de.learnlib.logging.LearnLogger logQuery
INFO: [ε | challenge_v0 tlv_request tlv_request success_and_cryptobinding id_request_v0 success_request_with_credentials / ε | challenge_response_v0 tlv_success tlv_success tlv_success id_response_v0 success_response_v0]
Nov 25, 2025 4:43:30 PM de.learnlib.logging.LearnLogger logQuery
INFO: [ε | challenge_v0 tlv_request tlv_request success_and_cryptobinding id_request_v0 4_way_message_1 / ε | challenge_response_v0 tlv_success tlv_success tlv_success id_response_v0 4_way_message_2]
Nov 25, 2025 4:43:32 PM de.learnlib.logging.LearnLogger logQuery
INFO: [ε | challenge_v0 tlv_request tlv_request success_and_cryptobinding id_request_v0 id_request_v0 / ε | challenge_response_v0 tlv_success tlv_success tlv_success id_response_v0 id_response_v0]
Nov 25, 2025 4:43:34 PM de.learnlib.logging.LearnLogger logQuery
INFO: [ε | challenge_v0 tlv_request tlv_request eap_success id_request_v0 success_request_with_credentials / ε | challenge_response_v0 tlv_success tlv_success after_eap_success id_response_v0 success_response_v0]
Nov 25, 2025 4:43:36 PM de.learnlib.logging.LearnLogger logQuery
INFO: [ε | challenge_v0 tlv_request tlv_request eap_success id_request_v0 4_way_message_1 / ε | challenge_response_v0 tlv_success tlv_success after_eap_success id_response_v0 4_way_message_2]
Nov 25, 2025 4:43:39 PM de.learnlib.logging.LearnLogger logQuery
INFO: [ε | challenge_v0 tlv_request tlv_request eap_success id_request_v0 id_request_v0 / ε | challenge_response_v0 tlv_success tlv_success after_eap_success id_response_v0 id_response_v0]
Nov 25, 2025 4:43:41 PM de.learnlib.logging.LearnLogger logQuery
INFO: [ε | challenge_v0 tlv_request tlv_request id_request_v0 challenge_v0 / ε | challenge_response_v0 tlv_success tlv_success id_response_v0 challenge_response_v0]
Nov 25, 2025 4:43:42 PM de.learnlib.logging.LearnLogger logQuery
INFO: [ε | challenge_v0 tlv_request tlv_request id_request_v0 challenge_v0 success_request_with_credentials / ε | challenge_response_v0 tlv_success tlv_success id_response_v0 challenge_response_v0 success_response_v0]
Nov 25, 2025 4:43:44 PM de.learnlib.logging.LearnLogger logQuery
INFO: [ε | challenge_v0 tlv_request tlv_request id_request_v0 challenge_v0 4_way_message_1 / ε | challenge_response_v0 tlv_success tlv_success id_response_v0 challenge_response_v0 4_way_message_2]
Nov 25, 2025 4:43:46 PM de.learnlib.logging.LearnLogger logQuery
INFO: [ε | challenge_v0 tlv_request tlv_request id_request_v0 challenge_v0 id_request_v0 / ε | challenge_response_v0 tlv_success tlv_success id_response_v0 challenge_response_v0 id_response_v0]
Nov 25, 2025 4:43:48 PM de.learnlib.logging.LearnLogger logQuery
INFO: [ε | challenge_v0 tlv_request tlv_request challenge_v0 challenge_v0 / ε | challenge_response_v0 tlv_success tlv_success challenge_response_v0 challenge_response_v0]
Nov 25, 2025 4:43:50 PM de.learnlib.logging.LearnLogger logQuery
INFO: [ε | challenge_v0 tlv_request tlv_request challenge_v0 challenge_v0 success_request_with_credentials / ε | challenge_response_v0 tlv_success tlv_success challenge_response_v0 challenge_response_v0 success_response_v0]
Nov 25, 2025 4:43:51 PM de.learnlib.logging.LearnLogger logQuery
INFO: [ε | challenge_v0 tlv_request tlv_request challenge_v0 challenge_v0 4_way_message_1 / ε | challenge_response_v0 tlv_success tlv_success challenge_response_v0 challenge_response_v0 4_way_message_2]
Nov 25, 2025 4:43:53 PM de.learnlib.logging.LearnLogger logQuery
INFO: [ε | challenge_v0 tlv_request tlv_request challenge_v0 challenge_v0 id_request_v0 / ε | challenge_response_v0 tlv_success tlv_success challenge_response_v0 challenge_response_v0 id_response_v0]
Nov 25, 2025 4:43:55 PM de.learnlib.logging.LearnLogger logQuery
INFO: [ε | challenge_v0 tlv_request tlv_request tlv_request challenge_v0 / ε | challenge_response_v0 tlv_success tlv_success tlv_success challenge_response_v0]
Nov 25, 2025 4:43:57 PM de.learnlib.logging.LearnLogger logQuery
INFO: [ε | challenge_v0 tlv_request tlv_request tlv_request challenge_v0 success_request_with_credentials / ε | challenge_response_v0 tlv_success tlv_success tlv_success challenge_response_v0 success_response_v0]
Nov 25, 2025 4:43:59 PM de.learnlib.logging.LearnLogger logQuery
INFO: [ε | challenge_v0 tlv_request tlv_request tlv_request challenge_v0 4_way_message_1 / ε | challenge_response_v0 tlv_success tlv_success tlv_success challenge_response_v0 4_way_message_2]
Nov 25, 2025 4:44:01 PM de.learnlib.logging.LearnLogger logQuery
INFO: [ε | challenge_v0 tlv_request tlv_request tlv_request challenge_v0 id_request_v0 / ε | challenge_response_v0 tlv_success tlv_success tlv_success challenge_response_v0 id_response_v0]
Nov 25, 2025 4:44:02 PM de.learnlib.logging.LearnLogger logQuery
INFO: [ε | challenge_v0 tlv_request tlv_request success_request_with_credentials challenge_v0 / ε | challenge_response_v0 tlv_success tlv_success success_response_v0 challenge_response_v0]
Nov 25, 2025 4:44:04 PM de.learnlib.logging.LearnLogger logQuery
INFO: [ε | challenge_v0 tlv_request tlv_request success_request_with_credentials challenge_v0 success_request_with_credentials / ε | challenge_response_v0 tlv_success tlv_success success_response_v0 challenge_response_v0 success_response_v0]
Nov 25, 2025 4:44:06 PM de.learnlib.logging.LearnLogger logQuery
INFO: [ε | challenge_v0 tlv_request tlv_request success_request_with_credentials challenge_v0 4_way_message_1 / ε | challenge_response_v0 tlv_success tlv_success success_response_v0 challenge_response_v0 4_way_message_2]
Nov 25, 2025 4:44:08 PM de.learnlib.logging.LearnLogger logQuery
INFO: [ε | challenge_v0 tlv_request tlv_request success_request_with_credentials challenge_v0 id_request_v0 / ε | challenge_response_v0 tlv_success tlv_success success_response_v0 challenge_response_v0 id_response_v0]
Nov 25, 2025 4:44:10 PM de.learnlib.logging.LearnLogger logQuery
INFO: [ε | challenge_v0 tlv_request tlv_request success_and_cryptobinding challenge_v0 / ε | challenge_response_v0 tlv_success tlv_success tlv_success challenge_response_v0]
Nov 25, 2025 4:44:12 PM de.learnlib.logging.LearnLogger logQuery
INFO: [ε | challenge_v0 tlv_request tlv_request success_and_cryptobinding challenge_v0 success_request_with_credentials / ε | challenge_response_v0 tlv_success tlv_success tlv_success challenge_response_v0 success_response_v0]
Nov 25, 2025 4:44:14 PM de.learnlib.logging.LearnLogger logQuery
INFO: [ε | challenge_v0 tlv_request tlv_request success_and_cryptobinding challenge_v0 4_way_message_1 / ε | challenge_response_v0 tlv_success tlv_success tlv_success challenge_response_v0 4_way_message_2]
Nov 25, 2025 4:44:15 PM de.learnlib.logging.LearnLogger logQuery
INFO: [ε | challenge_v0 tlv_request tlv_request success_and_cryptobinding challenge_v0 id_request_v0 / ε | challenge_response_v0 tlv_success tlv_success tlv_success challenge_response_v0 id_response_v0]
Nov 25, 2025 4:44:18 PM de.learnlib.logging.LearnLogger logQuery
INFO: [ε | challenge_v0 tlv_request tlv_request eap_success challenge_v0 / ε | challenge_response_v0 tlv_success tlv_success after_eap_success challenge_response_v0]
Nov 25, 2025 4:44:20 PM de.learnlib.logging.LearnLogger logQuery
INFO: [ε | challenge_v0 tlv_request tlv_request eap_success challenge_v0 success_request_with_credentials / ε | challenge_response_v0 tlv_success tlv_success after_eap_success challenge_response_v0 success_response_v0]
Nov 25, 2025 4:44:22 PM de.learnlib.logging.LearnLogger logQuery
INFO: [ε | challenge_v0 tlv_request tlv_request eap_success challenge_v0 4_way_message_1 / ε | challenge_response_v0 tlv_success tlv_success after_eap_success challenge_response_v0 4_way_message_2]
Nov 25, 2025 4:44:24 PM de.learnlib.logging.LearnLogger logQuery
INFO: [ε | challenge_v0 tlv_request tlv_request eap_success challenge_v0 id_request_v0 / ε | challenge_response_v0 tlv_success tlv_success after_eap_success challenge_response_v0 id_response_v0]
Nov 25, 2025 4:44:26 PM de.learnlib.logging.LearnLogger logQuery
INFO: [ε | challenge_v0 tlv_request tlv_request id_request_v0 tlv_request / ε | challenge_response_v0 tlv_success tlv_success id_response_v0 tlv_success]
Nov 25, 2025 4:44:28 PM de.learnlib.logging.LearnLogger logQuery
INFO: [ε | challenge_v0 tlv_request tlv_request id_request_v0 tlv_request success_request_with_credentials / ε | challenge_response_v0 tlv_success tlv_success id_response_v0 tlv_success success_response_v0]
Nov 25, 2025 4:44:30 PM de.learnlib.logging.LearnLogger logQuery
INFO: [ε | challenge_v0 tlv_request tlv_request id_request_v0 tlv_request 4_way_message_1 / ε | challenge_response_v0 tlv_success tlv_success id_response_v0 tlv_success 4_way_message_2]
Nov 25, 2025 4:44:32 PM de.learnlib.logging.LearnLogger logQuery
INFO: [ε | challenge_v0 tlv_request tlv_request id_request_v0 tlv_request id_request_v0 / ε | challenge_response_v0 tlv_success tlv_success id_response_v0 tlv_success id_response_v0]
Nov 25, 2025 4:44:34 PM de.learnlib.logging.LearnLogger logQuery
INFO: [ε | challenge_v0 tlv_request tlv_request challenge_v0 tlv_request / ε | challenge_response_v0 tlv_success tlv_success challenge_response_v0 tlv_success]
Nov 25, 2025 4:44:35 PM de.learnlib.logging.LearnLogger logQuery
INFO: [ε | challenge_v0 tlv_request tlv_request challenge_v0 tlv_request success_request_with_credentials / ε | challenge_response_v0 tlv_success tlv_success challenge_response_v0 tlv_success success_response_v0]
Nov 25, 2025 4:44:37 PM de.learnlib.logging.LearnLogger logQuery
INFO: [ε | challenge_v0 tlv_request tlv_request challenge_v0 tlv_request 4_way_message_1 / ε | challenge_response_v0 tlv_success tlv_success challenge_response_v0 tlv_success 4_way_message_2]
Nov 25, 2025 4:44:39 PM de.learnlib.logging.LearnLogger logQuery
INFO: [ε | challenge_v0 tlv_request tlv_request challenge_v0 tlv_request id_request_v0 / ε | challenge_response_v0 tlv_success tlv_success challenge_response_v0 tlv_success id_response_v0]
Nov 25, 2025 4:44:41 PM de.learnlib.logging.LearnLogger logQuery
INFO: [ε | challenge_v0 tlv_request tlv_request tlv_request tlv_request / ε | challenge_response_v0 tlv_success tlv_success tlv_success tlv_success]
Nov 25, 2025 4:44:43 PM de.learnlib.logging.LearnLogger logQuery
INFO: [ε | challenge_v0 tlv_request tlv_request tlv_request tlv_request success_request_with_credentials / ε | challenge_response_v0 tlv_success tlv_success tlv_success tlv_success success_response_v0]
Nov 25, 2025 4:44:45 PM de.learnlib.logging.LearnLogger logQuery
INFO: [ε | challenge_v0 tlv_request tlv_request tlv_request tlv_request 4_way_message_1 / ε | challenge_response_v0 tlv_success tlv_success tlv_success tlv_success 4_way_message_2]
Nov 25, 2025 4:44:47 PM de.learnlib.logging.LearnLogger logQuery
INFO: [ε | challenge_v0 tlv_request tlv_request tlv_request tlv_request id_request_v0 / ε | challenge_response_v0 tlv_success tlv_success tlv_success tlv_success id_response_v0]
Nov 25, 2025 4:44:48 PM de.learnlib.logging.LearnLogger logQuery
INFO: [ε | challenge_v0 tlv_request tlv_request success_request_with_credentials tlv_request / ε | challenge_response_v0 tlv_success tlv_success success_response_v0 tlv_success]
Nov 25, 2025 4:44:50 PM de.learnlib.logging.LearnLogger logQuery
INFO: [ε | challenge_v0 tlv_request tlv_request success_request_with_credentials tlv_request success_request_with_credentials / ε | challenge_response_v0 tlv_success tlv_success success_response_v0 tlv_success success_response_v0]
Nov 25, 2025 4:44:52 PM de.learnlib.logging.LearnLogger logQuery
INFO: [ε | challenge_v0 tlv_request tlv_request success_request_with_credentials tlv_request 4_way_message_1 / ε | challenge_response_v0 tlv_success tlv_success success_response_v0 tlv_success 4_way_message_2]
Nov 25, 2025 4:44:54 PM de.learnlib.logging.LearnLogger logQuery
INFO: [ε | challenge_v0 tlv_request tlv_request success_request_with_credentials tlv_request id_request_v0 / ε | challenge_response_v0 tlv_success tlv_success success_response_v0 tlv_success id_response_v0]
Nov 25, 2025 4:44:56 PM de.learnlib.logging.LearnLogger logQuery
INFO: [ε | challenge_v0 tlv_request tlv_request success_and_cryptobinding tlv_request / ε | challenge_response_v0 tlv_success tlv_success tlv_success tlv_success]
Nov 25, 2025 4:44:58 PM de.learnlib.logging.LearnLogger logQuery
INFO: [ε | challenge_v0 tlv_request tlv_request success_and_cryptobinding tlv_request success_request_with_credentials / ε | challenge_response_v0 tlv_success tlv_success tlv_success tlv_success success_response_v0]
Nov 25, 2025 4:45:00 PM de.learnlib.logging.LearnLogger logQuery
INFO: [ε | challenge_v0 tlv_request tlv_request success_and_cryptobinding tlv_request 4_way_message_1 / ε | challenge_response_v0 tlv_success tlv_success tlv_success tlv_success 4_way_message_2]
Nov 25, 2025 4:45:02 PM de.learnlib.logging.LearnLogger logQuery
INFO: [ε | challenge_v0 tlv_request tlv_request success_and_cryptobinding tlv_request id_request_v0 / ε | challenge_response_v0 tlv_success tlv_success tlv_success tlv_success id_response_v0]
Nov 25, 2025 4:45:04 PM de.learnlib.logging.LearnLogger logQuery
INFO: [ε | challenge_v0 tlv_request tlv_request eap_success tlv_request / ε | challenge_response_v0 tlv_success tlv_success after_eap_success tlv_success]
Nov 25, 2025 4:45:06 PM de.learnlib.logging.LearnLogger logQuery
INFO: [ε | challenge_v0 tlv_request tlv_request eap_success tlv_request success_request_with_credentials / ε | challenge_response_v0 tlv_success tlv_success after_eap_success tlv_success success_response_v0]
Nov 25, 2025 4:45:09 PM de.learnlib.logging.LearnLogger logQuery
INFO: [ε | challenge_v0 tlv_request tlv_request eap_success tlv_request 4_way_message_1 / ε | challenge_response_v0 tlv_success tlv_success after_eap_success tlv_success 4_way_message_2]
Nov 25, 2025 4:45:11 PM de.learnlib.logging.LearnLogger logQuery
INFO: [ε | challenge_v0 tlv_request tlv_request eap_success tlv_request id_request_v0 / ε | challenge_response_v0 tlv_success tlv_success after_eap_success tlv_success id_response_v0]
Nov 25, 2025 4:45:13 PM de.learnlib.logging.LearnLogger logQuery
INFO: [ε | challenge_v0 tlv_request tlv_request id_request_v0 tlv_failure / ε | challenge_response_v0 tlv_success tlv_success id_response_v0 tlv_failure]
Nov 25, 2025 4:45:15 PM de.learnlib.logging.LearnLogger logQuery
INFO: [ε | challenge_v0 tlv_request tlv_request challenge_v0 tlv_failure / ε | challenge_response_v0 tlv_success tlv_success challenge_response_v0 tlv_failure]
Nov 25, 2025 4:45:17 PM de.learnlib.logging.LearnLogger logQuery
INFO: [ε | challenge_v0 tlv_request tlv_request tlv_request tlv_failure / ε | challenge_response_v0 tlv_success tlv_success tlv_success tlv_failure]
Nov 25, 2025 4:45:19 PM de.learnlib.logging.LearnLogger logQuery
INFO: [ε | challenge_v0 tlv_request tlv_request success_request_with_credentials tlv_failure / ε | challenge_response_v0 tlv_success tlv_success success_response_v0 tlv_failure]
Nov 25, 2025 4:45:21 PM de.learnlib.logging.LearnLogger logQuery
INFO: [ε | challenge_v0 tlv_request tlv_request success_and_cryptobinding tlv_failure / ε | challenge_response_v0 tlv_success tlv_success tlv_success tlv_failure]
Nov 25, 2025 4:45:23 PM de.learnlib.logging.LearnLogger logQuery
INFO: [ε | challenge_v0 tlv_request tlv_request eap_success tlv_failure / ε | challenge_response_v0 tlv_success tlv_success after_eap_success tlv_failure]
Nov 25, 2025 4:45:25 PM de.learnlib.logging.LearnLogger logQuery
INFO: [ε | challenge_v0 tlv_request tlv_request id_request_v0 success_request_all_zeros / ε | challenge_response_v0 tlv_success tlv_success id_response_v0 no_reply]
Nov 25, 2025 4:45:28 PM de.learnlib.logging.LearnLogger logQuery
INFO: [ε | challenge_v0 tlv_request tlv_request challenge_v0 success_request_all_zeros / ε | challenge_response_v0 tlv_success tlv_success challenge_response_v0 no_reply]
Nov 25, 2025 4:45:30 PM de.learnlib.logging.LearnLogger logQuery
INFO: [ε | challenge_v0 tlv_request tlv_request tlv_request success_request_all_zeros / ε | challenge_response_v0 tlv_success tlv_success tlv_success no_reply]
Nov 25, 2025 4:45:33 PM de.learnlib.logging.LearnLogger logQuery
INFO: [ε | challenge_v0 tlv_request tlv_request success_request_with_credentials success_request_all_zeros / ε | challenge_response_v0 tlv_success tlv_success success_response_v0 no_reply]
Nov 25, 2025 4:45:35 PM de.learnlib.logging.LearnLogger logQuery
INFO: [ε | challenge_v0 tlv_request tlv_request success_and_cryptobinding success_request_all_zeros / ε | challenge_response_v0 tlv_success tlv_success tlv_success no_reply]
Nov 25, 2025 4:45:38 PM de.learnlib.logging.LearnLogger logQuery
INFO: [ε | challenge_v0 tlv_request tlv_request eap_success success_request_all_zeros / ε | challenge_response_v0 tlv_success tlv_success after_eap_success no_reply]
Nov 25, 2025 4:45:40 PM de.learnlib.logging.LearnLogger logQuery
INFO: [ε | challenge_v0 tlv_request tlv_request id_request_v0 success_request_with_credentials success_request_with_credentials / ε | challenge_response_v0 tlv_success tlv_success id_response_v0 success_response_v0 success_response_v0]
Nov 25, 2025 4:45:42 PM de.learnlib.logging.LearnLogger logQuery
INFO: [ε | challenge_v0 tlv_request tlv_request id_request_v0 success_request_with_credentials 4_way_message_1 / ε | challenge_response_v0 tlv_success tlv_success id_response_v0 success_response_v0 4_way_message_2]
Nov 25, 2025 4:45:43 PM de.learnlib.logging.LearnLogger logQuery
INFO: [ε | challenge_v0 tlv_request tlv_request id_request_v0 success_request_with_credentials id_request_v0 / ε | challenge_response_v0 tlv_success tlv_success id_response_v0 success_response_v0 id_response_v0]
Nov 25, 2025 4:45:45 PM de.learnlib.logging.LearnLogger logQuery
INFO: [ε | challenge_v0 tlv_request tlv_request challenge_v0 success_request_with_credentials success_request_with_credentials / ε | challenge_response_v0 tlv_success tlv_success challenge_response_v0 success_response_v0 success_response_v0]
Nov 25, 2025 4:45:47 PM de.learnlib.logging.LearnLogger logQuery
INFO: [ε | challenge_v0 tlv_request tlv_request challenge_v0 success_request_with_credentials 4_way_message_1 / ε | challenge_response_v0 tlv_success tlv_success challenge_response_v0 success_response_v0 4_way_message_2]
Nov 25, 2025 4:45:49 PM de.learnlib.logging.LearnLogger logQuery
INFO: [ε | challenge_v0 tlv_request tlv_request challenge_v0 success_request_with_credentials id_request_v0 / ε | challenge_response_v0 tlv_success tlv_success challenge_response_v0 success_response_v0 id_response_v0]
Nov 25, 2025 4:45:51 PM de.learnlib.logging.LearnLogger logQuery
INFO: [ε | challenge_v0 tlv_request tlv_request tlv_request success_request_with_credentials success_request_with_credentials / ε | challenge_response_v0 tlv_success tlv_success tlv_success success_response_v0 success_response_v0]
Nov 25, 2025 4:45:53 PM de.learnlib.logging.LearnLogger logQuery
INFO: [ε | challenge_v0 tlv_request tlv_request tlv_request success_request_with_credentials 4_way_message_1 / ε | challenge_response_v0 tlv_success tlv_success tlv_success success_response_v0 4_way_message_2]
Nov 25, 2025 4:45:55 PM de.learnlib.logging.LearnLogger logQuery
INFO: [ε | challenge_v0 tlv_request tlv_request tlv_request success_request_with_credentials id_request_v0 / ε | challenge_response_v0 tlv_success tlv_success tlv_success success_response_v0 id_response_v0]
Nov 25, 2025 4:45:57 PM de.learnlib.logging.LearnLogger logQuery
INFO: [ε | challenge_v0 tlv_request tlv_request success_request_with_credentials success_request_with_credentials success_request_with_credentials / ε | challenge_response_v0 tlv_success tlv_success success_response_v0 success_response_v0 success_response_v0]
Nov 25, 2025 4:45:59 PM de.learnlib.logging.LearnLogger logQuery
INFO: [ε | challenge_v0 tlv_request tlv_request success_request_with_credentials success_request_with_credentials 4_way_message_1 / ε | challenge_response_v0 tlv_success tlv_success success_response_v0 success_response_v0 4_way_message_2]
Nov 25, 2025 4:46:00 PM de.learnlib.logging.LearnLogger logQuery
INFO: [ε | challenge_v0 tlv_request tlv_request success_request_with_credentials success_request_with_credentials id_request_v0 / ε | challenge_response_v0 tlv_success tlv_success success_response_v0 success_response_v0 id_response_v0]
Nov 25, 2025 4:46:02 PM de.learnlib.logging.LearnLogger logQuery
INFO: [ε | challenge_v0 tlv_request tlv_request success_and_cryptobinding success_request_with_credentials success_request_with_credentials / ε | challenge_response_v0 tlv_success tlv_success tlv_success success_response_v0 success_response_v0]
Nov 25, 2025 4:46:04 PM de.learnlib.logging.LearnLogger logQuery
INFO: [ε | challenge_v0 tlv_request tlv_request success_and_cryptobinding success_request_with_credentials 4_way_message_1 / ε | challenge_response_v0 tlv_success tlv_success tlv_success success_response_v0 4_way_message_2]
Nov 25, 2025 4:46:06 PM de.learnlib.logging.LearnLogger logQuery
INFO: [ε | challenge_v0 tlv_request tlv_request success_and_cryptobinding success_request_with_credentials id_request_v0 / ε | challenge_response_v0 tlv_success tlv_success tlv_success success_response_v0 id_response_v0]
Nov 25, 2025 4:46:08 PM de.learnlib.logging.LearnLogger logQuery
INFO: [ε | challenge_v0 tlv_request tlv_request eap_success success_request_with_credentials success_request_with_credentials / ε | challenge_response_v0 tlv_success tlv_success after_eap_success success_response_v0 success_response_v0]
Nov 25, 2025 4:46:11 PM de.learnlib.logging.LearnLogger logQuery
INFO: [ε | challenge_v0 tlv_request tlv_request eap_success success_request_with_credentials 4_way_message_1 / ε | challenge_response_v0 tlv_success tlv_success after_eap_success success_response_v0 4_way_message_2]
Nov 25, 2025 4:46:13 PM de.learnlib.logging.LearnLogger logQuery
INFO: [ε | challenge_v0 tlv_request tlv_request eap_success success_request_with_credentials id_request_v0 / ε | challenge_response_v0 tlv_success tlv_success after_eap_success success_response_v0 id_response_v0]
Nov 25, 2025 4:46:15 PM de.learnlib.logging.LearnLogger logQuery
INFO: [ε | challenge_v0 tlv_request tlv_request id_request_v0 success_and_cryptobinding / ε | challenge_response_v0 tlv_success tlv_success id_response_v0 tlv_success]
Nov 25, 2025 4:46:16 PM de.learnlib.logging.LearnLogger logQuery
INFO: [ε | challenge_v0 tlv_request tlv_request id_request_v0 success_and_cryptobinding success_request_with_credentials / ε | challenge_response_v0 tlv_success tlv_success id_response_v0 tlv_success success_response_v0]
Nov 25, 2025 4:46:18 PM de.learnlib.logging.LearnLogger logQuery
INFO: [ε | challenge_v0 tlv_request tlv_request id_request_v0 success_and_cryptobinding 4_way_message_1 / ε | challenge_response_v0 tlv_success tlv_success id_response_v0 tlv_success 4_way_message_2]
Nov 25, 2025 4:46:20 PM de.learnlib.logging.LearnLogger logQuery
INFO: [ε | challenge_v0 tlv_request tlv_request id_request_v0 success_and_cryptobinding id_request_v0 / ε | challenge_response_v0 tlv_success tlv_success id_response_v0 tlv_success id_response_v0]
Nov 25, 2025 4:46:22 PM de.learnlib.logging.LearnLogger logQuery
INFO: [ε | challenge_v0 tlv_request tlv_request challenge_v0 success_and_cryptobinding / ε | challenge_response_v0 tlv_success tlv_success challenge_response_v0 tlv_success]
Nov 25, 2025 4:46:24 PM de.learnlib.logging.LearnLogger logQuery
INFO: [ε | challenge_v0 tlv_request tlv_request challenge_v0 success_and_cryptobinding success_request_with_credentials / ε | challenge_response_v0 tlv_success tlv_success challenge_response_v0 tlv_success success_response_v0]
Nov 25, 2025 4:46:26 PM de.learnlib.logging.LearnLogger logQuery
INFO: [ε | challenge_v0 tlv_request tlv_request challenge_v0 success_and_cryptobinding 4_way_message_1 / ε | challenge_response_v0 tlv_success tlv_success challenge_response_v0 tlv_success 4_way_message_2]
Nov 25, 2025 4:46:28 PM de.learnlib.logging.LearnLogger logQuery
INFO: [ε | challenge_v0 tlv_request tlv_request challenge_v0 success_and_cryptobinding id_request_v0 / ε | challenge_response_v0 tlv_success tlv_success challenge_response_v0 tlv_success id_response_v0]
Nov 25, 2025 4:46:29 PM de.learnlib.logging.LearnLogger logQuery
INFO: [ε | challenge_v0 tlv_request tlv_request tlv_request success_and_cryptobinding / ε | challenge_response_v0 tlv_success tlv_success tlv_success tlv_success]
Nov 25, 2025 4:46:31 PM de.learnlib.logging.LearnLogger logQuery
INFO: [ε | challenge_v0 tlv_request tlv_request tlv_request success_and_cryptobinding success_request_with_credentials / ε | challenge_response_v0 tlv_success tlv_success tlv_success tlv_success success_response_v0]
Nov 25, 2025 4:46:33 PM de.learnlib.logging.LearnLogger logQuery
INFO: [ε | challenge_v0 tlv_request tlv_request tlv_request success_and_cryptobinding 4_way_message_1 / ε | challenge_response_v0 tlv_success tlv_success tlv_success tlv_success 4_way_message_2]
Nov 25, 2025 4:46:34 PM de.learnlib.logging.LearnLogger logQuery
INFO: [ε | challenge_v0 tlv_request tlv_request tlv_request success_and_cryptobinding id_request_v0 / ε | challenge_response_v0 tlv_success tlv_success tlv_success tlv_success id_response_v0]
Nov 25, 2025 4:46:36 PM de.learnlib.logging.LearnLogger logQuery
INFO: [ε | challenge_v0 tlv_request tlv_request success_request_with_credentials success_and_cryptobinding / ε | challenge_response_v0 tlv_success tlv_success success_response_v0 tlv_success]
Nov 25, 2025 4:46:38 PM de.learnlib.logging.LearnLogger logQuery
INFO: [ε | challenge_v0 tlv_request tlv_request success_request_with_credentials success_and_cryptobinding success_request_with_credentials / ε | challenge_response_v0 tlv_success tlv_success success_response_v0 tlv_success success_response_v0]
Nov 25, 2025 4:46:40 PM de.learnlib.logging.LearnLogger logQuery
INFO: [ε | challenge_v0 tlv_request tlv_request success_request_with_credentials success_and_cryptobinding 4_way_message_1 / ε | challenge_response_v0 tlv_success tlv_success success_response_v0 tlv_success 4_way_message_2]
Nov 25, 2025 4:46:42 PM de.learnlib.logging.LearnLogger logQuery
INFO: [ε | challenge_v0 tlv_request tlv_request success_request_with_credentials success_and_cryptobinding id_request_v0 / ε | challenge_response_v0 tlv_success tlv_success success_response_v0 tlv_success id_response_v0]
Nov 25, 2025 4:46:44 PM de.learnlib.logging.LearnLogger logQuery
INFO: [ε | challenge_v0 tlv_request tlv_request success_and_cryptobinding success_and_cryptobinding / ε | challenge_response_v0 tlv_success tlv_success tlv_success tlv_success]
Nov 25, 2025 4:46:46 PM de.learnlib.logging.LearnLogger logQuery
INFO: [ε | challenge_v0 tlv_request tlv_request success_and_cryptobinding success_and_cryptobinding success_request_with_credentials / ε | challenge_response_v0 tlv_success tlv_success tlv_success tlv_success success_response_v0]
Nov 25, 2025 4:46:47 PM de.learnlib.logging.LearnLogger logQuery
INFO: [ε | challenge_v0 tlv_request tlv_request success_and_cryptobinding success_and_cryptobinding 4_way_message_1 / ε | challenge_response_v0 tlv_success tlv_success tlv_success tlv_success 4_way_message_2]
Nov 25, 2025 4:46:49 PM de.learnlib.logging.LearnLogger logQuery
INFO: [ε | challenge_v0 tlv_request tlv_request success_and_cryptobinding success_and_cryptobinding id_request_v0 / ε | challenge_response_v0 tlv_success tlv_success tlv_success tlv_success id_response_v0]
Nov 25, 2025 4:46:51 PM de.learnlib.logging.LearnLogger logQuery
INFO: [ε | challenge_v0 tlv_request tlv_request eap_success success_and_cryptobinding / ε | challenge_response_v0 tlv_success tlv_success after_eap_success tlv_success]
Nov 25, 2025 4:46:54 PM de.learnlib.logging.LearnLogger logQuery
INFO: [ε | challenge_v0 tlv_request tlv_request eap_success success_and_cryptobinding success_request_with_credentials / ε | challenge_response_v0 tlv_success tlv_success after_eap_success tlv_success success_response_v0]
Nov 25, 2025 4:46:56 PM de.learnlib.logging.LearnLogger logQuery
INFO: [ε | challenge_v0 tlv_request tlv_request eap_success success_and_cryptobinding 4_way_message_1 / ε | challenge_response_v0 tlv_success tlv_success after_eap_success tlv_success 4_way_message_2]
Nov 25, 2025 4:46:58 PM de.learnlib.logging.LearnLogger logQuery
INFO: [ε | challenge_v0 tlv_request tlv_request eap_success success_and_cryptobinding id_request_v0 / ε | challenge_response_v0 tlv_success tlv_success after_eap_success tlv_success id_response_v0]
Nov 25, 2025 4:47:01 PM de.learnlib.logging.LearnLogger logQuery
INFO: [ε | challenge_v0 tlv_request tlv_request id_request_v0 cryptobinding / ε | challenge_response_v0 tlv_success tlv_success id_response_v0 no_reply]
Nov 25, 2025 4:47:03 PM de.learnlib.logging.LearnLogger logQuery
INFO: [ε | challenge_v0 tlv_request tlv_request challenge_v0 cryptobinding / ε | challenge_response_v0 tlv_success tlv_success challenge_response_v0 no_reply]
Nov 25, 2025 4:47:05 PM de.learnlib.logging.LearnLogger logQuery
INFO: [ε | challenge_v0 tlv_request tlv_request tlv_request cryptobinding / ε | challenge_response_v0 tlv_success tlv_success tlv_success no_reply]
Nov 25, 2025 4:47:08 PM de.learnlib.logging.LearnLogger logQuery
INFO: [ε | challenge_v0 tlv_request tlv_request success_request_with_credentials cryptobinding / ε | challenge_response_v0 tlv_success tlv_success success_response_v0 no_reply]
Nov 25, 2025 4:47:10 PM de.learnlib.logging.LearnLogger logQuery
INFO: [ε | challenge_v0 tlv_request tlv_request success_and_cryptobinding cryptobinding / ε | challenge_response_v0 tlv_success tlv_success tlv_success no_reply]
Nov 25, 2025 4:47:13 PM de.learnlib.logging.LearnLogger logQuery
INFO: [ε | challenge_v0 tlv_request tlv_request eap_success cryptobinding / ε | challenge_response_v0 tlv_success tlv_success after_eap_success no_reply]
Nov 25, 2025 4:47:16 PM de.learnlib.logging.LearnLogger logQuery
INFO: [ε | challenge_v0 tlv_request tlv_request id_request_v0 eap_success / ε | challenge_response_v0 tlv_success tlv_success id_response_v0 after_eap_success]
Nov 25, 2025 4:47:18 PM de.learnlib.logging.LearnLogger logQuery
INFO: [ε | challenge_v0 tlv_request tlv_request id_request_v0 eap_success success_request_with_credentials / ε | challenge_response_v0 tlv_success tlv_success id_response_v0 after_eap_success success_response_v0]
Nov 25, 2025 4:47:20 PM de.learnlib.logging.LearnLogger logQuery
INFO: [ε | challenge_v0 tlv_request tlv_request id_request_v0 eap_success 4_way_message_1 / ε | challenge_response_v0 tlv_success tlv_success id_response_v0 after_eap_success 4_way_message_2]
Nov 25, 2025 4:47:22 PM de.learnlib.logging.LearnLogger logQuery
INFO: [ε | challenge_v0 tlv_request tlv_request id_request_v0 eap_success id_request_v0 / ε | challenge_response_v0 tlv_success tlv_success id_response_v0 after_eap_success id_response_v0]
Nov 25, 2025 4:47:25 PM de.learnlib.logging.LearnLogger logQuery
INFO: [ε | challenge_v0 tlv_request tlv_request challenge_v0 eap_success / ε | challenge_response_v0 tlv_success tlv_success challenge_response_v0 after_eap_success]
Nov 25, 2025 4:47:27 PM de.learnlib.logging.LearnLogger logQuery
INFO: [ε | challenge_v0 tlv_request tlv_request challenge_v0 eap_success success_request_with_credentials / ε | challenge_response_v0 tlv_success tlv_success challenge_response_v0 after_eap_success success_response_v0]
Nov 25, 2025 4:47:29 PM de.learnlib.logging.LearnLogger logQuery
INFO: [ε | challenge_v0 tlv_request tlv_request challenge_v0 eap_success 4_way_message_1 / ε | challenge_response_v0 tlv_success tlv_success challenge_response_v0 after_eap_success 4_way_message_2]
Nov 25, 2025 4:47:31 PM de.learnlib.logging.LearnLogger logQuery
INFO: [ε | challenge_v0 tlv_request tlv_request challenge_v0 eap_success id_request_v0 / ε | challenge_response_v0 tlv_success tlv_success challenge_response_v0 after_eap_success id_response_v0]
Nov 25, 2025 4:47:34 PM de.learnlib.logging.LearnLogger logQuery
INFO: [ε | challenge_v0 tlv_request tlv_request tlv_request eap_success / ε | challenge_response_v0 tlv_success tlv_success tlv_success after_eap_success]
Nov 25, 2025 4:47:36 PM de.learnlib.logging.LearnLogger logQuery
INFO: [ε | challenge_v0 tlv_request tlv_request tlv_request eap_success success_request_with_credentials / ε | challenge_response_v0 tlv_success tlv_success tlv_success after_eap_success success_response_v0]
Nov 25, 2025 4:47:38 PM de.learnlib.logging.LearnLogger logQuery
INFO: [ε | challenge_v0 tlv_request tlv_request tlv_request eap_success 4_way_message_1 / ε | challenge_response_v0 tlv_success tlv_success tlv_success after_eap_success 4_way_message_2]
Nov 25, 2025 4:47:40 PM de.learnlib.logging.LearnLogger logQuery
INFO: [ε | challenge_v0 tlv_request tlv_request tlv_request eap_success id_request_v0 / ε | challenge_response_v0 tlv_success tlv_success tlv_success after_eap_success id_response_v0]
Nov 25, 2025 4:47:42 PM de.learnlib.logging.LearnLogger logQuery
INFO: [ε | challenge_v0 tlv_request tlv_request success_request_with_credentials eap_success / ε | challenge_response_v0 tlv_success tlv_success success_response_v0 after_eap_success]
Nov 25, 2025 4:47:45 PM de.learnlib.logging.LearnLogger logQuery
INFO: [ε | challenge_v0 tlv_request tlv_request success_request_with_credentials eap_success success_request_with_credentials / ε | challenge_response_v0 tlv_success tlv_success success_response_v0 after_eap_success success_response_v0]
Nov 25, 2025 4:47:47 PM de.learnlib.logging.LearnLogger logQuery
INFO: [ε | challenge_v0 tlv_request tlv_request success_request_with_credentials eap_success 4_way_message_1 / ε | challenge_response_v0 tlv_success tlv_success success_response_v0 after_eap_success 4_way_message_2]
Nov 25, 2025 4:47:49 PM de.learnlib.logging.LearnLogger logQuery
INFO: [ε | challenge_v0 tlv_request tlv_request success_request_with_credentials eap_success id_request_v0 / ε | challenge_response_v0 tlv_success tlv_success success_response_v0 after_eap_success id_response_v0]
Nov 25, 2025 4:47:51 PM de.learnlib.logging.LearnLogger logQuery
INFO: [ε | challenge_v0 tlv_request tlv_request success_and_cryptobinding eap_success / ε | challenge_response_v0 tlv_success tlv_success tlv_success after_eap_success]
Nov 25, 2025 4:47:53 PM de.learnlib.logging.LearnLogger logQuery
INFO: [ε | challenge_v0 tlv_request tlv_request success_and_cryptobinding eap_success success_request_with_credentials / ε | challenge_response_v0 tlv_success tlv_success tlv_success after_eap_success success_response_v0]
Nov 25, 2025 4:47:56 PM de.learnlib.logging.LearnLogger logQuery
INFO: [ε | challenge_v0 tlv_request tlv_request success_and_cryptobinding eap_success 4_way_message_1 / ε | challenge_response_v0 tlv_success tlv_success tlv_success after_eap_success 4_way_message_2]
Nov 25, 2025 4:47:58 PM de.learnlib.logging.LearnLogger logQuery
INFO: [ε | challenge_v0 tlv_request tlv_request success_and_cryptobinding eap_success id_request_v0 / ε | challenge_response_v0 tlv_success tlv_success tlv_success after_eap_success id_response_v0]
Nov 25, 2025 4:48:01 PM de.learnlib.logging.LearnLogger logQuery
INFO: [ε | challenge_v0 tlv_request tlv_request eap_success eap_success / ε | challenge_response_v0 tlv_success tlv_success after_eap_success after_eap_success]
Nov 25, 2025 4:48:03 PM de.learnlib.logging.LearnLogger logQuery
INFO: [ε | challenge_v0 tlv_request tlv_request eap_success eap_success success_request_with_credentials / ε | challenge_response_v0 tlv_success tlv_success after_eap_success after_eap_success success_response_v0]
Nov 25, 2025 4:48:06 PM de.learnlib.logging.LearnLogger logQuery
INFO: [ε | challenge_v0 tlv_request tlv_request eap_success eap_success 4_way_message_1 / ε | challenge_response_v0 tlv_success tlv_success after_eap_success after_eap_success 4_way_message_2]
Nov 25, 2025 4:48:09 PM de.learnlib.logging.LearnLogger logQuery
INFO: [ε | challenge_v0 tlv_request tlv_request eap_success eap_success id_request_v0 / ε | challenge_response_v0 tlv_success tlv_success after_eap_success after_eap_success id_response_v0]
Nov 25, 2025 4:48:11 PM de.learnlib.logging.LearnLogger logQuery
INFO: [ε | challenge_v0 tlv_request success_request_with_credentials id_request_v0 id_request_v0 success_request_with_credentials / ε | challenge_response_v0 tlv_success success_response_v0 id_response_v0 id_response_v0 success_response_v0]
Nov 25, 2025 4:48:13 PM de.learnlib.logging.LearnLogger logQuery
INFO: [ε | challenge_v0 tlv_request success_request_with_credentials id_request_v0 id_request_v0 4_way_message_1 / ε | challenge_response_v0 tlv_success success_response_v0 id_response_v0 id_response_v0 4_way_message_2]
Nov 25, 2025 4:48:15 PM de.learnlib.logging.LearnLogger logQuery
INFO: [ε | challenge_v0 tlv_request success_request_with_credentials id_request_v0 id_request_v0 id_request_v0 / ε | challenge_response_v0 tlv_success success_response_v0 id_response_v0 id_response_v0 id_response_v0]
Nov 25, 2025 4:48:16 PM de.learnlib.logging.LearnLogger logQuery
INFO: [ε | challenge_v0 tlv_request success_request_with_credentials challenge_v0 id_request_v0 success_request_with_credentials / ε | challenge_response_v0 tlv_success success_response_v0 challenge_response_v0 id_response_v0 success_response_v0]
Nov 25, 2025 4:48:18 PM de.learnlib.logging.LearnLogger logQuery
INFO: [ε | challenge_v0 tlv_request success_request_with_credentials challenge_v0 id_request_v0 4_way_message_1 / ε | challenge_response_v0 tlv_success success_response_v0 challenge_response_v0 id_response_v0 4_way_message_2]
Nov 25, 2025 4:48:20 PM de.learnlib.logging.LearnLogger logQuery
INFO: [ε | challenge_v0 tlv_request success_request_with_credentials challenge_v0 id_request_v0 id_request_v0 / ε | challenge_response_v0 tlv_success success_response_v0 challenge_response_v0 id_response_v0 id_response_v0]
Nov 25, 2025 4:48:22 PM de.learnlib.logging.LearnLogger logQuery
INFO: [ε | challenge_v0 tlv_request success_request_with_credentials tlv_request id_request_v0 success_request_with_credentials / ε | challenge_response_v0 tlv_success success_response_v0 tlv_success id_response_v0 success_response_v0]
Nov 25, 2025 4:48:24 PM de.learnlib.logging.LearnLogger logQuery
INFO: [ε | challenge_v0 tlv_request success_request_with_credentials tlv_request id_request_v0 4_way_message_1 / ε | challenge_response_v0 tlv_success success_response_v0 tlv_success id_response_v0 4_way_message_2]
Nov 25, 2025 4:48:26 PM de.learnlib.logging.LearnLogger logQuery
INFO: [ε | challenge_v0 tlv_request success_request_with_credentials tlv_request id_request_v0 id_request_v0 / ε | challenge_response_v0 tlv_success success_response_v0 tlv_success id_response_v0 id_response_v0]
Nov 25, 2025 4:48:28 PM de.learnlib.logging.LearnLogger logQuery
INFO: [ε | challenge_v0 tlv_request success_request_with_credentials success_request_with_credentials id_request_v0 success_request_with_credentials / ε | challenge_response_v0 tlv_success success_response_v0 success_response_v0 id_response_v0 success_response_v0]
Nov 25, 2025 4:48:29 PM de.learnlib.logging.LearnLogger logQuery
INFO: [ε | challenge_v0 tlv_request success_request_with_credentials success_request_with_credentials id_request_v0 4_way_message_1 / ε | challenge_response_v0 tlv_success success_response_v0 success_response_v0 id_response_v0 4_way_message_2]
Nov 25, 2025 4:48:31 PM de.learnlib.logging.LearnLogger logQuery
INFO: [ε | challenge_v0 tlv_request success_request_with_credentials success_request_with_credentials id_request_v0 id_request_v0 / ε | challenge_response_v0 tlv_success success_response_v0 success_response_v0 id_response_v0 id_response_v0]
Nov 25, 2025 4:48:33 PM de.learnlib.logging.LearnLogger logQuery
INFO: [ε | challenge_v0 tlv_request success_request_with_credentials success_and_cryptobinding id_request_v0 success_request_with_credentials / ε | challenge_response_v0 tlv_success success_response_v0 tlv_success id_response_v0 success_response_v0]
Nov 25, 2025 4:48:35 PM de.learnlib.logging.LearnLogger logQuery
INFO: [ε | challenge_v0 tlv_request success_request_with_credentials success_and_cryptobinding id_request_v0 4_way_message_1 / ε | challenge_response_v0 tlv_success success_response_v0 tlv_success id_response_v0 4_way_message_2]
Nov 25, 2025 4:48:37 PM de.learnlib.logging.LearnLogger logQuery
INFO: [ε | challenge_v0 tlv_request success_request_with_credentials success_and_cryptobinding id_request_v0 id_request_v0 / ε | challenge_response_v0 tlv_success success_response_v0 tlv_success id_response_v0 id_response_v0]
Nov 25, 2025 4:48:40 PM de.learnlib.logging.LearnLogger logQuery
INFO: [ε | challenge_v0 tlv_request success_request_with_credentials eap_success id_request_v0 success_request_with_credentials / ε | challenge_response_v0 tlv_success success_response_v0 after_eap_success id_response_v0 success_response_v0]
Nov 25, 2025 4:48:42 PM de.learnlib.logging.LearnLogger logQuery
INFO: [ε | challenge_v0 tlv_request success_request_with_credentials eap_success id_request_v0 4_way_message_1 / ε | challenge_response_v0 tlv_success success_response_v0 after_eap_success id_response_v0 4_way_message_2]
Nov 25, 2025 4:48:44 PM de.learnlib.logging.LearnLogger logQuery
INFO: [ε | challenge_v0 tlv_request success_request_with_credentials eap_success id_request_v0 id_request_v0 / ε | challenge_response_v0 tlv_success success_response_v0 after_eap_success id_response_v0 id_response_v0]
Nov 25, 2025 4:48:46 PM de.learnlib.logging.LearnLogger logQuery
INFO: [ε | challenge_v0 tlv_request success_request_with_credentials id_request_v0 challenge_v0 / ε | challenge_response_v0 tlv_success success_response_v0 id_response_v0 challenge_response_v0]
Nov 25, 2025 4:48:48 PM de.learnlib.logging.LearnLogger logQuery
INFO: [ε | challenge_v0 tlv_request success_request_with_credentials id_request_v0 challenge_v0 success_request_with_credentials / ε | challenge_response_v0 tlv_success success_response_v0 id_response_v0 challenge_response_v0 success_response_v0]
Nov 25, 2025 4:48:50 PM de.learnlib.logging.LearnLogger logQuery
INFO: [ε | challenge_v0 tlv_request success_request_with_credentials id_request_v0 challenge_v0 4_way_message_1 / ε | challenge_response_v0 tlv_success success_response_v0 id_response_v0 challenge_response_v0 4_way_message_2]
Nov 25, 2025 4:48:52 PM de.learnlib.logging.LearnLogger logQuery
INFO: [ε | challenge_v0 tlv_request success_request_with_credentials id_request_v0 challenge_v0 id_request_v0 / ε | challenge_response_v0 tlv_success success_response_v0 id_response_v0 challenge_response_v0 id_response_v0]
Nov 25, 2025 4:48:53 PM de.learnlib.logging.LearnLogger logQuery
INFO: [ε | challenge_v0 tlv_request success_request_with_credentials challenge_v0 challenge_v0 / ε | challenge_response_v0 tlv_success success_response_v0 challenge_response_v0 challenge_response_v0]
Nov 25, 2025 4:48:55 PM de.learnlib.logging.LearnLogger logQuery
INFO: [ε | challenge_v0 tlv_request success_request_with_credentials challenge_v0 challenge_v0 success_request_with_credentials / ε | challenge_response_v0 tlv_success success_response_v0 challenge_response_v0 challenge_response_v0 success_response_v0]
Nov 25, 2025 4:48:57 PM de.learnlib.logging.LearnLogger logQuery
INFO: [ε | challenge_v0 tlv_request success_request_with_credentials challenge_v0 challenge_v0 4_way_message_1 / ε | challenge_response_v0 tlv_success success_response_v0 challenge_response_v0 challenge_response_v0 4_way_message_2]
Nov 25, 2025 4:48:59 PM de.learnlib.logging.LearnLogger logQuery
INFO: [ε | challenge_v0 tlv_request success_request_with_credentials challenge_v0 challenge_v0 id_request_v0 / ε | challenge_response_v0 tlv_success success_response_v0 challenge_response_v0 challenge_response_v0 id_response_v0]
Nov 25, 2025 4:49:01 PM de.learnlib.logging.LearnLogger logQuery
INFO: [ε | challenge_v0 tlv_request success_request_with_credentials tlv_request challenge_v0 / ε | challenge_response_v0 tlv_success success_response_v0 tlv_success challenge_response_v0]
Nov 25, 2025 4:49:02 PM de.learnlib.logging.LearnLogger logQuery
INFO: [ε | challenge_v0 tlv_request success_request_with_credentials tlv_request challenge_v0 success_request_with_credentials / ε | challenge_response_v0 tlv_success success_response_v0 tlv_success challenge_response_v0 success_response_v0]
Nov 25, 2025 4:49:04 PM de.learnlib.logging.LearnLogger logQuery
INFO: [ε | challenge_v0 tlv_request success_request_with_credentials tlv_request challenge_v0 4_way_message_1 / ε | challenge_response_v0 tlv_success success_response_v0 tlv_success challenge_response_v0 4_way_message_2]
Nov 25, 2025 4:49:06 PM de.learnlib.logging.LearnLogger logQuery
INFO: [ε | challenge_v0 tlv_request success_request_with_credentials tlv_request challenge_v0 id_request_v0 / ε | challenge_response_v0 tlv_success success_response_v0 tlv_success challenge_response_v0 id_response_v0]
Nov 25, 2025 4:49:08 PM de.learnlib.logging.LearnLogger logQuery
INFO: [ε | challenge_v0 tlv_request success_request_with_credentials success_request_with_credentials challenge_v0 / ε | challenge_response_v0 tlv_success success_response_v0 success_response_v0 challenge_response_v0]
Nov 25, 2025 4:49:10 PM de.learnlib.logging.LearnLogger logQuery
INFO: [ε | challenge_v0 tlv_request success_request_with_credentials success_request_with_credentials challenge_v0 success_request_with_credentials / ε | challenge_response_v0 tlv_success success_response_v0 success_response_v0 challenge_response_v0 success_response_v0]
Nov 25, 2025 4:49:12 PM de.learnlib.logging.LearnLogger logQuery
INFO: [ε | challenge_v0 tlv_request success_request_with_credentials success_request_with_credentials challenge_v0 4_way_message_1 / ε | challenge_response_v0 tlv_success success_response_v0 success_response_v0 challenge_response_v0 4_way_message_2]
Nov 25, 2025 4:49:14 PM de.learnlib.logging.LearnLogger logQuery
INFO: [ε | challenge_v0 tlv_request success_request_with_credentials success_request_with_credentials challenge_v0 id_request_v0 / ε | challenge_response_v0 tlv_success success_response_v0 success_response_v0 challenge_response_v0 id_response_v0]
Nov 25, 2025 4:49:15 PM de.learnlib.logging.LearnLogger logQuery
INFO: [ε | challenge_v0 tlv_request success_request_with_credentials success_and_cryptobinding challenge_v0 / ε | challenge_response_v0 tlv_success success_response_v0 tlv_success challenge_response_v0]
Nov 25, 2025 4:49:17 PM de.learnlib.logging.LearnLogger logQuery
INFO: [ε | challenge_v0 tlv_request success_request_with_credentials success_and_cryptobinding challenge_v0 success_request_with_credentials / ε | challenge_response_v0 tlv_success success_response_v0 tlv_success challenge_response_v0 success_response_v0]
Nov 25, 2025 4:49:19 PM de.learnlib.logging.LearnLogger logQuery
INFO: [ε | challenge_v0 tlv_request success_request_with_credentials success_and_cryptobinding challenge_v0 4_way_message_1 / ε | challenge_response_v0 tlv_success success_response_v0 tlv_success challenge_response_v0 4_way_message_2]
Nov 25, 2025 4:49:21 PM de.learnlib.logging.LearnLogger logQuery
INFO: [ε | challenge_v0 tlv_request success_request_with_credentials success_and_cryptobinding challenge_v0 id_request_v0 / ε | challenge_response_v0 tlv_success success_response_v0 tlv_success challenge_response_v0 id_response_v0]
Nov 25, 2025 4:49:23 PM de.learnlib.logging.LearnLogger logQuery
INFO: [ε | challenge_v0 tlv_request success_request_with_credentials eap_success challenge_v0 / ε | challenge_response_v0 tlv_success success_response_v0 after_eap_success challenge_response_v0]
Nov 25, 2025 4:49:25 PM de.learnlib.logging.LearnLogger logQuery
INFO: [ε | challenge_v0 tlv_request success_request_with_credentials eap_success challenge_v0 success_request_with_credentials / ε | challenge_response_v0 tlv_success success_response_v0 after_eap_success challenge_response_v0 success_response_v0]
Nov 25, 2025 4:49:28 PM de.learnlib.logging.LearnLogger logQuery
INFO: [ε | challenge_v0 tlv_request success_request_with_credentials eap_success challenge_v0 4_way_message_1 / ε | challenge_response_v0 tlv_success success_response_v0 after_eap_success challenge_response_v0 4_way_message_2]
Nov 25, 2025 4:49:30 PM de.learnlib.logging.LearnLogger logQuery
INFO: [ε | challenge_v0 tlv_request success_request_with_credentials eap_success challenge_v0 id_request_v0 / ε | challenge_response_v0 tlv_success success_response_v0 after_eap_success challenge_response_v0 id_response_v0]
Nov 25, 2025 4:49:32 PM de.learnlib.logging.LearnLogger logQuery
INFO: [ε | challenge_v0 tlv_request success_request_with_credentials id_request_v0 tlv_request / ε | challenge_response_v0 tlv_success success_response_v0 id_response_v0 tlv_success]
Nov 25, 2025 4:49:33 PM de.learnlib.logging.LearnLogger logQuery
INFO: [ε | challenge_v0 tlv_request success_request_with_credentials id_request_v0 tlv_request success_request_with_credentials / ε | challenge_response_v0 tlv_success success_response_v0 id_response_v0 tlv_success success_response_v0]
Nov 25, 2025 4:49:35 PM de.learnlib.logging.LearnLogger logQuery
INFO: [ε | challenge_v0 tlv_request success_request_with_credentials id_request_v0 tlv_request 4_way_message_1 / ε | challenge_response_v0 tlv_success success_response_v0 id_response_v0 tlv_success 4_way_message_2]
Nov 25, 2025 4:49:37 PM de.learnlib.logging.LearnLogger logQuery
INFO: [ε | challenge_v0 tlv_request success_request_with_credentials id_request_v0 tlv_request id_request_v0 / ε | challenge_response_v0 tlv_success success_response_v0 id_response_v0 tlv_success id_response_v0]
Nov 25, 2025 4:49:39 PM de.learnlib.logging.LearnLogger logQuery
INFO: [ε | challenge_v0 tlv_request success_request_with_credentials challenge_v0 tlv_request / ε | challenge_response_v0 tlv_success success_response_v0 challenge_response_v0 tlv_success]
Nov 25, 2025 4:49:41 PM de.learnlib.logging.LearnLogger logQuery
INFO: [ε | challenge_v0 tlv_request success_request_with_credentials challenge_v0 tlv_request success_request_with_credentials / ε | challenge_response_v0 tlv_success success_response_v0 challenge_response_v0 tlv_success success_response_v0]
Nov 25, 2025 4:49:43 PM de.learnlib.logging.LearnLogger logQuery
INFO: [ε | challenge_v0 tlv_request success_request_with_credentials challenge_v0 tlv_request 4_way_message_1 / ε | challenge_response_v0 tlv_success success_response_v0 challenge_response_v0 tlv_success 4_way_message_2]
Nov 25, 2025 4:49:45 PM de.learnlib.logging.LearnLogger logQuery
INFO: [ε | challenge_v0 tlv_request success_request_with_credentials challenge_v0 tlv_request id_request_v0 / ε | challenge_response_v0 tlv_success success_response_v0 challenge_response_v0 tlv_success id_response_v0]
Nov 25, 2025 4:49:46 PM de.learnlib.logging.LearnLogger logQuery
INFO: [ε | challenge_v0 tlv_request success_request_with_credentials tlv_request tlv_request / ε | challenge_response_v0 tlv_success success_response_v0 tlv_success tlv_success]
Nov 25, 2025 4:49:48 PM de.learnlib.logging.LearnLogger logQuery
INFO: [ε | challenge_v0 tlv_request success_request_with_credentials tlv_request tlv_request success_request_with_credentials / ε | challenge_response_v0 tlv_success success_response_v0 tlv_success tlv_success success_response_v0]
Nov 25, 2025 4:49:50 PM de.learnlib.logging.LearnLogger logQuery
INFO: [ε | challenge_v0 tlv_request success_request_with_credentials tlv_request tlv_request 4_way_message_1 / ε | challenge_response_v0 tlv_success success_response_v0 tlv_success tlv_success 4_way_message_2]
Nov 25, 2025 4:49:52 PM de.learnlib.logging.LearnLogger logQuery
INFO: [ε | challenge_v0 tlv_request success_request_with_credentials tlv_request tlv_request id_request_v0 / ε | challenge_response_v0 tlv_success success_response_v0 tlv_success tlv_success id_response_v0]
Nov 25, 2025 4:49:54 PM de.learnlib.logging.LearnLogger logQuery
INFO: [ε | challenge_v0 tlv_request success_request_with_credentials success_request_with_credentials tlv_request / ε | challenge_response_v0 tlv_success success_response_v0 success_response_v0 tlv_success]
Nov 25, 2025 4:49:55 PM de.learnlib.logging.LearnLogger logQuery
INFO: [ε | challenge_v0 tlv_request success_request_with_credentials success_request_with_credentials tlv_request success_request_with_credentials / ε | challenge_response_v0 tlv_success success_response_v0 success_response_v0 tlv_success success_response_v0]
Nov 25, 2025 4:49:57 PM de.learnlib.logging.LearnLogger logQuery
INFO: [ε | challenge_v0 tlv_request success_request_with_credentials success_request_with_credentials tlv_request 4_way_message_1 / ε | challenge_response_v0 tlv_success success_response_v0 success_response_v0 tlv_success 4_way_message_2]
Nov 25, 2025 4:49:59 PM de.learnlib.logging.LearnLogger logQuery
INFO: [ε | challenge_v0 tlv_request success_request_with_credentials success_request_with_credentials tlv_request id_request_v0 / ε | challenge_response_v0 tlv_success success_response_v0 success_response_v0 tlv_success id_response_v0]
Nov 25, 2025 4:50:01 PM de.learnlib.logging.LearnLogger logQuery
INFO: [ε | challenge_v0 tlv_request success_request_with_credentials success_and_cryptobinding tlv_request / ε | challenge_response_v0 tlv_success success_response_v0 tlv_success tlv_success]
Nov 25, 2025 4:50:03 PM de.learnlib.logging.LearnLogger logQuery
INFO: [ε | challenge_v0 tlv_request success_request_with_credentials success_and_cryptobinding tlv_request success_request_with_credentials / ε | challenge_response_v0 tlv_success success_response_v0 tlv_success tlv_success success_response_v0]
Nov 25, 2025 4:50:05 PM de.learnlib.logging.LearnLogger logQuery
INFO: [ε | challenge_v0 tlv_request success_request_with_credentials success_and_cryptobinding tlv_request 4_way_message_1 / ε | challenge_response_v0 tlv_success success_response_v0 tlv_success tlv_success 4_way_message_2]
Nov 25, 2025 4:50:07 PM de.learnlib.logging.LearnLogger logQuery
INFO: [ε | challenge_v0 tlv_request success_request_with_credentials success_and_cryptobinding tlv_request id_request_v0 / ε | challenge_response_v0 tlv_success success_response_v0 tlv_success tlv_success id_response_v0]
Nov 25, 2025 4:50:09 PM de.learnlib.logging.LearnLogger logQuery
INFO: [ε | challenge_v0 tlv_request success_request_with_credentials eap_success tlv_request / ε | challenge_response_v0 tlv_success success_response_v0 after_eap_success tlv_success]
Nov 25, 2025 4:50:11 PM de.learnlib.logging.LearnLogger logQuery
INFO: [ε | challenge_v0 tlv_request success_request_with_credentials eap_success tlv_request success_request_with_credentials / ε | challenge_response_v0 tlv_success success_response_v0 after_eap_success tlv_success success_response_v0]
Nov 25, 2025 4:50:13 PM de.learnlib.logging.LearnLogger logQuery
INFO: [ε | challenge_v0 tlv_request success_request_with_credentials eap_success tlv_request 4_way_message_1 / ε | challenge_response_v0 tlv_success success_response_v0 after_eap_success tlv_success 4_way_message_2]
Nov 25, 2025 4:50:16 PM de.learnlib.logging.LearnLogger logQuery
INFO: [ε | challenge_v0 tlv_request success_request_with_credentials eap_success tlv_request id_request_v0 / ε | challenge_response_v0 tlv_success success_response_v0 after_eap_success tlv_success id_response_v0]
Nov 25, 2025 4:50:17 PM de.learnlib.logging.LearnLogger logQuery
INFO: [ε | challenge_v0 tlv_request success_request_with_credentials id_request_v0 tlv_failure / ε | challenge_response_v0 tlv_success success_response_v0 id_response_v0 tlv_failure]
Nov 25, 2025 4:50:19 PM de.learnlib.logging.LearnLogger logQuery
INFO: [ε | challenge_v0 tlv_request success_request_with_credentials challenge_v0 tlv_failure / ε | challenge_response_v0 tlv_success success_response_v0 challenge_response_v0 tlv_failure]
Nov 25, 2025 4:50:21 PM de.learnlib.logging.LearnLogger logQuery
INFO: [ε | challenge_v0 tlv_request success_request_with_credentials tlv_request tlv_failure / ε | challenge_response_v0 tlv_success success_response_v0 tlv_success tlv_failure]
Nov 25, 2025 4:50:23 PM de.learnlib.logging.LearnLogger logQuery
INFO: [ε | challenge_v0 tlv_request success_request_with_credentials success_request_with_credentials tlv_failure / ε | challenge_response_v0 tlv_success success_response_v0 success_response_v0 tlv_failure]
Nov 25, 2025 4:50:25 PM de.learnlib.logging.LearnLogger logQuery
INFO: [ε | challenge_v0 tlv_request success_request_with_credentials success_and_cryptobinding tlv_failure / ε | challenge_response_v0 tlv_success success_response_v0 tlv_success tlv_failure]
Nov 25, 2025 4:50:27 PM de.learnlib.logging.LearnLogger logQuery
INFO: [ε | challenge_v0 tlv_request success_request_with_credentials eap_success tlv_failure / ε | challenge_response_v0 tlv_success success_response_v0 after_eap_success tlv_failure]
Nov 25, 2025 4:50:30 PM de.learnlib.logging.LearnLogger logQuery
INFO: [ε | challenge_v0 tlv_request success_request_with_credentials id_request_v0 success_request_all_zeros / ε | challenge_response_v0 tlv_success success_response_v0 id_response_v0 no_reply]
Nov 25, 2025 4:50:32 PM de.learnlib.logging.LearnLogger logQuery
INFO: [ε | challenge_v0 tlv_request success_request_with_credentials challenge_v0 success_request_all_zeros / ε | challenge_response_v0 tlv_success success_response_v0 challenge_response_v0 no_reply]
Nov 25, 2025 4:50:35 PM de.learnlib.logging.LearnLogger logQuery
INFO: [ε | challenge_v0 tlv_request success_request_with_credentials tlv_request success_request_all_zeros / ε | challenge_response_v0 tlv_success success_response_v0 tlv_success no_reply]
Nov 25, 2025 4:50:37 PM de.learnlib.logging.LearnLogger logQuery
INFO: [ε | challenge_v0 tlv_request success_request_with_credentials success_request_with_credentials success_request_all_zeros / ε | challenge_response_v0 tlv_success success_response_v0 success_response_v0 no_reply]
Nov 25, 2025 4:50:39 PM de.learnlib.logging.LearnLogger logQuery
INFO: [ε | challenge_v0 tlv_request success_request_with_credentials success_and_cryptobinding success_request_all_zeros / ε | challenge_response_v0 tlv_success success_response_v0 tlv_success no_reply]
Nov 25, 2025 4:50:42 PM de.learnlib.logging.LearnLogger logQuery
INFO: [ε | challenge_v0 tlv_request success_request_with_credentials eap_success success_request_all_zeros / ε | challenge_response_v0 tlv_success success_response_v0 after_eap_success no_reply]
Nov 25, 2025 4:50:44 PM de.learnlib.logging.LearnLogger logQuery
INFO: [ε | challenge_v0 tlv_request success_request_with_credentials id_request_v0 success_request_with_credentials success_request_with_credentials / ε | challenge_response_v0 tlv_success success_response_v0 id_response_v0 success_response_v0 success_response_v0]
Nov 25, 2025 4:50:46 PM de.learnlib.logging.LearnLogger logQuery
INFO: [ε | challenge_v0 tlv_request success_request_with_credentials id_request_v0 success_request_with_credentials 4_way_message_1 / ε | challenge_response_v0 tlv_success success_response_v0 id_response_v0 success_response_v0 4_way_message_2]
Nov 25, 2025 4:50:48 PM de.learnlib.logging.LearnLogger logQuery
INFO: [ε | challenge_v0 tlv_request success_request_with_credentials id_request_v0 success_request_with_credentials id_request_v0 / ε | challenge_response_v0 tlv_success success_response_v0 id_response_v0 success_response_v0 id_response_v0]
Nov 25, 2025 4:50:50 PM de.learnlib.logging.LearnLogger logQuery
INFO: [ε | challenge_v0 tlv_request success_request_with_credentials challenge_v0 success_request_with_credentials success_request_with_credentials / ε | challenge_response_v0 tlv_success success_response_v0 challenge_response_v0 success_response_v0 success_response_v0]
Nov 25, 2025 4:50:52 PM de.learnlib.logging.LearnLogger logQuery
INFO: [ε | challenge_v0 tlv_request success_request_with_credentials challenge_v0 success_request_with_credentials 4_way_message_1 / ε | challenge_response_v0 tlv_success success_response_v0 challenge_response_v0 success_response_v0 4_way_message_2]
Nov 25, 2025 4:50:53 PM de.learnlib.logging.LearnLogger logQuery
INFO: [ε | challenge_v0 tlv_request success_request_with_credentials challenge_v0 success_request_with_credentials id_request_v0 / ε | challenge_response_v0 tlv_success success_response_v0 challenge_response_v0 success_response_v0 id_response_v0]
Nov 25, 2025 4:50:55 PM de.learnlib.logging.LearnLogger logQuery
INFO: [ε | challenge_v0 tlv_request success_request_with_credentials tlv_request success_request_with_credentials success_request_with_credentials / ε | challenge_response_v0 tlv_success success_response_v0 tlv_success success_response_v0 success_response_v0]
Nov 25, 2025 4:50:57 PM de.learnlib.logging.LearnLogger logQuery
INFO: [ε | challenge_v0 tlv_request success_request_with_credentials tlv_request success_request_with_credentials 4_way_message_1 / ε | challenge_response_v0 tlv_success success_response_v0 tlv_success success_response_v0 4_way_message_2]
Nov 25, 2025 4:50:59 PM de.learnlib.logging.LearnLogger logQuery
INFO: [ε | challenge_v0 tlv_request success_request_with_credentials tlv_request success_request_with_credentials id_request_v0 / ε | challenge_response_v0 tlv_success success_response_v0 tlv_success success_response_v0 id_response_v0]
Nov 25, 2025 4:51:01 PM de.learnlib.logging.LearnLogger logQuery
INFO: [ε | challenge_v0 tlv_request success_request_with_credentials success_request_with_credentials success_request_with_credentials success_request_with_credentials / ε | challenge_response_v0 tlv_success success_response_v0 success_response_v0 success_response_v0 success_response_v0]
Nov 25, 2025 4:51:03 PM de.learnlib.logging.LearnLogger logQuery
INFO: [ε | challenge_v0 tlv_request success_request_with_credentials success_request_with_credentials success_request_with_credentials 4_way_message_1 / ε | challenge_response_v0 tlv_success success_response_v0 success_response_v0 success_response_v0 4_way_message_2]
Nov 25, 2025 4:51:05 PM de.learnlib.logging.LearnLogger logQuery
INFO: [ε | challenge_v0 tlv_request success_request_with_credentials success_request_with_credentials success_request_with_credentials id_request_v0 / ε | challenge_response_v0 tlv_success success_response_v0 success_response_v0 success_response_v0 id_response_v0]
Nov 25, 2025 4:51:07 PM de.learnlib.logging.LearnLogger logQuery
INFO: [ε | challenge_v0 tlv_request success_request_with_credentials success_and_cryptobinding success_request_with_credentials success_request_with_credentials / ε | challenge_response_v0 tlv_success success_response_v0 tlv_success success_response_v0 success_response_v0]
Nov 25, 2025 4:51:09 PM de.learnlib.logging.LearnLogger logQuery
INFO: [ε | challenge_v0 tlv_request success_request_with_credentials success_and_cryptobinding success_request_with_credentials 4_way_message_1 / ε | challenge_response_v0 tlv_success success_response_v0 tlv_success success_response_v0 4_way_message_2]
Nov 25, 2025 4:51:10 PM de.learnlib.logging.LearnLogger logQuery
INFO: [ε | challenge_v0 tlv_request success_request_with_credentials success_and_cryptobinding success_request_with_credentials id_request_v0 / ε | challenge_response_v0 tlv_success success_response_v0 tlv_success success_response_v0 id_response_v0]
Nov 25, 2025 4:51:13 PM de.learnlib.logging.LearnLogger logQuery
INFO: [ε | challenge_v0 tlv_request success_request_with_credentials eap_success success_request_with_credentials success_request_with_credentials / ε | challenge_response_v0 tlv_success success_response_v0 after_eap_success success_response_v0 success_response_v0]
Nov 25, 2025 4:51:15 PM de.learnlib.logging.LearnLogger logQuery
INFO: [ε | challenge_v0 tlv_request success_request_with_credentials eap_success success_request_with_credentials 4_way_message_1 / ε | challenge_response_v0 tlv_success success_response_v0 after_eap_success success_response_v0 4_way_message_2]
Nov 25, 2025 4:51:17 PM de.learnlib.logging.LearnLogger logQuery
INFO: [ε | challenge_v0 tlv_request success_request_with_credentials eap_success success_request_with_credentials id_request_v0 / ε | challenge_response_v0 tlv_success success_response_v0 after_eap_success success_response_v0 id_response_v0]
Nov 25, 2025 4:51:19 PM de.learnlib.logging.LearnLogger logQuery
INFO: [ε | challenge_v0 tlv_request success_request_with_credentials id_request_v0 success_and_cryptobinding / ε | challenge_response_v0 tlv_success success_response_v0 id_response_v0 tlv_success]
Nov 25, 2025 4:51:21 PM de.learnlib.logging.LearnLogger logQuery
INFO: [ε | challenge_v0 tlv_request success_request_with_credentials id_request_v0 success_and_cryptobinding success_request_with_credentials / ε | challenge_response_v0 tlv_success success_response_v0 id_response_v0 tlv_success success_response_v0]
Nov 25, 2025 4:51:23 PM de.learnlib.logging.LearnLogger logQuery
INFO: [ε | challenge_v0 tlv_request success_request_with_credentials id_request_v0 success_and_cryptobinding 4_way_message_1 / ε | challenge_response_v0 tlv_success success_response_v0 id_response_v0 tlv_success 4_way_message_2]
Nov 25, 2025 4:51:25 PM de.learnlib.logging.LearnLogger logQuery
INFO: [ε | challenge_v0 tlv_request success_request_with_credentials id_request_v0 success_and_cryptobinding id_request_v0 / ε | challenge_response_v0 tlv_success success_response_v0 id_response_v0 tlv_success id_response_v0]
Nov 25, 2025 4:51:26 PM de.learnlib.logging.LearnLogger logQuery
INFO: [ε | challenge_v0 tlv_request success_request_with_credentials challenge_v0 success_and_cryptobinding / ε | challenge_response_v0 tlv_success success_response_v0 challenge_response_v0 tlv_success]
Nov 25, 2025 4:51:28 PM de.learnlib.logging.LearnLogger logQuery
INFO: [ε | challenge_v0 tlv_request success_request_with_credentials challenge_v0 success_and_cryptobinding success_request_with_credentials / ε | challenge_response_v0 tlv_success success_response_v0 challenge_response_v0 tlv_success success_response_v0]
Nov 25, 2025 4:51:30 PM de.learnlib.logging.LearnLogger logQuery
INFO: [ε | challenge_v0 tlv_request success_request_with_credentials challenge_v0 success_and_cryptobinding 4_way_message_1 / ε | challenge_response_v0 tlv_success success_response_v0 challenge_response_v0 tlv_success 4_way_message_2]
Nov 25, 2025 4:51:32 PM de.learnlib.logging.LearnLogger logQuery
INFO: [ε | challenge_v0 tlv_request success_request_with_credentials challenge_v0 success_and_cryptobinding id_request_v0 / ε | challenge_response_v0 tlv_success success_response_v0 challenge_response_v0 tlv_success id_response_v0]
Nov 25, 2025 4:51:33 PM de.learnlib.logging.LearnLogger logQuery
INFO: [ε | challenge_v0 tlv_request success_request_with_credentials tlv_request success_and_cryptobinding / ε | challenge_response_v0 tlv_success success_response_v0 tlv_success tlv_success]
Nov 25, 2025 4:51:35 PM de.learnlib.logging.LearnLogger logQuery
INFO: [ε | challenge_v0 tlv_request success_request_with_credentials tlv_request success_and_cryptobinding success_request_with_credentials / ε | challenge_response_v0 tlv_success success_response_v0 tlv_success tlv_success success_response_v0]
Nov 25, 2025 4:51:37 PM de.learnlib.logging.LearnLogger logQuery
INFO: [ε | challenge_v0 tlv_request success_request_with_credentials tlv_request success_and_cryptobinding 4_way_message_1 / ε | challenge_response_v0 tlv_success success_response_v0 tlv_success tlv_success 4_way_message_2]
Nov 25, 2025 4:51:39 PM de.learnlib.logging.LearnLogger logQuery
INFO: [ε | challenge_v0 tlv_request success_request_with_credentials tlv_request success_and_cryptobinding id_request_v0 / ε | challenge_response_v0 tlv_success success_response_v0 tlv_success tlv_success id_response_v0]
Nov 25, 2025 4:51:41 PM de.learnlib.logging.LearnLogger logQuery
INFO: [ε | challenge_v0 tlv_request success_request_with_credentials success_request_with_credentials success_and_cryptobinding / ε | challenge_response_v0 tlv_success success_response_v0 success_response_v0 tlv_success]
Nov 25, 2025 4:51:42 PM de.learnlib.logging.LearnLogger logQuery
INFO: [ε | challenge_v0 tlv_request success_request_with_credentials success_request_with_credentials success_and_cryptobinding success_request_with_credentials / ε | challenge_response_v0 tlv_success success_response_v0 success_response_v0 tlv_success success_response_v0]
Nov 25, 2025 4:51:44 PM de.learnlib.logging.LearnLogger logQuery
INFO: [ε | challenge_v0 tlv_request success_request_with_credentials success_request_with_credentials success_and_cryptobinding 4_way_message_1 / ε | challenge_response_v0 tlv_success success_response_v0 success_response_v0 tlv_success 4_way_message_2]
Nov 25, 2025 4:51:46 PM de.learnlib.logging.LearnLogger logQuery
INFO: [ε | challenge_v0 tlv_request success_request_with_credentials success_request_with_credentials success_and_cryptobinding id_request_v0 / ε | challenge_response_v0 tlv_success success_response_v0 success_response_v0 tlv_success id_response_v0]
Nov 25, 2025 4:51:48 PM de.learnlib.logging.LearnLogger logQuery
INFO: [ε | challenge_v0 tlv_request success_request_with_credentials success_and_cryptobinding success_and_cryptobinding / ε | challenge_response_v0 tlv_success success_response_v0 tlv_success tlv_success]
Nov 25, 2025 4:51:50 PM de.learnlib.logging.LearnLogger logQuery
INFO: [ε | challenge_v0 tlv_request success_request_with_credentials success_and_cryptobinding success_and_cryptobinding success_request_with_credentials / ε | challenge_response_v0 tlv_success success_response_v0 tlv_success tlv_success success_response_v0]
Nov 25, 2025 4:51:52 PM de.learnlib.logging.LearnLogger logQuery
INFO: [ε | challenge_v0 tlv_request success_request_with_credentials success_and_cryptobinding success_and_cryptobinding 4_way_message_1 / ε | challenge_response_v0 tlv_success success_response_v0 tlv_success tlv_success 4_way_message_2]
Nov 25, 2025 4:51:54 PM de.learnlib.logging.LearnLogger logQuery
INFO: [ε | challenge_v0 tlv_request success_request_with_credentials success_and_cryptobinding success_and_cryptobinding id_request_v0 / ε | challenge_response_v0 tlv_success success_response_v0 tlv_success tlv_success id_response_v0]
Nov 25, 2025 4:51:56 PM de.learnlib.logging.LearnLogger logQuery
INFO: [ε | challenge_v0 tlv_request success_request_with_credentials eap_success success_and_cryptobinding / ε | challenge_response_v0 tlv_success success_response_v0 after_eap_success tlv_success]
Nov 25, 2025 4:51:58 PM de.learnlib.logging.LearnLogger logQuery
INFO: [ε | challenge_v0 tlv_request success_request_with_credentials eap_success success_and_cryptobinding success_request_with_credentials / ε | challenge_response_v0 tlv_success success_response_v0 after_eap_success tlv_success success_response_v0]
Nov 25, 2025 4:52:00 PM de.learnlib.logging.LearnLogger logQuery
INFO: [ε | challenge_v0 tlv_request success_request_with_credentials eap_success success_and_cryptobinding 4_way_message_1 / ε | challenge_response_v0 tlv_success success_response_v0 after_eap_success tlv_success 4_way_message_2]
Nov 25, 2025 4:52:03 PM de.learnlib.logging.LearnLogger logQuery
INFO: [ε | challenge_v0 tlv_request success_request_with_credentials eap_success success_and_cryptobinding id_request_v0 / ε | challenge_response_v0 tlv_success success_response_v0 after_eap_success tlv_success id_response_v0]
Nov 25, 2025 4:52:05 PM de.learnlib.logging.LearnLogger logQuery
INFO: [ε | challenge_v0 tlv_request success_request_with_credentials id_request_v0 cryptobinding / ε | challenge_response_v0 tlv_success success_response_v0 id_response_v0 no_reply]
Nov 25, 2025 4:52:07 PM de.learnlib.logging.LearnLogger logQuery
INFO: [ε | challenge_v0 tlv_request success_request_with_credentials challenge_v0 cryptobinding / ε | challenge_response_v0 tlv_success success_response_v0 challenge_response_v0 no_reply]
Nov 25, 2025 4:52:10 PM de.learnlib.logging.LearnLogger logQuery
INFO: [ε | challenge_v0 tlv_request success_request_with_credentials tlv_request cryptobinding / ε | challenge_response_v0 tlv_success success_response_v0 tlv_success no_reply]
Nov 25, 2025 4:52:12 PM de.learnlib.logging.LearnLogger logQuery
INFO: [ε | challenge_v0 tlv_request success_request_with_credentials success_request_with_credentials cryptobinding / ε | challenge_response_v0 tlv_success success_response_v0 success_response_v0 no_reply]
Nov 25, 2025 4:52:15 PM de.learnlib.logging.LearnLogger logQuery
INFO: [ε | challenge_v0 tlv_request success_request_with_credentials success_and_cryptobinding cryptobinding / ε | challenge_response_v0 tlv_success success_response_v0 tlv_success no_reply]
Nov 25, 2025 4:52:18 PM de.learnlib.logging.LearnLogger logQuery
INFO: [ε | challenge_v0 tlv_request success_request_with_credentials eap_success cryptobinding / ε | challenge_response_v0 tlv_success success_response_v0 after_eap_success no_reply]
Nov 25, 2025 4:52:20 PM de.learnlib.logging.LearnLogger logQuery
INFO: [ε | challenge_v0 tlv_request success_request_with_credentials id_request_v0 eap_success / ε | challenge_response_v0 tlv_success success_response_v0 id_response_v0 after_eap_success]
Nov 25, 2025 4:52:22 PM de.learnlib.logging.LearnLogger logQuery
INFO: [ε | challenge_v0 tlv_request success_request_with_credentials id_request_v0 eap_success success_request_with_credentials / ε | challenge_response_v0 tlv_success success_response_v0 id_response_v0 after_eap_success success_response_v0]
Nov 25, 2025 4:52:25 PM de.learnlib.logging.LearnLogger logQuery
INFO: [ε | challenge_v0 tlv_request success_request_with_credentials id_request_v0 eap_success 4_way_message_1 / ε | challenge_response_v0 tlv_success success_response_v0 id_response_v0 after_eap_success 4_way_message_2]
Nov 25, 2025 4:52:27 PM de.learnlib.logging.LearnLogger logQuery
INFO: [ε | challenge_v0 tlv_request success_request_with_credentials id_request_v0 eap_success id_request_v0 / ε | challenge_response_v0 tlv_success success_response_v0 id_response_v0 after_eap_success id_response_v0]
Nov 25, 2025 4:52:29 PM de.learnlib.logging.LearnLogger logQuery
INFO: [ε | challenge_v0 tlv_request success_request_with_credentials challenge_v0 eap_success / ε | challenge_response_v0 tlv_success success_response_v0 challenge_response_v0 after_eap_success]
Nov 25, 2025 4:52:31 PM de.learnlib.logging.LearnLogger logQuery
INFO: [ε | challenge_v0 tlv_request success_request_with_credentials challenge_v0 eap_success success_request_with_credentials / ε | challenge_response_v0 tlv_success success_response_v0 challenge_response_v0 after_eap_success success_response_v0]
Nov 25, 2025 4:52:33 PM de.learnlib.logging.LearnLogger logQuery
INFO: [ε | challenge_v0 tlv_request success_request_with_credentials challenge_v0 eap_success 4_way_message_1 / ε | challenge_response_v0 tlv_success success_response_v0 challenge_response_v0 after_eap_success 4_way_message_2]
Nov 25, 2025 4:52:36 PM de.learnlib.logging.LearnLogger logQuery
INFO: [ε | challenge_v0 tlv_request success_request_with_credentials challenge_v0 eap_success id_request_v0 / ε | challenge_response_v0 tlv_success success_response_v0 challenge_response_v0 after_eap_success id_response_v0]
Nov 25, 2025 4:52:38 PM de.learnlib.logging.LearnLogger logQuery
INFO: [ε | challenge_v0 tlv_request success_request_with_credentials tlv_request eap_success / ε | challenge_response_v0 tlv_success success_response_v0 tlv_success after_eap_success]
Nov 25, 2025 4:52:40 PM de.learnlib.logging.LearnLogger logQuery
INFO: [ε | challenge_v0 tlv_request success_request_with_credentials tlv_request eap_success success_request_with_credentials / ε | challenge_response_v0 tlv_success success_response_v0 tlv_success after_eap_success success_response_v0]
Nov 25, 2025 4:52:42 PM de.learnlib.logging.LearnLogger logQuery
INFO: [ε | challenge_v0 tlv_request success_request_with_credentials tlv_request eap_success 4_way_message_1 / ε | challenge_response_v0 tlv_success success_response_v0 tlv_success after_eap_success 4_way_message_2]
Nov 25, 2025 4:52:45 PM de.learnlib.logging.LearnLogger logQuery
INFO: [ε | challenge_v0 tlv_request success_request_with_credentials tlv_request eap_success id_request_v0 / ε | challenge_response_v0 tlv_success success_response_v0 tlv_success after_eap_success id_response_v0]
Nov 25, 2025 4:52:47 PM de.learnlib.logging.LearnLogger logQuery
INFO: [ε | challenge_v0 tlv_request success_request_with_credentials success_request_with_credentials eap_success / ε | challenge_response_v0 tlv_success success_response_v0 success_response_v0 after_eap_success]
Nov 25, 2025 4:52:49 PM de.learnlib.logging.LearnLogger logQuery
INFO: [ε | challenge_v0 tlv_request success_request_with_credentials success_request_with_credentials eap_success success_request_with_credentials / ε | challenge_response_v0 tlv_success success_response_v0 success_response_v0 after_eap_success success_response_v0]
Nov 25, 2025 4:52:52 PM de.learnlib.logging.LearnLogger logQuery
INFO: [ε | challenge_v0 tlv_request success_request_with_credentials success_request_with_credentials eap_success 4_way_message_1 / ε | challenge_response_v0 tlv_success success_response_v0 success_response_v0 after_eap_success 4_way_message_2]
Nov 25, 2025 4:52:54 PM de.learnlib.logging.LearnLogger logQuery
INFO: [ε | challenge_v0 tlv_request success_request_with_credentials success_request_with_credentials eap_success id_request_v0 / ε | challenge_response_v0 tlv_success success_response_v0 success_response_v0 after_eap_success id_response_v0]
Nov 25, 2025 4:52:56 PM de.learnlib.logging.LearnLogger logQuery
INFO: [ε | challenge_v0 tlv_request success_request_with_credentials success_and_cryptobinding eap_success / ε | challenge_response_v0 tlv_success success_response_v0 tlv_success after_eap_success]
Nov 25, 2025 4:52:58 PM de.learnlib.logging.LearnLogger logQuery
INFO: [ε | challenge_v0 tlv_request success_request_with_credentials success_and_cryptobinding eap_success success_request_with_credentials / ε | challenge_response_v0 tlv_success success_response_v0 tlv_success after_eap_success success_response_v0]
Nov 25, 2025 4:53:01 PM de.learnlib.logging.LearnLogger logQuery
INFO: [ε | challenge_v0 tlv_request success_request_with_credentials success_and_cryptobinding eap_success 4_way_message_1 / ε | challenge_response_v0 tlv_success success_response_v0 tlv_success after_eap_success 4_way_message_2]
Nov 25, 2025 4:53:03 PM de.learnlib.logging.LearnLogger logQuery
INFO: [ε | challenge_v0 tlv_request success_request_with_credentials success_and_cryptobinding eap_success id_request_v0 / ε | challenge_response_v0 tlv_success success_response_v0 tlv_success after_eap_success id_response_v0]
Nov 25, 2025 4:53:05 PM de.learnlib.logging.LearnLogger logQuery
INFO: [ε | challenge_v0 tlv_request success_request_with_credentials eap_success eap_success / ε | challenge_response_v0 tlv_success success_response_v0 after_eap_success after_eap_success]
Nov 25, 2025 4:53:08 PM de.learnlib.logging.LearnLogger logQuery
INFO: [ε | challenge_v0 tlv_request success_request_with_credentials eap_success eap_success success_request_with_credentials / ε | challenge_response_v0 tlv_success success_response_v0 after_eap_success after_eap_success success_response_v0]
Nov 25, 2025 4:53:11 PM de.learnlib.logging.LearnLogger logQuery
INFO: [ε | challenge_v0 tlv_request success_request_with_credentials eap_success eap_success 4_way_message_1 / ε | challenge_response_v0 tlv_success success_response_v0 after_eap_success after_eap_success 4_way_message_2]
Nov 25, 2025 4:53:14 PM de.learnlib.logging.LearnLogger logQuery
INFO: [ε | challenge_v0 tlv_request success_request_with_credentials eap_success eap_success id_request_v0 / ε | challenge_response_v0 tlv_success success_response_v0 after_eap_success after_eap_success id_response_v0]
Nov 25, 2025 4:53:16 PM de.learnlib.logging.LearnLogger logQuery
INFO: [ε | challenge_v0 tlv_request success_and_cryptobinding id_request_v0 id_request_v0 success_request_with_credentials / ε | challenge_response_v0 tlv_success tlv_success id_response_v0 id_response_v0 success_response_v0]
Nov 25, 2025 4:53:17 PM de.learnlib.logging.LearnLogger logQuery
INFO: [ε | challenge_v0 tlv_request success_and_cryptobinding id_request_v0 id_request_v0 4_way_message_1 / ε | challenge_response_v0 tlv_success tlv_success id_response_v0 id_response_v0 4_way_message_2]
Nov 25, 2025 4:53:19 PM de.learnlib.logging.LearnLogger logQuery
INFO: [ε | challenge_v0 tlv_request success_and_cryptobinding id_request_v0 id_request_v0 id_request_v0 / ε | challenge_response_v0 tlv_success tlv_success id_response_v0 id_response_v0 id_response_v0]
Nov 25, 2025 4:53:21 PM de.learnlib.logging.LearnLogger logQuery
INFO: [ε | challenge_v0 tlv_request success_and_cryptobinding challenge_v0 id_request_v0 success_request_with_credentials / ε | challenge_response_v0 tlv_success tlv_success challenge_response_v0 id_response_v0 success_response_v0]
Nov 25, 2025 4:53:23 PM de.learnlib.logging.LearnLogger logQuery
INFO: [ε | challenge_v0 tlv_request success_and_cryptobinding challenge_v0 id_request_v0 4_way_message_1 / ε | challenge_response_v0 tlv_success tlv_success challenge_response_v0 id_response_v0 4_way_message_2]
Nov 25, 2025 4:53:25 PM de.learnlib.logging.LearnLogger logQuery
INFO: [ε | challenge_v0 tlv_request success_and_cryptobinding challenge_v0 id_request_v0 id_request_v0 / ε | challenge_response_v0 tlv_success tlv_success challenge_response_v0 id_response_v0 id_response_v0]
Nov 25, 2025 4:53:27 PM de.learnlib.logging.LearnLogger logQuery
INFO: [ε | challenge_v0 tlv_request success_and_cryptobinding tlv_request id_request_v0 success_request_with_credentials / ε | challenge_response_v0 tlv_success tlv_success tlv_success id_response_v0 success_response_v0]
Nov 25, 2025 4:53:29 PM de.learnlib.logging.LearnLogger logQuery
INFO: [ε | challenge_v0 tlv_request success_and_cryptobinding tlv_request id_request_v0 4_way_message_1 / ε | challenge_response_v0 tlv_success tlv_success tlv_success id_response_v0 4_way_message_2]
Nov 25, 2025 4:53:31 PM de.learnlib.logging.LearnLogger logQuery
INFO: [ε | challenge_v0 tlv_request success_and_cryptobinding tlv_request id_request_v0 id_request_v0 / ε | challenge_response_v0 tlv_success tlv_success tlv_success id_response_v0 id_response_v0]
Nov 25, 2025 4:53:32 PM de.learnlib.logging.LearnLogger logQuery
INFO: [ε | challenge_v0 tlv_request success_and_cryptobinding success_request_with_credentials id_request_v0 success_request_with_credentials / ε | challenge_response_v0 tlv_success tlv_success success_response_v0 id_response_v0 success_response_v0]
Nov 25, 2025 4:53:34 PM de.learnlib.logging.LearnLogger logQuery
INFO: [ε | challenge_v0 tlv_request success_and_cryptobinding success_request_with_credentials id_request_v0 4_way_message_1 / ε | challenge_response_v0 tlv_success tlv_success success_response_v0 id_response_v0 4_way_message_2]
Nov 25, 2025 4:53:36 PM de.learnlib.logging.LearnLogger logQuery
INFO: [ε | challenge_v0 tlv_request success_and_cryptobinding success_request_with_credentials id_request_v0 id_request_v0 / ε | challenge_response_v0 tlv_success tlv_success success_response_v0 id_response_v0 id_response_v0]
Nov 25, 2025 4:53:38 PM de.learnlib.logging.LearnLogger logQuery
INFO: [ε | challenge_v0 tlv_request success_and_cryptobinding success_and_cryptobinding id_request_v0 success_request_with_credentials / ε | challenge_response_v0 tlv_success tlv_success tlv_success id_response_v0 success_response_v0]
Nov 25, 2025 4:53:40 PM de.learnlib.logging.LearnLogger logQuery
INFO: [ε | challenge_v0 tlv_request success_and_cryptobinding success_and_cryptobinding id_request_v0 4_way_message_1 / ε | challenge_response_v0 tlv_success tlv_success tlv_success id_response_v0 4_way_message_2]
Nov 25, 2025 4:53:42 PM de.learnlib.logging.LearnLogger logQuery
INFO: [ε | challenge_v0 tlv_request success_and_cryptobinding success_and_cryptobinding id_request_v0 id_request_v0 / ε | challenge_response_v0 tlv_success tlv_success tlv_success id_response_v0 id_response_v0]
Nov 25, 2025 4:53:44 PM de.learnlib.logging.LearnLogger logQuery
INFO: [ε | challenge_v0 tlv_request success_and_cryptobinding eap_success id_request_v0 success_request_with_credentials / ε | challenge_response_v0 tlv_success tlv_success after_eap_success id_response_v0 success_response_v0]
Nov 25, 2025 4:53:46 PM de.learnlib.logging.LearnLogger logQuery
INFO: [ε | challenge_v0 tlv_request success_and_cryptobinding eap_success id_request_v0 4_way_message_1 / ε | challenge_response_v0 tlv_success tlv_success after_eap_success id_response_v0 4_way_message_2]
Nov 25, 2025 4:53:49 PM de.learnlib.logging.LearnLogger logQuery
INFO: [ε | challenge_v0 tlv_request success_and_cryptobinding eap_success id_request_v0 id_request_v0 / ε | challenge_response_v0 tlv_success tlv_success after_eap_success id_response_v0 id_response_v0]
Nov 25, 2025 4:53:50 PM de.learnlib.logging.LearnLogger logQuery
INFO: [ε | challenge_v0 tlv_request success_and_cryptobinding id_request_v0 challenge_v0 / ε | challenge_response_v0 tlv_success tlv_success id_response_v0 challenge_response_v0]
Nov 25, 2025 4:53:52 PM de.learnlib.logging.LearnLogger logQuery
INFO: [ε | challenge_v0 tlv_request success_and_cryptobinding id_request_v0 challenge_v0 success_request_with_credentials / ε | challenge_response_v0 tlv_success tlv_success id_response_v0 challenge_response_v0 success_response_v0]
Nov 25, 2025 4:53:54 PM de.learnlib.logging.LearnLogger logQuery
INFO: [ε | challenge_v0 tlv_request success_and_cryptobinding id_request_v0 challenge_v0 4_way_message_1 / ε | challenge_response_v0 tlv_success tlv_success id_response_v0 challenge_response_v0 4_way_message_2]
Nov 25, 2025 4:53:56 PM de.learnlib.logging.LearnLogger logQuery
INFO: [ε | challenge_v0 tlv_request success_and_cryptobinding id_request_v0 challenge_v0 id_request_v0 / ε | challenge_response_v0 tlv_success tlv_success id_response_v0 challenge_response_v0 id_response_v0]
Nov 25, 2025 4:53:58 PM de.learnlib.logging.LearnLogger logQuery
INFO: [ε | challenge_v0 tlv_request success_and_cryptobinding challenge_v0 challenge_v0 / ε | challenge_response_v0 tlv_success tlv_success challenge_response_v0 challenge_response_v0]
Nov 25, 2025 4:53:59 PM de.learnlib.logging.LearnLogger logQuery
INFO: [ε | challenge_v0 tlv_request success_and_cryptobinding challenge_v0 challenge_v0 success_request_with_credentials / ε | challenge_response_v0 tlv_success tlv_success challenge_response_v0 challenge_response_v0 success_response_v0]
Nov 25, 2025 4:54:01 PM de.learnlib.logging.LearnLogger logQuery
INFO: [ε | challenge_v0 tlv_request success_and_cryptobinding challenge_v0 challenge_v0 4_way_message_1 / ε | challenge_response_v0 tlv_success tlv_success challenge_response_v0 challenge_response_v0 4_way_message_2]
Nov 25, 2025 4:54:03 PM de.learnlib.logging.LearnLogger logQuery
INFO: [ε | challenge_v0 tlv_request success_and_cryptobinding challenge_v0 challenge_v0 id_request_v0 / ε | challenge_response_v0 tlv_success tlv_success challenge_response_v0 challenge_response_v0 id_response_v0]
Nov 25, 2025 4:54:05 PM de.learnlib.logging.LearnLogger logQuery
INFO: [ε | challenge_v0 tlv_request success_and_cryptobinding tlv_request challenge_v0 / ε | challenge_response_v0 tlv_success tlv_success tlv_success challenge_response_v0]
Nov 25, 2025 4:54:07 PM de.learnlib.logging.LearnLogger logQuery
INFO: [ε | challenge_v0 tlv_request success_and_cryptobinding tlv_request challenge_v0 success_request_with_credentials / ε | challenge_response_v0 tlv_success tlv_success tlv_success challenge_response_v0 success_response_v0]
Nov 25, 2025 4:54:08 PM de.learnlib.logging.LearnLogger logQuery
INFO: [ε | challenge_v0 tlv_request success_and_cryptobinding tlv_request challenge_v0 4_way_message_1 / ε | challenge_response_v0 tlv_success tlv_success tlv_success challenge_response_v0 4_way_message_2]
Nov 25, 2025 4:54:10 PM de.learnlib.logging.LearnLogger logQuery
INFO: [ε | challenge_v0 tlv_request success_and_cryptobinding tlv_request challenge_v0 id_request_v0 / ε | challenge_response_v0 tlv_success tlv_success tlv_success challenge_response_v0 id_response_v0]
Nov 25, 2025 4:54:12 PM de.learnlib.logging.LearnLogger logQuery
INFO: [ε | challenge_v0 tlv_request success_and_cryptobinding success_request_with_credentials challenge_v0 / ε | challenge_response_v0 tlv_success tlv_success success_response_v0 challenge_response_v0]
Nov 25, 2025 4:54:14 PM de.learnlib.logging.LearnLogger logQuery
INFO: [ε | challenge_v0 tlv_request success_and_cryptobinding success_request_with_credentials challenge_v0 success_request_with_credentials / ε | challenge_response_v0 tlv_success tlv_success success_response_v0 challenge_response_v0 success_response_v0]
Nov 25, 2025 4:54:16 PM de.learnlib.logging.LearnLogger logQuery
INFO: [ε | challenge_v0 tlv_request success_and_cryptobinding success_request_with_credentials challenge_v0 4_way_message_1 / ε | challenge_response_v0 tlv_success tlv_success success_response_v0 challenge_response_v0 4_way_message_2]
Nov 25, 2025 4:54:18 PM de.learnlib.logging.LearnLogger logQuery
INFO: [ε | challenge_v0 tlv_request success_and_cryptobinding success_request_with_credentials challenge_v0 id_request_v0 / ε | challenge_response_v0 tlv_success tlv_success success_response_v0 challenge_response_v0 id_response_v0]
Nov 25, 2025 4:54:20 PM de.learnlib.logging.LearnLogger logQuery
INFO: [ε | challenge_v0 tlv_request success_and_cryptobinding success_and_cryptobinding challenge_v0 / ε | challenge_response_v0 tlv_success tlv_success tlv_success challenge_response_v0]
Nov 25, 2025 4:54:21 PM de.learnlib.logging.LearnLogger logQuery
INFO: [ε | challenge_v0 tlv_request success_and_cryptobinding success_and_cryptobinding challenge_v0 success_request_with_credentials / ε | challenge_response_v0 tlv_success tlv_success tlv_success challenge_response_v0 success_response_v0]
Nov 25, 2025 4:54:23 PM de.learnlib.logging.LearnLogger logQuery
INFO: [ε | challenge_v0 tlv_request success_and_cryptobinding success_and_cryptobinding challenge_v0 4_way_message_1 / ε | challenge_response_v0 tlv_success tlv_success tlv_success challenge_response_v0 4_way_message_2]
Nov 25, 2025 4:54:25 PM de.learnlib.logging.LearnLogger logQuery
INFO: [ε | challenge_v0 tlv_request success_and_cryptobinding success_and_cryptobinding challenge_v0 id_request_v0 / ε | challenge_response_v0 tlv_success tlv_success tlv_success challenge_response_v0 id_response_v0]
Nov 25, 2025 4:54:27 PM de.learnlib.logging.LearnLogger logQuery
INFO: [ε | challenge_v0 tlv_request success_and_cryptobinding eap_success challenge_v0 / ε | challenge_response_v0 tlv_success tlv_success after_eap_success challenge_response_v0]
Nov 25, 2025 4:54:29 PM de.learnlib.logging.LearnLogger logQuery
INFO: [ε | challenge_v0 tlv_request success_and_cryptobinding eap_success challenge_v0 success_request_with_credentials / ε | challenge_response_v0 tlv_success tlv_success after_eap_success challenge_response_v0 success_response_v0]
Nov 25, 2025 4:54:32 PM de.learnlib.logging.LearnLogger logQuery
INFO: [ε | challenge_v0 tlv_request success_and_cryptobinding eap_success challenge_v0 4_way_message_1 / ε | challenge_response_v0 tlv_success tlv_success after_eap_success challenge_response_v0 4_way_message_2]
Nov 25, 2025 4:54:34 PM de.learnlib.logging.LearnLogger logQuery
INFO: [ε | challenge_v0 tlv_request success_and_cryptobinding eap_success challenge_v0 id_request_v0 / ε | challenge_response_v0 tlv_success tlv_success after_eap_success challenge_response_v0 id_response_v0]
Nov 25, 2025 4:54:36 PM de.learnlib.logging.LearnLogger logQuery
INFO: [ε | challenge_v0 tlv_request success_and_cryptobinding id_request_v0 tlv_request / ε | challenge_response_v0 tlv_success tlv_success id_response_v0 tlv_success]
Nov 25, 2025 4:54:38 PM de.learnlib.logging.LearnLogger logQuery
INFO: [ε | challenge_v0 tlv_request success_and_cryptobinding id_request_v0 tlv_request success_request_with_credentials / ε | challenge_response_v0 tlv_success tlv_success id_response_v0 tlv_success success_response_v0]
Nov 25, 2025 4:54:40 PM de.learnlib.logging.LearnLogger logQuery
INFO: [ε | challenge_v0 tlv_request success_and_cryptobinding id_request_v0 tlv_request 4_way_message_1 / ε | challenge_response_v0 tlv_success tlv_success id_response_v0 tlv_success 4_way_message_2]
Nov 25, 2025 4:54:41 PM de.learnlib.logging.LearnLogger logQuery
INFO: [ε | challenge_v0 tlv_request success_and_cryptobinding id_request_v0 tlv_request id_request_v0 / ε | challenge_response_v0 tlv_success tlv_success id_response_v0 tlv_success id_response_v0]
Nov 25, 2025 4:54:43 PM de.learnlib.logging.LearnLogger logQuery
INFO: [ε | challenge_v0 tlv_request success_and_cryptobinding challenge_v0 tlv_request / ε | challenge_response_v0 tlv_success tlv_success challenge_response_v0 tlv_success]
Nov 25, 2025 4:54:45 PM de.learnlib.logging.LearnLogger logQuery
INFO: [ε | challenge_v0 tlv_request success_and_cryptobinding challenge_v0 tlv_request success_request_with_credentials / ε | challenge_response_v0 tlv_success tlv_success challenge_response_v0 tlv_success success_response_v0]
Nov 25, 2025 4:54:47 PM de.learnlib.logging.LearnLogger logQuery
INFO: [ε | challenge_v0 tlv_request success_and_cryptobinding challenge_v0 tlv_request 4_way_message_1 / ε | challenge_response_v0 tlv_success tlv_success challenge_response_v0 tlv_success 4_way_message_2]
Nov 25, 2025 4:54:49 PM de.learnlib.logging.LearnLogger logQuery
INFO: [ε | challenge_v0 tlv_request success_and_cryptobinding challenge_v0 tlv_request id_request_v0 / ε | challenge_response_v0 tlv_success tlv_success challenge_response_v0 tlv_success id_response_v0]
Nov 25, 2025 4:54:51 PM de.learnlib.logging.LearnLogger logQuery
INFO: [ε | challenge_v0 tlv_request success_and_cryptobinding tlv_request tlv_request / ε | challenge_response_v0 tlv_success tlv_success tlv_success tlv_success]
Nov 25, 2025 4:54:52 PM de.learnlib.logging.LearnLogger logQuery
INFO: [ε | challenge_v0 tlv_request success_and_cryptobinding tlv_request tlv_request success_request_with_credentials / ε | challenge_response_v0 tlv_success tlv_success tlv_success tlv_success success_response_v0]
Nov 25, 2025 4:54:54 PM de.learnlib.logging.LearnLogger logQuery
INFO: [ε | challenge_v0 tlv_request success_and_cryptobinding tlv_request tlv_request 4_way_message_1 / ε | challenge_response_v0 tlv_success tlv_success tlv_success tlv_success 4_way_message_2]
Nov 25, 2025 4:54:56 PM de.learnlib.logging.LearnLogger logQuery
INFO: [ε | challenge_v0 tlv_request success_and_cryptobinding tlv_request tlv_request id_request_v0 / ε | challenge_response_v0 tlv_success tlv_success tlv_success tlv_success id_response_v0]
Nov 25, 2025 4:54:58 PM de.learnlib.logging.LearnLogger logQuery
INFO: [ε | challenge_v0 tlv_request success_and_cryptobinding success_request_with_credentials tlv_request / ε | challenge_response_v0 tlv_success tlv_success success_response_v0 tlv_success]
Nov 25, 2025 4:55:00 PM de.learnlib.logging.LearnLogger logQuery
INFO: [ε | challenge_v0 tlv_request success_and_cryptobinding success_request_with_credentials tlv_request success_request_with_credentials / ε | challenge_response_v0 tlv_success tlv_success success_response_v0 tlv_success success_response_v0]
Nov 25, 2025 4:55:01 PM de.learnlib.logging.LearnLogger logQuery
INFO: [ε | challenge_v0 tlv_request success_and_cryptobinding success_request_with_credentials tlv_request 4_way_message_1 / ε | challenge_response_v0 tlv_success tlv_success success_response_v0 tlv_success 4_way_message_2]
Nov 25, 2025 4:55:03 PM de.learnlib.logging.LearnLogger logQuery
INFO: [ε | challenge_v0 tlv_request success_and_cryptobinding success_request_with_credentials tlv_request id_request_v0 / ε | challenge_response_v0 tlv_success tlv_success success_response_v0 tlv_success id_response_v0]
Nov 25, 2025 4:55:05 PM de.learnlib.logging.LearnLogger logQuery
INFO: [ε | challenge_v0 tlv_request success_and_cryptobinding success_and_cryptobinding tlv_request / ε | challenge_response_v0 tlv_success tlv_success tlv_success tlv_success]
Nov 25, 2025 4:55:07 PM de.learnlib.logging.LearnLogger logQuery
INFO: [ε | challenge_v0 tlv_request success_and_cryptobinding success_and_cryptobinding tlv_request success_request_with_credentials / ε | challenge_response_v0 tlv_success tlv_success tlv_success tlv_success success_response_v0]
Nov 25, 2025 4:55:09 PM de.learnlib.logging.LearnLogger logQuery
INFO: [ε | challenge_v0 tlv_request success_and_cryptobinding success_and_cryptobinding tlv_request 4_way_message_1 / ε | challenge_response_v0 tlv_success tlv_success tlv_success tlv_success 4_way_message_2]
Nov 25, 2025 4:55:11 PM de.learnlib.logging.LearnLogger logQuery
INFO: [ε | challenge_v0 tlv_request success_and_cryptobinding success_and_cryptobinding tlv_request id_request_v0 / ε | challenge_response_v0 tlv_success tlv_success tlv_success tlv_success id_response_v0]
Nov 25, 2025 4:55:13 PM de.learnlib.logging.LearnLogger logQuery
INFO: [ε | challenge_v0 tlv_request success_and_cryptobinding eap_success tlv_request / ε | challenge_response_v0 tlv_success tlv_success after_eap_success tlv_success]
Nov 25, 2025 4:55:15 PM de.learnlib.logging.LearnLogger logQuery
INFO: [ε | challenge_v0 tlv_request success_and_cryptobinding eap_success tlv_request success_request_with_credentials / ε | challenge_response_v0 tlv_success tlv_success after_eap_success tlv_success success_response_v0]
Nov 25, 2025 4:55:18 PM de.learnlib.logging.LearnLogger logQuery
INFO: [ε | challenge_v0 tlv_request success_and_cryptobinding eap_success tlv_request 4_way_message_1 / ε | challenge_response_v0 tlv_success tlv_success after_eap_success tlv_success 4_way_message_2]
Nov 25, 2025 4:55:20 PM de.learnlib.logging.LearnLogger logQuery
INFO: [ε | challenge_v0 tlv_request success_and_cryptobinding eap_success tlv_request id_request_v0 / ε | challenge_response_v0 tlv_success tlv_success after_eap_success tlv_success id_response_v0]
Nov 25, 2025 4:55:22 PM de.learnlib.logging.LearnLogger logQuery
INFO: [ε | challenge_v0 tlv_request success_and_cryptobinding id_request_v0 tlv_failure / ε | challenge_response_v0 tlv_success tlv_success id_response_v0 tlv_failure]
Nov 25, 2025 4:55:23 PM de.learnlib.logging.LearnLogger logQuery
INFO: [ε | challenge_v0 tlv_request success_and_cryptobinding challenge_v0 tlv_failure / ε | challenge_response_v0 tlv_success tlv_success challenge_response_v0 tlv_failure]
Nov 25, 2025 4:55:25 PM de.learnlib.logging.LearnLogger logQuery
INFO: [ε | challenge_v0 tlv_request success_and_cryptobinding tlv_request tlv_failure / ε | challenge_response_v0 tlv_success tlv_success tlv_success tlv_failure]
Nov 25, 2025 4:55:27 PM de.learnlib.logging.LearnLogger logQuery
INFO: [ε | challenge_v0 tlv_request success_and_cryptobinding success_request_with_credentials tlv_failure / ε | challenge_response_v0 tlv_success tlv_success success_response_v0 tlv_failure]
Nov 25, 2025 4:55:28 PM de.learnlib.logging.LearnLogger logQuery
INFO: [ε | challenge_v0 tlv_request success_and_cryptobinding success_and_cryptobinding tlv_failure / ε | challenge_response_v0 tlv_success tlv_success tlv_success tlv_failure]
Nov 25, 2025 4:55:31 PM de.learnlib.logging.LearnLogger logQuery
INFO: [ε | challenge_v0 tlv_request success_and_cryptobinding eap_success tlv_failure / ε | challenge_response_v0 tlv_success tlv_success after_eap_success tlv_failure]
Nov 25, 2025 4:55:33 PM de.learnlib.logging.LearnLogger logQuery
INFO: [ε | challenge_v0 tlv_request success_and_cryptobinding id_request_v0 success_request_all_zeros / ε | challenge_response_v0 tlv_success tlv_success id_response_v0 no_reply]
Nov 25, 2025 4:55:35 PM de.learnlib.logging.LearnLogger logQuery
INFO: [ε | challenge_v0 tlv_request success_and_cryptobinding challenge_v0 success_request_all_zeros / ε | challenge_response_v0 tlv_success tlv_success challenge_response_v0 no_reply]
Nov 25, 2025 4:55:37 PM de.learnlib.logging.LearnLogger logQuery
INFO: [ε | challenge_v0 tlv_request success_and_cryptobinding tlv_request success_request_all_zeros / ε | challenge_response_v0 tlv_success tlv_success tlv_success no_reply]
Nov 25, 2025 4:55:40 PM de.learnlib.logging.LearnLogger logQuery
INFO: [ε | challenge_v0 tlv_request success_and_cryptobinding success_request_with_credentials success_request_all_zeros / ε | challenge_response_v0 tlv_success tlv_success success_response_v0 no_reply]
Nov 25, 2025 4:55:42 PM de.learnlib.logging.LearnLogger logQuery
INFO: [ε | challenge_v0 tlv_request success_and_cryptobinding success_and_cryptobinding success_request_all_zeros / ε | challenge_response_v0 tlv_success tlv_success tlv_success no_reply]
Nov 25, 2025 4:55:45 PM de.learnlib.logging.LearnLogger logQuery
INFO: [ε | challenge_v0 tlv_request success_and_cryptobinding eap_success success_request_all_zeros / ε | challenge_response_v0 tlv_success tlv_success after_eap_success no_reply]
Nov 25, 2025 4:55:46 PM de.learnlib.logging.LearnLogger logQuery
INFO: [ε | challenge_v0 tlv_request success_and_cryptobinding id_request_v0 success_request_with_credentials success_request_with_credentials / ε | challenge_response_v0 tlv_success tlv_success id_response_v0 success_response_v0 success_response_v0]
Nov 25, 2025 4:55:48 PM de.learnlib.logging.LearnLogger logQuery
INFO: [ε | challenge_v0 tlv_request success_and_cryptobinding id_request_v0 success_request_with_credentials 4_way_message_1 / ε | challenge_response_v0 tlv_success tlv_success id_response_v0 success_response_v0 4_way_message_2]
Nov 25, 2025 4:55:50 PM de.learnlib.logging.LearnLogger logQuery
INFO: [ε | challenge_v0 tlv_request success_and_cryptobinding id_request_v0 success_request_with_credentials id_request_v0 / ε | challenge_response_v0 tlv_success tlv_success id_response_v0 success_response_v0 id_response_v0]
Nov 25, 2025 4:55:51 PM de.learnlib.logging.LearnLogger logQuery
INFO: [ε | challenge_v0 tlv_request success_and_cryptobinding challenge_v0 success_request_with_credentials success_request_with_credentials / ε | challenge_response_v0 tlv_success tlv_success challenge_response_v0 success_response_v0 success_response_v0]
Nov 25, 2025 4:55:53 PM de.learnlib.logging.LearnLogger logQuery
INFO: [ε | challenge_v0 tlv_request success_and_cryptobinding challenge_v0 success_request_with_credentials 4_way_message_1 / ε | challenge_response_v0 tlv_success tlv_success challenge_response_v0 success_response_v0 4_way_message_2]
Nov 25, 2025 4:55:54 PM de.learnlib.logging.LearnLogger logQuery
INFO: [ε | challenge_v0 tlv_request success_and_cryptobinding challenge_v0 success_request_with_credentials id_request_v0 / ε | challenge_response_v0 tlv_success tlv_success challenge_response_v0 success_response_v0 id_response_v0]
Nov 25, 2025 4:55:56 PM de.learnlib.logging.LearnLogger logQuery
INFO: [ε | challenge_v0 tlv_request success_and_cryptobinding tlv_request success_request_with_credentials success_request_with_credentials / ε | challenge_response_v0 tlv_success tlv_success tlv_success success_response_v0 success_response_v0]
Nov 25, 2025 4:55:57 PM de.learnlib.logging.LearnLogger logQuery
INFO: [ε | challenge_v0 tlv_request success_and_cryptobinding tlv_request success_request_with_credentials 4_way_message_1 / ε | challenge_response_v0 tlv_success tlv_success tlv_success success_response_v0 4_way_message_2]
Nov 25, 2025 4:55:59 PM de.learnlib.logging.LearnLogger logQuery
INFO: [ε | challenge_v0 tlv_request success_and_cryptobinding tlv_request success_request_with_credentials id_request_v0 / ε | challenge_response_v0 tlv_success tlv_success tlv_success success_response_v0 id_response_v0]
Nov 25, 2025 4:56:01 PM de.learnlib.logging.LearnLogger logQuery
INFO: [ε | challenge_v0 tlv_request success_and_cryptobinding success_request_with_credentials success_request_with_credentials success_request_with_credentials / ε | challenge_response_v0 tlv_success tlv_success success_response_v0 success_response_v0 success_response_v0]
Nov 25, 2025 4:56:02 PM de.learnlib.logging.LearnLogger logQuery
INFO: [ε | challenge_v0 tlv_request success_and_cryptobinding success_request_with_credentials success_request_with_credentials 4_way_message_1 / ε | challenge_response_v0 tlv_success tlv_success success_response_v0 success_response_v0 4_way_message_2]
Nov 25, 2025 4:56:04 PM de.learnlib.logging.LearnLogger logQuery
INFO: [ε | challenge_v0 tlv_request success_and_cryptobinding success_request_with_credentials success_request_with_credentials id_request_v0 / ε | challenge_response_v0 tlv_success tlv_success success_response_v0 success_response_v0 id_response_v0]
Nov 25, 2025 4:56:06 PM de.learnlib.logging.LearnLogger logQuery
INFO: [ε | challenge_v0 tlv_request success_and_cryptobinding success_and_cryptobinding success_request_with_credentials success_request_with_credentials / ε | challenge_response_v0 tlv_success tlv_success tlv_success success_response_v0 success_response_v0]
Nov 25, 2025 4:56:07 PM de.learnlib.logging.LearnLogger logQuery
INFO: [ε | challenge_v0 tlv_request success_and_cryptobinding success_and_cryptobinding success_request_with_credentials 4_way_message_1 / ε | challenge_response_v0 tlv_success tlv_success tlv_success success_response_v0 4_way_message_2]
Nov 25, 2025 4:56:09 PM de.learnlib.logging.LearnLogger logQuery
INFO: [ε | challenge_v0 tlv_request success_and_cryptobinding success_and_cryptobinding success_request_with_credentials id_request_v0 / ε | challenge_response_v0 tlv_success tlv_success tlv_success success_response_v0 id_response_v0]
Nov 25, 2025 4:56:11 PM de.learnlib.logging.LearnLogger logQuery
INFO: [ε | challenge_v0 tlv_request success_and_cryptobinding eap_success success_request_with_credentials success_request_with_credentials / ε | challenge_response_v0 tlv_success tlv_success after_eap_success success_response_v0 success_response_v0]
Nov 25, 2025 4:56:13 PM de.learnlib.logging.LearnLogger logQuery
INFO: [ε | challenge_v0 tlv_request success_and_cryptobinding eap_success success_request_with_credentials 4_way_message_1 / ε | challenge_response_v0 tlv_success tlv_success after_eap_success success_response_v0 4_way_message_2]
Nov 25, 2025 4:56:16 PM de.learnlib.logging.LearnLogger logQuery
INFO: [ε | challenge_v0 tlv_request success_and_cryptobinding eap_success success_request_with_credentials id_request_v0 / ε | challenge_response_v0 tlv_success tlv_success after_eap_success success_response_v0 id_response_v0]
Nov 25, 2025 4:56:17 PM de.learnlib.logging.LearnLogger logQuery
INFO: [ε | challenge_v0 tlv_request success_and_cryptobinding id_request_v0 success_and_cryptobinding / ε | challenge_response_v0 tlv_success tlv_success id_response_v0 tlv_success]
Nov 25, 2025 4:56:19 PM de.learnlib.logging.LearnLogger logQuery
INFO: [ε | challenge_v0 tlv_request success_and_cryptobinding id_request_v0 success_and_cryptobinding success_request_with_credentials / ε | challenge_response_v0 tlv_success tlv_success id_response_v0 tlv_success success_response_v0]
Nov 25, 2025 4:56:21 PM de.learnlib.logging.LearnLogger logQuery
INFO: [ε | challenge_v0 tlv_request success_and_cryptobinding id_request_v0 success_and_cryptobinding 4_way_message_1 / ε | challenge_response_v0 tlv_success tlv_success id_response_v0 tlv_success 4_way_message_2]
Nov 25, 2025 4:56:23 PM de.learnlib.logging.LearnLogger logQuery
INFO: [ε | challenge_v0 tlv_request success_and_cryptobinding id_request_v0 success_and_cryptobinding id_request_v0 / ε | challenge_response_v0 tlv_success tlv_success id_response_v0 tlv_success id_response_v0]
Nov 25, 2025 4:56:25 PM de.learnlib.logging.LearnLogger logQuery
INFO: [ε | challenge_v0 tlv_request success_and_cryptobinding challenge_v0 success_and_cryptobinding / ε | challenge_response_v0 tlv_success tlv_success challenge_response_v0 tlv_success]
Nov 25, 2025 4:56:26 PM de.learnlib.logging.LearnLogger logQuery
INFO: [ε | challenge_v0 tlv_request success_and_cryptobinding challenge_v0 success_and_cryptobinding success_request_with_credentials / ε | challenge_response_v0 tlv_success tlv_success challenge_response_v0 tlv_success success_response_v0]
Nov 25, 2025 4:56:28 PM de.learnlib.logging.LearnLogger logQuery
INFO: [ε | challenge_v0 tlv_request success_and_cryptobinding challenge_v0 success_and_cryptobinding 4_way_message_1 / ε | challenge_response_v0 tlv_success tlv_success challenge_response_v0 tlv_success 4_way_message_2]
Nov 25, 2025 4:56:30 PM de.learnlib.logging.LearnLogger logQuery
INFO: [ε | challenge_v0 tlv_request success_and_cryptobinding challenge_v0 success_and_cryptobinding id_request_v0 / ε | challenge_response_v0 tlv_success tlv_success challenge_response_v0 tlv_success id_response_v0]
Nov 25, 2025 4:56:32 PM de.learnlib.logging.LearnLogger logQuery
INFO: [ε | challenge_v0 tlv_request success_and_cryptobinding tlv_request success_and_cryptobinding / ε | challenge_response_v0 tlv_success tlv_success tlv_success tlv_success]
Nov 25, 2025 4:56:34 PM de.learnlib.logging.LearnLogger logQuery
INFO: [ε | challenge_v0 tlv_request success_and_cryptobinding tlv_request success_and_cryptobinding success_request_with_credentials / ε | challenge_response_v0 tlv_success tlv_success tlv_success tlv_success success_response_v0]
Nov 25, 2025 4:56:36 PM de.learnlib.logging.LearnLogger logQuery
INFO: [ε | challenge_v0 tlv_request success_and_cryptobinding tlv_request success_and_cryptobinding 4_way_message_1 / ε | challenge_response_v0 tlv_success tlv_success tlv_success tlv_success 4_way_message_2]
Nov 25, 2025 4:56:38 PM de.learnlib.logging.LearnLogger logQuery
INFO: [ε | challenge_v0 tlv_request success_and_cryptobinding tlv_request success_and_cryptobinding id_request_v0 / ε | challenge_response_v0 tlv_success tlv_success tlv_success tlv_success id_response_v0]
Nov 25, 2025 4:56:39 PM de.learnlib.logging.LearnLogger logQuery
INFO: [ε | challenge_v0 tlv_request success_and_cryptobinding success_request_with_credentials success_and_cryptobinding / ε | challenge_response_v0 tlv_success tlv_success success_response_v0 tlv_success]
Nov 25, 2025 4:56:41 PM de.learnlib.logging.LearnLogger logQuery
INFO: [ε | challenge_v0 tlv_request success_and_cryptobinding success_request_with_credentials success_and_cryptobinding success_request_with_credentials / ε | challenge_response_v0 tlv_success tlv_success success_response_v0 tlv_success success_response_v0]
Nov 25, 2025 4:56:43 PM de.learnlib.logging.LearnLogger logQuery
INFO: [ε | challenge_v0 tlv_request success_and_cryptobinding success_request_with_credentials success_and_cryptobinding 4_way_message_1 / ε | challenge_response_v0 tlv_success tlv_success success_response_v0 tlv_success 4_way_message_2]
Nov 25, 2025 4:56:45 PM de.learnlib.logging.LearnLogger logQuery
INFO: [ε | challenge_v0 tlv_request success_and_cryptobinding success_request_with_credentials success_and_cryptobinding id_request_v0 / ε | challenge_response_v0 tlv_success tlv_success success_response_v0 tlv_success id_response_v0]
Nov 25, 2025 4:56:47 PM de.learnlib.logging.LearnLogger logQuery
INFO: [ε | challenge_v0 tlv_request success_and_cryptobinding success_and_cryptobinding success_and_cryptobinding / ε | challenge_response_v0 tlv_success tlv_success tlv_success tlv_success]
Nov 25, 2025 4:56:48 PM de.learnlib.logging.LearnLogger logQuery
INFO: [ε | challenge_v0 tlv_request success_and_cryptobinding success_and_cryptobinding success_and_cryptobinding success_request_with_credentials / ε | challenge_response_v0 tlv_success tlv_success tlv_success tlv_success success_response_v0]
Nov 25, 2025 4:56:50 PM de.learnlib.logging.LearnLogger logQuery
INFO: [ε | challenge_v0 tlv_request success_and_cryptobinding success_and_cryptobinding success_and_cryptobinding 4_way_message_1 / ε | challenge_response_v0 tlv_success tlv_success tlv_success tlv_success 4_way_message_2]
Nov 25, 2025 4:56:52 PM de.learnlib.logging.LearnLogger logQuery
INFO: [ε | challenge_v0 tlv_request success_and_cryptobinding success_and_cryptobinding success_and_cryptobinding id_request_v0 / ε | challenge_response_v0 tlv_success tlv_success tlv_success tlv_success id_response_v0]
Nov 25, 2025 4:56:54 PM de.learnlib.logging.LearnLogger logQuery
INFO: [ε | challenge_v0 tlv_request success_and_cryptobinding eap_success success_and_cryptobinding / ε | challenge_response_v0 tlv_success tlv_success after_eap_success tlv_success]
Nov 25, 2025 4:56:57 PM de.learnlib.logging.LearnLogger logQuery
INFO: [ε | challenge_v0 tlv_request success_and_cryptobinding eap_success success_and_cryptobinding success_request_with_credentials / ε | challenge_response_v0 tlv_success tlv_success after_eap_success tlv_success success_response_v0]
Nov 25, 2025 4:56:59 PM de.learnlib.logging.LearnLogger logQuery
INFO: [ε | challenge_v0 tlv_request success_and_cryptobinding eap_success success_and_cryptobinding 4_way_message_1 / ε | challenge_response_v0 tlv_success tlv_success after_eap_success tlv_success 4_way_message_2]
Nov 25, 2025 4:57:01 PM de.learnlib.logging.LearnLogger logQuery
INFO: [ε | challenge_v0 tlv_request success_and_cryptobinding eap_success success_and_cryptobinding id_request_v0 / ε | challenge_response_v0 tlv_success tlv_success after_eap_success tlv_success id_response_v0]
Nov 25, 2025 4:57:03 PM de.learnlib.logging.LearnLogger logQuery
INFO: [ε | challenge_v0 tlv_request success_and_cryptobinding id_request_v0 cryptobinding / ε | challenge_response_v0 tlv_success tlv_success id_response_v0 no_reply]
Nov 25, 2025 4:57:06 PM de.learnlib.logging.LearnLogger logQuery
INFO: [ε | challenge_v0 tlv_request success_and_cryptobinding challenge_v0 cryptobinding / ε | challenge_response_v0 tlv_success tlv_success challenge_response_v0 no_reply]
Nov 25, 2025 4:57:08 PM de.learnlib.logging.LearnLogger logQuery
INFO: [ε | challenge_v0 tlv_request success_and_cryptobinding tlv_request cryptobinding / ε | challenge_response_v0 tlv_success tlv_success tlv_success no_reply]
Nov 25, 2025 4:57:11 PM de.learnlib.logging.LearnLogger logQuery
INFO: [ε | challenge_v0 tlv_request success_and_cryptobinding success_request_with_credentials cryptobinding / ε | challenge_response_v0 tlv_success tlv_success success_response_v0 no_reply]
Nov 25, 2025 4:57:13 PM de.learnlib.logging.LearnLogger logQuery
INFO: [ε | challenge_v0 tlv_request success_and_cryptobinding success_and_cryptobinding cryptobinding / ε | challenge_response_v0 tlv_success tlv_success tlv_success no_reply]
Nov 25, 2025 4:57:16 PM de.learnlib.logging.LearnLogger logQuery
INFO: [ε | challenge_v0 tlv_request success_and_cryptobinding eap_success cryptobinding / ε | challenge_response_v0 tlv_success tlv_success after_eap_success no_reply]
Nov 25, 2025 4:57:19 PM de.learnlib.logging.LearnLogger logQuery
INFO: [ε | challenge_v0 tlv_request success_and_cryptobinding id_request_v0 eap_success / ε | challenge_response_v0 tlv_success tlv_success id_response_v0 after_eap_success]
Nov 25, 2025 4:57:21 PM de.learnlib.logging.LearnLogger logQuery
INFO: [ε | challenge_v0 tlv_request success_and_cryptobinding id_request_v0 eap_success success_request_with_credentials / ε | challenge_response_v0 tlv_success tlv_success id_response_v0 after_eap_success success_response_v0]
Nov 25, 2025 4:57:23 PM de.learnlib.logging.LearnLogger logQuery
INFO: [ε | challenge_v0 tlv_request success_and_cryptobinding id_request_v0 eap_success 4_way_message_1 / ε | challenge_response_v0 tlv_success tlv_success id_response_v0 after_eap_success 4_way_message_2]
Nov 25, 2025 4:57:25 PM de.learnlib.logging.LearnLogger logQuery
INFO: [ε | challenge_v0 tlv_request success_and_cryptobinding id_request_v0 eap_success id_request_v0 / ε | challenge_response_v0 tlv_success tlv_success id_response_v0 after_eap_success id_response_v0]
Nov 25, 2025 4:57:28 PM de.learnlib.logging.LearnLogger logQuery
INFO: [ε | challenge_v0 tlv_request success_and_cryptobinding challenge_v0 eap_success / ε | challenge_response_v0 tlv_success tlv_success challenge_response_v0 after_eap_success]
Nov 25, 2025 4:57:30 PM de.learnlib.logging.LearnLogger logQuery
INFO: [ε | challenge_v0 tlv_request success_and_cryptobinding challenge_v0 eap_success success_request_with_credentials / ε | challenge_response_v0 tlv_success tlv_success challenge_response_v0 after_eap_success success_response_v0]
Nov 25, 2025 4:57:32 PM de.learnlib.logging.LearnLogger logQuery
INFO: [ε | challenge_v0 tlv_request success_and_cryptobinding challenge_v0 eap_success 4_way_message_1 / ε | challenge_response_v0 tlv_success tlv_success challenge_response_v0 after_eap_success 4_way_message_2]
Nov 25, 2025 4:57:34 PM de.learnlib.logging.LearnLogger logQuery
INFO: [ε | challenge_v0 tlv_request success_and_cryptobinding challenge_v0 eap_success id_request_v0 / ε | challenge_response_v0 tlv_success tlv_success challenge_response_v0 after_eap_success id_response_v0]
Nov 25, 2025 4:57:37 PM de.learnlib.logging.LearnLogger logQuery
INFO: [ε | challenge_v0 tlv_request success_and_cryptobinding tlv_request eap_success / ε | challenge_response_v0 tlv_success tlv_success tlv_success after_eap_success]
Nov 25, 2025 4:57:39 PM de.learnlib.logging.LearnLogger logQuery
INFO: [ε | challenge_v0 tlv_request success_and_cryptobinding tlv_request eap_success success_request_with_credentials / ε | challenge_response_v0 tlv_success tlv_success tlv_success after_eap_success success_response_v0]
Nov 25, 2025 4:57:41 PM de.learnlib.logging.LearnLogger logQuery
INFO: [ε | challenge_v0 tlv_request success_and_cryptobinding tlv_request eap_success 4_way_message_1 / ε | challenge_response_v0 tlv_success tlv_success tlv_success after_eap_success 4_way_message_2]
Nov 25, 2025 4:57:44 PM de.learnlib.logging.LearnLogger logQuery
INFO: [ε | challenge_v0 tlv_request success_and_cryptobinding tlv_request eap_success id_request_v0 / ε | challenge_response_v0 tlv_success tlv_success tlv_success after_eap_success id_response_v0]
Nov 25, 2025 4:57:46 PM de.learnlib.logging.LearnLogger logQuery
INFO: [ε | challenge_v0 tlv_request success_and_cryptobinding success_request_with_credentials eap_success / ε | challenge_response_v0 tlv_success tlv_success success_response_v0 after_eap_success]
Nov 25, 2025 4:57:48 PM de.learnlib.logging.LearnLogger logQuery
INFO: [ε | challenge_v0 tlv_request success_and_cryptobinding success_request_with_credentials eap_success success_request_with_credentials / ε | challenge_response_v0 tlv_success tlv_success success_response_v0 after_eap_success success_response_v0]
Nov 25, 2025 4:57:50 PM de.learnlib.logging.LearnLogger logQuery
INFO: [ε | challenge_v0 tlv_request success_and_cryptobinding success_request_with_credentials eap_success 4_way_message_1 / ε | challenge_response_v0 tlv_success tlv_success success_response_v0 after_eap_success 4_way_message_2]
Nov 25, 2025 4:57:52 PM de.learnlib.logging.LearnLogger logQuery
INFO: [ε | challenge_v0 tlv_request success_and_cryptobinding success_request_with_credentials eap_success id_request_v0 / ε | challenge_response_v0 tlv_success tlv_success success_response_v0 after_eap_success id_response_v0]
Nov 25, 2025 4:57:55 PM de.learnlib.logging.LearnLogger logQuery
INFO: [ε | challenge_v0 tlv_request success_and_cryptobinding success_and_cryptobinding eap_success / ε | challenge_response_v0 tlv_success tlv_success tlv_success after_eap_success]
Nov 25, 2025 4:57:57 PM de.learnlib.logging.LearnLogger logQuery
INFO: [ε | challenge_v0 tlv_request success_and_cryptobinding success_and_cryptobinding eap_success success_request_with_credentials / ε | challenge_response_v0 tlv_success tlv_success tlv_success after_eap_success success_response_v0]
Nov 25, 2025 4:57:59 PM de.learnlib.logging.LearnLogger logQuery
INFO: [ε | challenge_v0 tlv_request success_and_cryptobinding success_and_cryptobinding eap_success 4_way_message_1 / ε | challenge_response_v0 tlv_success tlv_success tlv_success after_eap_success 4_way_message_2]
Nov 25, 2025 4:58:01 PM de.learnlib.logging.LearnLogger logQuery
INFO: [ε | challenge_v0 tlv_request success_and_cryptobinding success_and_cryptobinding eap_success id_request_v0 / ε | challenge_response_v0 tlv_success tlv_success tlv_success after_eap_success id_response_v0]
Nov 25, 2025 4:58:04 PM de.learnlib.logging.LearnLogger logQuery
INFO: [ε | challenge_v0 tlv_request success_and_cryptobinding eap_success eap_success / ε | challenge_response_v0 tlv_success tlv_success after_eap_success after_eap_success]
Nov 25, 2025 4:58:07 PM de.learnlib.logging.LearnLogger logQuery
INFO: [ε | challenge_v0 tlv_request success_and_cryptobinding eap_success eap_success success_request_with_credentials / ε | challenge_response_v0 tlv_success tlv_success after_eap_success after_eap_success success_response_v0]
Nov 25, 2025 4:58:09 PM de.learnlib.logging.LearnLogger logQuery
INFO: [ε | challenge_v0 tlv_request success_and_cryptobinding eap_success eap_success 4_way_message_1 / ε | challenge_response_v0 tlv_success tlv_success after_eap_success after_eap_success 4_way_message_2]
Nov 25, 2025 4:58:12 PM de.learnlib.logging.LearnLogger logQuery
INFO: [ε | challenge_v0 tlv_request success_and_cryptobinding eap_success eap_success id_request_v0 / ε | challenge_response_v0 tlv_success tlv_success after_eap_success after_eap_success id_response_v0]
Nov 25, 2025 4:58:14 PM de.learnlib.logging.LearnLogger logQuery
INFO: [ε | challenge_v0 tlv_request eap_success id_request_v0 id_request_v0 success_request_with_credentials / ε | challenge_response_v0 tlv_success after_eap_success id_response_v0 id_response_v0 success_response_v0]
Nov 25, 2025 4:58:17 PM de.learnlib.logging.LearnLogger logQuery
INFO: [ε | challenge_v0 tlv_request eap_success id_request_v0 id_request_v0 4_way_message_1 / ε | challenge_response_v0 tlv_success after_eap_success id_response_v0 id_response_v0 4_way_message_2]
Nov 25, 2025 4:58:19 PM de.learnlib.logging.LearnLogger logQuery
INFO: [ε | challenge_v0 tlv_request eap_success id_request_v0 id_request_v0 id_request_v0 / ε | challenge_response_v0 tlv_success after_eap_success id_response_v0 id_response_v0 id_response_v0]
Nov 25, 2025 4:58:21 PM de.learnlib.logging.LearnLogger logQuery
INFO: [ε | challenge_v0 tlv_request eap_success challenge_v0 id_request_v0 success_request_with_credentials / ε | challenge_response_v0 tlv_success after_eap_success challenge_response_v0 id_response_v0 success_response_v0]
Nov 25, 2025 4:58:24 PM de.learnlib.logging.LearnLogger logQuery
INFO: [ε | challenge_v0 tlv_request eap_success challenge_v0 id_request_v0 4_way_message_1 / ε | challenge_response_v0 tlv_success after_eap_success challenge_response_v0 id_response_v0 4_way_message_2]
Nov 25, 2025 4:58:26 PM de.learnlib.logging.LearnLogger logQuery
INFO: [ε | challenge_v0 tlv_request eap_success challenge_v0 id_request_v0 id_request_v0 / ε | challenge_response_v0 tlv_success after_eap_success challenge_response_v0 id_response_v0 id_response_v0]
Nov 25, 2025 4:58:28 PM de.learnlib.logging.LearnLogger logQuery
INFO: [ε | challenge_v0 tlv_request eap_success tlv_request id_request_v0 success_request_with_credentials / ε | challenge_response_v0 tlv_success after_eap_success tlv_success id_response_v0 success_response_v0]
Nov 25, 2025 4:58:31 PM de.learnlib.logging.LearnLogger logQuery
INFO: [ε | challenge_v0 tlv_request eap_success tlv_request id_request_v0 4_way_message_1 / ε | challenge_response_v0 tlv_success after_eap_success tlv_success id_response_v0 4_way_message_2]
Nov 25, 2025 4:58:33 PM de.learnlib.logging.LearnLogger logQuery
INFO: [ε | challenge_v0 tlv_request eap_success tlv_request id_request_v0 id_request_v0 / ε | challenge_response_v0 tlv_success after_eap_success tlv_success id_response_v0 id_response_v0]
Nov 25, 2025 4:58:35 PM de.learnlib.logging.LearnLogger logQuery
INFO: [ε | challenge_v0 tlv_request eap_success success_request_with_credentials id_request_v0 success_request_with_credentials / ε | challenge_response_v0 tlv_success after_eap_success success_response_v0 id_response_v0 success_response_v0]
Nov 25, 2025 4:58:37 PM de.learnlib.logging.LearnLogger logQuery
INFO: [ε | challenge_v0 tlv_request eap_success success_request_with_credentials id_request_v0 4_way_message_1 / ε | challenge_response_v0 tlv_success after_eap_success success_response_v0 id_response_v0 4_way_message_2]
Nov 25, 2025 4:58:40 PM de.learnlib.logging.LearnLogger logQuery
INFO: [ε | challenge_v0 tlv_request eap_success success_request_with_credentials id_request_v0 id_request_v0 / ε | challenge_response_v0 tlv_success after_eap_success success_response_v0 id_response_v0 id_response_v0]
Nov 25, 2025 4:58:42 PM de.learnlib.logging.LearnLogger logQuery
INFO: [ε | challenge_v0 tlv_request eap_success success_and_cryptobinding id_request_v0 success_request_with_credentials / ε | challenge_response_v0 tlv_success after_eap_success tlv_success id_response_v0 success_response_v0]
Nov 25, 2025 4:58:44 PM de.learnlib.logging.LearnLogger logQuery
INFO: [ε | challenge_v0 tlv_request eap_success success_and_cryptobinding id_request_v0 4_way_message_1 / ε | challenge_response_v0 tlv_success after_eap_success tlv_success id_response_v0 4_way_message_2]
Nov 25, 2025 4:58:47 PM de.learnlib.logging.LearnLogger logQuery
INFO: [ε | challenge_v0 tlv_request eap_success success_and_cryptobinding id_request_v0 id_request_v0 / ε | challenge_response_v0 tlv_success after_eap_success tlv_success id_response_v0 id_response_v0]
Nov 25, 2025 4:58:49 PM de.learnlib.logging.LearnLogger logQuery
INFO: [ε | challenge_v0 tlv_request eap_success eap_success id_request_v0 success_request_with_credentials / ε | challenge_response_v0 tlv_success after_eap_success after_eap_success id_response_v0 success_response_v0]
Nov 25, 2025 4:58:52 PM de.learnlib.logging.LearnLogger logQuery
INFO: [ε | challenge_v0 tlv_request eap_success eap_success id_request_v0 4_way_message_1 / ε | challenge_response_v0 tlv_success after_eap_success after_eap_success id_response_v0 4_way_message_2]
Nov 25, 2025 4:58:55 PM de.learnlib.logging.LearnLogger logQuery
INFO: [ε | challenge_v0 tlv_request eap_success eap_success id_request_v0 id_request_v0 / ε | challenge_response_v0 tlv_success after_eap_success after_eap_success id_response_v0 id_response_v0]
Nov 25, 2025 4:58:57 PM de.learnlib.logging.LearnLogger logQuery
INFO: [ε | challenge_v0 tlv_request eap_success id_request_v0 challenge_v0 / ε | challenge_response_v0 tlv_success after_eap_success id_response_v0 challenge_response_v0]
Nov 25, 2025 4:58:59 PM de.learnlib.logging.LearnLogger logQuery
INFO: [ε | challenge_v0 tlv_request eap_success id_request_v0 challenge_v0 success_request_with_credentials / ε | challenge_response_v0 tlv_success after_eap_success id_response_v0 challenge_response_v0 success_response_v0]
Nov 25, 2025 4:59:01 PM de.learnlib.logging.LearnLogger logQuery
INFO: [ε | challenge_v0 tlv_request eap_success id_request_v0 challenge_v0 4_way_message_1 / ε | challenge_response_v0 tlv_success after_eap_success id_response_v0 challenge_response_v0 4_way_message_2]
Nov 25, 2025 4:59:04 PM de.learnlib.logging.LearnLogger logQuery
INFO: [ε | challenge_v0 tlv_request eap_success id_request_v0 challenge_v0 id_request_v0 / ε | challenge_response_v0 tlv_success after_eap_success id_response_v0 challenge_response_v0 id_response_v0]
Nov 25, 2025 4:59:06 PM de.learnlib.logging.LearnLogger logQuery
INFO: [ε | challenge_v0 tlv_request eap_success challenge_v0 challenge_v0 / ε | challenge_response_v0 tlv_success after_eap_success challenge_response_v0 challenge_response_v0]
Nov 25, 2025 4:59:08 PM de.learnlib.logging.LearnLogger logQuery
INFO: [ε | challenge_v0 tlv_request eap_success challenge_v0 challenge_v0 success_request_with_credentials / ε | challenge_response_v0 tlv_success after_eap_success challenge_response_v0 challenge_response_v0 success_response_v0]
Nov 25, 2025 4:59:10 PM de.learnlib.logging.LearnLogger logQuery
INFO: [ε | challenge_v0 tlv_request eap_success challenge_v0 challenge_v0 4_way_message_1 / ε | challenge_response_v0 tlv_success after_eap_success challenge_response_v0 challenge_response_v0 4_way_message_2]
Nov 25, 2025 4:59:13 PM de.learnlib.logging.LearnLogger logQuery
INFO: [ε | challenge_v0 tlv_request eap_success challenge_v0 challenge_v0 id_request_v0 / ε | challenge_response_v0 tlv_success after_eap_success challenge_response_v0 challenge_response_v0 id_response_v0]
Nov 25, 2025 4:59:15 PM de.learnlib.logging.LearnLogger logQuery
INFO: [ε | challenge_v0 tlv_request eap_success tlv_request challenge_v0 / ε | challenge_response_v0 tlv_success after_eap_success tlv_success challenge_response_v0]
Nov 25, 2025 4:59:17 PM de.learnlib.logging.LearnLogger logQuery
INFO: [ε | challenge_v0 tlv_request eap_success tlv_request challenge_v0 success_request_with_credentials / ε | challenge_response_v0 tlv_success after_eap_success tlv_success challenge_response_v0 success_response_v0]
Nov 25, 2025 4:59:20 PM de.learnlib.logging.LearnLogger logQuery
INFO: [ε | challenge_v0 tlv_request eap_success tlv_request challenge_v0 4_way_message_1 / ε | challenge_response_v0 tlv_success after_eap_success tlv_success challenge_response_v0 4_way_message_2]
Nov 25, 2025 4:59:22 PM de.learnlib.logging.LearnLogger logQuery
INFO: [ε | challenge_v0 tlv_request eap_success tlv_request challenge_v0 id_request_v0 / ε | challenge_response_v0 tlv_success after_eap_success tlv_success challenge_response_v0 id_response_v0]
Nov 25, 2025 4:59:24 PM de.learnlib.logging.LearnLogger logQuery
INFO: [ε | challenge_v0 tlv_request eap_success success_request_with_credentials challenge_v0 / ε | challenge_response_v0 tlv_success after_eap_success success_response_v0 challenge_response_v0]
Nov 25, 2025 4:59:26 PM de.learnlib.logging.LearnLogger logQuery
INFO: [ε | challenge_v0 tlv_request eap_success success_request_with_credentials challenge_v0 success_request_with_credentials / ε | challenge_response_v0 tlv_success after_eap_success success_response_v0 challenge_response_v0 success_response_v0]
Nov 25, 2025 4:59:29 PM de.learnlib.logging.LearnLogger logQuery
INFO: [ε | challenge_v0 tlv_request eap_success success_request_with_credentials challenge_v0 4_way_message_1 / ε | challenge_response_v0 tlv_success after_eap_success success_response_v0 challenge_response_v0 4_way_message_2]
Nov 25, 2025 4:59:31 PM de.learnlib.logging.LearnLogger logQuery
INFO: [ε | challenge_v0 tlv_request eap_success success_request_with_credentials challenge_v0 id_request_v0 / ε | challenge_response_v0 tlv_success after_eap_success success_response_v0 challenge_response_v0 id_response_v0]
Nov 25, 2025 4:59:33 PM de.learnlib.logging.LearnLogger logQuery
INFO: [ε | challenge_v0 tlv_request eap_success success_and_cryptobinding challenge_v0 / ε | challenge_response_v0 tlv_success after_eap_success tlv_success challenge_response_v0]
Nov 25, 2025 4:59:36 PM de.learnlib.logging.LearnLogger logQuery
INFO: [ε | challenge_v0 tlv_request eap_success success_and_cryptobinding challenge_v0 success_request_with_credentials / ε | challenge_response_v0 tlv_success after_eap_success tlv_success challenge_response_v0 success_response_v0]
Nov 25, 2025 4:59:38 PM de.learnlib.logging.LearnLogger logQuery
INFO: [ε | challenge_v0 tlv_request eap_success success_and_cryptobinding challenge_v0 4_way_message_1 / ε | challenge_response_v0 tlv_success after_eap_success tlv_success challenge_response_v0 4_way_message_2]
Nov 25, 2025 4:59:40 PM de.learnlib.logging.LearnLogger logQuery
INFO: [ε | challenge_v0 tlv_request eap_success success_and_cryptobinding challenge_v0 id_request_v0 / ε | challenge_response_v0 tlv_success after_eap_success tlv_success challenge_response_v0 id_response_v0]
Nov 25, 2025 4:59:43 PM de.learnlib.logging.LearnLogger logQuery
INFO: [ε | challenge_v0 tlv_request eap_success eap_success challenge_v0 / ε | challenge_response_v0 tlv_success after_eap_success after_eap_success challenge_response_v0]
Nov 25, 2025 4:59:45 PM de.learnlib.logging.LearnLogger logQuery
INFO: [ε | challenge_v0 tlv_request eap_success eap_success challenge_v0 success_request_with_credentials / ε | challenge_response_v0 tlv_success after_eap_success after_eap_success challenge_response_v0 success_response_v0]
Nov 25, 2025 4:59:48 PM de.learnlib.logging.LearnLogger logQuery
INFO: [ε | challenge_v0 tlv_request eap_success eap_success challenge_v0 4_way_message_1 / ε | challenge_response_v0 tlv_success after_eap_success after_eap_success challenge_response_v0 4_way_message_2]
Nov 25, 2025 4:59:51 PM de.learnlib.logging.LearnLogger logQuery
INFO: [ε | challenge_v0 tlv_request eap_success eap_success challenge_v0 id_request_v0 / ε | challenge_response_v0 tlv_success after_eap_success after_eap_success challenge_response_v0 id_response_v0]
Nov 25, 2025 4:59:54 PM de.learnlib.logging.LearnLogger logQuery
INFO: [ε | challenge_v0 tlv_request eap_success id_request_v0 tlv_request / ε | challenge_response_v0 tlv_success after_eap_success id_response_v0 tlv_success]
Nov 25, 2025 4:59:56 PM de.learnlib.logging.LearnLogger logQuery
INFO: [ε | challenge_v0 tlv_request eap_success id_request_v0 tlv_request success_request_with_credentials / ε | challenge_response_v0 tlv_success after_eap_success id_response_v0 tlv_success success_response_v0]
Nov 25, 2025 4:59:58 PM de.learnlib.logging.LearnLogger logQuery
INFO: [ε | challenge_v0 tlv_request eap_success id_request_v0 tlv_request 4_way_message_1 / ε | challenge_response_v0 tlv_success after_eap_success id_response_v0 tlv_success 4_way_message_2]
Nov 25, 2025 5:00:00 PM de.learnlib.logging.LearnLogger logQuery
INFO: [ε | challenge_v0 tlv_request eap_success id_request_v0 tlv_request id_request_v0 / ε | challenge_response_v0 tlv_success after_eap_success id_response_v0 tlv_success id_response_v0]
Nov 25, 2025 5:00:02 PM de.learnlib.logging.LearnLogger logQuery
INFO: [ε | challenge_v0 tlv_request eap_success challenge_v0 tlv_request / ε | challenge_response_v0 tlv_success after_eap_success challenge_response_v0 tlv_success]
Nov 25, 2025 5:00:05 PM de.learnlib.logging.LearnLogger logQuery
INFO: [ε | challenge_v0 tlv_request eap_success challenge_v0 tlv_request success_request_with_credentials / ε | challenge_response_v0 tlv_success after_eap_success challenge_response_v0 tlv_success success_response_v0]
Nov 25, 2025 5:00:07 PM de.learnlib.logging.LearnLogger logQuery
INFO: [ε | challenge_v0 tlv_request eap_success challenge_v0 tlv_request 4_way_message_1 / ε | challenge_response_v0 tlv_success after_eap_success challenge_response_v0 tlv_success 4_way_message_2]
Nov 25, 2025 5:00:09 PM de.learnlib.logging.LearnLogger logQuery
INFO: [ε | challenge_v0 tlv_request eap_success challenge_v0 tlv_request id_request_v0 / ε | challenge_response_v0 tlv_success after_eap_success challenge_response_v0 tlv_success id_response_v0]
Nov 25, 2025 5:00:11 PM de.learnlib.logging.LearnLogger logQuery
INFO: [ε | challenge_v0 tlv_request eap_success tlv_request tlv_request / ε | challenge_response_v0 tlv_success after_eap_success tlv_success tlv_success]
Nov 25, 2025 5:00:14 PM de.learnlib.logging.LearnLogger logQuery
INFO: [ε | challenge_v0 tlv_request eap_success tlv_request tlv_request success_request_with_credentials / ε | challenge_response_v0 tlv_success after_eap_success tlv_success tlv_success success_response_v0]
Nov 25, 2025 5:00:16 PM de.learnlib.logging.LearnLogger logQuery
INFO: [ε | challenge_v0 tlv_request eap_success tlv_request tlv_request 4_way_message_1 / ε | challenge_response_v0 tlv_success after_eap_success tlv_success tlv_success 4_way_message_2]
Nov 25, 2025 5:00:18 PM de.learnlib.logging.LearnLogger logQuery
INFO: [ε | challenge_v0 tlv_request eap_success tlv_request tlv_request id_request_v0 / ε | challenge_response_v0 tlv_success after_eap_success tlv_success tlv_success id_response_v0]
Nov 25, 2025 5:00:20 PM de.learnlib.logging.LearnLogger logQuery
INFO: [ε | challenge_v0 tlv_request eap_success success_request_with_credentials tlv_request / ε | challenge_response_v0 tlv_success after_eap_success success_response_v0 tlv_success]
Nov 25, 2025 5:00:22 PM de.learnlib.logging.LearnLogger logQuery
INFO: [ε | challenge_v0 tlv_request eap_success success_request_with_credentials tlv_request success_request_with_credentials / ε | challenge_response_v0 tlv_success after_eap_success success_response_v0 tlv_success success_response_v0]
Nov 25, 2025 5:00:25 PM de.learnlib.logging.LearnLogger logQuery
INFO: [ε | challenge_v0 tlv_request eap_success success_request_with_credentials tlv_request 4_way_message_1 / ε | challenge_response_v0 tlv_success after_eap_success success_response_v0 tlv_success 4_way_message_2]
Nov 25, 2025 5:00:27 PM de.learnlib.logging.LearnLogger logQuery
INFO: [ε | challenge_v0 tlv_request eap_success success_request_with_credentials tlv_request id_request_v0 / ε | challenge_response_v0 tlv_success after_eap_success success_response_v0 tlv_success id_response_v0]
Nov 25, 2025 5:00:29 PM de.learnlib.logging.LearnLogger logQuery
INFO: [ε | challenge_v0 tlv_request eap_success success_and_cryptobinding tlv_request / ε | challenge_response_v0 tlv_success after_eap_success tlv_success tlv_success]
Nov 25, 2025 5:00:32 PM de.learnlib.logging.LearnLogger logQuery
INFO: [ε | challenge_v0 tlv_request eap_success success_and_cryptobinding tlv_request success_request_with_credentials / ε | challenge_response_v0 tlv_success after_eap_success tlv_success tlv_success success_response_v0]
Nov 25, 2025 5:00:34 PM de.learnlib.logging.LearnLogger logQuery
INFO: [ε | challenge_v0 tlv_request eap_success success_and_cryptobinding tlv_request 4_way_message_1 / ε | challenge_response_v0 tlv_success after_eap_success tlv_success tlv_success 4_way_message_2]
Nov 25, 2025 5:00:36 PM de.learnlib.logging.LearnLogger logQuery
INFO: [ε | challenge_v0 tlv_request eap_success success_and_cryptobinding tlv_request id_request_v0 / ε | challenge_response_v0 tlv_success after_eap_success tlv_success tlv_success id_response_v0]
Nov 25, 2025 5:00:39 PM de.learnlib.logging.LearnLogger logQuery
INFO: [ε | challenge_v0 tlv_request eap_success eap_success tlv_request / ε | challenge_response_v0 tlv_success after_eap_success after_eap_success tlv_success]
Nov 25, 2025 5:00:42 PM de.learnlib.logging.LearnLogger logQuery
INFO: [ε | challenge_v0 tlv_request eap_success eap_success tlv_request success_request_with_credentials / ε | challenge_response_v0 tlv_success after_eap_success after_eap_success tlv_success success_response_v0]
Nov 25, 2025 5:00:44 PM de.learnlib.logging.LearnLogger logQuery
INFO: [ε | challenge_v0 tlv_request eap_success eap_success tlv_request 4_way_message_1 / ε | challenge_response_v0 tlv_success after_eap_success after_eap_success tlv_success 4_way_message_2]
Nov 25, 2025 5:00:47 PM de.learnlib.logging.LearnLogger logQuery
INFO: [ε | challenge_v0 tlv_request eap_success eap_success tlv_request id_request_v0 / ε | challenge_response_v0 tlv_success after_eap_success after_eap_success tlv_success id_response_v0]
Nov 25, 2025 5:00:50 PM de.learnlib.logging.LearnLogger logQuery
INFO: [ε | challenge_v0 tlv_request eap_success id_request_v0 tlv_failure / ε | challenge_response_v0 tlv_success after_eap_success id_response_v0 tlv_failure]
Nov 25, 2025 5:00:52 PM de.learnlib.logging.LearnLogger logQuery
INFO: [ε | challenge_v0 tlv_request eap_success challenge_v0 tlv_failure / ε | challenge_response_v0 tlv_success after_eap_success challenge_response_v0 tlv_failure]
Nov 25, 2025 5:00:54 PM de.learnlib.logging.LearnLogger logQuery
INFO: [ε | challenge_v0 tlv_request eap_success tlv_request tlv_failure / ε | challenge_response_v0 tlv_success after_eap_success tlv_success tlv_failure]
Nov 25, 2025 5:00:57 PM de.learnlib.logging.LearnLogger logQuery
INFO: [ε | challenge_v0 tlv_request eap_success success_request_with_credentials tlv_failure / ε | challenge_response_v0 tlv_success after_eap_success success_response_v0 tlv_failure]
Nov 25, 2025 5:00:59 PM de.learnlib.logging.LearnLogger logQuery
INFO: [ε | challenge_v0 tlv_request eap_success success_and_cryptobinding tlv_failure / ε | challenge_response_v0 tlv_success after_eap_success tlv_success tlv_failure]
Nov 25, 2025 5:01:02 PM de.learnlib.logging.LearnLogger logQuery
INFO: [ε | challenge_v0 tlv_request eap_success eap_success tlv_failure / ε | challenge_response_v0 tlv_success after_eap_success after_eap_success tlv_failure]
Nov 25, 2025 5:01:05 PM de.learnlib.logging.LearnLogger logQuery
INFO: [ε | challenge_v0 tlv_request eap_success id_request_v0 success_request_all_zeros / ε | challenge_response_v0 tlv_success after_eap_success id_response_v0 no_reply]
Nov 25, 2025 5:01:08 PM de.learnlib.logging.LearnLogger logQuery
INFO: [ε | challenge_v0 tlv_request eap_success challenge_v0 success_request_all_zeros / ε | challenge_response_v0 tlv_success after_eap_success challenge_response_v0 no_reply]
Nov 25, 2025 5:01:11 PM de.learnlib.logging.LearnLogger logQuery
INFO: [ε | challenge_v0 tlv_request eap_success tlv_request success_request_all_zeros / ε | challenge_response_v0 tlv_success after_eap_success tlv_success no_reply]
Nov 25, 2025 5:01:13 PM de.learnlib.logging.LearnLogger logQuery
INFO: [ε | challenge_v0 tlv_request eap_success success_request_with_credentials success_request_all_zeros / ε | challenge_response_v0 tlv_success after_eap_success success_response_v0 no_reply]
Nov 25, 2025 5:01:16 PM de.learnlib.logging.LearnLogger logQuery
INFO: [ε | challenge_v0 tlv_request eap_success success_and_cryptobinding success_request_all_zeros / ε | challenge_response_v0 tlv_success after_eap_success tlv_success no_reply]
Nov 25, 2025 5:01:19 PM de.learnlib.logging.LearnLogger logQuery
INFO: [ε | challenge_v0 tlv_request eap_success eap_success success_request_all_zeros / ε | challenge_response_v0 tlv_success after_eap_success after_eap_success no_reply]
Nov 25, 2025 5:01:22 PM de.learnlib.logging.LearnLogger logQuery
INFO: [ε | challenge_v0 tlv_request eap_success id_request_v0 success_request_with_credentials success_request_with_credentials / ε | challenge_response_v0 tlv_success after_eap_success id_response_v0 success_response_v0 success_response_v0]
Nov 25, 2025 5:01:24 PM de.learnlib.logging.LearnLogger logQuery
INFO: [ε | challenge_v0 tlv_request eap_success id_request_v0 success_request_with_credentials 4_way_message_1 / ε | challenge_response_v0 tlv_success after_eap_success id_response_v0 success_response_v0 4_way_message_2]
Nov 25, 2025 5:01:27 PM de.learnlib.logging.LearnLogger logQuery
INFO: [ε | challenge_v0 tlv_request eap_success id_request_v0 success_request_with_credentials id_request_v0 / ε | challenge_response_v0 tlv_success after_eap_success id_response_v0 success_response_v0 id_response_v0]
Nov 25, 2025 5:01:29 PM de.learnlib.logging.LearnLogger logQuery
INFO: [ε | challenge_v0 tlv_request eap_success challenge_v0 success_request_with_credentials success_request_with_credentials / ε | challenge_response_v0 tlv_success after_eap_success challenge_response_v0 success_response_v0 success_response_v0]
Nov 25, 2025 5:01:31 PM de.learnlib.logging.LearnLogger logQuery
INFO: [ε | challenge_v0 tlv_request eap_success challenge_v0 success_request_with_credentials 4_way_message_1 / ε | challenge_response_v0 tlv_success after_eap_success challenge_response_v0 success_response_v0 4_way_message_2]
Nov 25, 2025 5:01:34 PM de.learnlib.logging.LearnLogger logQuery
INFO: [ε | challenge_v0 tlv_request eap_success challenge_v0 success_request_with_credentials id_request_v0 / ε | challenge_response_v0 tlv_success after_eap_success challenge_response_v0 success_response_v0 id_response_v0]
Nov 25, 2025 5:01:36 PM de.learnlib.logging.LearnLogger logQuery
INFO: [ε | challenge_v0 tlv_request eap_success tlv_request success_request_with_credentials success_request_with_credentials / ε | challenge_response_v0 tlv_success after_eap_success tlv_success success_response_v0 success_response_v0]
Nov 25, 2025 5:01:38 PM de.learnlib.logging.LearnLogger logQuery
INFO: [ε | challenge_v0 tlv_request eap_success tlv_request success_request_with_credentials 4_way_message_1 / ε | challenge_response_v0 tlv_success after_eap_success tlv_success success_response_v0 4_way_message_2]
Nov 25, 2025 5:01:40 PM de.learnlib.logging.LearnLogger logQuery
INFO: [ε | challenge_v0 tlv_request eap_success tlv_request success_request_with_credentials id_request_v0 / ε | challenge_response_v0 tlv_success after_eap_success tlv_success success_response_v0 id_response_v0]
Nov 25, 2025 5:01:43 PM de.learnlib.logging.LearnLogger logQuery
INFO: [ε | challenge_v0 tlv_request eap_success success_request_with_credentials success_request_with_credentials success_request_with_credentials / ε | challenge_response_v0 tlv_success after_eap_success success_response_v0 success_response_v0 success_response_v0]
Nov 25, 2025 5:01:45 PM de.learnlib.logging.LearnLogger logQuery
INFO: [ε | challenge_v0 tlv_request eap_success success_request_with_credentials success_request_with_credentials 4_way_message_1 / ε | challenge_response_v0 tlv_success after_eap_success success_response_v0 success_response_v0 4_way_message_2]
Nov 25, 2025 5:01:47 PM de.learnlib.logging.LearnLogger logQuery
INFO: [ε | challenge_v0 tlv_request eap_success success_request_with_credentials success_request_with_credentials id_request_v0 / ε | challenge_response_v0 tlv_success after_eap_success success_response_v0 success_response_v0 id_response_v0]
Nov 25, 2025 5:01:49 PM de.learnlib.logging.LearnLogger logQuery
INFO: [ε | challenge_v0 tlv_request eap_success success_and_cryptobinding success_request_with_credentials success_request_with_credentials / ε | challenge_response_v0 tlv_success after_eap_success tlv_success success_response_v0 success_response_v0]
Nov 25, 2025 5:01:52 PM de.learnlib.logging.LearnLogger logQuery
INFO: [ε | challenge_v0 tlv_request eap_success success_and_cryptobinding success_request_with_credentials 4_way_message_1 / ε | challenge_response_v0 tlv_success after_eap_success tlv_success success_response_v0 4_way_message_2]
Nov 25, 2025 5:01:54 PM de.learnlib.logging.LearnLogger logQuery
INFO: [ε | challenge_v0 tlv_request eap_success success_and_cryptobinding success_request_with_credentials id_request_v0 / ε | challenge_response_v0 tlv_success after_eap_success tlv_success success_response_v0 id_response_v0]
Nov 25, 2025 5:01:57 PM de.learnlib.logging.LearnLogger logQuery
INFO: [ε | challenge_v0 tlv_request eap_success eap_success success_request_with_credentials success_request_with_credentials / ε | challenge_response_v0 tlv_success after_eap_success after_eap_success success_response_v0 success_response_v0]
Nov 25, 2025 5:02:00 PM de.learnlib.logging.LearnLogger logQuery
INFO: [ε | challenge_v0 tlv_request eap_success eap_success success_request_with_credentials 4_way_message_1 / ε | challenge_response_v0 tlv_success after_eap_success after_eap_success success_response_v0 4_way_message_2]
Nov 25, 2025 5:02:03 PM de.learnlib.logging.LearnLogger logQuery
INFO: [ε | challenge_v0 tlv_request eap_success eap_success success_request_with_credentials id_request_v0 / ε | challenge_response_v0 tlv_success after_eap_success after_eap_success success_response_v0 id_response_v0]
Nov 25, 2025 5:02:05 PM de.learnlib.logging.LearnLogger logQuery
INFO: [ε | challenge_v0 tlv_request eap_success id_request_v0 success_and_cryptobinding / ε | challenge_response_v0 tlv_success after_eap_success id_response_v0 tlv_success]
Nov 25, 2025 5:02:07 PM de.learnlib.logging.LearnLogger logQuery
INFO: [ε | challenge_v0 tlv_request eap_success id_request_v0 success_and_cryptobinding success_request_with_credentials / ε | challenge_response_v0 tlv_success after_eap_success id_response_v0 tlv_success success_response_v0]
Nov 25, 2025 5:02:09 PM de.learnlib.logging.LearnLogger logQuery
INFO: [ε | challenge_v0 tlv_request eap_success id_request_v0 success_and_cryptobinding 4_way_message_1 / ε | challenge_response_v0 tlv_success after_eap_success id_response_v0 tlv_success 4_way_message_2]
Nov 25, 2025 5:02:12 PM de.learnlib.logging.LearnLogger logQuery
INFO: [ε | challenge_v0 tlv_request eap_success id_request_v0 success_and_cryptobinding id_request_v0 / ε | challenge_response_v0 tlv_success after_eap_success id_response_v0 tlv_success id_response_v0]
Nov 25, 2025 5:02:14 PM de.learnlib.logging.LearnLogger logQuery
INFO: [ε | challenge_v0 tlv_request eap_success challenge_v0 success_and_cryptobinding / ε | challenge_response_v0 tlv_success after_eap_success challenge_response_v0 tlv_success]
Nov 25, 2025 5:02:16 PM de.learnlib.logging.LearnLogger logQuery
INFO: [ε | challenge_v0 tlv_request eap_success challenge_v0 success_and_cryptobinding success_request_with_credentials / ε | challenge_response_v0 tlv_success after_eap_success challenge_response_v0 tlv_success success_response_v0]
Nov 25, 2025 5:02:18 PM de.learnlib.logging.LearnLogger logQuery
INFO: [ε | challenge_v0 tlv_request eap_success challenge_v0 success_and_cryptobinding 4_way_message_1 / ε | challenge_response_v0 tlv_success after_eap_success challenge_response_v0 tlv_success 4_way_message_2]
Nov 25, 2025 5:02:21 PM de.learnlib.logging.LearnLogger logQuery
INFO: [ε | challenge_v0 tlv_request eap_success challenge_v0 success_and_cryptobinding id_request_v0 / ε | challenge_response_v0 tlv_success after_eap_success challenge_response_v0 tlv_success id_response_v0]
Nov 25, 2025 5:02:23 PM de.learnlib.logging.LearnLogger logQuery
INFO: [ε | challenge_v0 tlv_request eap_success tlv_request success_and_cryptobinding / ε | challenge_response_v0 tlv_success after_eap_success tlv_success tlv_success]
Nov 25, 2025 5:02:25 PM de.learnlib.logging.LearnLogger logQuery
INFO: [ε | challenge_v0 tlv_request eap_success tlv_request success_and_cryptobinding success_request_with_credentials / ε | challenge_response_v0 tlv_success after_eap_success tlv_success tlv_success success_response_v0]
Nov 25, 2025 5:02:27 PM de.learnlib.logging.LearnLogger logQuery
INFO: [ε | challenge_v0 tlv_request eap_success tlv_request success_and_cryptobinding 4_way_message_1 / ε | challenge_response_v0 tlv_success after_eap_success tlv_success tlv_success 4_way_message_2]
Nov 25, 2025 5:02:30 PM de.learnlib.logging.LearnLogger logQuery
INFO: [ε | challenge_v0 tlv_request eap_success tlv_request success_and_cryptobinding id_request_v0 / ε | challenge_response_v0 tlv_success after_eap_success tlv_success tlv_success id_response_v0]
Nov 25, 2025 5:02:32 PM de.learnlib.logging.LearnLogger logQuery
INFO: [ε | challenge_v0 tlv_request eap_success success_request_with_credentials success_and_cryptobinding / ε | challenge_response_v0 tlv_success after_eap_success success_response_v0 tlv_success]
Nov 25, 2025 5:02:34 PM de.learnlib.logging.LearnLogger logQuery
INFO: [ε | challenge_v0 tlv_request eap_success success_request_with_credentials success_and_cryptobinding success_request_with_credentials / ε | challenge_response_v0 tlv_success after_eap_success success_response_v0 tlv_success success_response_v0]
Nov 25, 2025 5:02:36 PM de.learnlib.logging.LearnLogger logQuery
INFO: [ε | challenge_v0 tlv_request eap_success success_request_with_credentials success_and_cryptobinding 4_way_message_1 / ε | challenge_response_v0 tlv_success after_eap_success success_response_v0 tlv_success 4_way_message_2]
Nov 25, 2025 5:02:39 PM de.learnlib.logging.LearnLogger logQuery
INFO: [ε | challenge_v0 tlv_request eap_success success_request_with_credentials success_and_cryptobinding id_request_v0 / ε | challenge_response_v0 tlv_success after_eap_success success_response_v0 tlv_success id_response_v0]
Nov 25, 2025 5:02:41 PM de.learnlib.logging.LearnLogger logQuery
INFO: [ε | challenge_v0 tlv_request eap_success success_and_cryptobinding success_and_cryptobinding / ε | challenge_response_v0 tlv_success after_eap_success tlv_success tlv_success]
Nov 25, 2025 5:02:43 PM de.learnlib.logging.LearnLogger logQuery
INFO: [ε | challenge_v0 tlv_request eap_success success_and_cryptobinding success_and_cryptobinding success_request_with_credentials / ε | challenge_response_v0 tlv_success after_eap_success tlv_success tlv_success success_response_v0]
Nov 25, 2025 5:02:45 PM de.learnlib.logging.LearnLogger logQuery
INFO: [ε | challenge_v0 tlv_request eap_success success_and_cryptobinding success_and_cryptobinding 4_way_message_1 / ε | challenge_response_v0 tlv_success after_eap_success tlv_success tlv_success 4_way_message_2]
Nov 25, 2025 5:02:48 PM de.learnlib.logging.LearnLogger logQuery
INFO: [ε | challenge_v0 tlv_request eap_success success_and_cryptobinding success_and_cryptobinding id_request_v0 / ε | challenge_response_v0 tlv_success after_eap_success tlv_success tlv_success id_response_v0]
Nov 25, 2025 5:02:50 PM de.learnlib.logging.LearnLogger logQuery
INFO: [ε | challenge_v0 tlv_request eap_success eap_success success_and_cryptobinding / ε | challenge_response_v0 tlv_success after_eap_success after_eap_success tlv_success]
Nov 25, 2025 5:02:53 PM de.learnlib.logging.LearnLogger logQuery
INFO: [ε | challenge_v0 tlv_request eap_success eap_success success_and_cryptobinding success_request_with_credentials / ε | challenge_response_v0 tlv_success after_eap_success after_eap_success tlv_success success_response_v0]
Nov 25, 2025 5:02:56 PM de.learnlib.logging.LearnLogger logQuery
INFO: [ε | challenge_v0 tlv_request eap_success eap_success success_and_cryptobinding 4_way_message_1 / ε | challenge_response_v0 tlv_success after_eap_success after_eap_success tlv_success 4_way_message_2]
Nov 25, 2025 5:02:59 PM de.learnlib.logging.LearnLogger logQuery
INFO: [ε | challenge_v0 tlv_request eap_success eap_success success_and_cryptobinding id_request_v0 / ε | challenge_response_v0 tlv_success after_eap_success after_eap_success tlv_success id_response_v0]
Nov 25, 2025 5:03:02 PM de.learnlib.logging.LearnLogger logQuery
INFO: [ε | challenge_v0 tlv_request eap_success id_request_v0 cryptobinding / ε | challenge_response_v0 tlv_success after_eap_success id_response_v0 no_reply]
Nov 25, 2025 5:03:04 PM de.learnlib.logging.LearnLogger logQuery
INFO: [ε | challenge_v0 tlv_request eap_success challenge_v0 cryptobinding / ε | challenge_response_v0 tlv_success after_eap_success challenge_response_v0 no_reply]
Nov 25, 2025 5:03:07 PM de.learnlib.logging.LearnLogger logQuery
INFO: [ε | challenge_v0 tlv_request eap_success tlv_request cryptobinding / ε | challenge_response_v0 tlv_success after_eap_success tlv_success no_reply]
Nov 25, 2025 5:03:10 PM de.learnlib.logging.LearnLogger logQuery
INFO: [ε | challenge_v0 tlv_request eap_success success_request_with_credentials cryptobinding / ε | challenge_response_v0 tlv_success after_eap_success success_response_v0 no_reply]
Nov 25, 2025 5:03:13 PM de.learnlib.logging.LearnLogger logQuery
INFO: [ε | challenge_v0 tlv_request eap_success success_and_cryptobinding cryptobinding / ε | challenge_response_v0 tlv_success after_eap_success tlv_success no_reply]
Nov 25, 2025 5:03:17 PM de.learnlib.logging.LearnLogger logQuery
INFO: [ε | challenge_v0 tlv_request eap_success eap_success cryptobinding / ε | challenge_response_v0 tlv_success after_eap_success after_eap_success no_reply]
Nov 25, 2025 5:03:19 PM de.learnlib.logging.LearnLogger logQuery
INFO: [ε | challenge_v0 tlv_request eap_success id_request_v0 eap_success / ε | challenge_response_v0 tlv_success after_eap_success id_response_v0 after_eap_success]
Nov 25, 2025 5:03:22 PM de.learnlib.logging.LearnLogger logQuery
INFO: [ε | challenge_v0 tlv_request eap_success id_request_v0 eap_success success_request_with_credentials / ε | challenge_response_v0 tlv_success after_eap_success id_response_v0 after_eap_success success_response_v0]
Nov 25, 2025 5:03:25 PM de.learnlib.logging.LearnLogger logQuery
INFO: [ε | challenge_v0 tlv_request eap_success id_request_v0 eap_success 4_way_message_1 / ε | challenge_response_v0 tlv_success after_eap_success id_response_v0 after_eap_success 4_way_message_2]
Nov 25, 2025 5:03:28 PM de.learnlib.logging.LearnLogger logQuery
INFO: [ε | challenge_v0 tlv_request eap_success id_request_v0 eap_success id_request_v0 / ε | challenge_response_v0 tlv_success after_eap_success id_response_v0 after_eap_success id_response_v0]
Nov 25, 2025 5:03:30 PM de.learnlib.logging.LearnLogger logQuery
INFO: [ε | challenge_v0 tlv_request eap_success challenge_v0 eap_success / ε | challenge_response_v0 tlv_success after_eap_success challenge_response_v0 after_eap_success]
Nov 25, 2025 5:03:33 PM de.learnlib.logging.LearnLogger logQuery
INFO: [ε | challenge_v0 tlv_request eap_success challenge_v0 eap_success success_request_with_credentials / ε | challenge_response_v0 tlv_success after_eap_success challenge_response_v0 after_eap_success success_response_v0]
Nov 25, 2025 5:03:36 PM de.learnlib.logging.LearnLogger logQuery
INFO: [ε | challenge_v0 tlv_request eap_success challenge_v0 eap_success 4_way_message_1 / ε | challenge_response_v0 tlv_success after_eap_success challenge_response_v0 after_eap_success 4_way_message_2]
Nov 25, 2025 5:03:39 PM de.learnlib.logging.LearnLogger logQuery
INFO: [ε | challenge_v0 tlv_request eap_success challenge_v0 eap_success id_request_v0 / ε | challenge_response_v0 tlv_success after_eap_success challenge_response_v0 after_eap_success id_response_v0]
Nov 25, 2025 5:03:42 PM de.learnlib.logging.LearnLogger logQuery
INFO: [ε | challenge_v0 tlv_request eap_success tlv_request eap_success / ε | challenge_response_v0 tlv_success after_eap_success tlv_success after_eap_success]
Nov 25, 2025 5:03:44 PM de.learnlib.logging.LearnLogger logQuery
INFO: [ε | challenge_v0 tlv_request eap_success tlv_request eap_success success_request_with_credentials / ε | challenge_response_v0 tlv_success after_eap_success tlv_success after_eap_success success_response_v0]
Nov 25, 2025 5:03:47 PM de.learnlib.logging.LearnLogger logQuery
INFO: [ε | challenge_v0 tlv_request eap_success tlv_request eap_success 4_way_message_1 / ε | challenge_response_v0 tlv_success after_eap_success tlv_success after_eap_success 4_way_message_2]
Nov 25, 2025 5:03:50 PM de.learnlib.logging.LearnLogger logQuery
INFO: [ε | challenge_v0 tlv_request eap_success tlv_request eap_success id_request_v0 / ε | challenge_response_v0 tlv_success after_eap_success tlv_success after_eap_success id_response_v0]
Nov 25, 2025 5:03:53 PM de.learnlib.logging.LearnLogger logQuery
INFO: [ε | challenge_v0 tlv_request eap_success success_request_with_credentials eap_success / ε | challenge_response_v0 tlv_success after_eap_success success_response_v0 after_eap_success]
Nov 25, 2025 5:03:55 PM de.learnlib.logging.LearnLogger logQuery
INFO: [ε | challenge_v0 tlv_request eap_success success_request_with_credentials eap_success success_request_with_credentials / ε | challenge_response_v0 tlv_success after_eap_success success_response_v0 after_eap_success success_response_v0]
Nov 25, 2025 5:03:58 PM de.learnlib.logging.LearnLogger logQuery
INFO: [ε | challenge_v0 tlv_request eap_success success_request_with_credentials eap_success 4_way_message_1 / ε | challenge_response_v0 tlv_success after_eap_success success_response_v0 after_eap_success 4_way_message_2]
Nov 25, 2025 5:04:01 PM de.learnlib.logging.LearnLogger logQuery
INFO: [ε | challenge_v0 tlv_request eap_success success_request_with_credentials eap_success id_request_v0 / ε | challenge_response_v0 tlv_success after_eap_success success_response_v0 after_eap_success id_response_v0]
Nov 25, 2025 5:04:04 PM de.learnlib.logging.LearnLogger logQuery
INFO: [ε | challenge_v0 tlv_request eap_success success_and_cryptobinding eap_success / ε | challenge_response_v0 tlv_success after_eap_success tlv_success after_eap_success]
Nov 25, 2025 5:04:07 PM de.learnlib.logging.LearnLogger logQuery
INFO: [ε | challenge_v0 tlv_request eap_success success_and_cryptobinding eap_success success_request_with_credentials / ε | challenge_response_v0 tlv_success after_eap_success tlv_success after_eap_success success_response_v0]
Nov 25, 2025 5:04:09 PM de.learnlib.logging.LearnLogger logQuery
INFO: [ε | challenge_v0 tlv_request eap_success success_and_cryptobinding eap_success 4_way_message_1 / ε | challenge_response_v0 tlv_success after_eap_success tlv_success after_eap_success 4_way_message_2]
Nov 25, 2025 5:04:12 PM de.learnlib.logging.LearnLogger logQuery
INFO: [ε | challenge_v0 tlv_request eap_success success_and_cryptobinding eap_success id_request_v0 / ε | challenge_response_v0 tlv_success after_eap_success tlv_success after_eap_success id_response_v0]
Nov 25, 2025 5:04:15 PM de.learnlib.logging.LearnLogger logQuery
INFO: [ε | challenge_v0 tlv_request eap_success eap_success eap_success / ε | challenge_response_v0 tlv_success after_eap_success after_eap_success after_eap_success]
Nov 25, 2025 5:04:18 PM de.learnlib.logging.LearnLogger logQuery
INFO: [ε | challenge_v0 tlv_request eap_success eap_success eap_success success_request_with_credentials / ε | challenge_response_v0 tlv_success after_eap_success after_eap_success after_eap_success success_response_v0]
Nov 25, 2025 5:04:22 PM de.learnlib.logging.LearnLogger logQuery
INFO: [ε | challenge_v0 tlv_request eap_success eap_success eap_success 4_way_message_1 / ε | challenge_response_v0 tlv_success after_eap_success after_eap_success after_eap_success 4_way_message_2]
Nov 25, 2025 5:04:25 PM de.learnlib.logging.LearnLogger logQuery
INFO: [ε | challenge_v0 tlv_request eap_success eap_success eap_success id_request_v0 / ε | challenge_response_v0 tlv_success after_eap_success after_eap_success after_eap_success id_response_v0]
