Nov 25, 2025 3:22:53 PM de.learnlib.logging.LearnLogger logQuery
INFO: [ε | 4_way_message_1 4_way_message_1 / ε | no_reply -]
Nov 25, 2025 3:22:55 PM de.learnlib.logging.LearnLogger logQuery
INFO: [ε | 4_way_message_1 eap_success / ε | no_reply -]
Nov 25, 2025 3:22:57 PM de.learnlib.logging.LearnLogger logQuery
INFO: [ε | 4_way_message_1 cryptobinding / ε | no_reply -]
Nov 25, 2025 3:23:00 PM de.learnlib.logging.LearnLogger logQuery
INFO: [ε | 4_way_message_1 success_and_cryptobinding / ε | no_reply -]
Nov 25, 2025 3:23:02 PM de.learnlib.logging.LearnLogger logQuery
INFO: [ε | 4_way_message_1 success_request_with_credentials / ε | no_reply -]
Nov 25, 2025 3:23:04 PM de.learnlib.logging.LearnLogger logQuery
INFO: [ε | 4_way_message_1 success_request_all_zeros / ε | no_reply -]
Nov 25, 2025 3:23:06 PM de.learnlib.logging.LearnLogger logQuery
INFO: [ε | 4_way_message_1 tlv_failure / ε | no_reply -]
Nov 25, 2025 3:23:09 PM de.learnlib.logging.LearnLogger logQuery
INFO: [ε | 4_way_message_1 tlv_request / ε | no_reply -]
Nov 25, 2025 3:23:11 PM de.learnlib.logging.LearnLogger logQuery
INFO: [ε | 4_way_message_1 challenge_v0 / ε | no_reply -]
Nov 25, 2025 3:23:13 PM de.learnlib.logging.LearnLogger logQuery
INFO: [ε | 4_way_message_1 id_request_v0 / ε | no_reply -]
Nov 25, 2025 3:23:16 PM de.learnlib.logging.LearnLogger logQuery
INFO: [ε | eap_success 4_way_message_1 / ε | after_eap_success no_reply]
Nov 25, 2025 3:23:19 PM de.learnlib.logging.LearnLogger logQuery
INFO: [ε | eap_success eap_success / ε | after_eap_success after_eap_success]
Nov 25, 2025 3:23:22 PM de.learnlib.logging.LearnLogger logQuery
INFO: [ε | eap_success cryptobinding / ε | after_eap_success no_reply]
Nov 25, 2025 3:23:24 PM de.learnlib.logging.LearnLogger logQuery
INFO: [ε | eap_success success_and_cryptobinding / ε | after_eap_success no_reply]
Nov 25, 2025 3:23:27 PM de.learnlib.logging.LearnLogger logQuery
INFO: [ε | eap_success success_request_with_credentials / ε | after_eap_success no_reply]
Nov 25, 2025 3:23:30 PM de.learnlib.logging.LearnLogger logQuery
INFO: [ε | eap_success success_request_all_zeros / ε | after_eap_success no_reply]
Nov 25, 2025 3:23:33 PM de.learnlib.logging.LearnLogger logQuery
INFO: [ε | eap_success tlv_failure / ε | after_eap_success no_reply]
Nov 25, 2025 3:23:36 PM de.learnlib.logging.LearnLogger logQuery
INFO: [ε | eap_success tlv_request / ε | after_eap_success no_reply]
Nov 25, 2025 3:23:39 PM de.learnlib.logging.LearnLogger logQuery
INFO: [ε | eap_success challenge_v0 / ε | after_eap_success no_reply]
Nov 25, 2025 3:23:42 PM de.learnlib.logging.LearnLogger logQuery
INFO: [ε | eap_success id_request_v0 / ε | after_eap_success no_reply]
Nov 25, 2025 3:23:44 PM de.learnlib.logging.LearnLogger logQuery
INFO: [ε | cryptobinding 4_way_message_1 / ε | no_reply -]
Nov 25, 2025 3:23:46 PM de.learnlib.logging.LearnLogger logQuery
INFO: [ε | cryptobinding eap_success / ε | no_reply -]
Nov 25, 2025 3:23:48 PM de.learnlib.logging.LearnLogger logQuery
INFO: [ε | cryptobinding cryptobinding / ε | no_reply -]
Nov 25, 2025 3:23:51 PM de.learnlib.logging.LearnLogger logQuery
INFO: [ε | cryptobinding success_and_cryptobinding / ε | no_reply -]
Nov 25, 2025 3:23:53 PM de.learnlib.logging.LearnLogger logQuery
INFO: [ε | cryptobinding success_request_with_credentials / ε | no_reply -]
Nov 25, 2025 3:23:55 PM de.learnlib.logging.LearnLogger logQuery
INFO: [ε | cryptobinding success_request_all_zeros / ε | no_reply -]
Nov 25, 2025 3:23:57 PM de.learnlib.logging.LearnLogger logQuery
INFO: [ε | cryptobinding tlv_failure / ε | no_reply -]
Nov 25, 2025 3:23:59 PM de.learnlib.logging.LearnLogger logQuery
INFO: [ε | cryptobinding tlv_request / ε | no_reply -]
Nov 25, 2025 3:24:01 PM de.learnlib.logging.LearnLogger logQuery
INFO: [ε | cryptobinding challenge_v0 / ε | no_reply -]
Nov 25, 2025 3:24:03 PM de.learnlib.logging.LearnLogger logQuery
INFO: [ε | cryptobinding id_request_v0 / ε | no_reply -]
Nov 25, 2025 3:24:05 PM de.learnlib.logging.LearnLogger logQuery
INFO: [ε | success_and_cryptobinding 4_way_message_1 / ε | tlv_success 4_way_message_2]
Nov 25, 2025 3:24:08 PM de.learnlib.logging.LearnLogger logQuery
INFO: [ε | success_and_cryptobinding eap_success / ε | tlv_success after_eap_success]
Nov 25, 2025 3:24:09 PM de.learnlib.logging.LearnLogger logQuery
INFO: [ε | success_and_cryptobinding cryptobinding / ε | tlv_success no_reply]
Nov 25, 2025 3:24:11 PM de.learnlib.logging.LearnLogger logQuery
INFO: [ε | success_and_cryptobinding success_and_cryptobinding / ε | tlv_success tlv_success]
Nov 25, 2025 3:24:13 PM de.learnlib.logging.LearnLogger logQuery
INFO: [ε | success_and_cryptobinding success_request_with_credentials / ε | tlv_success no_reply]
Nov 25, 2025 3:24:16 PM de.learnlib.logging.LearnLogger logQuery
INFO: [ε | success_and_cryptobinding success_request_all_zeros / ε | tlv_success no_reply]
Nov 25, 2025 3:24:18 PM de.learnlib.logging.LearnLogger logQuery
INFO: [ε | success_and_cryptobinding tlv_failure / ε | tlv_success tlv_failure]
Nov 25, 2025 3:24:19 PM de.learnlib.logging.LearnLogger logQuery
INFO: [ε | success_and_cryptobinding tlv_request / ε | tlv_success tlv_success]
Nov 25, 2025 3:24:21 PM de.learnlib.logging.LearnLogger logQuery
INFO: [ε | success_and_cryptobinding challenge_v0 / ε | tlv_success challenge_response_v0]
Nov 25, 2025 3:24:23 PM de.learnlib.logging.LearnLogger logQuery
INFO: [ε | success_and_cryptobinding id_request_v0 / ε | tlv_success id_response_v0]
Nov 25, 2025 3:24:25 PM de.learnlib.logging.LearnLogger logQuery
INFO: [ε | success_request_with_credentials 4_way_message_1 / ε | no_reply -]
Nov 25, 2025 3:24:27 PM de.learnlib.logging.LearnLogger logQuery
INFO: [ε | success_request_with_credentials eap_success / ε | no_reply -]
Nov 25, 2025 3:24:29 PM de.learnlib.logging.LearnLogger logQuery
INFO: [ε | success_request_with_credentials cryptobinding / ε | no_reply -]
Nov 25, 2025 3:24:31 PM de.learnlib.logging.LearnLogger logQuery
INFO: [ε | success_request_with_credentials success_and_cryptobinding / ε | no_reply -]
Nov 25, 2025 3:24:33 PM de.learnlib.logging.LearnLogger logQuery
INFO: [ε | success_request_with_credentials success_request_with_credentials / ε | no_reply -]
Nov 25, 2025 3:24:35 PM de.learnlib.logging.LearnLogger logQuery
INFO: [ε | success_request_with_credentials success_request_all_zeros / ε | no_reply -]
Nov 25, 2025 3:24:38 PM de.learnlib.logging.LearnLogger logQuery
INFO: [ε | success_request_with_credentials tlv_failure / ε | no_reply -]
Nov 25, 2025 3:24:40 PM de.learnlib.logging.LearnLogger logQuery
INFO: [ε | success_request_with_credentials tlv_request / ε | no_reply -]
Nov 25, 2025 3:24:42 PM de.learnlib.logging.LearnLogger logQuery
INFO: [ε | success_request_with_credentials challenge_v0 / ε | no_reply -]
Nov 25, 2025 3:24:44 PM de.learnlib.logging.LearnLogger logQuery
INFO: [ε | success_request_with_credentials id_request_v0 / ε | no_reply -]
Nov 25, 2025 3:24:46 PM de.learnlib.logging.LearnLogger logQuery
INFO: [ε | success_request_all_zeros 4_way_message_1 / ε | no_reply -]
Nov 25, 2025 3:24:48 PM de.learnlib.logging.LearnLogger logQuery
INFO: [ε | success_request_all_zeros eap_success / ε | no_reply -]
Nov 25, 2025 3:24:51 PM de.learnlib.logging.LearnLogger logQuery
INFO: [ε | success_request_all_zeros cryptobinding / ε | no_reply -]
Nov 25, 2025 3:24:53 PM de.learnlib.logging.LearnLogger logQuery
INFO: [ε | success_request_all_zeros success_and_cryptobinding / ε | no_reply -]
Nov 25, 2025 3:24:55 PM de.learnlib.logging.LearnLogger logQuery
INFO: [ε | success_request_all_zeros success_request_with_credentials / ε | no_reply -]
Nov 25, 2025 3:24:57 PM de.learnlib.logging.LearnLogger logQuery
INFO: [ε | success_request_all_zeros success_request_all_zeros / ε | no_reply -]
Nov 25, 2025 3:24:59 PM de.learnlib.logging.LearnLogger logQuery
INFO: [ε | success_request_all_zeros tlv_failure / ε | no_reply -]
Nov 25, 2025 3:25:01 PM de.learnlib.logging.LearnLogger logQuery
INFO: [ε | success_request_all_zeros tlv_request / ε | no_reply -]
Nov 25, 2025 3:25:03 PM de.learnlib.logging.LearnLogger logQuery
INFO: [ε | success_request_all_zeros challenge_v0 / ε | no_reply -]
Nov 25, 2025 3:25:06 PM de.learnlib.logging.LearnLogger logQuery
INFO: [ε | success_request_all_zeros id_request_v0 / ε | no_reply -]
Nov 25, 2025 3:25:07 PM de.learnlib.logging.LearnLogger logQuery
INFO: [ε | tlv_failure 4_way_message_1 / ε | tlv_failure -]
Nov 25, 2025 3:25:09 PM de.learnlib.logging.LearnLogger logQuery
INFO: [ε | tlv_failure eap_success / ε | tlv_failure -]
Nov 25, 2025 3:25:10 PM de.learnlib.logging.LearnLogger logQuery
INFO: [ε | tlv_failure cryptobinding / ε | tlv_failure -]
Nov 25, 2025 3:25:12 PM de.learnlib.logging.LearnLogger logQuery
INFO: [ε | tlv_failure success_and_cryptobinding / ε | tlv_failure -]
Nov 25, 2025 3:25:14 PM de.learnlib.logging.LearnLogger logQuery
INFO: [ε | tlv_failure success_request_with_credentials / ε | tlv_failure -]
Nov 25, 2025 3:25:15 PM de.learnlib.logging.LearnLogger logQuery
INFO: [ε | tlv_failure success_request_all_zeros / ε | tlv_failure -]
Nov 25, 2025 3:25:16 PM de.learnlib.logging.LearnLogger logQuery
INFO: [ε | tlv_failure tlv_failure / ε | tlv_failure -]
Nov 25, 2025 3:25:18 PM de.learnlib.logging.LearnLogger logQuery
INFO: [ε | tlv_failure tlv_request / ε | tlv_failure -]
Nov 25, 2025 3:25:20 PM de.learnlib.logging.LearnLogger logQuery
INFO: [ε | tlv_failure challenge_v0 / ε | tlv_failure -]
Nov 25, 2025 3:25:21 PM de.learnlib.logging.LearnLogger logQuery
INFO: [ε | tlv_failure id_request_v0 / ε | tlv_failure -]
Nov 25, 2025 3:25:23 PM de.learnlib.logging.LearnLogger logQuery
INFO: [ε | tlv_request 4_way_message_1 / ε | tlv_success 4_way_message_2]
Nov 25, 2025 3:25:25 PM de.learnlib.logging.LearnLogger logQuery
INFO: [ε | tlv_request eap_success / ε | tlv_success after_eap_success]
Nov 25, 2025 3:25:27 PM de.learnlib.logging.LearnLogger logQuery
INFO: [ε | tlv_request cryptobinding / ε | tlv_success no_reply]
Nov 25, 2025 3:25:29 PM de.learnlib.logging.LearnLogger logQuery
INFO: [ε | tlv_request success_and_cryptobinding / ε | tlv_success tlv_success]
Nov 25, 2025 3:25:31 PM de.learnlib.logging.LearnLogger logQuery
INFO: [ε | tlv_request success_request_with_credentials / ε | tlv_success no_reply]
Nov 25, 2025 3:25:33 PM de.learnlib.logging.LearnLogger logQuery
INFO: [ε | tlv_request success_request_all_zeros / ε | tlv_success no_reply]
Nov 25, 2025 3:25:35 PM de.learnlib.logging.LearnLogger logQuery
INFO: [ε | tlv_request tlv_failure / ε | tlv_success tlv_failure]
Nov 25, 2025 3:25:37 PM de.learnlib.logging.LearnLogger logQuery
INFO: [ε | tlv_request tlv_request / ε | tlv_success tlv_success]
Nov 25, 2025 3:25:39 PM de.learnlib.logging.LearnLogger logQuery
INFO: [ε | tlv_request challenge_v0 / ε | tlv_success challenge_response_v0]
Nov 25, 2025 3:25:40 PM de.learnlib.logging.LearnLogger logQuery
INFO: [ε | tlv_request id_request_v0 / ε | tlv_success id_response_v0]
Nov 25, 2025 3:25:43 PM de.learnlib.logging.LearnLogger logQuery
INFO: [ε | challenge_v0 4_way_message_1 / ε | challenge_response_v0 no_reply]
Nov 25, 2025 3:25:45 PM de.learnlib.logging.LearnLogger logQuery
INFO: [ε | challenge_v0 eap_success / ε | challenge_response_v0 after_eap_success]
Nov 25, 2025 3:25:47 PM de.learnlib.logging.LearnLogger logQuery
INFO: [ε | challenge_v0 cryptobinding / ε | challenge_response_v0 no_reply]
Nov 25, 2025 3:25:49 PM de.learnlib.logging.LearnLogger logQuery
INFO: [ε | challenge_v0 success_and_cryptobinding / ε | challenge_response_v0 tlv_success]
Nov 25, 2025 3:25:50 PM de.learnlib.logging.LearnLogger logQuery
INFO: [ε | challenge_v0 success_request_with_credentials / ε | challenge_response_v0 success_response_v0]
Nov 25, 2025 3:25:53 PM de.learnlib.logging.LearnLogger logQuery
INFO: [ε | challenge_v0 success_request_all_zeros / ε | challenge_response_v0 no_reply]
Nov 25, 2025 3:25:54 PM de.learnlib.logging.LearnLogger logQuery
INFO: [ε | challenge_v0 tlv_failure / ε | challenge_response_v0 tlv_failure]
Nov 25, 2025 3:25:56 PM de.learnlib.logging.LearnLogger logQuery
INFO: [ε | challenge_v0 tlv_request / ε | challenge_response_v0 tlv_success]
Nov 25, 2025 3:25:58 PM de.learnlib.logging.LearnLogger logQuery
INFO: [ε | challenge_v0 challenge_v0 / ε | challenge_response_v0 challenge_response_v0]
Nov 25, 2025 3:26:00 PM de.learnlib.logging.LearnLogger logQuery
INFO: [ε | challenge_v0 id_request_v0 / ε | challenge_response_v0 id_response_v0]
Nov 25, 2025 3:26:02 PM de.learnlib.logging.LearnLogger logQuery
INFO: [ε | id_request_v0 4_way_message_1 / ε | id_response_v0 no_reply]
Nov 25, 2025 3:26:04 PM de.learnlib.logging.LearnLogger logQuery
INFO: [ε | id_request_v0 eap_success / ε | id_response_v0 after_eap_success]
Nov 25, 2025 3:26:06 PM de.learnlib.logging.LearnLogger logQuery
INFO: [ε | id_request_v0 cryptobinding / ε | id_response_v0 no_reply]
Nov 25, 2025 3:26:08 PM de.learnlib.logging.LearnLogger logQuery
INFO: [ε | id_request_v0 success_and_cryptobinding / ε | id_response_v0 tlv_success]
Nov 25, 2025 3:26:10 PM de.learnlib.logging.LearnLogger logQuery
INFO: [ε | id_request_v0 success_request_with_credentials / ε | id_response_v0 no_reply]
Nov 25, 2025 3:26:12 PM de.learnlib.logging.LearnLogger logQuery
INFO: [ε | id_request_v0 success_request_all_zeros / ε | id_response_v0 no_reply]
Nov 25, 2025 3:26:14 PM de.learnlib.logging.LearnLogger logQuery
INFO: [ε | id_request_v0 tlv_failure / ε | id_response_v0 tlv_failure]
Nov 25, 2025 3:26:16 PM de.learnlib.logging.LearnLogger logQuery
INFO: [ε | id_request_v0 tlv_request / ε | id_response_v0 tlv_success]
Nov 25, 2025 3:26:18 PM de.learnlib.logging.LearnLogger logQuery
INFO: [ε | id_request_v0 challenge_v0 / ε | id_response_v0 challenge_response_v0]
Nov 25, 2025 3:26:19 PM de.learnlib.logging.LearnLogger logQuery
INFO: [ε | id_request_v0 id_request_v0 / ε | id_response_v0 id_response_v0]
Nov 25, 2025 3:26:19 PM de.learnlib.logging.LearnLogger logQuery
INFO: DB CACHE [ε | eap_success 4_way_message_1 4_way_message_1 /  after_eap_success no_reply -]
Nov 25, 2025 3:26:19 PM de.learnlib.logging.LearnLogger logQuery
INFO: DB CACHE [ε | eap_success 4_way_message_1 eap_success /  after_eap_success no_reply -]
Nov 25, 2025 3:26:19 PM de.learnlib.logging.LearnLogger logQuery
INFO: DB CACHE [ε | eap_success 4_way_message_1 cryptobinding /  after_eap_success no_reply -]
Nov 25, 2025 3:26:19 PM de.learnlib.logging.LearnLogger logQuery
INFO: DB CACHE [ε | eap_success 4_way_message_1 success_and_cryptobinding /  after_eap_success no_reply -]
Nov 25, 2025 3:26:19 PM de.learnlib.logging.LearnLogger logQuery
INFO: DB CACHE [ε | eap_success 4_way_message_1 success_request_with_credentials /  after_eap_success no_reply -]
Nov 25, 2025 3:26:19 PM de.learnlib.logging.LearnLogger logQuery
INFO: DB CACHE [ε | eap_success 4_way_message_1 success_request_all_zeros /  after_eap_success no_reply -]
Nov 25, 2025 3:26:19 PM de.learnlib.logging.LearnLogger logQuery
INFO: DB CACHE [ε | eap_success 4_way_message_1 tlv_failure /  after_eap_success no_reply -]
Nov 25, 2025 3:26:19 PM de.learnlib.logging.LearnLogger logQuery
INFO: DB CACHE [ε | eap_success 4_way_message_1 tlv_request /  after_eap_success no_reply -]
Nov 25, 2025 3:26:19 PM de.learnlib.logging.LearnLogger logQuery
INFO: DB CACHE [ε | eap_success 4_way_message_1 challenge_v0 /  after_eap_success no_reply -]
Nov 25, 2025 3:26:19 PM de.learnlib.logging.LearnLogger logQuery
INFO: DB CACHE [ε | eap_success 4_way_message_1 id_request_v0 /  after_eap_success no_reply -]
Nov 25, 2025 3:26:23 PM de.learnlib.logging.LearnLogger logQuery
INFO: [ε | eap_success eap_success 4_way_message_1 / ε | after_eap_success after_eap_success no_reply]
Nov 25, 2025 3:26:26 PM de.learnlib.logging.LearnLogger logQuery
INFO: [ε | eap_success eap_success eap_success / ε | after_eap_success after_eap_success after_eap_success]
Nov 25, 2025 3:26:29 PM de.learnlib.logging.LearnLogger logQuery
INFO: [ε | eap_success eap_success cryptobinding / ε | after_eap_success after_eap_success no_reply]
Nov 25, 2025 3:26:32 PM de.learnlib.logging.LearnLogger logQuery
INFO: [ε | eap_success eap_success success_and_cryptobinding / ε | after_eap_success after_eap_success no_reply]
Nov 25, 2025 3:26:36 PM de.learnlib.logging.LearnLogger logQuery
INFO: [ε | eap_success eap_success success_request_with_credentials / ε | after_eap_success after_eap_success no_reply]
Nov 25, 2025 3:26:39 PM de.learnlib.logging.LearnLogger logQuery
INFO: [ε | eap_success eap_success success_request_all_zeros / ε | after_eap_success after_eap_success no_reply]
Nov 25, 2025 3:26:42 PM de.learnlib.logging.LearnLogger logQuery
INFO: [ε | eap_success eap_success tlv_failure / ε | after_eap_success after_eap_success no_reply]
Nov 25, 2025 3:26:46 PM de.learnlib.logging.LearnLogger logQuery
INFO: [ε | eap_success eap_success tlv_request / ε | after_eap_success after_eap_success no_reply]
Nov 25, 2025 3:26:49 PM de.learnlib.logging.LearnLogger logQuery
INFO: [ε | eap_success eap_success challenge_v0 / ε | after_eap_success after_eap_success no_reply]
Nov 25, 2025 3:26:53 PM de.learnlib.logging.LearnLogger logQuery
INFO: [ε | eap_success eap_success id_request_v0 / ε | after_eap_success after_eap_success no_reply]
Nov 25, 2025 3:26:53 PM de.learnlib.logging.LearnLogger logQuery
INFO: DB CACHE [ε | eap_success cryptobinding 4_way_message_1 /  after_eap_success no_reply -]
Nov 25, 2025 3:26:53 PM de.learnlib.logging.LearnLogger logQuery
INFO: DB CACHE [ε | eap_success cryptobinding eap_success /  after_eap_success no_reply -]
Nov 25, 2025 3:26:53 PM de.learnlib.logging.LearnLogger logQuery
INFO: DB CACHE [ε | eap_success cryptobinding cryptobinding /  after_eap_success no_reply -]
Nov 25, 2025 3:26:53 PM de.learnlib.logging.LearnLogger logQuery
INFO: DB CACHE [ε | eap_success cryptobinding success_and_cryptobinding /  after_eap_success no_reply -]
Nov 25, 2025 3:26:53 PM de.learnlib.logging.LearnLogger logQuery
INFO: DB CACHE [ε | eap_success cryptobinding success_request_with_credentials /  after_eap_success no_reply -]
Nov 25, 2025 3:26:53 PM de.learnlib.logging.LearnLogger logQuery
INFO: DB CACHE [ε | eap_success cryptobinding success_request_all_zeros /  after_eap_success no_reply -]
Nov 25, 2025 3:26:53 PM de.learnlib.logging.LearnLogger logQuery
INFO: DB CACHE [ε | eap_success cryptobinding tlv_failure /  after_eap_success no_reply -]
Nov 25, 2025 3:26:53 PM de.learnlib.logging.LearnLogger logQuery
INFO: DB CACHE [ε | eap_success cryptobinding tlv_request /  after_eap_success no_reply -]
Nov 25, 2025 3:26:53 PM de.learnlib.logging.LearnLogger logQuery
INFO: DB CACHE [ε | eap_success cryptobinding challenge_v0 /  after_eap_success no_reply -]
Nov 25, 2025 3:26:53 PM de.learnlib.logging.LearnLogger logQuery
INFO: DB CACHE [ε | eap_success cryptobinding id_request_v0 /  after_eap_success no_reply -]
Nov 25, 2025 3:26:53 PM de.learnlib.logging.LearnLogger logQuery
INFO: DB CACHE [ε | eap_success success_and_cryptobinding 4_way_message_1 /  after_eap_success no_reply -]
Nov 25, 2025 3:26:53 PM de.learnlib.logging.LearnLogger logQuery
INFO: DB CACHE [ε | eap_success success_and_cryptobinding eap_success /  after_eap_success no_reply -]
Nov 25, 2025 3:26:53 PM de.learnlib.logging.LearnLogger logQuery
INFO: DB CACHE [ε | eap_success success_and_cryptobinding cryptobinding /  after_eap_success no_reply -]
Nov 25, 2025 3:26:53 PM de.learnlib.logging.LearnLogger logQuery
INFO: DB CACHE [ε | eap_success success_and_cryptobinding success_and_cryptobinding /  after_eap_success no_reply -]
Nov 25, 2025 3:26:53 PM de.learnlib.logging.LearnLogger logQuery
INFO: DB CACHE [ε | eap_success success_and_cryptobinding success_request_with_credentials /  after_eap_success no_reply -]
Nov 25, 2025 3:26:53 PM de.learnlib.logging.LearnLogger logQuery
INFO: DB CACHE [ε | eap_success success_and_cryptobinding success_request_all_zeros /  after_eap_success no_reply -]
Nov 25, 2025 3:26:53 PM de.learnlib.logging.LearnLogger logQuery
INFO: DB CACHE [ε | eap_success success_and_cryptobinding tlv_failure /  after_eap_success no_reply -]
Nov 25, 2025 3:26:53 PM de.learnlib.logging.LearnLogger logQuery
INFO: DB CACHE [ε | eap_success success_and_cryptobinding tlv_request /  after_eap_success no_reply -]
Nov 25, 2025 3:26:53 PM de.learnlib.logging.LearnLogger logQuery
INFO: DB CACHE [ε | eap_success success_and_cryptobinding challenge_v0 /  after_eap_success no_reply -]
Nov 25, 2025 3:26:53 PM de.learnlib.logging.LearnLogger logQuery
INFO: DB CACHE [ε | eap_success success_and_cryptobinding id_request_v0 /  after_eap_success no_reply -]
Nov 25, 2025 3:26:53 PM de.learnlib.logging.LearnLogger logQuery
INFO: DB CACHE [ε | eap_success success_request_with_credentials 4_way_message_1 /  after_eap_success no_reply -]
Nov 25, 2025 3:26:53 PM de.learnlib.logging.LearnLogger logQuery
INFO: DB CACHE [ε | eap_success success_request_with_credentials eap_success /  after_eap_success no_reply -]
Nov 25, 2025 3:26:53 PM de.learnlib.logging.LearnLogger logQuery
INFO: DB CACHE [ε | eap_success success_request_with_credentials cryptobinding /  after_eap_success no_reply -]
Nov 25, 2025 3:26:53 PM de.learnlib.logging.LearnLogger logQuery
INFO: DB CACHE [ε | eap_success success_request_with_credentials success_and_cryptobinding /  after_eap_success no_reply -]
Nov 25, 2025 3:26:53 PM de.learnlib.logging.LearnLogger logQuery
INFO: DB CACHE [ε | eap_success success_request_with_credentials success_request_with_credentials /  after_eap_success no_reply -]
Nov 25, 2025 3:26:53 PM de.learnlib.logging.LearnLogger logQuery
INFO: DB CACHE [ε | eap_success success_request_with_credentials success_request_all_zeros /  after_eap_success no_reply -]
Nov 25, 2025 3:26:53 PM de.learnlib.logging.LearnLogger logQuery
INFO: DB CACHE [ε | eap_success success_request_with_credentials tlv_failure /  after_eap_success no_reply -]
Nov 25, 2025 3:26:53 PM de.learnlib.logging.LearnLogger logQuery
INFO: DB CACHE [ε | eap_success success_request_with_credentials tlv_request /  after_eap_success no_reply -]
Nov 25, 2025 3:26:53 PM de.learnlib.logging.LearnLogger logQuery
INFO: DB CACHE [ε | eap_success success_request_with_credentials challenge_v0 /  after_eap_success no_reply -]
Nov 25, 2025 3:26:53 PM de.learnlib.logging.LearnLogger logQuery
INFO: DB CACHE [ε | eap_success success_request_with_credentials id_request_v0 /  after_eap_success no_reply -]
Nov 25, 2025 3:26:53 PM de.learnlib.logging.LearnLogger logQuery
INFO: DB CACHE [ε | eap_success success_request_all_zeros 4_way_message_1 /  after_eap_success no_reply -]
Nov 25, 2025 3:26:53 PM de.learnlib.logging.LearnLogger logQuery
INFO: DB CACHE [ε | eap_success success_request_all_zeros eap_success /  after_eap_success no_reply -]
Nov 25, 2025 3:26:53 PM de.learnlib.logging.LearnLogger logQuery
INFO: DB CACHE [ε | eap_success success_request_all_zeros cryptobinding /  after_eap_success no_reply -]
Nov 25, 2025 3:26:53 PM de.learnlib.logging.LearnLogger logQuery
INFO: DB CACHE [ε | eap_success success_request_all_zeros success_and_cryptobinding /  after_eap_success no_reply -]
Nov 25, 2025 3:26:53 PM de.learnlib.logging.LearnLogger logQuery
INFO: DB CACHE [ε | eap_success success_request_all_zeros success_request_with_credentials /  after_eap_success no_reply -]
Nov 25, 2025 3:26:53 PM de.learnlib.logging.LearnLogger logQuery
INFO: DB CACHE [ε | eap_success success_request_all_zeros success_request_all_zeros /  after_eap_success no_reply -]
Nov 25, 2025 3:26:53 PM de.learnlib.logging.LearnLogger logQuery
INFO: DB CACHE [ε | eap_success success_request_all_zeros tlv_failure /  after_eap_success no_reply -]
Nov 25, 2025 3:26:53 PM de.learnlib.logging.LearnLogger logQuery
INFO: DB CACHE [ε | eap_success success_request_all_zeros tlv_request /  after_eap_success no_reply -]
Nov 25, 2025 3:26:53 PM de.learnlib.logging.LearnLogger logQuery
INFO: DB CACHE [ε | eap_success success_request_all_zeros challenge_v0 /  after_eap_success no_reply -]
Nov 25, 2025 3:26:53 PM de.learnlib.logging.LearnLogger logQuery
INFO: DB CACHE [ε | eap_success success_request_all_zeros id_request_v0 /  after_eap_success no_reply -]
Nov 25, 2025 3:26:53 PM de.learnlib.logging.LearnLogger logQuery
INFO: DB CACHE [ε | eap_success tlv_failure 4_way_message_1 /  after_eap_success no_reply -]
Nov 25, 2025 3:26:53 PM de.learnlib.logging.LearnLogger logQuery
INFO: DB CACHE [ε | eap_success tlv_failure eap_success /  after_eap_success no_reply -]
Nov 25, 2025 3:26:53 PM de.learnlib.logging.LearnLogger logQuery
INFO: DB CACHE [ε | eap_success tlv_failure cryptobinding /  after_eap_success no_reply -]
Nov 25, 2025 3:26:53 PM de.learnlib.logging.LearnLogger logQuery
INFO: DB CACHE [ε | eap_success tlv_failure success_and_cryptobinding /  after_eap_success no_reply -]
Nov 25, 2025 3:26:53 PM de.learnlib.logging.LearnLogger logQuery
INFO: DB CACHE [ε | eap_success tlv_failure success_request_with_credentials /  after_eap_success no_reply -]
Nov 25, 2025 3:26:53 PM de.learnlib.logging.LearnLogger logQuery
INFO: DB CACHE [ε | eap_success tlv_failure success_request_all_zeros /  after_eap_success no_reply -]
Nov 25, 2025 3:26:53 PM de.learnlib.logging.LearnLogger logQuery
INFO: DB CACHE [ε | eap_success tlv_failure tlv_failure /  after_eap_success no_reply -]
Nov 25, 2025 3:26:53 PM de.learnlib.logging.LearnLogger logQuery
INFO: DB CACHE [ε | eap_success tlv_failure tlv_request /  after_eap_success no_reply -]
Nov 25, 2025 3:26:53 PM de.learnlib.logging.LearnLogger logQuery
INFO: DB CACHE [ε | eap_success tlv_failure challenge_v0 /  after_eap_success no_reply -]
Nov 25, 2025 3:26:53 PM de.learnlib.logging.LearnLogger logQuery
INFO: DB CACHE [ε | eap_success tlv_failure id_request_v0 /  after_eap_success no_reply -]
Nov 25, 2025 3:26:53 PM de.learnlib.logging.LearnLogger logQuery
INFO: DB CACHE [ε | eap_success tlv_request 4_way_message_1 /  after_eap_success no_reply -]
Nov 25, 2025 3:26:53 PM de.learnlib.logging.LearnLogger logQuery
INFO: DB CACHE [ε | eap_success tlv_request eap_success /  after_eap_success no_reply -]
Nov 25, 2025 3:26:53 PM de.learnlib.logging.LearnLogger logQuery
INFO: DB CACHE [ε | eap_success tlv_request cryptobinding /  after_eap_success no_reply -]
Nov 25, 2025 3:26:53 PM de.learnlib.logging.LearnLogger logQuery
INFO: DB CACHE [ε | eap_success tlv_request success_and_cryptobinding /  after_eap_success no_reply -]
Nov 25, 2025 3:26:53 PM de.learnlib.logging.LearnLogger logQuery
INFO: DB CACHE [ε | eap_success tlv_request success_request_with_credentials /  after_eap_success no_reply -]
Nov 25, 2025 3:26:53 PM de.learnlib.logging.LearnLogger logQuery
INFO: DB CACHE [ε | eap_success tlv_request success_request_all_zeros /  after_eap_success no_reply -]
Nov 25, 2025 3:26:53 PM de.learnlib.logging.LearnLogger logQuery
INFO: DB CACHE [ε | eap_success tlv_request tlv_failure /  after_eap_success no_reply -]
Nov 25, 2025 3:26:53 PM de.learnlib.logging.LearnLogger logQuery
INFO: DB CACHE [ε | eap_success tlv_request tlv_request /  after_eap_success no_reply -]
Nov 25, 2025 3:26:53 PM de.learnlib.logging.LearnLogger logQuery
INFO: DB CACHE [ε | eap_success tlv_request challenge_v0 /  after_eap_success no_reply -]
Nov 25, 2025 3:26:53 PM de.learnlib.logging.LearnLogger logQuery
INFO: DB CACHE [ε | eap_success tlv_request id_request_v0 /  after_eap_success no_reply -]
Nov 25, 2025 3:26:53 PM de.learnlib.logging.LearnLogger logQuery
INFO: DB CACHE [ε | eap_success challenge_v0 4_way_message_1 /  after_eap_success no_reply -]
Nov 25, 2025 3:26:53 PM de.learnlib.logging.LearnLogger logQuery
INFO: DB CACHE [ε | eap_success challenge_v0 eap_success /  after_eap_success no_reply -]
Nov 25, 2025 3:26:53 PM de.learnlib.logging.LearnLogger logQuery
INFO: DB CACHE [ε | eap_success challenge_v0 cryptobinding /  after_eap_success no_reply -]
Nov 25, 2025 3:26:53 PM de.learnlib.logging.LearnLogger logQuery
INFO: DB CACHE [ε | eap_success challenge_v0 success_and_cryptobinding /  after_eap_success no_reply -]
Nov 25, 2025 3:26:53 PM de.learnlib.logging.LearnLogger logQuery
INFO: DB CACHE [ε | eap_success challenge_v0 success_request_with_credentials /  after_eap_success no_reply -]
Nov 25, 2025 3:26:53 PM de.learnlib.logging.LearnLogger logQuery
INFO: DB CACHE [ε | eap_success challenge_v0 success_request_all_zeros /  after_eap_success no_reply -]
Nov 25, 2025 3:26:53 PM de.learnlib.logging.LearnLogger logQuery
INFO: DB CACHE [ε | eap_success challenge_v0 tlv_failure /  after_eap_success no_reply -]
Nov 25, 2025 3:26:53 PM de.learnlib.logging.LearnLogger logQuery
INFO: DB CACHE [ε | eap_success challenge_v0 tlv_request /  after_eap_success no_reply -]
Nov 25, 2025 3:26:53 PM de.learnlib.logging.LearnLogger logQuery
INFO: DB CACHE [ε | eap_success challenge_v0 challenge_v0 /  after_eap_success no_reply -]
Nov 25, 2025 3:26:53 PM de.learnlib.logging.LearnLogger logQuery
INFO: DB CACHE [ε | eap_success challenge_v0 id_request_v0 /  after_eap_success no_reply -]
Nov 25, 2025 3:26:53 PM de.learnlib.logging.LearnLogger logQuery
INFO: DB CACHE [ε | eap_success id_request_v0 4_way_message_1 /  after_eap_success no_reply -]
Nov 25, 2025 3:26:53 PM de.learnlib.logging.LearnLogger logQuery
INFO: DB CACHE [ε | eap_success id_request_v0 eap_success /  after_eap_success no_reply -]
Nov 25, 2025 3:26:53 PM de.learnlib.logging.LearnLogger logQuery
INFO: DB CACHE [ε | eap_success id_request_v0 cryptobinding /  after_eap_success no_reply -]
Nov 25, 2025 3:26:53 PM de.learnlib.logging.LearnLogger logQuery
INFO: DB CACHE [ε | eap_success id_request_v0 success_and_cryptobinding /  after_eap_success no_reply -]
Nov 25, 2025 3:26:53 PM de.learnlib.logging.LearnLogger logQuery
INFO: DB CACHE [ε | eap_success id_request_v0 success_request_with_credentials /  after_eap_success no_reply -]
Nov 25, 2025 3:26:53 PM de.learnlib.logging.LearnLogger logQuery
INFO: DB CACHE [ε | eap_success id_request_v0 success_request_all_zeros /  after_eap_success no_reply -]
Nov 25, 2025 3:26:53 PM de.learnlib.logging.LearnLogger logQuery
INFO: DB CACHE [ε | eap_success id_request_v0 tlv_failure /  after_eap_success no_reply -]
Nov 25, 2025 3:26:53 PM de.learnlib.logging.LearnLogger logQuery
INFO: DB CACHE [ε | eap_success id_request_v0 tlv_request /  after_eap_success no_reply -]
Nov 25, 2025 3:26:53 PM de.learnlib.logging.LearnLogger logQuery
INFO: DB CACHE [ε | eap_success id_request_v0 challenge_v0 /  after_eap_success no_reply -]
Nov 25, 2025 3:26:53 PM de.learnlib.logging.LearnLogger logQuery
INFO: DB CACHE [ε | eap_success id_request_v0 id_request_v0 /  after_eap_success no_reply -]
Nov 25, 2025 3:26:53 PM de.learnlib.logging.LearnLogger logQuery
INFO: DISABLED [ε | tlv_failure 4_way_message_1 4_way_message_1 /  tlv_failure - -]
Nov 25, 2025 3:26:53 PM de.learnlib.logging.LearnLogger logQuery
INFO: DISABLED [ε | tlv_failure 4_way_message_1 eap_success /  tlv_failure - -]
Nov 25, 2025 3:26:53 PM de.learnlib.logging.LearnLogger logQuery
INFO: DISABLED [ε | tlv_failure 4_way_message_1 cryptobinding /  tlv_failure - -]
Nov 25, 2025 3:26:53 PM de.learnlib.logging.LearnLogger logQuery
INFO: DISABLED [ε | tlv_failure 4_way_message_1 success_and_cryptobinding /  tlv_failure - -]
Nov 25, 2025 3:26:53 PM de.learnlib.logging.LearnLogger logQuery
INFO: DISABLED [ε | tlv_failure 4_way_message_1 success_request_with_credentials /  tlv_failure - -]
Nov 25, 2025 3:26:53 PM de.learnlib.logging.LearnLogger logQuery
INFO: DISABLED [ε | tlv_failure 4_way_message_1 success_request_all_zeros /  tlv_failure - -]
Nov 25, 2025 3:26:53 PM de.learnlib.logging.LearnLogger logQuery
INFO: DISABLED [ε | tlv_failure 4_way_message_1 tlv_failure /  tlv_failure - -]
Nov 25, 2025 3:26:53 PM de.learnlib.logging.LearnLogger logQuery
INFO: DISABLED [ε | tlv_failure 4_way_message_1 tlv_request /  tlv_failure - -]
Nov 25, 2025 3:26:53 PM de.learnlib.logging.LearnLogger logQuery
INFO: DISABLED [ε | tlv_failure 4_way_message_1 challenge_v0 /  tlv_failure - -]
Nov 25, 2025 3:26:53 PM de.learnlib.logging.LearnLogger logQuery
INFO: DISABLED [ε | tlv_failure 4_way_message_1 id_request_v0 /  tlv_failure - -]
Nov 25, 2025 3:26:53 PM de.learnlib.logging.LearnLogger logQuery
INFO: DISABLED [ε | tlv_failure eap_success 4_way_message_1 /  tlv_failure - -]
Nov 25, 2025 3:26:53 PM de.learnlib.logging.LearnLogger logQuery
INFO: DISABLED [ε | tlv_failure eap_success eap_success /  tlv_failure - -]
Nov 25, 2025 3:26:53 PM de.learnlib.logging.LearnLogger logQuery
INFO: DISABLED [ε | tlv_failure eap_success cryptobinding /  tlv_failure - -]
Nov 25, 2025 3:26:53 PM de.learnlib.logging.LearnLogger logQuery
INFO: DISABLED [ε | tlv_failure eap_success success_and_cryptobinding /  tlv_failure - -]
Nov 25, 2025 3:26:53 PM de.learnlib.logging.LearnLogger logQuery
INFO: DISABLED [ε | tlv_failure eap_success success_request_with_credentials /  tlv_failure - -]
Nov 25, 2025 3:26:53 PM de.learnlib.logging.LearnLogger logQuery
INFO: DISABLED [ε | tlv_failure eap_success success_request_all_zeros /  tlv_failure - -]
Nov 25, 2025 3:26:53 PM de.learnlib.logging.LearnLogger logQuery
INFO: DISABLED [ε | tlv_failure eap_success tlv_failure /  tlv_failure - -]
Nov 25, 2025 3:26:53 PM de.learnlib.logging.LearnLogger logQuery
INFO: DISABLED [ε | tlv_failure eap_success tlv_request /  tlv_failure - -]
Nov 25, 2025 3:26:53 PM de.learnlib.logging.LearnLogger logQuery
INFO: DISABLED [ε | tlv_failure eap_success challenge_v0 /  tlv_failure - -]
Nov 25, 2025 3:26:53 PM de.learnlib.logging.LearnLogger logQuery
INFO: DISABLED [ε | tlv_failure eap_success id_request_v0 /  tlv_failure - -]
Nov 25, 2025 3:26:53 PM de.learnlib.logging.LearnLogger logQuery
INFO: DISABLED [ε | tlv_failure cryptobinding 4_way_message_1 /  tlv_failure - -]
Nov 25, 2025 3:26:53 PM de.learnlib.logging.LearnLogger logQuery
INFO: DISABLED [ε | tlv_failure cryptobinding eap_success /  tlv_failure - -]
Nov 25, 2025 3:26:53 PM de.learnlib.logging.LearnLogger logQuery
INFO: DISABLED [ε | tlv_failure cryptobinding cryptobinding /  tlv_failure - -]
Nov 25, 2025 3:26:53 PM de.learnlib.logging.LearnLogger logQuery
INFO: DISABLED [ε | tlv_failure cryptobinding success_and_cryptobinding /  tlv_failure - -]
Nov 25, 2025 3:26:53 PM de.learnlib.logging.LearnLogger logQuery
INFO: DISABLED [ε | tlv_failure cryptobinding success_request_with_credentials /  tlv_failure - -]
Nov 25, 2025 3:26:53 PM de.learnlib.logging.LearnLogger logQuery
INFO: DISABLED [ε | tlv_failure cryptobinding success_request_all_zeros /  tlv_failure - -]
Nov 25, 2025 3:26:53 PM de.learnlib.logging.LearnLogger logQuery
INFO: DISABLED [ε | tlv_failure cryptobinding tlv_failure /  tlv_failure - -]
Nov 25, 2025 3:26:53 PM de.learnlib.logging.LearnLogger logQuery
INFO: DISABLED [ε | tlv_failure cryptobinding tlv_request /  tlv_failure - -]
Nov 25, 2025 3:26:53 PM de.learnlib.logging.LearnLogger logQuery
INFO: DISABLED [ε | tlv_failure cryptobinding challenge_v0 /  tlv_failure - -]
Nov 25, 2025 3:26:53 PM de.learnlib.logging.LearnLogger logQuery
INFO: DISABLED [ε | tlv_failure cryptobinding id_request_v0 /  tlv_failure - -]
Nov 25, 2025 3:26:53 PM de.learnlib.logging.LearnLogger logQuery
INFO: DISABLED [ε | tlv_failure success_and_cryptobinding 4_way_message_1 /  tlv_failure - -]
Nov 25, 2025 3:26:53 PM de.learnlib.logging.LearnLogger logQuery
INFO: DISABLED [ε | tlv_failure success_and_cryptobinding eap_success /  tlv_failure - -]
Nov 25, 2025 3:26:53 PM de.learnlib.logging.LearnLogger logQuery
INFO: DISABLED [ε | tlv_failure success_and_cryptobinding cryptobinding /  tlv_failure - -]
Nov 25, 2025 3:26:53 PM de.learnlib.logging.LearnLogger logQuery
INFO: DISABLED [ε | tlv_failure success_and_cryptobinding success_and_cryptobinding /  tlv_failure - -]
Nov 25, 2025 3:26:53 PM de.learnlib.logging.LearnLogger logQuery
INFO: DISABLED [ε | tlv_failure success_and_cryptobinding success_request_with_credentials /  tlv_failure - -]
Nov 25, 2025 3:26:53 PM de.learnlib.logging.LearnLogger logQuery
INFO: DISABLED [ε | tlv_failure success_and_cryptobinding success_request_all_zeros /  tlv_failure - -]
Nov 25, 2025 3:26:53 PM de.learnlib.logging.LearnLogger logQuery
INFO: DISABLED [ε | tlv_failure success_and_cryptobinding tlv_failure /  tlv_failure - -]
Nov 25, 2025 3:26:53 PM de.learnlib.logging.LearnLogger logQuery
INFO: DISABLED [ε | tlv_failure success_and_cryptobinding tlv_request /  tlv_failure - -]
Nov 25, 2025 3:26:53 PM de.learnlib.logging.LearnLogger logQuery
INFO: DISABLED [ε | tlv_failure success_and_cryptobinding challenge_v0 /  tlv_failure - -]
Nov 25, 2025 3:26:53 PM de.learnlib.logging.LearnLogger logQuery
INFO: DISABLED [ε | tlv_failure success_and_cryptobinding id_request_v0 /  tlv_failure - -]
Nov 25, 2025 3:26:53 PM de.learnlib.logging.LearnLogger logQuery
INFO: DISABLED [ε | tlv_failure success_request_with_credentials 4_way_message_1 /  tlv_failure - -]
Nov 25, 2025 3:26:53 PM de.learnlib.logging.LearnLogger logQuery
INFO: DISABLED [ε | tlv_failure success_request_with_credentials eap_success /  tlv_failure - -]
Nov 25, 2025 3:26:53 PM de.learnlib.logging.LearnLogger logQuery
INFO: DISABLED [ε | tlv_failure success_request_with_credentials cryptobinding /  tlv_failure - -]
Nov 25, 2025 3:26:53 PM de.learnlib.logging.LearnLogger logQuery
INFO: DISABLED [ε | tlv_failure success_request_with_credentials success_and_cryptobinding /  tlv_failure - -]
Nov 25, 2025 3:26:53 PM de.learnlib.logging.LearnLogger logQuery
INFO: DISABLED [ε | tlv_failure success_request_with_credentials success_request_with_credentials /  tlv_failure - -]
Nov 25, 2025 3:26:53 PM de.learnlib.logging.LearnLogger logQuery
INFO: DISABLED [ε | tlv_failure success_request_with_credentials success_request_all_zeros /  tlv_failure - -]
Nov 25, 2025 3:26:53 PM de.learnlib.logging.LearnLogger logQuery
INFO: DISABLED [ε | tlv_failure success_request_with_credentials tlv_failure /  tlv_failure - -]
Nov 25, 2025 3:26:53 PM de.learnlib.logging.LearnLogger logQuery
INFO: DISABLED [ε | tlv_failure success_request_with_credentials tlv_request /  tlv_failure - -]
Nov 25, 2025 3:26:53 PM de.learnlib.logging.LearnLogger logQuery
INFO: DISABLED [ε | tlv_failure success_request_with_credentials challenge_v0 /  tlv_failure - -]
Nov 25, 2025 3:26:53 PM de.learnlib.logging.LearnLogger logQuery
INFO: DISABLED [ε | tlv_failure success_request_with_credentials id_request_v0 /  tlv_failure - -]
Nov 25, 2025 3:26:53 PM de.learnlib.logging.LearnLogger logQuery
INFO: DISABLED [ε | tlv_failure success_request_all_zeros 4_way_message_1 /  tlv_failure - -]
Nov 25, 2025 3:26:53 PM de.learnlib.logging.LearnLogger logQuery
INFO: DISABLED [ε | tlv_failure success_request_all_zeros eap_success /  tlv_failure - -]
Nov 25, 2025 3:26:53 PM de.learnlib.logging.LearnLogger logQuery
INFO: DISABLED [ε | tlv_failure success_request_all_zeros cryptobinding /  tlv_failure - -]
Nov 25, 2025 3:26:53 PM de.learnlib.logging.LearnLogger logQuery
INFO: DISABLED [ε | tlv_failure success_request_all_zeros success_and_cryptobinding /  tlv_failure - -]
Nov 25, 2025 3:26:53 PM de.learnlib.logging.LearnLogger logQuery
INFO: DISABLED [ε | tlv_failure success_request_all_zeros success_request_with_credentials /  tlv_failure - -]
Nov 25, 2025 3:26:53 PM de.learnlib.logging.LearnLogger logQuery
INFO: DISABLED [ε | tlv_failure success_request_all_zeros success_request_all_zeros /  tlv_failure - -]
Nov 25, 2025 3:26:53 PM de.learnlib.logging.LearnLogger logQuery
INFO: DISABLED [ε | tlv_failure success_request_all_zeros tlv_failure /  tlv_failure - -]
Nov 25, 2025 3:26:53 PM de.learnlib.logging.LearnLogger logQuery
INFO: DISABLED [ε | tlv_failure success_request_all_zeros tlv_request /  tlv_failure - -]
Nov 25, 2025 3:26:53 PM de.learnlib.logging.LearnLogger logQuery
INFO: DISABLED [ε | tlv_failure success_request_all_zeros challenge_v0 /  tlv_failure - -]
Nov 25, 2025 3:26:53 PM de.learnlib.logging.LearnLogger logQuery
INFO: DISABLED [ε | tlv_failure success_request_all_zeros id_request_v0 /  tlv_failure - -]
Nov 25, 2025 3:26:53 PM de.learnlib.logging.LearnLogger logQuery
INFO: DISABLED [ε | tlv_failure tlv_failure 4_way_message_1 /  tlv_failure - -]
Nov 25, 2025 3:26:53 PM de.learnlib.logging.LearnLogger logQuery
INFO: DISABLED [ε | tlv_failure tlv_failure eap_success /  tlv_failure - -]
Nov 25, 2025 3:26:53 PM de.learnlib.logging.LearnLogger logQuery
INFO: DISABLED [ε | tlv_failure tlv_failure cryptobinding /  tlv_failure - -]
Nov 25, 2025 3:26:53 PM de.learnlib.logging.LearnLogger logQuery
INFO: DISABLED [ε | tlv_failure tlv_failure success_and_cryptobinding /  tlv_failure - -]
Nov 25, 2025 3:26:53 PM de.learnlib.logging.LearnLogger logQuery
INFO: DISABLED [ε | tlv_failure tlv_failure success_request_with_credentials /  tlv_failure - -]
Nov 25, 2025 3:26:53 PM de.learnlib.logging.LearnLogger logQuery
INFO: DISABLED [ε | tlv_failure tlv_failure success_request_all_zeros /  tlv_failure - -]
Nov 25, 2025 3:26:53 PM de.learnlib.logging.LearnLogger logQuery
INFO: DISABLED [ε | tlv_failure tlv_failure tlv_failure /  tlv_failure - -]
Nov 25, 2025 3:26:53 PM de.learnlib.logging.LearnLogger logQuery
INFO: DISABLED [ε | tlv_failure tlv_failure tlv_request /  tlv_failure - -]
Nov 25, 2025 3:26:53 PM de.learnlib.logging.LearnLogger logQuery
INFO: DISABLED [ε | tlv_failure tlv_failure challenge_v0 /  tlv_failure - -]
Nov 25, 2025 3:26:53 PM de.learnlib.logging.LearnLogger logQuery
INFO: DISABLED [ε | tlv_failure tlv_failure id_request_v0 /  tlv_failure - -]
Nov 25, 2025 3:26:53 PM de.learnlib.logging.LearnLogger logQuery
INFO: DISABLED [ε | tlv_failure tlv_request 4_way_message_1 /  tlv_failure - -]
Nov 25, 2025 3:26:53 PM de.learnlib.logging.LearnLogger logQuery
INFO: DISABLED [ε | tlv_failure tlv_request eap_success /  tlv_failure - -]
Nov 25, 2025 3:26:53 PM de.learnlib.logging.LearnLogger logQuery
INFO: DISABLED [ε | tlv_failure tlv_request cryptobinding /  tlv_failure - -]
Nov 25, 2025 3:26:53 PM de.learnlib.logging.LearnLogger logQuery
INFO: DISABLED [ε | tlv_failure tlv_request success_and_cryptobinding /  tlv_failure - -]
Nov 25, 2025 3:26:53 PM de.learnlib.logging.LearnLogger logQuery
INFO: DISABLED [ε | tlv_failure tlv_request success_request_with_credentials /  tlv_failure - -]
Nov 25, 2025 3:26:53 PM de.learnlib.logging.LearnLogger logQuery
INFO: DISABLED [ε | tlv_failure tlv_request success_request_all_zeros /  tlv_failure - -]
Nov 25, 2025 3:26:53 PM de.learnlib.logging.LearnLogger logQuery
INFO: DISABLED [ε | tlv_failure tlv_request tlv_failure /  tlv_failure - -]
Nov 25, 2025 3:26:53 PM de.learnlib.logging.LearnLogger logQuery
INFO: DISABLED [ε | tlv_failure tlv_request tlv_request /  tlv_failure - -]
Nov 25, 2025 3:26:53 PM de.learnlib.logging.LearnLogger logQuery
INFO: DISABLED [ε | tlv_failure tlv_request challenge_v0 /  tlv_failure - -]
Nov 25, 2025 3:26:53 PM de.learnlib.logging.LearnLogger logQuery
INFO: DISABLED [ε | tlv_failure tlv_request id_request_v0 /  tlv_failure - -]
Nov 25, 2025 3:26:53 PM de.learnlib.logging.LearnLogger logQuery
INFO: DISABLED [ε | tlv_failure challenge_v0 4_way_message_1 /  tlv_failure - -]
Nov 25, 2025 3:26:53 PM de.learnlib.logging.LearnLogger logQuery
INFO: DISABLED [ε | tlv_failure challenge_v0 eap_success /  tlv_failure - -]
Nov 25, 2025 3:26:53 PM de.learnlib.logging.LearnLogger logQuery
INFO: DISABLED [ε | tlv_failure challenge_v0 cryptobinding /  tlv_failure - -]
Nov 25, 2025 3:26:53 PM de.learnlib.logging.LearnLogger logQuery
INFO: DISABLED [ε | tlv_failure challenge_v0 success_and_cryptobinding /  tlv_failure - -]
Nov 25, 2025 3:26:53 PM de.learnlib.logging.LearnLogger logQuery
INFO: DISABLED [ε | tlv_failure challenge_v0 success_request_with_credentials /  tlv_failure - -]
Nov 25, 2025 3:26:53 PM de.learnlib.logging.LearnLogger logQuery
INFO: DISABLED [ε | tlv_failure challenge_v0 success_request_all_zeros /  tlv_failure - -]
Nov 25, 2025 3:26:53 PM de.learnlib.logging.LearnLogger logQuery
INFO: DISABLED [ε | tlv_failure challenge_v0 tlv_failure /  tlv_failure - -]
Nov 25, 2025 3:26:53 PM de.learnlib.logging.LearnLogger logQuery
INFO: DISABLED [ε | tlv_failure challenge_v0 tlv_request /  tlv_failure - -]
Nov 25, 2025 3:26:53 PM de.learnlib.logging.LearnLogger logQuery
INFO: DISABLED [ε | tlv_failure challenge_v0 challenge_v0 /  tlv_failure - -]
Nov 25, 2025 3:26:53 PM de.learnlib.logging.LearnLogger logQuery
INFO: DISABLED [ε | tlv_failure challenge_v0 id_request_v0 /  tlv_failure - -]
Nov 25, 2025 3:26:53 PM de.learnlib.logging.LearnLogger logQuery
INFO: DISABLED [ε | tlv_failure id_request_v0 4_way_message_1 /  tlv_failure - -]
Nov 25, 2025 3:26:53 PM de.learnlib.logging.LearnLogger logQuery
INFO: DISABLED [ε | tlv_failure id_request_v0 eap_success /  tlv_failure - -]
Nov 25, 2025 3:26:53 PM de.learnlib.logging.LearnLogger logQuery
INFO: DISABLED [ε | tlv_failure id_request_v0 cryptobinding /  tlv_failure - -]
Nov 25, 2025 3:26:53 PM de.learnlib.logging.LearnLogger logQuery
INFO: DISABLED [ε | tlv_failure id_request_v0 success_and_cryptobinding /  tlv_failure - -]
Nov 25, 2025 3:26:53 PM de.learnlib.logging.LearnLogger logQuery
INFO: DISABLED [ε | tlv_failure id_request_v0 success_request_with_credentials /  tlv_failure - -]
Nov 25, 2025 3:26:53 PM de.learnlib.logging.LearnLogger logQuery
INFO: DISABLED [ε | tlv_failure id_request_v0 success_request_all_zeros /  tlv_failure - -]
Nov 25, 2025 3:26:53 PM de.learnlib.logging.LearnLogger logQuery
INFO: DISABLED [ε | tlv_failure id_request_v0 tlv_failure /  tlv_failure - -]
Nov 25, 2025 3:26:53 PM de.learnlib.logging.LearnLogger logQuery
INFO: DISABLED [ε | tlv_failure id_request_v0 tlv_request /  tlv_failure - -]
Nov 25, 2025 3:26:53 PM de.learnlib.logging.LearnLogger logQuery
INFO: DISABLED [ε | tlv_failure id_request_v0 challenge_v0 /  tlv_failure - -]
Nov 25, 2025 3:26:53 PM de.learnlib.logging.LearnLogger logQuery
INFO: DISABLED [ε | tlv_failure id_request_v0 id_request_v0 /  tlv_failure - -]
Nov 25, 2025 3:26:53 PM de.learnlib.logging.LearnLogger logQuery
INFO: DB CACHE [ε | tlv_request 4_way_message_1 4_way_message_1 /  tlv_success 4_way_message_2 -]
Nov 25, 2025 3:26:53 PM de.learnlib.logging.LearnLogger logQuery
INFO: DB CACHE [ε | tlv_request 4_way_message_1 eap_success /  tlv_success 4_way_message_2 -]
Nov 25, 2025 3:26:53 PM de.learnlib.logging.LearnLogger logQuery
INFO: DB CACHE [ε | tlv_request 4_way_message_1 cryptobinding /  tlv_success 4_way_message_2 -]
Nov 25, 2025 3:26:53 PM de.learnlib.logging.LearnLogger logQuery
INFO: DB CACHE [ε | tlv_request 4_way_message_1 success_and_cryptobinding /  tlv_success 4_way_message_2 -]
Nov 25, 2025 3:26:53 PM de.learnlib.logging.LearnLogger logQuery
INFO: DB CACHE [ε | tlv_request 4_way_message_1 success_request_with_credentials /  tlv_success 4_way_message_2 -]
Nov 25, 2025 3:26:53 PM de.learnlib.logging.LearnLogger logQuery
INFO: DB CACHE [ε | tlv_request 4_way_message_1 success_request_all_zeros /  tlv_success 4_way_message_2 -]
Nov 25, 2025 3:26:53 PM de.learnlib.logging.LearnLogger logQuery
INFO: DB CACHE [ε | tlv_request 4_way_message_1 tlv_failure /  tlv_success 4_way_message_2 -]
Nov 25, 2025 3:26:53 PM de.learnlib.logging.LearnLogger logQuery
INFO: DB CACHE [ε | tlv_request 4_way_message_1 tlv_request /  tlv_success 4_way_message_2 -]
Nov 25, 2025 3:26:53 PM de.learnlib.logging.LearnLogger logQuery
INFO: DB CACHE [ε | tlv_request 4_way_message_1 challenge_v0 /  tlv_success 4_way_message_2 -]
Nov 25, 2025 3:26:53 PM de.learnlib.logging.LearnLogger logQuery
INFO: DB CACHE [ε | tlv_request 4_way_message_1 id_request_v0 /  tlv_success 4_way_message_2 -]
Nov 25, 2025 3:26:55 PM de.learnlib.logging.LearnLogger logQuery
INFO: [ε | tlv_request eap_success 4_way_message_1 / ε | tlv_success after_eap_success 4_way_message_2]
Nov 25, 2025 3:26:58 PM de.learnlib.logging.LearnLogger logQuery
INFO: [ε | tlv_request eap_success eap_success / ε | tlv_success after_eap_success after_eap_success]
Nov 25, 2025 3:27:01 PM de.learnlib.logging.LearnLogger logQuery
INFO: [ε | tlv_request eap_success cryptobinding / ε | tlv_success after_eap_success no_reply]
Nov 25, 2025 3:27:03 PM de.learnlib.logging.LearnLogger logQuery
INFO: [ε | tlv_request eap_success success_and_cryptobinding / ε | tlv_success after_eap_success tlv_success]
Nov 25, 2025 3:27:05 PM de.learnlib.logging.LearnLogger logQuery
INFO: [ε | tlv_request eap_success success_request_with_credentials / ε | tlv_success after_eap_success no_reply]
Nov 25, 2025 3:27:08 PM de.learnlib.logging.LearnLogger logQuery
INFO: [ε | tlv_request eap_success success_request_all_zeros / ε | tlv_success after_eap_success no_reply]
Nov 25, 2025 3:27:11 PM de.learnlib.logging.LearnLogger logQuery
INFO: [ε | tlv_request eap_success tlv_failure / ε | tlv_success after_eap_success tlv_failure]
Nov 25, 2025 3:27:13 PM de.learnlib.logging.LearnLogger logQuery
INFO: [ε | tlv_request eap_success tlv_request / ε | tlv_success after_eap_success tlv_success]
Nov 25, 2025 3:27:15 PM de.learnlib.logging.LearnLogger logQuery
INFO: [ε | tlv_request eap_success challenge_v0 / ε | tlv_success after_eap_success challenge_response_v0]
Nov 25, 2025 3:27:17 PM de.learnlib.logging.LearnLogger logQuery
INFO: [ε | tlv_request eap_success id_request_v0 / ε | tlv_success after_eap_success id_response_v0]
Nov 25, 2025 3:27:17 PM de.learnlib.logging.LearnLogger logQuery
INFO: DB CACHE [ε | tlv_request cryptobinding 4_way_message_1 /  tlv_success no_reply -]
Nov 25, 2025 3:27:17 PM de.learnlib.logging.LearnLogger logQuery
INFO: DB CACHE [ε | tlv_request cryptobinding eap_success /  tlv_success no_reply -]
Nov 25, 2025 3:27:17 PM de.learnlib.logging.LearnLogger logQuery
INFO: DB CACHE [ε | tlv_request cryptobinding cryptobinding /  tlv_success no_reply -]
Nov 25, 2025 3:27:17 PM de.learnlib.logging.LearnLogger logQuery
INFO: DB CACHE [ε | tlv_request cryptobinding success_and_cryptobinding /  tlv_success no_reply -]
Nov 25, 2025 3:27:17 PM de.learnlib.logging.LearnLogger logQuery
INFO: DB CACHE [ε | tlv_request cryptobinding success_request_with_credentials /  tlv_success no_reply -]
Nov 25, 2025 3:27:17 PM de.learnlib.logging.LearnLogger logQuery
INFO: DB CACHE [ε | tlv_request cryptobinding success_request_all_zeros /  tlv_success no_reply -]
Nov 25, 2025 3:27:17 PM de.learnlib.logging.LearnLogger logQuery
INFO: DB CACHE [ε | tlv_request cryptobinding tlv_failure /  tlv_success no_reply -]
Nov 25, 2025 3:27:17 PM de.learnlib.logging.LearnLogger logQuery
INFO: DB CACHE [ε | tlv_request cryptobinding tlv_request /  tlv_success no_reply -]
Nov 25, 2025 3:27:17 PM de.learnlib.logging.LearnLogger logQuery
INFO: DB CACHE [ε | tlv_request cryptobinding challenge_v0 /  tlv_success no_reply -]
Nov 25, 2025 3:27:17 PM de.learnlib.logging.LearnLogger logQuery
INFO: DB CACHE [ε | tlv_request cryptobinding id_request_v0 /  tlv_success no_reply -]
Nov 25, 2025 3:27:19 PM de.learnlib.logging.LearnLogger logQuery
INFO: [ε | tlv_request success_and_cryptobinding 4_way_message_1 / ε | tlv_success tlv_success 4_way_message_2]
Nov 25, 2025 3:27:21 PM de.learnlib.logging.LearnLogger logQuery
INFO: [ε | tlv_request success_and_cryptobinding eap_success / ε | tlv_success tlv_success after_eap_success]
Nov 25, 2025 3:27:23 PM de.learnlib.logging.LearnLogger logQuery
INFO: [ε | tlv_request success_and_cryptobinding cryptobinding / ε | tlv_success tlv_success no_reply]
Nov 25, 2025 3:27:25 PM de.learnlib.logging.LearnLogger logQuery
INFO: [ε | tlv_request success_and_cryptobinding success_and_cryptobinding / ε | tlv_success tlv_success tlv_success]
Nov 25, 2025 3:27:27 PM de.learnlib.logging.LearnLogger logQuery
INFO: [ε | tlv_request success_and_cryptobinding success_request_with_credentials / ε | tlv_success tlv_success no_reply]
Nov 25, 2025 3:27:29 PM de.learnlib.logging.LearnLogger logQuery
INFO: [ε | tlv_request success_and_cryptobinding success_request_all_zeros / ε | tlv_success tlv_success no_reply]
Nov 25, 2025 3:27:31 PM de.learnlib.logging.LearnLogger logQuery
INFO: [ε | tlv_request success_and_cryptobinding tlv_failure / ε | tlv_success tlv_success tlv_failure]
Nov 25, 2025 3:27:33 PM de.learnlib.logging.LearnLogger logQuery
INFO: [ε | tlv_request success_and_cryptobinding tlv_request / ε | tlv_success tlv_success tlv_success]
Nov 25, 2025 3:27:35 PM de.learnlib.logging.LearnLogger logQuery
INFO: [ε | tlv_request success_and_cryptobinding challenge_v0 / ε | tlv_success tlv_success challenge_response_v0]
Nov 25, 2025 3:27:36 PM de.learnlib.logging.LearnLogger logQuery
INFO: [ε | tlv_request success_and_cryptobinding id_request_v0 / ε | tlv_success tlv_success id_response_v0]
Nov 25, 2025 3:27:37 PM de.learnlib.logging.LearnLogger logQuery
INFO: DB CACHE [ε | tlv_request success_request_with_credentials 4_way_message_1 /  tlv_success no_reply -]
Nov 25, 2025 3:27:37 PM de.learnlib.logging.LearnLogger logQuery
INFO: DB CACHE [ε | tlv_request success_request_with_credentials eap_success /  tlv_success no_reply -]
Nov 25, 2025 3:27:37 PM de.learnlib.logging.LearnLogger logQuery
INFO: DB CACHE [ε | tlv_request success_request_with_credentials cryptobinding /  tlv_success no_reply -]
Nov 25, 2025 3:27:37 PM de.learnlib.logging.LearnLogger logQuery
INFO: DB CACHE [ε | tlv_request success_request_with_credentials success_and_cryptobinding /  tlv_success no_reply -]
Nov 25, 2025 3:27:37 PM de.learnlib.logging.LearnLogger logQuery
INFO: DB CACHE [ε | tlv_request success_request_with_credentials success_request_with_credentials /  tlv_success no_reply -]
Nov 25, 2025 3:27:37 PM de.learnlib.logging.LearnLogger logQuery
INFO: DB CACHE [ε | tlv_request success_request_with_credentials success_request_all_zeros /  tlv_success no_reply -]
Nov 25, 2025 3:27:37 PM de.learnlib.logging.LearnLogger logQuery
INFO: DB CACHE [ε | tlv_request success_request_with_credentials tlv_failure /  tlv_success no_reply -]
Nov 25, 2025 3:27:37 PM de.learnlib.logging.LearnLogger logQuery
INFO: DB CACHE [ε | tlv_request success_request_with_credentials tlv_request /  tlv_success no_reply -]
Nov 25, 2025 3:27:37 PM de.learnlib.logging.LearnLogger logQuery
INFO: DB CACHE [ε | tlv_request success_request_with_credentials challenge_v0 /  tlv_success no_reply -]
Nov 25, 2025 3:27:37 PM de.learnlib.logging.LearnLogger logQuery
INFO: DB CACHE [ε | tlv_request success_request_with_credentials id_request_v0 /  tlv_success no_reply -]
Nov 25, 2025 3:27:37 PM de.learnlib.logging.LearnLogger logQuery
INFO: DB CACHE [ε | tlv_request success_request_all_zeros 4_way_message_1 /  tlv_success no_reply -]
Nov 25, 2025 3:27:37 PM de.learnlib.logging.LearnLogger logQuery
INFO: DB CACHE [ε | tlv_request success_request_all_zeros eap_success /  tlv_success no_reply -]
Nov 25, 2025 3:27:37 PM de.learnlib.logging.LearnLogger logQuery
INFO: DB CACHE [ε | tlv_request success_request_all_zeros cryptobinding /  tlv_success no_reply -]
Nov 25, 2025 3:27:37 PM de.learnlib.logging.LearnLogger logQuery
INFO: DB CACHE [ε | tlv_request success_request_all_zeros success_and_cryptobinding /  tlv_success no_reply -]
Nov 25, 2025 3:27:37 PM de.learnlib.logging.LearnLogger logQuery
INFO: DB CACHE [ε | tlv_request success_request_all_zeros success_request_with_credentials /  tlv_success no_reply -]
Nov 25, 2025 3:27:37 PM de.learnlib.logging.LearnLogger logQuery
INFO: DB CACHE [ε | tlv_request success_request_all_zeros success_request_all_zeros /  tlv_success no_reply -]
Nov 25, 2025 3:27:37 PM de.learnlib.logging.LearnLogger logQuery
INFO: DB CACHE [ε | tlv_request success_request_all_zeros tlv_failure /  tlv_success no_reply -]
Nov 25, 2025 3:27:37 PM de.learnlib.logging.LearnLogger logQuery
INFO: DB CACHE [ε | tlv_request success_request_all_zeros tlv_request /  tlv_success no_reply -]
Nov 25, 2025 3:27:37 PM de.learnlib.logging.LearnLogger logQuery
INFO: DB CACHE [ε | tlv_request success_request_all_zeros challenge_v0 /  tlv_success no_reply -]
Nov 25, 2025 3:27:37 PM de.learnlib.logging.LearnLogger logQuery
INFO: DB CACHE [ε | tlv_request success_request_all_zeros id_request_v0 /  tlv_success no_reply -]
Nov 25, 2025 3:27:37 PM de.learnlib.logging.LearnLogger logQuery
INFO: DB CACHE [ε | tlv_request tlv_failure 4_way_message_1 /  tlv_success tlv_failure -]
Nov 25, 2025 3:27:37 PM de.learnlib.logging.LearnLogger logQuery
INFO: DB CACHE [ε | tlv_request tlv_failure eap_success /  tlv_success tlv_failure -]
Nov 25, 2025 3:27:37 PM de.learnlib.logging.LearnLogger logQuery
INFO: DB CACHE [ε | tlv_request tlv_failure cryptobinding /  tlv_success tlv_failure -]
Nov 25, 2025 3:27:37 PM de.learnlib.logging.LearnLogger logQuery
INFO: DB CACHE [ε | tlv_request tlv_failure success_and_cryptobinding /  tlv_success tlv_failure -]
Nov 25, 2025 3:27:37 PM de.learnlib.logging.LearnLogger logQuery
INFO: DB CACHE [ε | tlv_request tlv_failure success_request_with_credentials /  tlv_success tlv_failure -]
Nov 25, 2025 3:27:37 PM de.learnlib.logging.LearnLogger logQuery
INFO: DB CACHE [ε | tlv_request tlv_failure success_request_all_zeros /  tlv_success tlv_failure -]
Nov 25, 2025 3:27:37 PM de.learnlib.logging.LearnLogger logQuery
INFO: DB CACHE [ε | tlv_request tlv_failure tlv_failure /  tlv_success tlv_failure -]
Nov 25, 2025 3:27:37 PM de.learnlib.logging.LearnLogger logQuery
INFO: DB CACHE [ε | tlv_request tlv_failure tlv_request /  tlv_success tlv_failure -]
Nov 25, 2025 3:27:37 PM de.learnlib.logging.LearnLogger logQuery
INFO: DB CACHE [ε | tlv_request tlv_failure challenge_v0 /  tlv_success tlv_failure -]
Nov 25, 2025 3:27:37 PM de.learnlib.logging.LearnLogger logQuery
INFO: DB CACHE [ε | tlv_request tlv_failure id_request_v0 /  tlv_success tlv_failure -]
Nov 25, 2025 3:27:38 PM de.learnlib.logging.LearnLogger logQuery
INFO: [ε | tlv_request tlv_request 4_way_message_1 / ε | tlv_success tlv_success 4_way_message_2]
Nov 25, 2025 3:27:41 PM de.learnlib.logging.LearnLogger logQuery
INFO: [ε | tlv_request tlv_request eap_success / ε | tlv_success tlv_success after_eap_success]
Nov 25, 2025 3:27:43 PM de.learnlib.logging.LearnLogger logQuery
INFO: [ε | tlv_request tlv_request cryptobinding / ε | tlv_success tlv_success no_reply]
Nov 25, 2025 3:27:44 PM de.learnlib.logging.LearnLogger logQuery
INFO: [ε | tlv_request tlv_request success_and_cryptobinding / ε | tlv_success tlv_success tlv_success]
Nov 25, 2025 3:27:46 PM de.learnlib.logging.LearnLogger logQuery
INFO: [ε | tlv_request tlv_request success_request_with_credentials / ε | tlv_success tlv_success no_reply]
Nov 25, 2025 3:27:49 PM de.learnlib.logging.LearnLogger logQuery
INFO: [ε | tlv_request tlv_request success_request_all_zeros / ε | tlv_success tlv_success no_reply]
Nov 25, 2025 3:27:51 PM de.learnlib.logging.LearnLogger logQuery
INFO: [ε | tlv_request tlv_request tlv_failure / ε | tlv_success tlv_success tlv_failure]
Nov 25, 2025 3:27:53 PM de.learnlib.logging.LearnLogger logQuery
INFO: [ε | tlv_request tlv_request tlv_request / ε | tlv_success tlv_success tlv_success]
Nov 25, 2025 3:27:54 PM de.learnlib.logging.LearnLogger logQuery
INFO: [ε | tlv_request tlv_request challenge_v0 / ε | tlv_success tlv_success challenge_response_v0]
Nov 25, 2025 3:27:56 PM de.learnlib.logging.LearnLogger logQuery
INFO: [ε | tlv_request tlv_request id_request_v0 / ε | tlv_success tlv_success id_response_v0]
Nov 25, 2025 3:27:58 PM de.learnlib.logging.LearnLogger logQuery
INFO: [ε | tlv_request challenge_v0 4_way_message_1 / ε | tlv_success challenge_response_v0 4_way_message_2]
Nov 25, 2025 3:28:00 PM de.learnlib.logging.LearnLogger logQuery
INFO: [ε | tlv_request challenge_v0 eap_success / ε | tlv_success challenge_response_v0 after_eap_success]
Nov 25, 2025 3:28:02 PM de.learnlib.logging.LearnLogger logQuery
INFO: [ε | tlv_request challenge_v0 cryptobinding / ε | tlv_success challenge_response_v0 no_reply]
Nov 25, 2025 3:28:04 PM de.learnlib.logging.LearnLogger logQuery
INFO: [ε | tlv_request challenge_v0 success_and_cryptobinding / ε | tlv_success challenge_response_v0 tlv_success]
Nov 25, 2025 3:28:06 PM de.learnlib.logging.LearnLogger logQuery
INFO: [ε | tlv_request challenge_v0 success_request_with_credentials / ε | tlv_success challenge_response_v0 success_response_v0]
Nov 25, 2025 3:28:08 PM de.learnlib.logging.LearnLogger logQuery
INFO: [ε | tlv_request challenge_v0 success_request_all_zeros / ε | tlv_success challenge_response_v0 no_reply]
Nov 25, 2025 3:28:10 PM de.learnlib.logging.LearnLogger logQuery
INFO: [ε | tlv_request challenge_v0 tlv_failure / ε | tlv_success challenge_response_v0 tlv_failure]
Nov 25, 2025 3:28:12 PM de.learnlib.logging.LearnLogger logQuery
INFO: [ε | tlv_request challenge_v0 tlv_request / ε | tlv_success challenge_response_v0 tlv_success]
Nov 25, 2025 3:28:13 PM de.learnlib.logging.LearnLogger logQuery
INFO: [ε | tlv_request challenge_v0 challenge_v0 / ε | tlv_success challenge_response_v0 challenge_response_v0]
Nov 25, 2025 3:28:15 PM de.learnlib.logging.LearnLogger logQuery
INFO: [ε | tlv_request challenge_v0 id_request_v0 / ε | tlv_success challenge_response_v0 id_response_v0]
Nov 25, 2025 3:28:17 PM de.learnlib.logging.LearnLogger logQuery
INFO: [ε | tlv_request id_request_v0 4_way_message_1 / ε | tlv_success id_response_v0 4_way_message_2]
Nov 25, 2025 3:28:19 PM de.learnlib.logging.LearnLogger logQuery
INFO: [ε | tlv_request id_request_v0 eap_success / ε | tlv_success id_response_v0 after_eap_success]
Nov 25, 2025 3:28:21 PM de.learnlib.logging.LearnLogger logQuery
INFO: [ε | tlv_request id_request_v0 cryptobinding / ε | tlv_success id_response_v0 no_reply]
Nov 25, 2025 3:28:23 PM de.learnlib.logging.LearnLogger logQuery
INFO: [ε | tlv_request id_request_v0 success_and_cryptobinding / ε | tlv_success id_response_v0 tlv_success]
Nov 25, 2025 3:28:25 PM de.learnlib.logging.LearnLogger logQuery
INFO: [ε | tlv_request id_request_v0 success_request_with_credentials / ε | tlv_success id_response_v0 no_reply]
Nov 25, 2025 3:28:28 PM de.learnlib.logging.LearnLogger logQuery
INFO: [ε | tlv_request id_request_v0 success_request_all_zeros / ε | tlv_success id_response_v0 no_reply]
Nov 25, 2025 3:28:30 PM de.learnlib.logging.LearnLogger logQuery
INFO: [ε | tlv_request id_request_v0 tlv_failure / ε | tlv_success id_response_v0 tlv_failure]
Nov 25, 2025 3:28:31 PM de.learnlib.logging.LearnLogger logQuery
INFO: [ε | tlv_request id_request_v0 tlv_request / ε | tlv_success id_response_v0 tlv_success]
Nov 25, 2025 3:28:33 PM de.learnlib.logging.LearnLogger logQuery
INFO: [ε | tlv_request id_request_v0 challenge_v0 / ε | tlv_success id_response_v0 challenge_response_v0]
Nov 25, 2025 3:28:35 PM de.learnlib.logging.LearnLogger logQuery
INFO: [ε | tlv_request id_request_v0 id_request_v0 / ε | tlv_success id_response_v0 id_response_v0]
Nov 25, 2025 3:28:35 PM de.learnlib.logging.LearnLogger logQuery
INFO: DB CACHE [ε | challenge_v0 4_way_message_1 4_way_message_1 /  challenge_response_v0 no_reply -]
Nov 25, 2025 3:28:35 PM de.learnlib.logging.LearnLogger logQuery
INFO: DB CACHE [ε | challenge_v0 4_way_message_1 eap_success /  challenge_response_v0 no_reply -]
Nov 25, 2025 3:28:35 PM de.learnlib.logging.LearnLogger logQuery
INFO: DB CACHE [ε | challenge_v0 4_way_message_1 cryptobinding /  challenge_response_v0 no_reply -]
Nov 25, 2025 3:28:35 PM de.learnlib.logging.LearnLogger logQuery
INFO: DB CACHE [ε | challenge_v0 4_way_message_1 success_and_cryptobinding /  challenge_response_v0 no_reply -]
Nov 25, 2025 3:28:35 PM de.learnlib.logging.LearnLogger logQuery
INFO: DB CACHE [ε | challenge_v0 4_way_message_1 success_request_with_credentials /  challenge_response_v0 no_reply -]
Nov 25, 2025 3:28:35 PM de.learnlib.logging.LearnLogger logQuery
INFO: DB CACHE [ε | challenge_v0 4_way_message_1 success_request_all_zeros /  challenge_response_v0 no_reply -]
Nov 25, 2025 3:28:35 PM de.learnlib.logging.LearnLogger logQuery
INFO: DB CACHE [ε | challenge_v0 4_way_message_1 tlv_failure /  challenge_response_v0 no_reply -]
Nov 25, 2025 3:28:35 PM de.learnlib.logging.LearnLogger logQuery
INFO: DB CACHE [ε | challenge_v0 4_way_message_1 tlv_request /  challenge_response_v0 no_reply -]
Nov 25, 2025 3:28:35 PM de.learnlib.logging.LearnLogger logQuery
INFO: DB CACHE [ε | challenge_v0 4_way_message_1 challenge_v0 /  challenge_response_v0 no_reply -]
Nov 25, 2025 3:28:35 PM de.learnlib.logging.LearnLogger logQuery
INFO: DB CACHE [ε | challenge_v0 4_way_message_1 id_request_v0 /  challenge_response_v0 no_reply -]
Nov 25, 2025 3:28:38 PM de.learnlib.logging.LearnLogger logQuery
INFO: [ε | challenge_v0 eap_success 4_way_message_1 / ε | challenge_response_v0 after_eap_success no_reply]
Nov 25, 2025 3:28:41 PM de.learnlib.logging.LearnLogger logQuery
INFO: [ε | challenge_v0 eap_success eap_success / ε | challenge_response_v0 after_eap_success after_eap_success]
Nov 25, 2025 3:28:43 PM de.learnlib.logging.LearnLogger logQuery
INFO: [ε | challenge_v0 eap_success cryptobinding / ε | challenge_response_v0 after_eap_success no_reply]
Nov 25, 2025 3:28:46 PM de.learnlib.logging.LearnLogger logQuery
INFO: [ε | challenge_v0 eap_success success_and_cryptobinding / ε | challenge_response_v0 after_eap_success no_reply]
Nov 25, 2025 3:28:49 PM de.learnlib.logging.LearnLogger logQuery
INFO: [ε | challenge_v0 eap_success success_request_with_credentials / ε | challenge_response_v0 after_eap_success no_reply]
Nov 25, 2025 3:28:52 PM de.learnlib.logging.LearnLogger logQuery
INFO: [ε | challenge_v0 eap_success success_request_all_zeros / ε | challenge_response_v0 after_eap_success no_reply]
Nov 25, 2025 3:28:55 PM de.learnlib.logging.LearnLogger logQuery
INFO: [ε | challenge_v0 eap_success tlv_failure / ε | challenge_response_v0 after_eap_success no_reply]
Nov 25, 2025 3:28:58 PM de.learnlib.logging.LearnLogger logQuery
INFO: [ε | challenge_v0 eap_success tlv_request / ε | challenge_response_v0 after_eap_success no_reply]
Nov 25, 2025 3:29:01 PM de.learnlib.logging.LearnLogger logQuery
INFO: [ε | challenge_v0 eap_success challenge_v0 / ε | challenge_response_v0 after_eap_success no_reply]
Nov 25, 2025 3:29:04 PM de.learnlib.logging.LearnLogger logQuery
INFO: [ε | challenge_v0 eap_success id_request_v0 / ε | challenge_response_v0 after_eap_success no_reply]
Nov 25, 2025 3:29:04 PM de.learnlib.logging.LearnLogger logQuery
INFO: DB CACHE [ε | challenge_v0 cryptobinding 4_way_message_1 /  challenge_response_v0 no_reply -]
Nov 25, 2025 3:29:04 PM de.learnlib.logging.LearnLogger logQuery
INFO: DB CACHE [ε | challenge_v0 cryptobinding eap_success /  challenge_response_v0 no_reply -]
Nov 25, 2025 3:29:04 PM de.learnlib.logging.LearnLogger logQuery
INFO: DB CACHE [ε | challenge_v0 cryptobinding cryptobinding /  challenge_response_v0 no_reply -]
Nov 25, 2025 3:29:04 PM de.learnlib.logging.LearnLogger logQuery
INFO: DB CACHE [ε | challenge_v0 cryptobinding success_and_cryptobinding /  challenge_response_v0 no_reply -]
Nov 25, 2025 3:29:04 PM de.learnlib.logging.LearnLogger logQuery
INFO: DB CACHE [ε | challenge_v0 cryptobinding success_request_with_credentials /  challenge_response_v0 no_reply -]
Nov 25, 2025 3:29:04 PM de.learnlib.logging.LearnLogger logQuery
INFO: DB CACHE [ε | challenge_v0 cryptobinding success_request_all_zeros /  challenge_response_v0 no_reply -]
Nov 25, 2025 3:29:04 PM de.learnlib.logging.LearnLogger logQuery
INFO: DB CACHE [ε | challenge_v0 cryptobinding tlv_failure /  challenge_response_v0 no_reply -]
Nov 25, 2025 3:29:04 PM de.learnlib.logging.LearnLogger logQuery
INFO: DB CACHE [ε | challenge_v0 cryptobinding tlv_request /  challenge_response_v0 no_reply -]
Nov 25, 2025 3:29:04 PM de.learnlib.logging.LearnLogger logQuery
INFO: DB CACHE [ε | challenge_v0 cryptobinding challenge_v0 /  challenge_response_v0 no_reply -]
Nov 25, 2025 3:29:04 PM de.learnlib.logging.LearnLogger logQuery
INFO: DB CACHE [ε | challenge_v0 cryptobinding id_request_v0 /  challenge_response_v0 no_reply -]
Nov 25, 2025 3:29:05 PM de.learnlib.logging.LearnLogger logQuery
INFO: [ε | challenge_v0 success_and_cryptobinding 4_way_message_1 / ε | challenge_response_v0 tlv_success 4_way_message_2]
Nov 25, 2025 3:29:08 PM de.learnlib.logging.LearnLogger logQuery
INFO: [ε | challenge_v0 success_and_cryptobinding eap_success / ε | challenge_response_v0 tlv_success after_eap_success]
Nov 25, 2025 3:29:10 PM de.learnlib.logging.LearnLogger logQuery
INFO: [ε | challenge_v0 success_and_cryptobinding cryptobinding / ε | challenge_response_v0 tlv_success no_reply]
Nov 25, 2025 3:29:12 PM de.learnlib.logging.LearnLogger logQuery
INFO: [ε | challenge_v0 success_and_cryptobinding success_and_cryptobinding / ε | challenge_response_v0 tlv_success tlv_success]
Nov 25, 2025 3:29:13 PM de.learnlib.logging.LearnLogger logQuery
INFO: [ε | challenge_v0 success_and_cryptobinding success_request_with_credentials / ε | challenge_response_v0 tlv_success success_response_v0]
Nov 25, 2025 3:29:15 PM de.learnlib.logging.LearnLogger logQuery
INFO: [ε | challenge_v0 success_and_cryptobinding success_request_all_zeros / ε | challenge_response_v0 tlv_success no_reply]
Nov 25, 2025 3:29:17 PM de.learnlib.logging.LearnLogger logQuery
INFO: [ε | challenge_v0 success_and_cryptobinding tlv_failure / ε | challenge_response_v0 tlv_success tlv_failure]
Nov 25, 2025 3:29:19 PM de.learnlib.logging.LearnLogger logQuery
INFO: [ε | challenge_v0 success_and_cryptobinding tlv_request / ε | challenge_response_v0 tlv_success tlv_success]
Nov 25, 2025 3:29:21 PM de.learnlib.logging.LearnLogger logQuery
INFO: [ε | challenge_v0 success_and_cryptobinding challenge_v0 / ε | challenge_response_v0 tlv_success challenge_response_v0]
Nov 25, 2025 3:29:22 PM de.learnlib.logging.LearnLogger logQuery
INFO: [ε | challenge_v0 success_and_cryptobinding id_request_v0 / ε | challenge_response_v0 tlv_success id_response_v0]
Nov 25, 2025 3:29:24 PM de.learnlib.logging.LearnLogger logQuery
INFO: [ε | challenge_v0 success_request_with_credentials 4_way_message_1 / ε | challenge_response_v0 success_response_v0 4_way_message_2]
Nov 25, 2025 3:29:27 PM de.learnlib.logging.LearnLogger logQuery
INFO: [ε | challenge_v0 success_request_with_credentials eap_success / ε | challenge_response_v0 success_response_v0 after_eap_success]
Nov 25, 2025 3:29:29 PM de.learnlib.logging.LearnLogger logQuery
INFO: [ε | challenge_v0 success_request_with_credentials cryptobinding / ε | challenge_response_v0 success_response_v0 no_reply]
Nov 25, 2025 3:29:31 PM de.learnlib.logging.LearnLogger logQuery
INFO: [ε | challenge_v0 success_request_with_credentials success_and_cryptobinding / ε | challenge_response_v0 success_response_v0 tlv_success]
Nov 25, 2025 3:29:32 PM de.learnlib.logging.LearnLogger logQuery
INFO: [ε | challenge_v0 success_request_with_credentials success_request_with_credentials / ε | challenge_response_v0 success_response_v0 success_response_v0]
Nov 25, 2025 3:29:35 PM de.learnlib.logging.LearnLogger logQuery
INFO: [ε | challenge_v0 success_request_with_credentials success_request_all_zeros / ε | challenge_response_v0 success_response_v0 no_reply]
Nov 25, 2025 3:29:36 PM de.learnlib.logging.LearnLogger logQuery
INFO: [ε | challenge_v0 success_request_with_credentials tlv_failure / ε | challenge_response_v0 success_response_v0 tlv_failure]
Nov 25, 2025 3:29:38 PM de.learnlib.logging.LearnLogger logQuery
INFO: [ε | challenge_v0 success_request_with_credentials tlv_request / ε | challenge_response_v0 success_response_v0 tlv_success]
Nov 25, 2025 3:29:40 PM de.learnlib.logging.LearnLogger logQuery
INFO: [ε | challenge_v0 success_request_with_credentials challenge_v0 / ε | challenge_response_v0 success_response_v0 challenge_response_v0]
Nov 25, 2025 3:29:41 PM de.learnlib.logging.LearnLogger logQuery
INFO: [ε | challenge_v0 success_request_with_credentials id_request_v0 / ε | challenge_response_v0 success_response_v0 id_response_v0]
Nov 25, 2025 3:29:42 PM de.learnlib.logging.LearnLogger logQuery
INFO: DB CACHE [ε | challenge_v0 success_request_all_zeros 4_way_message_1 /  challenge_response_v0 no_reply -]
Nov 25, 2025 3:29:42 PM de.learnlib.logging.LearnLogger logQuery
INFO: DB CACHE [ε | challenge_v0 success_request_all_zeros eap_success /  challenge_response_v0 no_reply -]
Nov 25, 2025 3:29:42 PM de.learnlib.logging.LearnLogger logQuery
INFO: DB CACHE [ε | challenge_v0 success_request_all_zeros cryptobinding /  challenge_response_v0 no_reply -]
Nov 25, 2025 3:29:42 PM de.learnlib.logging.LearnLogger logQuery
INFO: DB CACHE [ε | challenge_v0 success_request_all_zeros success_and_cryptobinding /  challenge_response_v0 no_reply -]
Nov 25, 2025 3:29:42 PM de.learnlib.logging.LearnLogger logQuery
INFO: DB CACHE [ε | challenge_v0 success_request_all_zeros success_request_with_credentials /  challenge_response_v0 no_reply -]
Nov 25, 2025 3:29:42 PM de.learnlib.logging.LearnLogger logQuery
INFO: DB CACHE [ε | challenge_v0 success_request_all_zeros success_request_all_zeros /  challenge_response_v0 no_reply -]
Nov 25, 2025 3:29:42 PM de.learnlib.logging.LearnLogger logQuery
INFO: DB CACHE [ε | challenge_v0 success_request_all_zeros tlv_failure /  challenge_response_v0 no_reply -]
Nov 25, 2025 3:29:42 PM de.learnlib.logging.LearnLogger logQuery
INFO: DB CACHE [ε | challenge_v0 success_request_all_zeros tlv_request /  challenge_response_v0 no_reply -]
Nov 25, 2025 3:29:42 PM de.learnlib.logging.LearnLogger logQuery
INFO: DB CACHE [ε | challenge_v0 success_request_all_zeros challenge_v0 /  challenge_response_v0 no_reply -]
Nov 25, 2025 3:29:42 PM de.learnlib.logging.LearnLogger logQuery
INFO: DB CACHE [ε | challenge_v0 success_request_all_zeros id_request_v0 /  challenge_response_v0 no_reply -]
Nov 25, 2025 3:29:42 PM de.learnlib.logging.LearnLogger logQuery
INFO: DB CACHE [ε | challenge_v0 tlv_failure 4_way_message_1 /  challenge_response_v0 tlv_failure -]
Nov 25, 2025 3:29:42 PM de.learnlib.logging.LearnLogger logQuery
INFO: DB CACHE [ε | challenge_v0 tlv_failure eap_success /  challenge_response_v0 tlv_failure -]
Nov 25, 2025 3:29:42 PM de.learnlib.logging.LearnLogger logQuery
INFO: DB CACHE [ε | challenge_v0 tlv_failure cryptobinding /  challenge_response_v0 tlv_failure -]
Nov 25, 2025 3:29:42 PM de.learnlib.logging.LearnLogger logQuery
INFO: DB CACHE [ε | challenge_v0 tlv_failure success_and_cryptobinding /  challenge_response_v0 tlv_failure -]
Nov 25, 2025 3:29:42 PM de.learnlib.logging.LearnLogger logQuery
INFO: DB CACHE [ε | challenge_v0 tlv_failure success_request_with_credentials /  challenge_response_v0 tlv_failure -]
Nov 25, 2025 3:29:42 PM de.learnlib.logging.LearnLogger logQuery
INFO: DB CACHE [ε | challenge_v0 tlv_failure success_request_all_zeros /  challenge_response_v0 tlv_failure -]
Nov 25, 2025 3:29:42 PM de.learnlib.logging.LearnLogger logQuery
INFO: DB CACHE [ε | challenge_v0 tlv_failure tlv_failure /  challenge_response_v0 tlv_failure -]
Nov 25, 2025 3:29:42 PM de.learnlib.logging.LearnLogger logQuery
INFO: DB CACHE [ε | challenge_v0 tlv_failure tlv_request /  challenge_response_v0 tlv_failure -]
Nov 25, 2025 3:29:42 PM de.learnlib.logging.LearnLogger logQuery
INFO: DB CACHE [ε | challenge_v0 tlv_failure challenge_v0 /  challenge_response_v0 tlv_failure -]
Nov 25, 2025 3:29:42 PM de.learnlib.logging.LearnLogger logQuery
INFO: DB CACHE [ε | challenge_v0 tlv_failure id_request_v0 /  challenge_response_v0 tlv_failure -]
Nov 25, 2025 3:29:43 PM de.learnlib.logging.LearnLogger logQuery
INFO: [ε | challenge_v0 tlv_request 4_way_message_1 / ε | challenge_response_v0 tlv_success 4_way_message_2]
Nov 25, 2025 3:29:46 PM de.learnlib.logging.LearnLogger logQuery
INFO: [ε | challenge_v0 tlv_request eap_success / ε | challenge_response_v0 tlv_success after_eap_success]
Nov 25, 2025 3:29:48 PM de.learnlib.logging.LearnLogger logQuery
INFO: [ε | challenge_v0 tlv_request cryptobinding / ε | challenge_response_v0 tlv_success no_reply]
Nov 25, 2025 3:29:50 PM de.learnlib.logging.LearnLogger logQuery
INFO: [ε | challenge_v0 tlv_request success_and_cryptobinding / ε | challenge_response_v0 tlv_success tlv_success]
Nov 25, 2025 3:29:51 PM de.learnlib.logging.LearnLogger logQuery
INFO: [ε | challenge_v0 tlv_request success_request_with_credentials / ε | challenge_response_v0 tlv_success success_response_v0]
Nov 25, 2025 3:29:53 PM de.learnlib.logging.LearnLogger logQuery
INFO: [ε | challenge_v0 tlv_request success_request_all_zeros / ε | challenge_response_v0 tlv_success no_reply]
Nov 25, 2025 3:29:55 PM de.learnlib.logging.LearnLogger logQuery
INFO: [ε | challenge_v0 tlv_request tlv_failure / ε | challenge_response_v0 tlv_success tlv_failure]
Nov 25, 2025 3:29:57 PM de.learnlib.logging.LearnLogger logQuery
INFO: [ε | challenge_v0 tlv_request tlv_request / ε | challenge_response_v0 tlv_success tlv_success]
Nov 25, 2025 3:29:59 PM de.learnlib.logging.LearnLogger logQuery
INFO: [ε | challenge_v0 tlv_request challenge_v0 / ε | challenge_response_v0 tlv_success challenge_response_v0]
Nov 25, 2025 3:30:00 PM de.learnlib.logging.LearnLogger logQuery
INFO: [ε | challenge_v0 tlv_request id_request_v0 / ε | challenge_response_v0 tlv_success id_response_v0]
Nov 25, 2025 3:30:03 PM de.learnlib.logging.LearnLogger logQuery
INFO: [ε | challenge_v0 challenge_v0 4_way_message_1 / ε | challenge_response_v0 challenge_response_v0 no_reply]
Nov 25, 2025 3:30:05 PM de.learnlib.logging.LearnLogger logQuery
INFO: [ε | challenge_v0 challenge_v0 eap_success / ε | challenge_response_v0 challenge_response_v0 after_eap_success]
Nov 25, 2025 3:30:07 PM de.learnlib.logging.LearnLogger logQuery
INFO: [ε | challenge_v0 challenge_v0 cryptobinding / ε | challenge_response_v0 challenge_response_v0 no_reply]
Nov 25, 2025 3:30:09 PM de.learnlib.logging.LearnLogger logQuery
INFO: [ε | challenge_v0 challenge_v0 success_and_cryptobinding / ε | challenge_response_v0 challenge_response_v0 tlv_success]
Nov 25, 2025 3:30:11 PM de.learnlib.logging.LearnLogger logQuery
INFO: [ε | challenge_v0 challenge_v0 success_request_with_credentials / ε | challenge_response_v0 challenge_response_v0 success_response_v0]
Nov 25, 2025 3:30:13 PM de.learnlib.logging.LearnLogger logQuery
INFO: [ε | challenge_v0 challenge_v0 success_request_all_zeros / ε | challenge_response_v0 challenge_response_v0 no_reply]
Nov 25, 2025 3:30:15 PM de.learnlib.logging.LearnLogger logQuery
INFO: [ε | challenge_v0 challenge_v0 tlv_failure / ε | challenge_response_v0 challenge_response_v0 tlv_failure]
Nov 25, 2025 3:30:16 PM de.learnlib.logging.LearnLogger logQuery
INFO: [ε | challenge_v0 challenge_v0 tlv_request / ε | challenge_response_v0 challenge_response_v0 tlv_success]
Nov 25, 2025 3:30:18 PM de.learnlib.logging.LearnLogger logQuery
INFO: [ε | challenge_v0 challenge_v0 challenge_v0 / ε | challenge_response_v0 challenge_response_v0 challenge_response_v0]
Nov 25, 2025 3:30:20 PM de.learnlib.logging.LearnLogger logQuery
INFO: [ε | challenge_v0 challenge_v0 id_request_v0 / ε | challenge_response_v0 challenge_response_v0 id_response_v0]
Nov 25, 2025 3:30:22 PM de.learnlib.logging.LearnLogger logQuery
INFO: [ε | challenge_v0 id_request_v0 4_way_message_1 / ε | challenge_response_v0 id_response_v0 no_reply]
Nov 25, 2025 3:30:24 PM de.learnlib.logging.LearnLogger logQuery
INFO: [ε | challenge_v0 id_request_v0 eap_success / ε | challenge_response_v0 id_response_v0 after_eap_success]
Nov 25, 2025 3:30:26 PM de.learnlib.logging.LearnLogger logQuery
INFO: [ε | challenge_v0 id_request_v0 cryptobinding / ε | challenge_response_v0 id_response_v0 no_reply]
Nov 25, 2025 3:30:28 PM de.learnlib.logging.LearnLogger logQuery
INFO: [ε | challenge_v0 id_request_v0 success_and_cryptobinding / ε | challenge_response_v0 id_response_v0 tlv_success]
Nov 25, 2025 3:30:30 PM de.learnlib.logging.LearnLogger logQuery
INFO: [ε | challenge_v0 id_request_v0 success_request_with_credentials / ε | challenge_response_v0 id_response_v0 success_response_v0]
Nov 25, 2025 3:30:32 PM de.learnlib.logging.LearnLogger logQuery
INFO: [ε | challenge_v0 id_request_v0 success_request_all_zeros / ε | challenge_response_v0 id_response_v0 no_reply]
Nov 25, 2025 3:30:34 PM de.learnlib.logging.LearnLogger logQuery
INFO: [ε | challenge_v0 id_request_v0 tlv_failure / ε | challenge_response_v0 id_response_v0 tlv_failure]
Nov 25, 2025 3:30:36 PM de.learnlib.logging.LearnLogger logQuery
INFO: [ε | challenge_v0 id_request_v0 tlv_request / ε | challenge_response_v0 id_response_v0 tlv_success]
Nov 25, 2025 3:30:37 PM de.learnlib.logging.LearnLogger logQuery
INFO: [ε | challenge_v0 id_request_v0 challenge_v0 / ε | challenge_response_v0 id_response_v0 challenge_response_v0]
Nov 25, 2025 3:30:39 PM de.learnlib.logging.LearnLogger logQuery
INFO: [ε | challenge_v0 id_request_v0 id_request_v0 / ε | challenge_response_v0 id_response_v0 id_response_v0]
Nov 25, 2025 3:30:39 PM de.learnlib.logging.LearnLogger logQuery
INFO: DB CACHE [ε | challenge_v0 tlv_request 4_way_message_1 4_way_message_1 /  challenge_response_v0 tlv_success 4_way_message_2 -]
Nov 25, 2025 3:30:39 PM de.learnlib.logging.LearnLogger logQuery
INFO: DB CACHE [ε | challenge_v0 tlv_request 4_way_message_1 eap_success /  challenge_response_v0 tlv_success 4_way_message_2 -]
Nov 25, 2025 3:30:39 PM de.learnlib.logging.LearnLogger logQuery
INFO: DB CACHE [ε | challenge_v0 tlv_request 4_way_message_1 cryptobinding /  challenge_response_v0 tlv_success 4_way_message_2 -]
Nov 25, 2025 3:30:39 PM de.learnlib.logging.LearnLogger logQuery
INFO: DB CACHE [ε | challenge_v0 tlv_request 4_way_message_1 success_and_cryptobinding /  challenge_response_v0 tlv_success 4_way_message_2 -]
Nov 25, 2025 3:30:39 PM de.learnlib.logging.LearnLogger logQuery
INFO: DB CACHE [ε | challenge_v0 tlv_request 4_way_message_1 success_request_with_credentials /  challenge_response_v0 tlv_success 4_way_message_2 -]
Nov 25, 2025 3:30:39 PM de.learnlib.logging.LearnLogger logQuery
INFO: DB CACHE [ε | challenge_v0 tlv_request 4_way_message_1 success_request_all_zeros /  challenge_response_v0 tlv_success 4_way_message_2 -]
Nov 25, 2025 3:30:39 PM de.learnlib.logging.LearnLogger logQuery
INFO: DB CACHE [ε | challenge_v0 tlv_request 4_way_message_1 tlv_failure /  challenge_response_v0 tlv_success 4_way_message_2 -]
Nov 25, 2025 3:30:39 PM de.learnlib.logging.LearnLogger logQuery
INFO: DB CACHE [ε | challenge_v0 tlv_request 4_way_message_1 tlv_request /  challenge_response_v0 tlv_success 4_way_message_2 -]
Nov 25, 2025 3:30:39 PM de.learnlib.logging.LearnLogger logQuery
INFO: DB CACHE [ε | challenge_v0 tlv_request 4_way_message_1 challenge_v0 /  challenge_response_v0 tlv_success 4_way_message_2 -]
Nov 25, 2025 3:30:39 PM de.learnlib.logging.LearnLogger logQuery
INFO: DB CACHE [ε | challenge_v0 tlv_request 4_way_message_1 id_request_v0 /  challenge_response_v0 tlv_success 4_way_message_2 -]
Nov 25, 2025 3:30:41 PM de.learnlib.logging.LearnLogger logQuery
INFO: [ε | challenge_v0 tlv_request eap_success 4_way_message_1 / ε | challenge_response_v0 tlv_success after_eap_success 4_way_message_2]
Nov 25, 2025 3:30:44 PM de.learnlib.logging.LearnLogger logQuery
INFO: [ε | challenge_v0 tlv_request eap_success eap_success / ε | challenge_response_v0 tlv_success after_eap_success after_eap_success]
Nov 25, 2025 3:30:47 PM de.learnlib.logging.LearnLogger logQuery
INFO: [ε | challenge_v0 tlv_request eap_success cryptobinding / ε | challenge_response_v0 tlv_success after_eap_success no_reply]
Nov 25, 2025 3:30:49 PM de.learnlib.logging.LearnLogger logQuery
INFO: [ε | challenge_v0 tlv_request eap_success success_and_cryptobinding / ε | challenge_response_v0 tlv_success after_eap_success tlv_success]
Nov 25, 2025 3:30:51 PM de.learnlib.logging.LearnLogger logQuery
INFO: [ε | challenge_v0 tlv_request eap_success success_request_with_credentials / ε | challenge_response_v0 tlv_success after_eap_success success_response_v0]
Nov 25, 2025 3:30:54 PM de.learnlib.logging.LearnLogger logQuery
INFO: [ε | challenge_v0 tlv_request eap_success success_request_all_zeros / ε | challenge_response_v0 tlv_success after_eap_success no_reply]
Nov 25, 2025 3:30:56 PM de.learnlib.logging.LearnLogger logQuery
INFO: [ε | challenge_v0 tlv_request eap_success tlv_failure / ε | challenge_response_v0 tlv_success after_eap_success tlv_failure]
Nov 25, 2025 3:30:58 PM de.learnlib.logging.LearnLogger logQuery
INFO: [ε | challenge_v0 tlv_request eap_success tlv_request / ε | challenge_response_v0 tlv_success after_eap_success tlv_success]
Nov 25, 2025 3:31:00 PM de.learnlib.logging.LearnLogger logQuery
INFO: [ε | challenge_v0 tlv_request eap_success challenge_v0 / ε | challenge_response_v0 tlv_success after_eap_success challenge_response_v0]
Nov 25, 2025 3:31:02 PM de.learnlib.logging.LearnLogger logQuery
INFO: [ε | challenge_v0 tlv_request eap_success id_request_v0 / ε | challenge_response_v0 tlv_success after_eap_success id_response_v0]
Nov 25, 2025 3:31:02 PM de.learnlib.logging.LearnLogger logQuery
INFO: DB CACHE [ε | challenge_v0 tlv_request cryptobinding 4_way_message_1 /  challenge_response_v0 tlv_success no_reply -]
Nov 25, 2025 3:31:02 PM de.learnlib.logging.LearnLogger logQuery
INFO: DB CACHE [ε | challenge_v0 tlv_request cryptobinding eap_success /  challenge_response_v0 tlv_success no_reply -]
Nov 25, 2025 3:31:02 PM de.learnlib.logging.LearnLogger logQuery
INFO: DB CACHE [ε | challenge_v0 tlv_request cryptobinding cryptobinding /  challenge_response_v0 tlv_success no_reply -]
Nov 25, 2025 3:31:02 PM de.learnlib.logging.LearnLogger logQuery
INFO: DB CACHE [ε | challenge_v0 tlv_request cryptobinding success_and_cryptobinding /  challenge_response_v0 tlv_success no_reply -]
Nov 25, 2025 3:31:02 PM de.learnlib.logging.LearnLogger logQuery
INFO: DB CACHE [ε | challenge_v0 tlv_request cryptobinding success_request_with_credentials /  challenge_response_v0 tlv_success no_reply -]
Nov 25, 2025 3:31:02 PM de.learnlib.logging.LearnLogger logQuery
INFO: DB CACHE [ε | challenge_v0 tlv_request cryptobinding success_request_all_zeros /  challenge_response_v0 tlv_success no_reply -]
Nov 25, 2025 3:31:02 PM de.learnlib.logging.LearnLogger logQuery
INFO: DB CACHE [ε | challenge_v0 tlv_request cryptobinding tlv_failure /  challenge_response_v0 tlv_success no_reply -]
Nov 25, 2025 3:31:02 PM de.learnlib.logging.LearnLogger logQuery
INFO: DB CACHE [ε | challenge_v0 tlv_request cryptobinding tlv_request /  challenge_response_v0 tlv_success no_reply -]
Nov 25, 2025 3:31:02 PM de.learnlib.logging.LearnLogger logQuery
INFO: DB CACHE [ε | challenge_v0 tlv_request cryptobinding challenge_v0 /  challenge_response_v0 tlv_success no_reply -]
Nov 25, 2025 3:31:02 PM de.learnlib.logging.LearnLogger logQuery
INFO: DB CACHE [ε | challenge_v0 tlv_request cryptobinding id_request_v0 /  challenge_response_v0 tlv_success no_reply -]
Nov 25, 2025 3:31:04 PM de.learnlib.logging.LearnLogger logQuery
INFO: [ε | challenge_v0 tlv_request success_and_cryptobinding 4_way_message_1 / ε | challenge_response_v0 tlv_success tlv_success 4_way_message_2]
Nov 25, 2025 3:31:07 PM de.learnlib.logging.LearnLogger logQuery
INFO: [ε | challenge_v0 tlv_request success_and_cryptobinding eap_success / ε | challenge_response_v0 tlv_success tlv_success after_eap_success]
Nov 25, 2025 3:31:09 PM de.learnlib.logging.LearnLogger logQuery
INFO: [ε | challenge_v0 tlv_request success_and_cryptobinding cryptobinding / ε | challenge_response_v0 tlv_success tlv_success no_reply]
Nov 25, 2025 3:31:11 PM de.learnlib.logging.LearnLogger logQuery
INFO: [ε | challenge_v0 tlv_request success_and_cryptobinding success_and_cryptobinding / ε | challenge_response_v0 tlv_success tlv_success tlv_success]
Nov 25, 2025 3:31:12 PM de.learnlib.logging.LearnLogger logQuery
INFO: [ε | challenge_v0 tlv_request success_and_cryptobinding success_request_with_credentials / ε | challenge_response_v0 tlv_success tlv_success success_response_v0]
Nov 25, 2025 3:31:14 PM de.learnlib.logging.LearnLogger logQuery
INFO: [ε | challenge_v0 tlv_request success_and_cryptobinding success_request_all_zeros / ε | challenge_response_v0 tlv_success tlv_success no_reply]
Nov 25, 2025 3:31:16 PM de.learnlib.logging.LearnLogger logQuery
INFO: [ε | challenge_v0 tlv_request success_and_cryptobinding tlv_failure / ε | challenge_response_v0 tlv_success tlv_success tlv_failure]
Nov 25, 2025 3:31:18 PM de.learnlib.logging.LearnLogger logQuery
INFO: [ε | challenge_v0 tlv_request success_and_cryptobinding tlv_request / ε | challenge_response_v0 tlv_success tlv_success tlv_success]
Nov 25, 2025 3:31:20 PM de.learnlib.logging.LearnLogger logQuery
INFO: [ε | challenge_v0 tlv_request success_and_cryptobinding challenge_v0 / ε | challenge_response_v0 tlv_success tlv_success challenge_response_v0]
Nov 25, 2025 3:31:22 PM de.learnlib.logging.LearnLogger logQuery
INFO: [ε | challenge_v0 tlv_request success_and_cryptobinding id_request_v0 / ε | challenge_response_v0 tlv_success tlv_success id_response_v0]
Nov 25, 2025 3:31:23 PM de.learnlib.logging.LearnLogger logQuery
INFO: [ε | challenge_v0 tlv_request success_request_with_credentials 4_way_message_1 / ε | challenge_response_v0 tlv_success success_response_v0 4_way_message_2]
Nov 25, 2025 3:31:26 PM de.learnlib.logging.LearnLogger logQuery
INFO: [ε | challenge_v0 tlv_request success_request_with_credentials eap_success / ε | challenge_response_v0 tlv_success success_response_v0 after_eap_success]
Nov 25, 2025 3:31:28 PM de.learnlib.logging.LearnLogger logQuery
INFO: [ε | challenge_v0 tlv_request success_request_with_credentials cryptobinding / ε | challenge_response_v0 tlv_success success_response_v0 no_reply]
Nov 25, 2025 3:31:30 PM de.learnlib.logging.LearnLogger logQuery
INFO: [ε | challenge_v0 tlv_request success_request_with_credentials success_and_cryptobinding / ε | challenge_response_v0 tlv_success success_response_v0 tlv_success]
Nov 25, 2025 3:31:31 PM de.learnlib.logging.LearnLogger logQuery
INFO: [ε | challenge_v0 tlv_request success_request_with_credentials success_request_with_credentials / ε | challenge_response_v0 tlv_success success_response_v0 success_response_v0]
Nov 25, 2025 3:31:34 PM de.learnlib.logging.LearnLogger logQuery
INFO: [ε | challenge_v0 tlv_request success_request_with_credentials success_request_all_zeros / ε | challenge_response_v0 tlv_success success_response_v0 no_reply]
Nov 25, 2025 3:31:35 PM de.learnlib.logging.LearnLogger logQuery
INFO: [ε | challenge_v0 tlv_request success_request_with_credentials tlv_failure / ε | challenge_response_v0 tlv_success success_response_v0 tlv_failure]
Nov 25, 2025 3:31:37 PM de.learnlib.logging.LearnLogger logQuery
INFO: [ε | challenge_v0 tlv_request success_request_with_credentials tlv_request / ε | challenge_response_v0 tlv_success success_response_v0 tlv_success]
Nov 25, 2025 3:31:39 PM de.learnlib.logging.LearnLogger logQuery
INFO: [ε | challenge_v0 tlv_request success_request_with_credentials challenge_v0 / ε | challenge_response_v0 tlv_success success_response_v0 challenge_response_v0]
Nov 25, 2025 3:31:41 PM de.learnlib.logging.LearnLogger logQuery
INFO: [ε | challenge_v0 tlv_request success_request_with_credentials id_request_v0 / ε | challenge_response_v0 tlv_success success_response_v0 id_response_v0]
Nov 25, 2025 3:31:41 PM de.learnlib.logging.LearnLogger logQuery
INFO: DB CACHE [ε | challenge_v0 tlv_request success_request_all_zeros 4_way_message_1 /  challenge_response_v0 tlv_success no_reply -]
Nov 25, 2025 3:31:41 PM de.learnlib.logging.LearnLogger logQuery
INFO: DB CACHE [ε | challenge_v0 tlv_request success_request_all_zeros eap_success /  challenge_response_v0 tlv_success no_reply -]
Nov 25, 2025 3:31:41 PM de.learnlib.logging.LearnLogger logQuery
INFO: DB CACHE [ε | challenge_v0 tlv_request success_request_all_zeros cryptobinding /  challenge_response_v0 tlv_success no_reply -]
Nov 25, 2025 3:31:41 PM de.learnlib.logging.LearnLogger logQuery
INFO: DB CACHE [ε | challenge_v0 tlv_request success_request_all_zeros success_and_cryptobinding /  challenge_response_v0 tlv_success no_reply -]
Nov 25, 2025 3:31:41 PM de.learnlib.logging.LearnLogger logQuery
INFO: DB CACHE [ε | challenge_v0 tlv_request success_request_all_zeros success_request_with_credentials /  challenge_response_v0 tlv_success no_reply -]
Nov 25, 2025 3:31:41 PM de.learnlib.logging.LearnLogger logQuery
INFO: DB CACHE [ε | challenge_v0 tlv_request success_request_all_zeros success_request_all_zeros /  challenge_response_v0 tlv_success no_reply -]
Nov 25, 2025 3:31:41 PM de.learnlib.logging.LearnLogger logQuery
INFO: DB CACHE [ε | challenge_v0 tlv_request success_request_all_zeros tlv_failure /  challenge_response_v0 tlv_success no_reply -]
Nov 25, 2025 3:31:41 PM de.learnlib.logging.LearnLogger logQuery
INFO: DB CACHE [ε | challenge_v0 tlv_request success_request_all_zeros tlv_request /  challenge_response_v0 tlv_success no_reply -]
Nov 25, 2025 3:31:41 PM de.learnlib.logging.LearnLogger logQuery
INFO: DB CACHE [ε | challenge_v0 tlv_request success_request_all_zeros challenge_v0 /  challenge_response_v0 tlv_success no_reply -]
Nov 25, 2025 3:31:41 PM de.learnlib.logging.LearnLogger logQuery
INFO: DB CACHE [ε | challenge_v0 tlv_request success_request_all_zeros id_request_v0 /  challenge_response_v0 tlv_success no_reply -]
Nov 25, 2025 3:31:41 PM de.learnlib.logging.LearnLogger logQuery
INFO: DB CACHE [ε | challenge_v0 tlv_request tlv_failure 4_way_message_1 /  challenge_response_v0 tlv_success tlv_failure -]
Nov 25, 2025 3:31:41 PM de.learnlib.logging.LearnLogger logQuery
INFO: DB CACHE [ε | challenge_v0 tlv_request tlv_failure eap_success /  challenge_response_v0 tlv_success tlv_failure -]
Nov 25, 2025 3:31:41 PM de.learnlib.logging.LearnLogger logQuery
INFO: DB CACHE [ε | challenge_v0 tlv_request tlv_failure cryptobinding /  challenge_response_v0 tlv_success tlv_failure -]
Nov 25, 2025 3:31:41 PM de.learnlib.logging.LearnLogger logQuery
INFO: DB CACHE [ε | challenge_v0 tlv_request tlv_failure success_and_cryptobinding /  challenge_response_v0 tlv_success tlv_failure -]
Nov 25, 2025 3:31:41 PM de.learnlib.logging.LearnLogger logQuery
INFO: DB CACHE [ε | challenge_v0 tlv_request tlv_failure success_request_with_credentials /  challenge_response_v0 tlv_success tlv_failure -]
Nov 25, 2025 3:31:41 PM de.learnlib.logging.LearnLogger logQuery
INFO: DB CACHE [ε | challenge_v0 tlv_request tlv_failure success_request_all_zeros /  challenge_response_v0 tlv_success tlv_failure -]
Nov 25, 2025 3:31:41 PM de.learnlib.logging.LearnLogger logQuery
INFO: DB CACHE [ε | challenge_v0 tlv_request tlv_failure tlv_failure /  challenge_response_v0 tlv_success tlv_failure -]
Nov 25, 2025 3:31:41 PM de.learnlib.logging.LearnLogger logQuery
INFO: DB CACHE [ε | challenge_v0 tlv_request tlv_failure tlv_request /  challenge_response_v0 tlv_success tlv_failure -]
Nov 25, 2025 3:31:41 PM de.learnlib.logging.LearnLogger logQuery
INFO: DB CACHE [ε | challenge_v0 tlv_request tlv_failure challenge_v0 /  challenge_response_v0 tlv_success tlv_failure -]
Nov 25, 2025 3:31:41 PM de.learnlib.logging.LearnLogger logQuery
INFO: DB CACHE [ε | challenge_v0 tlv_request tlv_failure id_request_v0 /  challenge_response_v0 tlv_success tlv_failure -]
Nov 25, 2025 3:31:42 PM de.learnlib.logging.LearnLogger logQuery
INFO: [ε | challenge_v0 tlv_request tlv_request 4_way_message_1 / ε | challenge_response_v0 tlv_success tlv_success 4_way_message_2]
Nov 25, 2025 3:31:45 PM de.learnlib.logging.LearnLogger logQuery
INFO: [ε | challenge_v0 tlv_request tlv_request eap_success / ε | challenge_response_v0 tlv_success tlv_success after_eap_success]
Nov 25, 2025 3:31:47 PM de.learnlib.logging.LearnLogger logQuery
INFO: [ε | challenge_v0 tlv_request tlv_request cryptobinding / ε | challenge_response_v0 tlv_success tlv_success no_reply]
Nov 25, 2025 3:31:49 PM de.learnlib.logging.LearnLogger logQuery
INFO: [ε | challenge_v0 tlv_request tlv_request success_and_cryptobinding / ε | challenge_response_v0 tlv_success tlv_success tlv_success]
Nov 25, 2025 3:31:51 PM de.learnlib.logging.LearnLogger logQuery
INFO: [ε | challenge_v0 tlv_request tlv_request success_request_with_credentials / ε | challenge_response_v0 tlv_success tlv_success success_response_v0]
Nov 25, 2025 3:31:53 PM de.learnlib.logging.LearnLogger logQuery
INFO: [ε | challenge_v0 tlv_request tlv_request success_request_all_zeros / ε | challenge_response_v0 tlv_success tlv_success no_reply]
Nov 25, 2025 3:31:54 PM de.learnlib.logging.LearnLogger logQuery
INFO: [ε | challenge_v0 tlv_request tlv_request tlv_failure / ε | challenge_response_v0 tlv_success tlv_success tlv_failure]
Nov 25, 2025 3:31:56 PM de.learnlib.logging.LearnLogger logQuery
INFO: [ε | challenge_v0 tlv_request tlv_request tlv_request / ε | challenge_response_v0 tlv_success tlv_success tlv_success]
Nov 25, 2025 3:31:58 PM de.learnlib.logging.LearnLogger logQuery
INFO: [ε | challenge_v0 tlv_request tlv_request challenge_v0 / ε | challenge_response_v0 tlv_success tlv_success challenge_response_v0]
Nov 25, 2025 3:32:00 PM de.learnlib.logging.LearnLogger logQuery
INFO: [ε | challenge_v0 tlv_request tlv_request id_request_v0 / ε | challenge_response_v0 tlv_success tlv_success id_response_v0]
Nov 25, 2025 3:32:05 PM de.learnlib.logging.LearnLogger logQuery
INFO: [ε | challenge_v0 tlv_request challenge_v0 4_way_message_1 / ε | challenge_response_v0 tlv_success challenge_response_v0 4_way_message_2]
Nov 25, 2025 3:32:08 PM de.learnlib.logging.LearnLogger logQuery
INFO: [ε | challenge_v0 tlv_request challenge_v0 eap_success / ε | challenge_response_v0 tlv_success challenge_response_v0 after_eap_success]
Nov 25, 2025 3:32:10 PM de.learnlib.logging.LearnLogger logQuery
INFO: [ε | challenge_v0 tlv_request challenge_v0 cryptobinding / ε | challenge_response_v0 tlv_success challenge_response_v0 no_reply]
Nov 25, 2025 3:32:12 PM de.learnlib.logging.LearnLogger logQuery
INFO: [ε | challenge_v0 tlv_request challenge_v0 success_and_cryptobinding / ε | challenge_response_v0 tlv_success challenge_response_v0 tlv_success]
Nov 25, 2025 3:32:14 PM de.learnlib.logging.LearnLogger logQuery
INFO: [ε | challenge_v0 tlv_request challenge_v0 success_request_with_credentials / ε | challenge_response_v0 tlv_success challenge_response_v0 success_response_v0]
Nov 25, 2025 3:32:16 PM de.learnlib.logging.LearnLogger logQuery
INFO: [ε | challenge_v0 tlv_request challenge_v0 success_request_all_zeros / ε | challenge_response_v0 tlv_success challenge_response_v0 no_reply]
Nov 25, 2025 3:32:18 PM de.learnlib.logging.LearnLogger logQuery
INFO: [ε | challenge_v0 tlv_request challenge_v0 tlv_failure / ε | challenge_response_v0 tlv_success challenge_response_v0 tlv_failure]
Nov 25, 2025 3:32:20 PM de.learnlib.logging.LearnLogger logQuery
INFO: [ε | challenge_v0 tlv_request challenge_v0 tlv_request / ε | challenge_response_v0 tlv_success challenge_response_v0 tlv_success]
Nov 25, 2025 3:32:21 PM de.learnlib.logging.LearnLogger logQuery
INFO: [ε | challenge_v0 tlv_request challenge_v0 challenge_v0 / ε | challenge_response_v0 tlv_success challenge_response_v0 challenge_response_v0]
Nov 25, 2025 3:32:23 PM de.learnlib.logging.LearnLogger logQuery
INFO: [ε | challenge_v0 tlv_request challenge_v0 id_request_v0 / ε | challenge_response_v0 tlv_success challenge_response_v0 id_response_v0]
Nov 25, 2025 3:32:25 PM de.learnlib.logging.LearnLogger logQuery
INFO: [ε | challenge_v0 tlv_request id_request_v0 4_way_message_1 / ε | challenge_response_v0 tlv_success id_response_v0 4_way_message_2]
Nov 25, 2025 3:32:27 PM de.learnlib.logging.LearnLogger logQuery
INFO: [ε | challenge_v0 tlv_request id_request_v0 eap_success / ε | challenge_response_v0 tlv_success id_response_v0 after_eap_success]
Nov 25, 2025 3:32:29 PM de.learnlib.logging.LearnLogger logQuery
INFO: [ε | challenge_v0 tlv_request id_request_v0 cryptobinding / ε | challenge_response_v0 tlv_success id_response_v0 no_reply]
Nov 25, 2025 3:32:31 PM de.learnlib.logging.LearnLogger logQuery
INFO: [ε | challenge_v0 tlv_request id_request_v0 success_and_cryptobinding / ε | challenge_response_v0 tlv_success id_response_v0 tlv_success]
Nov 25, 2025 3:32:33 PM de.learnlib.logging.LearnLogger logQuery
INFO: [ε | challenge_v0 tlv_request id_request_v0 success_request_with_credentials / ε | challenge_response_v0 tlv_success id_response_v0 success_response_v0]
Nov 25, 2025 3:32:35 PM de.learnlib.logging.LearnLogger logQuery
INFO: [ε | challenge_v0 tlv_request id_request_v0 success_request_all_zeros / ε | challenge_response_v0 tlv_success id_response_v0 no_reply]
Nov 25, 2025 3:32:37 PM de.learnlib.logging.LearnLogger logQuery
INFO: [ε | challenge_v0 tlv_request id_request_v0 tlv_failure / ε | challenge_response_v0 tlv_success id_response_v0 tlv_failure]
Nov 25, 2025 3:32:38 PM de.learnlib.logging.LearnLogger logQuery
INFO: [ε | challenge_v0 tlv_request id_request_v0 tlv_request / ε | challenge_response_v0 tlv_success id_response_v0 tlv_success]
Nov 25, 2025 3:32:40 PM de.learnlib.logging.LearnLogger logQuery
INFO: [ε | challenge_v0 tlv_request id_request_v0 challenge_v0 / ε | challenge_response_v0 tlv_success id_response_v0 challenge_response_v0]
Nov 25, 2025 3:32:42 PM de.learnlib.logging.LearnLogger logQuery
INFO: [ε | challenge_v0 tlv_request id_request_v0 id_request_v0 / ε | challenge_response_v0 tlv_success id_response_v0 id_response_v0]
