Aug 13, 2025 4:35:02 PM de.learnlib.logging.LearnLogger logQuery
INFO: DB CACHE [ε | id_request_v0 /  id_response_v0]
Aug 13, 2025 4:35:02 PM de.learnlib.logging.LearnLogger logQuery
INFO: DB CACHE [ε | id_request_v0 success_and_cryptobinding /  id_response_v0 tlv_cryptobindingencrypted_alert]
Aug 13, 2025 4:35:02 PM de.learnlib.logging.LearnLogger logQuery
INFO: DB CACHE [ε | id_request_v0 tlv_request /  id_response_v0 tlv_failureencrypted_alert]
Aug 13, 2025 4:35:02 PM de.learnlib.logging.LearnLogger logQuery
INFO: DB CACHE [ε | challenge_v0 /  challenge_response_v0]
Aug 13, 2025 4:35:02 PM de.learnlib.logging.LearnLogger logQuery
INFO: DB CACHE [ε | challenge_v0 success_and_cryptobinding /  challenge_response_v0 no_reply]
Aug 13, 2025 4:35:02 PM de.learnlib.logging.LearnLogger logQuery
INFO: DB CACHE [ε | challenge_v0 tlv_request /  challenge_response_v0 tlv_failureencrypted_alert]
Aug 13, 2025 4:35:02 PM de.learnlib.logging.LearnLogger logQuery
INFO: DB CACHE [ε | tlv_request /  tlv_failureencrypted_alert]
Aug 13, 2025 4:35:02 PM de.learnlib.logging.LearnLogger logQuery
INFO: DB CACHE [ε | tlv_failure /  tlv_failureencrypted_alert]
Aug 13, 2025 4:35:02 PM de.learnlib.logging.LearnLogger logQuery
INFO: DB CACHE [ε | success_request_all_zeros /  encrypted_alert]
Aug 13, 2025 4:35:02 PM de.learnlib.logging.LearnLogger logQuery
INFO: DB CACHE [ε | success_request_with_credentials /  success_response_v0]
Aug 13, 2025 4:35:02 PM de.learnlib.logging.LearnLogger logQuery
INFO: DB CACHE [ε | success_request_with_credentials success_and_cryptobinding /  success_response_v0 no_reply]
Aug 13, 2025 4:35:02 PM de.learnlib.logging.LearnLogger logQuery
INFO: DB CACHE [ε | success_request_with_credentials tlv_request /  success_response_v0 tlv_success]
Aug 13, 2025 4:35:02 PM de.learnlib.logging.LearnLogger logQuery
INFO: DB CACHE [ε | success_and_cryptobinding /  tlv_cryptobindingencrypted_alert]
Aug 13, 2025 4:35:02 PM de.learnlib.logging.LearnLogger logQuery
INFO: DB CACHE [ε | cryptobinding /  tlv_cryptobindingencrypted_alert]
Aug 13, 2025 4:35:02 PM de.learnlib.logging.LearnLogger logQuery
INFO: DB CACHE [ε | eap_success /  after_eap_success]
Aug 13, 2025 4:35:02 PM de.learnlib.logging.LearnLogger logQuery
INFO: DB CACHE [ε | eap_success success_and_cryptobinding /  after_eap_success tlv_cryptobindingencrypted_alert]
Aug 13, 2025 4:35:02 PM de.learnlib.logging.LearnLogger logQuery
INFO: DB CACHE [ε | eap_success tlv_request /  after_eap_success tlv_failureencrypted_alert]
Aug 13, 2025 4:35:02 PM de.learnlib.logging.LearnLogger logQuery
INFO: DB CACHE [ε | 4_way_message_1 /  no_reply]
Aug 13, 2025 4:35:02 PM de.learnlib.logging.LearnLogger logQuery
INFO: DB CACHE [ε | id_request_v0 id_request_v0 /  id_response_v0 id_response_v0]
Aug 13, 2025 4:35:04 PM de.learnlib.logging.LearnLogger logQuery
INFO: [ε | id_request_v0 id_request_v0 success_and_cryptobinding / ε | id_response_v0 id_response_v0 tlv_cryptobindingencrypted_alert]
Aug 13, 2025 4:35:07 PM de.learnlib.logging.LearnLogger logQuery
INFO: [ε | id_request_v0 id_request_v0 tlv_request / ε | id_response_v0 id_response_v0 tlv_failureencrypted_alert]
Aug 13, 2025 4:35:07 PM de.learnlib.logging.LearnLogger logQuery
INFO: DB CACHE [ε | challenge_v0 id_request_v0 /  challenge_response_v0 id_response_v0]
Aug 13, 2025 4:35:07 PM de.learnlib.logging.LearnLogger logQuery
INFO: DB CACHE [ε | challenge_v0 id_request_v0 success_and_cryptobinding /  challenge_response_v0 id_response_v0 no_reply]
Aug 13, 2025 4:35:07 PM de.learnlib.logging.LearnLogger logQuery
INFO: DB CACHE [ε | challenge_v0 id_request_v0 tlv_request /  challenge_response_v0 id_response_v0 tlv_failureencrypted_alert]
Aug 13, 2025 4:35:07 PM de.learnlib.logging.LearnLogger logQuery
INFO: DB CACHE [ε | success_request_with_credentials id_request_v0 /  success_response_v0 id_response_v0]
Aug 13, 2025 4:35:07 PM de.learnlib.logging.LearnLogger logQuery
INFO: DB CACHE [ε | success_request_with_credentials id_request_v0 success_and_cryptobinding /  success_response_v0 id_response_v0 no_reply]
Aug 13, 2025 4:35:07 PM de.learnlib.logging.LearnLogger logQuery
INFO: DB CACHE [ε | success_request_with_credentials id_request_v0 tlv_request /  success_response_v0 id_response_v0 tlv_success]
Aug 13, 2025 4:35:07 PM de.learnlib.logging.LearnLogger logQuery
INFO: DB CACHE [ε | eap_success id_request_v0 /  after_eap_success id_response_v0]
Aug 13, 2025 4:35:10 PM de.learnlib.logging.LearnLogger logQuery
INFO: [ε | eap_success id_request_v0 success_and_cryptobinding / ε | after_eap_success id_response_v0 tlv_cryptobindingencrypted_alert]
Aug 13, 2025 4:35:13 PM de.learnlib.logging.LearnLogger logQuery
INFO: [ε | eap_success id_request_v0 tlv_request / ε | after_eap_success id_response_v0 tlv_failureencrypted_alert]
Aug 13, 2025 4:35:13 PM de.learnlib.logging.LearnLogger logQuery
INFO: DB CACHE [ε | id_request_v0 challenge_v0 /  id_response_v0 challenge_response_v0]
Aug 13, 2025 4:35:15 PM de.learnlib.logging.LearnLogger logQuery
INFO: [ε | id_request_v0 challenge_v0 success_and_cryptobinding / ε | id_response_v0 challenge_response_v0 no_reply]
Aug 13, 2025 4:35:18 PM de.learnlib.logging.LearnLogger logQuery
INFO: [ε | id_request_v0 challenge_v0 tlv_request / ε | id_response_v0 challenge_response_v0 tlv_failureencrypted_alert]
Aug 13, 2025 4:35:18 PM de.learnlib.logging.LearnLogger logQuery
INFO: DB CACHE [ε | challenge_v0 challenge_v0 /  challenge_response_v0 challenge_response_v0]
Aug 13, 2025 4:35:18 PM de.learnlib.logging.LearnLogger logQuery
INFO: DB CACHE [ε | challenge_v0 challenge_v0 success_and_cryptobinding /  challenge_response_v0 challenge_response_v0 no_reply]
Aug 13, 2025 4:35:18 PM de.learnlib.logging.LearnLogger logQuery
INFO: DB CACHE [ε | challenge_v0 challenge_v0 tlv_request /  challenge_response_v0 challenge_response_v0 tlv_failureencrypted_alert]
Aug 13, 2025 4:35:18 PM de.learnlib.logging.LearnLogger logQuery
INFO: DB CACHE [ε | success_request_with_credentials challenge_v0 /  success_response_v0 challenge_response_v0]
Aug 13, 2025 4:35:18 PM de.learnlib.logging.LearnLogger logQuery
INFO: DB CACHE [ε | success_request_with_credentials challenge_v0 success_and_cryptobinding /  success_response_v0 challenge_response_v0 no_reply]
Aug 13, 2025 4:35:18 PM de.learnlib.logging.LearnLogger logQuery
INFO: DB CACHE [ε | success_request_with_credentials challenge_v0 tlv_request /  success_response_v0 challenge_response_v0 tlv_success]
Aug 13, 2025 4:35:18 PM de.learnlib.logging.LearnLogger logQuery
INFO: DB CACHE [ε | eap_success challenge_v0 /  after_eap_success challenge_response_v0]
Aug 13, 2025 4:35:21 PM de.learnlib.logging.LearnLogger logQuery
INFO: [ε | eap_success challenge_v0 success_and_cryptobinding / ε | after_eap_success challenge_response_v0 no_reply]
Aug 13, 2025 4:35:24 PM de.learnlib.logging.LearnLogger logQuery
INFO: [ε | eap_success challenge_v0 tlv_request / ε | after_eap_success challenge_response_v0 tlv_failureencrypted_alert]
Aug 13, 2025 4:35:24 PM de.learnlib.logging.LearnLogger logQuery
INFO: DB CACHE [ε | success_request_with_credentials tlv_request success_and_cryptobinding /  success_response_v0 tlv_success no_reply]
Aug 13, 2025 4:35:24 PM de.learnlib.logging.LearnLogger logQuery
INFO: DB CACHE [ε | success_request_with_credentials tlv_request tlv_request /  success_response_v0 tlv_success no_reply]
Aug 13, 2025 4:35:24 PM de.learnlib.logging.LearnLogger logQuery
INFO: DB CACHE [ε | id_request_v0 tlv_failure /  id_response_v0 tlv_failureencrypted_alert]
Aug 13, 2025 4:35:24 PM de.learnlib.logging.LearnLogger logQuery
INFO: DB CACHE [ε | challenge_v0 tlv_failure /  challenge_response_v0 tlv_failureencrypted_alert]
Aug 13, 2025 4:35:24 PM de.learnlib.logging.LearnLogger logQuery
INFO: DB CACHE [ε | success_request_with_credentials tlv_failure /  success_response_v0 tlv_failureencrypted_alert]
Aug 13, 2025 4:35:24 PM de.learnlib.logging.LearnLogger logQuery
INFO: DB CACHE [ε | eap_success tlv_failure /  after_eap_success tlv_failureencrypted_alert]
Aug 13, 2025 4:35:24 PM de.learnlib.logging.LearnLogger logQuery
INFO: DB CACHE [ε | id_request_v0 success_request_all_zeros /  id_response_v0 encrypted_alert]
Aug 13, 2025 4:35:24 PM de.learnlib.logging.LearnLogger logQuery
INFO: DB CACHE [ε | challenge_v0 success_request_all_zeros /  challenge_response_v0 encrypted_alert]
Aug 13, 2025 4:35:24 PM de.learnlib.logging.LearnLogger logQuery
INFO: DB CACHE [ε | success_request_with_credentials success_request_all_zeros /  success_response_v0 encrypted_alert]
Aug 13, 2025 4:35:24 PM de.learnlib.logging.LearnLogger logQuery
INFO: DB CACHE [ε | eap_success success_request_all_zeros /  after_eap_success encrypted_alert]
Aug 13, 2025 4:35:24 PM de.learnlib.logging.LearnLogger logQuery
INFO: DB CACHE [ε | id_request_v0 success_request_with_credentials /  id_response_v0 success_response_v0]
Aug 13, 2025 4:35:27 PM de.learnlib.logging.LearnLogger logQuery
INFO: [ε | id_request_v0 success_request_with_credentials success_and_cryptobinding / ε | id_response_v0 success_response_v0 no_reply]
Aug 13, 2025 4:35:29 PM de.learnlib.logging.LearnLogger logQuery
INFO: [ε | id_request_v0 success_request_with_credentials tlv_request / ε | id_response_v0 success_response_v0 tlv_success]
Aug 13, 2025 4:35:29 PM de.learnlib.logging.LearnLogger logQuery
INFO: DB CACHE [ε | challenge_v0 success_request_with_credentials /  challenge_response_v0 success_response_v0]
Aug 13, 2025 4:35:29 PM de.learnlib.logging.LearnLogger logQuery
INFO: DB CACHE [ε | challenge_v0 success_request_with_credentials success_and_cryptobinding /  challenge_response_v0 success_response_v0 tlv_success_and_cryptobinding]
Aug 13, 2025 4:35:29 PM de.learnlib.logging.LearnLogger logQuery
INFO: DB CACHE [ε | challenge_v0 success_request_with_credentials tlv_request /  challenge_response_v0 success_response_v0 tlv_success]
Aug 13, 2025 4:35:29 PM de.learnlib.logging.LearnLogger logQuery
INFO: DB CACHE [ε | success_request_with_credentials success_request_with_credentials /  success_response_v0 success_response_v0]
Aug 13, 2025 4:35:29 PM de.learnlib.logging.LearnLogger logQuery
INFO: DB CACHE [ε | success_request_with_credentials success_request_with_credentials success_and_cryptobinding /  success_response_v0 success_response_v0 no_reply]
Aug 13, 2025 4:35:29 PM de.learnlib.logging.LearnLogger logQuery
INFO: DB CACHE [ε | success_request_with_credentials success_request_with_credentials tlv_request /  success_response_v0 success_response_v0 tlv_success]
Aug 13, 2025 4:35:29 PM de.learnlib.logging.LearnLogger logQuery
INFO: DB CACHE [ε | eap_success success_request_with_credentials /  after_eap_success success_response_v0]
Aug 13, 2025 4:35:33 PM de.learnlib.logging.LearnLogger logQuery
INFO: [ε | eap_success success_request_with_credentials success_and_cryptobinding / ε | after_eap_success success_response_v0 no_reply]
Aug 13, 2025 4:35:35 PM de.learnlib.logging.LearnLogger logQuery
INFO: [ε | eap_success success_request_with_credentials tlv_request / ε | after_eap_success success_response_v0 tlv_success]
Aug 13, 2025 4:35:36 PM de.learnlib.logging.LearnLogger logQuery
INFO: DB CACHE [ε | id_request_v0 cryptobinding /  id_response_v0 tlv_cryptobindingencrypted_alert]
Aug 13, 2025 4:35:36 PM de.learnlib.logging.LearnLogger logQuery
INFO: DB CACHE [ε | challenge_v0 cryptobinding /  challenge_response_v0 no_reply]
Aug 13, 2025 4:35:36 PM de.learnlib.logging.LearnLogger logQuery
INFO: DB CACHE [ε | success_request_with_credentials cryptobinding /  success_response_v0 no_reply]
Aug 13, 2025 4:35:36 PM de.learnlib.logging.LearnLogger logQuery
INFO: DB CACHE [ε | eap_success cryptobinding /  after_eap_success tlv_cryptobindingencrypted_alert]
Aug 13, 2025 4:35:36 PM de.learnlib.logging.LearnLogger logQuery
INFO: DB CACHE [ε | id_request_v0 eap_success /  id_response_v0 after_eap_success]
Aug 13, 2025 4:35:38 PM de.learnlib.logging.LearnLogger logQuery
INFO: [ε | id_request_v0 eap_success success_and_cryptobinding / ε | id_response_v0 after_eap_success tlv_cryptobindingencrypted_alert]
Aug 13, 2025 4:35:41 PM de.learnlib.logging.LearnLogger logQuery
INFO: [ε | id_request_v0 eap_success tlv_request / ε | id_response_v0 after_eap_success tlv_failureencrypted_alert]
Aug 13, 2025 4:35:41 PM de.learnlib.logging.LearnLogger logQuery
INFO: DB CACHE [ε | challenge_v0 eap_success /  challenge_response_v0 after_eap_success]
Aug 13, 2025 4:35:41 PM de.learnlib.logging.LearnLogger logQuery
INFO: DB CACHE [ε | challenge_v0 eap_success success_and_cryptobinding /  challenge_response_v0 after_eap_success no_reply]
Aug 13, 2025 4:35:41 PM de.learnlib.logging.LearnLogger logQuery
INFO: DB CACHE [ε | challenge_v0 eap_success tlv_request /  challenge_response_v0 after_eap_success tlv_failureencrypted_alert]
Aug 13, 2025 4:35:41 PM de.learnlib.logging.LearnLogger logQuery
INFO: DB CACHE [ε | success_request_with_credentials eap_success /  success_response_v0 after_eap_success]
Aug 13, 2025 4:35:41 PM de.learnlib.logging.LearnLogger logQuery
INFO: DB CACHE [ε | success_request_with_credentials eap_success success_and_cryptobinding /  success_response_v0 after_eap_success no_reply]
Aug 13, 2025 4:35:41 PM de.learnlib.logging.LearnLogger logQuery
INFO: DB CACHE [ε | success_request_with_credentials eap_success tlv_request /  success_response_v0 after_eap_success tlv_success]
Aug 13, 2025 4:35:41 PM de.learnlib.logging.LearnLogger logQuery
INFO: DB CACHE [ε | eap_success eap_success /  after_eap_success after_eap_success]
Aug 13, 2025 4:35:44 PM de.learnlib.logging.LearnLogger logQuery
INFO: [ε | eap_success eap_success success_and_cryptobinding / ε | after_eap_success after_eap_success tlv_cryptobindingencrypted_alert]
Aug 13, 2025 4:35:48 PM de.learnlib.logging.LearnLogger logQuery
INFO: [ε | eap_success eap_success tlv_request / ε | after_eap_success after_eap_success tlv_failureencrypted_alert]
Aug 13, 2025 4:35:48 PM de.learnlib.logging.LearnLogger logQuery
INFO: DB CACHE [ε | id_request_v0 4_way_message_1 /  id_response_v0 no_reply]
Aug 13, 2025 4:35:48 PM de.learnlib.logging.LearnLogger logQuery
INFO: DB CACHE [ε | challenge_v0 4_way_message_1 /  challenge_response_v0 no_reply]
Aug 13, 2025 4:35:48 PM de.learnlib.logging.LearnLogger logQuery
INFO: DB CACHE [ε | success_request_with_credentials 4_way_message_1 /  success_response_v0 no_reply]
Aug 13, 2025 4:35:48 PM de.learnlib.logging.LearnLogger logQuery
INFO: DB CACHE [ε | eap_success 4_way_message_1 /  after_eap_success no_reply]
Aug 13, 2025 4:35:50 PM de.learnlib.logging.LearnLogger logQuery
INFO: [ε | id_request_v0 id_request_v0 id_request_v0 / ε | id_response_v0 id_response_v0 id_response_v0]
Aug 13, 2025 4:35:52 PM de.learnlib.logging.LearnLogger logQuery
INFO: [ε | id_request_v0 id_request_v0 id_request_v0 success_and_cryptobinding / ε | id_response_v0 id_response_v0 id_response_v0 tlv_cryptobindingencrypted_alert]
Aug 13, 2025 4:35:55 PM de.learnlib.logging.LearnLogger logQuery
INFO: [ε | id_request_v0 id_request_v0 id_request_v0 tlv_request / ε | id_response_v0 id_response_v0 id_response_v0 tlv_failureencrypted_alert]
Aug 13, 2025 4:35:57 PM de.learnlib.logging.LearnLogger logQuery
INFO: [ε | id_request_v0 challenge_v0 id_request_v0 / ε | id_response_v0 challenge_response_v0 id_response_v0]
Aug 13, 2025 4:36:00 PM de.learnlib.logging.LearnLogger logQuery
INFO: [ε | id_request_v0 challenge_v0 id_request_v0 success_and_cryptobinding / ε | id_response_v0 challenge_response_v0 id_response_v0 no_reply]
Aug 13, 2025 4:36:02 PM de.learnlib.logging.LearnLogger logQuery
INFO: [ε | id_request_v0 challenge_v0 id_request_v0 tlv_request / ε | id_response_v0 challenge_response_v0 id_response_v0 tlv_failureencrypted_alert]
Aug 13, 2025 4:36:05 PM de.learnlib.logging.LearnLogger logQuery
INFO: [ε | id_request_v0 success_request_with_credentials id_request_v0 / ε | id_response_v0 success_response_v0 id_response_v0]
Aug 13, 2025 4:36:08 PM de.learnlib.logging.LearnLogger logQuery
INFO: [ε | id_request_v0 success_request_with_credentials id_request_v0 success_and_cryptobinding / ε | id_response_v0 success_response_v0 id_response_v0 no_reply]
Aug 13, 2025 4:36:10 PM de.learnlib.logging.LearnLogger logQuery
INFO: [ε | id_request_v0 success_request_with_credentials id_request_v0 tlv_request / ε | id_response_v0 success_response_v0 id_response_v0 tlv_success]
Aug 13, 2025 4:36:13 PM de.learnlib.logging.LearnLogger logQuery
INFO: [ε | id_request_v0 eap_success id_request_v0 / ε | id_response_v0 after_eap_success id_response_v0]
Aug 13, 2025 4:36:15 PM de.learnlib.logging.LearnLogger logQuery
INFO: [ε | id_request_v0 eap_success id_request_v0 success_and_cryptobinding / ε | id_response_v0 after_eap_success id_response_v0 tlv_cryptobindingencrypted_alert]
Aug 13, 2025 4:36:18 PM de.learnlib.logging.LearnLogger logQuery
INFO: [ε | id_request_v0 eap_success id_request_v0 tlv_request / ε | id_response_v0 after_eap_success id_response_v0 tlv_failureencrypted_alert]
Aug 13, 2025 4:36:21 PM de.learnlib.logging.LearnLogger logQuery
INFO: [ε | id_request_v0 id_request_v0 challenge_v0 / ε | id_response_v0 id_response_v0 challenge_response_v0]
Aug 13, 2025 4:36:23 PM de.learnlib.logging.LearnLogger logQuery
INFO: [ε | id_request_v0 id_request_v0 challenge_v0 success_and_cryptobinding / ε | id_response_v0 id_response_v0 challenge_response_v0 no_reply]
Aug 13, 2025 4:36:26 PM de.learnlib.logging.LearnLogger logQuery
INFO: [ε | id_request_v0 id_request_v0 challenge_v0 tlv_request / ε | id_response_v0 id_response_v0 challenge_response_v0 tlv_failureencrypted_alert]
Aug 13, 2025 4:36:28 PM de.learnlib.logging.LearnLogger logQuery
INFO: [ε | id_request_v0 challenge_v0 challenge_v0 / ε | id_response_v0 challenge_response_v0 challenge_response_v0]
Aug 13, 2025 4:36:31 PM de.learnlib.logging.LearnLogger logQuery
INFO: [ε | id_request_v0 challenge_v0 challenge_v0 success_and_cryptobinding / ε | id_response_v0 challenge_response_v0 challenge_response_v0 no_reply]
Aug 13, 2025 4:36:33 PM de.learnlib.logging.LearnLogger logQuery
INFO: [ε | id_request_v0 challenge_v0 challenge_v0 tlv_request / ε | id_response_v0 challenge_response_v0 challenge_response_v0 tlv_failureencrypted_alert]
Aug 13, 2025 4:36:36 PM de.learnlib.logging.LearnLogger logQuery
INFO: [ε | id_request_v0 success_request_with_credentials challenge_v0 / ε | id_response_v0 success_response_v0 challenge_response_v0]
Aug 13, 2025 4:36:38 PM de.learnlib.logging.LearnLogger logQuery
INFO: [ε | id_request_v0 success_request_with_credentials challenge_v0 success_and_cryptobinding / ε | id_response_v0 success_response_v0 challenge_response_v0 no_reply]
Aug 13, 2025 4:36:41 PM de.learnlib.logging.LearnLogger logQuery
INFO: [ε | id_request_v0 success_request_with_credentials challenge_v0 tlv_request / ε | id_response_v0 success_response_v0 challenge_response_v0 tlv_success]
Aug 13, 2025 4:36:44 PM de.learnlib.logging.LearnLogger logQuery
INFO: [ε | id_request_v0 eap_success challenge_v0 / ε | id_response_v0 after_eap_success challenge_response_v0]
Aug 13, 2025 4:36:47 PM de.learnlib.logging.LearnLogger logQuery
INFO: [ε | id_request_v0 eap_success challenge_v0 success_and_cryptobinding / ε | id_response_v0 after_eap_success challenge_response_v0 no_reply]
Aug 13, 2025 4:36:50 PM de.learnlib.logging.LearnLogger logQuery
INFO: [ε | id_request_v0 eap_success challenge_v0 tlv_request / ε | id_response_v0 after_eap_success challenge_response_v0 tlv_failureencrypted_alert]
Aug 13, 2025 4:36:53 PM de.learnlib.logging.LearnLogger logQuery
INFO: [ε | id_request_v0 success_request_with_credentials tlv_request success_and_cryptobinding / ε | id_response_v0 success_response_v0 tlv_success no_reply]
Aug 13, 2025 4:36:56 PM de.learnlib.logging.LearnLogger logQuery
INFO: [ε | id_request_v0 success_request_with_credentials tlv_request tlv_request / ε | id_response_v0 success_response_v0 tlv_success no_reply]
Aug 13, 2025 4:36:58 PM de.learnlib.logging.LearnLogger logQuery
INFO: [ε | id_request_v0 id_request_v0 tlv_failure / ε | id_response_v0 id_response_v0 tlv_failureencrypted_alert]
Aug 13, 2025 4:37:00 PM de.learnlib.logging.LearnLogger logQuery
INFO: [ε | id_request_v0 challenge_v0 tlv_failure / ε | id_response_v0 challenge_response_v0 tlv_failureencrypted_alert]
Aug 13, 2025 4:37:03 PM de.learnlib.logging.LearnLogger logQuery
INFO: [ε | id_request_v0 success_request_with_credentials tlv_failure / ε | id_response_v0 success_response_v0 tlv_failureencrypted_alert]
Aug 13, 2025 4:37:06 PM de.learnlib.logging.LearnLogger logQuery
INFO: [ε | id_request_v0 eap_success tlv_failure / ε | id_response_v0 after_eap_success tlv_failureencrypted_alert]
Aug 13, 2025 4:37:08 PM de.learnlib.logging.LearnLogger logQuery
INFO: [ε | id_request_v0 id_request_v0 success_request_all_zeros / ε | id_response_v0 id_response_v0 encrypted_alert]
Aug 13, 2025 4:37:10 PM de.learnlib.logging.LearnLogger logQuery
INFO: [ε | id_request_v0 challenge_v0 success_request_all_zeros / ε | id_response_v0 challenge_response_v0 encrypted_alert]
Aug 13, 2025 4:37:13 PM de.learnlib.logging.LearnLogger logQuery
INFO: [ε | id_request_v0 success_request_with_credentials success_request_all_zeros / ε | id_response_v0 success_response_v0 encrypted_alert]
Aug 13, 2025 4:37:16 PM de.learnlib.logging.LearnLogger logQuery
INFO: [ε | id_request_v0 eap_success success_request_all_zeros / ε | id_response_v0 after_eap_success encrypted_alert]
Aug 13, 2025 4:37:18 PM de.learnlib.logging.LearnLogger logQuery
INFO: [ε | id_request_v0 id_request_v0 success_request_with_credentials / ε | id_response_v0 id_response_v0 success_response_v0]
Aug 13, 2025 4:37:21 PM de.learnlib.logging.LearnLogger logQuery
INFO: [ε | id_request_v0 id_request_v0 success_request_with_credentials success_and_cryptobinding / ε | id_response_v0 id_response_v0 success_response_v0 no_reply]
Aug 13, 2025 4:37:23 PM de.learnlib.logging.LearnLogger logQuery
INFO: [ε | id_request_v0 id_request_v0 success_request_with_credentials tlv_request / ε | id_response_v0 id_response_v0 success_response_v0 tlv_success]
Aug 13, 2025 4:37:25 PM de.learnlib.logging.LearnLogger logQuery
INFO: [ε | id_request_v0 challenge_v0 success_request_with_credentials / ε | id_response_v0 challenge_response_v0 success_response_v0]
Aug 13, 2025 4:37:28 PM de.learnlib.logging.LearnLogger logQuery
INFO: [ε | id_request_v0 challenge_v0 success_request_with_credentials success_and_cryptobinding / ε | id_response_v0 challenge_response_v0 success_response_v0 tlv_success_and_cryptobinding]
Aug 13, 2025 4:37:30 PM de.learnlib.logging.LearnLogger logQuery
INFO: [ε | id_request_v0 challenge_v0 success_request_with_credentials tlv_request / ε | id_response_v0 challenge_response_v0 success_response_v0 tlv_success]
Aug 13, 2025 4:37:32 PM de.learnlib.logging.LearnLogger logQuery
INFO: [ε | id_request_v0 success_request_with_credentials success_request_with_credentials / ε | id_response_v0 success_response_v0 success_response_v0]
Aug 13, 2025 4:37:35 PM de.learnlib.logging.LearnLogger logQuery
INFO: [ε | id_request_v0 success_request_with_credentials success_request_with_credentials success_and_cryptobinding / ε | id_response_v0 success_response_v0 success_response_v0 no_reply]
Aug 13, 2025 4:37:37 PM de.learnlib.logging.LearnLogger logQuery
INFO: [ε | id_request_v0 success_request_with_credentials success_request_with_credentials tlv_request / ε | id_response_v0 success_response_v0 success_response_v0 tlv_success]
Aug 13, 2025 4:37:40 PM de.learnlib.logging.LearnLogger logQuery
INFO: [ε | id_request_v0 eap_success success_request_with_credentials / ε | id_response_v0 after_eap_success success_response_v0]
Aug 13, 2025 4:37:43 PM de.learnlib.logging.LearnLogger logQuery
INFO: [ε | id_request_v0 eap_success success_request_with_credentials success_and_cryptobinding / ε | id_response_v0 after_eap_success success_response_v0 no_reply]
Aug 13, 2025 4:37:46 PM de.learnlib.logging.LearnLogger logQuery
INFO: [ε | id_request_v0 eap_success success_request_with_credentials tlv_request / ε | id_response_v0 after_eap_success success_response_v0 tlv_success]
Aug 13, 2025 4:37:48 PM de.learnlib.logging.LearnLogger logQuery
INFO: [ε | id_request_v0 id_request_v0 cryptobinding / ε | id_response_v0 id_response_v0 tlv_cryptobindingencrypted_alert]
Aug 13, 2025 4:37:51 PM de.learnlib.logging.LearnLogger logQuery
INFO: [ε | id_request_v0 challenge_v0 cryptobinding / ε | id_response_v0 challenge_response_v0 no_reply]
Aug 13, 2025 4:37:54 PM de.learnlib.logging.LearnLogger logQuery
INFO: [ε | id_request_v0 success_request_with_credentials cryptobinding / ε | id_response_v0 success_response_v0 no_reply]
Aug 13, 2025 4:37:57 PM de.learnlib.logging.LearnLogger logQuery
INFO: [ε | id_request_v0 eap_success cryptobinding / ε | id_response_v0 after_eap_success tlv_cryptobindingencrypted_alert]
Aug 13, 2025 4:38:00 PM de.learnlib.logging.LearnLogger logQuery
INFO: [ε | id_request_v0 id_request_v0 eap_success / ε | id_response_v0 id_response_v0 after_eap_success]
Aug 13, 2025 4:38:02 PM de.learnlib.logging.LearnLogger logQuery
INFO: [ε | id_request_v0 id_request_v0 eap_success success_and_cryptobinding / ε | id_response_v0 id_response_v0 after_eap_success tlv_cryptobindingencrypted_alert]
Aug 13, 2025 4:38:05 PM de.learnlib.logging.LearnLogger logQuery
INFO: [ε | id_request_v0 id_request_v0 eap_success tlv_request / ε | id_response_v0 id_response_v0 after_eap_success tlv_failureencrypted_alert]
Aug 13, 2025 4:38:08 PM de.learnlib.logging.LearnLogger logQuery
INFO: [ε | id_request_v0 challenge_v0 eap_success / ε | id_response_v0 challenge_response_v0 after_eap_success]
Aug 13, 2025 4:38:11 PM de.learnlib.logging.LearnLogger logQuery
INFO: [ε | id_request_v0 challenge_v0 eap_success success_and_cryptobinding / ε | id_response_v0 challenge_response_v0 after_eap_success no_reply]
Aug 13, 2025 4:38:14 PM de.learnlib.logging.LearnLogger logQuery
INFO: [ε | id_request_v0 challenge_v0 eap_success tlv_request / ε | id_response_v0 challenge_response_v0 after_eap_success tlv_failureencrypted_alert]
Aug 13, 2025 4:38:17 PM de.learnlib.logging.LearnLogger logQuery
INFO: [ε | id_request_v0 success_request_with_credentials eap_success / ε | id_response_v0 success_response_v0 after_eap_success]
Aug 13, 2025 4:38:20 PM de.learnlib.logging.LearnLogger logQuery
INFO: [ε | id_request_v0 success_request_with_credentials eap_success success_and_cryptobinding / ε | id_response_v0 success_response_v0 after_eap_success no_reply]
Aug 13, 2025 4:38:23 PM de.learnlib.logging.LearnLogger logQuery
INFO: [ε | id_request_v0 success_request_with_credentials eap_success tlv_request / ε | id_response_v0 success_response_v0 after_eap_success tlv_success]
Aug 13, 2025 4:38:27 PM de.learnlib.logging.LearnLogger logQuery
INFO: [ε | id_request_v0 eap_success eap_success / ε | id_response_v0 after_eap_success after_eap_success]
Aug 13, 2025 4:38:30 PM de.learnlib.logging.LearnLogger logQuery
INFO: [ε | id_request_v0 eap_success eap_success success_and_cryptobinding / ε | id_response_v0 after_eap_success after_eap_success tlv_cryptobindingencrypted_alert]
Aug 13, 2025 4:38:33 PM de.learnlib.logging.LearnLogger logQuery
INFO: [ε | id_request_v0 eap_success eap_success tlv_request / ε | id_response_v0 after_eap_success after_eap_success tlv_failureencrypted_alert]
Aug 13, 2025 4:38:36 PM de.learnlib.logging.LearnLogger logQuery
INFO: [ε | id_request_v0 id_request_v0 4_way_message_1 / ε | id_response_v0 id_response_v0 no_reply]
Aug 13, 2025 4:38:39 PM de.learnlib.logging.LearnLogger logQuery
INFO: [ε | id_request_v0 challenge_v0 4_way_message_1 / ε | id_response_v0 challenge_response_v0 no_reply]
Aug 13, 2025 4:38:42 PM de.learnlib.logging.LearnLogger logQuery
INFO: [ε | id_request_v0 success_request_with_credentials 4_way_message_1 / ε | id_response_v0 success_response_v0 no_reply]
Aug 13, 2025 4:38:46 PM de.learnlib.logging.LearnLogger logQuery
INFO: [ε | id_request_v0 eap_success 4_way_message_1 / ε | id_response_v0 after_eap_success no_reply]
Aug 13, 2025 4:38:46 PM de.learnlib.logging.LearnLogger logQuery
INFO: DB CACHE [ε | challenge_v0 id_request_v0 id_request_v0 /  challenge_response_v0 id_response_v0 id_response_v0]
Aug 13, 2025 4:38:49 PM de.learnlib.logging.LearnLogger logQuery
INFO: [ε | challenge_v0 id_request_v0 id_request_v0 success_and_cryptobinding / ε | challenge_response_v0 id_response_v0 id_response_v0 no_reply]
Aug 13, 2025 4:38:51 PM de.learnlib.logging.LearnLogger logQuery
INFO: [ε | challenge_v0 id_request_v0 id_request_v0 tlv_request / ε | challenge_response_v0 id_response_v0 id_response_v0 tlv_failureencrypted_alert]
Aug 13, 2025 4:38:51 PM de.learnlib.logging.LearnLogger logQuery
INFO: DB CACHE [ε | challenge_v0 challenge_v0 id_request_v0 /  challenge_response_v0 challenge_response_v0 id_response_v0]
Aug 13, 2025 4:38:54 PM de.learnlib.logging.LearnLogger logQuery
INFO: [ε | challenge_v0 challenge_v0 id_request_v0 success_and_cryptobinding / ε | challenge_response_v0 challenge_response_v0 id_response_v0 no_reply]
Aug 13, 2025 4:38:56 PM de.learnlib.logging.LearnLogger logQuery
INFO: [ε | challenge_v0 challenge_v0 id_request_v0 tlv_request / ε | challenge_response_v0 challenge_response_v0 id_response_v0 tlv_failureencrypted_alert]
Aug 13, 2025 4:38:57 PM de.learnlib.logging.LearnLogger logQuery
INFO: DB CACHE [ε | challenge_v0 success_request_with_credentials id_request_v0 /  challenge_response_v0 success_response_v0 id_response_v0]
Aug 13, 2025 4:38:57 PM de.learnlib.logging.LearnLogger logQuery
INFO: DB CACHE [ε | challenge_v0 success_request_with_credentials id_request_v0 success_and_cryptobinding /  challenge_response_v0 success_response_v0 id_response_v0 tlv_success_and_cryptobinding]
Aug 13, 2025 4:38:57 PM de.learnlib.logging.LearnLogger logQuery
INFO: DB CACHE [ε | challenge_v0 success_request_with_credentials id_request_v0 tlv_request /  challenge_response_v0 success_response_v0 id_response_v0 tlv_success]
Aug 13, 2025 4:38:57 PM de.learnlib.logging.LearnLogger logQuery
INFO: DB CACHE [ε | challenge_v0 eap_success id_request_v0 /  challenge_response_v0 after_eap_success id_response_v0]
Aug 13, 2025 4:39:00 PM de.learnlib.logging.LearnLogger logQuery
INFO: [ε | challenge_v0 eap_success id_request_v0 success_and_cryptobinding / ε | challenge_response_v0 after_eap_success id_response_v0 no_reply]
Aug 13, 2025 4:39:03 PM de.learnlib.logging.LearnLogger logQuery
INFO: [ε | challenge_v0 eap_success id_request_v0 tlv_request / ε | challenge_response_v0 after_eap_success id_response_v0 tlv_failureencrypted_alert]
Aug 13, 2025 4:39:03 PM de.learnlib.logging.LearnLogger logQuery
INFO: DB CACHE [ε | challenge_v0 id_request_v0 challenge_v0 /  challenge_response_v0 id_response_v0 challenge_response_v0]
Aug 13, 2025 4:39:06 PM de.learnlib.logging.LearnLogger logQuery
INFO: [ε | challenge_v0 id_request_v0 challenge_v0 success_and_cryptobinding / ε | challenge_response_v0 id_response_v0 challenge_response_v0 no_reply]
Aug 13, 2025 4:39:08 PM de.learnlib.logging.LearnLogger logQuery
INFO: [ε | challenge_v0 id_request_v0 challenge_v0 tlv_request / ε | challenge_response_v0 id_response_v0 challenge_response_v0 tlv_failureencrypted_alert]
Aug 13, 2025 4:39:08 PM de.learnlib.logging.LearnLogger logQuery
INFO: DB CACHE [ε | challenge_v0 challenge_v0 challenge_v0 /  challenge_response_v0 challenge_response_v0 challenge_response_v0]
Aug 13, 2025 4:39:11 PM de.learnlib.logging.LearnLogger logQuery
INFO: [ε | challenge_v0 challenge_v0 challenge_v0 success_and_cryptobinding / ε | challenge_response_v0 challenge_response_v0 challenge_response_v0 no_reply]
Aug 13, 2025 4:39:13 PM de.learnlib.logging.LearnLogger logQuery
INFO: [ε | challenge_v0 challenge_v0 challenge_v0 tlv_request / ε | challenge_response_v0 challenge_response_v0 challenge_response_v0 tlv_failureencrypted_alert]
Aug 13, 2025 4:39:14 PM de.learnlib.logging.LearnLogger logQuery
INFO: DB CACHE [ε | challenge_v0 success_request_with_credentials challenge_v0 /  challenge_response_v0 success_response_v0 challenge_response_v0]
Aug 13, 2025 4:39:14 PM de.learnlib.logging.LearnLogger logQuery
INFO: DB CACHE [ε | challenge_v0 success_request_with_credentials challenge_v0 success_and_cryptobinding /  challenge_response_v0 success_response_v0 challenge_response_v0 no_reply]
Aug 13, 2025 4:39:14 PM de.learnlib.logging.LearnLogger logQuery
INFO: DB CACHE [ε | challenge_v0 success_request_with_credentials challenge_v0 tlv_request /  challenge_response_v0 success_response_v0 challenge_response_v0 tlv_success]
Aug 13, 2025 4:39:14 PM de.learnlib.logging.LearnLogger logQuery
INFO: DB CACHE [ε | challenge_v0 eap_success challenge_v0 /  challenge_response_v0 after_eap_success challenge_response_v0]
Aug 13, 2025 4:39:17 PM de.learnlib.logging.LearnLogger logQuery
INFO: [ε | challenge_v0 eap_success challenge_v0 success_and_cryptobinding / ε | challenge_response_v0 after_eap_success challenge_response_v0 no_reply]
Aug 13, 2025 4:39:20 PM de.learnlib.logging.LearnLogger logQuery
INFO: [ε | challenge_v0 eap_success challenge_v0 tlv_request / ε | challenge_response_v0 after_eap_success challenge_response_v0 tlv_failureencrypted_alert]
Aug 13, 2025 4:39:20 PM de.learnlib.logging.LearnLogger logQuery
INFO: DB CACHE [ε | challenge_v0 success_request_with_credentials tlv_request success_and_cryptobinding /  challenge_response_v0 success_response_v0 tlv_success no_reply]
Aug 13, 2025 4:39:20 PM de.learnlib.logging.LearnLogger logQuery
INFO: DB CACHE [ε | challenge_v0 success_request_with_credentials tlv_request tlv_request /  challenge_response_v0 success_response_v0 tlv_success no_reply]
Aug 13, 2025 4:39:20 PM de.learnlib.logging.LearnLogger logQuery
INFO: DB CACHE [ε | challenge_v0 id_request_v0 tlv_failure /  challenge_response_v0 id_response_v0 tlv_failureencrypted_alert]
Aug 13, 2025 4:39:20 PM de.learnlib.logging.LearnLogger logQuery
INFO: DB CACHE [ε | challenge_v0 challenge_v0 tlv_failure /  challenge_response_v0 challenge_response_v0 tlv_failureencrypted_alert]
Aug 13, 2025 4:39:20 PM de.learnlib.logging.LearnLogger logQuery
INFO: DB CACHE [ε | challenge_v0 success_request_with_credentials tlv_failure /  challenge_response_v0 success_response_v0 tlv_failureencrypted_alert]
Aug 13, 2025 4:39:20 PM de.learnlib.logging.LearnLogger logQuery
INFO: DB CACHE [ε | challenge_v0 eap_success tlv_failure /  challenge_response_v0 after_eap_success tlv_failureencrypted_alert]
Aug 13, 2025 4:39:20 PM de.learnlib.logging.LearnLogger logQuery
INFO: DB CACHE [ε | challenge_v0 id_request_v0 success_request_all_zeros /  challenge_response_v0 id_response_v0 encrypted_alert]
Aug 13, 2025 4:39:20 PM de.learnlib.logging.LearnLogger logQuery
INFO: DB CACHE [ε | challenge_v0 challenge_v0 success_request_all_zeros /  challenge_response_v0 challenge_response_v0 encrypted_alert]
Aug 13, 2025 4:39:20 PM de.learnlib.logging.LearnLogger logQuery
INFO: DB CACHE [ε | challenge_v0 success_request_with_credentials success_request_all_zeros /  challenge_response_v0 success_response_v0 encrypted_alert]
Aug 13, 2025 4:39:20 PM de.learnlib.logging.LearnLogger logQuery
INFO: DB CACHE [ε | challenge_v0 eap_success success_request_all_zeros /  challenge_response_v0 after_eap_success encrypted_alert]
Aug 13, 2025 4:39:20 PM de.learnlib.logging.LearnLogger logQuery
INFO: DB CACHE [ε | challenge_v0 id_request_v0 success_request_with_credentials /  challenge_response_v0 id_response_v0 success_response_v0]
Aug 13, 2025 4:39:22 PM de.learnlib.logging.LearnLogger logQuery
INFO: [ε | challenge_v0 id_request_v0 success_request_with_credentials success_and_cryptobinding / ε | challenge_response_v0 id_response_v0 success_response_v0 tlv_success_and_cryptobinding]
Aug 13, 2025 4:39:24 PM de.learnlib.logging.LearnLogger logQuery
INFO: [ε | challenge_v0 id_request_v0 success_request_with_credentials tlv_request / ε | challenge_response_v0 id_response_v0 success_response_v0 tlv_success]
Aug 13, 2025 4:39:24 PM de.learnlib.logging.LearnLogger logQuery
INFO: DB CACHE [ε | challenge_v0 challenge_v0 success_request_with_credentials /  challenge_response_v0 challenge_response_v0 success_response_v0]
Aug 13, 2025 4:39:26 PM de.learnlib.logging.LearnLogger logQuery
INFO: [ε | challenge_v0 challenge_v0 success_request_with_credentials success_and_cryptobinding / ε | challenge_response_v0 challenge_response_v0 success_response_v0 tlv_success_and_cryptobinding]
Aug 13, 2025 4:39:29 PM de.learnlib.logging.LearnLogger logQuery
INFO: [ε | challenge_v0 challenge_v0 success_request_with_credentials tlv_request / ε | challenge_response_v0 challenge_response_v0 success_response_v0 tlv_success]
Aug 13, 2025 4:39:29 PM de.learnlib.logging.LearnLogger logQuery
INFO: DB CACHE [ε | challenge_v0 success_request_with_credentials success_request_with_credentials /  challenge_response_v0 success_response_v0 success_response_v0]
Aug 13, 2025 4:39:29 PM de.learnlib.logging.LearnLogger logQuery
INFO: DB CACHE [ε | challenge_v0 success_request_with_credentials success_request_with_credentials success_and_cryptobinding /  challenge_response_v0 success_response_v0 success_response_v0 tlv_success_and_cryptobinding]
Aug 13, 2025 4:39:29 PM de.learnlib.logging.LearnLogger logQuery
INFO: DB CACHE [ε | challenge_v0 success_request_with_credentials success_request_with_credentials tlv_request /  challenge_response_v0 success_response_v0 success_response_v0 tlv_success]
Aug 13, 2025 4:39:29 PM de.learnlib.logging.LearnLogger logQuery
INFO: DB CACHE [ε | challenge_v0 eap_success success_request_with_credentials /  challenge_response_v0 after_eap_success success_response_v0]
Aug 13, 2025 4:39:31 PM de.learnlib.logging.LearnLogger logQuery
INFO: [ε | challenge_v0 eap_success success_request_with_credentials success_and_cryptobinding / ε | challenge_response_v0 after_eap_success success_response_v0 tlv_success_and_cryptobinding]
Aug 13, 2025 4:39:34 PM de.learnlib.logging.LearnLogger logQuery
INFO: [ε | challenge_v0 eap_success success_request_with_credentials tlv_request / ε | challenge_response_v0 after_eap_success success_response_v0 tlv_success]
Aug 13, 2025 4:39:34 PM de.learnlib.logging.LearnLogger logQuery
INFO: DB CACHE [ε | challenge_v0 success_request_with_credentials success_and_cryptobinding success_and_cryptobinding /  challenge_response_v0 success_response_v0 tlv_success_and_cryptobinding no_reply]
Aug 13, 2025 4:39:34 PM de.learnlib.logging.LearnLogger logQuery
INFO: DB CACHE [ε | challenge_v0 success_request_with_credentials success_and_cryptobinding tlv_request /  challenge_response_v0 success_response_v0 tlv_success_and_cryptobinding no_reply]
Aug 13, 2025 4:39:34 PM de.learnlib.logging.LearnLogger logQuery
INFO: DB CACHE [ε | challenge_v0 id_request_v0 cryptobinding /  challenge_response_v0 id_response_v0 no_reply]
Aug 13, 2025 4:39:34 PM de.learnlib.logging.LearnLogger logQuery
INFO: DB CACHE [ε | challenge_v0 challenge_v0 cryptobinding /  challenge_response_v0 challenge_response_v0 no_reply]
Aug 13, 2025 4:39:34 PM de.learnlib.logging.LearnLogger logQuery
INFO: DB CACHE [ε | challenge_v0 success_request_with_credentials cryptobinding /  challenge_response_v0 success_response_v0 tlv_cryptobindingencrypted_alert]
Aug 13, 2025 4:39:34 PM de.learnlib.logging.LearnLogger logQuery
INFO: DB CACHE [ε | challenge_v0 eap_success cryptobinding /  challenge_response_v0 after_eap_success no_reply]
Aug 13, 2025 4:39:34 PM de.learnlib.logging.LearnLogger logQuery
INFO: DB CACHE [ε | challenge_v0 id_request_v0 eap_success /  challenge_response_v0 id_response_v0 after_eap_success]
Aug 13, 2025 4:39:37 PM de.learnlib.logging.LearnLogger logQuery
INFO: [ε | challenge_v0 id_request_v0 eap_success success_and_cryptobinding / ε | challenge_response_v0 id_response_v0 after_eap_success no_reply]
Aug 13, 2025 4:39:40 PM de.learnlib.logging.LearnLogger logQuery
INFO: [ε | challenge_v0 id_request_v0 eap_success tlv_request / ε | challenge_response_v0 id_response_v0 after_eap_success tlv_failureencrypted_alert]
Aug 13, 2025 4:39:40 PM de.learnlib.logging.LearnLogger logQuery
INFO: DB CACHE [ε | challenge_v0 challenge_v0 eap_success /  challenge_response_v0 challenge_response_v0 after_eap_success]
Aug 13, 2025 4:39:44 PM de.learnlib.logging.LearnLogger logQuery
INFO: [ε | challenge_v0 challenge_v0 eap_success success_and_cryptobinding / ε | challenge_response_v0 challenge_response_v0 after_eap_success no_reply]
Aug 13, 2025 4:39:47 PM de.learnlib.logging.LearnLogger logQuery
INFO: [ε | challenge_v0 challenge_v0 eap_success tlv_request / ε | challenge_response_v0 challenge_response_v0 after_eap_success tlv_failureencrypted_alert]
Aug 13, 2025 4:39:47 PM de.learnlib.logging.LearnLogger logQuery
INFO: DB CACHE [ε | challenge_v0 success_request_with_credentials eap_success /  challenge_response_v0 success_response_v0 after_eap_success]
Aug 13, 2025 4:39:47 PM de.learnlib.logging.LearnLogger logQuery
INFO: DB CACHE [ε | challenge_v0 success_request_with_credentials eap_success success_and_cryptobinding /  challenge_response_v0 success_response_v0 after_eap_success tlv_success_and_cryptobinding]
Aug 13, 2025 4:39:47 PM de.learnlib.logging.LearnLogger logQuery
INFO: DB CACHE [ε | challenge_v0 success_request_with_credentials eap_success tlv_request /  challenge_response_v0 success_response_v0 after_eap_success tlv_success]
Aug 13, 2025 4:39:47 PM de.learnlib.logging.LearnLogger logQuery
INFO: DB CACHE [ε | challenge_v0 eap_success eap_success /  challenge_response_v0 after_eap_success after_eap_success]
Aug 13, 2025 4:39:50 PM de.learnlib.logging.LearnLogger logQuery
INFO: [ε | challenge_v0 eap_success eap_success success_and_cryptobinding / ε | challenge_response_v0 after_eap_success after_eap_success no_reply]
Aug 13, 2025 4:39:54 PM de.learnlib.logging.LearnLogger logQuery
INFO: [ε | challenge_v0 eap_success eap_success tlv_request / ε | challenge_response_v0 after_eap_success after_eap_success tlv_failureencrypted_alert]
Aug 13, 2025 4:39:54 PM de.learnlib.logging.LearnLogger logQuery
INFO: DB CACHE [ε | challenge_v0 id_request_v0 4_way_message_1 /  challenge_response_v0 id_response_v0 no_reply]
Aug 13, 2025 4:39:54 PM de.learnlib.logging.LearnLogger logQuery
INFO: DB CACHE [ε | challenge_v0 challenge_v0 4_way_message_1 /  challenge_response_v0 challenge_response_v0 no_reply]
Aug 13, 2025 4:39:54 PM de.learnlib.logging.LearnLogger logQuery
INFO: DB CACHE [ε | challenge_v0 success_request_with_credentials 4_way_message_1 /  challenge_response_v0 success_response_v0 no_reply]
Aug 13, 2025 4:39:54 PM de.learnlib.logging.LearnLogger logQuery
INFO: DB CACHE [ε | challenge_v0 eap_success 4_way_message_1 /  challenge_response_v0 after_eap_success no_reply]
Aug 13, 2025 4:39:54 PM de.learnlib.logging.LearnLogger logQuery
INFO: DB CACHE [ε | success_request_with_credentials id_request_v0 id_request_v0 /  success_response_v0 id_response_v0 id_response_v0]
Aug 13, 2025 4:39:57 PM de.learnlib.logging.LearnLogger logQuery
INFO: [ε | success_request_with_credentials id_request_v0 id_request_v0 success_and_cryptobinding / ε | success_response_v0 id_response_v0 id_response_v0 no_reply]
Aug 13, 2025 4:39:59 PM de.learnlib.logging.LearnLogger logQuery
INFO: [ε | success_request_with_credentials id_request_v0 id_request_v0 tlv_request / ε | success_response_v0 id_response_v0 id_response_v0 tlv_success]
Aug 13, 2025 4:39:59 PM de.learnlib.logging.LearnLogger logQuery
INFO: DB CACHE [ε | success_request_with_credentials challenge_v0 id_request_v0 /  success_response_v0 challenge_response_v0 id_response_v0]
Aug 13, 2025 4:40:02 PM de.learnlib.logging.LearnLogger logQuery
INFO: [ε | success_request_with_credentials challenge_v0 id_request_v0 success_and_cryptobinding / ε | success_response_v0 challenge_response_v0 id_response_v0 no_reply]
Aug 13, 2025 4:40:04 PM de.learnlib.logging.LearnLogger logQuery
INFO: [ε | success_request_with_credentials challenge_v0 id_request_v0 tlv_request / ε | success_response_v0 challenge_response_v0 id_response_v0 tlv_success]
Aug 13, 2025 4:40:04 PM de.learnlib.logging.LearnLogger logQuery
INFO: DB CACHE [ε | success_request_with_credentials tlv_request id_request_v0 /  success_response_v0 tlv_success no_reply]
Aug 13, 2025 4:40:04 PM de.learnlib.logging.LearnLogger logQuery
INFO: DB CACHE [ε | success_request_with_credentials success_request_with_credentials id_request_v0 /  success_response_v0 success_response_v0 id_response_v0]
Aug 13, 2025 4:40:07 PM de.learnlib.logging.LearnLogger logQuery
INFO: [ε | success_request_with_credentials success_request_with_credentials id_request_v0 success_and_cryptobinding / ε | success_response_v0 success_response_v0 id_response_v0 no_reply]
Aug 13, 2025 4:40:09 PM de.learnlib.logging.LearnLogger logQuery
INFO: [ε | success_request_with_credentials success_request_with_credentials id_request_v0 tlv_request / ε | success_response_v0 success_response_v0 id_response_v0 tlv_success]
Aug 13, 2025 4:40:10 PM de.learnlib.logging.LearnLogger logQuery
INFO: DB CACHE [ε | success_request_with_credentials eap_success id_request_v0 /  success_response_v0 after_eap_success id_response_v0]
Aug 13, 2025 4:40:13 PM de.learnlib.logging.LearnLogger logQuery
INFO: [ε | success_request_with_credentials eap_success id_request_v0 success_and_cryptobinding / ε | success_response_v0 after_eap_success id_response_v0 no_reply]
Aug 13, 2025 4:40:16 PM de.learnlib.logging.LearnLogger logQuery
INFO: [ε | success_request_with_credentials eap_success id_request_v0 tlv_request / ε | success_response_v0 after_eap_success id_response_v0 tlv_success]
Aug 13, 2025 4:40:16 PM de.learnlib.logging.LearnLogger logQuery
INFO: DB CACHE [ε | success_request_with_credentials id_request_v0 challenge_v0 /  success_response_v0 id_response_v0 challenge_response_v0]
Aug 13, 2025 4:40:18 PM de.learnlib.logging.LearnLogger logQuery
INFO: [ε | success_request_with_credentials id_request_v0 challenge_v0 success_and_cryptobinding / ε | success_response_v0 id_response_v0 challenge_response_v0 no_reply]
Aug 13, 2025 4:40:21 PM de.learnlib.logging.LearnLogger logQuery
INFO: [ε | success_request_with_credentials id_request_v0 challenge_v0 tlv_request / ε | success_response_v0 id_response_v0 challenge_response_v0 tlv_success]
Aug 13, 2025 4:40:21 PM de.learnlib.logging.LearnLogger logQuery
INFO: DB CACHE [ε | success_request_with_credentials challenge_v0 challenge_v0 /  success_response_v0 challenge_response_v0 challenge_response_v0]
Aug 13, 2025 4:40:23 PM de.learnlib.logging.LearnLogger logQuery
INFO: [ε | success_request_with_credentials challenge_v0 challenge_v0 success_and_cryptobinding / ε | success_response_v0 challenge_response_v0 challenge_response_v0 no_reply]
Aug 13, 2025 4:40:26 PM de.learnlib.logging.LearnLogger logQuery
INFO: [ε | success_request_with_credentials challenge_v0 challenge_v0 tlv_request / ε | success_response_v0 challenge_response_v0 challenge_response_v0 tlv_success]
Aug 13, 2025 4:40:26 PM de.learnlib.logging.LearnLogger logQuery
INFO: DB CACHE [ε | success_request_with_credentials tlv_request challenge_v0 /  success_response_v0 tlv_success no_reply]
Aug 13, 2025 4:40:26 PM de.learnlib.logging.LearnLogger logQuery
INFO: DB CACHE [ε | success_request_with_credentials success_request_with_credentials challenge_v0 /  success_response_v0 success_response_v0 challenge_response_v0]
Aug 13, 2025 4:40:29 PM de.learnlib.logging.LearnLogger logQuery
INFO: [ε | success_request_with_credentials success_request_with_credentials challenge_v0 success_and_cryptobinding / ε | success_response_v0 success_response_v0 challenge_response_v0 no_reply]
Aug 13, 2025 4:40:31 PM de.learnlib.logging.LearnLogger logQuery
INFO: [ε | success_request_with_credentials success_request_with_credentials challenge_v0 tlv_request / ε | success_response_v0 success_response_v0 challenge_response_v0 tlv_success]
Aug 13, 2025 4:40:31 PM de.learnlib.logging.LearnLogger logQuery
INFO: DB CACHE [ε | success_request_with_credentials eap_success challenge_v0 /  success_response_v0 after_eap_success challenge_response_v0]
Aug 13, 2025 4:40:34 PM de.learnlib.logging.LearnLogger logQuery
INFO: [ε | success_request_with_credentials eap_success challenge_v0 success_and_cryptobinding / ε | success_response_v0 after_eap_success challenge_response_v0 no_reply]
Aug 13, 2025 4:40:37 PM de.learnlib.logging.LearnLogger logQuery
INFO: [ε | success_request_with_credentials eap_success challenge_v0 tlv_request / ε | success_response_v0 after_eap_success challenge_response_v0 tlv_success]
Aug 13, 2025 4:40:40 PM de.learnlib.logging.LearnLogger logQuery
INFO: [ε | success_request_with_credentials id_request_v0 tlv_request success_and_cryptobinding / ε | success_response_v0 id_response_v0 tlv_success no_reply]
Aug 13, 2025 4:40:43 PM de.learnlib.logging.LearnLogger logQuery
INFO: [ε | success_request_with_credentials id_request_v0 tlv_request tlv_request / ε | success_response_v0 id_response_v0 tlv_success no_reply]
Aug 13, 2025 4:40:46 PM de.learnlib.logging.LearnLogger logQuery
INFO: [ε | success_request_with_credentials challenge_v0 tlv_request success_and_cryptobinding / ε | success_response_v0 challenge_response_v0 tlv_success no_reply]
Aug 13, 2025 4:40:49 PM de.learnlib.logging.LearnLogger logQuery
INFO: [ε | success_request_with_credentials challenge_v0 tlv_request tlv_request / ε | success_response_v0 challenge_response_v0 tlv_success no_reply]
Aug 13, 2025 4:40:51 PM de.learnlib.logging.LearnLogger logQuery
INFO: [ε | success_request_with_credentials success_request_with_credentials tlv_request success_and_cryptobinding / ε | success_response_v0 success_response_v0 tlv_success no_reply]
Aug 13, 2025 4:40:54 PM de.learnlib.logging.LearnLogger logQuery
INFO: [ε | success_request_with_credentials success_request_with_credentials tlv_request tlv_request / ε | success_response_v0 success_response_v0 tlv_success no_reply]
Aug 13, 2025 4:40:58 PM de.learnlib.logging.LearnLogger logQuery
INFO: [ε | success_request_with_credentials eap_success tlv_request success_and_cryptobinding / ε | success_response_v0 after_eap_success tlv_success no_reply]
Aug 13, 2025 4:41:01 PM de.learnlib.logging.LearnLogger logQuery
INFO: [ε | success_request_with_credentials eap_success tlv_request tlv_request / ε | success_response_v0 after_eap_success tlv_success no_reply]
Aug 13, 2025 4:41:01 PM de.learnlib.logging.LearnLogger logQuery
INFO: DB CACHE [ε | success_request_with_credentials id_request_v0 tlv_failure /  success_response_v0 id_response_v0 tlv_failureencrypted_alert]
Aug 13, 2025 4:41:01 PM de.learnlib.logging.LearnLogger logQuery
INFO: DB CACHE [ε | success_request_with_credentials challenge_v0 tlv_failure /  success_response_v0 challenge_response_v0 tlv_failureencrypted_alert]
Aug 13, 2025 4:41:01 PM de.learnlib.logging.LearnLogger logQuery
INFO: DB CACHE [ε | success_request_with_credentials tlv_request tlv_failure /  success_response_v0 tlv_success no_reply]
Aug 13, 2025 4:41:01 PM de.learnlib.logging.LearnLogger logQuery
INFO: DB CACHE [ε | success_request_with_credentials success_request_with_credentials tlv_failure /  success_response_v0 success_response_v0 tlv_failureencrypted_alert]
Aug 13, 2025 4:41:01 PM de.learnlib.logging.LearnLogger logQuery
INFO: DB CACHE [ε | success_request_with_credentials eap_success tlv_failure /  success_response_v0 after_eap_success tlv_failureencrypted_alert]
Aug 13, 2025 4:41:01 PM de.learnlib.logging.LearnLogger logQuery
INFO: DB CACHE [ε | success_request_with_credentials id_request_v0 success_request_all_zeros /  success_response_v0 id_response_v0 encrypted_alert]
Aug 13, 2025 4:41:01 PM de.learnlib.logging.LearnLogger logQuery
INFO: DB CACHE [ε | success_request_with_credentials challenge_v0 success_request_all_zeros /  success_response_v0 challenge_response_v0 encrypted_alert]
Aug 13, 2025 4:41:01 PM de.learnlib.logging.LearnLogger logQuery
INFO: DB CACHE [ε | success_request_with_credentials tlv_request success_request_all_zeros /  success_response_v0 tlv_success no_reply]
Aug 13, 2025 4:41:01 PM de.learnlib.logging.LearnLogger logQuery
INFO: DB CACHE [ε | success_request_with_credentials success_request_with_credentials success_request_all_zeros /  success_response_v0 success_response_v0 encrypted_alert]
Aug 13, 2025 4:41:01 PM de.learnlib.logging.LearnLogger logQuery
INFO: DB CACHE [ε | success_request_with_credentials eap_success success_request_all_zeros /  success_response_v0 after_eap_success encrypted_alert]
Aug 13, 2025 4:41:01 PM de.learnlib.logging.LearnLogger logQuery
INFO: DB CACHE [ε | success_request_with_credentials id_request_v0 success_request_with_credentials /  success_response_v0 id_response_v0 success_response_v0]
Aug 13, 2025 4:41:04 PM de.learnlib.logging.LearnLogger logQuery
INFO: [ε | success_request_with_credentials id_request_v0 success_request_with_credentials success_and_cryptobinding / ε | success_response_v0 id_response_v0 success_response_v0 no_reply]
Aug 13, 2025 4:41:07 PM de.learnlib.logging.LearnLogger logQuery
INFO: [ε | success_request_with_credentials id_request_v0 success_request_with_credentials tlv_request / ε | success_response_v0 id_response_v0 success_response_v0 tlv_success]
Aug 13, 2025 4:41:07 PM de.learnlib.logging.LearnLogger logQuery
INFO: DB CACHE [ε | success_request_with_credentials challenge_v0 success_request_with_credentials /  success_response_v0 challenge_response_v0 success_response_v0]
Aug 13, 2025 4:41:09 PM de.learnlib.logging.LearnLogger logQuery
INFO: [ε | success_request_with_credentials challenge_v0 success_request_with_credentials success_and_cryptobinding / ε | success_response_v0 challenge_response_v0 success_response_v0 tlv_success_and_cryptobinding]
Aug 13, 2025 4:41:11 PM de.learnlib.logging.LearnLogger logQuery
INFO: [ε | success_request_with_credentials challenge_v0 success_request_with_credentials success_and_cryptobinding / ε | success_response_v0 challenge_response_v0 success_response_v0 tlv_success_and_cryptobinding]
Aug 13, 2025 4:41:13 PM de.learnlib.logging.LearnLogger logQuery
INFO: [ε | success_request_with_credentials challenge_v0 success_request_with_credentials success_and_cryptobinding / ε | success_response_v0 challenge_response_v0 success_response_v0 tlv_success_and_cryptobinding]
Aug 13, 2025 4:51:45 PM de.learnlib.logging.LearnLogger logQuery
INFO: [ε | eap_success id_request_v0 success_request_with_credentials success_and_cryptobinding / ε | after_eap_success id_response_v0 success_response_v0 no_reply]
Aug 13, 2025 4:51:48 PM de.learnlib.logging.LearnLogger logQuery
INFO: [ε | eap_success challenge_v0 success_request_with_credentials success_and_cryptobinding / ε | after_eap_success challenge_response_v0 success_response_v0 tlv_success_and_cryptobinding]
Aug 13, 2025 4:51:48 PM de.learnlib.logging.LearnLogger logQuery
INFO: DB CACHE [ε | success_request_with_credentials tlv_request success_request_with_credentials success_and_cryptobinding /  success_response_v0 tlv_success no_reply -]
Aug 13, 2025 4:51:48 PM de.learnlib.logging.LearnLogger logQuery
INFO: DB CACHE [ε | success_request_with_credentials success_request_with_credentials success_request_with_credentials success_and_cryptobinding /  success_response_v0 success_response_v0 success_response_v0 no_reply]
Aug 13, 2025 4:51:51 PM de.learnlib.logging.LearnLogger logQuery
INFO: [ε | eap_success success_request_with_credentials success_request_with_credentials success_and_cryptobinding / ε | after_eap_success success_response_v0 success_response_v0 no_reply]
Aug 13, 2025 4:51:52 PM de.learnlib.logging.LearnLogger logQuery
INFO: DB CACHE [ε | success_request_with_credentials eap_success success_request_with_credentials success_and_cryptobinding /  success_response_v0 after_eap_success success_response_v0 no_reply]
Aug 13, 2025 4:51:55 PM de.learnlib.logging.LearnLogger logQuery
INFO: [ε | eap_success eap_success success_request_with_credentials success_and_cryptobinding / ε | after_eap_success after_eap_success success_response_v0 no_reply]
Aug 13, 2025 4:51:58 PM de.learnlib.logging.LearnLogger logQuery
INFO: [ε | id_request_v0 id_request_v0 id_request_v0 success_request_with_credentials success_and_cryptobinding / ε | id_response_v0 id_response_v0 id_response_v0 success_response_v0 no_reply]
Aug 13, 2025 4:52:01 PM de.learnlib.logging.LearnLogger logQuery
INFO: [ε | id_request_v0 challenge_v0 id_request_v0 success_request_with_credentials success_and_cryptobinding / ε | id_response_v0 challenge_response_v0 id_response_v0 success_response_v0 tlv_success_and_cryptobinding]
Aug 13, 2025 4:52:04 PM de.learnlib.logging.LearnLogger logQuery
INFO: [ε | id_request_v0 success_request_with_credentials id_request_v0 success_request_with_credentials success_and_cryptobinding / ε | id_response_v0 success_response_v0 id_response_v0 success_response_v0 no_reply]
Aug 13, 2025 4:52:07 PM de.learnlib.logging.LearnLogger logQuery
INFO: [ε | id_request_v0 eap_success id_request_v0 success_request_with_credentials success_and_cryptobinding / ε | id_response_v0 after_eap_success id_response_v0 success_response_v0 no_reply]
Aug 13, 2025 4:52:09 PM de.learnlib.logging.LearnLogger logQuery
INFO: [ε | id_request_v0 id_request_v0 challenge_v0 success_request_with_credentials success_and_cryptobinding / ε | id_response_v0 id_response_v0 challenge_response_v0 success_response_v0 tlv_success_and_cryptobinding]
Aug 13, 2025 4:52:12 PM de.learnlib.logging.LearnLogger logQuery
INFO: [ε | id_request_v0 challenge_v0 challenge_v0 success_request_with_credentials success_and_cryptobinding / ε | id_response_v0 challenge_response_v0 challenge_response_v0 success_response_v0 tlv_success_and_cryptobinding]
Aug 13, 2025 4:52:14 PM de.learnlib.logging.LearnLogger logQuery
INFO: [ε | id_request_v0 success_request_with_credentials challenge_v0 success_request_with_credentials success_and_cryptobinding / ε | id_response_v0 success_response_v0 challenge_response_v0 success_response_v0 tlv_success_and_cryptobinding]
Aug 13, 2025 4:52:17 PM de.learnlib.logging.LearnLogger logQuery
INFO: [ε | id_request_v0 eap_success challenge_v0 success_request_with_credentials success_and_cryptobinding / ε | id_response_v0 after_eap_success challenge_response_v0 success_response_v0 tlv_success_and_cryptobinding]
Aug 13, 2025 4:52:19 PM de.learnlib.logging.LearnLogger logQuery
INFO: [ε | id_request_v0 success_request_with_credentials tlv_request success_request_with_credentials success_and_cryptobinding / ε | id_response_v0 success_response_v0 tlv_success no_reply -]
Aug 13, 2025 4:52:22 PM de.learnlib.logging.LearnLogger logQuery
INFO: [ε | id_request_v0 id_request_v0 success_request_with_credentials success_request_with_credentials success_and_cryptobinding / ε | id_response_v0 id_response_v0 success_response_v0 success_response_v0 no_reply]
Aug 13, 2025 4:52:25 PM de.learnlib.logging.LearnLogger logQuery
INFO: [ε | id_request_v0 challenge_v0 success_request_with_credentials success_request_with_credentials success_and_cryptobinding / ε | id_response_v0 challenge_response_v0 success_response_v0 success_response_v0 tlv_success_and_cryptobinding]
Aug 13, 2025 4:52:27 PM de.learnlib.logging.LearnLogger logQuery
INFO: [ε | id_request_v0 success_request_with_credentials success_request_with_credentials success_request_with_credentials success_and_cryptobinding / ε | id_response_v0 success_response_v0 success_response_v0 success_response_v0 no_reply]
Aug 13, 2025 4:52:31 PM de.learnlib.logging.LearnLogger logQuery
INFO: [ε | id_request_v0 eap_success success_request_with_credentials success_request_with_credentials success_and_cryptobinding / ε | id_response_v0 after_eap_success success_response_v0 success_response_v0 no_reply]
Aug 13, 2025 4:52:34 PM de.learnlib.logging.LearnLogger logQuery
INFO: [ε | id_request_v0 id_request_v0 eap_success success_request_with_credentials success_and_cryptobinding / ε | id_response_v0 id_response_v0 after_eap_success success_response_v0 no_reply]
Aug 13, 2025 4:52:37 PM de.learnlib.logging.LearnLogger logQuery
INFO: [ε | id_request_v0 challenge_v0 eap_success success_request_with_credentials success_and_cryptobinding / ε | id_response_v0 challenge_response_v0 after_eap_success success_response_v0 tlv_success_and_cryptobinding]
Aug 13, 2025 4:52:41 PM de.learnlib.logging.LearnLogger logQuery
INFO: [ε | id_request_v0 success_request_with_credentials eap_success success_request_with_credentials success_and_cryptobinding / ε | id_response_v0 success_response_v0 after_eap_success success_response_v0 no_reply]
Aug 13, 2025 4:52:44 PM de.learnlib.logging.LearnLogger logQuery
INFO: [ε | id_request_v0 eap_success eap_success success_request_with_credentials success_and_cryptobinding / ε | id_response_v0 after_eap_success after_eap_success success_response_v0 no_reply]
Aug 13, 2025 4:52:47 PM de.learnlib.logging.LearnLogger logQuery
INFO: [ε | challenge_v0 id_request_v0 id_request_v0 success_request_with_credentials success_and_cryptobinding / ε | challenge_response_v0 id_response_v0 id_response_v0 success_response_v0 tlv_success_and_cryptobinding]
Aug 13, 2025 4:52:49 PM de.learnlib.logging.LearnLogger logQuery
INFO: [ε | challenge_v0 challenge_v0 id_request_v0 success_request_with_credentials success_and_cryptobinding / ε | challenge_response_v0 challenge_response_v0 id_response_v0 success_response_v0 tlv_success_and_cryptobinding]
Aug 13, 2025 4:52:49 PM de.learnlib.logging.LearnLogger logQuery
INFO: DB CACHE [ε | challenge_v0 success_request_with_credentials id_request_v0 success_request_with_credentials success_and_cryptobinding /  challenge_response_v0 success_response_v0 id_response_v0 success_response_v0 tlv_success_and_cryptobinding]
Aug 13, 2025 4:52:52 PM de.learnlib.logging.LearnLogger logQuery
INFO: [ε | challenge_v0 eap_success id_request_v0 success_request_with_credentials success_and_cryptobinding / ε | challenge_response_v0 after_eap_success id_response_v0 success_response_v0 tlv_success_and_cryptobinding]
Aug 13, 2025 4:52:54 PM de.learnlib.logging.LearnLogger logQuery
INFO: [ε | challenge_v0 id_request_v0 challenge_v0 success_request_with_credentials success_and_cryptobinding / ε | challenge_response_v0 id_response_v0 challenge_response_v0 success_response_v0 tlv_success_and_cryptobinding]
Aug 13, 2025 4:52:56 PM de.learnlib.logging.LearnLogger logQuery
INFO: [ε | challenge_v0 challenge_v0 challenge_v0 success_request_with_credentials success_and_cryptobinding / ε | challenge_response_v0 challenge_response_v0 challenge_response_v0 success_response_v0 tlv_success_and_cryptobinding]
Aug 13, 2025 4:52:57 PM de.learnlib.logging.LearnLogger logQuery
INFO: DB CACHE [ε | challenge_v0 success_request_with_credentials challenge_v0 success_request_with_credentials success_and_cryptobinding /  challenge_response_v0 success_response_v0 challenge_response_v0 success_response_v0 tlv_success_and_cryptobinding]
Aug 13, 2025 4:52:59 PM de.learnlib.logging.LearnLogger logQuery
INFO: [ε | challenge_v0 eap_success challenge_v0 success_request_with_credentials success_and_cryptobinding / ε | challenge_response_v0 after_eap_success challenge_response_v0 success_response_v0 tlv_success_and_cryptobinding]
Aug 13, 2025 4:52:59 PM de.learnlib.logging.LearnLogger logQuery
INFO: DB CACHE [ε | challenge_v0 success_request_with_credentials tlv_request success_request_with_credentials success_and_cryptobinding /  challenge_response_v0 success_response_v0 tlv_success no_reply -]
Aug 13, 2025 4:53:01 PM de.learnlib.logging.LearnLogger logQuery
INFO: [ε | challenge_v0 id_request_v0 success_request_with_credentials success_request_with_credentials success_and_cryptobinding / ε | challenge_response_v0 id_response_v0 success_response_v0 success_response_v0 tlv_success_and_cryptobinding]
Aug 13, 2025 4:53:04 PM de.learnlib.logging.LearnLogger logQuery
INFO: [ε | challenge_v0 challenge_v0 success_request_with_credentials success_request_with_credentials success_and_cryptobinding / ε | challenge_response_v0 challenge_response_v0 success_response_v0 success_response_v0 tlv_success_and_cryptobinding]
Aug 13, 2025 4:53:04 PM de.learnlib.logging.LearnLogger logQuery
INFO: DB CACHE [ε | challenge_v0 success_request_with_credentials success_request_with_credentials success_request_with_credentials success_and_cryptobinding /  challenge_response_v0 success_response_v0 success_response_v0 success_response_v0 tlv_success_and_cryptobinding]
Aug 13, 2025 4:53:06 PM de.learnlib.logging.LearnLogger logQuery
INFO: [ε | challenge_v0 eap_success success_request_with_credentials success_request_with_credentials success_and_cryptobinding / ε | challenge_response_v0 after_eap_success success_response_v0 success_response_v0 tlv_success_and_cryptobinding]
Aug 13, 2025 4:53:07 PM de.learnlib.logging.LearnLogger logQuery
INFO: DB CACHE [ε | challenge_v0 success_request_with_credentials success_and_cryptobinding success_request_with_credentials success_and_cryptobinding /  challenge_response_v0 success_response_v0 tlv_success_and_cryptobinding no_reply -]
Aug 13, 2025 4:53:09 PM de.learnlib.logging.LearnLogger logQuery
INFO: [ε | challenge_v0 id_request_v0 eap_success success_request_with_credentials success_and_cryptobinding / ε | challenge_response_v0 id_response_v0 after_eap_success success_response_v0 tlv_success_and_cryptobinding]
Aug 13, 2025 4:53:12 PM de.learnlib.logging.LearnLogger logQuery
INFO: [ε | challenge_v0 challenge_v0 eap_success success_request_with_credentials success_and_cryptobinding / ε | challenge_response_v0 challenge_response_v0 after_eap_success success_response_v0 tlv_success_and_cryptobinding]
Aug 13, 2025 4:53:12 PM de.learnlib.logging.LearnLogger logQuery
INFO: DB CACHE [ε | challenge_v0 success_request_with_credentials eap_success success_request_with_credentials success_and_cryptobinding /  challenge_response_v0 success_response_v0 after_eap_success success_response_v0 tlv_success_and_cryptobinding]
Aug 13, 2025 4:53:15 PM de.learnlib.logging.LearnLogger logQuery
INFO: [ε | challenge_v0 eap_success eap_success success_request_with_credentials success_and_cryptobinding / ε | challenge_response_v0 after_eap_success after_eap_success success_response_v0 tlv_success_and_cryptobinding]
Aug 13, 2025 4:53:18 PM de.learnlib.logging.LearnLogger logQuery
INFO: [ε | success_request_with_credentials id_request_v0 id_request_v0 success_request_with_credentials success_and_cryptobinding / ε | success_response_v0 id_response_v0 id_response_v0 success_response_v0 no_reply]
Aug 13, 2025 4:53:18 PM de.learnlib.logging.LearnLogger logQuery
INFO: DB CACHE [ε | success_request_with_credentials challenge_v0 id_request_v0 success_request_with_credentials success_and_cryptobinding /  success_response_v0 challenge_response_v0 id_response_v0 success_response_v0 tlv_success_and_cryptobinding]
Aug 13, 2025 4:53:21 PM de.learnlib.logging.LearnLogger logQuery
INFO: [ε | success_request_with_credentials success_request_with_credentials id_request_v0 success_request_with_credentials success_and_cryptobinding / ε | success_response_v0 success_response_v0 id_response_v0 success_response_v0 no_reply]
Aug 13, 2025 4:53:24 PM de.learnlib.logging.LearnLogger logQuery
INFO: [ε | success_request_with_credentials eap_success id_request_v0 success_request_with_credentials success_and_cryptobinding / ε | success_response_v0 after_eap_success id_response_v0 success_response_v0 no_reply]
Aug 13, 2025 4:53:27 PM de.learnlib.logging.LearnLogger logQuery
INFO: [ε | success_request_with_credentials id_request_v0 challenge_v0 success_request_with_credentials success_and_cryptobinding / ε | success_response_v0 id_response_v0 challenge_response_v0 success_response_v0 tlv_success_and_cryptobinding]
Aug 13, 2025 4:53:27 PM de.learnlib.logging.LearnLogger logQuery
INFO: DB CACHE [ε | success_request_with_credentials challenge_v0 challenge_v0 success_request_with_credentials success_and_cryptobinding /  success_response_v0 challenge_response_v0 challenge_response_v0 success_response_v0 tlv_success_and_cryptobinding]
Aug 13, 2025 4:53:29 PM de.learnlib.logging.LearnLogger logQuery
INFO: [ε | success_request_with_credentials success_request_with_credentials challenge_v0 success_request_with_credentials success_and_cryptobinding / ε | success_response_v0 success_response_v0 challenge_response_v0 success_response_v0 tlv_success_and_cryptobinding]
Aug 13, 2025 4:53:32 PM de.learnlib.logging.LearnLogger logQuery
INFO: [ε | success_request_with_credentials eap_success challenge_v0 success_request_with_credentials success_and_cryptobinding / ε | success_response_v0 after_eap_success challenge_response_v0 success_response_v0 tlv_success_and_cryptobinding]
Aug 13, 2025 4:53:35 PM de.learnlib.logging.LearnLogger logQuery
INFO: [ε | success_request_with_credentials id_request_v0 tlv_request success_request_with_credentials success_and_cryptobinding / ε | success_response_v0 id_response_v0 tlv_success no_reply -]
Aug 13, 2025 4:53:35 PM de.learnlib.logging.LearnLogger logQuery
INFO: DB CACHE [ε | success_request_with_credentials challenge_v0 tlv_request success_request_with_credentials success_and_cryptobinding /  success_response_v0 challenge_response_v0 tlv_success no_reply -]
Aug 13, 2025 4:53:37 PM de.learnlib.logging.LearnLogger logQuery
INFO: [ε | success_request_with_credentials success_request_with_credentials tlv_request success_request_with_credentials success_and_cryptobinding / ε | success_response_v0 success_response_v0 tlv_success no_reply -]
Aug 13, 2025 4:53:41 PM de.learnlib.logging.LearnLogger logQuery
INFO: [ε | success_request_with_credentials eap_success tlv_request success_request_with_credentials success_and_cryptobinding / ε | success_response_v0 after_eap_success tlv_success no_reply -]
Aug 13, 2025 4:53:43 PM de.learnlib.logging.LearnLogger logQuery
INFO: [ε | success_request_with_credentials id_request_v0 success_request_with_credentials success_request_with_credentials success_and_cryptobinding / ε | success_response_v0 id_response_v0 success_response_v0 success_response_v0 no_reply]
Aug 13, 2025 4:53:44 PM de.learnlib.logging.LearnLogger logQuery
INFO: DB CACHE [ε | success_request_with_credentials challenge_v0 success_request_with_credentials tlv_request /  success_response_v0 challenge_response_v0 success_response_v0 tlv_success]
Aug 13, 2025 4:53:44 PM de.learnlib.logging.LearnLogger logQuery
INFO: DB CACHE [ε | success_request_with_credentials challenge_v0 success_request_with_credentials success_request_with_credentials success_and_cryptobinding /  success_response_v0 challenge_response_v0 success_response_v0 success_response_v0 tlv_success_and_cryptobinding]
Aug 13, 2025 4:53:46 PM de.learnlib.logging.LearnLogger logQuery
INFO: [ε | success_request_with_credentials success_request_with_credentials success_request_with_credentials tlv_request / ε | success_response_v0 success_response_v0 success_response_v0 tlv_success]
Aug 13, 2025 4:53:49 PM de.learnlib.logging.LearnLogger logQuery
INFO: [ε | success_request_with_credentials success_request_with_credentials success_request_with_credentials success_request_with_credentials success_and_cryptobinding / ε | success_response_v0 success_response_v0 success_response_v0 success_response_v0 no_reply]
Aug 13, 2025 4:53:52 PM de.learnlib.logging.LearnLogger logQuery
INFO: [ε | success_request_with_credentials eap_success success_request_with_credentials tlv_request / ε | success_response_v0 after_eap_success success_response_v0 tlv_success]
Aug 13, 2025 4:53:55 PM de.learnlib.logging.LearnLogger logQuery
INFO: [ε | success_request_with_credentials eap_success success_request_with_credentials success_request_with_credentials success_and_cryptobinding / ε | success_response_v0 after_eap_success success_response_v0 success_response_v0 no_reply]
Aug 13, 2025 4:53:55 PM de.learnlib.logging.LearnLogger logQuery
INFO: DB CACHE [ε | success_request_with_credentials id_request_v0 cryptobinding /  success_response_v0 id_response_v0 no_reply]
Aug 13, 2025 4:53:55 PM de.learnlib.logging.LearnLogger logQuery
INFO: DB CACHE [ε | success_request_with_credentials challenge_v0 cryptobinding /  success_response_v0 challenge_response_v0 no_reply]
Aug 13, 2025 4:53:55 PM de.learnlib.logging.LearnLogger logQuery
INFO: DB CACHE [ε | success_request_with_credentials tlv_request cryptobinding /  success_response_v0 tlv_success no_reply]
Aug 13, 2025 4:53:55 PM de.learnlib.logging.LearnLogger logQuery
INFO: DB CACHE [ε | success_request_with_credentials success_request_with_credentials cryptobinding /  success_response_v0 success_response_v0 no_reply]
Aug 13, 2025 4:53:55 PM de.learnlib.logging.LearnLogger logQuery
INFO: DB CACHE [ε | success_request_with_credentials eap_success cryptobinding /  success_response_v0 after_eap_success no_reply]
Aug 13, 2025 4:53:55 PM de.learnlib.logging.LearnLogger logQuery
INFO: DB CACHE [ε | success_request_with_credentials id_request_v0 eap_success /  success_response_v0 id_response_v0 after_eap_success]
Aug 13, 2025 4:53:58 PM de.learnlib.logging.LearnLogger logQuery
INFO: [ε | success_request_with_credentials id_request_v0 eap_success success_and_cryptobinding / ε | success_response_v0 id_response_v0 after_eap_success no_reply]
Aug 13, 2025 4:54:01 PM de.learnlib.logging.LearnLogger logQuery
INFO: [ε | success_request_with_credentials id_request_v0 eap_success tlv_request / ε | success_response_v0 id_response_v0 after_eap_success tlv_success]
Aug 13, 2025 4:54:04 PM de.learnlib.logging.LearnLogger logQuery
INFO: [ε | success_request_with_credentials id_request_v0 eap_success success_request_with_credentials success_and_cryptobinding / ε | success_response_v0 id_response_v0 after_eap_success success_response_v0 no_reply]
Aug 13, 2025 4:54:05 PM de.learnlib.logging.LearnLogger logQuery
INFO: DB CACHE [ε | success_request_with_credentials challenge_v0 eap_success /  success_response_v0 challenge_response_v0 after_eap_success]
Aug 13, 2025 4:54:05 PM de.learnlib.logging.LearnLogger logQuery
INFO: DB CACHE [ε | success_request_with_credentials challenge_v0 eap_success success_and_cryptobinding /  success_response_v0 challenge_response_v0 after_eap_success no_reply]
Aug 13, 2025 4:54:05 PM de.learnlib.logging.LearnLogger logQuery
INFO: DB CACHE [ε | success_request_with_credentials challenge_v0 eap_success tlv_request /  success_response_v0 challenge_response_v0 after_eap_success tlv_success]
Aug 13, 2025 4:54:05 PM de.learnlib.logging.LearnLogger logQuery
INFO: DB CACHE [ε | success_request_with_credentials challenge_v0 eap_success success_request_with_credentials success_and_cryptobinding /  success_response_v0 challenge_response_v0 after_eap_success success_response_v0 tlv_success_and_cryptobinding]
Aug 13, 2025 4:54:05 PM de.learnlib.logging.LearnLogger logQuery
INFO: DB CACHE [ε | success_request_with_credentials tlv_request eap_success /  success_response_v0 tlv_success after_eap_success]
Aug 13, 2025 4:54:05 PM de.learnlib.logging.LearnLogger logQuery
INFO: DB CACHE [ε | success_request_with_credentials tlv_request eap_success success_and_cryptobinding /  success_response_v0 tlv_success after_eap_success deauthentication]
Aug 13, 2025 4:54:05 PM de.learnlib.logging.LearnLogger logQuery
INFO: DB CACHE [ε | success_request_with_credentials tlv_request eap_success tlv_request /  success_response_v0 tlv_success after_eap_success deauthentication]
Aug 13, 2025 4:54:05 PM de.learnlib.logging.LearnLogger logQuery
INFO: DB CACHE [ε | success_request_with_credentials tlv_request eap_success success_request_with_credentials success_and_cryptobinding /  success_response_v0 tlv_success after_eap_success deauthentication -]
Aug 13, 2025 4:54:05 PM de.learnlib.logging.LearnLogger logQuery
INFO: DB CACHE [ε | success_request_with_credentials success_request_with_credentials eap_success /  success_response_v0 success_response_v0 after_eap_success]
Aug 13, 2025 4:54:08 PM de.learnlib.logging.LearnLogger logQuery
INFO: [ε | success_request_with_credentials success_request_with_credentials eap_success success_and_cryptobinding / ε | success_response_v0 success_response_v0 after_eap_success no_reply]
Aug 13, 2025 4:54:11 PM de.learnlib.logging.LearnLogger logQuery
INFO: [ε | success_request_with_credentials success_request_with_credentials eap_success tlv_request / ε | success_response_v0 success_response_v0 after_eap_success tlv_success]
Aug 13, 2025 4:54:14 PM de.learnlib.logging.LearnLogger logQuery
INFO: [ε | success_request_with_credentials success_request_with_credentials eap_success success_request_with_credentials success_and_cryptobinding / ε | success_response_v0 success_response_v0 after_eap_success success_response_v0 no_reply]
Aug 13, 2025 4:54:14 PM de.learnlib.logging.LearnLogger logQuery
INFO: DB CACHE [ε | success_request_with_credentials eap_success eap_success /  success_response_v0 after_eap_success after_eap_success]
Aug 13, 2025 4:54:18 PM de.learnlib.logging.LearnLogger logQuery
INFO: [ε | success_request_with_credentials eap_success eap_success success_and_cryptobinding / ε | success_response_v0 after_eap_success after_eap_success no_reply]
Aug 13, 2025 4:54:21 PM de.learnlib.logging.LearnLogger logQuery
INFO: [ε | success_request_with_credentials eap_success eap_success tlv_request / ε | success_response_v0 after_eap_success after_eap_success tlv_success]
Aug 13, 2025 4:54:25 PM de.learnlib.logging.LearnLogger logQuery
INFO: [ε | success_request_with_credentials eap_success eap_success success_request_with_credentials success_and_cryptobinding / ε | success_response_v0 after_eap_success after_eap_success success_response_v0 no_reply]
Aug 13, 2025 4:54:25 PM de.learnlib.logging.LearnLogger logQuery
INFO: DB CACHE [ε | success_request_with_credentials id_request_v0 4_way_message_1 /  success_response_v0 id_response_v0 no_reply]
Aug 13, 2025 4:54:25 PM de.learnlib.logging.LearnLogger logQuery
INFO: DB CACHE [ε | success_request_with_credentials challenge_v0 4_way_message_1 /  success_response_v0 challenge_response_v0 no_reply]
Aug 13, 2025 4:54:25 PM de.learnlib.logging.LearnLogger logQuery
INFO: DB CACHE [ε | success_request_with_credentials tlv_request 4_way_message_1 /  success_response_v0 tlv_success 4_way_message_2]
Aug 13, 2025 4:54:25 PM de.learnlib.logging.LearnLogger logQuery
INFO: DB CACHE [ε | success_request_with_credentials success_request_with_credentials 4_way_message_1 /  success_response_v0 success_response_v0 no_reply]
Aug 13, 2025 4:54:25 PM de.learnlib.logging.LearnLogger logQuery
INFO: DB CACHE [ε | success_request_with_credentials eap_success 4_way_message_1 /  success_response_v0 after_eap_success no_reply]
Aug 13, 2025 4:54:28 PM de.learnlib.logging.LearnLogger logQuery
INFO: [ε | eap_success id_request_v0 id_request_v0 / ε | after_eap_success id_response_v0 id_response_v0]
Aug 13, 2025 4:54:31 PM de.learnlib.logging.LearnLogger logQuery
INFO: [ε | eap_success id_request_v0 id_request_v0 success_and_cryptobinding / ε | after_eap_success id_response_v0 id_response_v0 tlv_cryptobindingencrypted_alert]
Aug 13, 2025 4:54:34 PM de.learnlib.logging.LearnLogger logQuery
INFO: [ε | eap_success id_request_v0 id_request_v0 tlv_request / ε | after_eap_success id_response_v0 id_response_v0 tlv_failureencrypted_alert]
Aug 13, 2025 4:54:37 PM de.learnlib.logging.LearnLogger logQuery
INFO: [ε | eap_success id_request_v0 id_request_v0 success_request_with_credentials success_and_cryptobinding / ε | after_eap_success id_response_v0 id_response_v0 success_response_v0 no_reply]
Aug 13, 2025 4:54:40 PM de.learnlib.logging.LearnLogger logQuery
INFO: [ε | eap_success challenge_v0 id_request_v0 / ε | after_eap_success challenge_response_v0 id_response_v0]
Aug 13, 2025 4:54:43 PM de.learnlib.logging.LearnLogger logQuery
INFO: [ε | eap_success challenge_v0 id_request_v0 success_and_cryptobinding / ε | after_eap_success challenge_response_v0 id_response_v0 no_reply]
Aug 13, 2025 4:54:46 PM de.learnlib.logging.LearnLogger logQuery
INFO: [ε | eap_success challenge_v0 id_request_v0 tlv_request / ε | after_eap_success challenge_response_v0 id_response_v0 tlv_failureencrypted_alert]
Aug 13, 2025 4:54:49 PM de.learnlib.logging.LearnLogger logQuery
INFO: [ε | eap_success challenge_v0 id_request_v0 success_request_with_credentials success_and_cryptobinding / ε | after_eap_success challenge_response_v0 id_response_v0 success_response_v0 tlv_success_and_cryptobinding]
Aug 13, 2025 4:54:52 PM de.learnlib.logging.LearnLogger logQuery
INFO: [ε | eap_success success_request_with_credentials id_request_v0 / ε | after_eap_success success_response_v0 id_response_v0]
Aug 13, 2025 4:54:55 PM de.learnlib.logging.LearnLogger logQuery
INFO: [ε | eap_success success_request_with_credentials id_request_v0 success_and_cryptobinding / ε | after_eap_success success_response_v0 id_response_v0 no_reply]
Aug 13, 2025 4:54:58 PM de.learnlib.logging.LearnLogger logQuery
INFO: [ε | eap_success success_request_with_credentials id_request_v0 tlv_request / ε | after_eap_success success_response_v0 id_response_v0 tlv_success]
Aug 13, 2025 4:55:01 PM de.learnlib.logging.LearnLogger logQuery
INFO: [ε | eap_success success_request_with_credentials id_request_v0 success_request_with_credentials success_and_cryptobinding / ε | after_eap_success success_response_v0 id_response_v0 success_response_v0 no_reply]
Aug 13, 2025 4:55:04 PM de.learnlib.logging.LearnLogger logQuery
INFO: [ε | eap_success eap_success id_request_v0 / ε | after_eap_success after_eap_success id_response_v0]
Aug 13, 2025 4:55:08 PM de.learnlib.logging.LearnLogger logQuery
INFO: [ε | eap_success eap_success id_request_v0 success_and_cryptobinding / ε | after_eap_success after_eap_success id_response_v0 tlv_cryptobindingencrypted_alert]
Aug 13, 2025 4:55:11 PM de.learnlib.logging.LearnLogger logQuery
INFO: [ε | eap_success eap_success id_request_v0 tlv_request / ε | after_eap_success after_eap_success id_response_v0 tlv_failureencrypted_alert]
Aug 13, 2025 4:55:15 PM de.learnlib.logging.LearnLogger logQuery
INFO: [ε | eap_success eap_success id_request_v0 success_request_with_credentials success_and_cryptobinding / ε | after_eap_success after_eap_success id_response_v0 success_response_v0 no_reply]
Aug 13, 2025 4:55:18 PM de.learnlib.logging.LearnLogger logQuery
INFO: [ε | eap_success id_request_v0 challenge_v0 / ε | after_eap_success id_response_v0 challenge_response_v0]
Aug 13, 2025 4:55:21 PM de.learnlib.logging.LearnLogger logQuery
INFO: [ε | eap_success id_request_v0 challenge_v0 success_and_cryptobinding / ε | after_eap_success id_response_v0 challenge_response_v0 no_reply]
Aug 13, 2025 4:55:24 PM de.learnlib.logging.LearnLogger logQuery
INFO: [ε | eap_success id_request_v0 challenge_v0 tlv_request / ε | after_eap_success id_response_v0 challenge_response_v0 tlv_failureencrypted_alert]
Aug 13, 2025 4:55:27 PM de.learnlib.logging.LearnLogger logQuery
INFO: [ε | eap_success id_request_v0 challenge_v0 success_request_with_credentials success_and_cryptobinding / ε | after_eap_success id_response_v0 challenge_response_v0 success_response_v0 tlv_success_and_cryptobinding]
Aug 13, 2025 4:55:30 PM de.learnlib.logging.LearnLogger logQuery
INFO: [ε | eap_success challenge_v0 challenge_v0 / ε | after_eap_success challenge_response_v0 challenge_response_v0]
Aug 13, 2025 4:55:33 PM de.learnlib.logging.LearnLogger logQuery
INFO: [ε | eap_success challenge_v0 challenge_v0 success_and_cryptobinding / ε | after_eap_success challenge_response_v0 challenge_response_v0 no_reply]
Aug 13, 2025 4:55:36 PM de.learnlib.logging.LearnLogger logQuery
INFO: [ε | eap_success challenge_v0 challenge_v0 tlv_request / ε | after_eap_success challenge_response_v0 challenge_response_v0 tlv_failureencrypted_alert]
Aug 13, 2025 4:55:39 PM de.learnlib.logging.LearnLogger logQuery
INFO: [ε | eap_success challenge_v0 challenge_v0 success_request_with_credentials success_and_cryptobinding / ε | after_eap_success challenge_response_v0 challenge_response_v0 success_response_v0 tlv_success_and_cryptobinding]
Aug 13, 2025 4:55:42 PM de.learnlib.logging.LearnLogger logQuery
INFO: [ε | eap_success success_request_with_credentials challenge_v0 / ε | after_eap_success success_response_v0 challenge_response_v0]
Aug 13, 2025 4:55:45 PM de.learnlib.logging.LearnLogger logQuery
INFO: [ε | eap_success success_request_with_credentials challenge_v0 success_and_cryptobinding / ε | after_eap_success success_response_v0 challenge_response_v0 no_reply]
Aug 13, 2025 4:55:48 PM de.learnlib.logging.LearnLogger logQuery
INFO: [ε | eap_success success_request_with_credentials challenge_v0 tlv_request / ε | after_eap_success success_response_v0 challenge_response_v0 tlv_success]
Aug 13, 2025 4:55:51 PM de.learnlib.logging.LearnLogger logQuery
INFO: [ε | eap_success success_request_with_credentials challenge_v0 success_request_with_credentials success_and_cryptobinding / ε | after_eap_success success_response_v0 challenge_response_v0 success_response_v0 tlv_success_and_cryptobinding]
Aug 13, 2025 4:55:54 PM de.learnlib.logging.LearnLogger logQuery
INFO: [ε | eap_success eap_success challenge_v0 / ε | after_eap_success after_eap_success challenge_response_v0]
Aug 13, 2025 4:55:58 PM de.learnlib.logging.LearnLogger logQuery
INFO: [ε | eap_success eap_success challenge_v0 success_and_cryptobinding / ε | after_eap_success after_eap_success challenge_response_v0 no_reply]
Aug 13, 2025 4:56:01 PM de.learnlib.logging.LearnLogger logQuery
INFO: [ε | eap_success eap_success challenge_v0 tlv_request / ε | after_eap_success after_eap_success challenge_response_v0 tlv_failureencrypted_alert]
Aug 13, 2025 4:56:04 PM de.learnlib.logging.LearnLogger logQuery
INFO: [ε | eap_success eap_success challenge_v0 success_request_with_credentials success_and_cryptobinding / ε | after_eap_success after_eap_success challenge_response_v0 success_response_v0 tlv_success_and_cryptobinding]
Aug 13, 2025 4:56:08 PM de.learnlib.logging.LearnLogger logQuery
INFO: [ε | eap_success success_request_with_credentials tlv_request success_and_cryptobinding / ε | after_eap_success success_response_v0 tlv_success no_reply]
Aug 13, 2025 4:56:11 PM de.learnlib.logging.LearnLogger logQuery
INFO: [ε | eap_success success_request_with_credentials tlv_request tlv_request / ε | after_eap_success success_response_v0 tlv_success no_reply]
Aug 13, 2025 4:56:14 PM de.learnlib.logging.LearnLogger logQuery
INFO: [ε | eap_success success_request_with_credentials tlv_request success_request_with_credentials success_and_cryptobinding / ε | after_eap_success success_response_v0 tlv_success no_reply -]
Aug 13, 2025 4:56:17 PM de.learnlib.logging.LearnLogger logQuery
INFO: [ε | eap_success id_request_v0 tlv_failure / ε | after_eap_success id_response_v0 tlv_failureencrypted_alert]
Aug 13, 2025 4:56:20 PM de.learnlib.logging.LearnLogger logQuery
INFO: [ε | eap_success challenge_v0 tlv_failure / ε | after_eap_success challenge_response_v0 tlv_failureencrypted_alert]
Aug 13, 2025 4:56:23 PM de.learnlib.logging.LearnLogger logQuery
INFO: [ε | eap_success success_request_with_credentials tlv_failure / ε | after_eap_success success_response_v0 tlv_failureencrypted_alert]
Aug 13, 2025 4:56:26 PM de.learnlib.logging.LearnLogger logQuery
INFO: [ε | eap_success eap_success tlv_failure / ε | after_eap_success after_eap_success tlv_failureencrypted_alert]
Aug 13, 2025 4:56:29 PM de.learnlib.logging.LearnLogger logQuery
INFO: [ε | eap_success id_request_v0 success_request_all_zeros / ε | after_eap_success id_response_v0 encrypted_alert]
Aug 13, 2025 4:56:32 PM de.learnlib.logging.LearnLogger logQuery
INFO: [ε | eap_success challenge_v0 success_request_all_zeros / ε | after_eap_success challenge_response_v0 encrypted_alert]
Aug 13, 2025 4:56:35 PM de.learnlib.logging.LearnLogger logQuery
INFO: [ε | eap_success success_request_with_credentials success_request_all_zeros / ε | after_eap_success success_response_v0 encrypted_alert]
Aug 13, 2025 4:56:39 PM de.learnlib.logging.LearnLogger logQuery
INFO: [ε | eap_success eap_success success_request_all_zeros / ε | after_eap_success after_eap_success encrypted_alert]
Aug 13, 2025 4:56:42 PM de.learnlib.logging.LearnLogger logQuery
INFO: [ε | eap_success id_request_v0 success_request_with_credentials tlv_request / ε | after_eap_success id_response_v0 success_response_v0 tlv_success]
Aug 13, 2025 4:56:45 PM de.learnlib.logging.LearnLogger logQuery
INFO: [ε | eap_success id_request_v0 success_request_with_credentials success_request_with_credentials success_and_cryptobinding / ε | after_eap_success id_response_v0 success_response_v0 success_response_v0 no_reply]
Aug 13, 2025 4:56:48 PM de.learnlib.logging.LearnLogger logQuery
INFO: [ε | eap_success challenge_v0 success_request_with_credentials tlv_request / ε | after_eap_success challenge_response_v0 success_response_v0 tlv_success]
Aug 13, 2025 4:56:50 PM de.learnlib.logging.LearnLogger logQuery
INFO: [ε | eap_success challenge_v0 success_request_with_credentials success_request_with_credentials success_and_cryptobinding / ε | after_eap_success challenge_response_v0 success_response_v0 success_response_v0 tlv_success_and_cryptobinding]
Aug 13, 2025 4:56:53 PM de.learnlib.logging.LearnLogger logQuery
INFO: [ε | eap_success success_request_with_credentials success_request_with_credentials tlv_request / ε | after_eap_success success_response_v0 success_response_v0 tlv_success]
Aug 13, 2025 4:56:56 PM de.learnlib.logging.LearnLogger logQuery
INFO: [ε | eap_success success_request_with_credentials success_request_with_credentials success_request_with_credentials success_and_cryptobinding / ε | after_eap_success success_response_v0 success_response_v0 success_response_v0 no_reply]
Aug 13, 2025 4:57:00 PM de.learnlib.logging.LearnLogger logQuery
INFO: [ε | eap_success eap_success success_request_with_credentials tlv_request / ε | after_eap_success after_eap_success success_response_v0 tlv_success]
Aug 13, 2025 4:57:04 PM de.learnlib.logging.LearnLogger logQuery
INFO: [ε | eap_success eap_success success_request_with_credentials success_request_with_credentials success_and_cryptobinding / ε | after_eap_success after_eap_success success_response_v0 success_response_v0 no_reply]
Aug 13, 2025 4:57:07 PM de.learnlib.logging.LearnLogger logQuery
INFO: [ε | eap_success id_request_v0 cryptobinding / ε | after_eap_success id_response_v0 tlv_cryptobindingencrypted_alert]
Aug 13, 2025 4:57:10 PM de.learnlib.logging.LearnLogger logQuery
INFO: [ε | eap_success challenge_v0 cryptobinding / ε | after_eap_success challenge_response_v0 no_reply]
Aug 13, 2025 4:57:13 PM de.learnlib.logging.LearnLogger logQuery
INFO: [ε | eap_success success_request_with_credentials cryptobinding / ε | after_eap_success success_response_v0 no_reply]
Aug 13, 2025 4:57:17 PM de.learnlib.logging.LearnLogger logQuery
INFO: [ε | eap_success eap_success cryptobinding / ε | after_eap_success after_eap_success tlv_cryptobindingencrypted_alert]
Aug 13, 2025 4:57:20 PM de.learnlib.logging.LearnLogger logQuery
INFO: [ε | eap_success id_request_v0 eap_success / ε | after_eap_success id_response_v0 after_eap_success]
Aug 13, 2025 4:57:23 PM de.learnlib.logging.LearnLogger logQuery
INFO: [ε | eap_success id_request_v0 eap_success success_and_cryptobinding / ε | after_eap_success id_response_v0 after_eap_success tlv_cryptobindingencrypted_alert]
Aug 13, 2025 4:57:27 PM de.learnlib.logging.LearnLogger logQuery
INFO: [ε | eap_success id_request_v0 eap_success tlv_request / ε | after_eap_success id_response_v0 after_eap_success tlv_failureencrypted_alert]
Aug 13, 2025 4:57:31 PM de.learnlib.logging.LearnLogger logQuery
INFO: [ε | eap_success id_request_v0 eap_success success_request_with_credentials success_and_cryptobinding / ε | after_eap_success id_response_v0 after_eap_success success_response_v0 no_reply]
Aug 13, 2025 4:57:34 PM de.learnlib.logging.LearnLogger logQuery
INFO: [ε | eap_success challenge_v0 eap_success / ε | after_eap_success challenge_response_v0 after_eap_success]
Aug 13, 2025 4:57:38 PM de.learnlib.logging.LearnLogger logQuery
INFO: [ε | eap_success challenge_v0 eap_success success_and_cryptobinding / ε | after_eap_success challenge_response_v0 after_eap_success no_reply]
Aug 13, 2025 4:57:41 PM de.learnlib.logging.LearnLogger logQuery
INFO: [ε | eap_success challenge_v0 eap_success tlv_request / ε | after_eap_success challenge_response_v0 after_eap_success tlv_failureencrypted_alert]
Aug 13, 2025 4:57:45 PM de.learnlib.logging.LearnLogger logQuery
INFO: [ε | eap_success challenge_v0 eap_success success_request_with_credentials success_and_cryptobinding / ε | after_eap_success challenge_response_v0 after_eap_success success_response_v0 tlv_success_and_cryptobinding]
Aug 13, 2025 4:57:48 PM de.learnlib.logging.LearnLogger logQuery
INFO: [ε | eap_success success_request_with_credentials eap_success / ε | after_eap_success success_response_v0 after_eap_success]
Aug 13, 2025 4:57:52 PM de.learnlib.logging.LearnLogger logQuery
INFO: [ε | eap_success success_request_with_credentials eap_success success_and_cryptobinding / ε | after_eap_success success_response_v0 after_eap_success no_reply]
Aug 13, 2025 4:57:55 PM de.learnlib.logging.LearnLogger logQuery
INFO: [ε | eap_success success_request_with_credentials eap_success tlv_request / ε | after_eap_success success_response_v0 after_eap_success tlv_success]
Aug 13, 2025 4:57:59 PM de.learnlib.logging.LearnLogger logQuery
INFO: [ε | eap_success success_request_with_credentials eap_success success_request_with_credentials success_and_cryptobinding / ε | after_eap_success success_response_v0 after_eap_success success_response_v0 no_reply]
Aug 13, 2025 4:58:03 PM de.learnlib.logging.LearnLogger logQuery
INFO: [ε | eap_success eap_success eap_success / ε | after_eap_success after_eap_success after_eap_success]
Aug 13, 2025 4:58:06 PM de.learnlib.logging.LearnLogger logQuery
INFO: [ε | eap_success eap_success eap_success success_and_cryptobinding / ε | after_eap_success after_eap_success after_eap_success tlv_cryptobindingencrypted_alert]
Aug 13, 2025 4:58:10 PM de.learnlib.logging.LearnLogger logQuery
INFO: [ε | eap_success eap_success eap_success tlv_request / ε | after_eap_success after_eap_success after_eap_success tlv_failureencrypted_alert]
Aug 13, 2025 4:58:15 PM de.learnlib.logging.LearnLogger logQuery
INFO: [ε | eap_success eap_success eap_success success_request_with_credentials success_and_cryptobinding / ε | after_eap_success after_eap_success after_eap_success success_response_v0 no_reply]
Aug 13, 2025 4:58:18 PM de.learnlib.logging.LearnLogger logQuery
INFO: [ε | eap_success id_request_v0 4_way_message_1 / ε | after_eap_success id_response_v0 no_reply]
Aug 13, 2025 4:58:22 PM de.learnlib.logging.LearnLogger logQuery
INFO: [ε | eap_success challenge_v0 4_way_message_1 / ε | after_eap_success challenge_response_v0 no_reply]
Aug 13, 2025 4:58:25 PM de.learnlib.logging.LearnLogger logQuery
INFO: [ε | eap_success success_request_with_credentials 4_way_message_1 / ε | after_eap_success success_response_v0 no_reply]
Aug 13, 2025 4:58:29 PM de.learnlib.logging.LearnLogger logQuery
INFO: [ε | eap_success eap_success 4_way_message_1 / ε | after_eap_success after_eap_success no_reply]
Aug 13, 2025 4:58:32 PM de.learnlib.logging.LearnLogger logQuery
INFO: [ε | challenge_v0 id_request_v0 id_request_v0 id_request_v0 / ε | challenge_response_v0 id_response_v0 id_response_v0 id_response_v0]
Aug 13, 2025 4:58:34 PM de.learnlib.logging.LearnLogger logQuery
INFO: [ε | challenge_v0 id_request_v0 id_request_v0 id_request_v0 success_and_cryptobinding / ε | challenge_response_v0 id_response_v0 id_response_v0 id_response_v0 no_reply]
Aug 13, 2025 4:58:37 PM de.learnlib.logging.LearnLogger logQuery
INFO: [ε | challenge_v0 id_request_v0 id_request_v0 id_request_v0 tlv_request / ε | challenge_response_v0 id_response_v0 id_response_v0 id_response_v0 tlv_failureencrypted_alert]
Aug 13, 2025 4:58:39 PM de.learnlib.logging.LearnLogger logQuery
INFO: [ε | challenge_v0 id_request_v0 id_request_v0 id_request_v0 success_request_with_credentials success_and_cryptobinding / ε | challenge_response_v0 id_response_v0 id_response_v0 id_response_v0 success_response_v0 tlv_success_and_cryptobinding]
Aug 13, 2025 4:58:42 PM de.learnlib.logging.LearnLogger logQuery
INFO: [ε | challenge_v0 id_request_v0 challenge_v0 id_request_v0 / ε | challenge_response_v0 id_response_v0 challenge_response_v0 id_response_v0]
Aug 13, 2025 4:58:44 PM de.learnlib.logging.LearnLogger logQuery
INFO: [ε | challenge_v0 id_request_v0 challenge_v0 id_request_v0 success_and_cryptobinding / ε | challenge_response_v0 id_response_v0 challenge_response_v0 id_response_v0 no_reply]
Aug 13, 2025 4:58:47 PM de.learnlib.logging.LearnLogger logQuery
INFO: [ε | challenge_v0 id_request_v0 challenge_v0 id_request_v0 tlv_request / ε | challenge_response_v0 id_response_v0 challenge_response_v0 id_response_v0 tlv_failureencrypted_alert]
Aug 13, 2025 4:58:49 PM de.learnlib.logging.LearnLogger logQuery
INFO: [ε | challenge_v0 id_request_v0 challenge_v0 id_request_v0 success_request_with_credentials success_and_cryptobinding / ε | challenge_response_v0 id_response_v0 challenge_response_v0 id_response_v0 success_response_v0 tlv_success_and_cryptobinding]
Aug 13, 2025 4:58:51 PM de.learnlib.logging.LearnLogger logQuery
INFO: [ε | challenge_v0 id_request_v0 success_request_with_credentials id_request_v0 / ε | challenge_response_v0 id_response_v0 success_response_v0 id_response_v0]
Aug 13, 2025 4:58:54 PM de.learnlib.logging.LearnLogger logQuery
INFO: [ε | challenge_v0 id_request_v0 success_request_with_credentials id_request_v0 success_and_cryptobinding / ε | challenge_response_v0 id_response_v0 success_response_v0 id_response_v0 tlv_success_and_cryptobinding]
Aug 13, 2025 4:58:56 PM de.learnlib.logging.LearnLogger logQuery
INFO: [ε | challenge_v0 id_request_v0 success_request_with_credentials id_request_v0 tlv_request / ε | challenge_response_v0 id_response_v0 success_response_v0 id_response_v0 tlv_success]
Aug 13, 2025 4:58:58 PM de.learnlib.logging.LearnLogger logQuery
INFO: [ε | challenge_v0 id_request_v0 success_request_with_credentials id_request_v0 success_request_with_credentials success_and_cryptobinding / ε | challenge_response_v0 id_response_v0 success_response_v0 id_response_v0 success_response_v0 tlv_success_and_cryptobinding]
Aug 13, 2025 4:59:01 PM de.learnlib.logging.LearnLogger logQuery
INFO: [ε | challenge_v0 id_request_v0 eap_success id_request_v0 / ε | challenge_response_v0 id_response_v0 after_eap_success id_response_v0]
Aug 13, 2025 4:59:04 PM de.learnlib.logging.LearnLogger logQuery
INFO: [ε | challenge_v0 id_request_v0 eap_success id_request_v0 success_and_cryptobinding / ε | challenge_response_v0 id_response_v0 after_eap_success id_response_v0 no_reply]
Aug 13, 2025 4:59:07 PM de.learnlib.logging.LearnLogger logQuery
INFO: [ε | challenge_v0 id_request_v0 eap_success id_request_v0 tlv_request / ε | challenge_response_v0 id_response_v0 after_eap_success id_response_v0 tlv_failureencrypted_alert]
Aug 13, 2025 4:59:10 PM de.learnlib.logging.LearnLogger logQuery
INFO: [ε | challenge_v0 id_request_v0 eap_success id_request_v0 success_request_with_credentials success_and_cryptobinding / ε | challenge_response_v0 id_response_v0 after_eap_success id_response_v0 success_response_v0 tlv_success_and_cryptobinding]
Aug 13, 2025 4:59:12 PM de.learnlib.logging.LearnLogger logQuery
INFO: [ε | challenge_v0 id_request_v0 id_request_v0 challenge_v0 / ε | challenge_response_v0 id_response_v0 id_response_v0 challenge_response_v0]
Aug 13, 2025 4:59:15 PM de.learnlib.logging.LearnLogger logQuery
INFO: [ε | challenge_v0 id_request_v0 id_request_v0 challenge_v0 success_and_cryptobinding / ε | challenge_response_v0 id_response_v0 id_response_v0 challenge_response_v0 no_reply]
Aug 13, 2025 4:59:17 PM de.learnlib.logging.LearnLogger logQuery
INFO: [ε | challenge_v0 id_request_v0 id_request_v0 challenge_v0 tlv_request / ε | challenge_response_v0 id_response_v0 id_response_v0 challenge_response_v0 tlv_failureencrypted_alert]
Aug 13, 2025 4:59:20 PM de.learnlib.logging.LearnLogger logQuery
INFO: [ε | challenge_v0 id_request_v0 id_request_v0 challenge_v0 success_request_with_credentials success_and_cryptobinding / ε | challenge_response_v0 id_response_v0 id_response_v0 challenge_response_v0 success_response_v0 tlv_success_and_cryptobinding]
Aug 13, 2025 4:59:22 PM de.learnlib.logging.LearnLogger logQuery
INFO: [ε | challenge_v0 id_request_v0 challenge_v0 challenge_v0 / ε | challenge_response_v0 id_response_v0 challenge_response_v0 challenge_response_v0]
Aug 13, 2025 4:59:25 PM de.learnlib.logging.LearnLogger logQuery
INFO: [ε | challenge_v0 id_request_v0 challenge_v0 challenge_v0 success_and_cryptobinding / ε | challenge_response_v0 id_response_v0 challenge_response_v0 challenge_response_v0 no_reply]
Aug 13, 2025 4:59:27 PM de.learnlib.logging.LearnLogger logQuery
INFO: [ε | challenge_v0 id_request_v0 challenge_v0 challenge_v0 tlv_request / ε | challenge_response_v0 id_response_v0 challenge_response_v0 challenge_response_v0 tlv_failureencrypted_alert]
Aug 13, 2025 4:59:30 PM de.learnlib.logging.LearnLogger logQuery
INFO: [ε | challenge_v0 id_request_v0 challenge_v0 challenge_v0 success_request_with_credentials success_and_cryptobinding / ε | challenge_response_v0 id_response_v0 challenge_response_v0 challenge_response_v0 success_response_v0 tlv_success_and_cryptobinding]
Aug 13, 2025 4:59:32 PM de.learnlib.logging.LearnLogger logQuery
INFO: [ε | challenge_v0 id_request_v0 success_request_with_credentials challenge_v0 / ε | challenge_response_v0 id_response_v0 success_response_v0 challenge_response_v0]
Aug 13, 2025 4:59:35 PM de.learnlib.logging.LearnLogger logQuery
INFO: [ε | challenge_v0 id_request_v0 success_request_with_credentials challenge_v0 success_and_cryptobinding / ε | challenge_response_v0 id_response_v0 success_response_v0 challenge_response_v0 no_reply]
Aug 13, 2025 4:59:37 PM de.learnlib.logging.LearnLogger logQuery
INFO: [ε | challenge_v0 id_request_v0 success_request_with_credentials challenge_v0 tlv_request / ε | challenge_response_v0 id_response_v0 success_response_v0 challenge_response_v0 tlv_success]
Aug 13, 2025 4:59:39 PM de.learnlib.logging.LearnLogger logQuery
INFO: [ε | challenge_v0 id_request_v0 success_request_with_credentials challenge_v0 success_request_with_credentials success_and_cryptobinding / ε | challenge_response_v0 id_response_v0 success_response_v0 challenge_response_v0 success_response_v0 tlv_success_and_cryptobinding]
Aug 13, 2025 4:59:42 PM de.learnlib.logging.LearnLogger logQuery
INFO: [ε | challenge_v0 id_request_v0 eap_success challenge_v0 / ε | challenge_response_v0 id_response_v0 after_eap_success challenge_response_v0]
Aug 13, 2025 4:59:45 PM de.learnlib.logging.LearnLogger logQuery
INFO: [ε | challenge_v0 id_request_v0 eap_success challenge_v0 success_and_cryptobinding / ε | challenge_response_v0 id_response_v0 after_eap_success challenge_response_v0 no_reply]
Aug 13, 2025 4:59:48 PM de.learnlib.logging.LearnLogger logQuery
INFO: [ε | challenge_v0 id_request_v0 eap_success challenge_v0 tlv_request / ε | challenge_response_v0 id_response_v0 after_eap_success challenge_response_v0 tlv_failureencrypted_alert]
Aug 13, 2025 4:59:51 PM de.learnlib.logging.LearnLogger logQuery
INFO: [ε | challenge_v0 id_request_v0 eap_success challenge_v0 success_request_with_credentials success_and_cryptobinding / ε | challenge_response_v0 id_response_v0 after_eap_success challenge_response_v0 success_response_v0 tlv_success_and_cryptobinding]
Aug 13, 2025 4:59:54 PM de.learnlib.logging.LearnLogger logQuery
INFO: [ε | challenge_v0 id_request_v0 success_request_with_credentials tlv_request success_and_cryptobinding / ε | challenge_response_v0 id_response_v0 success_response_v0 tlv_success no_reply]
Aug 13, 2025 4:59:57 PM de.learnlib.logging.LearnLogger logQuery
INFO: [ε | challenge_v0 id_request_v0 success_request_with_credentials tlv_request tlv_request / ε | challenge_response_v0 id_response_v0 success_response_v0 tlv_success no_reply]
Aug 13, 2025 5:00:00 PM de.learnlib.logging.LearnLogger logQuery
INFO: [ε | challenge_v0 id_request_v0 success_request_with_credentials tlv_request success_request_with_credentials success_and_cryptobinding / ε | challenge_response_v0 id_response_v0 success_response_v0 tlv_success no_reply -]
Aug 13, 2025 5:00:02 PM de.learnlib.logging.LearnLogger logQuery
INFO: [ε | challenge_v0 id_request_v0 id_request_v0 tlv_failure / ε | challenge_response_v0 id_response_v0 id_response_v0 tlv_failureencrypted_alert]
Aug 13, 2025 5:00:05 PM de.learnlib.logging.LearnLogger logQuery
INFO: [ε | challenge_v0 id_request_v0 challenge_v0 tlv_failure / ε | challenge_response_v0 id_response_v0 challenge_response_v0 tlv_failureencrypted_alert]
Aug 13, 2025 5:00:07 PM de.learnlib.logging.LearnLogger logQuery
INFO: [ε | challenge_v0 id_request_v0 success_request_with_credentials tlv_failure / ε | challenge_response_v0 id_response_v0 success_response_v0 tlv_failureencrypted_alert]
Aug 13, 2025 5:00:10 PM de.learnlib.logging.LearnLogger logQuery
INFO: [ε | challenge_v0 id_request_v0 eap_success tlv_failure / ε | challenge_response_v0 id_response_v0 after_eap_success tlv_failureencrypted_alert]
Aug 13, 2025 5:00:12 PM de.learnlib.logging.LearnLogger logQuery
INFO: [ε | challenge_v0 id_request_v0 id_request_v0 success_request_all_zeros / ε | challenge_response_v0 id_response_v0 id_response_v0 encrypted_alert]
Aug 13, 2025 5:00:15 PM de.learnlib.logging.LearnLogger logQuery
INFO: [ε | challenge_v0 id_request_v0 challenge_v0 success_request_all_zeros / ε | challenge_response_v0 id_response_v0 challenge_response_v0 encrypted_alert]
Aug 13, 2025 5:00:17 PM de.learnlib.logging.LearnLogger logQuery
INFO: [ε | challenge_v0 id_request_v0 success_request_with_credentials success_request_all_zeros / ε | challenge_response_v0 id_response_v0 success_response_v0 encrypted_alert]
Aug 13, 2025 5:00:20 PM de.learnlib.logging.LearnLogger logQuery
INFO: [ε | challenge_v0 id_request_v0 eap_success success_request_all_zeros / ε | challenge_response_v0 id_response_v0 after_eap_success encrypted_alert]
Aug 13, 2025 5:00:22 PM de.learnlib.logging.LearnLogger logQuery
INFO: [ε | challenge_v0 id_request_v0 id_request_v0 success_request_with_credentials tlv_request / ε | challenge_response_v0 id_response_v0 id_response_v0 success_response_v0 tlv_success]
Aug 13, 2025 5:00:25 PM de.learnlib.logging.LearnLogger logQuery
INFO: [ε | challenge_v0 id_request_v0 id_request_v0 success_request_with_credentials success_request_with_credentials success_and_cryptobinding / ε | challenge_response_v0 id_response_v0 id_response_v0 success_response_v0 success_response_v0 tlv_success_and_cryptobinding]
Aug 13, 2025 5:00:27 PM de.learnlib.logging.LearnLogger logQuery
INFO: [ε | challenge_v0 id_request_v0 challenge_v0 success_request_with_credentials tlv_request / ε | challenge_response_v0 id_response_v0 challenge_response_v0 success_response_v0 tlv_success]
Aug 13, 2025 5:00:29 PM de.learnlib.logging.LearnLogger logQuery
INFO: [ε | challenge_v0 id_request_v0 challenge_v0 success_request_with_credentials success_request_with_credentials success_and_cryptobinding / ε | challenge_response_v0 id_response_v0 challenge_response_v0 success_response_v0 success_response_v0 tlv_success_and_cryptobinding]
Aug 13, 2025 5:00:31 PM de.learnlib.logging.LearnLogger logQuery
INFO: [ε | challenge_v0 id_request_v0 success_request_with_credentials success_request_with_credentials tlv_request / ε | challenge_response_v0 id_response_v0 success_response_v0 success_response_v0 tlv_success]
Aug 13, 2025 5:00:34 PM de.learnlib.logging.LearnLogger logQuery
INFO: [ε | challenge_v0 id_request_v0 success_request_with_credentials success_request_with_credentials success_request_with_credentials success_and_cryptobinding / ε | challenge_response_v0 id_response_v0 success_response_v0 success_response_v0 success_response_v0 tlv_success_and_cryptobinding]
Aug 13, 2025 5:00:36 PM de.learnlib.logging.LearnLogger logQuery
INFO: [ε | challenge_v0 id_request_v0 eap_success success_request_with_credentials tlv_request / ε | challenge_response_v0 id_response_v0 after_eap_success success_response_v0 tlv_success]
Aug 13, 2025 5:00:39 PM de.learnlib.logging.LearnLogger logQuery
INFO: [ε | challenge_v0 id_request_v0 eap_success success_request_with_credentials success_request_with_credentials success_and_cryptobinding / ε | challenge_response_v0 id_response_v0 after_eap_success success_response_v0 success_response_v0 tlv_success_and_cryptobinding]
Aug 13, 2025 5:00:42 PM de.learnlib.logging.LearnLogger logQuery
INFO: [ε | challenge_v0 id_request_v0 success_request_with_credentials success_and_cryptobinding success_and_cryptobinding / ε | challenge_response_v0 id_response_v0 success_response_v0 tlv_success_and_cryptobinding no_reply]
Aug 13, 2025 5:00:45 PM de.learnlib.logging.LearnLogger logQuery
INFO: [ε | challenge_v0 id_request_v0 success_request_with_credentials success_and_cryptobinding tlv_request / ε | challenge_response_v0 id_response_v0 success_response_v0 tlv_success_and_cryptobinding no_reply]
Aug 13, 2025 5:00:48 PM de.learnlib.logging.LearnLogger logQuery
INFO: [ε | challenge_v0 id_request_v0 success_request_with_credentials success_and_cryptobinding success_request_with_credentials success_and_cryptobinding / ε | challenge_response_v0 id_response_v0 success_response_v0 tlv_success_and_cryptobinding no_reply -]
Aug 13, 2025 5:00:51 PM de.learnlib.logging.LearnLogger logQuery
INFO: [ε | challenge_v0 id_request_v0 id_request_v0 cryptobinding / ε | challenge_response_v0 id_response_v0 id_response_v0 no_reply]
Aug 13, 2025 5:00:54 PM de.learnlib.logging.LearnLogger logQuery
INFO: [ε | challenge_v0 id_request_v0 challenge_v0 cryptobinding / ε | challenge_response_v0 id_response_v0 challenge_response_v0 no_reply]
Aug 13, 2025 5:00:56 PM de.learnlib.logging.LearnLogger logQuery
INFO: [ε | challenge_v0 id_request_v0 success_request_with_credentials cryptobinding / ε | challenge_response_v0 id_response_v0 success_response_v0 tlv_cryptobindingencrypted_alert]
Aug 13, 2025 5:00:59 PM de.learnlib.logging.LearnLogger logQuery
INFO: [ε | challenge_v0 id_request_v0 eap_success cryptobinding / ε | challenge_response_v0 id_response_v0 after_eap_success no_reply]
Aug 13, 2025 5:01:02 PM de.learnlib.logging.LearnLogger logQuery
INFO: [ε | challenge_v0 id_request_v0 id_request_v0 eap_success / ε | challenge_response_v0 id_response_v0 id_response_v0 after_eap_success]
Aug 13, 2025 5:01:06 PM de.learnlib.logging.LearnLogger logQuery
INFO: [ε | challenge_v0 id_request_v0 id_request_v0 eap_success success_and_cryptobinding / ε | challenge_response_v0 id_response_v0 id_response_v0 after_eap_success no_reply]
Aug 13, 2025 5:01:08 PM de.learnlib.logging.LearnLogger logQuery
INFO: [ε | challenge_v0 id_request_v0 id_request_v0 eap_success tlv_request / ε | challenge_response_v0 id_response_v0 id_response_v0 after_eap_success tlv_failureencrypted_alert]
Aug 13, 2025 5:01:11 PM de.learnlib.logging.LearnLogger logQuery
INFO: [ε | challenge_v0 id_request_v0 id_request_v0 eap_success success_request_with_credentials success_and_cryptobinding / ε | challenge_response_v0 id_response_v0 id_response_v0 after_eap_success success_response_v0 tlv_success_and_cryptobinding]
Aug 13, 2025 5:01:14 PM de.learnlib.logging.LearnLogger logQuery
INFO: [ε | challenge_v0 id_request_v0 challenge_v0 eap_success / ε | challenge_response_v0 id_response_v0 challenge_response_v0 after_eap_success]
Aug 13, 2025 5:01:17 PM de.learnlib.logging.LearnLogger logQuery
INFO: [ε | challenge_v0 id_request_v0 challenge_v0 eap_success success_and_cryptobinding / ε | challenge_response_v0 id_response_v0 challenge_response_v0 after_eap_success no_reply]
Aug 13, 2025 5:01:20 PM de.learnlib.logging.LearnLogger logQuery
INFO: [ε | challenge_v0 id_request_v0 challenge_v0 eap_success tlv_request / ε | challenge_response_v0 id_response_v0 challenge_response_v0 after_eap_success tlv_failureencrypted_alert]
Aug 13, 2025 5:01:23 PM de.learnlib.logging.LearnLogger logQuery
INFO: [ε | challenge_v0 id_request_v0 challenge_v0 eap_success success_request_with_credentials success_and_cryptobinding / ε | challenge_response_v0 id_response_v0 challenge_response_v0 after_eap_success success_response_v0 tlv_success_and_cryptobinding]
Aug 13, 2025 5:01:26 PM de.learnlib.logging.LearnLogger logQuery
INFO: [ε | challenge_v0 id_request_v0 success_request_with_credentials eap_success / ε | challenge_response_v0 id_response_v0 success_response_v0 after_eap_success]
Aug 13, 2025 5:01:29 PM de.learnlib.logging.LearnLogger logQuery
INFO: [ε | challenge_v0 id_request_v0 success_request_with_credentials eap_success success_and_cryptobinding / ε | challenge_response_v0 id_response_v0 success_response_v0 after_eap_success tlv_success_and_cryptobinding]
Aug 13, 2025 5:01:32 PM de.learnlib.logging.LearnLogger logQuery
INFO: [ε | challenge_v0 id_request_v0 success_request_with_credentials eap_success tlv_request / ε | challenge_response_v0 id_response_v0 success_response_v0 after_eap_success tlv_success]
Aug 13, 2025 5:01:34 PM de.learnlib.logging.LearnLogger logQuery
INFO: [ε | challenge_v0 id_request_v0 success_request_with_credentials eap_success success_request_with_credentials success_and_cryptobinding / ε | challenge_response_v0 id_response_v0 success_response_v0 after_eap_success success_response_v0 tlv_success_and_cryptobinding]
Aug 13, 2025 5:01:38 PM de.learnlib.logging.LearnLogger logQuery
INFO: [ε | challenge_v0 id_request_v0 eap_success eap_success / ε | challenge_response_v0 id_response_v0 after_eap_success after_eap_success]
Aug 13, 2025 5:01:41 PM de.learnlib.logging.LearnLogger logQuery
INFO: [ε | challenge_v0 id_request_v0 eap_success eap_success success_and_cryptobinding / ε | challenge_response_v0 id_response_v0 after_eap_success after_eap_success no_reply]
Aug 13, 2025 5:01:45 PM de.learnlib.logging.LearnLogger logQuery
INFO: [ε | challenge_v0 id_request_v0 eap_success eap_success tlv_request / ε | challenge_response_v0 id_response_v0 after_eap_success after_eap_success tlv_failureencrypted_alert]
Aug 13, 2025 5:01:48 PM de.learnlib.logging.LearnLogger logQuery
INFO: [ε | challenge_v0 id_request_v0 eap_success eap_success success_request_with_credentials success_and_cryptobinding / ε | challenge_response_v0 id_response_v0 after_eap_success after_eap_success success_response_v0 tlv_success_and_cryptobinding]
Aug 13, 2025 5:01:51 PM de.learnlib.logging.LearnLogger logQuery
INFO: [ε | challenge_v0 id_request_v0 id_request_v0 4_way_message_1 / ε | challenge_response_v0 id_response_v0 id_response_v0 no_reply]
Aug 13, 2025 5:01:54 PM de.learnlib.logging.LearnLogger logQuery
INFO: [ε | challenge_v0 id_request_v0 challenge_v0 4_way_message_1 / ε | challenge_response_v0 id_response_v0 challenge_response_v0 no_reply]
Aug 13, 2025 5:01:57 PM de.learnlib.logging.LearnLogger logQuery
INFO: [ε | challenge_v0 id_request_v0 success_request_with_credentials 4_way_message_1 / ε | challenge_response_v0 id_response_v0 success_response_v0 no_reply]
Aug 13, 2025 5:02:01 PM de.learnlib.logging.LearnLogger logQuery
INFO: [ε | challenge_v0 id_request_v0 eap_success 4_way_message_1 / ε | challenge_response_v0 id_response_v0 after_eap_success no_reply]
Aug 13, 2025 5:02:03 PM de.learnlib.logging.LearnLogger logQuery
INFO: [ε | challenge_v0 challenge_v0 id_request_v0 id_request_v0 / ε | challenge_response_v0 challenge_response_v0 id_response_v0 id_response_v0]
Aug 13, 2025 5:02:06 PM de.learnlib.logging.LearnLogger logQuery
INFO: [ε | challenge_v0 challenge_v0 id_request_v0 id_request_v0 success_and_cryptobinding / ε | challenge_response_v0 challenge_response_v0 id_response_v0 id_response_v0 no_reply]
Aug 13, 2025 5:02:08 PM de.learnlib.logging.LearnLogger logQuery
INFO: [ε | challenge_v0 challenge_v0 id_request_v0 id_request_v0 tlv_request / ε | challenge_response_v0 challenge_response_v0 id_response_v0 id_response_v0 tlv_failureencrypted_alert]
Aug 13, 2025 5:02:11 PM de.learnlib.logging.LearnLogger logQuery
INFO: [ε | challenge_v0 challenge_v0 id_request_v0 id_request_v0 success_request_with_credentials success_and_cryptobinding / ε | challenge_response_v0 challenge_response_v0 id_response_v0 id_response_v0 success_response_v0 tlv_success_and_cryptobinding]
Aug 13, 2025 5:02:13 PM de.learnlib.logging.LearnLogger logQuery
INFO: [ε | challenge_v0 challenge_v0 challenge_v0 id_request_v0 / ε | challenge_response_v0 challenge_response_v0 challenge_response_v0 id_response_v0]
Aug 13, 2025 5:02:16 PM de.learnlib.logging.LearnLogger logQuery
INFO: [ε | challenge_v0 challenge_v0 challenge_v0 id_request_v0 success_and_cryptobinding / ε | challenge_response_v0 challenge_response_v0 challenge_response_v0 id_response_v0 no_reply]
Aug 13, 2025 5:02:18 PM de.learnlib.logging.LearnLogger logQuery
INFO: [ε | challenge_v0 challenge_v0 challenge_v0 id_request_v0 tlv_request / ε | challenge_response_v0 challenge_response_v0 challenge_response_v0 id_response_v0 tlv_failureencrypted_alert]
Aug 13, 2025 5:02:20 PM de.learnlib.logging.LearnLogger logQuery
INFO: [ε | challenge_v0 challenge_v0 challenge_v0 id_request_v0 success_request_with_credentials success_and_cryptobinding / ε | challenge_response_v0 challenge_response_v0 challenge_response_v0 id_response_v0 success_response_v0 tlv_success_and_cryptobinding]
Aug 13, 2025 5:02:23 PM de.learnlib.logging.LearnLogger logQuery
INFO: [ε | challenge_v0 challenge_v0 success_request_with_credentials id_request_v0 / ε | challenge_response_v0 challenge_response_v0 success_response_v0 id_response_v0]
Aug 13, 2025 5:02:25 PM de.learnlib.logging.LearnLogger logQuery
INFO: [ε | challenge_v0 challenge_v0 success_request_with_credentials id_request_v0 success_and_cryptobinding / ε | challenge_response_v0 challenge_response_v0 success_response_v0 id_response_v0 tlv_success_and_cryptobinding]
Aug 13, 2025 5:02:27 PM de.learnlib.logging.LearnLogger logQuery
INFO: [ε | challenge_v0 challenge_v0 success_request_with_credentials id_request_v0 tlv_request / ε | challenge_response_v0 challenge_response_v0 success_response_v0 id_response_v0 tlv_success]
Aug 13, 2025 5:02:29 PM de.learnlib.logging.LearnLogger logQuery
INFO: [ε | challenge_v0 challenge_v0 success_request_with_credentials id_request_v0 success_request_with_credentials success_and_cryptobinding / ε | challenge_response_v0 challenge_response_v0 success_response_v0 id_response_v0 success_response_v0 tlv_success_and_cryptobinding]
Aug 13, 2025 5:02:32 PM de.learnlib.logging.LearnLogger logQuery
INFO: [ε | challenge_v0 challenge_v0 eap_success id_request_v0 / ε | challenge_response_v0 challenge_response_v0 after_eap_success id_response_v0]
Aug 13, 2025 5:02:35 PM de.learnlib.logging.LearnLogger logQuery
INFO: [ε | challenge_v0 challenge_v0 eap_success id_request_v0 success_and_cryptobinding / ε | challenge_response_v0 challenge_response_v0 after_eap_success id_response_v0 no_reply]
Aug 13, 2025 5:02:38 PM de.learnlib.logging.LearnLogger logQuery
INFO: [ε | challenge_v0 challenge_v0 eap_success id_request_v0 tlv_request / ε | challenge_response_v0 challenge_response_v0 after_eap_success id_response_v0 tlv_failureencrypted_alert]
Aug 13, 2025 5:02:41 PM de.learnlib.logging.LearnLogger logQuery
INFO: [ε | challenge_v0 challenge_v0 eap_success id_request_v0 success_request_with_credentials success_and_cryptobinding / ε | challenge_response_v0 challenge_response_v0 after_eap_success id_response_v0 success_response_v0 tlv_success_and_cryptobinding]
Aug 13, 2025 5:02:44 PM de.learnlib.logging.LearnLogger logQuery
INFO: [ε | challenge_v0 challenge_v0 id_request_v0 challenge_v0 / ε | challenge_response_v0 challenge_response_v0 id_response_v0 challenge_response_v0]
Aug 13, 2025 5:02:46 PM de.learnlib.logging.LearnLogger logQuery
INFO: [ε | challenge_v0 challenge_v0 id_request_v0 challenge_v0 success_and_cryptobinding / ε | challenge_response_v0 challenge_response_v0 id_response_v0 challenge_response_v0 no_reply]
Aug 13, 2025 5:02:49 PM de.learnlib.logging.LearnLogger logQuery
INFO: [ε | challenge_v0 challenge_v0 id_request_v0 challenge_v0 tlv_request / ε | challenge_response_v0 challenge_response_v0 id_response_v0 challenge_response_v0 tlv_failureencrypted_alert]
Aug 13, 2025 5:02:51 PM de.learnlib.logging.LearnLogger logQuery
INFO: [ε | challenge_v0 challenge_v0 id_request_v0 challenge_v0 success_request_with_credentials success_and_cryptobinding / ε | challenge_response_v0 challenge_response_v0 id_response_v0 challenge_response_v0 success_response_v0 tlv_success_and_cryptobinding]
Aug 13, 2025 5:02:54 PM de.learnlib.logging.LearnLogger logQuery
INFO: [ε | challenge_v0 challenge_v0 challenge_v0 challenge_v0 / ε | challenge_response_v0 challenge_response_v0 challenge_response_v0 challenge_response_v0]
Aug 13, 2025 5:02:56 PM de.learnlib.logging.LearnLogger logQuery
INFO: [ε | challenge_v0 challenge_v0 challenge_v0 challenge_v0 success_and_cryptobinding / ε | challenge_response_v0 challenge_response_v0 challenge_response_v0 challenge_response_v0 no_reply]
Aug 13, 2025 5:02:59 PM de.learnlib.logging.LearnLogger logQuery
INFO: [ε | challenge_v0 challenge_v0 challenge_v0 challenge_v0 tlv_request / ε | challenge_response_v0 challenge_response_v0 challenge_response_v0 challenge_response_v0 tlv_failureencrypted_alert]
Aug 13, 2025 5:03:01 PM de.learnlib.logging.LearnLogger logQuery
INFO: [ε | challenge_v0 challenge_v0 challenge_v0 challenge_v0 success_request_with_credentials success_and_cryptobinding / ε | challenge_response_v0 challenge_response_v0 challenge_response_v0 challenge_response_v0 success_response_v0 tlv_success_and_cryptobinding]
Aug 13, 2025 5:03:03 PM de.learnlib.logging.LearnLogger logQuery
INFO: [ε | challenge_v0 challenge_v0 success_request_with_credentials challenge_v0 / ε | challenge_response_v0 challenge_response_v0 success_response_v0 challenge_response_v0]
Aug 13, 2025 5:03:06 PM de.learnlib.logging.LearnLogger logQuery
INFO: [ε | challenge_v0 challenge_v0 success_request_with_credentials challenge_v0 success_and_cryptobinding / ε | challenge_response_v0 challenge_response_v0 success_response_v0 challenge_response_v0 no_reply]
Aug 13, 2025 5:03:09 PM de.learnlib.logging.LearnLogger logQuery
INFO: [ε | challenge_v0 challenge_v0 success_request_with_credentials challenge_v0 tlv_request / ε | challenge_response_v0 challenge_response_v0 success_response_v0 challenge_response_v0 tlv_success]
Aug 13, 2025 5:03:11 PM de.learnlib.logging.LearnLogger logQuery
INFO: [ε | challenge_v0 challenge_v0 success_request_with_credentials challenge_v0 success_request_with_credentials success_and_cryptobinding / ε | challenge_response_v0 challenge_response_v0 success_response_v0 challenge_response_v0 success_response_v0 tlv_success_and_cryptobinding]
Aug 13, 2025 5:03:14 PM de.learnlib.logging.LearnLogger logQuery
INFO: [ε | challenge_v0 challenge_v0 eap_success challenge_v0 / ε | challenge_response_v0 challenge_response_v0 after_eap_success challenge_response_v0]
Aug 13, 2025 5:03:17 PM de.learnlib.logging.LearnLogger logQuery
INFO: [ε | challenge_v0 challenge_v0 eap_success challenge_v0 success_and_cryptobinding / ε | challenge_response_v0 challenge_response_v0 after_eap_success challenge_response_v0 no_reply]
Aug 13, 2025 5:03:20 PM de.learnlib.logging.LearnLogger logQuery
INFO: [ε | challenge_v0 challenge_v0 eap_success challenge_v0 tlv_request / ε | challenge_response_v0 challenge_response_v0 after_eap_success challenge_response_v0 tlv_failureencrypted_alert]
Aug 13, 2025 5:03:23 PM de.learnlib.logging.LearnLogger logQuery
INFO: [ε | challenge_v0 challenge_v0 eap_success challenge_v0 success_request_with_credentials success_and_cryptobinding / ε | challenge_response_v0 challenge_response_v0 after_eap_success challenge_response_v0 success_response_v0 tlv_success_and_cryptobinding]
Aug 13, 2025 5:03:25 PM de.learnlib.logging.LearnLogger logQuery
INFO: [ε | challenge_v0 challenge_v0 success_request_with_credentials tlv_request success_and_cryptobinding / ε | challenge_response_v0 challenge_response_v0 success_response_v0 tlv_success no_reply]
Aug 13, 2025 5:03:28 PM de.learnlib.logging.LearnLogger logQuery
INFO: [ε | challenge_v0 challenge_v0 success_request_with_credentials tlv_request tlv_request / ε | challenge_response_v0 challenge_response_v0 success_response_v0 tlv_success no_reply]
Aug 13, 2025 5:03:31 PM de.learnlib.logging.LearnLogger logQuery
INFO: [ε | challenge_v0 challenge_v0 success_request_with_credentials tlv_request success_request_with_credentials success_and_cryptobinding / ε | challenge_response_v0 challenge_response_v0 success_response_v0 tlv_success no_reply -]
Aug 13, 2025 5:03:34 PM de.learnlib.logging.LearnLogger logQuery
INFO: [ε | challenge_v0 challenge_v0 id_request_v0 tlv_failure / ε | challenge_response_v0 challenge_response_v0 id_response_v0 tlv_failureencrypted_alert]
Aug 13, 2025 5:03:36 PM de.learnlib.logging.LearnLogger logQuery
INFO: [ε | challenge_v0 challenge_v0 challenge_v0 tlv_failure / ε | challenge_response_v0 challenge_response_v0 challenge_response_v0 tlv_failureencrypted_alert]
Aug 13, 2025 5:03:38 PM de.learnlib.logging.LearnLogger logQuery
INFO: [ε | challenge_v0 challenge_v0 success_request_with_credentials tlv_failure / ε | challenge_response_v0 challenge_response_v0 success_response_v0 tlv_failureencrypted_alert]
Aug 13, 2025 5:03:41 PM de.learnlib.logging.LearnLogger logQuery
INFO: [ε | challenge_v0 challenge_v0 eap_success tlv_failure / ε | challenge_response_v0 challenge_response_v0 after_eap_success tlv_failureencrypted_alert]
Aug 13, 2025 5:03:44 PM de.learnlib.logging.LearnLogger logQuery
INFO: [ε | challenge_v0 challenge_v0 id_request_v0 success_request_all_zeros / ε | challenge_response_v0 challenge_response_v0 id_response_v0 encrypted_alert]
Aug 13, 2025 5:03:46 PM de.learnlib.logging.LearnLogger logQuery
INFO: [ε | challenge_v0 challenge_v0 challenge_v0 success_request_all_zeros / ε | challenge_response_v0 challenge_response_v0 challenge_response_v0 encrypted_alert]
Aug 13, 2025 5:03:49 PM de.learnlib.logging.LearnLogger logQuery
INFO: [ε | challenge_v0 challenge_v0 success_request_with_credentials success_request_all_zeros / ε | challenge_response_v0 challenge_response_v0 success_response_v0 encrypted_alert]
Aug 13, 2025 5:03:51 PM de.learnlib.logging.LearnLogger logQuery
INFO: [ε | challenge_v0 challenge_v0 eap_success success_request_all_zeros / ε | challenge_response_v0 challenge_response_v0 after_eap_success encrypted_alert]
Aug 13, 2025 5:03:54 PM de.learnlib.logging.LearnLogger logQuery
INFO: [ε | challenge_v0 challenge_v0 id_request_v0 success_request_with_credentials tlv_request / ε | challenge_response_v0 challenge_response_v0 id_response_v0 success_response_v0 tlv_success]
Aug 13, 2025 5:03:56 PM de.learnlib.logging.LearnLogger logQuery
INFO: [ε | challenge_v0 challenge_v0 id_request_v0 success_request_with_credentials success_request_with_credentials success_and_cryptobinding / ε | challenge_response_v0 challenge_response_v0 id_response_v0 success_response_v0 success_response_v0 tlv_success_and_cryptobinding]
Aug 13, 2025 5:03:58 PM de.learnlib.logging.LearnLogger logQuery
INFO: [ε | challenge_v0 challenge_v0 challenge_v0 success_request_with_credentials tlv_request / ε | challenge_response_v0 challenge_response_v0 challenge_response_v0 success_response_v0 tlv_success]
Aug 13, 2025 5:04:01 PM de.learnlib.logging.LearnLogger logQuery
INFO: [ε | challenge_v0 challenge_v0 challenge_v0 success_request_with_credentials success_request_with_credentials success_and_cryptobinding / ε | challenge_response_v0 challenge_response_v0 challenge_response_v0 success_response_v0 success_response_v0 tlv_success_and_cryptobinding]
Aug 13, 2025 5:04:03 PM de.learnlib.logging.LearnLogger logQuery
INFO: [ε | challenge_v0 challenge_v0 success_request_with_credentials success_request_with_credentials tlv_request / ε | challenge_response_v0 challenge_response_v0 success_response_v0 success_response_v0 tlv_success]
Aug 13, 2025 5:04:05 PM de.learnlib.logging.LearnLogger logQuery
INFO: [ε | challenge_v0 challenge_v0 success_request_with_credentials success_request_with_credentials success_request_with_credentials success_and_cryptobinding / ε | challenge_response_v0 challenge_response_v0 success_response_v0 success_response_v0 success_response_v0 tlv_success_and_cryptobinding]
Aug 13, 2025 5:04:08 PM de.learnlib.logging.LearnLogger logQuery
INFO: [ε | challenge_v0 challenge_v0 eap_success success_request_with_credentials tlv_request / ε | challenge_response_v0 challenge_response_v0 after_eap_success success_response_v0 tlv_success]
Aug 13, 2025 5:04:11 PM de.learnlib.logging.LearnLogger logQuery
INFO: [ε | challenge_v0 challenge_v0 eap_success success_request_with_credentials success_request_with_credentials success_and_cryptobinding / ε | challenge_response_v0 challenge_response_v0 after_eap_success success_response_v0 success_response_v0 tlv_success_and_cryptobinding]
Aug 13, 2025 5:04:13 PM de.learnlib.logging.LearnLogger logQuery
INFO: [ε | challenge_v0 challenge_v0 success_request_with_credentials success_and_cryptobinding success_and_cryptobinding / ε | challenge_response_v0 challenge_response_v0 success_response_v0 tlv_success_and_cryptobinding no_reply]
Aug 13, 2025 5:04:16 PM de.learnlib.logging.LearnLogger logQuery
INFO: [ε | challenge_v0 challenge_v0 success_request_with_credentials success_and_cryptobinding tlv_request / ε | challenge_response_v0 challenge_response_v0 success_response_v0 tlv_success_and_cryptobinding no_reply]
Aug 13, 2025 5:04:19 PM de.learnlib.logging.LearnLogger logQuery
INFO: [ε | challenge_v0 challenge_v0 success_request_with_credentials success_and_cryptobinding success_request_with_credentials success_and_cryptobinding / ε | challenge_response_v0 challenge_response_v0 success_response_v0 tlv_success_and_cryptobinding no_reply -]
Aug 13, 2025 5:04:22 PM de.learnlib.logging.LearnLogger logQuery
INFO: [ε | challenge_v0 challenge_v0 id_request_v0 cryptobinding / ε | challenge_response_v0 challenge_response_v0 id_response_v0 no_reply]
Aug 13, 2025 5:04:25 PM de.learnlib.logging.LearnLogger logQuery
INFO: [ε | challenge_v0 challenge_v0 challenge_v0 cryptobinding / ε | challenge_response_v0 challenge_response_v0 challenge_response_v0 no_reply]
Aug 13, 2025 5:04:27 PM de.learnlib.logging.LearnLogger logQuery
INFO: [ε | challenge_v0 challenge_v0 success_request_with_credentials cryptobinding / ε | challenge_response_v0 challenge_response_v0 success_response_v0 tlv_cryptobindingencrypted_alert]
Aug 13, 2025 5:04:31 PM de.learnlib.logging.LearnLogger logQuery
INFO: [ε | challenge_v0 challenge_v0 eap_success cryptobinding / ε | challenge_response_v0 challenge_response_v0 after_eap_success no_reply]
Aug 13, 2025 5:04:34 PM de.learnlib.logging.LearnLogger logQuery
INFO: [ε | challenge_v0 challenge_v0 id_request_v0 eap_success / ε | challenge_response_v0 challenge_response_v0 id_response_v0 after_eap_success]
Aug 13, 2025 5:04:37 PM de.learnlib.logging.LearnLogger logQuery
INFO: [ε | challenge_v0 challenge_v0 id_request_v0 eap_success success_and_cryptobinding / ε | challenge_response_v0 challenge_response_v0 id_response_v0 after_eap_success no_reply]
Aug 13, 2025 5:04:40 PM de.learnlib.logging.LearnLogger logQuery
INFO: [ε | challenge_v0 challenge_v0 id_request_v0 eap_success tlv_request / ε | challenge_response_v0 challenge_response_v0 id_response_v0 after_eap_success tlv_failureencrypted_alert]
Aug 13, 2025 5:04:43 PM de.learnlib.logging.LearnLogger logQuery
INFO: [ε | challenge_v0 challenge_v0 id_request_v0 eap_success success_request_with_credentials success_and_cryptobinding / ε | challenge_response_v0 challenge_response_v0 id_response_v0 after_eap_success success_response_v0 tlv_success_and_cryptobinding]
Aug 13, 2025 5:04:46 PM de.learnlib.logging.LearnLogger logQuery
INFO: [ε | challenge_v0 challenge_v0 challenge_v0 eap_success / ε | challenge_response_v0 challenge_response_v0 challenge_response_v0 after_eap_success]
Aug 13, 2025 5:04:49 PM de.learnlib.logging.LearnLogger logQuery
INFO: [ε | challenge_v0 challenge_v0 challenge_v0 eap_success success_and_cryptobinding / ε | challenge_response_v0 challenge_response_v0 challenge_response_v0 after_eap_success no_reply]
Aug 13, 2025 5:04:52 PM de.learnlib.logging.LearnLogger logQuery
INFO: [ε | challenge_v0 challenge_v0 challenge_v0 eap_success tlv_request / ε | challenge_response_v0 challenge_response_v0 challenge_response_v0 after_eap_success tlv_failureencrypted_alert]
Aug 13, 2025 5:04:55 PM de.learnlib.logging.LearnLogger logQuery
INFO: [ε | challenge_v0 challenge_v0 challenge_v0 eap_success success_request_with_credentials success_and_cryptobinding / ε | challenge_response_v0 challenge_response_v0 challenge_response_v0 after_eap_success success_response_v0 tlv_success_and_cryptobinding]
Aug 13, 2025 5:04:58 PM de.learnlib.logging.LearnLogger logQuery
INFO: [ε | challenge_v0 challenge_v0 success_request_with_credentials eap_success / ε | challenge_response_v0 challenge_response_v0 success_response_v0 after_eap_success]
Aug 13, 2025 5:05:01 PM de.learnlib.logging.LearnLogger logQuery
INFO: [ε | challenge_v0 challenge_v0 success_request_with_credentials eap_success success_and_cryptobinding / ε | challenge_response_v0 challenge_response_v0 success_response_v0 after_eap_success tlv_success_and_cryptobinding]
Aug 13, 2025 5:05:03 PM de.learnlib.logging.LearnLogger logQuery
INFO: [ε | challenge_v0 challenge_v0 success_request_with_credentials eap_success tlv_request / ε | challenge_response_v0 challenge_response_v0 success_response_v0 after_eap_success tlv_success]
Aug 13, 2025 5:05:06 PM de.learnlib.logging.LearnLogger logQuery
INFO: [ε | challenge_v0 challenge_v0 success_request_with_credentials eap_success success_request_with_credentials success_and_cryptobinding / ε | challenge_response_v0 challenge_response_v0 success_response_v0 after_eap_success success_response_v0 tlv_success_and_cryptobinding]
Aug 13, 2025 5:05:09 PM de.learnlib.logging.LearnLogger logQuery
INFO: [ε | challenge_v0 challenge_v0 eap_success eap_success / ε | challenge_response_v0 challenge_response_v0 after_eap_success after_eap_success]
Aug 13, 2025 5:05:13 PM de.learnlib.logging.LearnLogger logQuery
INFO: [ε | challenge_v0 challenge_v0 eap_success eap_success success_and_cryptobinding / ε | challenge_response_v0 challenge_response_v0 after_eap_success after_eap_success no_reply]
Aug 13, 2025 5:05:17 PM de.learnlib.logging.LearnLogger logQuery
INFO: [ε | challenge_v0 challenge_v0 eap_success eap_success tlv_request / ε | challenge_response_v0 challenge_response_v0 after_eap_success after_eap_success tlv_failureencrypted_alert]
Aug 13, 2025 5:05:20 PM de.learnlib.logging.LearnLogger logQuery
INFO: [ε | challenge_v0 challenge_v0 eap_success eap_success success_request_with_credentials success_and_cryptobinding / ε | challenge_response_v0 challenge_response_v0 after_eap_success after_eap_success success_response_v0 tlv_success_and_cryptobinding]
Aug 13, 2025 5:05:23 PM de.learnlib.logging.LearnLogger logQuery
INFO: [ε | challenge_v0 challenge_v0 id_request_v0 4_way_message_1 / ε | challenge_response_v0 challenge_response_v0 id_response_v0 no_reply]
Aug 13, 2025 5:05:26 PM de.learnlib.logging.LearnLogger logQuery
INFO: [ε | challenge_v0 challenge_v0 challenge_v0 4_way_message_1 / ε | challenge_response_v0 challenge_response_v0 challenge_response_v0 no_reply]
Aug 13, 2025 5:05:29 PM de.learnlib.logging.LearnLogger logQuery
INFO: [ε | challenge_v0 challenge_v0 success_request_with_credentials 4_way_message_1 / ε | challenge_response_v0 challenge_response_v0 success_response_v0 no_reply]
Aug 13, 2025 5:05:32 PM de.learnlib.logging.LearnLogger logQuery
INFO: [ε | challenge_v0 challenge_v0 eap_success 4_way_message_1 / ε | challenge_response_v0 challenge_response_v0 after_eap_success no_reply]
Aug 13, 2025 5:05:33 PM de.learnlib.logging.LearnLogger logQuery
INFO: DB CACHE [ε | challenge_v0 success_request_with_credentials id_request_v0 id_request_v0 /  challenge_response_v0 success_response_v0 id_response_v0 id_response_v0]
Aug 13, 2025 5:05:35 PM de.learnlib.logging.LearnLogger logQuery
INFO: [ε | challenge_v0 success_request_with_credentials id_request_v0 id_request_v0 success_and_cryptobinding / ε | challenge_response_v0 success_response_v0 id_response_v0 id_response_v0 tlv_success_and_cryptobinding]
Aug 13, 2025 5:05:37 PM de.learnlib.logging.LearnLogger logQuery
INFO: [ε | challenge_v0 success_request_with_credentials id_request_v0 id_request_v0 tlv_request / ε | challenge_response_v0 success_response_v0 id_response_v0 id_response_v0 tlv_success]
Aug 13, 2025 5:05:39 PM de.learnlib.logging.LearnLogger logQuery
INFO: [ε | challenge_v0 success_request_with_credentials id_request_v0 id_request_v0 success_request_with_credentials success_and_cryptobinding / ε | challenge_response_v0 success_response_v0 id_response_v0 id_response_v0 success_response_v0 tlv_success_and_cryptobinding]
Aug 13, 2025 5:05:40 PM de.learnlib.logging.LearnLogger logQuery
INFO: DB CACHE [ε | challenge_v0 success_request_with_credentials challenge_v0 id_request_v0 /  challenge_response_v0 success_response_v0 challenge_response_v0 id_response_v0]
Aug 13, 2025 5:05:42 PM de.learnlib.logging.LearnLogger logQuery
INFO: [ε | challenge_v0 success_request_with_credentials challenge_v0 id_request_v0 success_and_cryptobinding / ε | challenge_response_v0 success_response_v0 challenge_response_v0 id_response_v0 no_reply]
Aug 13, 2025 5:05:45 PM de.learnlib.logging.LearnLogger logQuery
INFO: [ε | challenge_v0 success_request_with_credentials challenge_v0 id_request_v0 tlv_request / ε | challenge_response_v0 success_response_v0 challenge_response_v0 id_response_v0 tlv_success]
Aug 13, 2025 5:05:47 PM de.learnlib.logging.LearnLogger logQuery
INFO: [ε | challenge_v0 success_request_with_credentials challenge_v0 id_request_v0 success_request_with_credentials success_and_cryptobinding / ε | challenge_response_v0 success_response_v0 challenge_response_v0 id_response_v0 success_response_v0 tlv_success_and_cryptobinding]
Aug 13, 2025 5:05:47 PM de.learnlib.logging.LearnLogger logQuery
INFO: DB CACHE [ε | challenge_v0 success_request_with_credentials tlv_request id_request_v0 /  challenge_response_v0 success_response_v0 tlv_success no_reply]
Aug 13, 2025 5:05:47 PM de.learnlib.logging.LearnLogger logQuery
INFO: DB CACHE [ε | challenge_v0 success_request_with_credentials success_request_with_credentials id_request_v0 /  challenge_response_v0 success_response_v0 success_response_v0 id_response_v0]
Aug 13, 2025 5:05:49 PM de.learnlib.logging.LearnLogger logQuery
INFO: [ε | challenge_v0 success_request_with_credentials success_request_with_credentials id_request_v0 success_and_cryptobinding / ε | challenge_response_v0 success_response_v0 success_response_v0 id_response_v0 tlv_success_and_cryptobinding]
Aug 13, 2025 5:05:51 PM de.learnlib.logging.LearnLogger logQuery
INFO: [ε | challenge_v0 success_request_with_credentials success_request_with_credentials id_request_v0 tlv_request / ε | challenge_response_v0 success_response_v0 success_response_v0 id_response_v0 tlv_success]
Aug 13, 2025 5:05:54 PM de.learnlib.logging.LearnLogger logQuery
INFO: [ε | challenge_v0 success_request_with_credentials success_request_with_credentials id_request_v0 success_request_with_credentials success_and_cryptobinding / ε | challenge_response_v0 success_response_v0 success_response_v0 id_response_v0 success_response_v0 tlv_success_and_cryptobinding]
Aug 13, 2025 5:05:54 PM de.learnlib.logging.LearnLogger logQuery
INFO: DB CACHE [ε | challenge_v0 success_request_with_credentials success_and_cryptobinding id_request_v0 /  challenge_response_v0 success_response_v0 tlv_success_and_cryptobinding no_reply]
Aug 13, 2025 5:05:54 PM de.learnlib.logging.LearnLogger logQuery
INFO: DB CACHE [ε | challenge_v0 success_request_with_credentials eap_success id_request_v0 /  challenge_response_v0 success_response_v0 after_eap_success id_response_v0]
Aug 13, 2025 5:05:56 PM de.learnlib.logging.LearnLogger logQuery
INFO: [ε | challenge_v0 success_request_with_credentials eap_success id_request_v0 success_and_cryptobinding / ε | challenge_response_v0 success_response_v0 after_eap_success id_response_v0 tlv_success_and_cryptobinding]
Aug 13, 2025 5:05:59 PM de.learnlib.logging.LearnLogger logQuery
INFO: [ε | challenge_v0 success_request_with_credentials eap_success id_request_v0 tlv_request / ε | challenge_response_v0 success_response_v0 after_eap_success id_response_v0 tlv_success]
Aug 13, 2025 5:06:02 PM de.learnlib.logging.LearnLogger logQuery
INFO: [ε | challenge_v0 success_request_with_credentials eap_success id_request_v0 success_request_with_credentials success_and_cryptobinding / ε | challenge_response_v0 success_response_v0 after_eap_success id_response_v0 success_response_v0 tlv_success_and_cryptobinding]
Aug 13, 2025 5:06:02 PM de.learnlib.logging.LearnLogger logQuery
INFO: DB CACHE [ε | challenge_v0 success_request_with_credentials id_request_v0 challenge_v0 /  challenge_response_v0 success_response_v0 id_response_v0 challenge_response_v0]
Aug 13, 2025 5:06:05 PM de.learnlib.logging.LearnLogger logQuery
INFO: [ε | challenge_v0 success_request_with_credentials id_request_v0 challenge_v0 success_and_cryptobinding / ε | challenge_response_v0 success_response_v0 id_response_v0 challenge_response_v0 no_reply]
Aug 13, 2025 5:06:07 PM de.learnlib.logging.LearnLogger logQuery
INFO: [ε | challenge_v0 success_request_with_credentials id_request_v0 challenge_v0 tlv_request / ε | challenge_response_v0 success_response_v0 id_response_v0 challenge_response_v0 tlv_success]
Aug 13, 2025 5:06:09 PM de.learnlib.logging.LearnLogger logQuery
INFO: [ε | challenge_v0 success_request_with_credentials id_request_v0 challenge_v0 success_request_with_credentials success_and_cryptobinding / ε | challenge_response_v0 success_response_v0 id_response_v0 challenge_response_v0 success_response_v0 tlv_success_and_cryptobinding]
Aug 13, 2025 5:06:09 PM de.learnlib.logging.LearnLogger logQuery
INFO: DB CACHE [ε | challenge_v0 success_request_with_credentials challenge_v0 challenge_v0 /  challenge_response_v0 success_response_v0 challenge_response_v0 challenge_response_v0]
Aug 13, 2025 5:06:12 PM de.learnlib.logging.LearnLogger logQuery
INFO: [ε | challenge_v0 success_request_with_credentials challenge_v0 challenge_v0 success_and_cryptobinding / ε | challenge_response_v0 success_response_v0 challenge_response_v0 challenge_response_v0 no_reply]
Aug 13, 2025 5:06:14 PM de.learnlib.logging.LearnLogger logQuery
INFO: [ε | challenge_v0 success_request_with_credentials challenge_v0 challenge_v0 tlv_request / ε | challenge_response_v0 success_response_v0 challenge_response_v0 challenge_response_v0 tlv_success]
Aug 13, 2025 5:06:17 PM de.learnlib.logging.LearnLogger logQuery
INFO: [ε | challenge_v0 success_request_with_credentials challenge_v0 challenge_v0 success_request_with_credentials success_and_cryptobinding / ε | challenge_response_v0 success_response_v0 challenge_response_v0 challenge_response_v0 success_response_v0 tlv_success_and_cryptobinding]
Aug 13, 2025 5:06:17 PM de.learnlib.logging.LearnLogger logQuery
INFO: DB CACHE [ε | challenge_v0 success_request_with_credentials tlv_request challenge_v0 /  challenge_response_v0 success_response_v0 tlv_success no_reply]
Aug 13, 2025 5:06:17 PM de.learnlib.logging.LearnLogger logQuery
INFO: DB CACHE [ε | challenge_v0 success_request_with_credentials success_request_with_credentials challenge_v0 /  challenge_response_v0 success_response_v0 success_response_v0 challenge_response_v0]
Aug 13, 2025 5:06:19 PM de.learnlib.logging.LearnLogger logQuery
INFO: [ε | challenge_v0 success_request_with_credentials success_request_with_credentials challenge_v0 success_and_cryptobinding / ε | challenge_response_v0 success_response_v0 success_response_v0 challenge_response_v0 no_reply]
Aug 13, 2025 5:06:22 PM de.learnlib.logging.LearnLogger logQuery
INFO: [ε | challenge_v0 success_request_with_credentials success_request_with_credentials challenge_v0 tlv_request / ε | challenge_response_v0 success_response_v0 success_response_v0 challenge_response_v0 tlv_success]
Aug 13, 2025 5:06:24 PM de.learnlib.logging.LearnLogger logQuery
INFO: [ε | challenge_v0 success_request_with_credentials success_request_with_credentials challenge_v0 success_request_with_credentials success_and_cryptobinding / ε | challenge_response_v0 success_response_v0 success_response_v0 challenge_response_v0 success_response_v0 tlv_success_and_cryptobinding]
Aug 13, 2025 5:06:24 PM de.learnlib.logging.LearnLogger logQuery
INFO: DB CACHE [ε | challenge_v0 success_request_with_credentials success_and_cryptobinding challenge_v0 /  challenge_response_v0 success_response_v0 tlv_success_and_cryptobinding no_reply]
Aug 13, 2025 5:06:24 PM de.learnlib.logging.LearnLogger logQuery
INFO: DB CACHE [ε | challenge_v0 success_request_with_credentials eap_success challenge_v0 /  challenge_response_v0 success_response_v0 after_eap_success challenge_response_v0]
Aug 13, 2025 5:06:27 PM de.learnlib.logging.LearnLogger logQuery
INFO: [ε | challenge_v0 success_request_with_credentials eap_success challenge_v0 success_and_cryptobinding / ε | challenge_response_v0 success_response_v0 after_eap_success challenge_response_v0 no_reply]
Aug 13, 2025 5:06:30 PM de.learnlib.logging.LearnLogger logQuery
INFO: [ε | challenge_v0 success_request_with_credentials eap_success challenge_v0 tlv_request / ε | challenge_response_v0 success_response_v0 after_eap_success challenge_response_v0 tlv_success]
Aug 13, 2025 5:06:33 PM de.learnlib.logging.LearnLogger logQuery
INFO: [ε | challenge_v0 success_request_with_credentials eap_success challenge_v0 success_request_with_credentials success_and_cryptobinding / ε | challenge_response_v0 success_response_v0 after_eap_success challenge_response_v0 success_response_v0 tlv_success_and_cryptobinding]
Aug 13, 2025 5:06:36 PM de.learnlib.logging.LearnLogger logQuery
INFO: [ε | challenge_v0 success_request_with_credentials id_request_v0 tlv_request success_and_cryptobinding / ε | challenge_response_v0 success_response_v0 id_response_v0 tlv_success no_reply]
Aug 13, 2025 5:06:39 PM de.learnlib.logging.LearnLogger logQuery
INFO: [ε | challenge_v0 success_request_with_credentials id_request_v0 tlv_request tlv_request / ε | challenge_response_v0 success_response_v0 id_response_v0 tlv_success no_reply]
Aug 13, 2025 5:06:42 PM de.learnlib.logging.LearnLogger logQuery
INFO: [ε | challenge_v0 success_request_with_credentials id_request_v0 tlv_request success_request_with_credentials success_and_cryptobinding / ε | challenge_response_v0 success_response_v0 id_response_v0 tlv_success no_reply -]
Aug 13, 2025 5:06:45 PM de.learnlib.logging.LearnLogger logQuery
INFO: [ε | challenge_v0 success_request_with_credentials challenge_v0 tlv_request success_and_cryptobinding / ε | challenge_response_v0 success_response_v0 challenge_response_v0 tlv_success no_reply]
Aug 13, 2025 5:06:48 PM de.learnlib.logging.LearnLogger logQuery
INFO: [ε | challenge_v0 success_request_with_credentials challenge_v0 tlv_request tlv_request / ε | challenge_response_v0 success_response_v0 challenge_response_v0 tlv_success no_reply]
Aug 13, 2025 5:06:51 PM de.learnlib.logging.LearnLogger logQuery
INFO: [ε | challenge_v0 success_request_with_credentials challenge_v0 tlv_request success_request_with_credentials success_and_cryptobinding / ε | challenge_response_v0 success_response_v0 challenge_response_v0 tlv_success no_reply -]
Aug 13, 2025 5:06:53 PM de.learnlib.logging.LearnLogger logQuery
INFO: [ε | challenge_v0 success_request_with_credentials success_request_with_credentials tlv_request success_and_cryptobinding / ε | challenge_response_v0 success_response_v0 success_response_v0 tlv_success no_reply]
Aug 13, 2025 5:06:56 PM de.learnlib.logging.LearnLogger logQuery
INFO: [ε | challenge_v0 success_request_with_credentials success_request_with_credentials tlv_request tlv_request / ε | challenge_response_v0 success_response_v0 success_response_v0 tlv_success no_reply]
Aug 13, 2025 5:06:59 PM de.learnlib.logging.LearnLogger logQuery
INFO: [ε | challenge_v0 success_request_with_credentials success_request_with_credentials tlv_request success_request_with_credentials success_and_cryptobinding / ε | challenge_response_v0 success_response_v0 success_response_v0 tlv_success no_reply -]
Aug 13, 2025 5:07:03 PM de.learnlib.logging.LearnLogger logQuery
INFO: [ε | challenge_v0 success_request_with_credentials eap_success tlv_request success_and_cryptobinding / ε | challenge_response_v0 success_response_v0 after_eap_success tlv_success no_reply]
Aug 13, 2025 5:07:06 PM de.learnlib.logging.LearnLogger logQuery
INFO: [ε | challenge_v0 success_request_with_credentials eap_success tlv_request tlv_request / ε | challenge_response_v0 success_response_v0 after_eap_success tlv_success no_reply]
Aug 13, 2025 5:07:09 PM de.learnlib.logging.LearnLogger logQuery
INFO: [ε | challenge_v0 success_request_with_credentials eap_success tlv_request success_request_with_credentials success_and_cryptobinding / ε | challenge_response_v0 success_response_v0 after_eap_success tlv_success no_reply -]
Aug 13, 2025 5:07:10 PM de.learnlib.logging.LearnLogger logQuery
INFO: DB CACHE [ε | challenge_v0 success_request_with_credentials id_request_v0 tlv_failure /  challenge_response_v0 success_response_v0 id_response_v0 tlv_failureencrypted_alert]
Aug 13, 2025 5:07:10 PM de.learnlib.logging.LearnLogger logQuery
INFO: DB CACHE [ε | challenge_v0 success_request_with_credentials challenge_v0 tlv_failure /  challenge_response_v0 success_response_v0 challenge_response_v0 tlv_failureencrypted_alert]
Aug 13, 2025 5:07:10 PM de.learnlib.logging.LearnLogger logQuery
INFO: DB CACHE [ε | challenge_v0 success_request_with_credentials tlv_request tlv_failure /  challenge_response_v0 success_response_v0 tlv_success no_reply]
Aug 13, 2025 5:07:10 PM de.learnlib.logging.LearnLogger logQuery
INFO: DB CACHE [ε | challenge_v0 success_request_with_credentials success_request_with_credentials tlv_failure /  challenge_response_v0 success_response_v0 success_response_v0 tlv_failureencrypted_alert]
Aug 13, 2025 5:07:10 PM de.learnlib.logging.LearnLogger logQuery
INFO: DB CACHE [ε | challenge_v0 success_request_with_credentials success_and_cryptobinding tlv_failure /  challenge_response_v0 success_response_v0 tlv_success_and_cryptobinding no_reply]
Aug 13, 2025 5:07:10 PM de.learnlib.logging.LearnLogger logQuery
INFO: DB CACHE [ε | challenge_v0 success_request_with_credentials eap_success tlv_failure /  challenge_response_v0 success_response_v0 after_eap_success tlv_failureencrypted_alert]
Aug 13, 2025 5:07:10 PM de.learnlib.logging.LearnLogger logQuery
INFO: DB CACHE [ε | challenge_v0 success_request_with_credentials id_request_v0 success_request_all_zeros /  challenge_response_v0 success_response_v0 id_response_v0 encrypted_alert]
Aug 13, 2025 5:07:10 PM de.learnlib.logging.LearnLogger logQuery
INFO: DB CACHE [ε | challenge_v0 success_request_with_credentials challenge_v0 success_request_all_zeros /  challenge_response_v0 success_response_v0 challenge_response_v0 encrypted_alert]
Aug 13, 2025 5:07:10 PM de.learnlib.logging.LearnLogger logQuery
INFO: DB CACHE [ε | challenge_v0 success_request_with_credentials tlv_request success_request_all_zeros /  challenge_response_v0 success_response_v0 tlv_success no_reply]
Aug 13, 2025 5:07:10 PM de.learnlib.logging.LearnLogger logQuery
INFO: DB CACHE [ε | challenge_v0 success_request_with_credentials success_request_with_credentials success_request_all_zeros /  challenge_response_v0 success_response_v0 success_response_v0 encrypted_alert]
Aug 13, 2025 5:07:10 PM de.learnlib.logging.LearnLogger logQuery
INFO: DB CACHE [ε | challenge_v0 success_request_with_credentials success_and_cryptobinding success_request_all_zeros /  challenge_response_v0 success_response_v0 tlv_success_and_cryptobinding no_reply]
Aug 13, 2025 5:07:10 PM de.learnlib.logging.LearnLogger logQuery
INFO: DB CACHE [ε | challenge_v0 success_request_with_credentials eap_success success_request_all_zeros /  challenge_response_v0 success_response_v0 after_eap_success encrypted_alert]
Aug 13, 2025 5:07:12 PM de.learnlib.logging.LearnLogger logQuery
INFO: [ε | challenge_v0 success_request_with_credentials id_request_v0 success_request_with_credentials tlv_request / ε | challenge_response_v0 success_response_v0 id_response_v0 success_response_v0 tlv_success]
Aug 13, 2025 5:07:14 PM de.learnlib.logging.LearnLogger logQuery
INFO: [ε | challenge_v0 success_request_with_credentials id_request_v0 success_request_with_credentials success_request_with_credentials success_and_cryptobinding / ε | challenge_response_v0 success_response_v0 id_response_v0 success_response_v0 success_response_v0 tlv_success_and_cryptobinding]
Aug 13, 2025 5:07:16 PM de.learnlib.logging.LearnLogger logQuery
INFO: [ε | challenge_v0 success_request_with_credentials challenge_v0 success_request_with_credentials tlv_request / ε | challenge_response_v0 success_response_v0 challenge_response_v0 success_response_v0 tlv_success]
Aug 13, 2025 5:07:18 PM de.learnlib.logging.LearnLogger logQuery
INFO: [ε | challenge_v0 success_request_with_credentials challenge_v0 success_request_with_credentials success_request_with_credentials success_and_cryptobinding / ε | challenge_response_v0 success_response_v0 challenge_response_v0 success_response_v0 success_response_v0 tlv_success_and_cryptobinding]
Aug 13, 2025 5:07:21 PM de.learnlib.logging.LearnLogger logQuery
INFO: [ε | challenge_v0 success_request_with_credentials success_request_with_credentials success_request_with_credentials tlv_request / ε | challenge_response_v0 success_response_v0 success_response_v0 success_response_v0 tlv_success]
Aug 13, 2025 5:07:23 PM de.learnlib.logging.LearnLogger logQuery
INFO: [ε | challenge_v0 success_request_with_credentials success_request_with_credentials success_request_with_credentials success_request_with_credentials success_and_cryptobinding / ε | challenge_response_v0 success_response_v0 success_response_v0 success_response_v0 success_response_v0 tlv_success_and_cryptobinding]
Aug 13, 2025 5:07:26 PM de.learnlib.logging.LearnLogger logQuery
INFO: [ε | challenge_v0 success_request_with_credentials eap_success success_request_with_credentials tlv_request / ε | challenge_response_v0 success_response_v0 after_eap_success success_response_v0 tlv_success]
Aug 13, 2025 5:07:28 PM de.learnlib.logging.LearnLogger logQuery
INFO: [ε | challenge_v0 success_request_with_credentials eap_success success_request_with_credentials success_request_with_credentials success_and_cryptobinding / ε | challenge_response_v0 success_response_v0 after_eap_success success_response_v0 success_response_v0 tlv_success_and_cryptobinding]
Aug 13, 2025 5:07:31 PM de.learnlib.logging.LearnLogger logQuery
INFO: [ε | challenge_v0 success_request_with_credentials id_request_v0 success_and_cryptobinding success_and_cryptobinding / ε | challenge_response_v0 success_response_v0 id_response_v0 tlv_success_and_cryptobinding no_reply]
Aug 13, 2025 5:07:34 PM de.learnlib.logging.LearnLogger logQuery
INFO: [ε | challenge_v0 success_request_with_credentials id_request_v0 success_and_cryptobinding tlv_request / ε | challenge_response_v0 success_response_v0 id_response_v0 tlv_success_and_cryptobinding no_reply]
Aug 13, 2025 5:07:37 PM de.learnlib.logging.LearnLogger logQuery
INFO: [ε | challenge_v0 success_request_with_credentials id_request_v0 success_and_cryptobinding success_request_with_credentials success_and_cryptobinding / ε | challenge_response_v0 success_response_v0 id_response_v0 tlv_success_and_cryptobinding no_reply -]
Aug 13, 2025 5:07:40 PM de.learnlib.logging.LearnLogger logQuery
INFO: [ε | challenge_v0 success_request_with_credentials success_request_with_credentials success_and_cryptobinding success_and_cryptobinding / ε | challenge_response_v0 success_response_v0 success_response_v0 tlv_success_and_cryptobinding no_reply]
Aug 13, 2025 5:07:43 PM de.learnlib.logging.LearnLogger logQuery
INFO: [ε | challenge_v0 success_request_with_credentials success_request_with_credentials success_and_cryptobinding tlv_request / ε | challenge_response_v0 success_response_v0 success_response_v0 tlv_success_and_cryptobinding no_reply]
Aug 13, 2025 5:07:46 PM de.learnlib.logging.LearnLogger logQuery
INFO: [ε | challenge_v0 success_request_with_credentials success_request_with_credentials success_and_cryptobinding success_request_with_credentials success_and_cryptobinding / ε | challenge_response_v0 success_response_v0 success_response_v0 tlv_success_and_cryptobinding no_reply -]
Aug 13, 2025 5:07:49 PM de.learnlib.logging.LearnLogger logQuery
INFO: [ε | challenge_v0 success_request_with_credentials eap_success success_and_cryptobinding success_and_cryptobinding / ε | challenge_response_v0 success_response_v0 after_eap_success tlv_success_and_cryptobinding no_reply]
Aug 13, 2025 5:07:53 PM de.learnlib.logging.LearnLogger logQuery
INFO: [ε | challenge_v0 success_request_with_credentials eap_success success_and_cryptobinding tlv_request / ε | challenge_response_v0 success_response_v0 after_eap_success tlv_success_and_cryptobinding no_reply]
Aug 13, 2025 5:07:56 PM de.learnlib.logging.LearnLogger logQuery
INFO: [ε | challenge_v0 success_request_with_credentials eap_success success_and_cryptobinding success_request_with_credentials success_and_cryptobinding / ε | challenge_response_v0 success_response_v0 after_eap_success tlv_success_and_cryptobinding no_reply -]
Aug 13, 2025 5:07:56 PM de.learnlib.logging.LearnLogger logQuery
INFO: DB CACHE [ε | challenge_v0 success_request_with_credentials id_request_v0 cryptobinding /  challenge_response_v0 success_response_v0 id_response_v0 tlv_cryptobindingencrypted_alert]
Aug 13, 2025 5:07:56 PM de.learnlib.logging.LearnLogger logQuery
INFO: DB CACHE [ε | challenge_v0 success_request_with_credentials challenge_v0 cryptobinding /  challenge_response_v0 success_response_v0 challenge_response_v0 no_reply]
Aug 13, 2025 5:07:56 PM de.learnlib.logging.LearnLogger logQuery
INFO: DB CACHE [ε | challenge_v0 success_request_with_credentials tlv_request cryptobinding /  challenge_response_v0 success_response_v0 tlv_success no_reply]
Aug 13, 2025 5:07:56 PM de.learnlib.logging.LearnLogger logQuery
INFO: DB CACHE [ε | challenge_v0 success_request_with_credentials success_request_with_credentials cryptobinding /  challenge_response_v0 success_response_v0 success_response_v0 tlv_cryptobindingencrypted_alert]
Aug 13, 2025 5:07:56 PM de.learnlib.logging.LearnLogger logQuery
INFO: DB CACHE [ε | challenge_v0 success_request_with_credentials success_and_cryptobinding cryptobinding /  challenge_response_v0 success_response_v0 tlv_success_and_cryptobinding no_reply]
Aug 13, 2025 5:07:56 PM de.learnlib.logging.LearnLogger logQuery
INFO: DB CACHE [ε | challenge_v0 success_request_with_credentials eap_success cryptobinding /  challenge_response_v0 success_response_v0 after_eap_success tlv_cryptobindingencrypted_alert]
Aug 13, 2025 5:07:56 PM de.learnlib.logging.LearnLogger logQuery
INFO: DB CACHE [ε | challenge_v0 success_request_with_credentials id_request_v0 eap_success /  challenge_response_v0 success_response_v0 id_response_v0 after_eap_success]
Aug 13, 2025 5:07:59 PM de.learnlib.logging.LearnLogger logQuery
INFO: [ε | challenge_v0 success_request_with_credentials id_request_v0 eap_success success_and_cryptobinding / ε | challenge_response_v0 success_response_v0 id_response_v0 after_eap_success tlv_success_and_cryptobinding]
Aug 13, 2025 5:08:01 PM de.learnlib.logging.LearnLogger logQuery
INFO: [ε | challenge_v0 success_request_with_credentials id_request_v0 eap_success tlv_request / ε | challenge_response_v0 success_response_v0 id_response_v0 after_eap_success tlv_success]
Aug 13, 2025 5:08:04 PM de.learnlib.logging.LearnLogger logQuery
INFO: [ε | challenge_v0 success_request_with_credentials id_request_v0 eap_success success_request_with_credentials success_and_cryptobinding / ε | challenge_response_v0 success_response_v0 id_response_v0 after_eap_success success_response_v0 tlv_success_and_cryptobinding]
Aug 13, 2025 5:08:04 PM de.learnlib.logging.LearnLogger logQuery
INFO: DB CACHE [ε | challenge_v0 success_request_with_credentials challenge_v0 eap_success /  challenge_response_v0 success_response_v0 challenge_response_v0 after_eap_success]
Aug 13, 2025 5:08:08 PM de.learnlib.logging.LearnLogger logQuery
INFO: [ε | challenge_v0 success_request_with_credentials challenge_v0 eap_success success_and_cryptobinding / ε | challenge_response_v0 success_response_v0 challenge_response_v0 after_eap_success no_reply]
Aug 13, 2025 5:08:10 PM de.learnlib.logging.LearnLogger logQuery
INFO: [ε | challenge_v0 success_request_with_credentials challenge_v0 eap_success tlv_request / ε | challenge_response_v0 success_response_v0 challenge_response_v0 after_eap_success tlv_success]
Aug 13, 2025 5:08:13 PM de.learnlib.logging.LearnLogger logQuery
INFO: [ε | challenge_v0 success_request_with_credentials challenge_v0 eap_success success_request_with_credentials success_and_cryptobinding / ε | challenge_response_v0 success_response_v0 challenge_response_v0 after_eap_success success_response_v0 tlv_success_and_cryptobinding]
Aug 13, 2025 5:08:13 PM de.learnlib.logging.LearnLogger logQuery
INFO: DB CACHE [ε | challenge_v0 success_request_with_credentials tlv_request eap_success /  challenge_response_v0 success_response_v0 tlv_success after_eap_success]
Aug 13, 2025 5:08:16 PM de.learnlib.logging.LearnLogger logQuery
INFO: [ε | challenge_v0 success_request_with_credentials tlv_request eap_success success_and_cryptobinding / ε | challenge_response_v0 success_response_v0 tlv_success after_eap_success deauthentication]
Aug 13, 2025 5:08:19 PM de.learnlib.logging.LearnLogger logQuery
INFO: [ε | challenge_v0 success_request_with_credentials tlv_request eap_success tlv_request / ε | challenge_response_v0 success_response_v0 tlv_success after_eap_success deauthentication]
Aug 13, 2025 5:08:22 PM de.learnlib.logging.LearnLogger logQuery
INFO: [ε | challenge_v0 success_request_with_credentials tlv_request eap_success success_request_with_credentials success_and_cryptobinding / ε | challenge_response_v0 success_response_v0 tlv_success after_eap_success deauthentication -]
Aug 13, 2025 5:08:22 PM de.learnlib.logging.LearnLogger logQuery
INFO: DB CACHE [ε | challenge_v0 success_request_with_credentials success_request_with_credentials eap_success /  challenge_response_v0 success_response_v0 success_response_v0 after_eap_success]
Aug 13, 2025 5:08:25 PM de.learnlib.logging.LearnLogger logQuery
INFO: [ε | challenge_v0 success_request_with_credentials success_request_with_credentials eap_success success_and_cryptobinding / ε | challenge_response_v0 success_response_v0 success_response_v0 after_eap_success tlv_success_and_cryptobinding]
Aug 13, 2025 5:08:27 PM de.learnlib.logging.LearnLogger logQuery
INFO: [ε | challenge_v0 success_request_with_credentials success_request_with_credentials eap_success tlv_request / ε | challenge_response_v0 success_response_v0 success_response_v0 after_eap_success tlv_success]
Aug 13, 2025 5:08:30 PM de.learnlib.logging.LearnLogger logQuery
INFO: [ε | challenge_v0 success_request_with_credentials success_request_with_credentials eap_success success_request_with_credentials success_and_cryptobinding / ε | challenge_response_v0 success_response_v0 success_response_v0 after_eap_success success_response_v0 tlv_success_and_cryptobinding]
Aug 13, 2025 5:08:30 PM de.learnlib.logging.LearnLogger logQuery
INFO: DB CACHE [ε | challenge_v0 success_request_with_credentials success_and_cryptobinding eap_success /  challenge_response_v0 success_response_v0 tlv_success_and_cryptobinding after_eap_success]
Aug 13, 2025 5:08:33 PM de.learnlib.logging.LearnLogger logQuery
INFO: [ε | challenge_v0 success_request_with_credentials success_and_cryptobinding eap_success success_and_cryptobinding / ε | challenge_response_v0 success_response_v0 tlv_success_and_cryptobinding after_eap_success deauthentication]
Aug 13, 2025 5:08:36 PM de.learnlib.logging.LearnLogger logQuery
INFO: [ε | challenge_v0 success_request_with_credentials success_and_cryptobinding eap_success tlv_request / ε | challenge_response_v0 success_response_v0 tlv_success_and_cryptobinding after_eap_success deauthentication]
Aug 13, 2025 5:08:39 PM de.learnlib.logging.LearnLogger logQuery
INFO: [ε | challenge_v0 success_request_with_credentials success_and_cryptobinding eap_success success_request_with_credentials success_and_cryptobinding / ε | challenge_response_v0 success_response_v0 tlv_success_and_cryptobinding after_eap_success deauthentication -]
Aug 13, 2025 5:08:39 PM de.learnlib.logging.LearnLogger logQuery
INFO: DB CACHE [ε | challenge_v0 success_request_with_credentials eap_success eap_success /  challenge_response_v0 success_response_v0 after_eap_success after_eap_success]
Aug 13, 2025 5:08:42 PM de.learnlib.logging.LearnLogger logQuery
INFO: [ε | challenge_v0 success_request_with_credentials eap_success eap_success success_and_cryptobinding / ε | challenge_response_v0 success_response_v0 after_eap_success after_eap_success tlv_success_and_cryptobinding]
Aug 13, 2025 5:08:45 PM de.learnlib.logging.LearnLogger logQuery
INFO: [ε | challenge_v0 success_request_with_credentials eap_success eap_success tlv_request / ε | challenge_response_v0 success_response_v0 after_eap_success after_eap_success tlv_success]
Aug 13, 2025 5:08:49 PM de.learnlib.logging.LearnLogger logQuery
INFO: [ε | challenge_v0 success_request_with_credentials eap_success eap_success success_request_with_credentials success_and_cryptobinding / ε | challenge_response_v0 success_response_v0 after_eap_success after_eap_success success_response_v0 tlv_success_and_cryptobinding]
Aug 13, 2025 5:08:49 PM de.learnlib.logging.LearnLogger logQuery
INFO: DB CACHE [ε | challenge_v0 success_request_with_credentials id_request_v0 4_way_message_1 /  challenge_response_v0 success_response_v0 id_response_v0 no_reply]
Aug 13, 2025 5:08:49 PM de.learnlib.logging.LearnLogger logQuery
INFO: DB CACHE [ε | challenge_v0 success_request_with_credentials challenge_v0 4_way_message_1 /  challenge_response_v0 success_response_v0 challenge_response_v0 no_reply]
Aug 13, 2025 5:08:49 PM de.learnlib.logging.LearnLogger logQuery
INFO: DB CACHE [ε | challenge_v0 success_request_with_credentials tlv_request 4_way_message_1 /  challenge_response_v0 success_response_v0 tlv_success 4_way_message_2]
Aug 13, 2025 5:08:49 PM de.learnlib.logging.LearnLogger logQuery
INFO: DB CACHE [ε | challenge_v0 success_request_with_credentials success_request_with_credentials 4_way_message_1 /  challenge_response_v0 success_response_v0 success_response_v0 no_reply]
Aug 13, 2025 5:08:49 PM de.learnlib.logging.LearnLogger logQuery
INFO: DB CACHE [ε | challenge_v0 success_request_with_credentials success_and_cryptobinding 4_way_message_1 /  challenge_response_v0 success_response_v0 tlv_success_and_cryptobinding 4_way_message_2]
Aug 13, 2025 5:08:49 PM de.learnlib.logging.LearnLogger logQuery
INFO: DB CACHE [ε | challenge_v0 success_request_with_credentials eap_success 4_way_message_1 /  challenge_response_v0 success_response_v0 after_eap_success no_reply]
Aug 13, 2025 5:08:51 PM de.learnlib.logging.LearnLogger logQuery
INFO: [ε | challenge_v0 eap_success id_request_v0 id_request_v0 / ε | challenge_response_v0 after_eap_success id_response_v0 id_response_v0]
Aug 13, 2025 5:08:55 PM de.learnlib.logging.LearnLogger logQuery
INFO: [ε | challenge_v0 eap_success id_request_v0 id_request_v0 success_and_cryptobinding / ε | challenge_response_v0 after_eap_success id_response_v0 id_response_v0 no_reply]
Aug 13, 2025 5:08:58 PM de.learnlib.logging.LearnLogger logQuery
INFO: [ε | challenge_v0 eap_success id_request_v0 id_request_v0 tlv_request / ε | challenge_response_v0 after_eap_success id_response_v0 id_response_v0 tlv_failureencrypted_alert]
Aug 13, 2025 5:09:01 PM de.learnlib.logging.LearnLogger logQuery
INFO: [ε | challenge_v0 eap_success id_request_v0 id_request_v0 success_request_with_credentials success_and_cryptobinding / ε | challenge_response_v0 after_eap_success id_response_v0 id_response_v0 success_response_v0 tlv_success_and_cryptobinding]
Aug 13, 2025 5:09:03 PM de.learnlib.logging.LearnLogger logQuery
INFO: [ε | challenge_v0 eap_success challenge_v0 id_request_v0 / ε | challenge_response_v0 after_eap_success challenge_response_v0 id_response_v0]
Aug 13, 2025 5:09:07 PM de.learnlib.logging.LearnLogger logQuery
INFO: [ε | challenge_v0 eap_success challenge_v0 id_request_v0 success_and_cryptobinding / ε | challenge_response_v0 after_eap_success challenge_response_v0 id_response_v0 no_reply]
Aug 13, 2025 5:09:10 PM de.learnlib.logging.LearnLogger logQuery
INFO: [ε | challenge_v0 eap_success challenge_v0 id_request_v0 tlv_request / ε | challenge_response_v0 after_eap_success challenge_response_v0 id_response_v0 tlv_failureencrypted_alert]
Aug 13, 2025 5:09:12 PM de.learnlib.logging.LearnLogger logQuery
INFO: [ε | challenge_v0 eap_success challenge_v0 id_request_v0 success_request_with_credentials success_and_cryptobinding / ε | challenge_response_v0 after_eap_success challenge_response_v0 id_response_v0 success_response_v0 tlv_success_and_cryptobinding]
Aug 13, 2025 5:09:15 PM de.learnlib.logging.LearnLogger logQuery
INFO: [ε | challenge_v0 eap_success success_request_with_credentials id_request_v0 / ε | challenge_response_v0 after_eap_success success_response_v0 id_response_v0]
Aug 13, 2025 5:09:18 PM de.learnlib.logging.LearnLogger logQuery
INFO: [ε | challenge_v0 eap_success success_request_with_credentials id_request_v0 success_and_cryptobinding / ε | challenge_response_v0 after_eap_success success_response_v0 id_response_v0 tlv_success_and_cryptobinding]
Aug 13, 2025 5:09:21 PM de.learnlib.logging.LearnLogger logQuery
INFO: [ε | challenge_v0 eap_success success_request_with_credentials id_request_v0 tlv_request / ε | challenge_response_v0 after_eap_success success_response_v0 id_response_v0 tlv_success]
Aug 13, 2025 5:09:24 PM de.learnlib.logging.LearnLogger logQuery
INFO: [ε | challenge_v0 eap_success success_request_with_credentials id_request_v0 success_request_with_credentials success_and_cryptobinding / ε | challenge_response_v0 after_eap_success success_response_v0 id_response_v0 success_response_v0 tlv_success_and_cryptobinding]
Aug 13, 2025 5:09:27 PM de.learnlib.logging.LearnLogger logQuery
INFO: [ε | challenge_v0 eap_success eap_success id_request_v0 / ε | challenge_response_v0 after_eap_success after_eap_success id_response_v0]
Aug 13, 2025 5:09:31 PM de.learnlib.logging.LearnLogger logQuery
INFO: [ε | challenge_v0 eap_success eap_success id_request_v0 success_and_cryptobinding / ε | challenge_response_v0 after_eap_success after_eap_success id_response_v0 no_reply]
Aug 13, 2025 5:09:34 PM de.learnlib.logging.LearnLogger logQuery
INFO: [ε | challenge_v0 eap_success eap_success id_request_v0 tlv_request / ε | challenge_response_v0 after_eap_success after_eap_success id_response_v0 tlv_failureencrypted_alert]
Aug 13, 2025 5:09:37 PM de.learnlib.logging.LearnLogger logQuery
INFO: [ε | challenge_v0 eap_success eap_success id_request_v0 success_request_with_credentials success_and_cryptobinding / ε | challenge_response_v0 after_eap_success after_eap_success id_response_v0 success_response_v0 tlv_success_and_cryptobinding]
Aug 13, 2025 5:09:40 PM de.learnlib.logging.LearnLogger logQuery
INFO: [ε | challenge_v0 eap_success id_request_v0 challenge_v0 / ε | challenge_response_v0 after_eap_success id_response_v0 challenge_response_v0]
Aug 13, 2025 5:09:43 PM de.learnlib.logging.LearnLogger logQuery
INFO: [ε | challenge_v0 eap_success id_request_v0 challenge_v0 success_and_cryptobinding / ε | challenge_response_v0 after_eap_success id_response_v0 challenge_response_v0 no_reply]
Aug 13, 2025 5:09:46 PM de.learnlib.logging.LearnLogger logQuery
INFO: [ε | challenge_v0 eap_success id_request_v0 challenge_v0 tlv_request / ε | challenge_response_v0 after_eap_success id_response_v0 challenge_response_v0 tlv_failureencrypted_alert]
Aug 13, 2025 5:09:49 PM de.learnlib.logging.LearnLogger logQuery
INFO: [ε | challenge_v0 eap_success id_request_v0 challenge_v0 success_request_with_credentials success_and_cryptobinding / ε | challenge_response_v0 after_eap_success id_response_v0 challenge_response_v0 success_response_v0 tlv_success_and_cryptobinding]
Aug 13, 2025 5:09:52 PM de.learnlib.logging.LearnLogger logQuery
INFO: [ε | challenge_v0 eap_success challenge_v0 challenge_v0 / ε | challenge_response_v0 after_eap_success challenge_response_v0 challenge_response_v0]
Aug 13, 2025 5:09:55 PM de.learnlib.logging.LearnLogger logQuery
INFO: [ε | challenge_v0 eap_success challenge_v0 challenge_v0 success_and_cryptobinding / ε | challenge_response_v0 after_eap_success challenge_response_v0 challenge_response_v0 no_reply]
Aug 13, 2025 5:09:58 PM de.learnlib.logging.LearnLogger logQuery
INFO: [ε | challenge_v0 eap_success challenge_v0 challenge_v0 tlv_request / ε | challenge_response_v0 after_eap_success challenge_response_v0 challenge_response_v0 tlv_failureencrypted_alert]
Aug 13, 2025 5:10:01 PM de.learnlib.logging.LearnLogger logQuery
INFO: [ε | challenge_v0 eap_success challenge_v0 challenge_v0 success_request_with_credentials success_and_cryptobinding / ε | challenge_response_v0 after_eap_success challenge_response_v0 challenge_response_v0 success_response_v0 tlv_success_and_cryptobinding]
Aug 13, 2025 5:10:04 PM de.learnlib.logging.LearnLogger logQuery
INFO: [ε | challenge_v0 eap_success success_request_with_credentials challenge_v0 / ε | challenge_response_v0 after_eap_success success_response_v0 challenge_response_v0]
Aug 13, 2025 5:10:07 PM de.learnlib.logging.LearnLogger logQuery
INFO: [ε | challenge_v0 eap_success success_request_with_credentials challenge_v0 success_and_cryptobinding / ε | challenge_response_v0 after_eap_success success_response_v0 challenge_response_v0 no_reply]
Aug 13, 2025 5:10:10 PM de.learnlib.logging.LearnLogger logQuery
INFO: [ε | challenge_v0 eap_success success_request_with_credentials challenge_v0 tlv_request / ε | challenge_response_v0 after_eap_success success_response_v0 challenge_response_v0 tlv_success]
Aug 13, 2025 5:10:13 PM de.learnlib.logging.LearnLogger logQuery
INFO: [ε | challenge_v0 eap_success success_request_with_credentials challenge_v0 success_request_with_credentials success_and_cryptobinding / ε | challenge_response_v0 after_eap_success success_response_v0 challenge_response_v0 success_response_v0 tlv_success_and_cryptobinding]
Aug 13, 2025 5:10:16 PM de.learnlib.logging.LearnLogger logQuery
INFO: [ε | challenge_v0 eap_success eap_success challenge_v0 / ε | challenge_response_v0 after_eap_success after_eap_success challenge_response_v0]
Aug 13, 2025 5:10:20 PM de.learnlib.logging.LearnLogger logQuery
INFO: [ε | challenge_v0 eap_success eap_success challenge_v0 success_and_cryptobinding / ε | challenge_response_v0 after_eap_success after_eap_success challenge_response_v0 no_reply]
Aug 13, 2025 5:10:23 PM de.learnlib.logging.LearnLogger logQuery
INFO: [ε | challenge_v0 eap_success eap_success challenge_v0 tlv_request / ε | challenge_response_v0 after_eap_success after_eap_success challenge_response_v0 tlv_failureencrypted_alert]
Aug 13, 2025 5:10:27 PM de.learnlib.logging.LearnLogger logQuery
INFO: [ε | challenge_v0 eap_success eap_success challenge_v0 success_request_with_credentials success_and_cryptobinding / ε | challenge_response_v0 after_eap_success after_eap_success challenge_response_v0 success_response_v0 tlv_success_and_cryptobinding]
Aug 13, 2025 5:10:30 PM de.learnlib.logging.LearnLogger logQuery
INFO: [ε | challenge_v0 eap_success success_request_with_credentials tlv_request success_and_cryptobinding / ε | challenge_response_v0 after_eap_success success_response_v0 tlv_success no_reply]
Aug 13, 2025 5:10:34 PM de.learnlib.logging.LearnLogger logQuery
INFO: [ε | challenge_v0 eap_success success_request_with_credentials tlv_request tlv_request / ε | challenge_response_v0 after_eap_success success_response_v0 tlv_success no_reply]
Aug 13, 2025 5:10:37 PM de.learnlib.logging.LearnLogger logQuery
INFO: [ε | challenge_v0 eap_success success_request_with_credentials tlv_request success_request_with_credentials success_and_cryptobinding / ε | challenge_response_v0 after_eap_success success_response_v0 tlv_success no_reply -]
Aug 13, 2025 5:10:40 PM de.learnlib.logging.LearnLogger logQuery
INFO: [ε | challenge_v0 eap_success id_request_v0 tlv_failure / ε | challenge_response_v0 after_eap_success id_response_v0 tlv_failureencrypted_alert]
Aug 13, 2025 5:10:43 PM de.learnlib.logging.LearnLogger logQuery
INFO: [ε | challenge_v0 eap_success challenge_v0 tlv_failure / ε | challenge_response_v0 after_eap_success challenge_response_v0 tlv_failureencrypted_alert]
Aug 13, 2025 5:10:46 PM de.learnlib.logging.LearnLogger logQuery
INFO: [ε | challenge_v0 eap_success success_request_with_credentials tlv_failure / ε | challenge_response_v0 after_eap_success success_response_v0 tlv_failureencrypted_alert]
Aug 13, 2025 5:10:49 PM de.learnlib.logging.LearnLogger logQuery
INFO: [ε | challenge_v0 eap_success eap_success tlv_failure / ε | challenge_response_v0 after_eap_success after_eap_success tlv_failureencrypted_alert]
Aug 13, 2025 5:10:52 PM de.learnlib.logging.LearnLogger logQuery
INFO: [ε | challenge_v0 eap_success id_request_v0 success_request_all_zeros / ε | challenge_response_v0 after_eap_success id_response_v0 encrypted_alert]
Aug 13, 2025 5:10:55 PM de.learnlib.logging.LearnLogger logQuery
INFO: [ε | challenge_v0 eap_success challenge_v0 success_request_all_zeros / ε | challenge_response_v0 after_eap_success challenge_response_v0 encrypted_alert]
Aug 13, 2025 5:10:58 PM de.learnlib.logging.LearnLogger logQuery
INFO: [ε | challenge_v0 eap_success success_request_with_credentials success_request_all_zeros / ε | challenge_response_v0 after_eap_success success_response_v0 encrypted_alert]
Aug 13, 2025 5:11:02 PM de.learnlib.logging.LearnLogger logQuery
INFO: [ε | challenge_v0 eap_success eap_success success_request_all_zeros / ε | challenge_response_v0 after_eap_success after_eap_success encrypted_alert]
Aug 13, 2025 5:11:05 PM de.learnlib.logging.LearnLogger logQuery
INFO: [ε | challenge_v0 eap_success id_request_v0 success_request_with_credentials tlv_request / ε | challenge_response_v0 after_eap_success id_response_v0 success_response_v0 tlv_success]
Aug 13, 2025 5:11:07 PM de.learnlib.logging.LearnLogger logQuery
INFO: [ε | challenge_v0 eap_success id_request_v0 success_request_with_credentials success_request_with_credentials success_and_cryptobinding / ε | challenge_response_v0 after_eap_success id_response_v0 success_response_v0 success_response_v0 tlv_success_and_cryptobinding]
Aug 13, 2025 5:11:10 PM de.learnlib.logging.LearnLogger logQuery
INFO: [ε | challenge_v0 eap_success challenge_v0 success_request_with_credentials tlv_request / ε | challenge_response_v0 after_eap_success challenge_response_v0 success_response_v0 tlv_success]
Aug 13, 2025 5:11:13 PM de.learnlib.logging.LearnLogger logQuery
INFO: [ε | challenge_v0 eap_success challenge_v0 success_request_with_credentials success_request_with_credentials success_and_cryptobinding / ε | challenge_response_v0 after_eap_success challenge_response_v0 success_response_v0 success_response_v0 tlv_success_and_cryptobinding]
Aug 13, 2025 5:11:16 PM de.learnlib.logging.LearnLogger logQuery
INFO: [ε | challenge_v0 eap_success success_request_with_credentials success_request_with_credentials tlv_request / ε | challenge_response_v0 after_eap_success success_response_v0 success_response_v0 tlv_success]
Aug 13, 2025 5:11:18 PM de.learnlib.logging.LearnLogger logQuery
INFO: [ε | challenge_v0 eap_success success_request_with_credentials success_request_with_credentials success_request_with_credentials success_and_cryptobinding / ε | challenge_response_v0 after_eap_success success_response_v0 success_response_v0 success_response_v0 tlv_success_and_cryptobinding]
Aug 13, 2025 5:11:22 PM de.learnlib.logging.LearnLogger logQuery
INFO: [ε | challenge_v0 eap_success eap_success success_request_with_credentials tlv_request / ε | challenge_response_v0 after_eap_success after_eap_success success_response_v0 tlv_success]
Aug 13, 2025 5:11:25 PM de.learnlib.logging.LearnLogger logQuery
INFO: [ε | challenge_v0 eap_success eap_success success_request_with_credentials success_request_with_credentials success_and_cryptobinding / ε | challenge_response_v0 after_eap_success after_eap_success success_response_v0 success_response_v0 tlv_success_and_cryptobinding]
Aug 13, 2025 5:11:28 PM de.learnlib.logging.LearnLogger logQuery
INFO: [ε | challenge_v0 eap_success success_request_with_credentials success_and_cryptobinding success_and_cryptobinding / ε | challenge_response_v0 after_eap_success success_response_v0 tlv_success_and_cryptobinding no_reply]
Aug 13, 2025 5:11:32 PM de.learnlib.logging.LearnLogger logQuery
INFO: [ε | challenge_v0 eap_success success_request_with_credentials success_and_cryptobinding tlv_request / ε | challenge_response_v0 after_eap_success success_response_v0 tlv_success_and_cryptobinding no_reply]
Aug 13, 2025 5:11:35 PM de.learnlib.logging.LearnLogger logQuery
INFO: [ε | challenge_v0 eap_success success_request_with_credentials success_and_cryptobinding success_request_with_credentials success_and_cryptobinding / ε | challenge_response_v0 after_eap_success success_response_v0 tlv_success_and_cryptobinding no_reply -]
Aug 13, 2025 5:11:39 PM de.learnlib.logging.LearnLogger logQuery
INFO: [ε | challenge_v0 eap_success id_request_v0 cryptobinding / ε | challenge_response_v0 after_eap_success id_response_v0 no_reply]
Aug 13, 2025 5:11:42 PM de.learnlib.logging.LearnLogger logQuery
INFO: [ε | challenge_v0 eap_success challenge_v0 cryptobinding / ε | challenge_response_v0 after_eap_success challenge_response_v0 no_reply]
Aug 13, 2025 5:11:45 PM de.learnlib.logging.LearnLogger logQuery
INFO: [ε | challenge_v0 eap_success success_request_with_credentials cryptobinding / ε | challenge_response_v0 after_eap_success success_response_v0 tlv_cryptobindingencrypted_alert]
Aug 13, 2025 5:11:49 PM de.learnlib.logging.LearnLogger logQuery
INFO: [ε | challenge_v0 eap_success eap_success cryptobinding / ε | challenge_response_v0 after_eap_success after_eap_success no_reply]
Aug 13, 2025 5:11:52 PM de.learnlib.logging.LearnLogger logQuery
INFO: [ε | challenge_v0 eap_success id_request_v0 eap_success / ε | challenge_response_v0 after_eap_success id_response_v0 after_eap_success]
Aug 13, 2025 5:11:56 PM de.learnlib.logging.LearnLogger logQuery
INFO: [ε | challenge_v0 eap_success id_request_v0 eap_success success_and_cryptobinding / ε | challenge_response_v0 after_eap_success id_response_v0 after_eap_success no_reply]
Aug 13, 2025 5:12:00 PM de.learnlib.logging.LearnLogger logQuery
INFO: [ε | challenge_v0 eap_success id_request_v0 eap_success tlv_request / ε | challenge_response_v0 after_eap_success id_response_v0 after_eap_success tlv_failureencrypted_alert]
Aug 13, 2025 5:12:03 PM de.learnlib.logging.LearnLogger logQuery
INFO: [ε | challenge_v0 eap_success id_request_v0 eap_success success_request_with_credentials success_and_cryptobinding / ε | challenge_response_v0 after_eap_success id_response_v0 after_eap_success success_response_v0 tlv_success_and_cryptobinding]
Aug 13, 2025 5:12:06 PM de.learnlib.logging.LearnLogger logQuery
INFO: [ε | challenge_v0 eap_success challenge_v0 eap_success / ε | challenge_response_v0 after_eap_success challenge_response_v0 after_eap_success]
Aug 13, 2025 5:12:10 PM de.learnlib.logging.LearnLogger logQuery
INFO: [ε | challenge_v0 eap_success challenge_v0 eap_success success_and_cryptobinding / ε | challenge_response_v0 after_eap_success challenge_response_v0 after_eap_success no_reply]
Aug 13, 2025 5:12:13 PM de.learnlib.logging.LearnLogger logQuery
INFO: [ε | challenge_v0 eap_success challenge_v0 eap_success tlv_request / ε | challenge_response_v0 after_eap_success challenge_response_v0 after_eap_success tlv_failureencrypted_alert]
Aug 13, 2025 5:12:17 PM de.learnlib.logging.LearnLogger logQuery
INFO: [ε | challenge_v0 eap_success challenge_v0 eap_success success_request_with_credentials success_and_cryptobinding / ε | challenge_response_v0 after_eap_success challenge_response_v0 after_eap_success success_response_v0 tlv_success_and_cryptobinding]
Aug 13, 2025 5:12:20 PM de.learnlib.logging.LearnLogger logQuery
INFO: [ε | challenge_v0 eap_success success_request_with_credentials eap_success / ε | challenge_response_v0 after_eap_success success_response_v0 after_eap_success]
Aug 13, 2025 5:12:23 PM de.learnlib.logging.LearnLogger logQuery
INFO: [ε | challenge_v0 eap_success success_request_with_credentials eap_success success_and_cryptobinding / ε | challenge_response_v0 after_eap_success success_response_v0 after_eap_success tlv_success_and_cryptobinding]
Aug 13, 2025 5:12:27 PM de.learnlib.logging.LearnLogger logQuery
INFO: [ε | challenge_v0 eap_success success_request_with_credentials eap_success tlv_request / ε | challenge_response_v0 after_eap_success success_response_v0 after_eap_success tlv_success]
Aug 13, 2025 5:12:30 PM de.learnlib.logging.LearnLogger logQuery
INFO: [ε | challenge_v0 eap_success success_request_with_credentials eap_success success_request_with_credentials success_and_cryptobinding / ε | challenge_response_v0 after_eap_success success_response_v0 after_eap_success success_response_v0 tlv_success_and_cryptobinding]
Aug 13, 2025 5:12:34 PM de.learnlib.logging.LearnLogger logQuery
INFO: [ε | challenge_v0 eap_success eap_success eap_success / ε | challenge_response_v0 after_eap_success after_eap_success after_eap_success]
Aug 13, 2025 5:12:38 PM de.learnlib.logging.LearnLogger logQuery
INFO: [ε | challenge_v0 eap_success eap_success eap_success success_and_cryptobinding / ε | challenge_response_v0 after_eap_success after_eap_success after_eap_success no_reply]
Aug 13, 2025 5:12:42 PM de.learnlib.logging.LearnLogger logQuery
INFO: [ε | challenge_v0 eap_success eap_success eap_success tlv_request / ε | challenge_response_v0 after_eap_success after_eap_success after_eap_success tlv_failureencrypted_alert]
Aug 13, 2025 5:12:46 PM de.learnlib.logging.LearnLogger logQuery
INFO: [ε | challenge_v0 eap_success eap_success eap_success success_request_with_credentials success_and_cryptobinding / ε | challenge_response_v0 after_eap_success after_eap_success after_eap_success success_response_v0 tlv_success_and_cryptobinding]
Aug 13, 2025 5:12:49 PM de.learnlib.logging.LearnLogger logQuery
INFO: [ε | challenge_v0 eap_success id_request_v0 4_way_message_1 / ε | challenge_response_v0 after_eap_success id_response_v0 no_reply]
Aug 13, 2025 5:12:53 PM de.learnlib.logging.LearnLogger logQuery
INFO: [ε | challenge_v0 eap_success challenge_v0 4_way_message_1 / ε | challenge_response_v0 after_eap_success challenge_response_v0 no_reply]
Aug 13, 2025 5:12:56 PM de.learnlib.logging.LearnLogger logQuery
INFO: [ε | challenge_v0 eap_success success_request_with_credentials 4_way_message_1 / ε | challenge_response_v0 after_eap_success success_response_v0 no_reply]
Aug 13, 2025 5:13:00 PM de.learnlib.logging.LearnLogger logQuery
INFO: [ε | challenge_v0 eap_success eap_success 4_way_message_1 / ε | challenge_response_v0 after_eap_success after_eap_success no_reply]
Aug 13, 2025 5:13:00 PM de.learnlib.logging.LearnLogger logQuery
INFO: DB CACHE [ε | tlv_request id_request_v0 /  tlv_failureencrypted_alert -]
Aug 13, 2025 5:13:00 PM de.learnlib.logging.LearnLogger logQuery
INFO: DB CACHE [ε | tlv_request challenge_v0 /  tlv_failureencrypted_alert -]
Aug 13, 2025 5:13:00 PM de.learnlib.logging.LearnLogger logQuery
INFO: DB CACHE [ε | tlv_request tlv_request /  tlv_failureencrypted_alert -]
Aug 13, 2025 5:13:00 PM de.learnlib.logging.LearnLogger logQuery
INFO: DB CACHE [ε | tlv_request tlv_failure /  tlv_failureencrypted_alert -]
Aug 13, 2025 5:13:00 PM de.learnlib.logging.LearnLogger logQuery
INFO: DB CACHE [ε | tlv_request success_request_all_zeros /  tlv_failureencrypted_alert -]
Aug 13, 2025 5:13:00 PM de.learnlib.logging.LearnLogger logQuery
INFO: DB CACHE [ε | tlv_request success_request_with_credentials /  tlv_failureencrypted_alert -]
Aug 13, 2025 5:13:01 PM de.learnlib.logging.LearnLogger logQuery
INFO: DB CACHE [ε | tlv_request success_and_cryptobinding /  tlv_failureencrypted_alert -]
Aug 13, 2025 5:13:01 PM de.learnlib.logging.LearnLogger logQuery
INFO: DB CACHE [ε | tlv_request cryptobinding /  tlv_failureencrypted_alert -]
Aug 13, 2025 5:13:01 PM de.learnlib.logging.LearnLogger logQuery
INFO: DB CACHE [ε | tlv_request eap_success /  tlv_failureencrypted_alert -]
Aug 13, 2025 5:13:01 PM de.learnlib.logging.LearnLogger logQuery
INFO: DB CACHE [ε | tlv_request 4_way_message_1 /  tlv_failureencrypted_alert -]
Aug 13, 2025 5:13:03 PM de.learnlib.logging.LearnLogger logQuery
INFO: [ε | success_request_with_credentials id_request_v0 id_request_v0 id_request_v0 / ε | success_response_v0 id_response_v0 id_response_v0 id_response_v0]
Aug 13, 2025 5:13:05 PM de.learnlib.logging.LearnLogger logQuery
INFO: [ε | success_request_with_credentials id_request_v0 id_request_v0 id_request_v0 success_and_cryptobinding / ε | success_response_v0 id_response_v0 id_response_v0 id_response_v0 no_reply]
Aug 13, 2025 5:13:08 PM de.learnlib.logging.LearnLogger logQuery
INFO: [ε | success_request_with_credentials id_request_v0 id_request_v0 id_request_v0 tlv_request / ε | success_response_v0 id_response_v0 id_response_v0 id_response_v0 tlv_success]
Aug 13, 2025 5:13:11 PM de.learnlib.logging.LearnLogger logQuery
INFO: [ε | success_request_with_credentials id_request_v0 id_request_v0 id_request_v0 success_request_with_credentials success_and_cryptobinding / ε | success_response_v0 id_response_v0 id_response_v0 id_response_v0 success_response_v0 no_reply]
Aug 13, 2025 5:13:13 PM de.learnlib.logging.LearnLogger logQuery
INFO: [ε | success_request_with_credentials id_request_v0 challenge_v0 id_request_v0 / ε | success_response_v0 id_response_v0 challenge_response_v0 id_response_v0]
Aug 13, 2025 5:13:16 PM de.learnlib.logging.LearnLogger logQuery
INFO: [ε | success_request_with_credentials id_request_v0 challenge_v0 id_request_v0 success_and_cryptobinding / ε | success_response_v0 id_response_v0 challenge_response_v0 id_response_v0 no_reply]
Aug 13, 2025 5:13:18 PM de.learnlib.logging.LearnLogger logQuery
INFO: [ε | success_request_with_credentials id_request_v0 challenge_v0 id_request_v0 tlv_request / ε | success_response_v0 id_response_v0 challenge_response_v0 id_response_v0 tlv_success]
Aug 13, 2025 5:13:20 PM de.learnlib.logging.LearnLogger logQuery
INFO: [ε | success_request_with_credentials id_request_v0 challenge_v0 id_request_v0 success_request_with_credentials success_and_cryptobinding / ε | success_response_v0 id_response_v0 challenge_response_v0 id_response_v0 success_response_v0 tlv_success_and_cryptobinding]
Aug 13, 2025 5:13:23 PM de.learnlib.logging.LearnLogger logQuery
INFO: [ε | success_request_with_credentials id_request_v0 tlv_request id_request_v0 / ε | success_response_v0 id_response_v0 tlv_success no_reply]
Aug 13, 2025 5:13:26 PM de.learnlib.logging.LearnLogger logQuery
INFO: [ε | success_request_with_credentials id_request_v0 success_request_with_credentials id_request_v0 / ε | success_response_v0 id_response_v0 success_response_v0 id_response_v0]
Aug 13, 2025 5:13:28 PM de.learnlib.logging.LearnLogger logQuery
INFO: [ε | success_request_with_credentials id_request_v0 success_request_with_credentials id_request_v0 success_and_cryptobinding / ε | success_response_v0 id_response_v0 success_response_v0 id_response_v0 no_reply]
Aug 13, 2025 5:13:31 PM de.learnlib.logging.LearnLogger logQuery
INFO: [ε | success_request_with_credentials id_request_v0 success_request_with_credentials id_request_v0 tlv_request / ε | success_response_v0 id_response_v0 success_response_v0 id_response_v0 tlv_success]
Aug 13, 2025 5:13:33 PM de.learnlib.logging.LearnLogger logQuery
INFO: [ε | success_request_with_credentials id_request_v0 success_request_with_credentials id_request_v0 success_request_with_credentials success_and_cryptobinding / ε | success_response_v0 id_response_v0 success_response_v0 id_response_v0 success_response_v0 no_reply]
Aug 13, 2025 5:13:36 PM de.learnlib.logging.LearnLogger logQuery
INFO: [ε | success_request_with_credentials id_request_v0 eap_success id_request_v0 / ε | success_response_v0 id_response_v0 after_eap_success id_response_v0]
Aug 13, 2025 5:13:40 PM de.learnlib.logging.LearnLogger logQuery
INFO: [ε | success_request_with_credentials id_request_v0 eap_success id_request_v0 success_and_cryptobinding / ε | success_response_v0 id_response_v0 after_eap_success id_response_v0 no_reply]
Aug 13, 2025 5:13:43 PM de.learnlib.logging.LearnLogger logQuery
INFO: [ε | success_request_with_credentials id_request_v0 eap_success id_request_v0 tlv_request / ε | success_response_v0 id_response_v0 after_eap_success id_response_v0 tlv_success]
Aug 13, 2025 5:13:46 PM de.learnlib.logging.LearnLogger logQuery
INFO: [ε | success_request_with_credentials id_request_v0 eap_success id_request_v0 success_request_with_credentials success_and_cryptobinding / ε | success_response_v0 id_response_v0 after_eap_success id_response_v0 success_response_v0 no_reply]
Aug 13, 2025 5:13:48 PM de.learnlib.logging.LearnLogger logQuery
INFO: [ε | success_request_with_credentials id_request_v0 id_request_v0 challenge_v0 / ε | success_response_v0 id_response_v0 id_response_v0 challenge_response_v0]
Aug 13, 2025 5:13:51 PM de.learnlib.logging.LearnLogger logQuery
INFO: [ε | success_request_with_credentials id_request_v0 id_request_v0 challenge_v0 success_and_cryptobinding / ε | success_response_v0 id_response_v0 id_response_v0 challenge_response_v0 no_reply]
Aug 13, 2025 5:13:54 PM de.learnlib.logging.LearnLogger logQuery
INFO: [ε | success_request_with_credentials id_request_v0 id_request_v0 challenge_v0 tlv_request / ε | success_response_v0 id_response_v0 id_response_v0 challenge_response_v0 tlv_success]
Aug 13, 2025 5:13:56 PM de.learnlib.logging.LearnLogger logQuery
INFO: [ε | success_request_with_credentials id_request_v0 id_request_v0 challenge_v0 success_request_with_credentials success_and_cryptobinding / ε | success_response_v0 id_response_v0 id_response_v0 challenge_response_v0 success_response_v0 tlv_success_and_cryptobinding]
Aug 13, 2025 5:13:58 PM de.learnlib.logging.LearnLogger logQuery
INFO: [ε | success_request_with_credentials id_request_v0 challenge_v0 challenge_v0 / ε | success_response_v0 id_response_v0 challenge_response_v0 challenge_response_v0]
Aug 13, 2025 5:14:01 PM de.learnlib.logging.LearnLogger logQuery
INFO: [ε | success_request_with_credentials id_request_v0 challenge_v0 challenge_v0 success_and_cryptobinding / ε | success_response_v0 id_response_v0 challenge_response_v0 challenge_response_v0 no_reply]
Aug 13, 2025 5:14:03 PM de.learnlib.logging.LearnLogger logQuery
INFO: [ε | success_request_with_credentials id_request_v0 challenge_v0 challenge_v0 tlv_request / ε | success_response_v0 id_response_v0 challenge_response_v0 challenge_response_v0 tlv_success]
Aug 13, 2025 5:14:05 PM de.learnlib.logging.LearnLogger logQuery
INFO: [ε | success_request_with_credentials id_request_v0 challenge_v0 challenge_v0 success_request_with_credentials success_and_cryptobinding / ε | success_response_v0 id_response_v0 challenge_response_v0 challenge_response_v0 success_response_v0 tlv_success_and_cryptobinding]
Aug 13, 2025 5:14:08 PM de.learnlib.logging.LearnLogger logQuery
INFO: [ε | success_request_with_credentials id_request_v0 tlv_request challenge_v0 / ε | success_response_v0 id_response_v0 tlv_success no_reply]
Aug 13, 2025 5:14:11 PM de.learnlib.logging.LearnLogger logQuery
INFO: [ε | success_request_with_credentials id_request_v0 success_request_with_credentials challenge_v0 / ε | success_response_v0 id_response_v0 success_response_v0 challenge_response_v0]
Aug 13, 2025 5:14:13 PM de.learnlib.logging.LearnLogger logQuery
INFO: [ε | success_request_with_credentials id_request_v0 success_request_with_credentials challenge_v0 success_and_cryptobinding / ε | success_response_v0 id_response_v0 success_response_v0 challenge_response_v0 no_reply]
Aug 13, 2025 5:14:16 PM de.learnlib.logging.LearnLogger logQuery
INFO: [ε | success_request_with_credentials id_request_v0 success_request_with_credentials challenge_v0 tlv_request / ε | success_response_v0 id_response_v0 success_response_v0 challenge_response_v0 tlv_success]
Aug 13, 2025 5:14:18 PM de.learnlib.logging.LearnLogger logQuery
INFO: [ε | success_request_with_credentials id_request_v0 success_request_with_credentials challenge_v0 success_request_with_credentials success_and_cryptobinding / ε | success_response_v0 id_response_v0 success_response_v0 challenge_response_v0 success_response_v0 tlv_success_and_cryptobinding]
Aug 13, 2025 5:14:21 PM de.learnlib.logging.LearnLogger logQuery
INFO: [ε | success_request_with_credentials id_request_v0 eap_success challenge_v0 / ε | success_response_v0 id_response_v0 after_eap_success challenge_response_v0]
Aug 13, 2025 5:14:24 PM de.learnlib.logging.LearnLogger logQuery
INFO: [ε | success_request_with_credentials id_request_v0 eap_success challenge_v0 success_and_cryptobinding / ε | success_response_v0 id_response_v0 after_eap_success challenge_response_v0 no_reply]
Aug 13, 2025 5:14:27 PM de.learnlib.logging.LearnLogger logQuery
INFO: [ε | success_request_with_credentials id_request_v0 eap_success challenge_v0 tlv_request / ε | success_response_v0 id_response_v0 after_eap_success challenge_response_v0 tlv_success]
Aug 13, 2025 5:14:30 PM de.learnlib.logging.LearnLogger logQuery
INFO: [ε | success_request_with_credentials id_request_v0 eap_success challenge_v0 success_request_with_credentials success_and_cryptobinding / ε | success_response_v0 id_response_v0 after_eap_success challenge_response_v0 success_response_v0 tlv_success_and_cryptobinding]
Aug 13, 2025 5:14:33 PM de.learnlib.logging.LearnLogger logQuery
INFO: [ε | success_request_with_credentials id_request_v0 id_request_v0 tlv_request success_and_cryptobinding / ε | success_response_v0 id_response_v0 id_response_v0 tlv_success no_reply]
Aug 13, 2025 5:14:35 PM de.learnlib.logging.LearnLogger logQuery
INFO: [ε | success_request_with_credentials id_request_v0 id_request_v0 tlv_request tlv_request / ε | success_response_v0 id_response_v0 id_response_v0 tlv_success no_reply]
Aug 13, 2025 5:14:38 PM de.learnlib.logging.LearnLogger logQuery
INFO: [ε | success_request_with_credentials id_request_v0 id_request_v0 tlv_request success_request_with_credentials success_and_cryptobinding / ε | success_response_v0 id_response_v0 id_response_v0 tlv_success no_reply -]
Aug 13, 2025 5:14:41 PM de.learnlib.logging.LearnLogger logQuery
INFO: [ε | success_request_with_credentials id_request_v0 challenge_v0 tlv_request success_and_cryptobinding / ε | success_response_v0 id_response_v0 challenge_response_v0 tlv_success no_reply]
Aug 13, 2025 5:14:44 PM de.learnlib.logging.LearnLogger logQuery
INFO: [ε | success_request_with_credentials id_request_v0 challenge_v0 tlv_request tlv_request / ε | success_response_v0 id_response_v0 challenge_response_v0 tlv_success no_reply]
Aug 13, 2025 5:14:47 PM de.learnlib.logging.LearnLogger logQuery
INFO: [ε | success_request_with_credentials id_request_v0 challenge_v0 tlv_request success_request_with_credentials success_and_cryptobinding / ε | success_response_v0 id_response_v0 challenge_response_v0 tlv_success no_reply -]
Aug 13, 2025 5:14:50 PM de.learnlib.logging.LearnLogger logQuery
INFO: [ε | success_request_with_credentials id_request_v0 success_request_with_credentials tlv_request success_and_cryptobinding / ε | success_response_v0 id_response_v0 success_response_v0 tlv_success no_reply]
Aug 13, 2025 5:14:53 PM de.learnlib.logging.LearnLogger logQuery
INFO: [ε | success_request_with_credentials id_request_v0 success_request_with_credentials tlv_request tlv_request / ε | success_response_v0 id_response_v0 success_response_v0 tlv_success no_reply]
Aug 13, 2025 5:14:56 PM de.learnlib.logging.LearnLogger logQuery
INFO: [ε | success_request_with_credentials id_request_v0 success_request_with_credentials tlv_request success_request_with_credentials success_and_cryptobinding / ε | success_response_v0 id_response_v0 success_response_v0 tlv_success no_reply -]
Aug 13, 2025 5:14:59 PM de.learnlib.logging.LearnLogger logQuery
INFO: [ε | success_request_with_credentials id_request_v0 eap_success tlv_request success_and_cryptobinding / ε | success_response_v0 id_response_v0 after_eap_success tlv_success no_reply]
Aug 13, 2025 5:15:02 PM de.learnlib.logging.LearnLogger logQuery
INFO: [ε | success_request_with_credentials id_request_v0 eap_success tlv_request tlv_request / ε | success_response_v0 id_response_v0 after_eap_success tlv_success no_reply]
Aug 13, 2025 5:15:06 PM de.learnlib.logging.LearnLogger logQuery
INFO: [ε | success_request_with_credentials id_request_v0 eap_success tlv_request success_request_with_credentials success_and_cryptobinding / ε | success_response_v0 id_response_v0 after_eap_success tlv_success no_reply -]
Aug 13, 2025 5:15:08 PM de.learnlib.logging.LearnLogger logQuery
INFO: [ε | success_request_with_credentials id_request_v0 id_request_v0 tlv_failure / ε | success_response_v0 id_response_v0 id_response_v0 tlv_failureencrypted_alert]
Aug 13, 2025 5:15:11 PM de.learnlib.logging.LearnLogger logQuery
INFO: [ε | success_request_with_credentials id_request_v0 challenge_v0 tlv_failure / ε | success_response_v0 id_response_v0 challenge_response_v0 tlv_failureencrypted_alert]
Aug 13, 2025 5:15:14 PM de.learnlib.logging.LearnLogger logQuery
INFO: [ε | success_request_with_credentials id_request_v0 tlv_request tlv_failure / ε | success_response_v0 id_response_v0 tlv_success no_reply]
Aug 13, 2025 5:15:16 PM de.learnlib.logging.LearnLogger logQuery
INFO: [ε | success_request_with_credentials id_request_v0 success_request_with_credentials tlv_failure / ε | success_response_v0 id_response_v0 success_response_v0 tlv_failureencrypted_alert]
Aug 13, 2025 5:15:19 PM de.learnlib.logging.LearnLogger logQuery
INFO: [ε | success_request_with_credentials id_request_v0 eap_success tlv_failure / ε | success_response_v0 id_response_v0 after_eap_success tlv_failureencrypted_alert]
Aug 13, 2025 5:15:21 PM de.learnlib.logging.LearnLogger logQuery
INFO: [ε | success_request_with_credentials id_request_v0 id_request_v0 success_request_all_zeros / ε | success_response_v0 id_response_v0 id_response_v0 encrypted_alert]
Aug 13, 2025 5:15:24 PM de.learnlib.logging.LearnLogger logQuery
INFO: [ε | success_request_with_credentials id_request_v0 challenge_v0 success_request_all_zeros / ε | success_response_v0 id_response_v0 challenge_response_v0 encrypted_alert]
Aug 13, 2025 5:15:27 PM de.learnlib.logging.LearnLogger logQuery
INFO: [ε | success_request_with_credentials id_request_v0 tlv_request success_request_all_zeros / ε | success_response_v0 id_response_v0 tlv_success no_reply]
Aug 13, 2025 5:15:29 PM de.learnlib.logging.LearnLogger logQuery
INFO: [ε | success_request_with_credentials id_request_v0 success_request_with_credentials success_request_all_zeros / ε | success_response_v0 id_response_v0 success_response_v0 encrypted_alert]
Aug 13, 2025 5:15:32 PM de.learnlib.logging.LearnLogger logQuery
INFO: [ε | success_request_with_credentials id_request_v0 eap_success success_request_all_zeros / ε | success_response_v0 id_response_v0 after_eap_success encrypted_alert]
Aug 13, 2025 5:15:34 PM de.learnlib.logging.LearnLogger logQuery
INFO: [ε | success_request_with_credentials id_request_v0 id_request_v0 success_request_with_credentials tlv_request / ε | success_response_v0 id_response_v0 id_response_v0 success_response_v0 tlv_success]
Aug 13, 2025 5:15:37 PM de.learnlib.logging.LearnLogger logQuery
INFO: [ε | success_request_with_credentials id_request_v0 id_request_v0 success_request_with_credentials success_request_with_credentials success_and_cryptobinding / ε | success_response_v0 id_response_v0 id_response_v0 success_response_v0 success_response_v0 no_reply]
Aug 13, 2025 5:15:40 PM de.learnlib.logging.LearnLogger logQuery
INFO: [ε | success_request_with_credentials id_request_v0 challenge_v0 success_request_with_credentials tlv_request / ε | success_response_v0 id_response_v0 challenge_response_v0 success_response_v0 tlv_success]
Aug 13, 2025 5:15:42 PM de.learnlib.logging.LearnLogger logQuery
INFO: [ε | success_request_with_credentials id_request_v0 challenge_v0 success_request_with_credentials success_request_with_credentials success_and_cryptobinding / ε | success_response_v0 id_response_v0 challenge_response_v0 success_response_v0 success_response_v0 tlv_success_and_cryptobinding]
Aug 13, 2025 5:15:44 PM de.learnlib.logging.LearnLogger logQuery
INFO: [ε | success_request_with_credentials id_request_v0 success_request_with_credentials success_request_with_credentials tlv_request / ε | success_response_v0 id_response_v0 success_response_v0 success_response_v0 tlv_success]
Aug 13, 2025 5:15:47 PM de.learnlib.logging.LearnLogger logQuery
INFO: [ε | success_request_with_credentials id_request_v0 success_request_with_credentials success_request_with_credentials success_request_with_credentials success_and_cryptobinding / ε | success_response_v0 id_response_v0 success_response_v0 success_response_v0 success_response_v0 no_reply]
Aug 13, 2025 5:15:50 PM de.learnlib.logging.LearnLogger logQuery
INFO: [ε | success_request_with_credentials id_request_v0 eap_success success_request_with_credentials tlv_request / ε | success_response_v0 id_response_v0 after_eap_success success_response_v0 tlv_success]
Aug 13, 2025 5:15:53 PM de.learnlib.logging.LearnLogger logQuery
INFO: [ε | success_request_with_credentials id_request_v0 eap_success success_request_with_credentials success_request_with_credentials success_and_cryptobinding / ε | success_response_v0 id_response_v0 after_eap_success success_response_v0 success_response_v0 no_reply]
Aug 13, 2025 5:15:56 PM de.learnlib.logging.LearnLogger logQuery
INFO: [ε | success_request_with_credentials id_request_v0 id_request_v0 cryptobinding / ε | success_response_v0 id_response_v0 id_response_v0 no_reply]
Aug 13, 2025 5:15:59 PM de.learnlib.logging.LearnLogger logQuery
INFO: [ε | success_request_with_credentials id_request_v0 challenge_v0 cryptobinding / ε | success_response_v0 id_response_v0 challenge_response_v0 no_reply]
Aug 13, 2025 5:16:02 PM de.learnlib.logging.LearnLogger logQuery
INFO: [ε | success_request_with_credentials id_request_v0 tlv_request cryptobinding / ε | success_response_v0 id_response_v0 tlv_success no_reply]
Aug 13, 2025 5:16:05 PM de.learnlib.logging.LearnLogger logQuery
INFO: [ε | success_request_with_credentials id_request_v0 success_request_with_credentials cryptobinding / ε | success_response_v0 id_response_v0 success_response_v0 no_reply]
Aug 13, 2025 5:16:08 PM de.learnlib.logging.LearnLogger logQuery
INFO: [ε | success_request_with_credentials id_request_v0 eap_success cryptobinding / ε | success_response_v0 id_response_v0 after_eap_success no_reply]
Aug 13, 2025 5:16:11 PM de.learnlib.logging.LearnLogger logQuery
INFO: [ε | success_request_with_credentials id_request_v0 id_request_v0 eap_success / ε | success_response_v0 id_response_v0 id_response_v0 after_eap_success]
Aug 13, 2025 5:16:14 PM de.learnlib.logging.LearnLogger logQuery
INFO: [ε | success_request_with_credentials id_request_v0 id_request_v0 eap_success success_and_cryptobinding / ε | success_response_v0 id_response_v0 id_response_v0 after_eap_success no_reply]
Aug 13, 2025 5:16:17 PM de.learnlib.logging.LearnLogger logQuery
INFO: [ε | success_request_with_credentials id_request_v0 id_request_v0 eap_success tlv_request / ε | success_response_v0 id_response_v0 id_response_v0 after_eap_success tlv_success]
Aug 13, 2025 5:16:21 PM de.learnlib.logging.LearnLogger logQuery
INFO: [ε | success_request_with_credentials id_request_v0 id_request_v0 eap_success success_request_with_credentials success_and_cryptobinding / ε | success_response_v0 id_response_v0 id_response_v0 after_eap_success success_response_v0 no_reply]
Aug 13, 2025 5:16:24 PM de.learnlib.logging.LearnLogger logQuery
INFO: [ε | success_request_with_credentials id_request_v0 challenge_v0 eap_success / ε | success_response_v0 id_response_v0 challenge_response_v0 after_eap_success]
Aug 13, 2025 5:16:27 PM de.learnlib.logging.LearnLogger logQuery
INFO: [ε | success_request_with_credentials id_request_v0 challenge_v0 eap_success success_and_cryptobinding / ε | success_response_v0 id_response_v0 challenge_response_v0 after_eap_success no_reply]
Aug 13, 2025 5:16:30 PM de.learnlib.logging.LearnLogger logQuery
INFO: [ε | success_request_with_credentials id_request_v0 challenge_v0 eap_success tlv_request / ε | success_response_v0 id_response_v0 challenge_response_v0 after_eap_success tlv_success]
Aug 13, 2025 5:16:33 PM de.learnlib.logging.LearnLogger logQuery
INFO: [ε | success_request_with_credentials id_request_v0 challenge_v0 eap_success success_request_with_credentials success_and_cryptobinding / ε | success_response_v0 id_response_v0 challenge_response_v0 after_eap_success success_response_v0 tlv_success_and_cryptobinding]
Aug 13, 2025 5:16:35 PM de.learnlib.logging.LearnLogger logQuery
INFO: [ε | success_request_with_credentials id_request_v0 tlv_request eap_success / ε | success_response_v0 id_response_v0 tlv_success after_eap_success]
Aug 13, 2025 5:16:38 PM de.learnlib.logging.LearnLogger logQuery
INFO: [ε | success_request_with_credentials id_request_v0 tlv_request eap_success success_and_cryptobinding / ε | success_response_v0 id_response_v0 tlv_success after_eap_success deauthentication]
Aug 13, 2025 5:16:41 PM de.learnlib.logging.LearnLogger logQuery
INFO: [ε | success_request_with_credentials id_request_v0 tlv_request eap_success tlv_request / ε | success_response_v0 id_response_v0 tlv_success after_eap_success deauthentication]
Aug 13, 2025 5:16:44 PM de.learnlib.logging.LearnLogger logQuery
INFO: [ε | success_request_with_credentials id_request_v0 tlv_request eap_success success_request_with_credentials success_and_cryptobinding / ε | success_response_v0 id_response_v0 tlv_success after_eap_success deauthentication -]
Aug 13, 2025 5:16:47 PM de.learnlib.logging.LearnLogger logQuery
INFO: [ε | success_request_with_credentials id_request_v0 success_request_with_credentials eap_success / ε | success_response_v0 id_response_v0 success_response_v0 after_eap_success]
Aug 13, 2025 5:16:50 PM de.learnlib.logging.LearnLogger logQuery
INFO: [ε | success_request_with_credentials id_request_v0 success_request_with_credentials eap_success success_and_cryptobinding / ε | success_response_v0 id_response_v0 success_response_v0 after_eap_success no_reply]
Aug 13, 2025 5:16:53 PM de.learnlib.logging.LearnLogger logQuery
INFO: [ε | success_request_with_credentials id_request_v0 success_request_with_credentials eap_success tlv_request / ε | success_response_v0 id_response_v0 success_response_v0 after_eap_success tlv_success]
Aug 13, 2025 5:16:56 PM de.learnlib.logging.LearnLogger logQuery
INFO: [ε | success_request_with_credentials id_request_v0 success_request_with_credentials eap_success success_request_with_credentials success_and_cryptobinding / ε | success_response_v0 id_response_v0 success_response_v0 after_eap_success success_response_v0 no_reply]
Aug 13, 2025 5:17:00 PM de.learnlib.logging.LearnLogger logQuery
INFO: [ε | success_request_with_credentials id_request_v0 eap_success eap_success / ε | success_response_v0 id_response_v0 after_eap_success after_eap_success]
Aug 13, 2025 5:17:03 PM de.learnlib.logging.LearnLogger logQuery
INFO: [ε | success_request_with_credentials id_request_v0 eap_success eap_success success_and_cryptobinding / ε | success_response_v0 id_response_v0 after_eap_success after_eap_success no_reply]
Aug 13, 2025 5:17:07 PM de.learnlib.logging.LearnLogger logQuery
INFO: [ε | success_request_with_credentials id_request_v0 eap_success eap_success tlv_request / ε | success_response_v0 id_response_v0 after_eap_success after_eap_success tlv_success]
Aug 13, 2025 5:17:11 PM de.learnlib.logging.LearnLogger logQuery
INFO: [ε | success_request_with_credentials id_request_v0 eap_success eap_success success_request_with_credentials success_and_cryptobinding / ε | success_response_v0 id_response_v0 after_eap_success after_eap_success success_response_v0 no_reply]
Aug 13, 2025 5:17:14 PM de.learnlib.logging.LearnLogger logQuery
INFO: [ε | success_request_with_credentials id_request_v0 id_request_v0 4_way_message_1 / ε | success_response_v0 id_response_v0 id_response_v0 no_reply]
Aug 13, 2025 5:17:17 PM de.learnlib.logging.LearnLogger logQuery
INFO: [ε | success_request_with_credentials id_request_v0 challenge_v0 4_way_message_1 / ε | success_response_v0 id_response_v0 challenge_response_v0 no_reply]
Aug 13, 2025 5:17:19 PM de.learnlib.logging.LearnLogger logQuery
INFO: [ε | success_request_with_credentials id_request_v0 tlv_request 4_way_message_1 / ε | success_response_v0 id_response_v0 tlv_success 4_way_message_2]
Aug 13, 2025 5:17:22 PM de.learnlib.logging.LearnLogger logQuery
INFO: [ε | success_request_with_credentials id_request_v0 success_request_with_credentials 4_way_message_1 / ε | success_response_v0 id_response_v0 success_response_v0 no_reply]
Aug 13, 2025 5:17:26 PM de.learnlib.logging.LearnLogger logQuery
INFO: [ε | success_request_with_credentials id_request_v0 eap_success 4_way_message_1 / ε | success_response_v0 id_response_v0 after_eap_success no_reply]
Aug 13, 2025 5:17:26 PM de.learnlib.logging.LearnLogger logQuery
INFO: DB CACHE [ε | success_request_with_credentials challenge_v0 id_request_v0 id_request_v0 /  success_response_v0 challenge_response_v0 id_response_v0 id_response_v0]
Aug 13, 2025 5:17:29 PM de.learnlib.logging.LearnLogger logQuery
INFO: [ε | success_request_with_credentials challenge_v0 id_request_v0 id_request_v0 success_and_cryptobinding / ε | success_response_v0 challenge_response_v0 id_response_v0 id_response_v0 no_reply]
Aug 13, 2025 5:17:31 PM de.learnlib.logging.LearnLogger logQuery
INFO: [ε | success_request_with_credentials challenge_v0 id_request_v0 id_request_v0 tlv_request / ε | success_response_v0 challenge_response_v0 id_response_v0 id_response_v0 tlv_success]
Aug 13, 2025 5:17:33 PM de.learnlib.logging.LearnLogger logQuery
INFO: [ε | success_request_with_credentials challenge_v0 id_request_v0 id_request_v0 success_request_with_credentials success_and_cryptobinding / ε | success_response_v0 challenge_response_v0 id_response_v0 id_response_v0 success_response_v0 tlv_success_and_cryptobinding]
Aug 13, 2025 5:17:34 PM de.learnlib.logging.LearnLogger logQuery
INFO: DB CACHE [ε | success_request_with_credentials challenge_v0 challenge_v0 id_request_v0 /  success_response_v0 challenge_response_v0 challenge_response_v0 id_response_v0]
Aug 13, 2025 5:17:36 PM de.learnlib.logging.LearnLogger logQuery
INFO: [ε | success_request_with_credentials challenge_v0 challenge_v0 id_request_v0 success_and_cryptobinding / ε | success_response_v0 challenge_response_v0 challenge_response_v0 id_response_v0 no_reply]
Aug 13, 2025 5:17:39 PM de.learnlib.logging.LearnLogger logQuery
INFO: [ε | success_request_with_credentials challenge_v0 challenge_v0 id_request_v0 tlv_request / ε | success_response_v0 challenge_response_v0 challenge_response_v0 id_response_v0 tlv_success]
Aug 13, 2025 5:17:41 PM de.learnlib.logging.LearnLogger logQuery
INFO: [ε | success_request_with_credentials challenge_v0 challenge_v0 id_request_v0 success_request_with_credentials success_and_cryptobinding / ε | success_response_v0 challenge_response_v0 challenge_response_v0 id_response_v0 success_response_v0 tlv_success_and_cryptobinding]
Aug 13, 2025 5:17:41 PM de.learnlib.logging.LearnLogger logQuery
INFO: DB CACHE [ε | success_request_with_credentials challenge_v0 tlv_request id_request_v0 /  success_response_v0 challenge_response_v0 tlv_success no_reply]
Aug 13, 2025 5:17:41 PM de.learnlib.logging.LearnLogger logQuery
INFO: DB CACHE [ε | success_request_with_credentials challenge_v0 success_request_with_credentials id_request_v0 /  success_response_v0 challenge_response_v0 success_response_v0 id_response_v0]
Aug 13, 2025 5:17:41 PM de.learnlib.logging.LearnLogger logQuery
INFO: DB CACHE [ε | success_request_with_credentials challenge_v0 success_request_with_credentials id_request_v0 success_and_cryptobinding /  success_response_v0 challenge_response_v0 success_response_v0 id_response_v0 tlv_success_and_cryptobinding]
Aug 13, 2025 5:17:41 PM de.learnlib.logging.LearnLogger logQuery
INFO: DB CACHE [ε | success_request_with_credentials challenge_v0 success_request_with_credentials id_request_v0 tlv_request /  success_response_v0 challenge_response_v0 success_response_v0 id_response_v0 tlv_success]
Aug 13, 2025 5:17:41 PM de.learnlib.logging.LearnLogger logQuery
INFO: DB CACHE [ε | success_request_with_credentials challenge_v0 success_request_with_credentials id_request_v0 success_request_with_credentials success_and_cryptobinding /  success_response_v0 challenge_response_v0 success_response_v0 id_response_v0 success_response_v0 tlv_success_and_cryptobinding]
Aug 13, 2025 5:17:41 PM de.learnlib.logging.LearnLogger logQuery
INFO: DB CACHE [ε | success_request_with_credentials challenge_v0 eap_success id_request_v0 /  success_response_v0 challenge_response_v0 after_eap_success id_response_v0]
Aug 13, 2025 5:17:44 PM de.learnlib.logging.LearnLogger logQuery
INFO: [ε | success_request_with_credentials challenge_v0 eap_success id_request_v0 success_and_cryptobinding / ε | success_response_v0 challenge_response_v0 after_eap_success id_response_v0 no_reply]
Aug 13, 2025 5:17:47 PM de.learnlib.logging.LearnLogger logQuery
INFO: [ε | success_request_with_credentials challenge_v0 eap_success id_request_v0 tlv_request / ε | success_response_v0 challenge_response_v0 after_eap_success id_response_v0 tlv_success]
Aug 13, 2025 5:17:50 PM de.learnlib.logging.LearnLogger logQuery
INFO: [ε | success_request_with_credentials challenge_v0 eap_success id_request_v0 success_request_with_credentials success_and_cryptobinding / ε | success_response_v0 challenge_response_v0 after_eap_success id_response_v0 success_response_v0 tlv_success_and_cryptobinding]
Aug 13, 2025 5:17:50 PM de.learnlib.logging.LearnLogger logQuery
INFO: DB CACHE [ε | success_request_with_credentials challenge_v0 id_request_v0 challenge_v0 /  success_response_v0 challenge_response_v0 id_response_v0 challenge_response_v0]
Aug 13, 2025 5:17:53 PM de.learnlib.logging.LearnLogger logQuery
INFO: [ε | success_request_with_credentials challenge_v0 id_request_v0 challenge_v0 success_and_cryptobinding / ε | success_response_v0 challenge_response_v0 id_response_v0 challenge_response_v0 no_reply]
Aug 13, 2025 5:17:55 PM de.learnlib.logging.LearnLogger logQuery
INFO: [ε | success_request_with_credentials challenge_v0 id_request_v0 challenge_v0 tlv_request / ε | success_response_v0 challenge_response_v0 id_response_v0 challenge_response_v0 tlv_success]
Aug 13, 2025 5:17:57 PM de.learnlib.logging.LearnLogger logQuery
INFO: [ε | success_request_with_credentials challenge_v0 id_request_v0 challenge_v0 success_request_with_credentials success_and_cryptobinding / ε | success_response_v0 challenge_response_v0 id_response_v0 challenge_response_v0 success_response_v0 tlv_success_and_cryptobinding]
Aug 13, 2025 5:17:57 PM de.learnlib.logging.LearnLogger logQuery
INFO: DB CACHE [ε | success_request_with_credentials challenge_v0 challenge_v0 challenge_v0 /  success_response_v0 challenge_response_v0 challenge_response_v0 challenge_response_v0]
Aug 13, 2025 5:18:00 PM de.learnlib.logging.LearnLogger logQuery
INFO: [ε | success_request_with_credentials challenge_v0 challenge_v0 challenge_v0 success_and_cryptobinding / ε | success_response_v0 challenge_response_v0 challenge_response_v0 challenge_response_v0 no_reply]
Aug 13, 2025 5:18:02 PM de.learnlib.logging.LearnLogger logQuery
INFO: [ε | success_request_with_credentials challenge_v0 challenge_v0 challenge_v0 tlv_request / ε | success_response_v0 challenge_response_v0 challenge_response_v0 challenge_response_v0 tlv_success]
Aug 13, 2025 5:18:05 PM de.learnlib.logging.LearnLogger logQuery
INFO: [ε | success_request_with_credentials challenge_v0 challenge_v0 challenge_v0 success_request_with_credentials success_and_cryptobinding / ε | success_response_v0 challenge_response_v0 challenge_response_v0 challenge_response_v0 success_response_v0 tlv_success_and_cryptobinding]
Aug 13, 2025 5:18:05 PM de.learnlib.logging.LearnLogger logQuery
INFO: DB CACHE [ε | success_request_with_credentials challenge_v0 tlv_request challenge_v0 /  success_response_v0 challenge_response_v0 tlv_success no_reply]
Aug 13, 2025 5:18:05 PM de.learnlib.logging.LearnLogger logQuery
INFO: DB CACHE [ε | success_request_with_credentials challenge_v0 success_request_with_credentials challenge_v0 /  success_response_v0 challenge_response_v0 success_response_v0 challenge_response_v0]
Aug 13, 2025 5:18:05 PM de.learnlib.logging.LearnLogger logQuery
INFO: DB CACHE [ε | success_request_with_credentials challenge_v0 success_request_with_credentials challenge_v0 success_and_cryptobinding /  success_response_v0 challenge_response_v0 success_response_v0 challenge_response_v0 no_reply]
Aug 13, 2025 5:18:05 PM de.learnlib.logging.LearnLogger logQuery
INFO: DB CACHE [ε | success_request_with_credentials challenge_v0 success_request_with_credentials challenge_v0 tlv_request /  success_response_v0 challenge_response_v0 success_response_v0 challenge_response_v0 tlv_success]
Aug 13, 2025 5:18:05 PM de.learnlib.logging.LearnLogger logQuery
INFO: DB CACHE [ε | success_request_with_credentials challenge_v0 success_request_with_credentials challenge_v0 success_request_with_credentials success_and_cryptobinding /  success_response_v0 challenge_response_v0 success_response_v0 challenge_response_v0 success_response_v0 tlv_success_and_cryptobinding]
Aug 13, 2025 5:18:05 PM de.learnlib.logging.LearnLogger logQuery
INFO: DB CACHE [ε | success_request_with_credentials challenge_v0 eap_success challenge_v0 /  success_response_v0 challenge_response_v0 after_eap_success challenge_response_v0]
Aug 13, 2025 5:18:08 PM de.learnlib.logging.LearnLogger logQuery
INFO: [ε | success_request_with_credentials challenge_v0 eap_success challenge_v0 success_and_cryptobinding / ε | success_response_v0 challenge_response_v0 after_eap_success challenge_response_v0 no_reply]
Aug 13, 2025 5:18:11 PM de.learnlib.logging.LearnLogger logQuery
INFO: [ε | success_request_with_credentials challenge_v0 eap_success challenge_v0 tlv_request / ε | success_response_v0 challenge_response_v0 after_eap_success challenge_response_v0 tlv_success]
Aug 13, 2025 5:18:14 PM de.learnlib.logging.LearnLogger logQuery
INFO: [ε | success_request_with_credentials challenge_v0 eap_success challenge_v0 success_request_with_credentials success_and_cryptobinding / ε | success_response_v0 challenge_response_v0 after_eap_success challenge_response_v0 success_response_v0 tlv_success_and_cryptobinding]
Aug 13, 2025 5:18:16 PM de.learnlib.logging.LearnLogger logQuery
INFO: [ε | success_request_with_credentials challenge_v0 id_request_v0 tlv_request success_and_cryptobinding / ε | success_response_v0 challenge_response_v0 id_response_v0 tlv_success no_reply]
Aug 13, 2025 5:18:19 PM de.learnlib.logging.LearnLogger logQuery
INFO: [ε | success_request_with_credentials challenge_v0 id_request_v0 tlv_request tlv_request / ε | success_response_v0 challenge_response_v0 id_response_v0 tlv_success no_reply]
Aug 13, 2025 5:18:22 PM de.learnlib.logging.LearnLogger logQuery
INFO: [ε | success_request_with_credentials challenge_v0 id_request_v0 tlv_request success_request_with_credentials success_and_cryptobinding / ε | success_response_v0 challenge_response_v0 id_response_v0 tlv_success no_reply -]
Aug 13, 2025 5:18:25 PM de.learnlib.logging.LearnLogger logQuery
INFO: [ε | success_request_with_credentials challenge_v0 challenge_v0 tlv_request success_and_cryptobinding / ε | success_response_v0 challenge_response_v0 challenge_response_v0 tlv_success no_reply]
Aug 13, 2025 5:18:28 PM de.learnlib.logging.LearnLogger logQuery
INFO: [ε | success_request_with_credentials challenge_v0 challenge_v0 tlv_request tlv_request / ε | success_response_v0 challenge_response_v0 challenge_response_v0 tlv_success no_reply]
Aug 13, 2025 5:18:31 PM de.learnlib.logging.LearnLogger logQuery
INFO: [ε | success_request_with_credentials challenge_v0 challenge_v0 tlv_request success_request_with_credentials success_and_cryptobinding / ε | success_response_v0 challenge_response_v0 challenge_response_v0 tlv_success no_reply -]
Aug 13, 2025 5:18:31 PM de.learnlib.logging.LearnLogger logQuery
INFO: DB CACHE [ε | success_request_with_credentials challenge_v0 success_request_with_credentials tlv_request success_and_cryptobinding /  success_response_v0 challenge_response_v0 success_response_v0 tlv_success no_reply]
Aug 13, 2025 5:18:31 PM de.learnlib.logging.LearnLogger logQuery
INFO: DB CACHE [ε | success_request_with_credentials challenge_v0 success_request_with_credentials tlv_request tlv_request /  success_response_v0 challenge_response_v0 success_response_v0 tlv_success no_reply]
Aug 13, 2025 5:18:31 PM de.learnlib.logging.LearnLogger logQuery
INFO: DB CACHE [ε | success_request_with_credentials challenge_v0 success_request_with_credentials tlv_request success_request_with_credentials success_and_cryptobinding /  success_response_v0 challenge_response_v0 success_response_v0 tlv_success no_reply -]
Aug 13, 2025 5:18:34 PM de.learnlib.logging.LearnLogger logQuery
INFO: [ε | success_request_with_credentials challenge_v0 eap_success tlv_request success_and_cryptobinding / ε | success_response_v0 challenge_response_v0 after_eap_success tlv_success no_reply]
Aug 13, 2025 5:18:38 PM de.learnlib.logging.LearnLogger logQuery
INFO: [ε | success_request_with_credentials challenge_v0 eap_success tlv_request tlv_request / ε | success_response_v0 challenge_response_v0 after_eap_success tlv_success no_reply]
Aug 13, 2025 5:18:41 PM de.learnlib.logging.LearnLogger logQuery
INFO: [ε | success_request_with_credentials challenge_v0 eap_success tlv_request success_request_with_credentials success_and_cryptobinding / ε | success_response_v0 challenge_response_v0 after_eap_success tlv_success no_reply -]
Aug 13, 2025 5:18:41 PM de.learnlib.logging.LearnLogger logQuery
INFO: DB CACHE [ε | success_request_with_credentials challenge_v0 id_request_v0 tlv_failure /  success_response_v0 challenge_response_v0 id_response_v0 tlv_failureencrypted_alert]
Aug 13, 2025 5:18:41 PM de.learnlib.logging.LearnLogger logQuery
INFO: DB CACHE [ε | success_request_with_credentials challenge_v0 challenge_v0 tlv_failure /  success_response_v0 challenge_response_v0 challenge_response_v0 tlv_failureencrypted_alert]
Aug 13, 2025 5:18:41 PM de.learnlib.logging.LearnLogger logQuery
INFO: DB CACHE [ε | success_request_with_credentials challenge_v0 tlv_request tlv_failure /  success_response_v0 challenge_response_v0 tlv_success no_reply]
Aug 13, 2025 5:18:41 PM de.learnlib.logging.LearnLogger logQuery
INFO: DB CACHE [ε | success_request_with_credentials challenge_v0 success_request_with_credentials tlv_failure /  success_response_v0 challenge_response_v0 success_response_v0 tlv_failureencrypted_alert]
Aug 13, 2025 5:18:41 PM de.learnlib.logging.LearnLogger logQuery
INFO: DB CACHE [ε | success_request_with_credentials challenge_v0 eap_success tlv_failure /  success_response_v0 challenge_response_v0 after_eap_success tlv_failureencrypted_alert]
Aug 13, 2025 5:18:41 PM de.learnlib.logging.LearnLogger logQuery
INFO: DB CACHE [ε | success_request_with_credentials challenge_v0 id_request_v0 success_request_all_zeros /  success_response_v0 challenge_response_v0 id_response_v0 encrypted_alert]
Aug 13, 2025 5:18:41 PM de.learnlib.logging.LearnLogger logQuery
INFO: DB CACHE [ε | success_request_with_credentials challenge_v0 challenge_v0 success_request_all_zeros /  success_response_v0 challenge_response_v0 challenge_response_v0 encrypted_alert]
Aug 13, 2025 5:18:41 PM de.learnlib.logging.LearnLogger logQuery
INFO: DB CACHE [ε | success_request_with_credentials challenge_v0 tlv_request success_request_all_zeros /  success_response_v0 challenge_response_v0 tlv_success no_reply]
Aug 13, 2025 5:18:41 PM de.learnlib.logging.LearnLogger logQuery
INFO: DB CACHE [ε | success_request_with_credentials challenge_v0 success_request_with_credentials success_request_all_zeros /  success_response_v0 challenge_response_v0 success_response_v0 encrypted_alert]
Aug 13, 2025 5:18:41 PM de.learnlib.logging.LearnLogger logQuery
INFO: DB CACHE [ε | success_request_with_credentials challenge_v0 eap_success success_request_all_zeros /  success_response_v0 challenge_response_v0 after_eap_success encrypted_alert]
Aug 13, 2025 5:18:43 PM de.learnlib.logging.LearnLogger logQuery
INFO: [ε | success_request_with_credentials challenge_v0 id_request_v0 success_request_with_credentials tlv_request / ε | success_response_v0 challenge_response_v0 id_response_v0 success_response_v0 tlv_success]
Aug 13, 2025 5:18:46 PM de.learnlib.logging.LearnLogger logQuery
INFO: [ε | success_request_with_credentials challenge_v0 id_request_v0 success_request_with_credentials success_request_with_credentials success_and_cryptobinding / ε | success_response_v0 challenge_response_v0 id_response_v0 success_response_v0 success_response_v0 tlv_success_and_cryptobinding]
Aug 13, 2025 5:18:48 PM de.learnlib.logging.LearnLogger logQuery
INFO: [ε | success_request_with_credentials challenge_v0 challenge_v0 success_request_with_credentials tlv_request / ε | success_response_v0 challenge_response_v0 challenge_response_v0 success_response_v0 tlv_success]
Aug 13, 2025 5:18:50 PM de.learnlib.logging.LearnLogger logQuery
INFO: [ε | success_request_with_credentials challenge_v0 challenge_v0 success_request_with_credentials success_request_with_credentials success_and_cryptobinding / ε | success_response_v0 challenge_response_v0 challenge_response_v0 success_response_v0 success_response_v0 tlv_success_and_cryptobinding]
Aug 13, 2025 5:18:50 PM de.learnlib.logging.LearnLogger logQuery
INFO: DB CACHE [ε | success_request_with_credentials challenge_v0 success_request_with_credentials success_request_with_credentials tlv_request /  success_response_v0 challenge_response_v0 success_response_v0 success_response_v0 tlv_success]
Aug 13, 2025 5:18:50 PM de.learnlib.logging.LearnLogger logQuery
INFO: DB CACHE [ε | success_request_with_credentials challenge_v0 success_request_with_credentials success_request_with_credentials success_request_with_credentials success_and_cryptobinding /  success_response_v0 challenge_response_v0 success_response_v0 success_response_v0 success_response_v0 tlv_success_and_cryptobinding]
Aug 13, 2025 5:18:53 PM de.learnlib.logging.LearnLogger logQuery
INFO: [ε | success_request_with_credentials challenge_v0 eap_success success_request_with_credentials tlv_request / ε | success_response_v0 challenge_response_v0 after_eap_success success_response_v0 tlv_success]
Aug 13, 2025 5:18:56 PM de.learnlib.logging.LearnLogger logQuery
INFO: [ε | success_request_with_credentials challenge_v0 eap_success success_request_with_credentials success_request_with_credentials success_and_cryptobinding / ε | success_response_v0 challenge_response_v0 after_eap_success success_response_v0 success_response_v0 tlv_success_and_cryptobinding]
Aug 13, 2025 5:18:56 PM de.learnlib.logging.LearnLogger logQuery
INFO: DB CACHE [ε | success_request_with_credentials challenge_v0 success_request_with_credentials success_and_cryptobinding success_and_cryptobinding /  success_response_v0 challenge_response_v0 success_response_v0 tlv_success_and_cryptobinding no_reply]
Aug 13, 2025 5:18:56 PM de.learnlib.logging.LearnLogger logQuery
INFO: DB CACHE [ε | success_request_with_credentials challenge_v0 success_request_with_credentials success_and_cryptobinding tlv_request /  success_response_v0 challenge_response_v0 success_response_v0 tlv_success_and_cryptobinding no_reply]
Aug 13, 2025 5:18:56 PM de.learnlib.logging.LearnLogger logQuery
INFO: DB CACHE [ε | success_request_with_credentials challenge_v0 success_request_with_credentials success_and_cryptobinding success_request_with_credentials success_and_cryptobinding /  success_response_v0 challenge_response_v0 success_response_v0 tlv_success_and_cryptobinding no_reply -]
Aug 13, 2025 5:18:56 PM de.learnlib.logging.LearnLogger logQuery
INFO: DB CACHE [ε | success_request_with_credentials challenge_v0 id_request_v0 cryptobinding /  success_response_v0 challenge_response_v0 id_response_v0 no_reply]
Aug 13, 2025 5:18:56 PM de.learnlib.logging.LearnLogger logQuery
INFO: DB CACHE [ε | success_request_with_credentials challenge_v0 challenge_v0 cryptobinding /  success_response_v0 challenge_response_v0 challenge_response_v0 no_reply]
Aug 13, 2025 5:18:56 PM de.learnlib.logging.LearnLogger logQuery
INFO: DB CACHE [ε | success_request_with_credentials challenge_v0 tlv_request cryptobinding /  success_response_v0 challenge_response_v0 tlv_success no_reply]
Aug 13, 2025 5:18:56 PM de.learnlib.logging.LearnLogger logQuery
INFO: DB CACHE [ε | success_request_with_credentials challenge_v0 success_request_with_credentials cryptobinding /  success_response_v0 challenge_response_v0 success_response_v0 tlv_cryptobindingencrypted_alert]
Aug 13, 2025 5:18:56 PM de.learnlib.logging.LearnLogger logQuery
INFO: DB CACHE [ε | success_request_with_credentials challenge_v0 eap_success cryptobinding /  success_response_v0 challenge_response_v0 after_eap_success no_reply]
Aug 13, 2025 5:18:56 PM de.learnlib.logging.LearnLogger logQuery
INFO: DB CACHE [ε | success_request_with_credentials challenge_v0 id_request_v0 eap_success /  success_response_v0 challenge_response_v0 id_response_v0 after_eap_success]
Aug 13, 2025 5:18:59 PM de.learnlib.logging.LearnLogger logQuery
INFO: [ε | success_request_with_credentials challenge_v0 id_request_v0 eap_success success_and_cryptobinding / ε | success_response_v0 challenge_response_v0 id_response_v0 after_eap_success no_reply]
Aug 13, 2025 5:19:02 PM de.learnlib.logging.LearnLogger logQuery
INFO: [ε | success_request_with_credentials challenge_v0 id_request_v0 eap_success tlv_request / ε | success_response_v0 challenge_response_v0 id_response_v0 after_eap_success tlv_success]
Aug 13, 2025 5:19:05 PM de.learnlib.logging.LearnLogger logQuery
INFO: [ε | success_request_with_credentials challenge_v0 id_request_v0 eap_success success_request_with_credentials success_and_cryptobinding / ε | success_response_v0 challenge_response_v0 id_response_v0 after_eap_success success_response_v0 tlv_success_and_cryptobinding]
Aug 13, 2025 5:19:05 PM de.learnlib.logging.LearnLogger logQuery
INFO: DB CACHE [ε | success_request_with_credentials challenge_v0 challenge_v0 eap_success /  success_response_v0 challenge_response_v0 challenge_response_v0 after_eap_success]
Aug 13, 2025 5:19:08 PM de.learnlib.logging.LearnLogger logQuery
INFO: [ε | success_request_with_credentials challenge_v0 challenge_v0 eap_success success_and_cryptobinding / ε | success_response_v0 challenge_response_v0 challenge_response_v0 after_eap_success no_reply]
Aug 13, 2025 5:19:11 PM de.learnlib.logging.LearnLogger logQuery
INFO: [ε | success_request_with_credentials challenge_v0 challenge_v0 eap_success tlv_request / ε | success_response_v0 challenge_response_v0 challenge_response_v0 after_eap_success tlv_success]
Aug 13, 2025 5:19:14 PM de.learnlib.logging.LearnLogger logQuery
INFO: [ε | success_request_with_credentials challenge_v0 challenge_v0 eap_success success_request_with_credentials success_and_cryptobinding / ε | success_response_v0 challenge_response_v0 challenge_response_v0 after_eap_success success_response_v0 tlv_success_and_cryptobinding]
Aug 13, 2025 5:19:14 PM de.learnlib.logging.LearnLogger logQuery
INFO: DB CACHE [ε | success_request_with_credentials challenge_v0 tlv_request eap_success /  success_response_v0 challenge_response_v0 tlv_success after_eap_success]
Aug 13, 2025 5:19:17 PM de.learnlib.logging.LearnLogger logQuery
INFO: [ε | success_request_with_credentials challenge_v0 tlv_request eap_success success_and_cryptobinding / ε | success_response_v0 challenge_response_v0 tlv_success after_eap_success deauthentication]
Aug 13, 2025 5:19:20 PM de.learnlib.logging.LearnLogger logQuery
INFO: [ε | success_request_with_credentials challenge_v0 tlv_request eap_success tlv_request / ε | success_response_v0 challenge_response_v0 tlv_success after_eap_success deauthentication]
Aug 13, 2025 5:19:22 PM de.learnlib.logging.LearnLogger logQuery
INFO: [ε | success_request_with_credentials challenge_v0 tlv_request eap_success success_request_with_credentials success_and_cryptobinding / ε | success_response_v0 challenge_response_v0 tlv_success after_eap_success deauthentication -]
Aug 13, 2025 5:19:23 PM de.learnlib.logging.LearnLogger logQuery
INFO: DB CACHE [ε | success_request_with_credentials challenge_v0 success_request_with_credentials eap_success /  success_response_v0 challenge_response_v0 success_response_v0 after_eap_success]
Aug 13, 2025 5:19:23 PM de.learnlib.logging.LearnLogger logQuery
INFO: DB CACHE [ε | success_request_with_credentials challenge_v0 success_request_with_credentials eap_success success_and_cryptobinding /  success_response_v0 challenge_response_v0 success_response_v0 after_eap_success tlv_success_and_cryptobinding]
Aug 13, 2025 5:19:23 PM de.learnlib.logging.LearnLogger logQuery
INFO: DB CACHE [ε | success_request_with_credentials challenge_v0 success_request_with_credentials eap_success tlv_request /  success_response_v0 challenge_response_v0 success_response_v0 after_eap_success tlv_success]
Aug 13, 2025 5:19:23 PM de.learnlib.logging.LearnLogger logQuery
INFO: DB CACHE [ε | success_request_with_credentials challenge_v0 success_request_with_credentials eap_success success_request_with_credentials success_and_cryptobinding /  success_response_v0 challenge_response_v0 success_response_v0 after_eap_success success_response_v0 tlv_success_and_cryptobinding]
Aug 13, 2025 5:19:23 PM de.learnlib.logging.LearnLogger logQuery
INFO: DB CACHE [ε | success_request_with_credentials challenge_v0 eap_success eap_success /  success_response_v0 challenge_response_v0 after_eap_success after_eap_success]
Aug 13, 2025 5:19:26 PM de.learnlib.logging.LearnLogger logQuery
INFO: [ε | success_request_with_credentials challenge_v0 eap_success eap_success success_and_cryptobinding / ε | success_response_v0 challenge_response_v0 after_eap_success after_eap_success no_reply]
Aug 13, 2025 5:19:30 PM de.learnlib.logging.LearnLogger logQuery
INFO: [ε | success_request_with_credentials challenge_v0 eap_success eap_success tlv_request / ε | success_response_v0 challenge_response_v0 after_eap_success after_eap_success tlv_success]
Aug 13, 2025 5:19:33 PM de.learnlib.logging.LearnLogger logQuery
INFO: [ε | success_request_with_credentials challenge_v0 eap_success eap_success success_request_with_credentials success_and_cryptobinding / ε | success_response_v0 challenge_response_v0 after_eap_success after_eap_success success_response_v0 tlv_success_and_cryptobinding]
Aug 13, 2025 5:19:33 PM de.learnlib.logging.LearnLogger logQuery
INFO: DB CACHE [ε | success_request_with_credentials challenge_v0 id_request_v0 4_way_message_1 /  success_response_v0 challenge_response_v0 id_response_v0 no_reply]
Aug 13, 2025 5:19:33 PM de.learnlib.logging.LearnLogger logQuery
INFO: DB CACHE [ε | success_request_with_credentials challenge_v0 challenge_v0 4_way_message_1 /  success_response_v0 challenge_response_v0 challenge_response_v0 no_reply]
Aug 13, 2025 5:19:33 PM de.learnlib.logging.LearnLogger logQuery
INFO: DB CACHE [ε | success_request_with_credentials challenge_v0 tlv_request 4_way_message_1 /  success_response_v0 challenge_response_v0 tlv_success 4_way_message_2]
Aug 13, 2025 5:19:33 PM de.learnlib.logging.LearnLogger logQuery
INFO: DB CACHE [ε | success_request_with_credentials challenge_v0 success_request_with_credentials 4_way_message_1 /  success_response_v0 challenge_response_v0 success_response_v0 no_reply]
Aug 13, 2025 5:19:33 PM de.learnlib.logging.LearnLogger logQuery
INFO: DB CACHE [ε | success_request_with_credentials challenge_v0 eap_success 4_way_message_1 /  success_response_v0 challenge_response_v0 after_eap_success no_reply]
Aug 13, 2025 5:19:33 PM de.learnlib.logging.LearnLogger logQuery
INFO: DB CACHE [ε | success_request_with_credentials tlv_request eap_success id_request_v0 /  success_response_v0 tlv_success after_eap_success deauthentication]
Aug 13, 2025 5:19:33 PM de.learnlib.logging.LearnLogger logQuery
INFO: DB CACHE [ε | success_request_with_credentials tlv_request eap_success challenge_v0 /  success_response_v0 tlv_success after_eap_success deauthentication]
Aug 13, 2025 5:19:33 PM de.learnlib.logging.LearnLogger logQuery
INFO: DB CACHE [ε | success_request_with_credentials tlv_request eap_success tlv_failure /  success_response_v0 tlv_success after_eap_success deauthentication]
Aug 13, 2025 5:19:33 PM de.learnlib.logging.LearnLogger logQuery
INFO: DB CACHE [ε | success_request_with_credentials tlv_request eap_success success_request_all_zeros /  success_response_v0 tlv_success after_eap_success deauthentication]
Aug 13, 2025 5:19:33 PM de.learnlib.logging.LearnLogger logQuery
INFO: DB CACHE [ε | success_request_with_credentials tlv_request eap_success cryptobinding /  success_response_v0 tlv_success after_eap_success deauthentication]
Aug 13, 2025 5:19:33 PM de.learnlib.logging.LearnLogger logQuery
INFO: DB CACHE [ε | success_request_with_credentials tlv_request eap_success eap_success /  success_response_v0 tlv_success after_eap_success after_eap_success]
Aug 13, 2025 5:19:33 PM de.learnlib.logging.LearnLogger logQuery
INFO: DB CACHE [ε | success_request_with_credentials tlv_request eap_success eap_success success_and_cryptobinding /  success_response_v0 tlv_success after_eap_success after_eap_success deauthentication]
Aug 13, 2025 5:19:33 PM de.learnlib.logging.LearnLogger logQuery
INFO: DB CACHE [ε | success_request_with_credentials tlv_request eap_success eap_success tlv_request /  success_response_v0 tlv_success after_eap_success after_eap_success deauthentication]
Aug 13, 2025 5:19:33 PM de.learnlib.logging.LearnLogger logQuery
INFO: DB CACHE [ε | success_request_with_credentials tlv_request eap_success eap_success success_request_with_credentials success_and_cryptobinding /  success_response_v0 tlv_success after_eap_success after_eap_success deauthentication -]
Aug 13, 2025 5:19:33 PM de.learnlib.logging.LearnLogger logQuery
INFO: DB CACHE [ε | success_request_with_credentials tlv_request eap_success 4_way_message_1 /  success_response_v0 tlv_success after_eap_success 4_way_message_2]
Aug 13, 2025 5:19:35 PM de.learnlib.logging.LearnLogger logQuery
INFO: [ε | success_request_with_credentials success_request_with_credentials id_request_v0 id_request_v0 / ε | success_response_v0 success_response_v0 id_response_v0 id_response_v0]
Aug 13, 2025 5:19:38 PM de.learnlib.logging.LearnLogger logQuery
INFO: [ε | success_request_with_credentials success_request_with_credentials id_request_v0 id_request_v0 success_and_cryptobinding / ε | success_response_v0 success_response_v0 id_response_v0 id_response_v0 no_reply]
Aug 13, 2025 5:19:40 PM de.learnlib.logging.LearnLogger logQuery
INFO: [ε | success_request_with_credentials success_request_with_credentials id_request_v0 id_request_v0 tlv_request / ε | success_response_v0 success_response_v0 id_response_v0 id_response_v0 tlv_success]
Aug 13, 2025 5:19:43 PM de.learnlib.logging.LearnLogger logQuery
INFO: [ε | success_request_with_credentials success_request_with_credentials id_request_v0 id_request_v0 success_request_with_credentials success_and_cryptobinding / ε | success_response_v0 success_response_v0 id_response_v0 id_response_v0 success_response_v0 no_reply]
Aug 13, 2025 5:19:46 PM de.learnlib.logging.LearnLogger logQuery
INFO: [ε | success_request_with_credentials success_request_with_credentials challenge_v0 id_request_v0 / ε | success_response_v0 success_response_v0 challenge_response_v0 id_response_v0]
Aug 13, 2025 5:19:48 PM de.learnlib.logging.LearnLogger logQuery
INFO: [ε | success_request_with_credentials success_request_with_credentials challenge_v0 id_request_v0 success_and_cryptobinding / ε | success_response_v0 success_response_v0 challenge_response_v0 id_response_v0 no_reply]
Aug 13, 2025 5:19:51 PM de.learnlib.logging.LearnLogger logQuery
INFO: [ε | success_request_with_credentials success_request_with_credentials challenge_v0 id_request_v0 tlv_request / ε | success_response_v0 success_response_v0 challenge_response_v0 id_response_v0 tlv_success]
Aug 13, 2025 5:19:53 PM de.learnlib.logging.LearnLogger logQuery
INFO: [ε | success_request_with_credentials success_request_with_credentials challenge_v0 id_request_v0 success_request_with_credentials success_and_cryptobinding / ε | success_response_v0 success_response_v0 challenge_response_v0 id_response_v0 success_response_v0 tlv_success_and_cryptobinding]
Aug 13, 2025 5:19:56 PM de.learnlib.logging.LearnLogger logQuery
INFO: [ε | success_request_with_credentials success_request_with_credentials tlv_request id_request_v0 / ε | success_response_v0 success_response_v0 tlv_success no_reply]
Aug 13, 2025 5:19:58 PM de.learnlib.logging.LearnLogger logQuery
INFO: [ε | success_request_with_credentials success_request_with_credentials success_request_with_credentials id_request_v0 / ε | success_response_v0 success_response_v0 success_response_v0 id_response_v0]
Aug 13, 2025 5:20:01 PM de.learnlib.logging.LearnLogger logQuery
INFO: [ε | success_request_with_credentials success_request_with_credentials success_request_with_credentials id_request_v0 success_and_cryptobinding / ε | success_response_v0 success_response_v0 success_response_v0 id_response_v0 no_reply]
Aug 13, 2025 5:20:03 PM de.learnlib.logging.LearnLogger logQuery
INFO: [ε | success_request_with_credentials success_request_with_credentials success_request_with_credentials id_request_v0 tlv_request / ε | success_response_v0 success_response_v0 success_response_v0 id_response_v0 tlv_success]
Aug 13, 2025 5:20:06 PM de.learnlib.logging.LearnLogger logQuery
INFO: [ε | success_request_with_credentials success_request_with_credentials success_request_with_credentials id_request_v0 success_request_with_credentials success_and_cryptobinding / ε | success_response_v0 success_response_v0 success_response_v0 id_response_v0 success_response_v0 no_reply]
Aug 13, 2025 5:20:09 PM de.learnlib.logging.LearnLogger logQuery
INFO: [ε | success_request_with_credentials success_request_with_credentials eap_success id_request_v0 / ε | success_response_v0 success_response_v0 after_eap_success id_response_v0]
Aug 13, 2025 5:20:12 PM de.learnlib.logging.LearnLogger logQuery
INFO: [ε | success_request_with_credentials success_request_with_credentials eap_success id_request_v0 success_and_cryptobinding / ε | success_response_v0 success_response_v0 after_eap_success id_response_v0 no_reply]
Aug 13, 2025 5:20:15 PM de.learnlib.logging.LearnLogger logQuery
INFO: [ε | success_request_with_credentials success_request_with_credentials eap_success id_request_v0 tlv_request / ε | success_response_v0 success_response_v0 after_eap_success id_response_v0 tlv_success]
Aug 13, 2025 5:20:19 PM de.learnlib.logging.LearnLogger logQuery
INFO: [ε | success_request_with_credentials success_request_with_credentials eap_success id_request_v0 success_request_with_credentials success_and_cryptobinding / ε | success_response_v0 success_response_v0 after_eap_success id_response_v0 success_response_v0 no_reply]
Aug 13, 2025 5:20:21 PM de.learnlib.logging.LearnLogger logQuery
INFO: [ε | success_request_with_credentials success_request_with_credentials id_request_v0 challenge_v0 / ε | success_response_v0 success_response_v0 id_response_v0 challenge_response_v0]
Aug 13, 2025 5:20:24 PM de.learnlib.logging.LearnLogger logQuery
INFO: [ε | success_request_with_credentials success_request_with_credentials id_request_v0 challenge_v0 success_and_cryptobinding / ε | success_response_v0 success_response_v0 id_response_v0 challenge_response_v0 no_reply]
Aug 13, 2025 5:20:26 PM de.learnlib.logging.LearnLogger logQuery
INFO: [ε | success_request_with_credentials success_request_with_credentials id_request_v0 challenge_v0 tlv_request / ε | success_response_v0 success_response_v0 id_response_v0 challenge_response_v0 tlv_success]
Aug 13, 2025 5:20:28 PM de.learnlib.logging.LearnLogger logQuery
INFO: [ε | success_request_with_credentials success_request_with_credentials id_request_v0 challenge_v0 success_request_with_credentials success_and_cryptobinding / ε | success_response_v0 success_response_v0 id_response_v0 challenge_response_v0 success_response_v0 tlv_success_and_cryptobinding]
Aug 13, 2025 5:20:31 PM de.learnlib.logging.LearnLogger logQuery
INFO: [ε | success_request_with_credentials success_request_with_credentials challenge_v0 challenge_v0 / ε | success_response_v0 success_response_v0 challenge_response_v0 challenge_response_v0]
Aug 13, 2025 5:20:33 PM de.learnlib.logging.LearnLogger logQuery
INFO: [ε | success_request_with_credentials success_request_with_credentials challenge_v0 challenge_v0 success_and_cryptobinding / ε | success_response_v0 success_response_v0 challenge_response_v0 challenge_response_v0 no_reply]
Aug 13, 2025 5:20:36 PM de.learnlib.logging.LearnLogger logQuery
INFO: [ε | success_request_with_credentials success_request_with_credentials challenge_v0 challenge_v0 tlv_request / ε | success_response_v0 success_response_v0 challenge_response_v0 challenge_response_v0 tlv_success]
Aug 13, 2025 5:20:38 PM de.learnlib.logging.LearnLogger logQuery
INFO: [ε | success_request_with_credentials success_request_with_credentials challenge_v0 challenge_v0 success_request_with_credentials success_and_cryptobinding / ε | success_response_v0 success_response_v0 challenge_response_v0 challenge_response_v0 success_response_v0 tlv_success_and_cryptobinding]
Aug 13, 2025 5:20:41 PM de.learnlib.logging.LearnLogger logQuery
INFO: [ε | success_request_with_credentials success_request_with_credentials tlv_request challenge_v0 / ε | success_response_v0 success_response_v0 tlv_success no_reply]
Aug 13, 2025 5:20:43 PM de.learnlib.logging.LearnLogger logQuery
INFO: [ε | success_request_with_credentials success_request_with_credentials success_request_with_credentials challenge_v0 / ε | success_response_v0 success_response_v0 success_response_v0 challenge_response_v0]
Aug 13, 2025 5:20:46 PM de.learnlib.logging.LearnLogger logQuery
INFO: [ε | success_request_with_credentials success_request_with_credentials success_request_with_credentials challenge_v0 success_and_cryptobinding / ε | success_response_v0 success_response_v0 success_response_v0 challenge_response_v0 no_reply]
Aug 13, 2025 5:20:48 PM de.learnlib.logging.LearnLogger logQuery
INFO: [ε | success_request_with_credentials success_request_with_credentials success_request_with_credentials challenge_v0 tlv_request / ε | success_response_v0 success_response_v0 success_response_v0 challenge_response_v0 tlv_success]
Aug 13, 2025 5:20:51 PM de.learnlib.logging.LearnLogger logQuery
INFO: [ε | success_request_with_credentials success_request_with_credentials success_request_with_credentials challenge_v0 success_request_with_credentials success_and_cryptobinding / ε | success_response_v0 success_response_v0 success_response_v0 challenge_response_v0 success_response_v0 tlv_success_and_cryptobinding]
Aug 13, 2025 5:20:53 PM de.learnlib.logging.LearnLogger logQuery
INFO: [ε | success_request_with_credentials success_request_with_credentials eap_success challenge_v0 / ε | success_response_v0 success_response_v0 after_eap_success challenge_response_v0]
Aug 13, 2025 5:20:57 PM de.learnlib.logging.LearnLogger logQuery
INFO: [ε | success_request_with_credentials success_request_with_credentials eap_success challenge_v0 success_and_cryptobinding / ε | success_response_v0 success_response_v0 after_eap_success challenge_response_v0 no_reply]
Aug 13, 2025 5:21:00 PM de.learnlib.logging.LearnLogger logQuery
INFO: [ε | success_request_with_credentials success_request_with_credentials eap_success challenge_v0 tlv_request / ε | success_response_v0 success_response_v0 after_eap_success challenge_response_v0 tlv_success]
Aug 13, 2025 5:21:02 PM de.learnlib.logging.LearnLogger logQuery
INFO: [ε | success_request_with_credentials success_request_with_credentials eap_success challenge_v0 success_request_with_credentials success_and_cryptobinding / ε | success_response_v0 success_response_v0 after_eap_success challenge_response_v0 success_response_v0 tlv_success_and_cryptobinding]
Aug 13, 2025 5:21:05 PM de.learnlib.logging.LearnLogger logQuery
INFO: [ε | success_request_with_credentials success_request_with_credentials id_request_v0 tlv_request success_and_cryptobinding / ε | success_response_v0 success_response_v0 id_response_v0 tlv_success no_reply]
Aug 13, 2025 5:21:08 PM de.learnlib.logging.LearnLogger logQuery
INFO: [ε | success_request_with_credentials success_request_with_credentials id_request_v0 tlv_request tlv_request / ε | success_response_v0 success_response_v0 id_response_v0 tlv_success no_reply]
Aug 13, 2025 5:21:11 PM de.learnlib.logging.LearnLogger logQuery
INFO: [ε | success_request_with_credentials success_request_with_credentials id_request_v0 tlv_request success_request_with_credentials success_and_cryptobinding / ε | success_response_v0 success_response_v0 id_response_v0 tlv_success no_reply -]
Aug 13, 2025 5:21:14 PM de.learnlib.logging.LearnLogger logQuery
INFO: [ε | success_request_with_credentials success_request_with_credentials challenge_v0 tlv_request success_and_cryptobinding / ε | success_response_v0 success_response_v0 challenge_response_v0 tlv_success no_reply]
Aug 13, 2025 5:21:17 PM de.learnlib.logging.LearnLogger logQuery
INFO: [ε | success_request_with_credentials success_request_with_credentials challenge_v0 tlv_request tlv_request / ε | success_response_v0 success_response_v0 challenge_response_v0 tlv_success no_reply]
Aug 13, 2025 5:21:20 PM de.learnlib.logging.LearnLogger logQuery
INFO: [ε | success_request_with_credentials success_request_with_credentials challenge_v0 tlv_request success_request_with_credentials success_and_cryptobinding / ε | success_response_v0 success_response_v0 challenge_response_v0 tlv_success no_reply -]
Aug 13, 2025 5:21:23 PM de.learnlib.logging.LearnLogger logQuery
INFO: [ε | success_request_with_credentials success_request_with_credentials success_request_with_credentials tlv_request success_and_cryptobinding / ε | success_response_v0 success_response_v0 success_response_v0 tlv_success no_reply]
Aug 13, 2025 5:21:25 PM de.learnlib.logging.LearnLogger logQuery
INFO: [ε | success_request_with_credentials success_request_with_credentials success_request_with_credentials tlv_request tlv_request / ε | success_response_v0 success_response_v0 success_response_v0 tlv_success no_reply]
Aug 13, 2025 5:21:28 PM de.learnlib.logging.LearnLogger logQuery
INFO: [ε | success_request_with_credentials success_request_with_credentials success_request_with_credentials tlv_request success_request_with_credentials success_and_cryptobinding / ε | success_response_v0 success_response_v0 success_response_v0 tlv_success no_reply -]
Aug 13, 2025 5:21:32 PM de.learnlib.logging.LearnLogger logQuery
INFO: [ε | success_request_with_credentials success_request_with_credentials eap_success tlv_request success_and_cryptobinding / ε | success_response_v0 success_response_v0 after_eap_success tlv_success no_reply]
Aug 13, 2025 5:21:35 PM de.learnlib.logging.LearnLogger logQuery
INFO: [ε | success_request_with_credentials success_request_with_credentials eap_success tlv_request tlv_request / ε | success_response_v0 success_response_v0 after_eap_success tlv_success no_reply]
Aug 13, 2025 5:21:39 PM de.learnlib.logging.LearnLogger logQuery
INFO: [ε | success_request_with_credentials success_request_with_credentials eap_success tlv_request success_request_with_credentials success_and_cryptobinding / ε | success_response_v0 success_response_v0 after_eap_success tlv_success no_reply -]
Aug 13, 2025 5:21:41 PM de.learnlib.logging.LearnLogger logQuery
INFO: [ε | success_request_with_credentials success_request_with_credentials id_request_v0 tlv_failure / ε | success_response_v0 success_response_v0 id_response_v0 tlv_failureencrypted_alert]
Aug 13, 2025 5:21:43 PM de.learnlib.logging.LearnLogger logQuery
INFO: [ε | success_request_with_credentials success_request_with_credentials challenge_v0 tlv_failure / ε | success_response_v0 success_response_v0 challenge_response_v0 tlv_failureencrypted_alert]
Aug 13, 2025 5:21:46 PM de.learnlib.logging.LearnLogger logQuery
INFO: [ε | success_request_with_credentials success_request_with_credentials tlv_request tlv_failure / ε | success_response_v0 success_response_v0 tlv_success no_reply]
Aug 13, 2025 5:21:49 PM de.learnlib.logging.LearnLogger logQuery
INFO: [ε | success_request_with_credentials success_request_with_credentials success_request_with_credentials tlv_failure / ε | success_response_v0 success_response_v0 success_response_v0 tlv_failureencrypted_alert]
Aug 13, 2025 5:21:51 PM de.learnlib.logging.LearnLogger logQuery
INFO: [ε | success_request_with_credentials success_request_with_credentials eap_success tlv_failure / ε | success_response_v0 success_response_v0 after_eap_success tlv_failureencrypted_alert]
Aug 13, 2025 5:21:54 PM de.learnlib.logging.LearnLogger logQuery
INFO: [ε | success_request_with_credentials success_request_with_credentials id_request_v0 success_request_all_zeros / ε | success_response_v0 success_response_v0 id_response_v0 encrypted_alert]
Aug 13, 2025 5:21:56 PM de.learnlib.logging.LearnLogger logQuery
INFO: [ε | success_request_with_credentials success_request_with_credentials challenge_v0 success_request_all_zeros / ε | success_response_v0 success_response_v0 challenge_response_v0 encrypted_alert]
Aug 13, 2025 5:21:59 PM de.learnlib.logging.LearnLogger logQuery
INFO: [ε | success_request_with_credentials success_request_with_credentials tlv_request success_request_all_zeros / ε | success_response_v0 success_response_v0 tlv_success no_reply]
Aug 13, 2025 5:22:02 PM de.learnlib.logging.LearnLogger logQuery
INFO: [ε | success_request_with_credentials success_request_with_credentials success_request_with_credentials success_request_all_zeros / ε | success_response_v0 success_response_v0 success_response_v0 encrypted_alert]
Aug 13, 2025 5:22:05 PM de.learnlib.logging.LearnLogger logQuery
INFO: [ε | success_request_with_credentials success_request_with_credentials eap_success success_request_all_zeros / ε | success_response_v0 success_response_v0 after_eap_success encrypted_alert]
Aug 13, 2025 5:22:07 PM de.learnlib.logging.LearnLogger logQuery
INFO: [ε | success_request_with_credentials success_request_with_credentials id_request_v0 success_request_with_credentials tlv_request / ε | success_response_v0 success_response_v0 id_response_v0 success_response_v0 tlv_success]
Aug 13, 2025 5:22:10 PM de.learnlib.logging.LearnLogger logQuery
INFO: [ε | success_request_with_credentials success_request_with_credentials id_request_v0 success_request_with_credentials success_request_with_credentials success_and_cryptobinding / ε | success_response_v0 success_response_v0 id_response_v0 success_response_v0 success_response_v0 no_reply]
Aug 13, 2025 5:22:12 PM de.learnlib.logging.LearnLogger logQuery
INFO: [ε | success_request_with_credentials success_request_with_credentials challenge_v0 success_request_with_credentials tlv_request / ε | success_response_v0 success_response_v0 challenge_response_v0 success_response_v0 tlv_success]
Aug 13, 2025 5:22:14 PM de.learnlib.logging.LearnLogger logQuery
INFO: [ε | success_request_with_credentials success_request_with_credentials challenge_v0 success_request_with_credentials success_request_with_credentials success_and_cryptobinding / ε | success_response_v0 success_response_v0 challenge_response_v0 success_response_v0 success_response_v0 tlv_success_and_cryptobinding]
Aug 13, 2025 5:22:17 PM de.learnlib.logging.LearnLogger logQuery
INFO: [ε | success_request_with_credentials success_request_with_credentials success_request_with_credentials success_request_with_credentials tlv_request / ε | success_response_v0 success_response_v0 success_response_v0 success_response_v0 tlv_success]
Aug 13, 2025 5:22:19 PM de.learnlib.logging.LearnLogger logQuery
INFO: [ε | success_request_with_credentials success_request_with_credentials success_request_with_credentials success_request_with_credentials success_request_with_credentials success_and_cryptobinding / ε | success_response_v0 success_response_v0 success_response_v0 success_response_v0 success_response_v0 no_reply]
Aug 13, 2025 5:22:22 PM de.learnlib.logging.LearnLogger logQuery
INFO: [ε | success_request_with_credentials success_request_with_credentials eap_success success_request_with_credentials tlv_request / ε | success_response_v0 success_response_v0 after_eap_success success_response_v0 tlv_success]
Aug 13, 2025 5:22:26 PM de.learnlib.logging.LearnLogger logQuery
INFO: [ε | success_request_with_credentials success_request_with_credentials eap_success success_request_with_credentials success_request_with_credentials success_and_cryptobinding / ε | success_response_v0 success_response_v0 after_eap_success success_response_v0 success_response_v0 no_reply]
Aug 13, 2025 5:22:29 PM de.learnlib.logging.LearnLogger logQuery
INFO: [ε | success_request_with_credentials success_request_with_credentials id_request_v0 cryptobinding / ε | success_response_v0 success_response_v0 id_response_v0 no_reply]
Aug 13, 2025 5:22:32 PM de.learnlib.logging.LearnLogger logQuery
INFO: [ε | success_request_with_credentials success_request_with_credentials challenge_v0 cryptobinding / ε | success_response_v0 success_response_v0 challenge_response_v0 no_reply]
Aug 13, 2025 5:22:34 PM de.learnlib.logging.LearnLogger logQuery
INFO: [ε | success_request_with_credentials success_request_with_credentials tlv_request cryptobinding / ε | success_response_v0 success_response_v0 tlv_success no_reply]
Aug 13, 2025 5:22:37 PM de.learnlib.logging.LearnLogger logQuery
INFO: [ε | success_request_with_credentials success_request_with_credentials success_request_with_credentials cryptobinding / ε | success_response_v0 success_response_v0 success_response_v0 no_reply]
Aug 13, 2025 5:22:41 PM de.learnlib.logging.LearnLogger logQuery
INFO: [ε | success_request_with_credentials success_request_with_credentials eap_success cryptobinding / ε | success_response_v0 success_response_v0 after_eap_success no_reply]
Aug 13, 2025 5:22:44 PM de.learnlib.logging.LearnLogger logQuery
INFO: [ε | success_request_with_credentials success_request_with_credentials id_request_v0 eap_success / ε | success_response_v0 success_response_v0 id_response_v0 after_eap_success]
Aug 13, 2025 5:22:47 PM de.learnlib.logging.LearnLogger logQuery
INFO: [ε | success_request_with_credentials success_request_with_credentials id_request_v0 eap_success success_and_cryptobinding / ε | success_response_v0 success_response_v0 id_response_v0 after_eap_success no_reply]
Aug 13, 2025 5:22:50 PM de.learnlib.logging.LearnLogger logQuery
INFO: [ε | success_request_with_credentials success_request_with_credentials id_request_v0 eap_success tlv_request / ε | success_response_v0 success_response_v0 id_response_v0 after_eap_success tlv_success]
Aug 13, 2025 5:22:53 PM de.learnlib.logging.LearnLogger logQuery
INFO: [ε | success_request_with_credentials success_request_with_credentials id_request_v0 eap_success success_request_with_credentials success_and_cryptobinding / ε | success_response_v0 success_response_v0 id_response_v0 after_eap_success success_response_v0 no_reply]
Aug 13, 2025 5:22:56 PM de.learnlib.logging.LearnLogger logQuery
INFO: [ε | success_request_with_credentials success_request_with_credentials challenge_v0 eap_success / ε | success_response_v0 success_response_v0 challenge_response_v0 after_eap_success]
Aug 13, 2025 5:22:59 PM de.learnlib.logging.LearnLogger logQuery
INFO: [ε | success_request_with_credentials success_request_with_credentials challenge_v0 eap_success success_and_cryptobinding / ε | success_response_v0 success_response_v0 challenge_response_v0 after_eap_success no_reply]
Aug 13, 2025 5:23:02 PM de.learnlib.logging.LearnLogger logQuery
INFO: [ε | success_request_with_credentials success_request_with_credentials challenge_v0 eap_success tlv_request / ε | success_response_v0 success_response_v0 challenge_response_v0 after_eap_success tlv_success]
Aug 13, 2025 5:23:05 PM de.learnlib.logging.LearnLogger logQuery
INFO: [ε | success_request_with_credentials success_request_with_credentials challenge_v0 eap_success success_request_with_credentials success_and_cryptobinding / ε | success_response_v0 success_response_v0 challenge_response_v0 after_eap_success success_response_v0 tlv_success_and_cryptobinding]
Aug 13, 2025 5:23:08 PM de.learnlib.logging.LearnLogger logQuery
INFO: [ε | success_request_with_credentials success_request_with_credentials tlv_request eap_success / ε | success_response_v0 success_response_v0 tlv_success after_eap_success]
Aug 13, 2025 5:23:11 PM de.learnlib.logging.LearnLogger logQuery
INFO: [ε | success_request_with_credentials success_request_with_credentials tlv_request eap_success success_and_cryptobinding / ε | success_response_v0 success_response_v0 tlv_success after_eap_success deauthentication]
Aug 13, 2025 5:23:14 PM de.learnlib.logging.LearnLogger logQuery
INFO: [ε | success_request_with_credentials success_request_with_credentials tlv_request eap_success tlv_request / ε | success_response_v0 success_response_v0 tlv_success after_eap_success deauthentication]
Aug 13, 2025 5:23:17 PM de.learnlib.logging.LearnLogger logQuery
INFO: [ε | success_request_with_credentials success_request_with_credentials tlv_request eap_success success_request_with_credentials success_and_cryptobinding / ε | success_response_v0 success_response_v0 tlv_success after_eap_success deauthentication -]
Aug 13, 2025 5:23:19 PM de.learnlib.logging.LearnLogger logQuery
INFO: [ε | success_request_with_credentials success_request_with_credentials success_request_with_credentials eap_success / ε | success_response_v0 success_response_v0 success_response_v0 after_eap_success]
Aug 13, 2025 5:23:23 PM de.learnlib.logging.LearnLogger logQuery
INFO: [ε | success_request_with_credentials success_request_with_credentials success_request_with_credentials eap_success success_and_cryptobinding / ε | success_response_v0 success_response_v0 success_response_v0 after_eap_success no_reply]
Aug 13, 2025 5:23:26 PM de.learnlib.logging.LearnLogger logQuery
INFO: [ε | success_request_with_credentials success_request_with_credentials success_request_with_credentials eap_success tlv_request / ε | success_response_v0 success_response_v0 success_response_v0 after_eap_success tlv_success]
Aug 13, 2025 5:23:29 PM de.learnlib.logging.LearnLogger logQuery
INFO: [ε | success_request_with_credentials success_request_with_credentials success_request_with_credentials eap_success success_request_with_credentials success_and_cryptobinding / ε | success_response_v0 success_response_v0 success_response_v0 after_eap_success success_response_v0 no_reply]
Aug 13, 2025 5:23:32 PM de.learnlib.logging.LearnLogger logQuery
INFO: [ε | success_request_with_credentials success_request_with_credentials eap_success eap_success / ε | success_response_v0 success_response_v0 after_eap_success after_eap_success]
Aug 13, 2025 5:23:36 PM de.learnlib.logging.LearnLogger logQuery
INFO: [ε | success_request_with_credentials success_request_with_credentials eap_success eap_success success_and_cryptobinding / ε | success_response_v0 success_response_v0 after_eap_success after_eap_success no_reply]
Aug 13, 2025 5:23:39 PM de.learnlib.logging.LearnLogger logQuery
INFO: [ε | success_request_with_credentials success_request_with_credentials eap_success eap_success tlv_request / ε | success_response_v0 success_response_v0 after_eap_success after_eap_success tlv_success]
Aug 13, 2025 5:23:43 PM de.learnlib.logging.LearnLogger logQuery
INFO: [ε | success_request_with_credentials success_request_with_credentials eap_success eap_success success_request_with_credentials success_and_cryptobinding / ε | success_response_v0 success_response_v0 after_eap_success after_eap_success success_response_v0 no_reply]
Aug 13, 2025 5:23:46 PM de.learnlib.logging.LearnLogger logQuery
INFO: [ε | success_request_with_credentials success_request_with_credentials id_request_v0 4_way_message_1 / ε | success_response_v0 success_response_v0 id_response_v0 no_reply]
Aug 13, 2025 5:23:49 PM de.learnlib.logging.LearnLogger logQuery
INFO: [ε | success_request_with_credentials success_request_with_credentials challenge_v0 4_way_message_1 / ε | success_response_v0 success_response_v0 challenge_response_v0 no_reply]
Aug 13, 2025 5:23:52 PM de.learnlib.logging.LearnLogger logQuery
INFO: [ε | success_request_with_credentials success_request_with_credentials tlv_request 4_way_message_1 / ε | success_response_v0 success_response_v0 tlv_success 4_way_message_2]
Aug 13, 2025 5:23:55 PM de.learnlib.logging.LearnLogger logQuery
INFO: [ε | success_request_with_credentials success_request_with_credentials success_request_with_credentials 4_way_message_1 / ε | success_response_v0 success_response_v0 success_response_v0 no_reply]
Aug 13, 2025 5:23:58 PM de.learnlib.logging.LearnLogger logQuery
INFO: [ε | success_request_with_credentials success_request_with_credentials eap_success 4_way_message_1 / ε | success_response_v0 success_response_v0 after_eap_success no_reply]
Aug 13, 2025 5:24:01 PM de.learnlib.logging.LearnLogger logQuery
INFO: [ε | success_request_with_credentials eap_success id_request_v0 id_request_v0 / ε | success_response_v0 after_eap_success id_response_v0 id_response_v0]
Aug 13, 2025 5:24:05 PM de.learnlib.logging.LearnLogger logQuery
INFO: [ε | success_request_with_credentials eap_success id_request_v0 id_request_v0 success_and_cryptobinding / ε | success_response_v0 after_eap_success id_response_v0 id_response_v0 no_reply]
Aug 13, 2025 5:24:07 PM de.learnlib.logging.LearnLogger logQuery
INFO: [ε | success_request_with_credentials eap_success id_request_v0 id_request_v0 tlv_request / ε | success_response_v0 after_eap_success id_response_v0 id_response_v0 tlv_success]
Aug 13, 2025 5:24:11 PM de.learnlib.logging.LearnLogger logQuery
INFO: [ε | success_request_with_credentials eap_success id_request_v0 id_request_v0 success_request_with_credentials success_and_cryptobinding / ε | success_response_v0 after_eap_success id_response_v0 id_response_v0 success_response_v0 no_reply]
Aug 13, 2025 5:24:14 PM de.learnlib.logging.LearnLogger logQuery
INFO: [ε | success_request_with_credentials eap_success challenge_v0 id_request_v0 / ε | success_response_v0 after_eap_success challenge_response_v0 id_response_v0]
Aug 13, 2025 5:24:17 PM de.learnlib.logging.LearnLogger logQuery
INFO: [ε | success_request_with_credentials eap_success challenge_v0 id_request_v0 success_and_cryptobinding / ε | success_response_v0 after_eap_success challenge_response_v0 id_response_v0 no_reply]
Aug 13, 2025 5:24:20 PM de.learnlib.logging.LearnLogger logQuery
INFO: [ε | success_request_with_credentials eap_success challenge_v0 id_request_v0 tlv_request / ε | success_response_v0 after_eap_success challenge_response_v0 id_response_v0 tlv_success]
Aug 13, 2025 5:24:23 PM de.learnlib.logging.LearnLogger logQuery
INFO: [ε | success_request_with_credentials eap_success challenge_v0 id_request_v0 success_request_with_credentials success_and_cryptobinding / ε | success_response_v0 after_eap_success challenge_response_v0 id_response_v0 success_response_v0 tlv_success_and_cryptobinding]
Aug 13, 2025 5:24:26 PM de.learnlib.logging.LearnLogger logQuery
INFO: [ε | success_request_with_credentials eap_success tlv_request id_request_v0 / ε | success_response_v0 after_eap_success tlv_success no_reply]
Aug 13, 2025 5:24:29 PM de.learnlib.logging.LearnLogger logQuery
INFO: [ε | success_request_with_credentials eap_success success_request_with_credentials id_request_v0 / ε | success_response_v0 after_eap_success success_response_v0 id_response_v0]
Aug 13, 2025 5:24:32 PM de.learnlib.logging.LearnLogger logQuery
INFO: [ε | success_request_with_credentials eap_success success_request_with_credentials id_request_v0 success_and_cryptobinding / ε | success_response_v0 after_eap_success success_response_v0 id_response_v0 no_reply]
Aug 13, 2025 5:24:35 PM de.learnlib.logging.LearnLogger logQuery
INFO: [ε | success_request_with_credentials eap_success success_request_with_credentials id_request_v0 tlv_request / ε | success_response_v0 after_eap_success success_response_v0 id_response_v0 tlv_success]
Aug 13, 2025 5:24:38 PM de.learnlib.logging.LearnLogger logQuery
INFO: [ε | success_request_with_credentials eap_success success_request_with_credentials id_request_v0 success_request_with_credentials success_and_cryptobinding / ε | success_response_v0 after_eap_success success_response_v0 id_response_v0 success_response_v0 no_reply]
Aug 13, 2025 5:24:42 PM de.learnlib.logging.LearnLogger logQuery
INFO: [ε | success_request_with_credentials eap_success eap_success id_request_v0 / ε | success_response_v0 after_eap_success after_eap_success id_response_v0]
Aug 13, 2025 5:24:45 PM de.learnlib.logging.LearnLogger logQuery
INFO: [ε | success_request_with_credentials eap_success eap_success id_request_v0 success_and_cryptobinding / ε | success_response_v0 after_eap_success after_eap_success id_response_v0 no_reply]
Aug 13, 2025 5:24:49 PM de.learnlib.logging.LearnLogger logQuery
INFO: [ε | success_request_with_credentials eap_success eap_success id_request_v0 tlv_request / ε | success_response_v0 after_eap_success after_eap_success id_response_v0 tlv_success]
Aug 13, 2025 5:24:53 PM de.learnlib.logging.LearnLogger logQuery
INFO: [ε | success_request_with_credentials eap_success eap_success id_request_v0 success_request_with_credentials success_and_cryptobinding / ε | success_response_v0 after_eap_success after_eap_success id_response_v0 success_response_v0 no_reply]
Aug 13, 2025 5:24:56 PM de.learnlib.logging.LearnLogger logQuery
INFO: [ε | success_request_with_credentials eap_success id_request_v0 challenge_v0 / ε | success_response_v0 after_eap_success id_response_v0 challenge_response_v0]
Aug 13, 2025 5:24:59 PM de.learnlib.logging.LearnLogger logQuery
INFO: [ε | success_request_with_credentials eap_success id_request_v0 challenge_v0 success_and_cryptobinding / ε | success_response_v0 after_eap_success id_response_v0 challenge_response_v0 no_reply]
Aug 13, 2025 5:25:02 PM de.learnlib.logging.LearnLogger logQuery
INFO: [ε | success_request_with_credentials eap_success id_request_v0 challenge_v0 tlv_request / ε | success_response_v0 after_eap_success id_response_v0 challenge_response_v0 tlv_success]
Aug 13, 2025 5:25:04 PM de.learnlib.logging.LearnLogger logQuery
INFO: [ε | success_request_with_credentials eap_success id_request_v0 challenge_v0 success_request_with_credentials success_and_cryptobinding / ε | success_response_v0 after_eap_success id_response_v0 challenge_response_v0 success_response_v0 tlv_success_and_cryptobinding]
Aug 13, 2025 5:25:07 PM de.learnlib.logging.LearnLogger logQuery
INFO: [ε | success_request_with_credentials eap_success challenge_v0 challenge_v0 / ε | success_response_v0 after_eap_success challenge_response_v0 challenge_response_v0]
Aug 13, 2025 5:25:10 PM de.learnlib.logging.LearnLogger logQuery
INFO: [ε | success_request_with_credentials eap_success challenge_v0 challenge_v0 success_and_cryptobinding / ε | success_response_v0 after_eap_success challenge_response_v0 challenge_response_v0 no_reply]
Aug 13, 2025 5:25:13 PM de.learnlib.logging.LearnLogger logQuery
INFO: [ε | success_request_with_credentials eap_success challenge_v0 challenge_v0 tlv_request / ε | success_response_v0 after_eap_success challenge_response_v0 challenge_response_v0 tlv_success]
Aug 13, 2025 5:25:16 PM de.learnlib.logging.LearnLogger logQuery
INFO: [ε | success_request_with_credentials eap_success challenge_v0 challenge_v0 success_request_with_credentials success_and_cryptobinding / ε | success_response_v0 after_eap_success challenge_response_v0 challenge_response_v0 success_response_v0 tlv_success_and_cryptobinding]
Aug 13, 2025 5:25:19 PM de.learnlib.logging.LearnLogger logQuery
INFO: [ε | success_request_with_credentials eap_success tlv_request challenge_v0 / ε | success_response_v0 after_eap_success tlv_success no_reply]
Aug 13, 2025 5:25:22 PM de.learnlib.logging.LearnLogger logQuery
INFO: [ε | success_request_with_credentials eap_success success_request_with_credentials challenge_v0 / ε | success_response_v0 after_eap_success success_response_v0 challenge_response_v0]
Aug 13, 2025 5:25:26 PM de.learnlib.logging.LearnLogger logQuery
INFO: [ε | success_request_with_credentials eap_success success_request_with_credentials challenge_v0 success_and_cryptobinding / ε | success_response_v0 after_eap_success success_response_v0 challenge_response_v0 no_reply]
Aug 13, 2025 5:25:29 PM de.learnlib.logging.LearnLogger logQuery
INFO: [ε | success_request_with_credentials eap_success success_request_with_credentials challenge_v0 tlv_request / ε | success_response_v0 after_eap_success success_response_v0 challenge_response_v0 tlv_success]
Aug 13, 2025 5:25:31 PM de.learnlib.logging.LearnLogger logQuery
INFO: [ε | success_request_with_credentials eap_success success_request_with_credentials challenge_v0 success_request_with_credentials success_and_cryptobinding / ε | success_response_v0 after_eap_success success_response_v0 challenge_response_v0 success_response_v0 tlv_success_and_cryptobinding]
Aug 13, 2025 5:25:35 PM de.learnlib.logging.LearnLogger logQuery
INFO: [ε | success_request_with_credentials eap_success eap_success challenge_v0 / ε | success_response_v0 after_eap_success after_eap_success challenge_response_v0]
Aug 13, 2025 5:25:38 PM de.learnlib.logging.LearnLogger logQuery
INFO: [ε | success_request_with_credentials eap_success eap_success challenge_v0 success_and_cryptobinding / ε | success_response_v0 after_eap_success after_eap_success challenge_response_v0 no_reply]
Aug 13, 2025 5:25:42 PM de.learnlib.logging.LearnLogger logQuery
INFO: [ε | success_request_with_credentials eap_success eap_success challenge_v0 tlv_request / ε | success_response_v0 after_eap_success after_eap_success challenge_response_v0 tlv_success]
Aug 13, 2025 5:25:45 PM de.learnlib.logging.LearnLogger logQuery
INFO: [ε | success_request_with_credentials eap_success eap_success challenge_v0 success_request_with_credentials success_and_cryptobinding / ε | success_response_v0 after_eap_success after_eap_success challenge_response_v0 success_response_v0 tlv_success_and_cryptobinding]
Aug 13, 2025 5:25:48 PM de.learnlib.logging.LearnLogger logQuery
INFO: [ε | success_request_with_credentials eap_success id_request_v0 tlv_request success_and_cryptobinding / ε | success_response_v0 after_eap_success id_response_v0 tlv_success no_reply]
Aug 13, 2025 5:25:52 PM de.learnlib.logging.LearnLogger logQuery
INFO: [ε | success_request_with_credentials eap_success id_request_v0 tlv_request tlv_request / ε | success_response_v0 after_eap_success id_response_v0 tlv_success no_reply]
Aug 13, 2025 5:25:55 PM de.learnlib.logging.LearnLogger logQuery
INFO: [ε | success_request_with_credentials eap_success id_request_v0 tlv_request success_request_with_credentials success_and_cryptobinding / ε | success_response_v0 after_eap_success id_response_v0 tlv_success no_reply -]
Aug 13, 2025 5:25:58 PM de.learnlib.logging.LearnLogger logQuery
INFO: [ε | success_request_with_credentials eap_success challenge_v0 tlv_request success_and_cryptobinding / ε | success_response_v0 after_eap_success challenge_response_v0 tlv_success no_reply]
Aug 13, 2025 5:26:02 PM de.learnlib.logging.LearnLogger logQuery
INFO: [ε | success_request_with_credentials eap_success challenge_v0 tlv_request tlv_request / ε | success_response_v0 after_eap_success challenge_response_v0 tlv_success no_reply]
Aug 13, 2025 5:26:05 PM de.learnlib.logging.LearnLogger logQuery
INFO: [ε | success_request_with_credentials eap_success challenge_v0 tlv_request success_request_with_credentials success_and_cryptobinding / ε | success_response_v0 after_eap_success challenge_response_v0 tlv_success no_reply -]
Aug 13, 2025 5:26:09 PM de.learnlib.logging.LearnLogger logQuery
INFO: [ε | success_request_with_credentials eap_success success_request_with_credentials tlv_request success_and_cryptobinding / ε | success_response_v0 after_eap_success success_response_v0 tlv_success no_reply]
Aug 13, 2025 5:26:12 PM de.learnlib.logging.LearnLogger logQuery
INFO: [ε | success_request_with_credentials eap_success success_request_with_credentials tlv_request tlv_request / ε | success_response_v0 after_eap_success success_response_v0 tlv_success no_reply]
Aug 13, 2025 5:26:16 PM de.learnlib.logging.LearnLogger logQuery
INFO: [ε | success_request_with_credentials eap_success success_request_with_credentials tlv_request success_request_with_credentials success_and_cryptobinding / ε | success_response_v0 after_eap_success success_response_v0 tlv_success no_reply -]
Aug 13, 2025 5:26:19 PM de.learnlib.logging.LearnLogger logQuery
INFO: [ε | success_request_with_credentials eap_success eap_success tlv_request success_and_cryptobinding / ε | success_response_v0 after_eap_success after_eap_success tlv_success no_reply]
Aug 13, 2025 5:26:23 PM de.learnlib.logging.LearnLogger logQuery
INFO: [ε | success_request_with_credentials eap_success eap_success tlv_request tlv_request / ε | success_response_v0 after_eap_success after_eap_success tlv_success no_reply]
Aug 13, 2025 5:26:27 PM de.learnlib.logging.LearnLogger logQuery
INFO: [ε | success_request_with_credentials eap_success eap_success tlv_request success_request_with_credentials success_and_cryptobinding / ε | success_response_v0 after_eap_success after_eap_success tlv_success no_reply -]
Aug 13, 2025 5:26:30 PM de.learnlib.logging.LearnLogger logQuery
INFO: [ε | success_request_with_credentials eap_success id_request_v0 tlv_failure / ε | success_response_v0 after_eap_success id_response_v0 tlv_failureencrypted_alert]
Aug 13, 2025 5:26:33 PM de.learnlib.logging.LearnLogger logQuery
INFO: [ε | success_request_with_credentials eap_success challenge_v0 tlv_failure / ε | success_response_v0 after_eap_success challenge_response_v0 tlv_failureencrypted_alert]
Aug 13, 2025 5:26:36 PM de.learnlib.logging.LearnLogger logQuery
INFO: [ε | success_request_with_credentials eap_success tlv_request tlv_failure / ε | success_response_v0 after_eap_success tlv_success no_reply]
Aug 13, 2025 5:26:39 PM de.learnlib.logging.LearnLogger logQuery
INFO: [ε | success_request_with_credentials eap_success success_request_with_credentials tlv_failure / ε | success_response_v0 after_eap_success success_response_v0 tlv_failureencrypted_alert]
Aug 13, 2025 5:26:43 PM de.learnlib.logging.LearnLogger logQuery
INFO: [ε | success_request_with_credentials eap_success eap_success tlv_failure / ε | success_response_v0 after_eap_success after_eap_success tlv_failureencrypted_alert]
Aug 13, 2025 5:26:46 PM de.learnlib.logging.LearnLogger logQuery
INFO: [ε | success_request_with_credentials eap_success id_request_v0 success_request_all_zeros / ε | success_response_v0 after_eap_success id_response_v0 encrypted_alert]
Aug 13, 2025 5:26:49 PM de.learnlib.logging.LearnLogger logQuery
INFO: [ε | success_request_with_credentials eap_success challenge_v0 success_request_all_zeros / ε | success_response_v0 after_eap_success challenge_response_v0 encrypted_alert]
Aug 13, 2025 5:26:52 PM de.learnlib.logging.LearnLogger logQuery
INFO: [ε | success_request_with_credentials eap_success tlv_request success_request_all_zeros / ε | success_response_v0 after_eap_success tlv_success no_reply]
Aug 13, 2025 5:26:55 PM de.learnlib.logging.LearnLogger logQuery
INFO: [ε | success_request_with_credentials eap_success success_request_with_credentials success_request_all_zeros / ε | success_response_v0 after_eap_success success_response_v0 encrypted_alert]
Aug 13, 2025 5:26:58 PM de.learnlib.logging.LearnLogger logQuery
INFO: [ε | success_request_with_credentials eap_success eap_success success_request_all_zeros / ε | success_response_v0 after_eap_success after_eap_success encrypted_alert]
Aug 13, 2025 5:27:01 PM de.learnlib.logging.LearnLogger logQuery
INFO: [ε | success_request_with_credentials eap_success id_request_v0 success_request_with_credentials tlv_request / ε | success_response_v0 after_eap_success id_response_v0 success_response_v0 tlv_success]
Aug 13, 2025 5:27:05 PM de.learnlib.logging.LearnLogger logQuery
INFO: [ε | success_request_with_credentials eap_success id_request_v0 success_request_with_credentials success_request_with_credentials success_and_cryptobinding / ε | success_response_v0 after_eap_success id_response_v0 success_response_v0 success_response_v0 no_reply]
Aug 13, 2025 5:27:14 PM de.learnlib.logging.LearnLogger logQuery
INFO: [ε | success_request_with_credentials eap_success challenge_v0 success_request_with_credentials tlv_request / ε | success_response_v0 after_eap_success challenge_response_v0 success_response_v0 tlv_success]
Aug 13, 2025 5:27:16 PM de.learnlib.logging.LearnLogger logQuery
INFO: [ε | success_request_with_credentials eap_success challenge_v0 success_request_with_credentials success_request_with_credentials success_and_cryptobinding / ε | success_response_v0 after_eap_success challenge_response_v0 success_response_v0 success_response_v0 tlv_success_and_cryptobinding]
Aug 13, 2025 5:27:19 PM de.learnlib.logging.LearnLogger logQuery
INFO: [ε | success_request_with_credentials eap_success success_request_with_credentials success_request_with_credentials tlv_request / ε | success_response_v0 after_eap_success success_response_v0 success_response_v0 tlv_success]
Aug 13, 2025 5:27:22 PM de.learnlib.logging.LearnLogger logQuery
INFO: [ε | success_request_with_credentials eap_success success_request_with_credentials success_request_with_credentials success_request_with_credentials success_and_cryptobinding / ε | success_response_v0 after_eap_success success_response_v0 success_response_v0 success_response_v0 no_reply]
Aug 13, 2025 5:27:26 PM de.learnlib.logging.LearnLogger logQuery
INFO: [ε | success_request_with_credentials eap_success eap_success success_request_with_credentials tlv_request / ε | success_response_v0 after_eap_success after_eap_success success_response_v0 tlv_success]
Aug 13, 2025 5:27:30 PM de.learnlib.logging.LearnLogger logQuery
INFO: [ε | success_request_with_credentials eap_success eap_success success_request_with_credentials success_request_with_credentials success_and_cryptobinding / ε | success_response_v0 after_eap_success after_eap_success success_response_v0 success_response_v0 no_reply]
Aug 13, 2025 5:27:33 PM de.learnlib.logging.LearnLogger logQuery
INFO: [ε | success_request_with_credentials eap_success id_request_v0 cryptobinding / ε | success_response_v0 after_eap_success id_response_v0 no_reply]
Aug 13, 2025 5:27:37 PM de.learnlib.logging.LearnLogger logQuery
INFO: [ε | success_request_with_credentials eap_success challenge_v0 cryptobinding / ε | success_response_v0 after_eap_success challenge_response_v0 no_reply]
Aug 13, 2025 5:27:40 PM de.learnlib.logging.LearnLogger logQuery
INFO: [ε | success_request_with_credentials eap_success tlv_request cryptobinding / ε | success_response_v0 after_eap_success tlv_success no_reply]
Aug 13, 2025 5:27:43 PM de.learnlib.logging.LearnLogger logQuery
INFO: [ε | success_request_with_credentials eap_success success_request_with_credentials cryptobinding / ε | success_response_v0 after_eap_success success_response_v0 no_reply]
Aug 13, 2025 5:27:47 PM de.learnlib.logging.LearnLogger logQuery
INFO: [ε | success_request_with_credentials eap_success eap_success cryptobinding / ε | success_response_v0 after_eap_success after_eap_success no_reply]
Aug 13, 2025 5:27:51 PM de.learnlib.logging.LearnLogger logQuery
INFO: [ε | success_request_with_credentials eap_success id_request_v0 eap_success / ε | success_response_v0 after_eap_success id_response_v0 after_eap_success]
Aug 13, 2025 5:27:54 PM de.learnlib.logging.LearnLogger logQuery
INFO: [ε | success_request_with_credentials eap_success id_request_v0 eap_success success_and_cryptobinding / ε | success_response_v0 after_eap_success id_response_v0 after_eap_success no_reply]
Aug 13, 2025 5:27:58 PM de.learnlib.logging.LearnLogger logQuery
INFO: [ε | success_request_with_credentials eap_success id_request_v0 eap_success tlv_request / ε | success_response_v0 after_eap_success id_response_v0 after_eap_success tlv_success]
Aug 13, 2025 5:28:02 PM de.learnlib.logging.LearnLogger logQuery
INFO: [ε | success_request_with_credentials eap_success id_request_v0 eap_success success_request_with_credentials success_and_cryptobinding / ε | success_response_v0 after_eap_success id_response_v0 after_eap_success success_response_v0 no_reply]
Aug 13, 2025 5:28:05 PM de.learnlib.logging.LearnLogger logQuery
INFO: [ε | success_request_with_credentials eap_success challenge_v0 eap_success / ε | success_response_v0 after_eap_success challenge_response_v0 after_eap_success]
Aug 13, 2025 5:28:09 PM de.learnlib.logging.LearnLogger logQuery
INFO: [ε | success_request_with_credentials eap_success challenge_v0 eap_success success_and_cryptobinding / ε | success_response_v0 after_eap_success challenge_response_v0 after_eap_success no_reply]
Aug 13, 2025 5:28:12 PM de.learnlib.logging.LearnLogger logQuery
INFO: [ε | success_request_with_credentials eap_success challenge_v0 eap_success tlv_request / ε | success_response_v0 after_eap_success challenge_response_v0 after_eap_success tlv_success]
Aug 13, 2025 5:28:16 PM de.learnlib.logging.LearnLogger logQuery
INFO: [ε | success_request_with_credentials eap_success challenge_v0 eap_success success_request_with_credentials success_and_cryptobinding / ε | success_response_v0 after_eap_success challenge_response_v0 after_eap_success success_response_v0 tlv_success_and_cryptobinding]
Aug 13, 2025 5:28:19 PM de.learnlib.logging.LearnLogger logQuery
INFO: [ε | success_request_with_credentials eap_success tlv_request eap_success / ε | success_response_v0 after_eap_success tlv_success after_eap_success]
Aug 13, 2025 5:28:22 PM de.learnlib.logging.LearnLogger logQuery
INFO: [ε | success_request_with_credentials eap_success tlv_request eap_success success_and_cryptobinding / ε | success_response_v0 after_eap_success tlv_success after_eap_success deauthentication]
Aug 13, 2025 5:28:26 PM de.learnlib.logging.LearnLogger logQuery
INFO: [ε | success_request_with_credentials eap_success tlv_request eap_success tlv_request / ε | success_response_v0 after_eap_success tlv_success after_eap_success deauthentication]
Aug 13, 2025 5:28:29 PM de.learnlib.logging.LearnLogger logQuery
INFO: [ε | success_request_with_credentials eap_success tlv_request eap_success success_request_with_credentials success_and_cryptobinding / ε | success_response_v0 after_eap_success tlv_success after_eap_success deauthentication -]
Aug 13, 2025 5:28:32 PM de.learnlib.logging.LearnLogger logQuery
INFO: [ε | success_request_with_credentials eap_success success_request_with_credentials eap_success / ε | success_response_v0 after_eap_success success_response_v0 after_eap_success]
Aug 13, 2025 5:28:36 PM de.learnlib.logging.LearnLogger logQuery
INFO: [ε | success_request_with_credentials eap_success success_request_with_credentials eap_success success_and_cryptobinding / ε | success_response_v0 after_eap_success success_response_v0 after_eap_success no_reply]
Aug 13, 2025 5:28:40 PM de.learnlib.logging.LearnLogger logQuery
INFO: [ε | success_request_with_credentials eap_success success_request_with_credentials eap_success tlv_request / ε | success_response_v0 after_eap_success success_response_v0 after_eap_success tlv_success]
Aug 13, 2025 5:28:43 PM de.learnlib.logging.LearnLogger logQuery
INFO: [ε | success_request_with_credentials eap_success success_request_with_credentials eap_success success_request_with_credentials success_and_cryptobinding / ε | success_response_v0 after_eap_success success_response_v0 after_eap_success success_response_v0 no_reply]
Aug 13, 2025 5:28:47 PM de.learnlib.logging.LearnLogger logQuery
INFO: [ε | success_request_with_credentials eap_success eap_success eap_success / ε | success_response_v0 after_eap_success after_eap_success after_eap_success]
Aug 13, 2025 5:28:52 PM de.learnlib.logging.LearnLogger logQuery
INFO: [ε | success_request_with_credentials eap_success eap_success eap_success success_and_cryptobinding / ε | success_response_v0 after_eap_success after_eap_success after_eap_success no_reply]
Aug 13, 2025 5:28:55 PM de.learnlib.logging.LearnLogger logQuery
INFO: [ε | success_request_with_credentials eap_success eap_success eap_success tlv_request / ε | success_response_v0 after_eap_success after_eap_success after_eap_success tlv_success]
Aug 13, 2025 5:29:00 PM de.learnlib.logging.LearnLogger logQuery
INFO: [ε | success_request_with_credentials eap_success eap_success eap_success success_request_with_credentials success_and_cryptobinding / ε | success_response_v0 after_eap_success after_eap_success after_eap_success success_response_v0 no_reply]
Aug 13, 2025 5:29:03 PM de.learnlib.logging.LearnLogger logQuery
INFO: [ε | success_request_with_credentials eap_success id_request_v0 4_way_message_1 / ε | success_response_v0 after_eap_success id_response_v0 no_reply]
Aug 13, 2025 5:29:07 PM de.learnlib.logging.LearnLogger logQuery
INFO: [ε | success_request_with_credentials eap_success challenge_v0 4_way_message_1 / ε | success_response_v0 after_eap_success challenge_response_v0 no_reply]
Aug 13, 2025 5:29:10 PM de.learnlib.logging.LearnLogger logQuery
INFO: [ε | success_request_with_credentials eap_success tlv_request 4_way_message_1 / ε | success_response_v0 after_eap_success tlv_success 4_way_message_2]
Aug 13, 2025 5:29:13 PM de.learnlib.logging.LearnLogger logQuery
INFO: [ε | success_request_with_credentials eap_success success_request_with_credentials 4_way_message_1 / ε | success_response_v0 after_eap_success success_response_v0 no_reply]
Aug 13, 2025 5:29:17 PM de.learnlib.logging.LearnLogger logQuery
INFO: [ε | success_request_with_credentials eap_success eap_success 4_way_message_1 / ε | success_response_v0 after_eap_success after_eap_success no_reply]
Aug 13, 2025 5:29:20 PM de.learnlib.logging.LearnLogger logQuery
INFO: [ε | challenge_v0 success_request_with_credentials id_request_v0 id_request_v0 id_request_v0 / ε | challenge_response_v0 success_response_v0 id_response_v0 id_response_v0 id_response_v0]
Aug 13, 2025 5:29:22 PM de.learnlib.logging.LearnLogger logQuery
INFO: [ε | challenge_v0 success_request_with_credentials id_request_v0 id_request_v0 id_request_v0 success_and_cryptobinding / ε | challenge_response_v0 success_response_v0 id_response_v0 id_response_v0 id_response_v0 tlv_success_and_cryptobinding]
Aug 13, 2025 5:29:24 PM de.learnlib.logging.LearnLogger logQuery
INFO: [ε | challenge_v0 success_request_with_credentials id_request_v0 id_request_v0 id_request_v0 tlv_request / ε | challenge_response_v0 success_response_v0 id_response_v0 id_response_v0 id_response_v0 tlv_success]
Aug 13, 2025 5:29:27 PM de.learnlib.logging.LearnLogger logQuery
INFO: [ε | challenge_v0 success_request_with_credentials id_request_v0 id_request_v0 id_request_v0 success_request_with_credentials success_and_cryptobinding / ε | challenge_response_v0 success_response_v0 id_response_v0 id_response_v0 id_response_v0 success_response_v0 tlv_success_and_cryptobinding]
Aug 13, 2025 5:29:29 PM de.learnlib.logging.LearnLogger logQuery
INFO: [ε | challenge_v0 success_request_with_credentials id_request_v0 challenge_v0 id_request_v0 / ε | challenge_response_v0 success_response_v0 id_response_v0 challenge_response_v0 id_response_v0]
Aug 13, 2025 5:29:32 PM de.learnlib.logging.LearnLogger logQuery
INFO: [ε | challenge_v0 success_request_with_credentials id_request_v0 challenge_v0 id_request_v0 success_and_cryptobinding / ε | challenge_response_v0 success_response_v0 id_response_v0 challenge_response_v0 id_response_v0 no_reply]
Aug 13, 2025 5:29:34 PM de.learnlib.logging.LearnLogger logQuery
INFO: [ε | challenge_v0 success_request_with_credentials id_request_v0 challenge_v0 id_request_v0 tlv_request / ε | challenge_response_v0 success_response_v0 id_response_v0 challenge_response_v0 id_response_v0 tlv_success]
Aug 13, 2025 5:29:36 PM de.learnlib.logging.LearnLogger logQuery
INFO: [ε | challenge_v0 success_request_with_credentials id_request_v0 challenge_v0 id_request_v0 success_request_with_credentials success_and_cryptobinding / ε | challenge_response_v0 success_response_v0 id_response_v0 challenge_response_v0 id_response_v0 success_response_v0 tlv_success_and_cryptobinding]
Aug 13, 2025 5:29:39 PM de.learnlib.logging.LearnLogger logQuery
INFO: [ε | challenge_v0 success_request_with_credentials id_request_v0 tlv_request id_request_v0 / ε | challenge_response_v0 success_response_v0 id_response_v0 tlv_success no_reply]
Aug 13, 2025 5:29:42 PM de.learnlib.logging.LearnLogger logQuery
INFO: [ε | challenge_v0 success_request_with_credentials id_request_v0 success_request_with_credentials id_request_v0 / ε | challenge_response_v0 success_response_v0 id_response_v0 success_response_v0 id_response_v0]
Aug 13, 2025 5:29:44 PM de.learnlib.logging.LearnLogger logQuery
INFO: [ε | challenge_v0 success_request_with_credentials id_request_v0 success_request_with_credentials id_request_v0 success_and_cryptobinding / ε | challenge_response_v0 success_response_v0 id_response_v0 success_response_v0 id_response_v0 tlv_success_and_cryptobinding]
Aug 13, 2025 5:29:46 PM de.learnlib.logging.LearnLogger logQuery
INFO: [ε | challenge_v0 success_request_with_credentials id_request_v0 success_request_with_credentials id_request_v0 tlv_request / ε | challenge_response_v0 success_response_v0 id_response_v0 success_response_v0 id_response_v0 tlv_success]
Aug 13, 2025 5:29:48 PM de.learnlib.logging.LearnLogger logQuery
INFO: [ε | challenge_v0 success_request_with_credentials id_request_v0 success_request_with_credentials id_request_v0 success_request_with_credentials success_and_cryptobinding / ε | challenge_response_v0 success_response_v0 id_response_v0 success_response_v0 id_response_v0 success_response_v0 tlv_success_and_cryptobinding]
Aug 13, 2025 5:29:51 PM de.learnlib.logging.LearnLogger logQuery
INFO: [ε | challenge_v0 success_request_with_credentials id_request_v0 success_and_cryptobinding id_request_v0 / ε | challenge_response_v0 success_response_v0 id_response_v0 tlv_success_and_cryptobinding no_reply]
Aug 13, 2025 5:29:54 PM de.learnlib.logging.LearnLogger logQuery
INFO: [ε | challenge_v0 success_request_with_credentials id_request_v0 eap_success id_request_v0 / ε | challenge_response_v0 success_response_v0 id_response_v0 after_eap_success id_response_v0]
Aug 13, 2025 5:29:57 PM de.learnlib.logging.LearnLogger logQuery
INFO: [ε | challenge_v0 success_request_with_credentials id_request_v0 eap_success id_request_v0 success_and_cryptobinding / ε | challenge_response_v0 success_response_v0 id_response_v0 after_eap_success id_response_v0 tlv_success_and_cryptobinding]
Aug 13, 2025 5:30:00 PM de.learnlib.logging.LearnLogger logQuery
INFO: [ε | challenge_v0 success_request_with_credentials id_request_v0 eap_success id_request_v0 tlv_request / ε | challenge_response_v0 success_response_v0 id_response_v0 after_eap_success id_response_v0 tlv_success]
Aug 13, 2025 5:30:02 PM de.learnlib.logging.LearnLogger logQuery
INFO: [ε | challenge_v0 success_request_with_credentials id_request_v0 eap_success id_request_v0 success_request_with_credentials success_and_cryptobinding / ε | challenge_response_v0 success_response_v0 id_response_v0 after_eap_success id_response_v0 success_response_v0 tlv_success_and_cryptobinding]
Aug 13, 2025 5:30:05 PM de.learnlib.logging.LearnLogger logQuery
INFO: [ε | challenge_v0 success_request_with_credentials id_request_v0 id_request_v0 challenge_v0 / ε | challenge_response_v0 success_response_v0 id_response_v0 id_response_v0 challenge_response_v0]
Aug 13, 2025 5:30:08 PM de.learnlib.logging.LearnLogger logQuery
INFO: [ε | challenge_v0 success_request_with_credentials id_request_v0 id_request_v0 challenge_v0 success_and_cryptobinding / ε | challenge_response_v0 success_response_v0 id_response_v0 id_response_v0 challenge_response_v0 no_reply]
Aug 13, 2025 5:30:10 PM de.learnlib.logging.LearnLogger logQuery
INFO: [ε | challenge_v0 success_request_with_credentials id_request_v0 id_request_v0 challenge_v0 tlv_request / ε | challenge_response_v0 success_response_v0 id_response_v0 id_response_v0 challenge_response_v0 tlv_success]
Aug 13, 2025 5:30:12 PM de.learnlib.logging.LearnLogger logQuery
INFO: [ε | challenge_v0 success_request_with_credentials id_request_v0 id_request_v0 challenge_v0 success_request_with_credentials success_and_cryptobinding / ε | challenge_response_v0 success_response_v0 id_response_v0 id_response_v0 challenge_response_v0 success_response_v0 tlv_success_and_cryptobinding]
Aug 13, 2025 5:30:15 PM de.learnlib.logging.LearnLogger logQuery
INFO: [ε | challenge_v0 success_request_with_credentials id_request_v0 challenge_v0 challenge_v0 / ε | challenge_response_v0 success_response_v0 id_response_v0 challenge_response_v0 challenge_response_v0]
Aug 13, 2025 5:30:17 PM de.learnlib.logging.LearnLogger logQuery
INFO: [ε | challenge_v0 success_request_with_credentials id_request_v0 challenge_v0 challenge_v0 success_and_cryptobinding / ε | challenge_response_v0 success_response_v0 id_response_v0 challenge_response_v0 challenge_response_v0 no_reply]
Aug 13, 2025 5:30:20 PM de.learnlib.logging.LearnLogger logQuery
INFO: [ε | challenge_v0 success_request_with_credentials id_request_v0 challenge_v0 challenge_v0 tlv_request / ε | challenge_response_v0 success_response_v0 id_response_v0 challenge_response_v0 challenge_response_v0 tlv_success]
Aug 13, 2025 5:30:22 PM de.learnlib.logging.LearnLogger logQuery
INFO: [ε | challenge_v0 success_request_with_credentials id_request_v0 challenge_v0 challenge_v0 success_request_with_credentials success_and_cryptobinding / ε | challenge_response_v0 success_response_v0 id_response_v0 challenge_response_v0 challenge_response_v0 success_response_v0 tlv_success_and_cryptobinding]
Aug 13, 2025 5:30:25 PM de.learnlib.logging.LearnLogger logQuery
INFO: [ε | challenge_v0 success_request_with_credentials id_request_v0 tlv_request challenge_v0 / ε | challenge_response_v0 success_response_v0 id_response_v0 tlv_success no_reply]
Aug 13, 2025 5:30:27 PM de.learnlib.logging.LearnLogger logQuery
INFO: [ε | challenge_v0 success_request_with_credentials id_request_v0 success_request_with_credentials challenge_v0 / ε | challenge_response_v0 success_response_v0 id_response_v0 success_response_v0 challenge_response_v0]
Aug 13, 2025 5:30:30 PM de.learnlib.logging.LearnLogger logQuery
INFO: [ε | challenge_v0 success_request_with_credentials id_request_v0 success_request_with_credentials challenge_v0 success_and_cryptobinding / ε | challenge_response_v0 success_response_v0 id_response_v0 success_response_v0 challenge_response_v0 no_reply]
Aug 13, 2025 5:30:32 PM de.learnlib.logging.LearnLogger logQuery
INFO: [ε | challenge_v0 success_request_with_credentials id_request_v0 success_request_with_credentials challenge_v0 tlv_request / ε | challenge_response_v0 success_response_v0 id_response_v0 success_response_v0 challenge_response_v0 tlv_success]
Aug 13, 2025 5:30:35 PM de.learnlib.logging.LearnLogger logQuery
INFO: [ε | challenge_v0 success_request_with_credentials id_request_v0 success_request_with_credentials challenge_v0 success_request_with_credentials success_and_cryptobinding / ε | challenge_response_v0 success_response_v0 id_response_v0 success_response_v0 challenge_response_v0 success_response_v0 tlv_success_and_cryptobinding]
Aug 13, 2025 5:30:38 PM de.learnlib.logging.LearnLogger logQuery
INFO: [ε | challenge_v0 success_request_with_credentials id_request_v0 success_and_cryptobinding challenge_v0 / ε | challenge_response_v0 success_response_v0 id_response_v0 tlv_success_and_cryptobinding no_reply]
Aug 13, 2025 5:30:41 PM de.learnlib.logging.LearnLogger logQuery
INFO: [ε | challenge_v0 success_request_with_credentials id_request_v0 eap_success challenge_v0 / ε | challenge_response_v0 success_response_v0 id_response_v0 after_eap_success challenge_response_v0]
Aug 13, 2025 5:30:44 PM de.learnlib.logging.LearnLogger logQuery
INFO: [ε | challenge_v0 success_request_with_credentials id_request_v0 eap_success challenge_v0 success_and_cryptobinding / ε | challenge_response_v0 success_response_v0 id_response_v0 after_eap_success challenge_response_v0 no_reply]
Aug 13, 2025 5:30:47 PM de.learnlib.logging.LearnLogger logQuery
INFO: [ε | challenge_v0 success_request_with_credentials id_request_v0 eap_success challenge_v0 tlv_request / ε | challenge_response_v0 success_response_v0 id_response_v0 after_eap_success challenge_response_v0 tlv_success]
Aug 13, 2025 5:30:49 PM de.learnlib.logging.LearnLogger logQuery
INFO: [ε | challenge_v0 success_request_with_credentials id_request_v0 eap_success challenge_v0 success_request_with_credentials success_and_cryptobinding / ε | challenge_response_v0 success_response_v0 id_response_v0 after_eap_success challenge_response_v0 success_response_v0 tlv_success_and_cryptobinding]
Aug 13, 2025 5:30:52 PM de.learnlib.logging.LearnLogger logQuery
INFO: [ε | challenge_v0 success_request_with_credentials id_request_v0 id_request_v0 tlv_request success_and_cryptobinding / ε | challenge_response_v0 success_response_v0 id_response_v0 id_response_v0 tlv_success no_reply]
Aug 13, 2025 5:30:55 PM de.learnlib.logging.LearnLogger logQuery
INFO: [ε | challenge_v0 success_request_with_credentials id_request_v0 id_request_v0 tlv_request tlv_request / ε | challenge_response_v0 success_response_v0 id_response_v0 id_response_v0 tlv_success no_reply]
Aug 13, 2025 5:30:58 PM de.learnlib.logging.LearnLogger logQuery
INFO: [ε | challenge_v0 success_request_with_credentials id_request_v0 id_request_v0 tlv_request success_request_with_credentials success_and_cryptobinding / ε | challenge_response_v0 success_response_v0 id_response_v0 id_response_v0 tlv_success no_reply -]
Aug 13, 2025 5:31:01 PM de.learnlib.logging.LearnLogger logQuery
INFO: [ε | challenge_v0 success_request_with_credentials id_request_v0 challenge_v0 tlv_request success_and_cryptobinding / ε | challenge_response_v0 success_response_v0 id_response_v0 challenge_response_v0 tlv_success no_reply]
Aug 13, 2025 5:31:04 PM de.learnlib.logging.LearnLogger logQuery
INFO: [ε | challenge_v0 success_request_with_credentials id_request_v0 challenge_v0 tlv_request tlv_request / ε | challenge_response_v0 success_response_v0 id_response_v0 challenge_response_v0 tlv_success no_reply]
Aug 13, 2025 5:31:07 PM de.learnlib.logging.LearnLogger logQuery
INFO: [ε | challenge_v0 success_request_with_credentials id_request_v0 challenge_v0 tlv_request success_request_with_credentials success_and_cryptobinding / ε | challenge_response_v0 success_response_v0 id_response_v0 challenge_response_v0 tlv_success no_reply -]
Aug 13, 2025 5:31:10 PM de.learnlib.logging.LearnLogger logQuery
INFO: [ε | challenge_v0 success_request_with_credentials id_request_v0 success_request_with_credentials tlv_request success_and_cryptobinding / ε | challenge_response_v0 success_response_v0 id_response_v0 success_response_v0 tlv_success no_reply]
Aug 13, 2025 5:31:13 PM de.learnlib.logging.LearnLogger logQuery
INFO: [ε | challenge_v0 success_request_with_credentials id_request_v0 success_request_with_credentials tlv_request tlv_request / ε | challenge_response_v0 success_response_v0 id_response_v0 success_response_v0 tlv_success no_reply]
Aug 13, 2025 5:31:16 PM de.learnlib.logging.LearnLogger logQuery
INFO: [ε | challenge_v0 success_request_with_credentials id_request_v0 success_request_with_credentials tlv_request success_request_with_credentials success_and_cryptobinding / ε | challenge_response_v0 success_response_v0 id_response_v0 success_response_v0 tlv_success no_reply -]
Aug 13, 2025 5:31:19 PM de.learnlib.logging.LearnLogger logQuery
INFO: [ε | challenge_v0 success_request_with_credentials id_request_v0 eap_success tlv_request success_and_cryptobinding / ε | challenge_response_v0 success_response_v0 id_response_v0 after_eap_success tlv_success no_reply]
Aug 13, 2025 5:31:22 PM de.learnlib.logging.LearnLogger logQuery
INFO: [ε | challenge_v0 success_request_with_credentials id_request_v0 eap_success tlv_request tlv_request / ε | challenge_response_v0 success_response_v0 id_response_v0 after_eap_success tlv_success no_reply]
Aug 13, 2025 5:31:26 PM de.learnlib.logging.LearnLogger logQuery
INFO: [ε | challenge_v0 success_request_with_credentials id_request_v0 eap_success tlv_request success_request_with_credentials success_and_cryptobinding / ε | challenge_response_v0 success_response_v0 id_response_v0 after_eap_success tlv_success no_reply -]
Aug 13, 2025 5:31:28 PM de.learnlib.logging.LearnLogger logQuery
INFO: [ε | challenge_v0 success_request_with_credentials id_request_v0 id_request_v0 tlv_failure / ε | challenge_response_v0 success_response_v0 id_response_v0 id_response_v0 tlv_failureencrypted_alert]
Aug 13, 2025 5:31:31 PM de.learnlib.logging.LearnLogger logQuery
INFO: [ε | challenge_v0 success_request_with_credentials id_request_v0 challenge_v0 tlv_failure / ε | challenge_response_v0 success_response_v0 id_response_v0 challenge_response_v0 tlv_failureencrypted_alert]
Aug 13, 2025 5:31:33 PM de.learnlib.logging.LearnLogger logQuery
INFO: [ε | challenge_v0 success_request_with_credentials id_request_v0 tlv_request tlv_failure / ε | challenge_response_v0 success_response_v0 id_response_v0 tlv_success no_reply]
Aug 13, 2025 5:31:36 PM de.learnlib.logging.LearnLogger logQuery
INFO: [ε | challenge_v0 success_request_with_credentials id_request_v0 success_request_with_credentials tlv_failure / ε | challenge_response_v0 success_response_v0 id_response_v0 success_response_v0 tlv_failureencrypted_alert]
Aug 13, 2025 5:31:39 PM de.learnlib.logging.LearnLogger logQuery
INFO: [ε | challenge_v0 success_request_with_credentials id_request_v0 success_and_cryptobinding tlv_failure / ε | challenge_response_v0 success_response_v0 id_response_v0 tlv_success_and_cryptobinding no_reply]
Aug 13, 2025 5:31:42 PM de.learnlib.logging.LearnLogger logQuery
INFO: [ε | challenge_v0 success_request_with_credentials id_request_v0 eap_success tlv_failure / ε | challenge_response_v0 success_response_v0 id_response_v0 after_eap_success tlv_failureencrypted_alert]
Aug 13, 2025 5:31:44 PM de.learnlib.logging.LearnLogger logQuery
INFO: [ε | challenge_v0 success_request_with_credentials id_request_v0 id_request_v0 success_request_all_zeros / ε | challenge_response_v0 success_response_v0 id_response_v0 id_response_v0 encrypted_alert]
Aug 13, 2025 5:31:47 PM de.learnlib.logging.LearnLogger logQuery
INFO: [ε | challenge_v0 success_request_with_credentials id_request_v0 challenge_v0 success_request_all_zeros / ε | challenge_response_v0 success_response_v0 id_response_v0 challenge_response_v0 encrypted_alert]
Aug 13, 2025 5:31:50 PM de.learnlib.logging.LearnLogger logQuery
INFO: [ε | challenge_v0 success_request_with_credentials id_request_v0 tlv_request success_request_all_zeros / ε | challenge_response_v0 success_response_v0 id_response_v0 tlv_success no_reply]
Aug 13, 2025 5:31:52 PM de.learnlib.logging.LearnLogger logQuery
INFO: [ε | challenge_v0 success_request_with_credentials id_request_v0 success_request_with_credentials success_request_all_zeros / ε | challenge_response_v0 success_response_v0 id_response_v0 success_response_v0 encrypted_alert]
Aug 13, 2025 5:31:55 PM de.learnlib.logging.LearnLogger logQuery
INFO: [ε | challenge_v0 success_request_with_credentials id_request_v0 success_and_cryptobinding success_request_all_zeros / ε | challenge_response_v0 success_response_v0 id_response_v0 tlv_success_and_cryptobinding no_reply]
Aug 13, 2025 5:31:58 PM de.learnlib.logging.LearnLogger logQuery
INFO: [ε | challenge_v0 success_request_with_credentials id_request_v0 eap_success success_request_all_zeros / ε | challenge_response_v0 success_response_v0 id_response_v0 after_eap_success encrypted_alert]
Aug 13, 2025 5:32:00 PM de.learnlib.logging.LearnLogger logQuery
INFO: [ε | challenge_v0 success_request_with_credentials id_request_v0 id_request_v0 success_request_with_credentials tlv_request / ε | challenge_response_v0 success_response_v0 id_response_v0 id_response_v0 success_response_v0 tlv_success]
Aug 13, 2025 5:32:03 PM de.learnlib.logging.LearnLogger logQuery
INFO: [ε | challenge_v0 success_request_with_credentials id_request_v0 id_request_v0 success_request_with_credentials success_request_with_credentials success_and_cryptobinding / ε | challenge_response_v0 success_response_v0 id_response_v0 id_response_v0 success_response_v0 success_response_v0 tlv_success_and_cryptobinding]
Aug 13, 2025 5:32:05 PM de.learnlib.logging.LearnLogger logQuery
INFO: [ε | challenge_v0 success_request_with_credentials id_request_v0 challenge_v0 success_request_with_credentials tlv_request / ε | challenge_response_v0 success_response_v0 id_response_v0 challenge_response_v0 success_response_v0 tlv_success]
Aug 13, 2025 5:32:07 PM de.learnlib.logging.LearnLogger logQuery
INFO: [ε | challenge_v0 success_request_with_credentials id_request_v0 challenge_v0 success_request_with_credentials success_request_with_credentials success_and_cryptobinding / ε | challenge_response_v0 success_response_v0 id_response_v0 challenge_response_v0 success_response_v0 success_response_v0 tlv_success_and_cryptobinding]
Aug 13, 2025 5:32:10 PM de.learnlib.logging.LearnLogger logQuery
INFO: [ε | challenge_v0 success_request_with_credentials id_request_v0 success_request_with_credentials success_request_with_credentials tlv_request / ε | challenge_response_v0 success_response_v0 id_response_v0 success_response_v0 success_response_v0 tlv_success]
Aug 13, 2025 5:32:12 PM de.learnlib.logging.LearnLogger logQuery
INFO: [ε | challenge_v0 success_request_with_credentials id_request_v0 success_request_with_credentials success_request_with_credentials success_request_with_credentials success_and_cryptobinding / ε | challenge_response_v0 success_response_v0 id_response_v0 success_response_v0 success_response_v0 success_response_v0 tlv_success_and_cryptobinding]
Aug 13, 2025 5:32:15 PM de.learnlib.logging.LearnLogger logQuery
INFO: [ε | challenge_v0 success_request_with_credentials id_request_v0 eap_success success_request_with_credentials tlv_request / ε | challenge_response_v0 success_response_v0 id_response_v0 after_eap_success success_response_v0 tlv_success]
Aug 13, 2025 5:32:17 PM de.learnlib.logging.LearnLogger logQuery
INFO: [ε | challenge_v0 success_request_with_credentials id_request_v0 eap_success success_request_with_credentials success_request_with_credentials success_and_cryptobinding / ε | challenge_response_v0 success_response_v0 id_response_v0 after_eap_success success_response_v0 success_response_v0 tlv_success_and_cryptobinding]
Aug 13, 2025 5:32:20 PM de.learnlib.logging.LearnLogger logQuery
INFO: [ε | challenge_v0 success_request_with_credentials id_request_v0 id_request_v0 success_and_cryptobinding success_and_cryptobinding / ε | challenge_response_v0 success_response_v0 id_response_v0 id_response_v0 tlv_success_and_cryptobinding no_reply]
Aug 13, 2025 5:32:23 PM de.learnlib.logging.LearnLogger logQuery
INFO: [ε | challenge_v0 success_request_with_credentials id_request_v0 id_request_v0 success_and_cryptobinding tlv_request / ε | challenge_response_v0 success_response_v0 id_response_v0 id_response_v0 tlv_success_and_cryptobinding no_reply]
Aug 13, 2025 5:32:26 PM de.learnlib.logging.LearnLogger logQuery
INFO: [ε | challenge_v0 success_request_with_credentials id_request_v0 id_request_v0 success_and_cryptobinding success_request_with_credentials success_and_cryptobinding / ε | challenge_response_v0 success_response_v0 id_response_v0 id_response_v0 tlv_success_and_cryptobinding no_reply -]
Aug 13, 2025 5:32:29 PM de.learnlib.logging.LearnLogger logQuery
INFO: [ε | challenge_v0 success_request_with_credentials id_request_v0 success_request_with_credentials success_and_cryptobinding success_and_cryptobinding / ε | challenge_response_v0 success_response_v0 id_response_v0 success_response_v0 tlv_success_and_cryptobinding no_reply]
Aug 13, 2025 5:32:32 PM de.learnlib.logging.LearnLogger logQuery
INFO: [ε | challenge_v0 success_request_with_credentials id_request_v0 success_request_with_credentials success_and_cryptobinding tlv_request / ε | challenge_response_v0 success_response_v0 id_response_v0 success_response_v0 tlv_success_and_cryptobinding no_reply]
Aug 13, 2025 5:32:35 PM de.learnlib.logging.LearnLogger logQuery
INFO: [ε | challenge_v0 success_request_with_credentials id_request_v0 success_request_with_credentials success_and_cryptobinding success_request_with_credentials success_and_cryptobinding / ε | challenge_response_v0 success_response_v0 id_response_v0 success_response_v0 tlv_success_and_cryptobinding no_reply -]
Aug 13, 2025 5:32:38 PM de.learnlib.logging.LearnLogger logQuery
INFO: [ε | challenge_v0 success_request_with_credentials id_request_v0 eap_success success_and_cryptobinding success_and_cryptobinding / ε | challenge_response_v0 success_response_v0 id_response_v0 after_eap_success tlv_success_and_cryptobinding no_reply]
Aug 13, 2025 5:32:42 PM de.learnlib.logging.LearnLogger logQuery
INFO: [ε | challenge_v0 success_request_with_credentials id_request_v0 eap_success success_and_cryptobinding tlv_request / ε | challenge_response_v0 success_response_v0 id_response_v0 after_eap_success tlv_success_and_cryptobinding no_reply]
Aug 13, 2025 5:32:45 PM de.learnlib.logging.LearnLogger logQuery
INFO: [ε | challenge_v0 success_request_with_credentials id_request_v0 eap_success success_and_cryptobinding success_request_with_credentials success_and_cryptobinding / ε | challenge_response_v0 success_response_v0 id_response_v0 after_eap_success tlv_success_and_cryptobinding no_reply -]
Aug 13, 2025 5:32:48 PM de.learnlib.logging.LearnLogger logQuery
INFO: [ε | challenge_v0 success_request_with_credentials id_request_v0 id_request_v0 cryptobinding / ε | challenge_response_v0 success_response_v0 id_response_v0 id_response_v0 tlv_cryptobindingencrypted_alert]
Aug 13, 2025 5:32:50 PM de.learnlib.logging.LearnLogger logQuery
INFO: [ε | challenge_v0 success_request_with_credentials id_request_v0 challenge_v0 cryptobinding / ε | challenge_response_v0 success_response_v0 id_response_v0 challenge_response_v0 no_reply]
Aug 13, 2025 5:32:53 PM de.learnlib.logging.LearnLogger logQuery
INFO: [ε | challenge_v0 success_request_with_credentials id_request_v0 tlv_request cryptobinding / ε | challenge_response_v0 success_response_v0 id_response_v0 tlv_success no_reply]
Aug 13, 2025 5:32:56 PM de.learnlib.logging.LearnLogger logQuery
INFO: [ε | challenge_v0 success_request_with_credentials id_request_v0 success_request_with_credentials cryptobinding / ε | challenge_response_v0 success_response_v0 id_response_v0 success_response_v0 tlv_cryptobindingencrypted_alert]
Aug 13, 2025 5:32:59 PM de.learnlib.logging.LearnLogger logQuery
INFO: [ε | challenge_v0 success_request_with_credentials id_request_v0 success_and_cryptobinding cryptobinding / ε | challenge_response_v0 success_response_v0 id_response_v0 tlv_success_and_cryptobinding no_reply]
Aug 13, 2025 5:33:02 PM de.learnlib.logging.LearnLogger logQuery
INFO: [ε | challenge_v0 success_request_with_credentials id_request_v0 eap_success cryptobinding / ε | challenge_response_v0 success_response_v0 id_response_v0 after_eap_success tlv_cryptobindingencrypted_alert]
Aug 13, 2025 5:33:05 PM de.learnlib.logging.LearnLogger logQuery
INFO: [ε | challenge_v0 success_request_with_credentials id_request_v0 id_request_v0 eap_success / ε | challenge_response_v0 success_response_v0 id_response_v0 id_response_v0 after_eap_success]
Aug 13, 2025 5:33:07 PM de.learnlib.logging.LearnLogger logQuery
INFO: [ε | challenge_v0 success_request_with_credentials id_request_v0 id_request_v0 eap_success success_and_cryptobinding / ε | challenge_response_v0 success_response_v0 id_response_v0 id_response_v0 after_eap_success tlv_success_and_cryptobinding]
Aug 13, 2025 5:33:10 PM de.learnlib.logging.LearnLogger logQuery
INFO: [ε | challenge_v0 success_request_with_credentials id_request_v0 id_request_v0 eap_success tlv_request / ε | challenge_response_v0 success_response_v0 id_response_v0 id_response_v0 after_eap_success tlv_success]
Aug 13, 2025 5:33:13 PM de.learnlib.logging.LearnLogger logQuery
INFO: [ε | challenge_v0 success_request_with_credentials id_request_v0 id_request_v0 eap_success success_request_with_credentials success_and_cryptobinding / ε | challenge_response_v0 success_response_v0 id_response_v0 id_response_v0 after_eap_success success_response_v0 tlv_success_and_cryptobinding]
Aug 13, 2025 5:33:16 PM de.learnlib.logging.LearnLogger logQuery
INFO: [ε | challenge_v0 success_request_with_credentials id_request_v0 challenge_v0 eap_success / ε | challenge_response_v0 success_response_v0 id_response_v0 challenge_response_v0 after_eap_success]
Aug 13, 2025 5:33:19 PM de.learnlib.logging.LearnLogger logQuery
INFO: [ε | challenge_v0 success_request_with_credentials id_request_v0 challenge_v0 eap_success success_and_cryptobinding / ε | challenge_response_v0 success_response_v0 id_response_v0 challenge_response_v0 after_eap_success no_reply]
Aug 13, 2025 5:33:22 PM de.learnlib.logging.LearnLogger logQuery
INFO: [ε | challenge_v0 success_request_with_credentials id_request_v0 challenge_v0 eap_success tlv_request / ε | challenge_response_v0 success_response_v0 id_response_v0 challenge_response_v0 after_eap_success tlv_success]
Aug 13, 2025 5:33:25 PM de.learnlib.logging.LearnLogger logQuery
INFO: [ε | challenge_v0 success_request_with_credentials id_request_v0 challenge_v0 eap_success success_request_with_credentials success_and_cryptobinding / ε | challenge_response_v0 success_response_v0 id_response_v0 challenge_response_v0 after_eap_success success_response_v0 tlv_success_and_cryptobinding]
Aug 13, 2025 5:33:28 PM de.learnlib.logging.LearnLogger logQuery
INFO: [ε | challenge_v0 success_request_with_credentials id_request_v0 tlv_request eap_success / ε | challenge_response_v0 success_response_v0 id_response_v0 tlv_success after_eap_success]
Aug 13, 2025 5:33:30 PM de.learnlib.logging.LearnLogger logQuery
INFO: [ε | challenge_v0 success_request_with_credentials id_request_v0 tlv_request eap_success success_and_cryptobinding / ε | challenge_response_v0 success_response_v0 id_response_v0 tlv_success after_eap_success deauthentication]
Aug 13, 2025 5:33:33 PM de.learnlib.logging.LearnLogger logQuery
INFO: [ε | challenge_v0 success_request_with_credentials id_request_v0 tlv_request eap_success tlv_request / ε | challenge_response_v0 success_response_v0 id_response_v0 tlv_success after_eap_success deauthentication]
Aug 13, 2025 5:33:36 PM de.learnlib.logging.LearnLogger logQuery
INFO: [ε | challenge_v0 success_request_with_credentials id_request_v0 tlv_request eap_success success_request_with_credentials success_and_cryptobinding / ε | challenge_response_v0 success_response_v0 id_response_v0 tlv_success after_eap_success deauthentication -]
Aug 13, 2025 5:33:39 PM de.learnlib.logging.LearnLogger logQuery
INFO: [ε | challenge_v0 success_request_with_credentials id_request_v0 success_request_with_credentials eap_success / ε | challenge_response_v0 success_response_v0 id_response_v0 success_response_v0 after_eap_success]
Aug 13, 2025 5:33:42 PM de.learnlib.logging.LearnLogger logQuery
INFO: [ε | challenge_v0 success_request_with_credentials id_request_v0 success_request_with_credentials eap_success success_and_cryptobinding / ε | challenge_response_v0 success_response_v0 id_response_v0 success_response_v0 after_eap_success tlv_success_and_cryptobinding]
Aug 13, 2025 5:33:45 PM de.learnlib.logging.LearnLogger logQuery
INFO: [ε | challenge_v0 success_request_with_credentials id_request_v0 success_request_with_credentials eap_success tlv_request / ε | challenge_response_v0 success_response_v0 id_response_v0 success_response_v0 after_eap_success tlv_success]
Aug 13, 2025 5:33:47 PM de.learnlib.logging.LearnLogger logQuery
INFO: [ε | challenge_v0 success_request_with_credentials id_request_v0 success_request_with_credentials eap_success success_request_with_credentials success_and_cryptobinding / ε | challenge_response_v0 success_response_v0 id_response_v0 success_response_v0 after_eap_success success_response_v0 tlv_success_and_cryptobinding]
Aug 13, 2025 5:33:50 PM de.learnlib.logging.LearnLogger logQuery
INFO: [ε | challenge_v0 success_request_with_credentials id_request_v0 success_and_cryptobinding eap_success / ε | challenge_response_v0 success_response_v0 id_response_v0 tlv_success_and_cryptobinding after_eap_success]
Aug 13, 2025 5:33:53 PM de.learnlib.logging.LearnLogger logQuery
INFO: [ε | challenge_v0 success_request_with_credentials id_request_v0 success_and_cryptobinding eap_success success_and_cryptobinding / ε | challenge_response_v0 success_response_v0 id_response_v0 tlv_success_and_cryptobinding after_eap_success deauthentication]
Aug 13, 2025 5:33:56 PM de.learnlib.logging.LearnLogger logQuery
INFO: [ε | challenge_v0 success_request_with_credentials id_request_v0 success_and_cryptobinding eap_success tlv_request / ε | challenge_response_v0 success_response_v0 id_response_v0 tlv_success_and_cryptobinding after_eap_success deauthentication]
Aug 13, 2025 5:33:59 PM de.learnlib.logging.LearnLogger logQuery
INFO: [ε | challenge_v0 success_request_with_credentials id_request_v0 success_and_cryptobinding eap_success success_request_with_credentials success_and_cryptobinding / ε | challenge_response_v0 success_response_v0 id_response_v0 tlv_success_and_cryptobinding after_eap_success deauthentication -]
Aug 13, 2025 5:34:02 PM de.learnlib.logging.LearnLogger logQuery
INFO: [ε | challenge_v0 success_request_with_credentials id_request_v0 eap_success eap_success / ε | challenge_response_v0 success_response_v0 id_response_v0 after_eap_success after_eap_success]
Aug 13, 2025 5:34:06 PM de.learnlib.logging.LearnLogger logQuery
INFO: [ε | challenge_v0 success_request_with_credentials id_request_v0 eap_success eap_success success_and_cryptobinding / ε | challenge_response_v0 success_response_v0 id_response_v0 after_eap_success after_eap_success tlv_success_and_cryptobinding]
Aug 13, 2025 5:34:09 PM de.learnlib.logging.LearnLogger logQuery
INFO: [ε | challenge_v0 success_request_with_credentials id_request_v0 eap_success eap_success tlv_request / ε | challenge_response_v0 success_response_v0 id_response_v0 after_eap_success after_eap_success tlv_success]
Aug 13, 2025 5:34:12 PM de.learnlib.logging.LearnLogger logQuery
INFO: [ε | challenge_v0 success_request_with_credentials id_request_v0 eap_success eap_success success_request_with_credentials success_and_cryptobinding / ε | challenge_response_v0 success_response_v0 id_response_v0 after_eap_success after_eap_success success_response_v0 tlv_success_and_cryptobinding]
Aug 13, 2025 5:34:15 PM de.learnlib.logging.LearnLogger logQuery
INFO: [ε | challenge_v0 success_request_with_credentials id_request_v0 id_request_v0 4_way_message_1 / ε | challenge_response_v0 success_response_v0 id_response_v0 id_response_v0 no_reply]
Aug 13, 2025 5:34:18 PM de.learnlib.logging.LearnLogger logQuery
INFO: [ε | challenge_v0 success_request_with_credentials id_request_v0 challenge_v0 4_way_message_1 / ε | challenge_response_v0 success_response_v0 id_response_v0 challenge_response_v0 no_reply]
Aug 13, 2025 5:34:21 PM de.learnlib.logging.LearnLogger logQuery
INFO: [ε | challenge_v0 success_request_with_credentials id_request_v0 tlv_request 4_way_message_1 / ε | challenge_response_v0 success_response_v0 id_response_v0 tlv_success 4_way_message_2]
Aug 13, 2025 5:34:24 PM de.learnlib.logging.LearnLogger logQuery
INFO: [ε | challenge_v0 success_request_with_credentials id_request_v0 success_request_with_credentials 4_way_message_1 / ε | challenge_response_v0 success_response_v0 id_response_v0 success_response_v0 no_reply]
Aug 13, 2025 5:34:26 PM de.learnlib.logging.LearnLogger logQuery
INFO: [ε | challenge_v0 success_request_with_credentials id_request_v0 success_and_cryptobinding 4_way_message_1 / ε | challenge_response_v0 success_response_v0 id_response_v0 tlv_success_and_cryptobinding 4_way_message_2]
Aug 13, 2025 5:34:30 PM de.learnlib.logging.LearnLogger logQuery
INFO: [ε | challenge_v0 success_request_with_credentials id_request_v0 eap_success 4_way_message_1 / ε | challenge_response_v0 success_response_v0 id_response_v0 after_eap_success no_reply]
Aug 13, 2025 5:34:32 PM de.learnlib.logging.LearnLogger logQuery
INFO: [ε | challenge_v0 success_request_with_credentials challenge_v0 id_request_v0 id_request_v0 / ε | challenge_response_v0 success_response_v0 challenge_response_v0 id_response_v0 id_response_v0]
Aug 13, 2025 5:34:35 PM de.learnlib.logging.LearnLogger logQuery
INFO: [ε | challenge_v0 success_request_with_credentials challenge_v0 id_request_v0 id_request_v0 success_and_cryptobinding / ε | challenge_response_v0 success_response_v0 challenge_response_v0 id_response_v0 id_response_v0 no_reply]
Aug 13, 2025 5:34:37 PM de.learnlib.logging.LearnLogger logQuery
INFO: [ε | challenge_v0 success_request_with_credentials challenge_v0 id_request_v0 id_request_v0 tlv_request / ε | challenge_response_v0 success_response_v0 challenge_response_v0 id_response_v0 id_response_v0 tlv_success]
Aug 13, 2025 5:34:40 PM de.learnlib.logging.LearnLogger logQuery
INFO: [ε | challenge_v0 success_request_with_credentials challenge_v0 id_request_v0 id_request_v0 success_request_with_credentials success_and_cryptobinding / ε | challenge_response_v0 success_response_v0 challenge_response_v0 id_response_v0 id_response_v0 success_response_v0 tlv_success_and_cryptobinding]
Aug 13, 2025 5:34:42 PM de.learnlib.logging.LearnLogger logQuery
INFO: [ε | challenge_v0 success_request_with_credentials challenge_v0 challenge_v0 id_request_v0 / ε | challenge_response_v0 success_response_v0 challenge_response_v0 challenge_response_v0 id_response_v0]
Aug 13, 2025 5:34:45 PM de.learnlib.logging.LearnLogger logQuery
INFO: [ε | challenge_v0 success_request_with_credentials challenge_v0 challenge_v0 id_request_v0 success_and_cryptobinding / ε | challenge_response_v0 success_response_v0 challenge_response_v0 challenge_response_v0 id_response_v0 no_reply]
Aug 13, 2025 5:34:47 PM de.learnlib.logging.LearnLogger logQuery
INFO: [ε | challenge_v0 success_request_with_credentials challenge_v0 challenge_v0 id_request_v0 tlv_request / ε | challenge_response_v0 success_response_v0 challenge_response_v0 challenge_response_v0 id_response_v0 tlv_success]
Aug 13, 2025 5:34:49 PM de.learnlib.logging.LearnLogger logQuery
INFO: [ε | challenge_v0 success_request_with_credentials challenge_v0 challenge_v0 id_request_v0 success_request_with_credentials success_and_cryptobinding / ε | challenge_response_v0 success_response_v0 challenge_response_v0 challenge_response_v0 id_response_v0 success_response_v0 tlv_success_and_cryptobinding]
Aug 13, 2025 5:34:52 PM de.learnlib.logging.LearnLogger logQuery
INFO: [ε | challenge_v0 success_request_with_credentials challenge_v0 tlv_request id_request_v0 / ε | challenge_response_v0 success_response_v0 challenge_response_v0 tlv_success no_reply]
Aug 13, 2025 5:34:55 PM de.learnlib.logging.LearnLogger logQuery
INFO: [ε | challenge_v0 success_request_with_credentials challenge_v0 success_request_with_credentials id_request_v0 / ε | challenge_response_v0 success_response_v0 challenge_response_v0 success_response_v0 id_response_v0]
Aug 13, 2025 5:34:57 PM de.learnlib.logging.LearnLogger logQuery
INFO: [ε | challenge_v0 success_request_with_credentials challenge_v0 success_request_with_credentials id_request_v0 success_and_cryptobinding / ε | challenge_response_v0 success_response_v0 challenge_response_v0 success_response_v0 id_response_v0 tlv_success_and_cryptobinding]
Aug 13, 2025 5:34:59 PM de.learnlib.logging.LearnLogger logQuery
INFO: [ε | challenge_v0 success_request_with_credentials challenge_v0 success_request_with_credentials id_request_v0 tlv_request / ε | challenge_response_v0 success_response_v0 challenge_response_v0 success_response_v0 id_response_v0 tlv_success]
Aug 13, 2025 5:35:01 PM de.learnlib.logging.LearnLogger logQuery
INFO: [ε | challenge_v0 success_request_with_credentials challenge_v0 success_request_with_credentials id_request_v0 success_request_with_credentials success_and_cryptobinding / ε | challenge_response_v0 success_response_v0 challenge_response_v0 success_response_v0 id_response_v0 success_response_v0 tlv_success_and_cryptobinding]
Aug 13, 2025 5:35:04 PM de.learnlib.logging.LearnLogger logQuery
INFO: [ε | challenge_v0 success_request_with_credentials challenge_v0 eap_success id_request_v0 / ε | challenge_response_v0 success_response_v0 challenge_response_v0 after_eap_success id_response_v0]
Aug 13, 2025 5:35:07 PM de.learnlib.logging.LearnLogger logQuery
INFO: [ε | challenge_v0 success_request_with_credentials challenge_v0 eap_success id_request_v0 success_and_cryptobinding / ε | challenge_response_v0 success_response_v0 challenge_response_v0 after_eap_success id_response_v0 no_reply]
Aug 13, 2025 5:35:10 PM de.learnlib.logging.LearnLogger logQuery
INFO: [ε | challenge_v0 success_request_with_credentials challenge_v0 eap_success id_request_v0 tlv_request / ε | challenge_response_v0 success_response_v0 challenge_response_v0 after_eap_success id_response_v0 tlv_success]
Aug 13, 2025 5:35:13 PM de.learnlib.logging.LearnLogger logQuery
INFO: [ε | challenge_v0 success_request_with_credentials challenge_v0 eap_success id_request_v0 success_request_with_credentials success_and_cryptobinding / ε | challenge_response_v0 success_response_v0 challenge_response_v0 after_eap_success id_response_v0 success_response_v0 tlv_success_and_cryptobinding]
Aug 13, 2025 5:35:16 PM de.learnlib.logging.LearnLogger logQuery
INFO: [ε | challenge_v0 success_request_with_credentials challenge_v0 id_request_v0 challenge_v0 / ε | challenge_response_v0 success_response_v0 challenge_response_v0 id_response_v0 challenge_response_v0]
Aug 13, 2025 5:35:18 PM de.learnlib.logging.LearnLogger logQuery
INFO: [ε | challenge_v0 success_request_with_credentials challenge_v0 id_request_v0 challenge_v0 success_and_cryptobinding / ε | challenge_response_v0 success_response_v0 challenge_response_v0 id_response_v0 challenge_response_v0 no_reply]
Aug 13, 2025 5:35:21 PM de.learnlib.logging.LearnLogger logQuery
INFO: [ε | challenge_v0 success_request_with_credentials challenge_v0 id_request_v0 challenge_v0 tlv_request / ε | challenge_response_v0 success_response_v0 challenge_response_v0 id_response_v0 challenge_response_v0 tlv_success]
Aug 13, 2025 5:35:23 PM de.learnlib.logging.LearnLogger logQuery
INFO: [ε | challenge_v0 success_request_with_credentials challenge_v0 id_request_v0 challenge_v0 success_request_with_credentials success_and_cryptobinding / ε | challenge_response_v0 success_response_v0 challenge_response_v0 id_response_v0 challenge_response_v0 success_response_v0 tlv_success_and_cryptobinding]
Aug 13, 2025 5:35:25 PM de.learnlib.logging.LearnLogger logQuery
INFO: [ε | challenge_v0 success_request_with_credentials challenge_v0 challenge_v0 challenge_v0 / ε | challenge_response_v0 success_response_v0 challenge_response_v0 challenge_response_v0 challenge_response_v0]
Aug 13, 2025 5:35:28 PM de.learnlib.logging.LearnLogger logQuery
INFO: [ε | challenge_v0 success_request_with_credentials challenge_v0 challenge_v0 challenge_v0 success_and_cryptobinding / ε | challenge_response_v0 success_response_v0 challenge_response_v0 challenge_response_v0 challenge_response_v0 no_reply]
Aug 13, 2025 5:35:31 PM de.learnlib.logging.LearnLogger logQuery
INFO: [ε | challenge_v0 success_request_with_credentials challenge_v0 challenge_v0 challenge_v0 tlv_request / ε | challenge_response_v0 success_response_v0 challenge_response_v0 challenge_response_v0 challenge_response_v0 tlv_success]
Aug 13, 2025 5:35:33 PM de.learnlib.logging.LearnLogger logQuery
INFO: [ε | challenge_v0 success_request_with_credentials challenge_v0 challenge_v0 challenge_v0 success_request_with_credentials success_and_cryptobinding / ε | challenge_response_v0 success_response_v0 challenge_response_v0 challenge_response_v0 challenge_response_v0 success_response_v0 tlv_success_and_cryptobinding]
Aug 13, 2025 5:35:36 PM de.learnlib.logging.LearnLogger logQuery
INFO: [ε | challenge_v0 success_request_with_credentials challenge_v0 tlv_request challenge_v0 / ε | challenge_response_v0 success_response_v0 challenge_response_v0 tlv_success no_reply]
Aug 13, 2025 5:35:38 PM de.learnlib.logging.LearnLogger logQuery
INFO: [ε | challenge_v0 success_request_with_credentials challenge_v0 success_request_with_credentials challenge_v0 / ε | challenge_response_v0 success_response_v0 challenge_response_v0 success_response_v0 challenge_response_v0]
Aug 13, 2025 5:35:41 PM de.learnlib.logging.LearnLogger logQuery
INFO: [ε | challenge_v0 success_request_with_credentials challenge_v0 success_request_with_credentials challenge_v0 success_and_cryptobinding / ε | challenge_response_v0 success_response_v0 challenge_response_v0 success_response_v0 challenge_response_v0 no_reply]
Aug 13, 2025 5:35:43 PM de.learnlib.logging.LearnLogger logQuery
INFO: [ε | challenge_v0 success_request_with_credentials challenge_v0 success_request_with_credentials challenge_v0 tlv_request / ε | challenge_response_v0 success_response_v0 challenge_response_v0 success_response_v0 challenge_response_v0 tlv_success]
Aug 13, 2025 5:35:45 PM de.learnlib.logging.LearnLogger logQuery
INFO: [ε | challenge_v0 success_request_with_credentials challenge_v0 success_request_with_credentials challenge_v0 success_request_with_credentials success_and_cryptobinding / ε | challenge_response_v0 success_response_v0 challenge_response_v0 success_response_v0 challenge_response_v0 success_response_v0 tlv_success_and_cryptobinding]
Aug 13, 2025 5:35:48 PM de.learnlib.logging.LearnLogger logQuery
INFO: [ε | challenge_v0 success_request_with_credentials challenge_v0 eap_success challenge_v0 / ε | challenge_response_v0 success_response_v0 challenge_response_v0 after_eap_success challenge_response_v0]
Aug 13, 2025 5:35:51 PM de.learnlib.logging.LearnLogger logQuery
INFO: [ε | challenge_v0 success_request_with_credentials challenge_v0 eap_success challenge_v0 success_and_cryptobinding / ε | challenge_response_v0 success_response_v0 challenge_response_v0 after_eap_success challenge_response_v0 no_reply]
Aug 13, 2025 5:35:54 PM de.learnlib.logging.LearnLogger logQuery
INFO: [ε | challenge_v0 success_request_with_credentials challenge_v0 eap_success challenge_v0 tlv_request / ε | challenge_response_v0 success_response_v0 challenge_response_v0 after_eap_success challenge_response_v0 tlv_success]
Aug 13, 2025 5:35:57 PM de.learnlib.logging.LearnLogger logQuery
INFO: [ε | challenge_v0 success_request_with_credentials challenge_v0 eap_success challenge_v0 success_request_with_credentials success_and_cryptobinding / ε | challenge_response_v0 success_response_v0 challenge_response_v0 after_eap_success challenge_response_v0 success_response_v0 tlv_success_and_cryptobinding]
Aug 13, 2025 5:36:00 PM de.learnlib.logging.LearnLogger logQuery
INFO: [ε | challenge_v0 success_request_with_credentials challenge_v0 id_request_v0 tlv_request success_and_cryptobinding / ε | challenge_response_v0 success_response_v0 challenge_response_v0 id_response_v0 tlv_success no_reply]
Aug 13, 2025 5:36:03 PM de.learnlib.logging.LearnLogger logQuery
INFO: [ε | challenge_v0 success_request_with_credentials challenge_v0 id_request_v0 tlv_request tlv_request / ε | challenge_response_v0 success_response_v0 challenge_response_v0 id_response_v0 tlv_success no_reply]
Aug 13, 2025 5:36:06 PM de.learnlib.logging.LearnLogger logQuery
INFO: [ε | challenge_v0 success_request_with_credentials challenge_v0 id_request_v0 tlv_request success_request_with_credentials success_and_cryptobinding / ε | challenge_response_v0 success_response_v0 challenge_response_v0 id_response_v0 tlv_success no_reply -]
Aug 13, 2025 5:36:09 PM de.learnlib.logging.LearnLogger logQuery
INFO: [ε | challenge_v0 success_request_with_credentials challenge_v0 challenge_v0 tlv_request success_and_cryptobinding / ε | challenge_response_v0 success_response_v0 challenge_response_v0 challenge_response_v0 tlv_success no_reply]
Aug 13, 2025 5:36:12 PM de.learnlib.logging.LearnLogger logQuery
INFO: [ε | challenge_v0 success_request_with_credentials challenge_v0 challenge_v0 tlv_request tlv_request / ε | challenge_response_v0 success_response_v0 challenge_response_v0 challenge_response_v0 tlv_success no_reply]
Aug 13, 2025 5:36:15 PM de.learnlib.logging.LearnLogger logQuery
INFO: [ε | challenge_v0 success_request_with_credentials challenge_v0 challenge_v0 tlv_request success_request_with_credentials success_and_cryptobinding / ε | challenge_response_v0 success_response_v0 challenge_response_v0 challenge_response_v0 tlv_success no_reply -]
Aug 13, 2025 5:36:18 PM de.learnlib.logging.LearnLogger logQuery
INFO: [ε | challenge_v0 success_request_with_credentials challenge_v0 success_request_with_credentials tlv_request success_and_cryptobinding / ε | challenge_response_v0 success_response_v0 challenge_response_v0 success_response_v0 tlv_success no_reply]
Aug 13, 2025 5:36:21 PM de.learnlib.logging.LearnLogger logQuery
INFO: [ε | challenge_v0 success_request_with_credentials challenge_v0 success_request_with_credentials tlv_request tlv_request / ε | challenge_response_v0 success_response_v0 challenge_response_v0 success_response_v0 tlv_success no_reply]
Aug 13, 2025 5:36:24 PM de.learnlib.logging.LearnLogger logQuery
INFO: [ε | challenge_v0 success_request_with_credentials challenge_v0 success_request_with_credentials tlv_request success_request_with_credentials success_and_cryptobinding / ε | challenge_response_v0 success_response_v0 challenge_response_v0 success_response_v0 tlv_success no_reply -]
Aug 13, 2025 5:36:27 PM de.learnlib.logging.LearnLogger logQuery
INFO: [ε | challenge_v0 success_request_with_credentials challenge_v0 eap_success tlv_request success_and_cryptobinding / ε | challenge_response_v0 success_response_v0 challenge_response_v0 after_eap_success tlv_success no_reply]
Aug 13, 2025 5:36:30 PM de.learnlib.logging.LearnLogger logQuery
INFO: [ε | challenge_v0 success_request_with_credentials challenge_v0 eap_success tlv_request tlv_request / ε | challenge_response_v0 success_response_v0 challenge_response_v0 after_eap_success tlv_success no_reply]
Aug 13, 2025 5:36:34 PM de.learnlib.logging.LearnLogger logQuery
INFO: [ε | challenge_v0 success_request_with_credentials challenge_v0 eap_success tlv_request success_request_with_credentials success_and_cryptobinding / ε | challenge_response_v0 success_response_v0 challenge_response_v0 after_eap_success tlv_success no_reply -]
Aug 13, 2025 5:36:36 PM de.learnlib.logging.LearnLogger logQuery
INFO: [ε | challenge_v0 success_request_with_credentials challenge_v0 id_request_v0 tlv_failure / ε | challenge_response_v0 success_response_v0 challenge_response_v0 id_response_v0 tlv_failureencrypted_alert]
Aug 13, 2025 5:36:38 PM de.learnlib.logging.LearnLogger logQuery
INFO: [ε | challenge_v0 success_request_with_credentials challenge_v0 challenge_v0 tlv_failure / ε | challenge_response_v0 success_response_v0 challenge_response_v0 challenge_response_v0 tlv_failureencrypted_alert]
Aug 13, 2025 5:36:41 PM de.learnlib.logging.LearnLogger logQuery
INFO: [ε | challenge_v0 success_request_with_credentials challenge_v0 tlv_request tlv_failure / ε | challenge_response_v0 success_response_v0 challenge_response_v0 tlv_success no_reply]
Aug 13, 2025 5:36:44 PM de.learnlib.logging.LearnLogger logQuery
INFO: [ε | challenge_v0 success_request_with_credentials challenge_v0 success_request_with_credentials tlv_failure / ε | challenge_response_v0 success_response_v0 challenge_response_v0 success_response_v0 tlv_failureencrypted_alert]
Aug 13, 2025 5:36:47 PM de.learnlib.logging.LearnLogger logQuery
INFO: [ε | challenge_v0 success_request_with_credentials challenge_v0 eap_success tlv_failure / ε | challenge_response_v0 success_response_v0 challenge_response_v0 after_eap_success tlv_failureencrypted_alert]
Aug 13, 2025 5:36:49 PM de.learnlib.logging.LearnLogger logQuery
INFO: [ε | challenge_v0 success_request_with_credentials challenge_v0 id_request_v0 success_request_all_zeros / ε | challenge_response_v0 success_response_v0 challenge_response_v0 id_response_v0 encrypted_alert]
Aug 13, 2025 5:36:52 PM de.learnlib.logging.LearnLogger logQuery
INFO: [ε | challenge_v0 success_request_with_credentials challenge_v0 challenge_v0 success_request_all_zeros / ε | challenge_response_v0 success_response_v0 challenge_response_v0 challenge_response_v0 encrypted_alert]
Aug 13, 2025 5:36:55 PM de.learnlib.logging.LearnLogger logQuery
INFO: [ε | challenge_v0 success_request_with_credentials challenge_v0 tlv_request success_request_all_zeros / ε | challenge_response_v0 success_response_v0 challenge_response_v0 tlv_success no_reply]
Aug 13, 2025 5:36:57 PM de.learnlib.logging.LearnLogger logQuery
INFO: [ε | challenge_v0 success_request_with_credentials challenge_v0 success_request_with_credentials success_request_all_zeros / ε | challenge_response_v0 success_response_v0 challenge_response_v0 success_response_v0 encrypted_alert]
Aug 13, 2025 5:37:00 PM de.learnlib.logging.LearnLogger logQuery
INFO: [ε | challenge_v0 success_request_with_credentials challenge_v0 eap_success success_request_all_zeros / ε | challenge_response_v0 success_response_v0 challenge_response_v0 after_eap_success encrypted_alert]
Aug 13, 2025 5:37:02 PM de.learnlib.logging.LearnLogger logQuery
INFO: [ε | challenge_v0 success_request_with_credentials challenge_v0 id_request_v0 success_request_with_credentials tlv_request / ε | challenge_response_v0 success_response_v0 challenge_response_v0 id_response_v0 success_response_v0 tlv_success]
Aug 13, 2025 5:37:05 PM de.learnlib.logging.LearnLogger logQuery
INFO: [ε | challenge_v0 success_request_with_credentials challenge_v0 id_request_v0 success_request_with_credentials success_request_with_credentials success_and_cryptobinding / ε | challenge_response_v0 success_response_v0 challenge_response_v0 id_response_v0 success_response_v0 success_response_v0 tlv_success_and_cryptobinding]
Aug 13, 2025 5:37:07 PM de.learnlib.logging.LearnLogger logQuery
INFO: [ε | challenge_v0 success_request_with_credentials challenge_v0 challenge_v0 success_request_with_credentials tlv_request / ε | challenge_response_v0 success_response_v0 challenge_response_v0 challenge_response_v0 success_response_v0 tlv_success]
Aug 13, 2025 5:37:09 PM de.learnlib.logging.LearnLogger logQuery
INFO: [ε | challenge_v0 success_request_with_credentials challenge_v0 challenge_v0 success_request_with_credentials success_request_with_credentials success_and_cryptobinding / ε | challenge_response_v0 success_response_v0 challenge_response_v0 challenge_response_v0 success_response_v0 success_response_v0 tlv_success_and_cryptobinding]
Aug 13, 2025 5:37:12 PM de.learnlib.logging.LearnLogger logQuery
INFO: [ε | challenge_v0 success_request_with_credentials challenge_v0 success_request_with_credentials success_request_with_credentials tlv_request / ε | challenge_response_v0 success_response_v0 challenge_response_v0 success_response_v0 success_response_v0 tlv_success]
Aug 13, 2025 5:37:14 PM de.learnlib.logging.LearnLogger logQuery
INFO: [ε | challenge_v0 success_request_with_credentials challenge_v0 success_request_with_credentials success_request_with_credentials success_request_with_credentials success_and_cryptobinding / ε | challenge_response_v0 success_response_v0 challenge_response_v0 success_response_v0 success_response_v0 success_response_v0 tlv_success_and_cryptobinding]
Aug 13, 2025 5:37:17 PM de.learnlib.logging.LearnLogger logQuery
INFO: [ε | challenge_v0 success_request_with_credentials challenge_v0 eap_success success_request_with_credentials tlv_request / ε | challenge_response_v0 success_response_v0 challenge_response_v0 after_eap_success success_response_v0 tlv_success]
Aug 13, 2025 5:37:19 PM de.learnlib.logging.LearnLogger logQuery
INFO: [ε | challenge_v0 success_request_with_credentials challenge_v0 eap_success success_request_with_credentials success_request_with_credentials success_and_cryptobinding / ε | challenge_response_v0 success_response_v0 challenge_response_v0 after_eap_success success_response_v0 success_response_v0 tlv_success_and_cryptobinding]
Aug 13, 2025 5:37:22 PM de.learnlib.logging.LearnLogger logQuery
INFO: [ε | challenge_v0 success_request_with_credentials challenge_v0 success_request_with_credentials success_and_cryptobinding success_and_cryptobinding / ε | challenge_response_v0 success_response_v0 challenge_response_v0 success_response_v0 tlv_success_and_cryptobinding no_reply]
Aug 13, 2025 5:37:25 PM de.learnlib.logging.LearnLogger logQuery
INFO: [ε | challenge_v0 success_request_with_credentials challenge_v0 success_request_with_credentials success_and_cryptobinding tlv_request / ε | challenge_response_v0 success_response_v0 challenge_response_v0 success_response_v0 tlv_success_and_cryptobinding no_reply]
Aug 13, 2025 5:37:28 PM de.learnlib.logging.LearnLogger logQuery
INFO: [ε | challenge_v0 success_request_with_credentials challenge_v0 success_request_with_credentials success_and_cryptobinding success_request_with_credentials success_and_cryptobinding / ε | challenge_response_v0 success_response_v0 challenge_response_v0 success_response_v0 tlv_success_and_cryptobinding no_reply -]
Aug 13, 2025 5:37:31 PM de.learnlib.logging.LearnLogger logQuery
INFO: [ε | challenge_v0 success_request_with_credentials challenge_v0 id_request_v0 cryptobinding / ε | challenge_response_v0 success_response_v0 challenge_response_v0 id_response_v0 no_reply]
Aug 13, 2025 5:37:34 PM de.learnlib.logging.LearnLogger logQuery
INFO: [ε | challenge_v0 success_request_with_credentials challenge_v0 challenge_v0 cryptobinding / ε | challenge_response_v0 success_response_v0 challenge_response_v0 challenge_response_v0 no_reply]
Aug 13, 2025 5:37:37 PM de.learnlib.logging.LearnLogger logQuery
INFO: [ε | challenge_v0 success_request_with_credentials challenge_v0 tlv_request cryptobinding / ε | challenge_response_v0 success_response_v0 challenge_response_v0 tlv_success no_reply]
Aug 13, 2025 5:37:39 PM de.learnlib.logging.LearnLogger logQuery
INFO: [ε | challenge_v0 success_request_with_credentials challenge_v0 success_request_with_credentials cryptobinding / ε | challenge_response_v0 success_response_v0 challenge_response_v0 success_response_v0 tlv_cryptobindingencrypted_alert]
Aug 13, 2025 5:37:43 PM de.learnlib.logging.LearnLogger logQuery
INFO: [ε | challenge_v0 success_request_with_credentials challenge_v0 eap_success cryptobinding / ε | challenge_response_v0 success_response_v0 challenge_response_v0 after_eap_success no_reply]
Aug 13, 2025 5:37:46 PM de.learnlib.logging.LearnLogger logQuery
INFO: [ε | challenge_v0 success_request_with_credentials challenge_v0 id_request_v0 eap_success / ε | challenge_response_v0 success_response_v0 challenge_response_v0 id_response_v0 after_eap_success]
Aug 13, 2025 5:37:49 PM de.learnlib.logging.LearnLogger logQuery
INFO: [ε | challenge_v0 success_request_with_credentials challenge_v0 id_request_v0 eap_success success_and_cryptobinding / ε | challenge_response_v0 success_response_v0 challenge_response_v0 id_response_v0 after_eap_success no_reply]
Aug 13, 2025 5:37:52 PM de.learnlib.logging.LearnLogger logQuery
INFO: [ε | challenge_v0 success_request_with_credentials challenge_v0 id_request_v0 eap_success tlv_request / ε | challenge_response_v0 success_response_v0 challenge_response_v0 id_response_v0 after_eap_success tlv_success]
Aug 13, 2025 5:37:55 PM de.learnlib.logging.LearnLogger logQuery
INFO: [ε | challenge_v0 success_request_with_credentials challenge_v0 id_request_v0 eap_success success_request_with_credentials success_and_cryptobinding / ε | challenge_response_v0 success_response_v0 challenge_response_v0 id_response_v0 after_eap_success success_response_v0 tlv_success_and_cryptobinding]
Aug 13, 2025 5:37:58 PM de.learnlib.logging.LearnLogger logQuery
INFO: [ε | challenge_v0 success_request_with_credentials challenge_v0 challenge_v0 eap_success / ε | challenge_response_v0 success_response_v0 challenge_response_v0 challenge_response_v0 after_eap_success]
Aug 13, 2025 5:38:01 PM de.learnlib.logging.LearnLogger logQuery
INFO: [ε | challenge_v0 success_request_with_credentials challenge_v0 challenge_v0 eap_success success_and_cryptobinding / ε | challenge_response_v0 success_response_v0 challenge_response_v0 challenge_response_v0 after_eap_success no_reply]
Aug 13, 2025 5:38:04 PM de.learnlib.logging.LearnLogger logQuery
INFO: [ε | challenge_v0 success_request_with_credentials challenge_v0 challenge_v0 eap_success tlv_request / ε | challenge_response_v0 success_response_v0 challenge_response_v0 challenge_response_v0 after_eap_success tlv_success]
Aug 13, 2025 5:38:07 PM de.learnlib.logging.LearnLogger logQuery
INFO: [ε | challenge_v0 success_request_with_credentials challenge_v0 challenge_v0 eap_success success_request_with_credentials success_and_cryptobinding / ε | challenge_response_v0 success_response_v0 challenge_response_v0 challenge_response_v0 after_eap_success success_response_v0 tlv_success_and_cryptobinding]
Aug 13, 2025 5:38:09 PM de.learnlib.logging.LearnLogger logQuery
INFO: [ε | challenge_v0 success_request_with_credentials challenge_v0 tlv_request eap_success / ε | challenge_response_v0 success_response_v0 challenge_response_v0 tlv_success after_eap_success]
Aug 13, 2025 5:38:12 PM de.learnlib.logging.LearnLogger logQuery
INFO: [ε | challenge_v0 success_request_with_credentials challenge_v0 tlv_request eap_success success_and_cryptobinding / ε | challenge_response_v0 success_response_v0 challenge_response_v0 tlv_success after_eap_success deauthentication]
Aug 13, 2025 5:38:15 PM de.learnlib.logging.LearnLogger logQuery
INFO: [ε | challenge_v0 success_request_with_credentials challenge_v0 tlv_request eap_success tlv_request / ε | challenge_response_v0 success_response_v0 challenge_response_v0 tlv_success after_eap_success deauthentication]
Aug 13, 2025 5:38:18 PM de.learnlib.logging.LearnLogger logQuery
INFO: [ε | challenge_v0 success_request_with_credentials challenge_v0 tlv_request eap_success success_request_with_credentials success_and_cryptobinding / ε | challenge_response_v0 success_response_v0 challenge_response_v0 tlv_success after_eap_success deauthentication -]
Aug 13, 2025 5:38:21 PM de.learnlib.logging.LearnLogger logQuery
INFO: [ε | challenge_v0 success_request_with_credentials challenge_v0 success_request_with_credentials eap_success / ε | challenge_response_v0 success_response_v0 challenge_response_v0 success_response_v0 after_eap_success]
Aug 13, 2025 5:38:24 PM de.learnlib.logging.LearnLogger logQuery
INFO: [ε | challenge_v0 success_request_with_credentials challenge_v0 success_request_with_credentials eap_success success_and_cryptobinding / ε | challenge_response_v0 success_response_v0 challenge_response_v0 success_response_v0 after_eap_success tlv_success_and_cryptobinding]
Aug 13, 2025 5:38:26 PM de.learnlib.logging.LearnLogger logQuery
INFO: [ε | challenge_v0 success_request_with_credentials challenge_v0 success_request_with_credentials eap_success tlv_request / ε | challenge_response_v0 success_response_v0 challenge_response_v0 success_response_v0 after_eap_success tlv_success]
Aug 13, 2025 5:38:29 PM de.learnlib.logging.LearnLogger logQuery
INFO: [ε | challenge_v0 success_request_with_credentials challenge_v0 success_request_with_credentials eap_success success_request_with_credentials success_and_cryptobinding / ε | challenge_response_v0 success_response_v0 challenge_response_v0 success_response_v0 after_eap_success success_response_v0 tlv_success_and_cryptobinding]
Aug 13, 2025 5:38:32 PM de.learnlib.logging.LearnLogger logQuery
INFO: [ε | challenge_v0 success_request_with_credentials challenge_v0 eap_success eap_success / ε | challenge_response_v0 success_response_v0 challenge_response_v0 after_eap_success after_eap_success]
Aug 13, 2025 5:38:36 PM de.learnlib.logging.LearnLogger logQuery
INFO: [ε | challenge_v0 success_request_with_credentials challenge_v0 eap_success eap_success success_and_cryptobinding / ε | challenge_response_v0 success_response_v0 challenge_response_v0 after_eap_success after_eap_success no_reply]
Aug 13, 2025 5:38:40 PM de.learnlib.logging.LearnLogger logQuery
INFO: [ε | challenge_v0 success_request_with_credentials challenge_v0 eap_success eap_success tlv_request / ε | challenge_response_v0 success_response_v0 challenge_response_v0 after_eap_success after_eap_success tlv_success]
Aug 13, 2025 5:38:43 PM de.learnlib.logging.LearnLogger logQuery
INFO: [ε | challenge_v0 success_request_with_credentials challenge_v0 eap_success eap_success success_request_with_credentials success_and_cryptobinding / ε | challenge_response_v0 success_response_v0 challenge_response_v0 after_eap_success after_eap_success success_response_v0 tlv_success_and_cryptobinding]
Aug 13, 2025 5:38:46 PM de.learnlib.logging.LearnLogger logQuery
INFO: [ε | challenge_v0 success_request_with_credentials challenge_v0 id_request_v0 4_way_message_1 / ε | challenge_response_v0 success_response_v0 challenge_response_v0 id_response_v0 no_reply]
Aug 13, 2025 5:38:49 PM de.learnlib.logging.LearnLogger logQuery
INFO: [ε | challenge_v0 success_request_with_credentials challenge_v0 challenge_v0 4_way_message_1 / ε | challenge_response_v0 success_response_v0 challenge_response_v0 challenge_response_v0 no_reply]
Aug 13, 2025 5:38:51 PM de.learnlib.logging.LearnLogger logQuery
INFO: [ε | challenge_v0 success_request_with_credentials challenge_v0 tlv_request 4_way_message_1 / ε | challenge_response_v0 success_response_v0 challenge_response_v0 tlv_success 4_way_message_2]
Aug 13, 2025 5:38:55 PM de.learnlib.logging.LearnLogger logQuery
INFO: [ε | challenge_v0 success_request_with_credentials challenge_v0 success_request_with_credentials 4_way_message_1 / ε | challenge_response_v0 success_response_v0 challenge_response_v0 success_response_v0 no_reply]
Aug 13, 2025 5:38:58 PM de.learnlib.logging.LearnLogger logQuery
INFO: [ε | challenge_v0 success_request_with_credentials challenge_v0 eap_success 4_way_message_1 / ε | challenge_response_v0 success_response_v0 challenge_response_v0 after_eap_success no_reply]
Aug 13, 2025 5:39:01 PM de.learnlib.logging.LearnLogger logQuery
INFO: [ε | challenge_v0 success_request_with_credentials tlv_request eap_success id_request_v0 / ε | challenge_response_v0 success_response_v0 tlv_success after_eap_success deauthentication]
Aug 13, 2025 5:39:04 PM de.learnlib.logging.LearnLogger logQuery
INFO: [ε | challenge_v0 success_request_with_credentials tlv_request eap_success challenge_v0 / ε | challenge_response_v0 success_response_v0 tlv_success after_eap_success deauthentication]
Aug 13, 2025 5:39:07 PM de.learnlib.logging.LearnLogger logQuery
INFO: [ε | challenge_v0 success_request_with_credentials tlv_request eap_success tlv_failure / ε | challenge_response_v0 success_response_v0 tlv_success after_eap_success deauthentication]
Aug 13, 2025 5:39:10 PM de.learnlib.logging.LearnLogger logQuery
INFO: [ε | challenge_v0 success_request_with_credentials tlv_request eap_success success_request_all_zeros / ε | challenge_response_v0 success_response_v0 tlv_success after_eap_success deauthentication]
Aug 13, 2025 5:39:13 PM de.learnlib.logging.LearnLogger logQuery
INFO: [ε | challenge_v0 success_request_with_credentials tlv_request eap_success cryptobinding / ε | challenge_response_v0 success_response_v0 tlv_success after_eap_success deauthentication]
Aug 13, 2025 5:39:16 PM de.learnlib.logging.LearnLogger logQuery
INFO: [ε | challenge_v0 success_request_with_credentials tlv_request eap_success eap_success / ε | challenge_response_v0 success_response_v0 tlv_success after_eap_success after_eap_success]
Aug 13, 2025 5:39:20 PM de.learnlib.logging.LearnLogger logQuery
INFO: [ε | challenge_v0 success_request_with_credentials tlv_request eap_success eap_success success_and_cryptobinding / ε | challenge_response_v0 success_response_v0 tlv_success after_eap_success after_eap_success deauthentication]
Aug 13, 2025 5:39:23 PM de.learnlib.logging.LearnLogger logQuery
INFO: [ε | challenge_v0 success_request_with_credentials tlv_request eap_success eap_success tlv_request / ε | challenge_response_v0 success_response_v0 tlv_success after_eap_success after_eap_success deauthentication]
Aug 13, 2025 5:39:27 PM de.learnlib.logging.LearnLogger logQuery
INFO: [ε | challenge_v0 success_request_with_credentials tlv_request eap_success eap_success success_request_with_credentials success_and_cryptobinding / ε | challenge_response_v0 success_response_v0 tlv_success after_eap_success after_eap_success deauthentication -]
Aug 13, 2025 5:39:29 PM de.learnlib.logging.LearnLogger logQuery
INFO: [ε | challenge_v0 success_request_with_credentials tlv_request eap_success 4_way_message_1 / ε | challenge_response_v0 success_response_v0 tlv_success after_eap_success 4_way_message_2]
Aug 13, 2025 5:39:32 PM de.learnlib.logging.LearnLogger logQuery
INFO: [ε | challenge_v0 success_request_with_credentials success_request_with_credentials id_request_v0 id_request_v0 / ε | challenge_response_v0 success_response_v0 success_response_v0 id_response_v0 id_response_v0]
Aug 13, 2025 5:39:34 PM de.learnlib.logging.LearnLogger logQuery
INFO: [ε | challenge_v0 success_request_with_credentials success_request_with_credentials id_request_v0 id_request_v0 success_and_cryptobinding / ε | challenge_response_v0 success_response_v0 success_response_v0 id_response_v0 id_response_v0 tlv_success_and_cryptobinding]
Aug 13, 2025 5:39:36 PM de.learnlib.logging.LearnLogger logQuery
INFO: [ε | challenge_v0 success_request_with_credentials success_request_with_credentials id_request_v0 id_request_v0 tlv_request / ε | challenge_response_v0 success_response_v0 success_response_v0 id_response_v0 id_response_v0 tlv_success]
Aug 13, 2025 5:39:39 PM de.learnlib.logging.LearnLogger logQuery
INFO: [ε | challenge_v0 success_request_with_credentials success_request_with_credentials id_request_v0 id_request_v0 success_request_with_credentials success_and_cryptobinding / ε | challenge_response_v0 success_response_v0 success_response_v0 id_response_v0 id_response_v0 success_response_v0 tlv_success_and_cryptobinding]
Aug 13, 2025 5:39:41 PM de.learnlib.logging.LearnLogger logQuery
INFO: [ε | challenge_v0 success_request_with_credentials success_request_with_credentials challenge_v0 id_request_v0 / ε | challenge_response_v0 success_response_v0 success_response_v0 challenge_response_v0 id_response_v0]
Aug 13, 2025 5:39:44 PM de.learnlib.logging.LearnLogger logQuery
INFO: [ε | challenge_v0 success_request_with_credentials success_request_with_credentials challenge_v0 id_request_v0 success_and_cryptobinding / ε | challenge_response_v0 success_response_v0 success_response_v0 challenge_response_v0 id_response_v0 no_reply]
Aug 13, 2025 5:39:46 PM de.learnlib.logging.LearnLogger logQuery
INFO: [ε | challenge_v0 success_request_with_credentials success_request_with_credentials challenge_v0 id_request_v0 tlv_request / ε | challenge_response_v0 success_response_v0 success_response_v0 challenge_response_v0 id_response_v0 tlv_success]
Aug 13, 2025 5:39:48 PM de.learnlib.logging.LearnLogger logQuery
INFO: [ε | challenge_v0 success_request_with_credentials success_request_with_credentials challenge_v0 id_request_v0 success_request_with_credentials success_and_cryptobinding / ε | challenge_response_v0 success_response_v0 success_response_v0 challenge_response_v0 id_response_v0 success_response_v0 tlv_success_and_cryptobinding]
Aug 13, 2025 5:39:51 PM de.learnlib.logging.LearnLogger logQuery
INFO: [ε | challenge_v0 success_request_with_credentials success_request_with_credentials tlv_request id_request_v0 / ε | challenge_response_v0 success_response_v0 success_response_v0 tlv_success no_reply]
Aug 13, 2025 5:39:54 PM de.learnlib.logging.LearnLogger logQuery
INFO: [ε | challenge_v0 success_request_with_credentials success_request_with_credentials success_request_with_credentials id_request_v0 / ε | challenge_response_v0 success_response_v0 success_response_v0 success_response_v0 id_response_v0]
Aug 13, 2025 5:39:56 PM de.learnlib.logging.LearnLogger logQuery
INFO: [ε | challenge_v0 success_request_with_credentials success_request_with_credentials success_request_with_credentials id_request_v0 success_and_cryptobinding / ε | challenge_response_v0 success_response_v0 success_response_v0 success_response_v0 id_response_v0 tlv_success_and_cryptobinding]
Aug 13, 2025 5:39:58 PM de.learnlib.logging.LearnLogger logQuery
INFO: [ε | challenge_v0 success_request_with_credentials success_request_with_credentials success_request_with_credentials id_request_v0 tlv_request / ε | challenge_response_v0 success_response_v0 success_response_v0 success_response_v0 id_response_v0 tlv_success]
Aug 13, 2025 5:40:00 PM de.learnlib.logging.LearnLogger logQuery
INFO: [ε | challenge_v0 success_request_with_credentials success_request_with_credentials success_request_with_credentials id_request_v0 success_request_with_credentials success_and_cryptobinding / ε | challenge_response_v0 success_response_v0 success_response_v0 success_response_v0 id_response_v0 success_response_v0 tlv_success_and_cryptobinding]
Aug 13, 2025 5:40:03 PM de.learnlib.logging.LearnLogger logQuery
INFO: [ε | challenge_v0 success_request_with_credentials success_request_with_credentials success_and_cryptobinding id_request_v0 / ε | challenge_response_v0 success_response_v0 success_response_v0 tlv_success_and_cryptobinding no_reply]
Aug 13, 2025 5:40:06 PM de.learnlib.logging.LearnLogger logQuery
INFO: [ε | challenge_v0 success_request_with_credentials success_request_with_credentials eap_success id_request_v0 / ε | challenge_response_v0 success_response_v0 success_response_v0 after_eap_success id_response_v0]
Aug 13, 2025 5:40:09 PM de.learnlib.logging.LearnLogger logQuery
INFO: [ε | challenge_v0 success_request_with_credentials success_request_with_credentials eap_success id_request_v0 success_and_cryptobinding / ε | challenge_response_v0 success_response_v0 success_response_v0 after_eap_success id_response_v0 tlv_success_and_cryptobinding]
Aug 13, 2025 5:40:12 PM de.learnlib.logging.LearnLogger logQuery
INFO: [ε | challenge_v0 success_request_with_credentials success_request_with_credentials eap_success id_request_v0 tlv_request / ε | challenge_response_v0 success_response_v0 success_response_v0 after_eap_success id_response_v0 tlv_success]
Aug 13, 2025 5:40:14 PM de.learnlib.logging.LearnLogger logQuery
INFO: [ε | challenge_v0 success_request_with_credentials success_request_with_credentials eap_success id_request_v0 success_request_with_credentials success_and_cryptobinding / ε | challenge_response_v0 success_response_v0 success_response_v0 after_eap_success id_response_v0 success_response_v0 tlv_success_and_cryptobinding]
Aug 13, 2025 5:40:17 PM de.learnlib.logging.LearnLogger logQuery
INFO: [ε | challenge_v0 success_request_with_credentials success_request_with_credentials id_request_v0 challenge_v0 / ε | challenge_response_v0 success_response_v0 success_response_v0 id_response_v0 challenge_response_v0]
Aug 13, 2025 5:40:20 PM de.learnlib.logging.LearnLogger logQuery
INFO: [ε | challenge_v0 success_request_with_credentials success_request_with_credentials id_request_v0 challenge_v0 success_and_cryptobinding / ε | challenge_response_v0 success_response_v0 success_response_v0 id_response_v0 challenge_response_v0 no_reply]
Aug 13, 2025 5:40:22 PM de.learnlib.logging.LearnLogger logQuery
INFO: [ε | challenge_v0 success_request_with_credentials success_request_with_credentials id_request_v0 challenge_v0 tlv_request / ε | challenge_response_v0 success_response_v0 success_response_v0 id_response_v0 challenge_response_v0 tlv_success]
Aug 13, 2025 5:40:24 PM de.learnlib.logging.LearnLogger logQuery
INFO: [ε | challenge_v0 success_request_with_credentials success_request_with_credentials id_request_v0 challenge_v0 success_request_with_credentials success_and_cryptobinding / ε | challenge_response_v0 success_response_v0 success_response_v0 id_response_v0 challenge_response_v0 success_response_v0 tlv_success_and_cryptobinding]
Aug 13, 2025 5:40:27 PM de.learnlib.logging.LearnLogger logQuery
INFO: [ε | challenge_v0 success_request_with_credentials success_request_with_credentials challenge_v0 challenge_v0 / ε | challenge_response_v0 success_response_v0 success_response_v0 challenge_response_v0 challenge_response_v0]
Aug 13, 2025 5:40:29 PM de.learnlib.logging.LearnLogger logQuery
INFO: [ε | challenge_v0 success_request_with_credentials success_request_with_credentials challenge_v0 challenge_v0 success_and_cryptobinding / ε | challenge_response_v0 success_response_v0 success_response_v0 challenge_response_v0 challenge_response_v0 no_reply]
Aug 13, 2025 5:40:32 PM de.learnlib.logging.LearnLogger logQuery
INFO: [ε | challenge_v0 success_request_with_credentials success_request_with_credentials challenge_v0 challenge_v0 tlv_request / ε | challenge_response_v0 success_response_v0 success_response_v0 challenge_response_v0 challenge_response_v0 tlv_success]
Aug 13, 2025 5:40:34 PM de.learnlib.logging.LearnLogger logQuery
INFO: [ε | challenge_v0 success_request_with_credentials success_request_with_credentials challenge_v0 challenge_v0 success_request_with_credentials success_and_cryptobinding / ε | challenge_response_v0 success_response_v0 success_response_v0 challenge_response_v0 challenge_response_v0 success_response_v0 tlv_success_and_cryptobinding]
Aug 13, 2025 5:40:37 PM de.learnlib.logging.LearnLogger logQuery
INFO: [ε | challenge_v0 success_request_with_credentials success_request_with_credentials tlv_request challenge_v0 / ε | challenge_response_v0 success_response_v0 success_response_v0 tlv_success no_reply]
Aug 13, 2025 5:40:39 PM de.learnlib.logging.LearnLogger logQuery
INFO: [ε | challenge_v0 success_request_with_credentials success_request_with_credentials success_request_with_credentials challenge_v0 / ε | challenge_response_v0 success_response_v0 success_response_v0 success_response_v0 challenge_response_v0]
Aug 13, 2025 5:40:42 PM de.learnlib.logging.LearnLogger logQuery
INFO: [ε | challenge_v0 success_request_with_credentials success_request_with_credentials success_request_with_credentials challenge_v0 success_and_cryptobinding / ε | challenge_response_v0 success_response_v0 success_response_v0 success_response_v0 challenge_response_v0 no_reply]
Aug 13, 2025 5:40:45 PM de.learnlib.logging.LearnLogger logQuery
INFO: [ε | challenge_v0 success_request_with_credentials success_request_with_credentials success_request_with_credentials challenge_v0 tlv_request / ε | challenge_response_v0 success_response_v0 success_response_v0 success_response_v0 challenge_response_v0 tlv_success]
Aug 13, 2025 5:40:47 PM de.learnlib.logging.LearnLogger logQuery
INFO: [ε | challenge_v0 success_request_with_credentials success_request_with_credentials success_request_with_credentials challenge_v0 success_request_with_credentials success_and_cryptobinding / ε | challenge_response_v0 success_response_v0 success_response_v0 success_response_v0 challenge_response_v0 success_response_v0 tlv_success_and_cryptobinding]
Aug 13, 2025 5:40:50 PM de.learnlib.logging.LearnLogger logQuery
INFO: [ε | challenge_v0 success_request_with_credentials success_request_with_credentials success_and_cryptobinding challenge_v0 / ε | challenge_response_v0 success_response_v0 success_response_v0 tlv_success_and_cryptobinding no_reply]
Aug 13, 2025 5:40:53 PM de.learnlib.logging.LearnLogger logQuery
INFO: [ε | challenge_v0 success_request_with_credentials success_request_with_credentials eap_success challenge_v0 / ε | challenge_response_v0 success_response_v0 success_response_v0 after_eap_success challenge_response_v0]
Aug 13, 2025 5:40:56 PM de.learnlib.logging.LearnLogger logQuery
INFO: [ε | challenge_v0 success_request_with_credentials success_request_with_credentials eap_success challenge_v0 success_and_cryptobinding / ε | challenge_response_v0 success_response_v0 success_response_v0 after_eap_success challenge_response_v0 no_reply]
Aug 13, 2025 5:40:59 PM de.learnlib.logging.LearnLogger logQuery
INFO: [ε | challenge_v0 success_request_with_credentials success_request_with_credentials eap_success challenge_v0 tlv_request / ε | challenge_response_v0 success_response_v0 success_response_v0 after_eap_success challenge_response_v0 tlv_success]
Aug 13, 2025 5:41:02 PM de.learnlib.logging.LearnLogger logQuery
INFO: [ε | challenge_v0 success_request_with_credentials success_request_with_credentials eap_success challenge_v0 success_request_with_credentials success_and_cryptobinding / ε | challenge_response_v0 success_response_v0 success_response_v0 after_eap_success challenge_response_v0 success_response_v0 tlv_success_and_cryptobinding]
Aug 13, 2025 5:41:04 PM de.learnlib.logging.LearnLogger logQuery
INFO: [ε | challenge_v0 success_request_with_credentials success_request_with_credentials id_request_v0 tlv_request success_and_cryptobinding / ε | challenge_response_v0 success_response_v0 success_response_v0 id_response_v0 tlv_success no_reply]
Aug 13, 2025 5:41:07 PM de.learnlib.logging.LearnLogger logQuery
INFO: [ε | challenge_v0 success_request_with_credentials success_request_with_credentials id_request_v0 tlv_request tlv_request / ε | challenge_response_v0 success_response_v0 success_response_v0 id_response_v0 tlv_success no_reply]
Aug 13, 2025 5:41:10 PM de.learnlib.logging.LearnLogger logQuery
INFO: [ε | challenge_v0 success_request_with_credentials success_request_with_credentials id_request_v0 tlv_request success_request_with_credentials success_and_cryptobinding / ε | challenge_response_v0 success_response_v0 success_response_v0 id_response_v0 tlv_success no_reply -]
Aug 13, 2025 5:41:13 PM de.learnlib.logging.LearnLogger logQuery
INFO: [ε | challenge_v0 success_request_with_credentials success_request_with_credentials challenge_v0 tlv_request success_and_cryptobinding / ε | challenge_response_v0 success_response_v0 success_response_v0 challenge_response_v0 tlv_success no_reply]
Aug 13, 2025 5:41:16 PM de.learnlib.logging.LearnLogger logQuery
INFO: [ε | challenge_v0 success_request_with_credentials success_request_with_credentials challenge_v0 tlv_request tlv_request / ε | challenge_response_v0 success_response_v0 success_response_v0 challenge_response_v0 tlv_success no_reply]
Aug 13, 2025 5:41:19 PM de.learnlib.logging.LearnLogger logQuery
INFO: [ε | challenge_v0 success_request_with_credentials success_request_with_credentials challenge_v0 tlv_request success_request_with_credentials success_and_cryptobinding / ε | challenge_response_v0 success_response_v0 success_response_v0 challenge_response_v0 tlv_success no_reply -]
Aug 13, 2025 5:41:22 PM de.learnlib.logging.LearnLogger logQuery
INFO: [ε | challenge_v0 success_request_with_credentials success_request_with_credentials success_request_with_credentials tlv_request success_and_cryptobinding / ε | challenge_response_v0 success_response_v0 success_response_v0 success_response_v0 tlv_success no_reply]
Aug 13, 2025 5:41:25 PM de.learnlib.logging.LearnLogger logQuery
INFO: [ε | challenge_v0 success_request_with_credentials success_request_with_credentials success_request_with_credentials tlv_request tlv_request / ε | challenge_response_v0 success_response_v0 success_response_v0 success_response_v0 tlv_success no_reply]
Aug 13, 2025 5:41:28 PM de.learnlib.logging.LearnLogger logQuery
INFO: [ε | challenge_v0 success_request_with_credentials success_request_with_credentials success_request_with_credentials tlv_request success_request_with_credentials success_and_cryptobinding / ε | challenge_response_v0 success_response_v0 success_response_v0 success_response_v0 tlv_success no_reply -]
Aug 13, 2025 5:41:31 PM de.learnlib.logging.LearnLogger logQuery
INFO: [ε | challenge_v0 success_request_with_credentials success_request_with_credentials eap_success tlv_request success_and_cryptobinding / ε | challenge_response_v0 success_response_v0 success_response_v0 after_eap_success tlv_success no_reply]
Aug 13, 2025 5:41:35 PM de.learnlib.logging.LearnLogger logQuery
INFO: [ε | challenge_v0 success_request_with_credentials success_request_with_credentials eap_success tlv_request tlv_request / ε | challenge_response_v0 success_response_v0 success_response_v0 after_eap_success tlv_success no_reply]
Aug 13, 2025 5:41:38 PM de.learnlib.logging.LearnLogger logQuery
INFO: [ε | challenge_v0 success_request_with_credentials success_request_with_credentials eap_success tlv_request success_request_with_credentials success_and_cryptobinding / ε | challenge_response_v0 success_response_v0 success_response_v0 after_eap_success tlv_success no_reply -]
Aug 13, 2025 5:41:40 PM de.learnlib.logging.LearnLogger logQuery
INFO: [ε | challenge_v0 success_request_with_credentials success_request_with_credentials id_request_v0 tlv_failure / ε | challenge_response_v0 success_response_v0 success_response_v0 id_response_v0 tlv_failureencrypted_alert]
Aug 13, 2025 5:41:43 PM de.learnlib.logging.LearnLogger logQuery
INFO: [ε | challenge_v0 success_request_with_credentials success_request_with_credentials challenge_v0 tlv_failure / ε | challenge_response_v0 success_response_v0 success_response_v0 challenge_response_v0 tlv_failureencrypted_alert]
Aug 13, 2025 5:41:46 PM de.learnlib.logging.LearnLogger logQuery
INFO: [ε | challenge_v0 success_request_with_credentials success_request_with_credentials tlv_request tlv_failure / ε | challenge_response_v0 success_response_v0 success_response_v0 tlv_success no_reply]
Aug 13, 2025 5:41:48 PM de.learnlib.logging.LearnLogger logQuery
INFO: [ε | challenge_v0 success_request_with_credentials success_request_with_credentials success_request_with_credentials tlv_failure / ε | challenge_response_v0 success_response_v0 success_response_v0 success_response_v0 tlv_failureencrypted_alert]
Aug 13, 2025 5:41:51 PM de.learnlib.logging.LearnLogger logQuery
INFO: [ε | challenge_v0 success_request_with_credentials success_request_with_credentials success_and_cryptobinding tlv_failure / ε | challenge_response_v0 success_response_v0 success_response_v0 tlv_success_and_cryptobinding no_reply]
Aug 13, 2025 5:41:54 PM de.learnlib.logging.LearnLogger logQuery
INFO: [ε | challenge_v0 success_request_with_credentials success_request_with_credentials eap_success tlv_failure / ε | challenge_response_v0 success_response_v0 success_response_v0 after_eap_success tlv_failureencrypted_alert]
Aug 13, 2025 5:41:56 PM de.learnlib.logging.LearnLogger logQuery
INFO: [ε | challenge_v0 success_request_with_credentials success_request_with_credentials id_request_v0 success_request_all_zeros / ε | challenge_response_v0 success_response_v0 success_response_v0 id_response_v0 encrypted_alert]
Aug 13, 2025 5:41:59 PM de.learnlib.logging.LearnLogger logQuery
INFO: [ε | challenge_v0 success_request_with_credentials success_request_with_credentials challenge_v0 success_request_all_zeros / ε | challenge_response_v0 success_response_v0 success_response_v0 challenge_response_v0 encrypted_alert]
Aug 13, 2025 5:42:02 PM de.learnlib.logging.LearnLogger logQuery
INFO: [ε | challenge_v0 success_request_with_credentials success_request_with_credentials tlv_request success_request_all_zeros / ε | challenge_response_v0 success_response_v0 success_response_v0 tlv_success no_reply]
Aug 13, 2025 5:42:04 PM de.learnlib.logging.LearnLogger logQuery
INFO: [ε | challenge_v0 success_request_with_credentials success_request_with_credentials success_request_with_credentials success_request_all_zeros / ε | challenge_response_v0 success_response_v0 success_response_v0 success_response_v0 encrypted_alert]
Aug 13, 2025 5:42:07 PM de.learnlib.logging.LearnLogger logQuery
INFO: [ε | challenge_v0 success_request_with_credentials success_request_with_credentials success_and_cryptobinding success_request_all_zeros / ε | challenge_response_v0 success_response_v0 success_response_v0 tlv_success_and_cryptobinding no_reply]
Aug 13, 2025 5:42:10 PM de.learnlib.logging.LearnLogger logQuery
INFO: [ε | challenge_v0 success_request_with_credentials success_request_with_credentials eap_success success_request_all_zeros / ε | challenge_response_v0 success_response_v0 success_response_v0 after_eap_success encrypted_alert]
Aug 13, 2025 5:42:13 PM de.learnlib.logging.LearnLogger logQuery
INFO: [ε | challenge_v0 success_request_with_credentials success_request_with_credentials id_request_v0 success_request_with_credentials tlv_request / ε | challenge_response_v0 success_response_v0 success_response_v0 id_response_v0 success_response_v0 tlv_success]
Aug 13, 2025 5:42:15 PM de.learnlib.logging.LearnLogger logQuery
INFO: [ε | challenge_v0 success_request_with_credentials success_request_with_credentials id_request_v0 success_request_with_credentials success_request_with_credentials success_and_cryptobinding / ε | challenge_response_v0 success_response_v0 success_response_v0 id_response_v0 success_response_v0 success_response_v0 tlv_success_and_cryptobinding]
Aug 13, 2025 5:42:17 PM de.learnlib.logging.LearnLogger logQuery
INFO: [ε | challenge_v0 success_request_with_credentials success_request_with_credentials challenge_v0 success_request_with_credentials tlv_request / ε | challenge_response_v0 success_response_v0 success_response_v0 challenge_response_v0 success_response_v0 tlv_success]
Aug 13, 2025 5:42:19 PM de.learnlib.logging.LearnLogger logQuery
INFO: [ε | challenge_v0 success_request_with_credentials success_request_with_credentials challenge_v0 success_request_with_credentials success_request_with_credentials success_and_cryptobinding / ε | challenge_response_v0 success_response_v0 success_response_v0 challenge_response_v0 success_response_v0 success_response_v0 tlv_success_and_cryptobinding]
Aug 13, 2025 5:42:22 PM de.learnlib.logging.LearnLogger logQuery
INFO: [ε | challenge_v0 success_request_with_credentials success_request_with_credentials success_request_with_credentials success_request_with_credentials tlv_request / ε | challenge_response_v0 success_response_v0 success_response_v0 success_response_v0 success_response_v0 tlv_success]
Aug 13, 2025 5:42:24 PM de.learnlib.logging.LearnLogger logQuery
INFO: [ε | challenge_v0 success_request_with_credentials success_request_with_credentials success_request_with_credentials success_request_with_credentials success_request_with_credentials success_and_cryptobinding / ε | challenge_response_v0 success_response_v0 success_response_v0 success_response_v0 success_response_v0 success_response_v0 tlv_success_and_cryptobinding]
Aug 13, 2025 5:42:27 PM de.learnlib.logging.LearnLogger logQuery
INFO: [ε | challenge_v0 success_request_with_credentials success_request_with_credentials eap_success success_request_with_credentials tlv_request / ε | challenge_response_v0 success_response_v0 success_response_v0 after_eap_success success_response_v0 tlv_success]
Aug 13, 2025 5:42:30 PM de.learnlib.logging.LearnLogger logQuery
INFO: [ε | challenge_v0 success_request_with_credentials success_request_with_credentials eap_success success_request_with_credentials success_request_with_credentials success_and_cryptobinding / ε | challenge_response_v0 success_response_v0 success_response_v0 after_eap_success success_response_v0 success_response_v0 tlv_success_and_cryptobinding]
Aug 13, 2025 5:42:33 PM de.learnlib.logging.LearnLogger logQuery
INFO: [ε | challenge_v0 success_request_with_credentials success_request_with_credentials id_request_v0 success_and_cryptobinding success_and_cryptobinding / ε | challenge_response_v0 success_response_v0 success_response_v0 id_response_v0 tlv_success_and_cryptobinding no_reply]
Aug 13, 2025 5:42:36 PM de.learnlib.logging.LearnLogger logQuery
INFO: [ε | challenge_v0 success_request_with_credentials success_request_with_credentials id_request_v0 success_and_cryptobinding tlv_request / ε | challenge_response_v0 success_response_v0 success_response_v0 id_response_v0 tlv_success_and_cryptobinding no_reply]
Aug 13, 2025 5:42:38 PM de.learnlib.logging.LearnLogger logQuery
INFO: [ε | challenge_v0 success_request_with_credentials success_request_with_credentials id_request_v0 success_and_cryptobinding success_request_with_credentials success_and_cryptobinding / ε | challenge_response_v0 success_response_v0 success_response_v0 id_response_v0 tlv_success_and_cryptobinding no_reply -]
Aug 13, 2025 5:42:41 PM de.learnlib.logging.LearnLogger logQuery
INFO: [ε | challenge_v0 success_request_with_credentials success_request_with_credentials success_request_with_credentials success_and_cryptobinding success_and_cryptobinding / ε | challenge_response_v0 success_response_v0 success_response_v0 success_response_v0 tlv_success_and_cryptobinding no_reply]
Aug 13, 2025 5:42:44 PM de.learnlib.logging.LearnLogger logQuery
INFO: [ε | challenge_v0 success_request_with_credentials success_request_with_credentials success_request_with_credentials success_and_cryptobinding tlv_request / ε | challenge_response_v0 success_response_v0 success_response_v0 success_response_v0 tlv_success_and_cryptobinding no_reply]
Aug 13, 2025 5:42:47 PM de.learnlib.logging.LearnLogger logQuery
INFO: [ε | challenge_v0 success_request_with_credentials success_request_with_credentials success_request_with_credentials success_and_cryptobinding success_request_with_credentials success_and_cryptobinding / ε | challenge_response_v0 success_response_v0 success_response_v0 success_response_v0 tlv_success_and_cryptobinding no_reply -]
Aug 13, 2025 5:42:50 PM de.learnlib.logging.LearnLogger logQuery
INFO: [ε | challenge_v0 success_request_with_credentials success_request_with_credentials eap_success success_and_cryptobinding success_and_cryptobinding / ε | challenge_response_v0 success_response_v0 success_response_v0 after_eap_success tlv_success_and_cryptobinding no_reply]
Aug 13, 2025 5:42:54 PM de.learnlib.logging.LearnLogger logQuery
INFO: [ε | challenge_v0 success_request_with_credentials success_request_with_credentials eap_success success_and_cryptobinding tlv_request / ε | challenge_response_v0 success_response_v0 success_response_v0 after_eap_success tlv_success_and_cryptobinding no_reply]
Aug 13, 2025 5:42:57 PM de.learnlib.logging.LearnLogger logQuery
INFO: [ε | challenge_v0 success_request_with_credentials success_request_with_credentials eap_success success_and_cryptobinding success_request_with_credentials success_and_cryptobinding / ε | challenge_response_v0 success_response_v0 success_response_v0 after_eap_success tlv_success_and_cryptobinding no_reply -]
Aug 13, 2025 5:43:00 PM de.learnlib.logging.LearnLogger logQuery
INFO: [ε | challenge_v0 success_request_with_credentials success_request_with_credentials id_request_v0 cryptobinding / ε | challenge_response_v0 success_response_v0 success_response_v0 id_response_v0 tlv_cryptobindingencrypted_alert]
Aug 13, 2025 5:43:03 PM de.learnlib.logging.LearnLogger logQuery
INFO: [ε | challenge_v0 success_request_with_credentials success_request_with_credentials challenge_v0 cryptobinding / ε | challenge_response_v0 success_response_v0 success_response_v0 challenge_response_v0 no_reply]
Aug 13, 2025 5:43:06 PM de.learnlib.logging.LearnLogger logQuery
INFO: [ε | challenge_v0 success_request_with_credentials success_request_with_credentials tlv_request cryptobinding / ε | challenge_response_v0 success_response_v0 success_response_v0 tlv_success no_reply]
Aug 13, 2025 5:43:08 PM de.learnlib.logging.LearnLogger logQuery
INFO: [ε | challenge_v0 success_request_with_credentials success_request_with_credentials success_request_with_credentials cryptobinding / ε | challenge_response_v0 success_response_v0 success_response_v0 success_response_v0 tlv_cryptobindingencrypted_alert]
Aug 13, 2025 5:43:11 PM de.learnlib.logging.LearnLogger logQuery
INFO: [ε | challenge_v0 success_request_with_credentials success_request_with_credentials success_and_cryptobinding cryptobinding / ε | challenge_response_v0 success_response_v0 success_response_v0 tlv_success_and_cryptobinding no_reply]
Aug 13, 2025 5:43:14 PM de.learnlib.logging.LearnLogger logQuery
INFO: [ε | challenge_v0 success_request_with_credentials success_request_with_credentials eap_success cryptobinding / ε | challenge_response_v0 success_response_v0 success_response_v0 after_eap_success tlv_cryptobindingencrypted_alert]
Aug 13, 2025 5:43:17 PM de.learnlib.logging.LearnLogger logQuery
INFO: [ε | challenge_v0 success_request_with_credentials success_request_with_credentials id_request_v0 eap_success / ε | challenge_response_v0 success_response_v0 success_response_v0 id_response_v0 after_eap_success]
Aug 13, 2025 5:43:20 PM de.learnlib.logging.LearnLogger logQuery
INFO: [ε | challenge_v0 success_request_with_credentials success_request_with_credentials id_request_v0 eap_success success_and_cryptobinding / ε | challenge_response_v0 success_response_v0 success_response_v0 id_response_v0 after_eap_success tlv_success_and_cryptobinding]
Aug 13, 2025 5:43:22 PM de.learnlib.logging.LearnLogger logQuery
INFO: [ε | challenge_v0 success_request_with_credentials success_request_with_credentials id_request_v0 eap_success tlv_request / ε | challenge_response_v0 success_response_v0 success_response_v0 id_response_v0 after_eap_success tlv_success]
Aug 13, 2025 5:43:25 PM de.learnlib.logging.LearnLogger logQuery
INFO: [ε | challenge_v0 success_request_with_credentials success_request_with_credentials id_request_v0 eap_success success_request_with_credentials success_and_cryptobinding / ε | challenge_response_v0 success_response_v0 success_response_v0 id_response_v0 after_eap_success success_response_v0 tlv_success_and_cryptobinding]
Aug 13, 2025 5:43:28 PM de.learnlib.logging.LearnLogger logQuery
INFO: [ε | challenge_v0 success_request_with_credentials success_request_with_credentials challenge_v0 eap_success / ε | challenge_response_v0 success_response_v0 success_response_v0 challenge_response_v0 after_eap_success]
Aug 13, 2025 5:43:31 PM de.learnlib.logging.LearnLogger logQuery
INFO: [ε | challenge_v0 success_request_with_credentials success_request_with_credentials challenge_v0 eap_success success_and_cryptobinding / ε | challenge_response_v0 success_response_v0 success_response_v0 challenge_response_v0 after_eap_success no_reply]
Aug 13, 2025 5:43:34 PM de.learnlib.logging.LearnLogger logQuery
INFO: [ε | challenge_v0 success_request_with_credentials success_request_with_credentials challenge_v0 eap_success tlv_request / ε | challenge_response_v0 success_response_v0 success_response_v0 challenge_response_v0 after_eap_success tlv_success]
Aug 13, 2025 5:43:37 PM de.learnlib.logging.LearnLogger logQuery
INFO: [ε | challenge_v0 success_request_with_credentials success_request_with_credentials challenge_v0 eap_success success_request_with_credentials success_and_cryptobinding / ε | challenge_response_v0 success_response_v0 success_response_v0 challenge_response_v0 after_eap_success success_response_v0 tlv_success_and_cryptobinding]
Aug 13, 2025 5:43:40 PM de.learnlib.logging.LearnLogger logQuery
INFO: [ε | challenge_v0 success_request_with_credentials success_request_with_credentials tlv_request eap_success / ε | challenge_response_v0 success_response_v0 success_response_v0 tlv_success after_eap_success]
Aug 13, 2025 5:43:42 PM de.learnlib.logging.LearnLogger logQuery
INFO: [ε | challenge_v0 success_request_with_credentials success_request_with_credentials tlv_request eap_success success_and_cryptobinding / ε | challenge_response_v0 success_response_v0 success_response_v0 tlv_success after_eap_success deauthentication]
Aug 13, 2025 5:43:45 PM de.learnlib.logging.LearnLogger logQuery
INFO: [ε | challenge_v0 success_request_with_credentials success_request_with_credentials tlv_request eap_success tlv_request / ε | challenge_response_v0 success_response_v0 success_response_v0 tlv_success after_eap_success deauthentication]
Aug 13, 2025 5:43:48 PM de.learnlib.logging.LearnLogger logQuery
INFO: [ε | challenge_v0 success_request_with_credentials success_request_with_credentials tlv_request eap_success success_request_with_credentials success_and_cryptobinding / ε | challenge_response_v0 success_response_v0 success_response_v0 tlv_success after_eap_success deauthentication -]
Aug 13, 2025 5:43:51 PM de.learnlib.logging.LearnLogger logQuery
INFO: [ε | challenge_v0 success_request_with_credentials success_request_with_credentials success_request_with_credentials eap_success / ε | challenge_response_v0 success_response_v0 success_response_v0 success_response_v0 after_eap_success]
Aug 13, 2025 5:43:54 PM de.learnlib.logging.LearnLogger logQuery
INFO: [ε | challenge_v0 success_request_with_credentials success_request_with_credentials success_request_with_credentials eap_success success_and_cryptobinding / ε | challenge_response_v0 success_response_v0 success_response_v0 success_response_v0 after_eap_success tlv_success_and_cryptobinding]
Aug 13, 2025 5:43:57 PM de.learnlib.logging.LearnLogger logQuery
INFO: [ε | challenge_v0 success_request_with_credentials success_request_with_credentials success_request_with_credentials eap_success tlv_request / ε | challenge_response_v0 success_response_v0 success_response_v0 success_response_v0 after_eap_success tlv_success]
Aug 13, 2025 5:44:00 PM de.learnlib.logging.LearnLogger logQuery
INFO: [ε | challenge_v0 success_request_with_credentials success_request_with_credentials success_request_with_credentials eap_success success_request_with_credentials success_and_cryptobinding / ε | challenge_response_v0 success_response_v0 success_response_v0 success_response_v0 after_eap_success success_response_v0 tlv_success_and_cryptobinding]
Aug 13, 2025 5:44:02 PM de.learnlib.logging.LearnLogger logQuery
INFO: [ε | challenge_v0 success_request_with_credentials success_request_with_credentials success_and_cryptobinding eap_success / ε | challenge_response_v0 success_response_v0 success_response_v0 tlv_success_and_cryptobinding after_eap_success]
Aug 13, 2025 5:44:05 PM de.learnlib.logging.LearnLogger logQuery
INFO: [ε | challenge_v0 success_request_with_credentials success_request_with_credentials success_and_cryptobinding eap_success success_and_cryptobinding / ε | challenge_response_v0 success_response_v0 success_response_v0 tlv_success_and_cryptobinding after_eap_success deauthentication]
Aug 13, 2025 5:44:08 PM de.learnlib.logging.LearnLogger logQuery
INFO: [ε | challenge_v0 success_request_with_credentials success_request_with_credentials success_and_cryptobinding eap_success tlv_request / ε | challenge_response_v0 success_response_v0 success_response_v0 tlv_success_and_cryptobinding after_eap_success deauthentication]
Aug 13, 2025 5:44:11 PM de.learnlib.logging.LearnLogger logQuery
INFO: [ε | challenge_v0 success_request_with_credentials success_request_with_credentials success_and_cryptobinding eap_success success_request_with_credentials success_and_cryptobinding / ε | challenge_response_v0 success_response_v0 success_response_v0 tlv_success_and_cryptobinding after_eap_success deauthentication -]
Aug 13, 2025 5:44:14 PM de.learnlib.logging.LearnLogger logQuery
INFO: [ε | challenge_v0 success_request_with_credentials success_request_with_credentials eap_success eap_success / ε | challenge_response_v0 success_response_v0 success_response_v0 after_eap_success after_eap_success]
Aug 13, 2025 5:44:18 PM de.learnlib.logging.LearnLogger logQuery
INFO: [ε | challenge_v0 success_request_with_credentials success_request_with_credentials eap_success eap_success success_and_cryptobinding / ε | challenge_response_v0 success_response_v0 success_response_v0 after_eap_success after_eap_success tlv_success_and_cryptobinding]
Aug 13, 2025 5:44:21 PM de.learnlib.logging.LearnLogger logQuery
INFO: [ε | challenge_v0 success_request_with_credentials success_request_with_credentials eap_success eap_success tlv_request / ε | challenge_response_v0 success_response_v0 success_response_v0 after_eap_success after_eap_success tlv_success]
Aug 13, 2025 5:44:24 PM de.learnlib.logging.LearnLogger logQuery
INFO: [ε | challenge_v0 success_request_with_credentials success_request_with_credentials eap_success eap_success success_request_with_credentials success_and_cryptobinding / ε | challenge_response_v0 success_response_v0 success_response_v0 after_eap_success after_eap_success success_response_v0 tlv_success_and_cryptobinding]
Aug 13, 2025 5:44:27 PM de.learnlib.logging.LearnLogger logQuery
INFO: [ε | challenge_v0 success_request_with_credentials success_request_with_credentials id_request_v0 4_way_message_1 / ε | challenge_response_v0 success_response_v0 success_response_v0 id_response_v0 no_reply]
Aug 13, 2025 5:44:30 PM de.learnlib.logging.LearnLogger logQuery
INFO: [ε | challenge_v0 success_request_with_credentials success_request_with_credentials challenge_v0 4_way_message_1 / ε | challenge_response_v0 success_response_v0 success_response_v0 challenge_response_v0 no_reply]
Aug 13, 2025 5:44:33 PM de.learnlib.logging.LearnLogger logQuery
INFO: [ε | challenge_v0 success_request_with_credentials success_request_with_credentials tlv_request 4_way_message_1 / ε | challenge_response_v0 success_response_v0 success_response_v0 tlv_success 4_way_message_2]
Aug 13, 2025 5:44:36 PM de.learnlib.logging.LearnLogger logQuery
INFO: [ε | challenge_v0 success_request_with_credentials success_request_with_credentials success_request_with_credentials 4_way_message_1 / ε | challenge_response_v0 success_response_v0 success_response_v0 success_response_v0 no_reply]
Aug 13, 2025 5:44:38 PM de.learnlib.logging.LearnLogger logQuery
INFO: [ε | challenge_v0 success_request_with_credentials success_request_with_credentials success_and_cryptobinding 4_way_message_1 / ε | challenge_response_v0 success_response_v0 success_response_v0 tlv_success_and_cryptobinding 4_way_message_2]
Aug 13, 2025 5:44:42 PM de.learnlib.logging.LearnLogger logQuery
INFO: [ε | challenge_v0 success_request_with_credentials success_request_with_credentials eap_success 4_way_message_1 / ε | challenge_response_v0 success_response_v0 success_response_v0 after_eap_success no_reply]
Aug 13, 2025 5:44:45 PM de.learnlib.logging.LearnLogger logQuery
INFO: [ε | challenge_v0 success_request_with_credentials success_and_cryptobinding eap_success id_request_v0 / ε | challenge_response_v0 success_response_v0 tlv_success_and_cryptobinding after_eap_success deauthentication]
Aug 13, 2025 5:44:48 PM de.learnlib.logging.LearnLogger logQuery
INFO: [ε | challenge_v0 success_request_with_credentials success_and_cryptobinding eap_success challenge_v0 / ε | challenge_response_v0 success_response_v0 tlv_success_and_cryptobinding after_eap_success deauthentication]
Aug 13, 2025 5:44:51 PM de.learnlib.logging.LearnLogger logQuery
INFO: [ε | challenge_v0 success_request_with_credentials success_and_cryptobinding eap_success tlv_failure / ε | challenge_response_v0 success_response_v0 tlv_success_and_cryptobinding after_eap_success deauthentication]
Aug 13, 2025 5:44:54 PM de.learnlib.logging.LearnLogger logQuery
INFO: [ε | challenge_v0 success_request_with_credentials success_and_cryptobinding eap_success success_request_all_zeros / ε | challenge_response_v0 success_response_v0 tlv_success_and_cryptobinding after_eap_success deauthentication]
Aug 13, 2025 5:44:57 PM de.learnlib.logging.LearnLogger logQuery
INFO: [ε | challenge_v0 success_request_with_credentials success_and_cryptobinding eap_success cryptobinding / ε | challenge_response_v0 success_response_v0 tlv_success_and_cryptobinding after_eap_success deauthentication]
Aug 13, 2025 5:45:00 PM de.learnlib.logging.LearnLogger logQuery
INFO: [ε | challenge_v0 success_request_with_credentials success_and_cryptobinding eap_success eap_success / ε | challenge_response_v0 success_response_v0 tlv_success_and_cryptobinding after_eap_success after_eap_success]
Aug 13, 2025 5:45:03 PM de.learnlib.logging.LearnLogger logQuery
INFO: [ε | challenge_v0 success_request_with_credentials success_and_cryptobinding eap_success eap_success success_and_cryptobinding / ε | challenge_response_v0 success_response_v0 tlv_success_and_cryptobinding after_eap_success after_eap_success deauthentication]
Aug 13, 2025 5:45:07 PM de.learnlib.logging.LearnLogger logQuery
INFO: [ε | challenge_v0 success_request_with_credentials success_and_cryptobinding eap_success eap_success tlv_request / ε | challenge_response_v0 success_response_v0 tlv_success_and_cryptobinding after_eap_success after_eap_success deauthentication]
Aug 13, 2025 5:45:10 PM de.learnlib.logging.LearnLogger logQuery
INFO: [ε | challenge_v0 success_request_with_credentials success_and_cryptobinding eap_success eap_success success_request_with_credentials success_and_cryptobinding / ε | challenge_response_v0 success_response_v0 tlv_success_and_cryptobinding after_eap_success after_eap_success deauthentication -]
Aug 13, 2025 5:45:13 PM de.learnlib.logging.LearnLogger logQuery
INFO: [ε | challenge_v0 success_request_with_credentials success_and_cryptobinding eap_success 4_way_message_1 / ε | challenge_response_v0 success_response_v0 tlv_success_and_cryptobinding after_eap_success 4_way_message_2]
Aug 13, 2025 5:45:16 PM de.learnlib.logging.LearnLogger logQuery
INFO: [ε | challenge_v0 success_request_with_credentials eap_success id_request_v0 id_request_v0 / ε | challenge_response_v0 success_response_v0 after_eap_success id_response_v0 id_response_v0]
Aug 13, 2025 5:45:19 PM de.learnlib.logging.LearnLogger logQuery
INFO: [ε | challenge_v0 success_request_with_credentials eap_success id_request_v0 id_request_v0 success_and_cryptobinding / ε | challenge_response_v0 success_response_v0 after_eap_success id_response_v0 id_response_v0 tlv_success_and_cryptobinding]
Aug 13, 2025 5:45:22 PM de.learnlib.logging.LearnLogger logQuery
INFO: [ε | challenge_v0 success_request_with_credentials eap_success id_request_v0 id_request_v0 tlv_request / ε | challenge_response_v0 success_response_v0 after_eap_success id_response_v0 id_response_v0 tlv_success]
Aug 13, 2025 5:45:24 PM de.learnlib.logging.LearnLogger logQuery
INFO: [ε | challenge_v0 success_request_with_credentials eap_success id_request_v0 id_request_v0 success_request_with_credentials success_and_cryptobinding / ε | challenge_response_v0 success_response_v0 after_eap_success id_response_v0 id_response_v0 success_response_v0 tlv_success_and_cryptobinding]
Aug 13, 2025 5:45:27 PM de.learnlib.logging.LearnLogger logQuery
INFO: [ε | challenge_v0 success_request_with_credentials eap_success challenge_v0 id_request_v0 / ε | challenge_response_v0 success_response_v0 after_eap_success challenge_response_v0 id_response_v0]
Aug 13, 2025 5:45:30 PM de.learnlib.logging.LearnLogger logQuery
INFO: [ε | challenge_v0 success_request_with_credentials eap_success challenge_v0 id_request_v0 success_and_cryptobinding / ε | challenge_response_v0 success_response_v0 after_eap_success challenge_response_v0 id_response_v0 no_reply]
Aug 13, 2025 5:45:33 PM de.learnlib.logging.LearnLogger logQuery
INFO: [ε | challenge_v0 success_request_with_credentials eap_success challenge_v0 id_request_v0 tlv_request / ε | challenge_response_v0 success_response_v0 after_eap_success challenge_response_v0 id_response_v0 tlv_success]
Aug 13, 2025 5:45:36 PM de.learnlib.logging.LearnLogger logQuery
INFO: [ε | challenge_v0 success_request_with_credentials eap_success challenge_v0 id_request_v0 success_request_with_credentials success_and_cryptobinding / ε | challenge_response_v0 success_response_v0 after_eap_success challenge_response_v0 id_response_v0 success_response_v0 tlv_success_and_cryptobinding]
Aug 13, 2025 5:45:39 PM de.learnlib.logging.LearnLogger logQuery
INFO: [ε | challenge_v0 success_request_with_credentials eap_success tlv_request id_request_v0 / ε | challenge_response_v0 success_response_v0 after_eap_success tlv_success no_reply]
Aug 13, 2025 5:45:42 PM de.learnlib.logging.LearnLogger logQuery
INFO: [ε | challenge_v0 success_request_with_credentials eap_success success_request_with_credentials id_request_v0 / ε | challenge_response_v0 success_response_v0 after_eap_success success_response_v0 id_response_v0]
Aug 13, 2025 5:45:45 PM de.learnlib.logging.LearnLogger logQuery
INFO: [ε | challenge_v0 success_request_with_credentials eap_success success_request_with_credentials id_request_v0 success_and_cryptobinding / ε | challenge_response_v0 success_response_v0 after_eap_success success_response_v0 id_response_v0 tlv_success_and_cryptobinding]
Aug 13, 2025 5:45:48 PM de.learnlib.logging.LearnLogger logQuery
INFO: [ε | challenge_v0 success_request_with_credentials eap_success success_request_with_credentials id_request_v0 tlv_request / ε | challenge_response_v0 success_response_v0 after_eap_success success_response_v0 id_response_v0 tlv_success]
Aug 13, 2025 5:45:51 PM de.learnlib.logging.LearnLogger logQuery
INFO: [ε | challenge_v0 success_request_with_credentials eap_success success_request_with_credentials id_request_v0 success_request_with_credentials success_and_cryptobinding / ε | challenge_response_v0 success_response_v0 after_eap_success success_response_v0 id_response_v0 success_response_v0 tlv_success_and_cryptobinding]
Aug 13, 2025 5:45:54 PM de.learnlib.logging.LearnLogger logQuery
INFO: [ε | challenge_v0 success_request_with_credentials eap_success success_and_cryptobinding id_request_v0 / ε | challenge_response_v0 success_response_v0 after_eap_success tlv_success_and_cryptobinding no_reply]
Aug 13, 2025 5:45:58 PM de.learnlib.logging.LearnLogger logQuery
INFO: [ε | challenge_v0 success_request_with_credentials eap_success eap_success id_request_v0 / ε | challenge_response_v0 success_response_v0 after_eap_success after_eap_success id_response_v0]
Aug 13, 2025 5:46:01 PM de.learnlib.logging.LearnLogger logQuery
INFO: [ε | challenge_v0 success_request_with_credentials eap_success eap_success id_request_v0 success_and_cryptobinding / ε | challenge_response_v0 success_response_v0 after_eap_success after_eap_success id_response_v0 tlv_success_and_cryptobinding]
Aug 13, 2025 5:46:04 PM de.learnlib.logging.LearnLogger logQuery
INFO: [ε | challenge_v0 success_request_with_credentials eap_success eap_success id_request_v0 tlv_request / ε | challenge_response_v0 success_response_v0 after_eap_success after_eap_success id_response_v0 tlv_success]
Aug 13, 2025 5:46:07 PM de.learnlib.logging.LearnLogger logQuery
INFO: [ε | challenge_v0 success_request_with_credentials eap_success eap_success id_request_v0 success_request_with_credentials success_and_cryptobinding / ε | challenge_response_v0 success_response_v0 after_eap_success after_eap_success id_response_v0 success_response_v0 tlv_success_and_cryptobinding]
Aug 13, 2025 5:46:10 PM de.learnlib.logging.LearnLogger logQuery
INFO: [ε | challenge_v0 success_request_with_credentials eap_success id_request_v0 challenge_v0 / ε | challenge_response_v0 success_response_v0 after_eap_success id_response_v0 challenge_response_v0]
Aug 13, 2025 5:46:13 PM de.learnlib.logging.LearnLogger logQuery
INFO: [ε | challenge_v0 success_request_with_credentials eap_success id_request_v0 challenge_v0 success_and_cryptobinding / ε | challenge_response_v0 success_response_v0 after_eap_success id_response_v0 challenge_response_v0 no_reply]
Aug 13, 2025 5:46:16 PM de.learnlib.logging.LearnLogger logQuery
INFO: [ε | challenge_v0 success_request_with_credentials eap_success id_request_v0 challenge_v0 tlv_request / ε | challenge_response_v0 success_response_v0 after_eap_success id_response_v0 challenge_response_v0 tlv_success]
Aug 13, 2025 5:46:19 PM de.learnlib.logging.LearnLogger logQuery
INFO: [ε | challenge_v0 success_request_with_credentials eap_success id_request_v0 challenge_v0 success_request_with_credentials success_and_cryptobinding / ε | challenge_response_v0 success_response_v0 after_eap_success id_response_v0 challenge_response_v0 success_response_v0 tlv_success_and_cryptobinding]
Aug 13, 2025 5:46:22 PM de.learnlib.logging.LearnLogger logQuery
INFO: [ε | challenge_v0 success_request_with_credentials eap_success challenge_v0 challenge_v0 / ε | challenge_response_v0 success_response_v0 after_eap_success challenge_response_v0 challenge_response_v0]
Aug 13, 2025 5:46:25 PM de.learnlib.logging.LearnLogger logQuery
INFO: [ε | challenge_v0 success_request_with_credentials eap_success challenge_v0 challenge_v0 success_and_cryptobinding / ε | challenge_response_v0 success_response_v0 after_eap_success challenge_response_v0 challenge_response_v0 no_reply]
Aug 13, 2025 5:46:28 PM de.learnlib.logging.LearnLogger logQuery
INFO: [ε | challenge_v0 success_request_with_credentials eap_success challenge_v0 challenge_v0 tlv_request / ε | challenge_response_v0 success_response_v0 after_eap_success challenge_response_v0 challenge_response_v0 tlv_success]
Aug 13, 2025 5:46:31 PM de.learnlib.logging.LearnLogger logQuery
INFO: [ε | challenge_v0 success_request_with_credentials eap_success challenge_v0 challenge_v0 success_request_with_credentials success_and_cryptobinding / ε | challenge_response_v0 success_response_v0 after_eap_success challenge_response_v0 challenge_response_v0 success_response_v0 tlv_success_and_cryptobinding]
Aug 13, 2025 5:46:34 PM de.learnlib.logging.LearnLogger logQuery
INFO: [ε | challenge_v0 success_request_with_credentials eap_success tlv_request challenge_v0 / ε | challenge_response_v0 success_response_v0 after_eap_success tlv_success no_reply]
Aug 13, 2025 5:46:37 PM de.learnlib.logging.LearnLogger logQuery
INFO: [ε | challenge_v0 success_request_with_credentials eap_success success_request_with_credentials challenge_v0 / ε | challenge_response_v0 success_response_v0 after_eap_success success_response_v0 challenge_response_v0]
Aug 13, 2025 5:46:40 PM de.learnlib.logging.LearnLogger logQuery
INFO: [ε | challenge_v0 success_request_with_credentials eap_success success_request_with_credentials challenge_v0 success_and_cryptobinding / ε | challenge_response_v0 success_response_v0 after_eap_success success_response_v0 challenge_response_v0 no_reply]
Aug 13, 2025 5:46:43 PM de.learnlib.logging.LearnLogger logQuery
INFO: [ε | challenge_v0 success_request_with_credentials eap_success success_request_with_credentials challenge_v0 tlv_request / ε | challenge_response_v0 success_response_v0 after_eap_success success_response_v0 challenge_response_v0 tlv_success]
Aug 13, 2025 5:46:46 PM de.learnlib.logging.LearnLogger logQuery
INFO: [ε | challenge_v0 success_request_with_credentials eap_success success_request_with_credentials challenge_v0 success_request_with_credentials success_and_cryptobinding / ε | challenge_response_v0 success_response_v0 after_eap_success success_response_v0 challenge_response_v0 success_response_v0 tlv_success_and_cryptobinding]
Aug 13, 2025 5:46:50 PM de.learnlib.logging.LearnLogger logQuery
INFO: [ε | challenge_v0 success_request_with_credentials eap_success success_and_cryptobinding challenge_v0 / ε | challenge_response_v0 success_response_v0 after_eap_success tlv_success_and_cryptobinding no_reply]
Aug 13, 2025 5:46:53 PM de.learnlib.logging.LearnLogger logQuery
INFO: [ε | challenge_v0 success_request_with_credentials eap_success eap_success challenge_v0 / ε | challenge_response_v0 success_response_v0 after_eap_success after_eap_success challenge_response_v0]
Aug 13, 2025 5:46:57 PM de.learnlib.logging.LearnLogger logQuery
INFO: [ε | challenge_v0 success_request_with_credentials eap_success eap_success challenge_v0 success_and_cryptobinding / ε | challenge_response_v0 success_response_v0 after_eap_success after_eap_success challenge_response_v0 no_reply]
Aug 13, 2025 5:47:00 PM de.learnlib.logging.LearnLogger logQuery
INFO: [ε | challenge_v0 success_request_with_credentials eap_success eap_success challenge_v0 tlv_request / ε | challenge_response_v0 success_response_v0 after_eap_success after_eap_success challenge_response_v0 tlv_success]
Aug 13, 2025 5:47:04 PM de.learnlib.logging.LearnLogger logQuery
INFO: [ε | challenge_v0 success_request_with_credentials eap_success eap_success challenge_v0 success_request_with_credentials success_and_cryptobinding / ε | challenge_response_v0 success_response_v0 after_eap_success after_eap_success challenge_response_v0 success_response_v0 tlv_success_and_cryptobinding]
Aug 13, 2025 5:47:07 PM de.learnlib.logging.LearnLogger logQuery
INFO: [ε | challenge_v0 success_request_with_credentials eap_success id_request_v0 tlv_request success_and_cryptobinding / ε | challenge_response_v0 success_response_v0 after_eap_success id_response_v0 tlv_success no_reply]
Aug 13, 2025 5:47:10 PM de.learnlib.logging.LearnLogger logQuery
INFO: [ε | challenge_v0 success_request_with_credentials eap_success id_request_v0 tlv_request tlv_request / ε | challenge_response_v0 success_response_v0 after_eap_success id_response_v0 tlv_success no_reply]
Aug 13, 2025 5:47:14 PM de.learnlib.logging.LearnLogger logQuery
INFO: [ε | challenge_v0 success_request_with_credentials eap_success id_request_v0 tlv_request success_request_with_credentials success_and_cryptobinding / ε | challenge_response_v0 success_response_v0 after_eap_success id_response_v0 tlv_success no_reply -]
Aug 13, 2025 5:47:17 PM de.learnlib.logging.LearnLogger logQuery
INFO: [ε | challenge_v0 success_request_with_credentials eap_success challenge_v0 tlv_request success_and_cryptobinding / ε | challenge_response_v0 success_response_v0 after_eap_success challenge_response_v0 tlv_success no_reply]
Aug 13, 2025 5:47:21 PM de.learnlib.logging.LearnLogger logQuery
INFO: [ε | challenge_v0 success_request_with_credentials eap_success challenge_v0 tlv_request tlv_request / ε | challenge_response_v0 success_response_v0 after_eap_success challenge_response_v0 tlv_success no_reply]
Aug 13, 2025 5:47:24 PM de.learnlib.logging.LearnLogger logQuery
INFO: [ε | challenge_v0 success_request_with_credentials eap_success challenge_v0 tlv_request success_request_with_credentials success_and_cryptobinding / ε | challenge_response_v0 success_response_v0 after_eap_success challenge_response_v0 tlv_success no_reply -]
Aug 13, 2025 5:47:27 PM de.learnlib.logging.LearnLogger logQuery
INFO: [ε | challenge_v0 success_request_with_credentials eap_success success_request_with_credentials tlv_request success_and_cryptobinding / ε | challenge_response_v0 success_response_v0 after_eap_success success_response_v0 tlv_success no_reply]
Aug 13, 2025 5:47:31 PM de.learnlib.logging.LearnLogger logQuery
INFO: [ε | challenge_v0 success_request_with_credentials eap_success success_request_with_credentials tlv_request tlv_request / ε | challenge_response_v0 success_response_v0 after_eap_success success_response_v0 tlv_success no_reply]
Aug 13, 2025 5:47:34 PM de.learnlib.logging.LearnLogger logQuery
INFO: [ε | challenge_v0 success_request_with_credentials eap_success success_request_with_credentials tlv_request success_request_with_credentials success_and_cryptobinding / ε | challenge_response_v0 success_response_v0 after_eap_success success_response_v0 tlv_success no_reply -]
Aug 13, 2025 5:47:38 PM de.learnlib.logging.LearnLogger logQuery
INFO: [ε | challenge_v0 success_request_with_credentials eap_success eap_success tlv_request success_and_cryptobinding / ε | challenge_response_v0 success_response_v0 after_eap_success after_eap_success tlv_success no_reply]
Aug 13, 2025 5:47:42 PM de.learnlib.logging.LearnLogger logQuery
INFO: [ε | challenge_v0 success_request_with_credentials eap_success eap_success tlv_request tlv_request / ε | challenge_response_v0 success_response_v0 after_eap_success after_eap_success tlv_success no_reply]
Aug 13, 2025 5:47:46 PM de.learnlib.logging.LearnLogger logQuery
INFO: [ε | challenge_v0 success_request_with_credentials eap_success eap_success tlv_request success_request_with_credentials success_and_cryptobinding / ε | challenge_response_v0 success_response_v0 after_eap_success after_eap_success tlv_success no_reply -]
Aug 13, 2025 5:47:49 PM de.learnlib.logging.LearnLogger logQuery
INFO: [ε | challenge_v0 success_request_with_credentials eap_success id_request_v0 tlv_failure / ε | challenge_response_v0 success_response_v0 after_eap_success id_response_v0 tlv_failureencrypted_alert]
Aug 13, 2025 5:47:52 PM de.learnlib.logging.LearnLogger logQuery
INFO: [ε | challenge_v0 success_request_with_credentials eap_success challenge_v0 tlv_failure / ε | challenge_response_v0 success_response_v0 after_eap_success challenge_response_v0 tlv_failureencrypted_alert]
Aug 13, 2025 5:47:56 PM de.learnlib.logging.LearnLogger logQuery
INFO: [ε | challenge_v0 success_request_with_credentials eap_success tlv_request tlv_failure / ε | challenge_response_v0 success_response_v0 after_eap_success tlv_success no_reply]
Aug 13, 2025 5:47:58 PM de.learnlib.logging.LearnLogger logQuery
INFO: [ε | challenge_v0 success_request_with_credentials eap_success success_request_with_credentials tlv_failure / ε | challenge_response_v0 success_response_v0 after_eap_success success_response_v0 tlv_failureencrypted_alert]
Aug 13, 2025 5:48:02 PM de.learnlib.logging.LearnLogger logQuery
INFO: [ε | challenge_v0 success_request_with_credentials eap_success success_and_cryptobinding tlv_failure / ε | challenge_response_v0 success_response_v0 after_eap_success tlv_success_and_cryptobinding no_reply]
Aug 13, 2025 5:48:05 PM de.learnlib.logging.LearnLogger logQuery
INFO: [ε | challenge_v0 success_request_with_credentials eap_success eap_success tlv_failure / ε | challenge_response_v0 success_response_v0 after_eap_success after_eap_success tlv_failureencrypted_alert]
Aug 13, 2025 5:48:08 PM de.learnlib.logging.LearnLogger logQuery
INFO: [ε | challenge_v0 success_request_with_credentials eap_success id_request_v0 success_request_all_zeros / ε | challenge_response_v0 success_response_v0 after_eap_success id_response_v0 encrypted_alert]
Aug 13, 2025 5:48:11 PM de.learnlib.logging.LearnLogger logQuery
INFO: [ε | challenge_v0 success_request_with_credentials eap_success challenge_v0 success_request_all_zeros / ε | challenge_response_v0 success_response_v0 after_eap_success challenge_response_v0 encrypted_alert]
Aug 13, 2025 5:48:15 PM de.learnlib.logging.LearnLogger logQuery
INFO: [ε | challenge_v0 success_request_with_credentials eap_success tlv_request success_request_all_zeros / ε | challenge_response_v0 success_response_v0 after_eap_success tlv_success no_reply]
Aug 13, 2025 5:48:18 PM de.learnlib.logging.LearnLogger logQuery
INFO: [ε | challenge_v0 success_request_with_credentials eap_success success_request_with_credentials success_request_all_zeros / ε | challenge_response_v0 success_response_v0 after_eap_success success_response_v0 encrypted_alert]
Aug 13, 2025 5:48:21 PM de.learnlib.logging.LearnLogger logQuery
INFO: [ε | challenge_v0 success_request_with_credentials eap_success success_and_cryptobinding success_request_all_zeros / ε | challenge_response_v0 success_response_v0 after_eap_success tlv_success_and_cryptobinding no_reply]
Aug 13, 2025 5:48:25 PM de.learnlib.logging.LearnLogger logQuery
INFO: [ε | challenge_v0 success_request_with_credentials eap_success eap_success success_request_all_zeros / ε | challenge_response_v0 success_response_v0 after_eap_success after_eap_success encrypted_alert]
Aug 13, 2025 5:48:28 PM de.learnlib.logging.LearnLogger logQuery
INFO: [ε | challenge_v0 success_request_with_credentials eap_success id_request_v0 success_request_with_credentials tlv_request / ε | challenge_response_v0 success_response_v0 after_eap_success id_response_v0 success_response_v0 tlv_success]
Aug 13, 2025 5:48:30 PM de.learnlib.logging.LearnLogger logQuery
INFO: [ε | challenge_v0 success_request_with_credentials eap_success id_request_v0 success_request_with_credentials success_request_with_credentials success_and_cryptobinding / ε | challenge_response_v0 success_response_v0 after_eap_success id_response_v0 success_response_v0 success_response_v0 tlv_success_and_cryptobinding]
Aug 13, 2025 5:48:33 PM de.learnlib.logging.LearnLogger logQuery
INFO: [ε | challenge_v0 success_request_with_credentials eap_success challenge_v0 success_request_with_credentials tlv_request / ε | challenge_response_v0 success_response_v0 after_eap_success challenge_response_v0 success_response_v0 tlv_success]
Aug 13, 2025 5:48:36 PM de.learnlib.logging.LearnLogger logQuery
INFO: [ε | challenge_v0 success_request_with_credentials eap_success challenge_v0 success_request_with_credentials success_request_with_credentials success_and_cryptobinding / ε | challenge_response_v0 success_response_v0 after_eap_success challenge_response_v0 success_response_v0 success_response_v0 tlv_success_and_cryptobinding]
Aug 13, 2025 5:48:39 PM de.learnlib.logging.LearnLogger logQuery
INFO: [ε | challenge_v0 success_request_with_credentials eap_success success_request_with_credentials success_request_with_credentials tlv_request / ε | challenge_response_v0 success_response_v0 after_eap_success success_response_v0 success_response_v0 tlv_success]
Aug 13, 2025 5:48:42 PM de.learnlib.logging.LearnLogger logQuery
INFO: [ε | challenge_v0 success_request_with_credentials eap_success success_request_with_credentials success_request_with_credentials success_request_with_credentials success_and_cryptobinding / ε | challenge_response_v0 success_response_v0 after_eap_success success_response_v0 success_response_v0 success_response_v0 tlv_success_and_cryptobinding]
Aug 13, 2025 5:48:45 PM de.learnlib.logging.LearnLogger logQuery
INFO: [ε | challenge_v0 success_request_with_credentials eap_success eap_success success_request_with_credentials tlv_request / ε | challenge_response_v0 success_response_v0 after_eap_success after_eap_success success_response_v0 tlv_success]
Aug 13, 2025 5:48:48 PM de.learnlib.logging.LearnLogger logQuery
INFO: [ε | challenge_v0 success_request_with_credentials eap_success eap_success success_request_with_credentials success_request_with_credentials success_and_cryptobinding / ε | challenge_response_v0 success_response_v0 after_eap_success after_eap_success success_response_v0 success_response_v0 tlv_success_and_cryptobinding]
Aug 13, 2025 5:48:51 PM de.learnlib.logging.LearnLogger logQuery
INFO: [ε | challenge_v0 success_request_with_credentials eap_success id_request_v0 success_and_cryptobinding success_and_cryptobinding / ε | challenge_response_v0 success_response_v0 after_eap_success id_response_v0 tlv_success_and_cryptobinding no_reply]
Aug 13, 2025 5:48:55 PM de.learnlib.logging.LearnLogger logQuery
INFO: [ε | challenge_v0 success_request_with_credentials eap_success id_request_v0 success_and_cryptobinding tlv_request / ε | challenge_response_v0 success_response_v0 after_eap_success id_response_v0 tlv_success_and_cryptobinding no_reply]
Aug 13, 2025 5:48:58 PM de.learnlib.logging.LearnLogger logQuery
INFO: [ε | challenge_v0 success_request_with_credentials eap_success id_request_v0 success_and_cryptobinding success_request_with_credentials success_and_cryptobinding / ε | challenge_response_v0 success_response_v0 after_eap_success id_response_v0 tlv_success_and_cryptobinding no_reply -]
Aug 13, 2025 5:49:02 PM de.learnlib.logging.LearnLogger logQuery
INFO: [ε | challenge_v0 success_request_with_credentials eap_success success_request_with_credentials success_and_cryptobinding success_and_cryptobinding / ε | challenge_response_v0 success_response_v0 after_eap_success success_response_v0 tlv_success_and_cryptobinding no_reply]
Aug 13, 2025 5:49:05 PM de.learnlib.logging.LearnLogger logQuery
INFO: [ε | challenge_v0 success_request_with_credentials eap_success success_request_with_credentials success_and_cryptobinding tlv_request / ε | challenge_response_v0 success_response_v0 after_eap_success success_response_v0 tlv_success_and_cryptobinding no_reply]
Aug 13, 2025 5:49:09 PM de.learnlib.logging.LearnLogger logQuery
INFO: [ε | challenge_v0 success_request_with_credentials eap_success success_request_with_credentials success_and_cryptobinding success_request_with_credentials success_and_cryptobinding / ε | challenge_response_v0 success_response_v0 after_eap_success success_response_v0 tlv_success_and_cryptobinding no_reply -]
Aug 13, 2025 5:49:12 PM de.learnlib.logging.LearnLogger logQuery
INFO: [ε | challenge_v0 success_request_with_credentials eap_success eap_success success_and_cryptobinding success_and_cryptobinding / ε | challenge_response_v0 success_response_v0 after_eap_success after_eap_success tlv_success_and_cryptobinding no_reply]
Aug 13, 2025 5:49:16 PM de.learnlib.logging.LearnLogger logQuery
INFO: [ε | challenge_v0 success_request_with_credentials eap_success eap_success success_and_cryptobinding tlv_request / ε | challenge_response_v0 success_response_v0 after_eap_success after_eap_success tlv_success_and_cryptobinding no_reply]
Aug 13, 2025 5:49:20 PM de.learnlib.logging.LearnLogger logQuery
INFO: [ε | challenge_v0 success_request_with_credentials eap_success eap_success success_and_cryptobinding success_request_with_credentials success_and_cryptobinding / ε | challenge_response_v0 success_response_v0 after_eap_success after_eap_success tlv_success_and_cryptobinding no_reply -]
Aug 13, 2025 5:49:23 PM de.learnlib.logging.LearnLogger logQuery
INFO: [ε | challenge_v0 success_request_with_credentials eap_success id_request_v0 cryptobinding / ε | challenge_response_v0 success_response_v0 after_eap_success id_response_v0 tlv_cryptobindingencrypted_alert]
Aug 13, 2025 5:49:27 PM de.learnlib.logging.LearnLogger logQuery
INFO: [ε | challenge_v0 success_request_with_credentials eap_success challenge_v0 cryptobinding / ε | challenge_response_v0 success_response_v0 after_eap_success challenge_response_v0 no_reply]
Aug 13, 2025 5:49:30 PM de.learnlib.logging.LearnLogger logQuery
INFO: [ε | challenge_v0 success_request_with_credentials eap_success tlv_request cryptobinding / ε | challenge_response_v0 success_response_v0 after_eap_success tlv_success no_reply]
Aug 13, 2025 5:49:33 PM de.learnlib.logging.LearnLogger logQuery
INFO: [ε | challenge_v0 success_request_with_credentials eap_success success_request_with_credentials cryptobinding / ε | challenge_response_v0 success_response_v0 after_eap_success success_response_v0 tlv_cryptobindingencrypted_alert]
Aug 13, 2025 5:49:37 PM de.learnlib.logging.LearnLogger logQuery
INFO: [ε | challenge_v0 success_request_with_credentials eap_success success_and_cryptobinding cryptobinding / ε | challenge_response_v0 success_response_v0 after_eap_success tlv_success_and_cryptobinding no_reply]
Aug 13, 2025 5:49:40 PM de.learnlib.logging.LearnLogger logQuery
INFO: [ε | challenge_v0 success_request_with_credentials eap_success eap_success cryptobinding / ε | challenge_response_v0 success_response_v0 after_eap_success after_eap_success tlv_cryptobindingencrypted_alert]
Aug 13, 2025 5:49:43 PM de.learnlib.logging.LearnLogger logQuery
INFO: [ε | challenge_v0 success_request_with_credentials eap_success id_request_v0 eap_success / ε | challenge_response_v0 success_response_v0 after_eap_success id_response_v0 after_eap_success]
Aug 13, 2025 5:49:47 PM de.learnlib.logging.LearnLogger logQuery
INFO: [ε | challenge_v0 success_request_with_credentials eap_success id_request_v0 eap_success success_and_cryptobinding / ε | challenge_response_v0 success_response_v0 after_eap_success id_response_v0 after_eap_success tlv_success_and_cryptobinding]
Aug 13, 2025 5:49:50 PM de.learnlib.logging.LearnLogger logQuery
INFO: [ε | challenge_v0 success_request_with_credentials eap_success id_request_v0 eap_success tlv_request / ε | challenge_response_v0 success_response_v0 after_eap_success id_response_v0 after_eap_success tlv_success]
Aug 13, 2025 5:49:53 PM de.learnlib.logging.LearnLogger logQuery
INFO: [ε | challenge_v0 success_request_with_credentials eap_success id_request_v0 eap_success success_request_with_credentials success_and_cryptobinding / ε | challenge_response_v0 success_response_v0 after_eap_success id_response_v0 after_eap_success success_response_v0 tlv_success_and_cryptobinding]
Aug 13, 2025 5:49:57 PM de.learnlib.logging.LearnLogger logQuery
INFO: [ε | challenge_v0 success_request_with_credentials eap_success challenge_v0 eap_success / ε | challenge_response_v0 success_response_v0 after_eap_success challenge_response_v0 after_eap_success]
Aug 13, 2025 5:50:00 PM de.learnlib.logging.LearnLogger logQuery
INFO: [ε | challenge_v0 success_request_with_credentials eap_success challenge_v0 eap_success success_and_cryptobinding / ε | challenge_response_v0 success_response_v0 after_eap_success challenge_response_v0 after_eap_success no_reply]
Aug 13, 2025 5:50:04 PM de.learnlib.logging.LearnLogger logQuery
INFO: [ε | challenge_v0 success_request_with_credentials eap_success challenge_v0 eap_success tlv_request / ε | challenge_response_v0 success_response_v0 after_eap_success challenge_response_v0 after_eap_success tlv_success]
Aug 13, 2025 5:50:07 PM de.learnlib.logging.LearnLogger logQuery
INFO: [ε | challenge_v0 success_request_with_credentials eap_success challenge_v0 eap_success success_request_with_credentials success_and_cryptobinding / ε | challenge_response_v0 success_response_v0 after_eap_success challenge_response_v0 after_eap_success success_response_v0 tlv_success_and_cryptobinding]
Aug 13, 2025 5:50:10 PM de.learnlib.logging.LearnLogger logQuery
INFO: [ε | challenge_v0 success_request_with_credentials eap_success tlv_request eap_success / ε | challenge_response_v0 success_response_v0 after_eap_success tlv_success after_eap_success]
Aug 13, 2025 5:50:14 PM de.learnlib.logging.LearnLogger logQuery
INFO: [ε | challenge_v0 success_request_with_credentials eap_success tlv_request eap_success success_and_cryptobinding / ε | challenge_response_v0 success_response_v0 after_eap_success tlv_success after_eap_success deauthentication]
Aug 13, 2025 5:50:17 PM de.learnlib.logging.LearnLogger logQuery
INFO: [ε | challenge_v0 success_request_with_credentials eap_success tlv_request eap_success tlv_request / ε | challenge_response_v0 success_response_v0 after_eap_success tlv_success after_eap_success deauthentication]
Aug 13, 2025 5:50:21 PM de.learnlib.logging.LearnLogger logQuery
INFO: [ε | challenge_v0 success_request_with_credentials eap_success tlv_request eap_success success_request_with_credentials success_and_cryptobinding / ε | challenge_response_v0 success_response_v0 after_eap_success tlv_success after_eap_success deauthentication -]
Aug 13, 2025 5:50:24 PM de.learnlib.logging.LearnLogger logQuery
INFO: [ε | challenge_v0 success_request_with_credentials eap_success success_request_with_credentials eap_success / ε | challenge_response_v0 success_response_v0 after_eap_success success_response_v0 after_eap_success]
Aug 13, 2025 5:50:27 PM de.learnlib.logging.LearnLogger logQuery
INFO: [ε | challenge_v0 success_request_with_credentials eap_success success_request_with_credentials eap_success success_and_cryptobinding / ε | challenge_response_v0 success_response_v0 after_eap_success success_response_v0 after_eap_success tlv_success_and_cryptobinding]
Aug 13, 2025 5:50:30 PM de.learnlib.logging.LearnLogger logQuery
INFO: [ε | challenge_v0 success_request_with_credentials eap_success success_request_with_credentials eap_success tlv_request / ε | challenge_response_v0 success_response_v0 after_eap_success success_response_v0 after_eap_success tlv_success]
Aug 13, 2025 5:50:34 PM de.learnlib.logging.LearnLogger logQuery
INFO: [ε | challenge_v0 success_request_with_credentials eap_success success_request_with_credentials eap_success success_request_with_credentials success_and_cryptobinding / ε | challenge_response_v0 success_response_v0 after_eap_success success_response_v0 after_eap_success success_response_v0 tlv_success_and_cryptobinding]
Aug 13, 2025 5:50:37 PM de.learnlib.logging.LearnLogger logQuery
INFO: [ε | challenge_v0 success_request_with_credentials eap_success success_and_cryptobinding eap_success / ε | challenge_response_v0 success_response_v0 after_eap_success tlv_success_and_cryptobinding after_eap_success]
Aug 13, 2025 5:50:40 PM de.learnlib.logging.LearnLogger logQuery
INFO: [ε | challenge_v0 success_request_with_credentials eap_success success_and_cryptobinding eap_success success_and_cryptobinding / ε | challenge_response_v0 success_response_v0 after_eap_success tlv_success_and_cryptobinding after_eap_success deauthentication]
Aug 13, 2025 5:50:44 PM de.learnlib.logging.LearnLogger logQuery
INFO: [ε | challenge_v0 success_request_with_credentials eap_success success_and_cryptobinding eap_success tlv_request / ε | challenge_response_v0 success_response_v0 after_eap_success tlv_success_and_cryptobinding after_eap_success deauthentication]
Aug 13, 2025 5:50:47 PM de.learnlib.logging.LearnLogger logQuery
INFO: [ε | challenge_v0 success_request_with_credentials eap_success success_and_cryptobinding eap_success success_request_with_credentials success_and_cryptobinding / ε | challenge_response_v0 success_response_v0 after_eap_success tlv_success_and_cryptobinding after_eap_success deauthentication -]
Aug 13, 2025 5:50:51 PM de.learnlib.logging.LearnLogger logQuery
INFO: [ε | challenge_v0 success_request_with_credentials eap_success eap_success eap_success / ε | challenge_response_v0 success_response_v0 after_eap_success after_eap_success after_eap_success]
Aug 13, 2025 5:50:55 PM de.learnlib.logging.LearnLogger logQuery
INFO: [ε | challenge_v0 success_request_with_credentials eap_success eap_success eap_success success_and_cryptobinding / ε | challenge_response_v0 success_response_v0 after_eap_success after_eap_success after_eap_success tlv_success_and_cryptobinding]
Aug 13, 2025 5:50:59 PM de.learnlib.logging.LearnLogger logQuery
INFO: [ε | challenge_v0 success_request_with_credentials eap_success eap_success eap_success tlv_request / ε | challenge_response_v0 success_response_v0 after_eap_success after_eap_success after_eap_success tlv_success]
Aug 13, 2025 5:51:02 PM de.learnlib.logging.LearnLogger logQuery
INFO: [ε | challenge_v0 success_request_with_credentials eap_success eap_success eap_success success_request_with_credentials success_and_cryptobinding / ε | challenge_response_v0 success_response_v0 after_eap_success after_eap_success after_eap_success success_response_v0 tlv_success_and_cryptobinding]
Aug 13, 2025 5:51:06 PM de.learnlib.logging.LearnLogger logQuery
INFO: [ε | challenge_v0 success_request_with_credentials eap_success id_request_v0 4_way_message_1 / ε | challenge_response_v0 success_response_v0 after_eap_success id_response_v0 no_reply]
Aug 13, 2025 5:51:09 PM de.learnlib.logging.LearnLogger logQuery
INFO: [ε | challenge_v0 success_request_with_credentials eap_success challenge_v0 4_way_message_1 / ε | challenge_response_v0 success_response_v0 after_eap_success challenge_response_v0 no_reply]
Aug 13, 2025 5:51:12 PM de.learnlib.logging.LearnLogger logQuery
INFO: [ε | challenge_v0 success_request_with_credentials eap_success tlv_request 4_way_message_1 / ε | challenge_response_v0 success_response_v0 after_eap_success tlv_success 4_way_message_2]
Aug 13, 2025 5:51:16 PM de.learnlib.logging.LearnLogger logQuery
INFO: [ε | challenge_v0 success_request_with_credentials eap_success success_request_with_credentials 4_way_message_1 / ε | challenge_response_v0 success_response_v0 after_eap_success success_response_v0 no_reply]
Aug 13, 2025 5:51:19 PM de.learnlib.logging.LearnLogger logQuery
INFO: [ε | challenge_v0 success_request_with_credentials eap_success success_and_cryptobinding 4_way_message_1 / ε | challenge_response_v0 success_response_v0 after_eap_success tlv_success_and_cryptobinding 4_way_message_2]
Aug 13, 2025 5:51:23 PM de.learnlib.logging.LearnLogger logQuery
INFO: [ε | challenge_v0 success_request_with_credentials eap_success eap_success 4_way_message_1 / ε | challenge_response_v0 success_response_v0 after_eap_success after_eap_success no_reply]
Aug 13, 2025 5:51:25 PM de.learnlib.logging.LearnLogger logQuery
INFO: [ε | success_request_with_credentials challenge_v0 id_request_v0 id_request_v0 id_request_v0 / ε | success_response_v0 challenge_response_v0 id_response_v0 id_response_v0 id_response_v0]
Aug 13, 2025 5:51:28 PM de.learnlib.logging.LearnLogger logQuery
INFO: [ε | success_request_with_credentials challenge_v0 id_request_v0 id_request_v0 id_request_v0 success_and_cryptobinding / ε | success_response_v0 challenge_response_v0 id_response_v0 id_response_v0 id_response_v0 no_reply]
Aug 13, 2025 5:51:31 PM de.learnlib.logging.LearnLogger logQuery
INFO: [ε | success_request_with_credentials challenge_v0 id_request_v0 id_request_v0 id_request_v0 tlv_request / ε | success_response_v0 challenge_response_v0 id_response_v0 id_response_v0 id_response_v0 tlv_success]
Aug 13, 2025 5:51:33 PM de.learnlib.logging.LearnLogger logQuery
INFO: [ε | success_request_with_credentials challenge_v0 id_request_v0 id_request_v0 id_request_v0 success_request_with_credentials success_and_cryptobinding / ε | success_response_v0 challenge_response_v0 id_response_v0 id_response_v0 id_response_v0 success_response_v0 tlv_success_and_cryptobinding]
Aug 13, 2025 5:51:35 PM de.learnlib.logging.LearnLogger logQuery
INFO: [ε | success_request_with_credentials challenge_v0 id_request_v0 challenge_v0 id_request_v0 / ε | success_response_v0 challenge_response_v0 id_response_v0 challenge_response_v0 id_response_v0]
Aug 13, 2025 5:51:38 PM de.learnlib.logging.LearnLogger logQuery
INFO: [ε | success_request_with_credentials challenge_v0 id_request_v0 challenge_v0 id_request_v0 success_and_cryptobinding / ε | success_response_v0 challenge_response_v0 id_response_v0 challenge_response_v0 id_response_v0 no_reply]
Aug 13, 2025 5:51:40 PM de.learnlib.logging.LearnLogger logQuery
INFO: [ε | success_request_with_credentials challenge_v0 id_request_v0 challenge_v0 id_request_v0 tlv_request / ε | success_response_v0 challenge_response_v0 id_response_v0 challenge_response_v0 id_response_v0 tlv_success]
Aug 13, 2025 5:51:43 PM de.learnlib.logging.LearnLogger logQuery
INFO: [ε | success_request_with_credentials challenge_v0 id_request_v0 challenge_v0 id_request_v0 success_request_with_credentials success_and_cryptobinding / ε | success_response_v0 challenge_response_v0 id_response_v0 challenge_response_v0 id_response_v0 success_response_v0 tlv_success_and_cryptobinding]
Aug 13, 2025 5:51:46 PM de.learnlib.logging.LearnLogger logQuery
INFO: [ε | success_request_with_credentials challenge_v0 id_request_v0 tlv_request id_request_v0 / ε | success_response_v0 challenge_response_v0 id_response_v0 tlv_success no_reply]
Aug 13, 2025 5:51:48 PM de.learnlib.logging.LearnLogger logQuery
INFO: [ε | success_request_with_credentials challenge_v0 id_request_v0 success_request_with_credentials id_request_v0 / ε | success_response_v0 challenge_response_v0 id_response_v0 success_response_v0 id_response_v0]
Aug 13, 2025 5:51:50 PM de.learnlib.logging.LearnLogger logQuery
INFO: [ε | success_request_with_credentials challenge_v0 id_request_v0 success_request_with_credentials id_request_v0 success_and_cryptobinding / ε | success_response_v0 challenge_response_v0 id_response_v0 success_response_v0 id_response_v0 tlv_success_and_cryptobinding]
Aug 13, 2025 5:51:53 PM de.learnlib.logging.LearnLogger logQuery
INFO: [ε | success_request_with_credentials challenge_v0 id_request_v0 success_request_with_credentials id_request_v0 tlv_request / ε | success_response_v0 challenge_response_v0 id_response_v0 success_response_v0 id_response_v0 tlv_success]
Aug 13, 2025 5:51:55 PM de.learnlib.logging.LearnLogger logQuery
INFO: [ε | success_request_with_credentials challenge_v0 id_request_v0 success_request_with_credentials id_request_v0 success_request_with_credentials success_and_cryptobinding / ε | success_response_v0 challenge_response_v0 id_response_v0 success_response_v0 id_response_v0 success_response_v0 tlv_success_and_cryptobinding]
Aug 13, 2025 5:51:58 PM de.learnlib.logging.LearnLogger logQuery
INFO: [ε | success_request_with_credentials challenge_v0 id_request_v0 eap_success id_request_v0 / ε | success_response_v0 challenge_response_v0 id_response_v0 after_eap_success id_response_v0]
Aug 13, 2025 5:52:01 PM de.learnlib.logging.LearnLogger logQuery
INFO: [ε | success_request_with_credentials challenge_v0 id_request_v0 eap_success id_request_v0 success_and_cryptobinding / ε | success_response_v0 challenge_response_v0 id_response_v0 after_eap_success id_response_v0 no_reply]
Aug 13, 2025 5:52:04 PM de.learnlib.logging.LearnLogger logQuery
INFO: [ε | success_request_with_credentials challenge_v0 id_request_v0 eap_success id_request_v0 tlv_request / ε | success_response_v0 challenge_response_v0 id_response_v0 after_eap_success id_response_v0 tlv_success]
Aug 13, 2025 5:52:07 PM de.learnlib.logging.LearnLogger logQuery
INFO: [ε | success_request_with_credentials challenge_v0 id_request_v0 eap_success id_request_v0 success_request_with_credentials success_and_cryptobinding / ε | success_response_v0 challenge_response_v0 id_response_v0 after_eap_success id_response_v0 success_response_v0 tlv_success_and_cryptobinding]
Aug 13, 2025 5:52:09 PM de.learnlib.logging.LearnLogger logQuery
INFO: [ε | success_request_with_credentials challenge_v0 id_request_v0 id_request_v0 challenge_v0 / ε | success_response_v0 challenge_response_v0 id_response_v0 id_response_v0 challenge_response_v0]
Aug 13, 2025 5:52:12 PM de.learnlib.logging.LearnLogger logQuery
INFO: [ε | success_request_with_credentials challenge_v0 id_request_v0 id_request_v0 challenge_v0 success_and_cryptobinding / ε | success_response_v0 challenge_response_v0 id_response_v0 id_response_v0 challenge_response_v0 no_reply]
Aug 13, 2025 5:52:14 PM de.learnlib.logging.LearnLogger logQuery
INFO: [ε | success_request_with_credentials challenge_v0 id_request_v0 id_request_v0 challenge_v0 tlv_request / ε | success_response_v0 challenge_response_v0 id_response_v0 id_response_v0 challenge_response_v0 tlv_success]
Aug 13, 2025 5:52:16 PM de.learnlib.logging.LearnLogger logQuery
INFO: [ε | success_request_with_credentials challenge_v0 id_request_v0 id_request_v0 challenge_v0 success_request_with_credentials success_and_cryptobinding / ε | success_response_v0 challenge_response_v0 id_response_v0 id_response_v0 challenge_response_v0 success_response_v0 tlv_success_and_cryptobinding]
Aug 13, 2025 5:52:19 PM de.learnlib.logging.LearnLogger logQuery
INFO: [ε | success_request_with_credentials challenge_v0 id_request_v0 challenge_v0 challenge_v0 / ε | success_response_v0 challenge_response_v0 id_response_v0 challenge_response_v0 challenge_response_v0]
Aug 13, 2025 5:52:21 PM de.learnlib.logging.LearnLogger logQuery
INFO: [ε | success_request_with_credentials challenge_v0 id_request_v0 challenge_v0 challenge_v0 success_and_cryptobinding / ε | success_response_v0 challenge_response_v0 id_response_v0 challenge_response_v0 challenge_response_v0 no_reply]
Aug 13, 2025 5:52:24 PM de.learnlib.logging.LearnLogger logQuery
INFO: [ε | success_request_with_credentials challenge_v0 id_request_v0 challenge_v0 challenge_v0 tlv_request / ε | success_response_v0 challenge_response_v0 id_response_v0 challenge_response_v0 challenge_response_v0 tlv_success]
Aug 13, 2025 5:52:26 PM de.learnlib.logging.LearnLogger logQuery
INFO: [ε | success_request_with_credentials challenge_v0 id_request_v0 challenge_v0 challenge_v0 success_request_with_credentials success_and_cryptobinding / ε | success_response_v0 challenge_response_v0 id_response_v0 challenge_response_v0 challenge_response_v0 success_response_v0 tlv_success_and_cryptobinding]
Aug 13, 2025 5:52:29 PM de.learnlib.logging.LearnLogger logQuery
INFO: [ε | success_request_with_credentials challenge_v0 id_request_v0 tlv_request challenge_v0 / ε | success_response_v0 challenge_response_v0 id_response_v0 tlv_success no_reply]
Aug 13, 2025 5:52:31 PM de.learnlib.logging.LearnLogger logQuery
INFO: [ε | success_request_with_credentials challenge_v0 id_request_v0 success_request_with_credentials challenge_v0 / ε | success_response_v0 challenge_response_v0 id_response_v0 success_response_v0 challenge_response_v0]
Aug 13, 2025 5:52:34 PM de.learnlib.logging.LearnLogger logQuery
INFO: [ε | success_request_with_credentials challenge_v0 id_request_v0 success_request_with_credentials challenge_v0 success_and_cryptobinding / ε | success_response_v0 challenge_response_v0 id_response_v0 success_response_v0 challenge_response_v0 no_reply]
Aug 13, 2025 5:52:37 PM de.learnlib.logging.LearnLogger logQuery
INFO: [ε | success_request_with_credentials challenge_v0 id_request_v0 success_request_with_credentials challenge_v0 tlv_request / ε | success_response_v0 challenge_response_v0 id_response_v0 success_response_v0 challenge_response_v0 tlv_success]
Aug 13, 2025 5:52:39 PM de.learnlib.logging.LearnLogger logQuery
INFO: [ε | success_request_with_credentials challenge_v0 id_request_v0 success_request_with_credentials challenge_v0 success_request_with_credentials success_and_cryptobinding / ε | success_response_v0 challenge_response_v0 id_response_v0 success_response_v0 challenge_response_v0 success_response_v0 tlv_success_and_cryptobinding]
Aug 13, 2025 5:52:42 PM de.learnlib.logging.LearnLogger logQuery
INFO: [ε | success_request_with_credentials challenge_v0 id_request_v0 eap_success challenge_v0 / ε | success_response_v0 challenge_response_v0 id_response_v0 after_eap_success challenge_response_v0]
Aug 13, 2025 5:52:45 PM de.learnlib.logging.LearnLogger logQuery
INFO: [ε | success_request_with_credentials challenge_v0 id_request_v0 eap_success challenge_v0 success_and_cryptobinding / ε | success_response_v0 challenge_response_v0 id_response_v0 after_eap_success challenge_response_v0 no_reply]
Aug 13, 2025 5:52:48 PM de.learnlib.logging.LearnLogger logQuery
INFO: [ε | success_request_with_credentials challenge_v0 id_request_v0 eap_success challenge_v0 tlv_request / ε | success_response_v0 challenge_response_v0 id_response_v0 after_eap_success challenge_response_v0 tlv_success]
Aug 13, 2025 5:52:57 PM de.learnlib.logging.LearnLogger logQuery
INFO: [ε | success_request_with_credentials challenge_v0 id_request_v0 eap_success challenge_v0 success_request_with_credentials success_and_cryptobinding / ε | success_response_v0 challenge_response_v0 id_response_v0 after_eap_success challenge_response_v0 success_response_v0 tlv_success_and_cryptobinding]
Aug 13, 2025 5:52:59 PM de.learnlib.logging.LearnLogger logQuery
INFO: [ε | success_request_with_credentials challenge_v0 id_request_v0 id_request_v0 tlv_request success_and_cryptobinding / ε | success_response_v0 challenge_response_v0 id_response_v0 id_response_v0 tlv_success no_reply]
Aug 13, 2025 5:53:02 PM de.learnlib.logging.LearnLogger logQuery
INFO: [ε | success_request_with_credentials challenge_v0 id_request_v0 id_request_v0 tlv_request tlv_request / ε | success_response_v0 challenge_response_v0 id_response_v0 id_response_v0 tlv_success no_reply]
Aug 13, 2025 5:53:05 PM de.learnlib.logging.LearnLogger logQuery
INFO: [ε | success_request_with_credentials challenge_v0 id_request_v0 id_request_v0 tlv_request success_request_with_credentials success_and_cryptobinding / ε | success_response_v0 challenge_response_v0 id_response_v0 id_response_v0 tlv_success no_reply -]
Aug 13, 2025 5:53:08 PM de.learnlib.logging.LearnLogger logQuery
INFO: [ε | success_request_with_credentials challenge_v0 id_request_v0 challenge_v0 tlv_request success_and_cryptobinding / ε | success_response_v0 challenge_response_v0 id_response_v0 challenge_response_v0 tlv_success no_reply]
Aug 13, 2025 5:53:11 PM de.learnlib.logging.LearnLogger logQuery
INFO: [ε | success_request_with_credentials challenge_v0 id_request_v0 challenge_v0 tlv_request tlv_request / ε | success_response_v0 challenge_response_v0 id_response_v0 challenge_response_v0 tlv_success no_reply]
Aug 13, 2025 5:53:14 PM de.learnlib.logging.LearnLogger logQuery
INFO: [ε | success_request_with_credentials challenge_v0 id_request_v0 challenge_v0 tlv_request success_request_with_credentials success_and_cryptobinding / ε | success_response_v0 challenge_response_v0 id_response_v0 challenge_response_v0 tlv_success no_reply -]
Aug 13, 2025 5:53:23 PM de.learnlib.logging.LearnLogger logQuery
INFO: [ε | success_request_with_credentials challenge_v0 id_request_v0 success_request_with_credentials tlv_request success_and_cryptobinding / ε | success_response_v0 challenge_response_v0 id_response_v0 success_response_v0 tlv_success no_reply]
Aug 13, 2025 5:53:26 PM de.learnlib.logging.LearnLogger logQuery
INFO: [ε | success_request_with_credentials challenge_v0 id_request_v0 success_request_with_credentials tlv_request tlv_request / ε | success_response_v0 challenge_response_v0 id_response_v0 success_response_v0 tlv_success no_reply]
Aug 13, 2025 5:53:29 PM de.learnlib.logging.LearnLogger logQuery
INFO: [ε | success_request_with_credentials challenge_v0 id_request_v0 success_request_with_credentials tlv_request success_request_with_credentials success_and_cryptobinding / ε | success_response_v0 challenge_response_v0 id_response_v0 success_response_v0 tlv_success no_reply -]
Aug 13, 2025 5:53:32 PM de.learnlib.logging.LearnLogger logQuery
INFO: [ε | success_request_with_credentials challenge_v0 id_request_v0 eap_success tlv_request success_and_cryptobinding / ε | success_response_v0 challenge_response_v0 id_response_v0 after_eap_success tlv_success no_reply]
Aug 13, 2025 5:53:36 PM de.learnlib.logging.LearnLogger logQuery
INFO: [ε | success_request_with_credentials challenge_v0 id_request_v0 eap_success tlv_request tlv_request / ε | success_response_v0 challenge_response_v0 id_response_v0 after_eap_success tlv_success no_reply]
Aug 13, 2025 5:53:39 PM de.learnlib.logging.LearnLogger logQuery
INFO: [ε | success_request_with_credentials challenge_v0 id_request_v0 eap_success tlv_request success_request_with_credentials success_and_cryptobinding / ε | success_response_v0 challenge_response_v0 id_response_v0 after_eap_success tlv_success no_reply -]
Aug 13, 2025 5:53:41 PM de.learnlib.logging.LearnLogger logQuery
INFO: [ε | success_request_with_credentials challenge_v0 id_request_v0 id_request_v0 tlv_failure / ε | success_response_v0 challenge_response_v0 id_response_v0 id_response_v0 tlv_failureencrypted_alert]
Aug 13, 2025 5:53:44 PM de.learnlib.logging.LearnLogger logQuery
INFO: [ε | success_request_with_credentials challenge_v0 id_request_v0 challenge_v0 tlv_failure / ε | success_response_v0 challenge_response_v0 id_response_v0 challenge_response_v0 tlv_failureencrypted_alert]
Aug 13, 2025 5:53:47 PM de.learnlib.logging.LearnLogger logQuery
INFO: [ε | success_request_with_credentials challenge_v0 id_request_v0 tlv_request tlv_failure / ε | success_response_v0 challenge_response_v0 id_response_v0 tlv_success no_reply]
Aug 13, 2025 5:53:49 PM de.learnlib.logging.LearnLogger logQuery
INFO: [ε | success_request_with_credentials challenge_v0 id_request_v0 success_request_with_credentials tlv_failure / ε | success_response_v0 challenge_response_v0 id_response_v0 success_response_v0 tlv_failureencrypted_alert]
Aug 13, 2025 5:53:52 PM de.learnlib.logging.LearnLogger logQuery
INFO: [ε | success_request_with_credentials challenge_v0 id_request_v0 eap_success tlv_failure / ε | success_response_v0 challenge_response_v0 id_response_v0 after_eap_success tlv_failureencrypted_alert]
Aug 13, 2025 5:53:55 PM de.learnlib.logging.LearnLogger logQuery
INFO: [ε | success_request_with_credentials challenge_v0 id_request_v0 id_request_v0 success_request_all_zeros / ε | success_response_v0 challenge_response_v0 id_response_v0 id_response_v0 encrypted_alert]
Aug 13, 2025 5:53:57 PM de.learnlib.logging.LearnLogger logQuery
INFO: [ε | success_request_with_credentials challenge_v0 id_request_v0 challenge_v0 success_request_all_zeros / ε | success_response_v0 challenge_response_v0 id_response_v0 challenge_response_v0 encrypted_alert]
Aug 13, 2025 5:54:00 PM de.learnlib.logging.LearnLogger logQuery
INFO: [ε | success_request_with_credentials challenge_v0 id_request_v0 tlv_request success_request_all_zeros / ε | success_response_v0 challenge_response_v0 id_response_v0 tlv_success no_reply]
Aug 13, 2025 5:54:03 PM de.learnlib.logging.LearnLogger logQuery
INFO: [ε | success_request_with_credentials challenge_v0 id_request_v0 success_request_with_credentials success_request_all_zeros / ε | success_response_v0 challenge_response_v0 id_response_v0 success_response_v0 encrypted_alert]
Aug 13, 2025 5:54:05 PM de.learnlib.logging.LearnLogger logQuery
INFO: [ε | success_request_with_credentials challenge_v0 id_request_v0 eap_success success_request_all_zeros / ε | success_response_v0 challenge_response_v0 id_response_v0 after_eap_success encrypted_alert]
Aug 13, 2025 5:54:08 PM de.learnlib.logging.LearnLogger logQuery
INFO: [ε | success_request_with_credentials challenge_v0 id_request_v0 id_request_v0 success_request_with_credentials tlv_request / ε | success_response_v0 challenge_response_v0 id_response_v0 id_response_v0 success_response_v0 tlv_success]
Aug 13, 2025 5:54:10 PM de.learnlib.logging.LearnLogger logQuery
INFO: [ε | success_request_with_credentials challenge_v0 id_request_v0 id_request_v0 success_request_with_credentials success_request_with_credentials success_and_cryptobinding / ε | success_response_v0 challenge_response_v0 id_response_v0 id_response_v0 success_response_v0 success_response_v0 tlv_success_and_cryptobinding]
Aug 13, 2025 5:54:13 PM de.learnlib.logging.LearnLogger logQuery
INFO: [ε | success_request_with_credentials challenge_v0 id_request_v0 challenge_v0 success_request_with_credentials tlv_request / ε | success_response_v0 challenge_response_v0 id_response_v0 challenge_response_v0 success_response_v0 tlv_success]
Aug 13, 2025 5:54:15 PM de.learnlib.logging.LearnLogger logQuery
INFO: [ε | success_request_with_credentials challenge_v0 id_request_v0 challenge_v0 success_request_with_credentials success_request_with_credentials success_and_cryptobinding / ε | success_response_v0 challenge_response_v0 id_response_v0 challenge_response_v0 success_response_v0 success_response_v0 tlv_success_and_cryptobinding]
Aug 13, 2025 5:54:17 PM de.learnlib.logging.LearnLogger logQuery
INFO: [ε | success_request_with_credentials challenge_v0 id_request_v0 success_request_with_credentials success_request_with_credentials tlv_request / ε | success_response_v0 challenge_response_v0 id_response_v0 success_response_v0 success_response_v0 tlv_success]
Aug 13, 2025 5:54:19 PM de.learnlib.logging.LearnLogger logQuery
INFO: [ε | success_request_with_credentials challenge_v0 id_request_v0 success_request_with_credentials success_request_with_credentials success_request_with_credentials success_and_cryptobinding / ε | success_response_v0 challenge_response_v0 id_response_v0 success_response_v0 success_response_v0 success_response_v0 tlv_success_and_cryptobinding]
Aug 13, 2025 5:54:22 PM de.learnlib.logging.LearnLogger logQuery
INFO: [ε | success_request_with_credentials challenge_v0 id_request_v0 eap_success success_request_with_credentials tlv_request / ε | success_response_v0 challenge_response_v0 id_response_v0 after_eap_success success_response_v0 tlv_success]
Aug 13, 2025 5:54:25 PM de.learnlib.logging.LearnLogger logQuery
INFO: [ε | success_request_with_credentials challenge_v0 id_request_v0 eap_success success_request_with_credentials success_request_with_credentials success_and_cryptobinding / ε | success_response_v0 challenge_response_v0 id_response_v0 after_eap_success success_response_v0 success_response_v0 tlv_success_and_cryptobinding]
Aug 13, 2025 5:54:28 PM de.learnlib.logging.LearnLogger logQuery
INFO: [ε | success_request_with_credentials challenge_v0 id_request_v0 success_request_with_credentials success_and_cryptobinding success_and_cryptobinding / ε | success_response_v0 challenge_response_v0 id_response_v0 success_response_v0 tlv_success_and_cryptobinding no_reply]
Aug 13, 2025 5:54:31 PM de.learnlib.logging.LearnLogger logQuery
INFO: [ε | success_request_with_credentials challenge_v0 id_request_v0 success_request_with_credentials success_and_cryptobinding tlv_request / ε | success_response_v0 challenge_response_v0 id_response_v0 success_response_v0 tlv_success_and_cryptobinding no_reply]
Aug 13, 2025 5:54:34 PM de.learnlib.logging.LearnLogger logQuery
INFO: [ε | success_request_with_credentials challenge_v0 id_request_v0 success_request_with_credentials success_and_cryptobinding success_request_with_credentials success_and_cryptobinding / ε | success_response_v0 challenge_response_v0 id_response_v0 success_response_v0 tlv_success_and_cryptobinding no_reply -]
Aug 13, 2025 5:54:36 PM de.learnlib.logging.LearnLogger logQuery
INFO: [ε | success_request_with_credentials challenge_v0 id_request_v0 id_request_v0 cryptobinding / ε | success_response_v0 challenge_response_v0 id_response_v0 id_response_v0 no_reply]
Aug 13, 2025 5:54:39 PM de.learnlib.logging.LearnLogger logQuery
INFO: [ε | success_request_with_credentials challenge_v0 id_request_v0 challenge_v0 cryptobinding / ε | success_response_v0 challenge_response_v0 id_response_v0 challenge_response_v0 no_reply]
Aug 13, 2025 5:54:42 PM de.learnlib.logging.LearnLogger logQuery
INFO: [ε | success_request_with_credentials challenge_v0 id_request_v0 tlv_request cryptobinding / ε | success_response_v0 challenge_response_v0 id_response_v0 tlv_success no_reply]
Aug 13, 2025 5:54:45 PM de.learnlib.logging.LearnLogger logQuery
INFO: [ε | success_request_with_credentials challenge_v0 id_request_v0 success_request_with_credentials cryptobinding / ε | success_response_v0 challenge_response_v0 id_response_v0 success_response_v0 tlv_cryptobindingencrypted_alert]
Aug 13, 2025 5:54:48 PM de.learnlib.logging.LearnLogger logQuery
INFO: [ε | success_request_with_credentials challenge_v0 id_request_v0 eap_success cryptobinding / ε | success_response_v0 challenge_response_v0 id_response_v0 after_eap_success no_reply]
Aug 13, 2025 5:54:51 PM de.learnlib.logging.LearnLogger logQuery
INFO: [ε | success_request_with_credentials challenge_v0 id_request_v0 id_request_v0 eap_success / ε | success_response_v0 challenge_response_v0 id_response_v0 id_response_v0 after_eap_success]
Aug 13, 2025 5:54:54 PM de.learnlib.logging.LearnLogger logQuery
INFO: [ε | success_request_with_credentials challenge_v0 id_request_v0 id_request_v0 eap_success success_and_cryptobinding / ε | success_response_v0 challenge_response_v0 id_response_v0 id_response_v0 after_eap_success no_reply]
Aug 13, 2025 5:54:57 PM de.learnlib.logging.LearnLogger logQuery
INFO: [ε | success_request_with_credentials challenge_v0 id_request_v0 id_request_v0 eap_success tlv_request / ε | success_response_v0 challenge_response_v0 id_response_v0 id_response_v0 after_eap_success tlv_success]
Aug 13, 2025 5:55:00 PM de.learnlib.logging.LearnLogger logQuery
INFO: [ε | success_request_with_credentials challenge_v0 id_request_v0 id_request_v0 eap_success success_request_with_credentials success_and_cryptobinding / ε | success_response_v0 challenge_response_v0 id_response_v0 id_response_v0 after_eap_success success_response_v0 tlv_success_and_cryptobinding]
Aug 13, 2025 5:55:03 PM de.learnlib.logging.LearnLogger logQuery
INFO: [ε | success_request_with_credentials challenge_v0 id_request_v0 challenge_v0 eap_success / ε | success_response_v0 challenge_response_v0 id_response_v0 challenge_response_v0 after_eap_success]
Aug 13, 2025 5:55:06 PM de.learnlib.logging.LearnLogger logQuery
INFO: [ε | success_request_with_credentials challenge_v0 id_request_v0 challenge_v0 eap_success success_and_cryptobinding / ε | success_response_v0 challenge_response_v0 id_response_v0 challenge_response_v0 after_eap_success no_reply]
Aug 13, 2025 5:55:09 PM de.learnlib.logging.LearnLogger logQuery
INFO: [ε | success_request_with_credentials challenge_v0 id_request_v0 challenge_v0 eap_success tlv_request / ε | success_response_v0 challenge_response_v0 id_response_v0 challenge_response_v0 after_eap_success tlv_success]
Aug 13, 2025 5:55:12 PM de.learnlib.logging.LearnLogger logQuery
INFO: [ε | success_request_with_credentials challenge_v0 id_request_v0 challenge_v0 eap_success success_request_with_credentials success_and_cryptobinding / ε | success_response_v0 challenge_response_v0 id_response_v0 challenge_response_v0 after_eap_success success_response_v0 tlv_success_and_cryptobinding]
Aug 13, 2025 5:55:15 PM de.learnlib.logging.LearnLogger logQuery
INFO: [ε | success_request_with_credentials challenge_v0 id_request_v0 tlv_request eap_success / ε | success_response_v0 challenge_response_v0 id_response_v0 tlv_success after_eap_success]
Aug 13, 2025 5:55:18 PM de.learnlib.logging.LearnLogger logQuery
INFO: [ε | success_request_with_credentials challenge_v0 id_request_v0 tlv_request eap_success success_and_cryptobinding / ε | success_response_v0 challenge_response_v0 id_response_v0 tlv_success after_eap_success deauthentication]
Aug 13, 2025 5:55:21 PM de.learnlib.logging.LearnLogger logQuery
INFO: [ε | success_request_with_credentials challenge_v0 id_request_v0 tlv_request eap_success tlv_request / ε | success_response_v0 challenge_response_v0 id_response_v0 tlv_success after_eap_success deauthentication]
Aug 13, 2025 5:55:24 PM de.learnlib.logging.LearnLogger logQuery
INFO: [ε | success_request_with_credentials challenge_v0 id_request_v0 tlv_request eap_success success_request_with_credentials success_and_cryptobinding / ε | success_response_v0 challenge_response_v0 id_response_v0 tlv_success after_eap_success deauthentication -]
Aug 13, 2025 5:55:26 PM de.learnlib.logging.LearnLogger logQuery
INFO: [ε | success_request_with_credentials challenge_v0 id_request_v0 success_request_with_credentials eap_success / ε | success_response_v0 challenge_response_v0 id_response_v0 success_response_v0 after_eap_success]
Aug 13, 2025 5:55:29 PM de.learnlib.logging.LearnLogger logQuery
INFO: [ε | success_request_with_credentials challenge_v0 id_request_v0 success_request_with_credentials eap_success success_and_cryptobinding / ε | success_response_v0 challenge_response_v0 id_response_v0 success_response_v0 after_eap_success tlv_success_and_cryptobinding]
Aug 13, 2025 5:55:32 PM de.learnlib.logging.LearnLogger logQuery
INFO: [ε | success_request_with_credentials challenge_v0 id_request_v0 success_request_with_credentials eap_success tlv_request / ε | success_response_v0 challenge_response_v0 id_response_v0 success_response_v0 after_eap_success tlv_success]
Aug 13, 2025 5:55:35 PM de.learnlib.logging.LearnLogger logQuery
INFO: [ε | success_request_with_credentials challenge_v0 id_request_v0 success_request_with_credentials eap_success success_request_with_credentials success_and_cryptobinding / ε | success_response_v0 challenge_response_v0 id_response_v0 success_response_v0 after_eap_success success_response_v0 tlv_success_and_cryptobinding]
Aug 13, 2025 5:55:38 PM de.learnlib.logging.LearnLogger logQuery
INFO: [ε | success_request_with_credentials challenge_v0 id_request_v0 eap_success eap_success / ε | success_response_v0 challenge_response_v0 id_response_v0 after_eap_success after_eap_success]
Aug 13, 2025 5:55:42 PM de.learnlib.logging.LearnLogger logQuery
INFO: [ε | success_request_with_credentials challenge_v0 id_request_v0 eap_success eap_success success_and_cryptobinding / ε | success_response_v0 challenge_response_v0 id_response_v0 after_eap_success after_eap_success no_reply]
Aug 13, 2025 5:55:45 PM de.learnlib.logging.LearnLogger logQuery
INFO: [ε | success_request_with_credentials challenge_v0 id_request_v0 eap_success eap_success tlv_request / ε | success_response_v0 challenge_response_v0 id_response_v0 after_eap_success after_eap_success tlv_success]
Aug 13, 2025 5:55:48 PM de.learnlib.logging.LearnLogger logQuery
INFO: [ε | success_request_with_credentials challenge_v0 id_request_v0 eap_success eap_success success_request_with_credentials success_and_cryptobinding / ε | success_response_v0 challenge_response_v0 id_response_v0 after_eap_success after_eap_success success_response_v0 tlv_success_and_cryptobinding]
Aug 13, 2025 5:55:51 PM de.learnlib.logging.LearnLogger logQuery
INFO: [ε | success_request_with_credentials challenge_v0 id_request_v0 id_request_v0 4_way_message_1 / ε | success_response_v0 challenge_response_v0 id_response_v0 id_response_v0 no_reply]
Aug 13, 2025 5:55:54 PM de.learnlib.logging.LearnLogger logQuery
INFO: [ε | success_request_with_credentials challenge_v0 id_request_v0 challenge_v0 4_way_message_1 / ε | success_response_v0 challenge_response_v0 id_response_v0 challenge_response_v0 no_reply]
Aug 13, 2025 5:55:57 PM de.learnlib.logging.LearnLogger logQuery
INFO: [ε | success_request_with_credentials challenge_v0 id_request_v0 tlv_request 4_way_message_1 / ε | success_response_v0 challenge_response_v0 id_response_v0 tlv_success 4_way_message_2]
Aug 13, 2025 5:56:00 PM de.learnlib.logging.LearnLogger logQuery
INFO: [ε | success_request_with_credentials challenge_v0 id_request_v0 success_request_with_credentials 4_way_message_1 / ε | success_response_v0 challenge_response_v0 id_response_v0 success_response_v0 no_reply]
Aug 13, 2025 5:56:04 PM de.learnlib.logging.LearnLogger logQuery
INFO: [ε | success_request_with_credentials challenge_v0 id_request_v0 eap_success 4_way_message_1 / ε | success_response_v0 challenge_response_v0 id_response_v0 after_eap_success no_reply]
Aug 13, 2025 5:56:06 PM de.learnlib.logging.LearnLogger logQuery
INFO: [ε | success_request_with_credentials challenge_v0 challenge_v0 id_request_v0 id_request_v0 / ε | success_response_v0 challenge_response_v0 challenge_response_v0 id_response_v0 id_response_v0]
Aug 13, 2025 5:56:09 PM de.learnlib.logging.LearnLogger logQuery
INFO: [ε | success_request_with_credentials challenge_v0 challenge_v0 id_request_v0 id_request_v0 success_and_cryptobinding / ε | success_response_v0 challenge_response_v0 challenge_response_v0 id_response_v0 id_response_v0 no_reply]
Aug 13, 2025 5:56:11 PM de.learnlib.logging.LearnLogger logQuery
INFO: [ε | success_request_with_credentials challenge_v0 challenge_v0 id_request_v0 id_request_v0 tlv_request / ε | success_response_v0 challenge_response_v0 challenge_response_v0 id_response_v0 id_response_v0 tlv_success]
Aug 13, 2025 5:56:14 PM de.learnlib.logging.LearnLogger logQuery
INFO: [ε | success_request_with_credentials challenge_v0 challenge_v0 id_request_v0 id_request_v0 success_request_with_credentials success_and_cryptobinding / ε | success_response_v0 challenge_response_v0 challenge_response_v0 id_response_v0 id_response_v0 success_response_v0 tlv_success_and_cryptobinding]
Aug 13, 2025 5:56:16 PM de.learnlib.logging.LearnLogger logQuery
INFO: [ε | success_request_with_credentials challenge_v0 challenge_v0 challenge_v0 id_request_v0 / ε | success_response_v0 challenge_response_v0 challenge_response_v0 challenge_response_v0 id_response_v0]
Aug 13, 2025 5:56:19 PM de.learnlib.logging.LearnLogger logQuery
INFO: [ε | success_request_with_credentials challenge_v0 challenge_v0 challenge_v0 id_request_v0 success_and_cryptobinding / ε | success_response_v0 challenge_response_v0 challenge_response_v0 challenge_response_v0 id_response_v0 no_reply]
Aug 13, 2025 5:56:21 PM de.learnlib.logging.LearnLogger logQuery
INFO: [ε | success_request_with_credentials challenge_v0 challenge_v0 challenge_v0 id_request_v0 tlv_request / ε | success_response_v0 challenge_response_v0 challenge_response_v0 challenge_response_v0 id_response_v0 tlv_success]
Aug 13, 2025 5:56:23 PM de.learnlib.logging.LearnLogger logQuery
INFO: [ε | success_request_with_credentials challenge_v0 challenge_v0 challenge_v0 id_request_v0 success_request_with_credentials success_and_cryptobinding / ε | success_response_v0 challenge_response_v0 challenge_response_v0 challenge_response_v0 id_response_v0 success_response_v0 tlv_success_and_cryptobinding]
Aug 13, 2025 5:56:26 PM de.learnlib.logging.LearnLogger logQuery
INFO: [ε | success_request_with_credentials challenge_v0 challenge_v0 tlv_request id_request_v0 / ε | success_response_v0 challenge_response_v0 challenge_response_v0 tlv_success no_reply]
Aug 13, 2025 5:56:29 PM de.learnlib.logging.LearnLogger logQuery
INFO: [ε | success_request_with_credentials challenge_v0 challenge_v0 success_request_with_credentials id_request_v0 / ε | success_response_v0 challenge_response_v0 challenge_response_v0 success_response_v0 id_response_v0]
Aug 13, 2025 5:56:31 PM de.learnlib.logging.LearnLogger logQuery
INFO: [ε | success_request_with_credentials challenge_v0 challenge_v0 success_request_with_credentials id_request_v0 success_and_cryptobinding / ε | success_response_v0 challenge_response_v0 challenge_response_v0 success_response_v0 id_response_v0 tlv_success_and_cryptobinding]
Aug 13, 2025 5:56:33 PM de.learnlib.logging.LearnLogger logQuery
INFO: [ε | success_request_with_credentials challenge_v0 challenge_v0 success_request_with_credentials id_request_v0 tlv_request / ε | success_response_v0 challenge_response_v0 challenge_response_v0 success_response_v0 id_response_v0 tlv_success]
Aug 13, 2025 5:56:35 PM de.learnlib.logging.LearnLogger logQuery
INFO: [ε | success_request_with_credentials challenge_v0 challenge_v0 success_request_with_credentials id_request_v0 success_request_with_credentials success_and_cryptobinding / ε | success_response_v0 challenge_response_v0 challenge_response_v0 success_response_v0 id_response_v0 success_response_v0 tlv_success_and_cryptobinding]
Aug 13, 2025 5:56:38 PM de.learnlib.logging.LearnLogger logQuery
INFO: [ε | success_request_with_credentials challenge_v0 challenge_v0 eap_success id_request_v0 / ε | success_response_v0 challenge_response_v0 challenge_response_v0 after_eap_success id_response_v0]
Aug 13, 2025 5:56:41 PM de.learnlib.logging.LearnLogger logQuery
INFO: [ε | success_request_with_credentials challenge_v0 challenge_v0 eap_success id_request_v0 success_and_cryptobinding / ε | success_response_v0 challenge_response_v0 challenge_response_v0 after_eap_success id_response_v0 no_reply]
Aug 13, 2025 5:56:44 PM de.learnlib.logging.LearnLogger logQuery
INFO: [ε | success_request_with_credentials challenge_v0 challenge_v0 eap_success id_request_v0 tlv_request / ε | success_response_v0 challenge_response_v0 challenge_response_v0 after_eap_success id_response_v0 tlv_success]
Aug 13, 2025 5:56:47 PM de.learnlib.logging.LearnLogger logQuery
INFO: [ε | success_request_with_credentials challenge_v0 challenge_v0 eap_success id_request_v0 success_request_with_credentials success_and_cryptobinding / ε | success_response_v0 challenge_response_v0 challenge_response_v0 after_eap_success id_response_v0 success_response_v0 tlv_success_and_cryptobinding]
Aug 13, 2025 5:56:49 PM de.learnlib.logging.LearnLogger logQuery
INFO: [ε | success_request_with_credentials challenge_v0 challenge_v0 id_request_v0 challenge_v0 / ε | success_response_v0 challenge_response_v0 challenge_response_v0 id_response_v0 challenge_response_v0]
Aug 13, 2025 5:56:52 PM de.learnlib.logging.LearnLogger logQuery
INFO: [ε | success_request_with_credentials challenge_v0 challenge_v0 id_request_v0 challenge_v0 success_and_cryptobinding / ε | success_response_v0 challenge_response_v0 challenge_response_v0 id_response_v0 challenge_response_v0 no_reply]
Aug 13, 2025 5:56:55 PM de.learnlib.logging.LearnLogger logQuery
INFO: [ε | success_request_with_credentials challenge_v0 challenge_v0 id_request_v0 challenge_v0 tlv_request / ε | success_response_v0 challenge_response_v0 challenge_response_v0 id_response_v0 challenge_response_v0 tlv_success]
Aug 13, 2025 5:56:57 PM de.learnlib.logging.LearnLogger logQuery
INFO: [ε | success_request_with_credentials challenge_v0 challenge_v0 id_request_v0 challenge_v0 success_request_with_credentials success_and_cryptobinding / ε | success_response_v0 challenge_response_v0 challenge_response_v0 id_response_v0 challenge_response_v0 success_response_v0 tlv_success_and_cryptobinding]
Aug 13, 2025 5:56:59 PM de.learnlib.logging.LearnLogger logQuery
INFO: [ε | success_request_with_credentials challenge_v0 challenge_v0 challenge_v0 challenge_v0 / ε | success_response_v0 challenge_response_v0 challenge_response_v0 challenge_response_v0 challenge_response_v0]
Aug 13, 2025 5:57:02 PM de.learnlib.logging.LearnLogger logQuery
INFO: [ε | success_request_with_credentials challenge_v0 challenge_v0 challenge_v0 challenge_v0 success_and_cryptobinding / ε | success_response_v0 challenge_response_v0 challenge_response_v0 challenge_response_v0 challenge_response_v0 no_reply]
Aug 13, 2025 5:57:05 PM de.learnlib.logging.LearnLogger logQuery
INFO: [ε | success_request_with_credentials challenge_v0 challenge_v0 challenge_v0 challenge_v0 tlv_request / ε | success_response_v0 challenge_response_v0 challenge_response_v0 challenge_response_v0 challenge_response_v0 tlv_success]
Aug 13, 2025 5:57:07 PM de.learnlib.logging.LearnLogger logQuery
INFO: [ε | success_request_with_credentials challenge_v0 challenge_v0 challenge_v0 challenge_v0 success_request_with_credentials success_and_cryptobinding / ε | success_response_v0 challenge_response_v0 challenge_response_v0 challenge_response_v0 challenge_response_v0 success_response_v0 tlv_success_and_cryptobinding]
Aug 13, 2025 5:57:10 PM de.learnlib.logging.LearnLogger logQuery
INFO: [ε | success_request_with_credentials challenge_v0 challenge_v0 tlv_request challenge_v0 / ε | success_response_v0 challenge_response_v0 challenge_response_v0 tlv_success no_reply]
Aug 13, 2025 5:57:12 PM de.learnlib.logging.LearnLogger logQuery
INFO: [ε | success_request_with_credentials challenge_v0 challenge_v0 success_request_with_credentials challenge_v0 / ε | success_response_v0 challenge_response_v0 challenge_response_v0 success_response_v0 challenge_response_v0]
Aug 13, 2025 5:57:15 PM de.learnlib.logging.LearnLogger logQuery
INFO: [ε | success_request_with_credentials challenge_v0 challenge_v0 success_request_with_credentials challenge_v0 success_and_cryptobinding / ε | success_response_v0 challenge_response_v0 challenge_response_v0 success_response_v0 challenge_response_v0 no_reply]
Aug 13, 2025 5:57:17 PM de.learnlib.logging.LearnLogger logQuery
INFO: [ε | success_request_with_credentials challenge_v0 challenge_v0 success_request_with_credentials challenge_v0 tlv_request / ε | success_response_v0 challenge_response_v0 challenge_response_v0 success_response_v0 challenge_response_v0 tlv_success]
Aug 13, 2025 5:57:20 PM de.learnlib.logging.LearnLogger logQuery
INFO: [ε | success_request_with_credentials challenge_v0 challenge_v0 success_request_with_credentials challenge_v0 success_request_with_credentials success_and_cryptobinding / ε | success_response_v0 challenge_response_v0 challenge_response_v0 success_response_v0 challenge_response_v0 success_response_v0 tlv_success_and_cryptobinding]
Aug 13, 2025 5:57:22 PM de.learnlib.logging.LearnLogger logQuery
INFO: [ε | success_request_with_credentials challenge_v0 challenge_v0 eap_success challenge_v0 / ε | success_response_v0 challenge_response_v0 challenge_response_v0 after_eap_success challenge_response_v0]
Aug 13, 2025 5:57:26 PM de.learnlib.logging.LearnLogger logQuery
INFO: [ε | success_request_with_credentials challenge_v0 challenge_v0 eap_success challenge_v0 success_and_cryptobinding / ε | success_response_v0 challenge_response_v0 challenge_response_v0 after_eap_success challenge_response_v0 no_reply]
Aug 13, 2025 5:57:29 PM de.learnlib.logging.LearnLogger logQuery
INFO: [ε | success_request_with_credentials challenge_v0 challenge_v0 eap_success challenge_v0 tlv_request / ε | success_response_v0 challenge_response_v0 challenge_response_v0 after_eap_success challenge_response_v0 tlv_success]
Aug 13, 2025 5:57:32 PM de.learnlib.logging.LearnLogger logQuery
INFO: [ε | success_request_with_credentials challenge_v0 challenge_v0 eap_success challenge_v0 success_request_with_credentials success_and_cryptobinding / ε | success_response_v0 challenge_response_v0 challenge_response_v0 after_eap_success challenge_response_v0 success_response_v0 tlv_success_and_cryptobinding]
Aug 13, 2025 5:57:34 PM de.learnlib.logging.LearnLogger logQuery
INFO: [ε | success_request_with_credentials challenge_v0 challenge_v0 id_request_v0 tlv_request success_and_cryptobinding / ε | success_response_v0 challenge_response_v0 challenge_response_v0 id_response_v0 tlv_success no_reply]
Aug 13, 2025 5:57:37 PM de.learnlib.logging.LearnLogger logQuery
INFO: [ε | success_request_with_credentials challenge_v0 challenge_v0 id_request_v0 tlv_request tlv_request / ε | success_response_v0 challenge_response_v0 challenge_response_v0 id_response_v0 tlv_success no_reply]
Aug 13, 2025 5:57:40 PM de.learnlib.logging.LearnLogger logQuery
INFO: [ε | success_request_with_credentials challenge_v0 challenge_v0 id_request_v0 tlv_request success_request_with_credentials success_and_cryptobinding / ε | success_response_v0 challenge_response_v0 challenge_response_v0 id_response_v0 tlv_success no_reply -]
Aug 13, 2025 5:57:43 PM de.learnlib.logging.LearnLogger logQuery
INFO: [ε | success_request_with_credentials challenge_v0 challenge_v0 challenge_v0 tlv_request success_and_cryptobinding / ε | success_response_v0 challenge_response_v0 challenge_response_v0 challenge_response_v0 tlv_success no_reply]
Aug 13, 2025 5:57:46 PM de.learnlib.logging.LearnLogger logQuery
INFO: [ε | success_request_with_credentials challenge_v0 challenge_v0 challenge_v0 tlv_request tlv_request / ε | success_response_v0 challenge_response_v0 challenge_response_v0 challenge_response_v0 tlv_success no_reply]
Aug 13, 2025 5:57:49 PM de.learnlib.logging.LearnLogger logQuery
INFO: [ε | success_request_with_credentials challenge_v0 challenge_v0 challenge_v0 tlv_request success_request_with_credentials success_and_cryptobinding / ε | success_response_v0 challenge_response_v0 challenge_response_v0 challenge_response_v0 tlv_success no_reply -]
Aug 13, 2025 5:57:52 PM de.learnlib.logging.LearnLogger logQuery
INFO: [ε | success_request_with_credentials challenge_v0 challenge_v0 success_request_with_credentials tlv_request success_and_cryptobinding / ε | success_response_v0 challenge_response_v0 challenge_response_v0 success_response_v0 tlv_success no_reply]
Aug 13, 2025 5:57:55 PM de.learnlib.logging.LearnLogger logQuery
INFO: [ε | success_request_with_credentials challenge_v0 challenge_v0 success_request_with_credentials tlv_request tlv_request / ε | success_response_v0 challenge_response_v0 challenge_response_v0 success_response_v0 tlv_success no_reply]
Aug 13, 2025 5:57:58 PM de.learnlib.logging.LearnLogger logQuery
INFO: [ε | success_request_with_credentials challenge_v0 challenge_v0 success_request_with_credentials tlv_request success_request_with_credentials success_and_cryptobinding / ε | success_response_v0 challenge_response_v0 challenge_response_v0 success_response_v0 tlv_success no_reply -]
Aug 13, 2025 5:58:01 PM de.learnlib.logging.LearnLogger logQuery
INFO: [ε | success_request_with_credentials challenge_v0 challenge_v0 eap_success tlv_request success_and_cryptobinding / ε | success_response_v0 challenge_response_v0 challenge_response_v0 after_eap_success tlv_success no_reply]
Aug 13, 2025 5:58:05 PM de.learnlib.logging.LearnLogger logQuery
INFO: [ε | success_request_with_credentials challenge_v0 challenge_v0 eap_success tlv_request tlv_request / ε | success_response_v0 challenge_response_v0 challenge_response_v0 after_eap_success tlv_success no_reply]
Aug 13, 2025 5:58:08 PM de.learnlib.logging.LearnLogger logQuery
INFO: [ε | success_request_with_credentials challenge_v0 challenge_v0 eap_success tlv_request success_request_with_credentials success_and_cryptobinding / ε | success_response_v0 challenge_response_v0 challenge_response_v0 after_eap_success tlv_success no_reply -]
Aug 13, 2025 5:58:11 PM de.learnlib.logging.LearnLogger logQuery
INFO: [ε | success_request_with_credentials challenge_v0 challenge_v0 id_request_v0 tlv_failure / ε | success_response_v0 challenge_response_v0 challenge_response_v0 id_response_v0 tlv_failureencrypted_alert]
Aug 13, 2025 5:58:13 PM de.learnlib.logging.LearnLogger logQuery
INFO: [ε | success_request_with_credentials challenge_v0 challenge_v0 challenge_v0 tlv_failure / ε | success_response_v0 challenge_response_v0 challenge_response_v0 challenge_response_v0 tlv_failureencrypted_alert]
Aug 13, 2025 5:58:16 PM de.learnlib.logging.LearnLogger logQuery
INFO: [ε | success_request_with_credentials challenge_v0 challenge_v0 tlv_request tlv_failure / ε | success_response_v0 challenge_response_v0 challenge_response_v0 tlv_success no_reply]
Aug 13, 2025 5:58:19 PM de.learnlib.logging.LearnLogger logQuery
INFO: [ε | success_request_with_credentials challenge_v0 challenge_v0 success_request_with_credentials tlv_failure / ε | success_response_v0 challenge_response_v0 challenge_response_v0 success_response_v0 tlv_failureencrypted_alert]
Aug 13, 2025 5:58:22 PM de.learnlib.logging.LearnLogger logQuery
INFO: [ε | success_request_with_credentials challenge_v0 challenge_v0 eap_success tlv_failure / ε | success_response_v0 challenge_response_v0 challenge_response_v0 after_eap_success tlv_failureencrypted_alert]
Aug 13, 2025 5:58:24 PM de.learnlib.logging.LearnLogger logQuery
INFO: [ε | success_request_with_credentials challenge_v0 challenge_v0 id_request_v0 success_request_all_zeros / ε | success_response_v0 challenge_response_v0 challenge_response_v0 id_response_v0 encrypted_alert]
Aug 13, 2025 5:58:26 PM de.learnlib.logging.LearnLogger logQuery
INFO: [ε | success_request_with_credentials challenge_v0 challenge_v0 challenge_v0 success_request_all_zeros / ε | success_response_v0 challenge_response_v0 challenge_response_v0 challenge_response_v0 encrypted_alert]
Aug 13, 2025 5:58:29 PM de.learnlib.logging.LearnLogger logQuery
INFO: [ε | success_request_with_credentials challenge_v0 challenge_v0 tlv_request success_request_all_zeros / ε | success_response_v0 challenge_response_v0 challenge_response_v0 tlv_success no_reply]
Aug 13, 2025 5:58:32 PM de.learnlib.logging.LearnLogger logQuery
INFO: [ε | success_request_with_credentials challenge_v0 challenge_v0 success_request_with_credentials success_request_all_zeros / ε | success_response_v0 challenge_response_v0 challenge_response_v0 success_response_v0 encrypted_alert]
Aug 13, 2025 5:58:35 PM de.learnlib.logging.LearnLogger logQuery
INFO: [ε | success_request_with_credentials challenge_v0 challenge_v0 eap_success success_request_all_zeros / ε | success_response_v0 challenge_response_v0 challenge_response_v0 after_eap_success encrypted_alert]
Aug 13, 2025 5:58:37 PM de.learnlib.logging.LearnLogger logQuery
INFO: [ε | success_request_with_credentials challenge_v0 challenge_v0 id_request_v0 success_request_with_credentials tlv_request / ε | success_response_v0 challenge_response_v0 challenge_response_v0 id_response_v0 success_response_v0 tlv_success]
Aug 13, 2025 5:58:40 PM de.learnlib.logging.LearnLogger logQuery
INFO: [ε | success_request_with_credentials challenge_v0 challenge_v0 id_request_v0 success_request_with_credentials success_request_with_credentials success_and_cryptobinding / ε | success_response_v0 challenge_response_v0 challenge_response_v0 id_response_v0 success_response_v0 success_response_v0 tlv_success_and_cryptobinding]
Aug 13, 2025 5:58:42 PM de.learnlib.logging.LearnLogger logQuery
INFO: [ε | success_request_with_credentials challenge_v0 challenge_v0 challenge_v0 success_request_with_credentials tlv_request / ε | success_response_v0 challenge_response_v0 challenge_response_v0 challenge_response_v0 success_response_v0 tlv_success]
Aug 13, 2025 5:58:44 PM de.learnlib.logging.LearnLogger logQuery
INFO: [ε | success_request_with_credentials challenge_v0 challenge_v0 challenge_v0 success_request_with_credentials success_request_with_credentials success_and_cryptobinding / ε | success_response_v0 challenge_response_v0 challenge_response_v0 challenge_response_v0 success_response_v0 success_response_v0 tlv_success_and_cryptobinding]
Aug 13, 2025 5:58:47 PM de.learnlib.logging.LearnLogger logQuery
INFO: [ε | success_request_with_credentials challenge_v0 challenge_v0 success_request_with_credentials success_request_with_credentials tlv_request / ε | success_response_v0 challenge_response_v0 challenge_response_v0 success_response_v0 success_response_v0 tlv_success]
Aug 13, 2025 5:58:49 PM de.learnlib.logging.LearnLogger logQuery
INFO: [ε | success_request_with_credentials challenge_v0 challenge_v0 success_request_with_credentials success_request_with_credentials success_request_with_credentials success_and_cryptobinding / ε | success_response_v0 challenge_response_v0 challenge_response_v0 success_response_v0 success_response_v0 success_response_v0 tlv_success_and_cryptobinding]
Aug 13, 2025 5:58:52 PM de.learnlib.logging.LearnLogger logQuery
INFO: [ε | success_request_with_credentials challenge_v0 challenge_v0 eap_success success_request_with_credentials tlv_request / ε | success_response_v0 challenge_response_v0 challenge_response_v0 after_eap_success success_response_v0 tlv_success]
Aug 13, 2025 5:58:54 PM de.learnlib.logging.LearnLogger logQuery
INFO: [ε | success_request_with_credentials challenge_v0 challenge_v0 eap_success success_request_with_credentials success_request_with_credentials success_and_cryptobinding / ε | success_response_v0 challenge_response_v0 challenge_response_v0 after_eap_success success_response_v0 success_response_v0 tlv_success_and_cryptobinding]
Aug 13, 2025 5:58:57 PM de.learnlib.logging.LearnLogger logQuery
INFO: [ε | success_request_with_credentials challenge_v0 challenge_v0 success_request_with_credentials success_and_cryptobinding success_and_cryptobinding / ε | success_response_v0 challenge_response_v0 challenge_response_v0 success_response_v0 tlv_success_and_cryptobinding no_reply]
Aug 13, 2025 5:59:00 PM de.learnlib.logging.LearnLogger logQuery
INFO: [ε | success_request_with_credentials challenge_v0 challenge_v0 success_request_with_credentials success_and_cryptobinding tlv_request / ε | success_response_v0 challenge_response_v0 challenge_response_v0 success_response_v0 tlv_success_and_cryptobinding no_reply]
Aug 13, 2025 5:59:03 PM de.learnlib.logging.LearnLogger logQuery
INFO: [ε | success_request_with_credentials challenge_v0 challenge_v0 success_request_with_credentials success_and_cryptobinding success_request_with_credentials success_and_cryptobinding / ε | success_response_v0 challenge_response_v0 challenge_response_v0 success_response_v0 tlv_success_and_cryptobinding no_reply -]
Aug 13, 2025 5:59:06 PM de.learnlib.logging.LearnLogger logQuery
INFO: [ε | success_request_with_credentials challenge_v0 challenge_v0 id_request_v0 cryptobinding / ε | success_response_v0 challenge_response_v0 challenge_response_v0 id_response_v0 no_reply]
Aug 13, 2025 5:59:09 PM de.learnlib.logging.LearnLogger logQuery
INFO: [ε | success_request_with_credentials challenge_v0 challenge_v0 challenge_v0 cryptobinding / ε | success_response_v0 challenge_response_v0 challenge_response_v0 challenge_response_v0 no_reply]
Aug 13, 2025 5:59:12 PM de.learnlib.logging.LearnLogger logQuery
INFO: [ε | success_request_with_credentials challenge_v0 challenge_v0 tlv_request cryptobinding / ε | success_response_v0 challenge_response_v0 challenge_response_v0 tlv_success no_reply]
Aug 13, 2025 5:59:14 PM de.learnlib.logging.LearnLogger logQuery
INFO: [ε | success_request_with_credentials challenge_v0 challenge_v0 success_request_with_credentials cryptobinding / ε | success_response_v0 challenge_response_v0 challenge_response_v0 success_response_v0 tlv_cryptobindingencrypted_alert]
Aug 13, 2025 5:59:18 PM de.learnlib.logging.LearnLogger logQuery
INFO: [ε | success_request_with_credentials challenge_v0 challenge_v0 eap_success cryptobinding / ε | success_response_v0 challenge_response_v0 challenge_response_v0 after_eap_success no_reply]
Aug 13, 2025 5:59:21 PM de.learnlib.logging.LearnLogger logQuery
INFO: [ε | success_request_with_credentials challenge_v0 challenge_v0 id_request_v0 eap_success / ε | success_response_v0 challenge_response_v0 challenge_response_v0 id_response_v0 after_eap_success]
Aug 13, 2025 5:59:24 PM de.learnlib.logging.LearnLogger logQuery
INFO: [ε | success_request_with_credentials challenge_v0 challenge_v0 id_request_v0 eap_success success_and_cryptobinding / ε | success_response_v0 challenge_response_v0 challenge_response_v0 id_response_v0 after_eap_success no_reply]
Aug 13, 2025 5:59:27 PM de.learnlib.logging.LearnLogger logQuery
INFO: [ε | success_request_with_credentials challenge_v0 challenge_v0 id_request_v0 eap_success tlv_request / ε | success_response_v0 challenge_response_v0 challenge_response_v0 id_response_v0 after_eap_success tlv_success]
Aug 13, 2025 5:59:30 PM de.learnlib.logging.LearnLogger logQuery
INFO: [ε | success_request_with_credentials challenge_v0 challenge_v0 id_request_v0 eap_success success_request_with_credentials success_and_cryptobinding / ε | success_response_v0 challenge_response_v0 challenge_response_v0 id_response_v0 after_eap_success success_response_v0 tlv_success_and_cryptobinding]
Aug 13, 2025 5:59:33 PM de.learnlib.logging.LearnLogger logQuery
INFO: [ε | success_request_with_credentials challenge_v0 challenge_v0 challenge_v0 eap_success / ε | success_response_v0 challenge_response_v0 challenge_response_v0 challenge_response_v0 after_eap_success]
Aug 13, 2025 5:59:36 PM de.learnlib.logging.LearnLogger logQuery
INFO: [ε | success_request_with_credentials challenge_v0 challenge_v0 challenge_v0 eap_success success_and_cryptobinding / ε | success_response_v0 challenge_response_v0 challenge_response_v0 challenge_response_v0 after_eap_success no_reply]
Aug 13, 2025 5:59:39 PM de.learnlib.logging.LearnLogger logQuery
INFO: [ε | success_request_with_credentials challenge_v0 challenge_v0 challenge_v0 eap_success tlv_request / ε | success_response_v0 challenge_response_v0 challenge_response_v0 challenge_response_v0 after_eap_success tlv_success]
Aug 13, 2025 5:59:42 PM de.learnlib.logging.LearnLogger logQuery
INFO: [ε | success_request_with_credentials challenge_v0 challenge_v0 challenge_v0 eap_success success_request_with_credentials success_and_cryptobinding / ε | success_response_v0 challenge_response_v0 challenge_response_v0 challenge_response_v0 after_eap_success success_response_v0 tlv_success_and_cryptobinding]
Aug 13, 2025 5:59:45 PM de.learnlib.logging.LearnLogger logQuery
INFO: [ε | success_request_with_credentials challenge_v0 challenge_v0 tlv_request eap_success / ε | success_response_v0 challenge_response_v0 challenge_response_v0 tlv_success after_eap_success]
Aug 13, 2025 5:59:47 PM de.learnlib.logging.LearnLogger logQuery
INFO: [ε | success_request_with_credentials challenge_v0 challenge_v0 tlv_request eap_success success_and_cryptobinding / ε | success_response_v0 challenge_response_v0 challenge_response_v0 tlv_success after_eap_success deauthentication]
Aug 13, 2025 5:59:50 PM de.learnlib.logging.LearnLogger logQuery
INFO: [ε | success_request_with_credentials challenge_v0 challenge_v0 tlv_request eap_success tlv_request / ε | success_response_v0 challenge_response_v0 challenge_response_v0 tlv_success after_eap_success deauthentication]
Aug 13, 2025 5:59:53 PM de.learnlib.logging.LearnLogger logQuery
INFO: [ε | success_request_with_credentials challenge_v0 challenge_v0 tlv_request eap_success success_request_with_credentials success_and_cryptobinding / ε | success_response_v0 challenge_response_v0 challenge_response_v0 tlv_success after_eap_success deauthentication -]
Aug 13, 2025 5:59:56 PM de.learnlib.logging.LearnLogger logQuery
INFO: [ε | success_request_with_credentials challenge_v0 challenge_v0 success_request_with_credentials eap_success / ε | success_response_v0 challenge_response_v0 challenge_response_v0 success_response_v0 after_eap_success]
Aug 13, 2025 5:59:59 PM de.learnlib.logging.LearnLogger logQuery
INFO: [ε | success_request_with_credentials challenge_v0 challenge_v0 success_request_with_credentials eap_success success_and_cryptobinding / ε | success_response_v0 challenge_response_v0 challenge_response_v0 success_response_v0 after_eap_success tlv_success_and_cryptobinding]
Aug 13, 2025 6:00:02 PM de.learnlib.logging.LearnLogger logQuery
INFO: [ε | success_request_with_credentials challenge_v0 challenge_v0 success_request_with_credentials eap_success tlv_request / ε | success_response_v0 challenge_response_v0 challenge_response_v0 success_response_v0 after_eap_success tlv_success]
Aug 13, 2025 6:00:05 PM de.learnlib.logging.LearnLogger logQuery
INFO: [ε | success_request_with_credentials challenge_v0 challenge_v0 success_request_with_credentials eap_success success_request_with_credentials success_and_cryptobinding / ε | success_response_v0 challenge_response_v0 challenge_response_v0 success_response_v0 after_eap_success success_response_v0 tlv_success_and_cryptobinding]
Aug 13, 2025 6:00:08 PM de.learnlib.logging.LearnLogger logQuery
INFO: [ε | success_request_with_credentials challenge_v0 challenge_v0 eap_success eap_success / ε | success_response_v0 challenge_response_v0 challenge_response_v0 after_eap_success after_eap_success]
Aug 13, 2025 6:00:12 PM de.learnlib.logging.LearnLogger logQuery
INFO: [ε | success_request_with_credentials challenge_v0 challenge_v0 eap_success eap_success success_and_cryptobinding / ε | success_response_v0 challenge_response_v0 challenge_response_v0 after_eap_success after_eap_success no_reply]
Aug 13, 2025 6:00:15 PM de.learnlib.logging.LearnLogger logQuery
INFO: [ε | success_request_with_credentials challenge_v0 challenge_v0 eap_success eap_success tlv_request / ε | success_response_v0 challenge_response_v0 challenge_response_v0 after_eap_success after_eap_success tlv_success]
Aug 13, 2025 6:00:19 PM de.learnlib.logging.LearnLogger logQuery
INFO: [ε | success_request_with_credentials challenge_v0 challenge_v0 eap_success eap_success success_request_with_credentials success_and_cryptobinding / ε | success_response_v0 challenge_response_v0 challenge_response_v0 after_eap_success after_eap_success success_response_v0 tlv_success_and_cryptobinding]
Aug 13, 2025 6:00:21 PM de.learnlib.logging.LearnLogger logQuery
INFO: [ε | success_request_with_credentials challenge_v0 challenge_v0 id_request_v0 4_way_message_1 / ε | success_response_v0 challenge_response_v0 challenge_response_v0 id_response_v0 no_reply]
Aug 13, 2025 6:00:25 PM de.learnlib.logging.LearnLogger logQuery
INFO: [ε | success_request_with_credentials challenge_v0 challenge_v0 challenge_v0 4_way_message_1 / ε | success_response_v0 challenge_response_v0 challenge_response_v0 challenge_response_v0 no_reply]
Aug 13, 2025 6:00:27 PM de.learnlib.logging.LearnLogger logQuery
INFO: [ε | success_request_with_credentials challenge_v0 challenge_v0 tlv_request 4_way_message_1 / ε | success_response_v0 challenge_response_v0 challenge_response_v0 tlv_success 4_way_message_2]
Aug 13, 2025 6:00:30 PM de.learnlib.logging.LearnLogger logQuery
INFO: [ε | success_request_with_credentials challenge_v0 challenge_v0 success_request_with_credentials 4_way_message_1 / ε | success_response_v0 challenge_response_v0 challenge_response_v0 success_response_v0 no_reply]
Aug 13, 2025 6:00:34 PM de.learnlib.logging.LearnLogger logQuery
INFO: [ε | success_request_with_credentials challenge_v0 challenge_v0 eap_success 4_way_message_1 / ε | success_response_v0 challenge_response_v0 challenge_response_v0 after_eap_success no_reply]
Aug 13, 2025 6:00:37 PM de.learnlib.logging.LearnLogger logQuery
INFO: [ε | success_request_with_credentials challenge_v0 tlv_request eap_success id_request_v0 / ε | success_response_v0 challenge_response_v0 tlv_success after_eap_success deauthentication]
Aug 13, 2025 6:00:40 PM de.learnlib.logging.LearnLogger logQuery
INFO: [ε | success_request_with_credentials challenge_v0 tlv_request eap_success challenge_v0 / ε | success_response_v0 challenge_response_v0 tlv_success after_eap_success deauthentication]
Aug 13, 2025 6:00:43 PM de.learnlib.logging.LearnLogger logQuery
INFO: [ε | success_request_with_credentials challenge_v0 tlv_request eap_success tlv_failure / ε | success_response_v0 challenge_response_v0 tlv_success after_eap_success deauthentication]
Aug 13, 2025 6:00:46 PM de.learnlib.logging.LearnLogger logQuery
INFO: [ε | success_request_with_credentials challenge_v0 tlv_request eap_success success_request_all_zeros / ε | success_response_v0 challenge_response_v0 tlv_success after_eap_success deauthentication]
Aug 13, 2025 6:00:49 PM de.learnlib.logging.LearnLogger logQuery
INFO: [ε | success_request_with_credentials challenge_v0 tlv_request eap_success cryptobinding / ε | success_response_v0 challenge_response_v0 tlv_success after_eap_success deauthentication]
Aug 13, 2025 6:00:52 PM de.learnlib.logging.LearnLogger logQuery
INFO: [ε | success_request_with_credentials challenge_v0 tlv_request eap_success eap_success / ε | success_response_v0 challenge_response_v0 tlv_success after_eap_success after_eap_success]
Aug 13, 2025 6:00:55 PM de.learnlib.logging.LearnLogger logQuery
INFO: [ε | success_request_with_credentials challenge_v0 tlv_request eap_success eap_success success_and_cryptobinding / ε | success_response_v0 challenge_response_v0 tlv_success after_eap_success after_eap_success deauthentication]
Aug 13, 2025 6:00:59 PM de.learnlib.logging.LearnLogger logQuery
INFO: [ε | success_request_with_credentials challenge_v0 tlv_request eap_success eap_success tlv_request / ε | success_response_v0 challenge_response_v0 tlv_success after_eap_success after_eap_success deauthentication]
Aug 13, 2025 6:01:02 PM de.learnlib.logging.LearnLogger logQuery
INFO: [ε | success_request_with_credentials challenge_v0 tlv_request eap_success eap_success success_request_with_credentials success_and_cryptobinding / ε | success_response_v0 challenge_response_v0 tlv_success after_eap_success after_eap_success deauthentication -]
Aug 13, 2025 6:01:05 PM de.learnlib.logging.LearnLogger logQuery
INFO: [ε | success_request_with_credentials challenge_v0 tlv_request eap_success 4_way_message_1 / ε | success_response_v0 challenge_response_v0 tlv_success after_eap_success 4_way_message_2]
Aug 13, 2025 6:01:06 PM de.learnlib.logging.LearnLogger logQuery
INFO: DB CACHE [ε | success_request_with_credentials challenge_v0 success_request_with_credentials id_request_v0 id_request_v0 /  success_response_v0 challenge_response_v0 success_response_v0 id_response_v0 id_response_v0]
Aug 13, 2025 6:01:08 PM de.learnlib.logging.LearnLogger logQuery
INFO: [ε | success_request_with_credentials challenge_v0 success_request_with_credentials id_request_v0 id_request_v0 success_and_cryptobinding / ε | success_response_v0 challenge_response_v0 success_response_v0 id_response_v0 id_response_v0 tlv_success_and_cryptobinding]
Aug 13, 2025 6:01:10 PM de.learnlib.logging.LearnLogger logQuery
INFO: [ε | success_request_with_credentials challenge_v0 success_request_with_credentials id_request_v0 id_request_v0 tlv_request / ε | success_response_v0 challenge_response_v0 success_response_v0 id_response_v0 id_response_v0 tlv_success]
Aug 13, 2025 6:01:12 PM de.learnlib.logging.LearnLogger logQuery
INFO: [ε | success_request_with_credentials challenge_v0 success_request_with_credentials id_request_v0 id_request_v0 success_request_with_credentials success_and_cryptobinding / ε | success_response_v0 challenge_response_v0 success_response_v0 id_response_v0 id_response_v0 success_response_v0 tlv_success_and_cryptobinding]
Aug 13, 2025 6:01:13 PM de.learnlib.logging.LearnLogger logQuery
INFO: DB CACHE [ε | success_request_with_credentials challenge_v0 success_request_with_credentials challenge_v0 id_request_v0 /  success_response_v0 challenge_response_v0 success_response_v0 challenge_response_v0 id_response_v0]
Aug 13, 2025 6:01:15 PM de.learnlib.logging.LearnLogger logQuery
INFO: [ε | success_request_with_credentials challenge_v0 success_request_with_credentials challenge_v0 id_request_v0 success_and_cryptobinding / ε | success_response_v0 challenge_response_v0 success_response_v0 challenge_response_v0 id_response_v0 no_reply]
Aug 13, 2025 6:01:18 PM de.learnlib.logging.LearnLogger logQuery
INFO: [ε | success_request_with_credentials challenge_v0 success_request_with_credentials challenge_v0 id_request_v0 tlv_request / ε | success_response_v0 challenge_response_v0 success_response_v0 challenge_response_v0 id_response_v0 tlv_success]
Aug 13, 2025 6:01:20 PM de.learnlib.logging.LearnLogger logQuery
INFO: [ε | success_request_with_credentials challenge_v0 success_request_with_credentials challenge_v0 id_request_v0 success_request_with_credentials success_and_cryptobinding / ε | success_response_v0 challenge_response_v0 success_response_v0 challenge_response_v0 id_response_v0 success_response_v0 tlv_success_and_cryptobinding]
Aug 13, 2025 6:01:20 PM de.learnlib.logging.LearnLogger logQuery
INFO: DB CACHE [ε | success_request_with_credentials challenge_v0 success_request_with_credentials tlv_request id_request_v0 /  success_response_v0 challenge_response_v0 success_response_v0 tlv_success no_reply]
Aug 13, 2025 6:01:20 PM de.learnlib.logging.LearnLogger logQuery
INFO: DB CACHE [ε | success_request_with_credentials challenge_v0 success_request_with_credentials success_request_with_credentials id_request_v0 /  success_response_v0 challenge_response_v0 success_response_v0 success_response_v0 id_response_v0]
Aug 13, 2025 6:01:22 PM de.learnlib.logging.LearnLogger logQuery
INFO: [ε | success_request_with_credentials challenge_v0 success_request_with_credentials success_request_with_credentials id_request_v0 success_and_cryptobinding / ε | success_response_v0 challenge_response_v0 success_response_v0 success_response_v0 id_response_v0 tlv_success_and_cryptobinding]
Aug 13, 2025 6:01:25 PM de.learnlib.logging.LearnLogger logQuery
INFO: [ε | success_request_with_credentials challenge_v0 success_request_with_credentials success_request_with_credentials id_request_v0 tlv_request / ε | success_response_v0 challenge_response_v0 success_response_v0 success_response_v0 id_response_v0 tlv_success]
Aug 13, 2025 6:01:27 PM de.learnlib.logging.LearnLogger logQuery
INFO: [ε | success_request_with_credentials challenge_v0 success_request_with_credentials success_request_with_credentials id_request_v0 success_request_with_credentials success_and_cryptobinding / ε | success_response_v0 challenge_response_v0 success_response_v0 success_response_v0 id_response_v0 success_response_v0 tlv_success_and_cryptobinding]
Aug 13, 2025 6:01:27 PM de.learnlib.logging.LearnLogger logQuery
INFO: DB CACHE [ε | success_request_with_credentials challenge_v0 success_request_with_credentials success_and_cryptobinding id_request_v0 /  success_response_v0 challenge_response_v0 success_response_v0 tlv_success_and_cryptobinding no_reply]
Aug 13, 2025 6:01:27 PM de.learnlib.logging.LearnLogger logQuery
INFO: DB CACHE [ε | success_request_with_credentials challenge_v0 success_request_with_credentials eap_success id_request_v0 /  success_response_v0 challenge_response_v0 success_response_v0 after_eap_success id_response_v0]
Aug 13, 2025 6:01:30 PM de.learnlib.logging.LearnLogger logQuery
INFO: [ε | success_request_with_credentials challenge_v0 success_request_with_credentials eap_success id_request_v0 success_and_cryptobinding / ε | success_response_v0 challenge_response_v0 success_response_v0 after_eap_success id_response_v0 tlv_success_and_cryptobinding]
Aug 13, 2025 6:01:32 PM de.learnlib.logging.LearnLogger logQuery
INFO: [ε | success_request_with_credentials challenge_v0 success_request_with_credentials eap_success id_request_v0 tlv_request / ε | success_response_v0 challenge_response_v0 success_response_v0 after_eap_success id_response_v0 tlv_success]
Aug 13, 2025 6:01:35 PM de.learnlib.logging.LearnLogger logQuery
INFO: [ε | success_request_with_credentials challenge_v0 success_request_with_credentials eap_success id_request_v0 success_request_with_credentials success_and_cryptobinding / ε | success_response_v0 challenge_response_v0 success_response_v0 after_eap_success id_response_v0 success_response_v0 tlv_success_and_cryptobinding]
Aug 13, 2025 6:01:35 PM de.learnlib.logging.LearnLogger logQuery
INFO: DB CACHE [ε | success_request_with_credentials challenge_v0 success_request_with_credentials id_request_v0 challenge_v0 /  success_response_v0 challenge_response_v0 success_response_v0 id_response_v0 challenge_response_v0]
Aug 13, 2025 6:01:38 PM de.learnlib.logging.LearnLogger logQuery
INFO: [ε | success_request_with_credentials challenge_v0 success_request_with_credentials id_request_v0 challenge_v0 success_and_cryptobinding / ε | success_response_v0 challenge_response_v0 success_response_v0 id_response_v0 challenge_response_v0 no_reply]
Aug 13, 2025 6:01:41 PM de.learnlib.logging.LearnLogger logQuery
INFO: [ε | success_request_with_credentials challenge_v0 success_request_with_credentials id_request_v0 challenge_v0 tlv_request / ε | success_response_v0 challenge_response_v0 success_response_v0 id_response_v0 challenge_response_v0 tlv_success]
Aug 13, 2025 6:01:43 PM de.learnlib.logging.LearnLogger logQuery
INFO: [ε | success_request_with_credentials challenge_v0 success_request_with_credentials id_request_v0 challenge_v0 success_request_with_credentials success_and_cryptobinding / ε | success_response_v0 challenge_response_v0 success_response_v0 id_response_v0 challenge_response_v0 success_response_v0 tlv_success_and_cryptobinding]
Aug 13, 2025 6:01:43 PM de.learnlib.logging.LearnLogger logQuery
INFO: DB CACHE [ε | success_request_with_credentials challenge_v0 success_request_with_credentials challenge_v0 challenge_v0 /  success_response_v0 challenge_response_v0 success_response_v0 challenge_response_v0 challenge_response_v0]
Aug 13, 2025 6:01:46 PM de.learnlib.logging.LearnLogger logQuery
INFO: [ε | success_request_with_credentials challenge_v0 success_request_with_credentials challenge_v0 challenge_v0 success_and_cryptobinding / ε | success_response_v0 challenge_response_v0 success_response_v0 challenge_response_v0 challenge_response_v0 no_reply]
Aug 13, 2025 6:01:48 PM de.learnlib.logging.LearnLogger logQuery
INFO: [ε | success_request_with_credentials challenge_v0 success_request_with_credentials challenge_v0 challenge_v0 tlv_request / ε | success_response_v0 challenge_response_v0 success_response_v0 challenge_response_v0 challenge_response_v0 tlv_success]
Aug 13, 2025 6:01:50 PM de.learnlib.logging.LearnLogger logQuery
INFO: [ε | success_request_with_credentials challenge_v0 success_request_with_credentials challenge_v0 challenge_v0 success_request_with_credentials success_and_cryptobinding / ε | success_response_v0 challenge_response_v0 success_response_v0 challenge_response_v0 challenge_response_v0 success_response_v0 tlv_success_and_cryptobinding]
Aug 13, 2025 6:01:51 PM de.learnlib.logging.LearnLogger logQuery
INFO: DB CACHE [ε | success_request_with_credentials challenge_v0 success_request_with_credentials tlv_request challenge_v0 /  success_response_v0 challenge_response_v0 success_response_v0 tlv_success no_reply]
Aug 13, 2025 6:01:51 PM de.learnlib.logging.LearnLogger logQuery
INFO: DB CACHE [ε | success_request_with_credentials challenge_v0 success_request_with_credentials success_request_with_credentials challenge_v0 /  success_response_v0 challenge_response_v0 success_response_v0 success_response_v0 challenge_response_v0]
Aug 13, 2025 6:01:53 PM de.learnlib.logging.LearnLogger logQuery
INFO: [ε | success_request_with_credentials challenge_v0 success_request_with_credentials success_request_with_credentials challenge_v0 success_and_cryptobinding / ε | success_response_v0 challenge_response_v0 success_response_v0 success_response_v0 challenge_response_v0 no_reply]
Aug 13, 2025 6:01:56 PM de.learnlib.logging.LearnLogger logQuery
INFO: [ε | success_request_with_credentials challenge_v0 success_request_with_credentials success_request_with_credentials challenge_v0 tlv_request / ε | success_response_v0 challenge_response_v0 success_response_v0 success_response_v0 challenge_response_v0 tlv_success]
Aug 13, 2025 6:01:58 PM de.learnlib.logging.LearnLogger logQuery
INFO: [ε | success_request_with_credentials challenge_v0 success_request_with_credentials success_request_with_credentials challenge_v0 success_request_with_credentials success_and_cryptobinding / ε | success_response_v0 challenge_response_v0 success_response_v0 success_response_v0 challenge_response_v0 success_response_v0 tlv_success_and_cryptobinding]
Aug 13, 2025 6:01:58 PM de.learnlib.logging.LearnLogger logQuery
INFO: DB CACHE [ε | success_request_with_credentials challenge_v0 success_request_with_credentials success_and_cryptobinding challenge_v0 /  success_response_v0 challenge_response_v0 success_response_v0 tlv_success_and_cryptobinding no_reply]
Aug 13, 2025 6:01:58 PM de.learnlib.logging.LearnLogger logQuery
INFO: DB CACHE [ε | success_request_with_credentials challenge_v0 success_request_with_credentials eap_success challenge_v0 /  success_response_v0 challenge_response_v0 success_response_v0 after_eap_success challenge_response_v0]
Aug 13, 2025 6:02:01 PM de.learnlib.logging.LearnLogger logQuery
INFO: [ε | success_request_with_credentials challenge_v0 success_request_with_credentials eap_success challenge_v0 success_and_cryptobinding / ε | success_response_v0 challenge_response_v0 success_response_v0 after_eap_success challenge_response_v0 no_reply]
Aug 13, 2025 6:02:04 PM de.learnlib.logging.LearnLogger logQuery
INFO: [ε | success_request_with_credentials challenge_v0 success_request_with_credentials eap_success challenge_v0 tlv_request / ε | success_response_v0 challenge_response_v0 success_response_v0 after_eap_success challenge_response_v0 tlv_success]
Aug 13, 2025 6:02:07 PM de.learnlib.logging.LearnLogger logQuery
INFO: [ε | success_request_with_credentials challenge_v0 success_request_with_credentials eap_success challenge_v0 success_request_with_credentials success_and_cryptobinding / ε | success_response_v0 challenge_response_v0 success_response_v0 after_eap_success challenge_response_v0 success_response_v0 tlv_success_and_cryptobinding]
Aug 13, 2025 6:02:10 PM de.learnlib.logging.LearnLogger logQuery
INFO: [ε | success_request_with_credentials challenge_v0 success_request_with_credentials id_request_v0 tlv_request success_and_cryptobinding / ε | success_response_v0 challenge_response_v0 success_response_v0 id_response_v0 tlv_success no_reply]
Aug 13, 2025 6:02:13 PM de.learnlib.logging.LearnLogger logQuery
INFO: [ε | success_request_with_credentials challenge_v0 success_request_with_credentials id_request_v0 tlv_request tlv_request / ε | success_response_v0 challenge_response_v0 success_response_v0 id_response_v0 tlv_success no_reply]
Aug 13, 2025 6:02:16 PM de.learnlib.logging.LearnLogger logQuery
INFO: [ε | success_request_with_credentials challenge_v0 success_request_with_credentials id_request_v0 tlv_request success_request_with_credentials success_and_cryptobinding / ε | success_response_v0 challenge_response_v0 success_response_v0 id_response_v0 tlv_success no_reply -]
Aug 13, 2025 6:02:19 PM de.learnlib.logging.LearnLogger logQuery
INFO: [ε | success_request_with_credentials challenge_v0 success_request_with_credentials challenge_v0 tlv_request success_and_cryptobinding / ε | success_response_v0 challenge_response_v0 success_response_v0 challenge_response_v0 tlv_success no_reply]
Aug 13, 2025 6:02:22 PM de.learnlib.logging.LearnLogger logQuery
INFO: [ε | success_request_with_credentials challenge_v0 success_request_with_credentials challenge_v0 tlv_request tlv_request / ε | success_response_v0 challenge_response_v0 success_response_v0 challenge_response_v0 tlv_success no_reply]
Aug 13, 2025 6:02:25 PM de.learnlib.logging.LearnLogger logQuery
INFO: [ε | success_request_with_credentials challenge_v0 success_request_with_credentials challenge_v0 tlv_request success_request_with_credentials success_and_cryptobinding / ε | success_response_v0 challenge_response_v0 success_response_v0 challenge_response_v0 tlv_success no_reply -]
Aug 13, 2025 6:02:28 PM de.learnlib.logging.LearnLogger logQuery
INFO: [ε | success_request_with_credentials challenge_v0 success_request_with_credentials success_request_with_credentials tlv_request success_and_cryptobinding / ε | success_response_v0 challenge_response_v0 success_response_v0 success_response_v0 tlv_success no_reply]
Aug 13, 2025 6:02:31 PM de.learnlib.logging.LearnLogger logQuery
INFO: [ε | success_request_with_credentials challenge_v0 success_request_with_credentials success_request_with_credentials tlv_request tlv_request / ε | success_response_v0 challenge_response_v0 success_response_v0 success_response_v0 tlv_success no_reply]
Aug 13, 2025 6:02:34 PM de.learnlib.logging.LearnLogger logQuery
INFO: [ε | success_request_with_credentials challenge_v0 success_request_with_credentials success_request_with_credentials tlv_request success_request_with_credentials success_and_cryptobinding / ε | success_response_v0 challenge_response_v0 success_response_v0 success_response_v0 tlv_success no_reply -]
Aug 13, 2025 6:02:37 PM de.learnlib.logging.LearnLogger logQuery
INFO: [ε | success_request_with_credentials challenge_v0 success_request_with_credentials eap_success tlv_request success_and_cryptobinding / ε | success_response_v0 challenge_response_v0 success_response_v0 after_eap_success tlv_success no_reply]
Aug 13, 2025 6:02:40 PM de.learnlib.logging.LearnLogger logQuery
INFO: [ε | success_request_with_credentials challenge_v0 success_request_with_credentials eap_success tlv_request tlv_request / ε | success_response_v0 challenge_response_v0 success_response_v0 after_eap_success tlv_success no_reply]
Aug 13, 2025 6:02:44 PM de.learnlib.logging.LearnLogger logQuery
INFO: [ε | success_request_with_credentials challenge_v0 success_request_with_credentials eap_success tlv_request success_request_with_credentials success_and_cryptobinding / ε | success_response_v0 challenge_response_v0 success_response_v0 after_eap_success tlv_success no_reply -]
Aug 13, 2025 6:02:44 PM de.learnlib.logging.LearnLogger logQuery
INFO: DB CACHE [ε | success_request_with_credentials challenge_v0 success_request_with_credentials id_request_v0 tlv_failure /  success_response_v0 challenge_response_v0 success_response_v0 id_response_v0 tlv_failureencrypted_alert]
Aug 13, 2025 6:02:44 PM de.learnlib.logging.LearnLogger logQuery
INFO: DB CACHE [ε | success_request_with_credentials challenge_v0 success_request_with_credentials challenge_v0 tlv_failure /  success_response_v0 challenge_response_v0 success_response_v0 challenge_response_v0 tlv_failureencrypted_alert]
Aug 13, 2025 6:02:44 PM de.learnlib.logging.LearnLogger logQuery
INFO: DB CACHE [ε | success_request_with_credentials challenge_v0 success_request_with_credentials tlv_request tlv_failure /  success_response_v0 challenge_response_v0 success_response_v0 tlv_success no_reply]
Aug 13, 2025 6:02:44 PM de.learnlib.logging.LearnLogger logQuery
INFO: DB CACHE [ε | success_request_with_credentials challenge_v0 success_request_with_credentials success_request_with_credentials tlv_failure /  success_response_v0 challenge_response_v0 success_response_v0 success_response_v0 tlv_failureencrypted_alert]
Aug 13, 2025 6:02:44 PM de.learnlib.logging.LearnLogger logQuery
INFO: DB CACHE [ε | success_request_with_credentials challenge_v0 success_request_with_credentials success_and_cryptobinding tlv_failure /  success_response_v0 challenge_response_v0 success_response_v0 tlv_success_and_cryptobinding no_reply]
Aug 13, 2025 6:02:44 PM de.learnlib.logging.LearnLogger logQuery
INFO: DB CACHE [ε | success_request_with_credentials challenge_v0 success_request_with_credentials eap_success tlv_failure /  success_response_v0 challenge_response_v0 success_response_v0 after_eap_success tlv_failureencrypted_alert]
Aug 13, 2025 6:02:44 PM de.learnlib.logging.LearnLogger logQuery
INFO: DB CACHE [ε | success_request_with_credentials challenge_v0 success_request_with_credentials id_request_v0 success_request_all_zeros /  success_response_v0 challenge_response_v0 success_response_v0 id_response_v0 encrypted_alert]
Aug 13, 2025 6:02:44 PM de.learnlib.logging.LearnLogger logQuery
INFO: DB CACHE [ε | success_request_with_credentials challenge_v0 success_request_with_credentials challenge_v0 success_request_all_zeros /  success_response_v0 challenge_response_v0 success_response_v0 challenge_response_v0 encrypted_alert]
Aug 13, 2025 6:02:44 PM de.learnlib.logging.LearnLogger logQuery
INFO: DB CACHE [ε | success_request_with_credentials challenge_v0 success_request_with_credentials tlv_request success_request_all_zeros /  success_response_v0 challenge_response_v0 success_response_v0 tlv_success no_reply]
Aug 13, 2025 6:02:44 PM de.learnlib.logging.LearnLogger logQuery
INFO: DB CACHE [ε | success_request_with_credentials challenge_v0 success_request_with_credentials success_request_with_credentials success_request_all_zeros /  success_response_v0 challenge_response_v0 success_response_v0 success_response_v0 encrypted_alert]
Aug 13, 2025 6:02:44 PM de.learnlib.logging.LearnLogger logQuery
INFO: DB CACHE [ε | success_request_with_credentials challenge_v0 success_request_with_credentials success_and_cryptobinding success_request_all_zeros /  success_response_v0 challenge_response_v0 success_response_v0 tlv_success_and_cryptobinding no_reply]
Aug 13, 2025 6:02:44 PM de.learnlib.logging.LearnLogger logQuery
INFO: DB CACHE [ε | success_request_with_credentials challenge_v0 success_request_with_credentials eap_success success_request_all_zeros /  success_response_v0 challenge_response_v0 success_response_v0 after_eap_success encrypted_alert]
Aug 13, 2025 6:02:46 PM de.learnlib.logging.LearnLogger logQuery
INFO: [ε | success_request_with_credentials challenge_v0 success_request_with_credentials id_request_v0 success_request_with_credentials tlv_request / ε | success_response_v0 challenge_response_v0 success_response_v0 id_response_v0 success_response_v0 tlv_success]
Aug 13, 2025 6:02:48 PM de.learnlib.logging.LearnLogger logQuery
INFO: [ε | success_request_with_credentials challenge_v0 success_request_with_credentials id_request_v0 success_request_with_credentials success_request_with_credentials success_and_cryptobinding / ε | success_response_v0 challenge_response_v0 success_response_v0 id_response_v0 success_response_v0 success_response_v0 tlv_success_and_cryptobinding]
Aug 13, 2025 6:02:51 PM de.learnlib.logging.LearnLogger logQuery
INFO: [ε | success_request_with_credentials challenge_v0 success_request_with_credentials challenge_v0 success_request_with_credentials tlv_request / ε | success_response_v0 challenge_response_v0 success_response_v0 challenge_response_v0 success_response_v0 tlv_success]
Aug 13, 2025 6:02:53 PM de.learnlib.logging.LearnLogger logQuery
INFO: [ε | success_request_with_credentials challenge_v0 success_request_with_credentials challenge_v0 success_request_with_credentials success_request_with_credentials success_and_cryptobinding / ε | success_response_v0 challenge_response_v0 success_response_v0 challenge_response_v0 success_response_v0 success_response_v0 tlv_success_and_cryptobinding]
Aug 13, 2025 6:02:55 PM de.learnlib.logging.LearnLogger logQuery
INFO: [ε | success_request_with_credentials challenge_v0 success_request_with_credentials success_request_with_credentials success_request_with_credentials tlv_request / ε | success_response_v0 challenge_response_v0 success_response_v0 success_response_v0 success_response_v0 tlv_success]
Aug 13, 2025 6:02:58 PM de.learnlib.logging.LearnLogger logQuery
INFO: [ε | success_request_with_credentials challenge_v0 success_request_with_credentials success_request_with_credentials success_request_with_credentials success_request_with_credentials success_and_cryptobinding / ε | success_response_v0 challenge_response_v0 success_response_v0 success_response_v0 success_response_v0 success_response_v0 tlv_success_and_cryptobinding]
Aug 13, 2025 6:03:01 PM de.learnlib.logging.LearnLogger logQuery
INFO: [ε | success_request_with_credentials challenge_v0 success_request_with_credentials eap_success success_request_with_credentials tlv_request / ε | success_response_v0 challenge_response_v0 success_response_v0 after_eap_success success_response_v0 tlv_success]
Aug 13, 2025 6:03:03 PM de.learnlib.logging.LearnLogger logQuery
INFO: [ε | success_request_with_credentials challenge_v0 success_request_with_credentials eap_success success_request_with_credentials success_request_with_credentials success_and_cryptobinding / ε | success_response_v0 challenge_response_v0 success_response_v0 after_eap_success success_response_v0 success_response_v0 tlv_success_and_cryptobinding]
Aug 13, 2025 6:03:06 PM de.learnlib.logging.LearnLogger logQuery
INFO: [ε | success_request_with_credentials challenge_v0 success_request_with_credentials id_request_v0 success_and_cryptobinding success_and_cryptobinding / ε | success_response_v0 challenge_response_v0 success_response_v0 id_response_v0 tlv_success_and_cryptobinding no_reply]
Aug 13, 2025 6:03:09 PM de.learnlib.logging.LearnLogger logQuery
INFO: [ε | success_request_with_credentials challenge_v0 success_request_with_credentials id_request_v0 success_and_cryptobinding tlv_request / ε | success_response_v0 challenge_response_v0 success_response_v0 id_response_v0 tlv_success_and_cryptobinding no_reply]
Aug 13, 2025 6:03:12 PM de.learnlib.logging.LearnLogger logQuery
INFO: [ε | success_request_with_credentials challenge_v0 success_request_with_credentials id_request_v0 success_and_cryptobinding success_request_with_credentials success_and_cryptobinding / ε | success_response_v0 challenge_response_v0 success_response_v0 id_response_v0 tlv_success_and_cryptobinding no_reply -]
Aug 13, 2025 6:03:15 PM de.learnlib.logging.LearnLogger logQuery
INFO: [ε | success_request_with_credentials challenge_v0 success_request_with_credentials success_request_with_credentials success_and_cryptobinding success_and_cryptobinding / ε | success_response_v0 challenge_response_v0 success_response_v0 success_response_v0 tlv_success_and_cryptobinding no_reply]
Aug 13, 2025 6:03:18 PM de.learnlib.logging.LearnLogger logQuery
INFO: [ε | success_request_with_credentials challenge_v0 success_request_with_credentials success_request_with_credentials success_and_cryptobinding tlv_request / ε | success_response_v0 challenge_response_v0 success_response_v0 success_response_v0 tlv_success_and_cryptobinding no_reply]
Aug 13, 2025 6:03:21 PM de.learnlib.logging.LearnLogger logQuery
INFO: [ε | success_request_with_credentials challenge_v0 success_request_with_credentials success_request_with_credentials success_and_cryptobinding success_request_with_credentials success_and_cryptobinding / ε | success_response_v0 challenge_response_v0 success_response_v0 success_response_v0 tlv_success_and_cryptobinding no_reply -]
Aug 13, 2025 6:03:24 PM de.learnlib.logging.LearnLogger logQuery
INFO: [ε | success_request_with_credentials challenge_v0 success_request_with_credentials eap_success success_and_cryptobinding success_and_cryptobinding / ε | success_response_v0 challenge_response_v0 success_response_v0 after_eap_success tlv_success_and_cryptobinding no_reply]
Aug 13, 2025 6:03:28 PM de.learnlib.logging.LearnLogger logQuery
INFO: [ε | success_request_with_credentials challenge_v0 success_request_with_credentials eap_success success_and_cryptobinding tlv_request / ε | success_response_v0 challenge_response_v0 success_response_v0 after_eap_success tlv_success_and_cryptobinding no_reply]
Aug 13, 2025 6:03:31 PM de.learnlib.logging.LearnLogger logQuery
INFO: [ε | success_request_with_credentials challenge_v0 success_request_with_credentials eap_success success_and_cryptobinding success_request_with_credentials success_and_cryptobinding / ε | success_response_v0 challenge_response_v0 success_response_v0 after_eap_success tlv_success_and_cryptobinding no_reply -]
Aug 13, 2025 6:03:31 PM de.learnlib.logging.LearnLogger logQuery
INFO: DB CACHE [ε | success_request_with_credentials challenge_v0 success_request_with_credentials id_request_v0 cryptobinding /  success_response_v0 challenge_response_v0 success_response_v0 id_response_v0 tlv_cryptobindingencrypted_alert]
Aug 13, 2025 6:03:31 PM de.learnlib.logging.LearnLogger logQuery
INFO: DB CACHE [ε | success_request_with_credentials challenge_v0 success_request_with_credentials challenge_v0 cryptobinding /  success_response_v0 challenge_response_v0 success_response_v0 challenge_response_v0 no_reply]
Aug 13, 2025 6:03:31 PM de.learnlib.logging.LearnLogger logQuery
INFO: DB CACHE [ε | success_request_with_credentials challenge_v0 success_request_with_credentials tlv_request cryptobinding /  success_response_v0 challenge_response_v0 success_response_v0 tlv_success no_reply]
Aug 13, 2025 6:03:31 PM de.learnlib.logging.LearnLogger logQuery
INFO: DB CACHE [ε | success_request_with_credentials challenge_v0 success_request_with_credentials success_request_with_credentials cryptobinding /  success_response_v0 challenge_response_v0 success_response_v0 success_response_v0 tlv_cryptobindingencrypted_alert]
Aug 13, 2025 6:03:31 PM de.learnlib.logging.LearnLogger logQuery
INFO: DB CACHE [ε | success_request_with_credentials challenge_v0 success_request_with_credentials success_and_cryptobinding cryptobinding /  success_response_v0 challenge_response_v0 success_response_v0 tlv_success_and_cryptobinding no_reply]
Aug 13, 2025 6:03:31 PM de.learnlib.logging.LearnLogger logQuery
INFO: DB CACHE [ε | success_request_with_credentials challenge_v0 success_request_with_credentials eap_success cryptobinding /  success_response_v0 challenge_response_v0 success_response_v0 after_eap_success tlv_cryptobindingencrypted_alert]
Aug 13, 2025 6:03:31 PM de.learnlib.logging.LearnLogger logQuery
INFO: DB CACHE [ε | success_request_with_credentials challenge_v0 success_request_with_credentials id_request_v0 eap_success /  success_response_v0 challenge_response_v0 success_response_v0 id_response_v0 after_eap_success]
Aug 13, 2025 6:03:34 PM de.learnlib.logging.LearnLogger logQuery
INFO: [ε | success_request_with_credentials challenge_v0 success_request_with_credentials id_request_v0 eap_success success_and_cryptobinding / ε | success_response_v0 challenge_response_v0 success_response_v0 id_response_v0 after_eap_success tlv_success_and_cryptobinding]
Aug 13, 2025 6:03:37 PM de.learnlib.logging.LearnLogger logQuery
INFO: [ε | success_request_with_credentials challenge_v0 success_request_with_credentials id_request_v0 eap_success tlv_request / ε | success_response_v0 challenge_response_v0 success_response_v0 id_response_v0 after_eap_success tlv_success]
Aug 13, 2025 6:03:40 PM de.learnlib.logging.LearnLogger logQuery
INFO: [ε | success_request_with_credentials challenge_v0 success_request_with_credentials id_request_v0 eap_success success_request_with_credentials success_and_cryptobinding / ε | success_response_v0 challenge_response_v0 success_response_v0 id_response_v0 after_eap_success success_response_v0 tlv_success_and_cryptobinding]
Aug 13, 2025 6:03:40 PM de.learnlib.logging.LearnLogger logQuery
INFO: DB CACHE [ε | success_request_with_credentials challenge_v0 success_request_with_credentials challenge_v0 eap_success /  success_response_v0 challenge_response_v0 success_response_v0 challenge_response_v0 after_eap_success]
Aug 13, 2025 6:03:43 PM de.learnlib.logging.LearnLogger logQuery
INFO: [ε | success_request_with_credentials challenge_v0 success_request_with_credentials challenge_v0 eap_success success_and_cryptobinding / ε | success_response_v0 challenge_response_v0 success_response_v0 challenge_response_v0 after_eap_success no_reply]
Aug 13, 2025 6:03:46 PM de.learnlib.logging.LearnLogger logQuery
INFO: [ε | success_request_with_credentials challenge_v0 success_request_with_credentials challenge_v0 eap_success tlv_request / ε | success_response_v0 challenge_response_v0 success_response_v0 challenge_response_v0 after_eap_success tlv_success]
Aug 13, 2025 6:03:49 PM de.learnlib.logging.LearnLogger logQuery
INFO: [ε | success_request_with_credentials challenge_v0 success_request_with_credentials challenge_v0 eap_success success_request_with_credentials success_and_cryptobinding / ε | success_response_v0 challenge_response_v0 success_response_v0 challenge_response_v0 after_eap_success success_response_v0 tlv_success_and_cryptobinding]
Aug 13, 2025 6:03:49 PM de.learnlib.logging.LearnLogger logQuery
INFO: DB CACHE [ε | success_request_with_credentials challenge_v0 success_request_with_credentials tlv_request eap_success /  success_response_v0 challenge_response_v0 success_response_v0 tlv_success after_eap_success]
Aug 13, 2025 6:03:52 PM de.learnlib.logging.LearnLogger logQuery
INFO: [ε | success_request_with_credentials challenge_v0 success_request_with_credentials tlv_request eap_success success_and_cryptobinding / ε | success_response_v0 challenge_response_v0 success_response_v0 tlv_success after_eap_success deauthentication]
Aug 13, 2025 6:03:55 PM de.learnlib.logging.LearnLogger logQuery
INFO: [ε | success_request_with_credentials challenge_v0 success_request_with_credentials tlv_request eap_success tlv_request / ε | success_response_v0 challenge_response_v0 success_response_v0 tlv_success after_eap_success deauthentication]
Aug 13, 2025 6:03:58 PM de.learnlib.logging.LearnLogger logQuery
INFO: [ε | success_request_with_credentials challenge_v0 success_request_with_credentials tlv_request eap_success success_request_with_credentials success_and_cryptobinding / ε | success_response_v0 challenge_response_v0 success_response_v0 tlv_success after_eap_success deauthentication -]
Aug 13, 2025 6:03:58 PM de.learnlib.logging.LearnLogger logQuery
INFO: DB CACHE [ε | success_request_with_credentials challenge_v0 success_request_with_credentials success_request_with_credentials eap_success /  success_response_v0 challenge_response_v0 success_response_v0 success_response_v0 after_eap_success]
Aug 13, 2025 6:04:00 PM de.learnlib.logging.LearnLogger logQuery
INFO: [ε | success_request_with_credentials challenge_v0 success_request_with_credentials success_request_with_credentials eap_success success_and_cryptobinding / ε | success_response_v0 challenge_response_v0 success_response_v0 success_response_v0 after_eap_success tlv_success_and_cryptobinding]
Aug 13, 2025 6:04:03 PM de.learnlib.logging.LearnLogger logQuery
INFO: [ε | success_request_with_credentials challenge_v0 success_request_with_credentials success_request_with_credentials eap_success tlv_request / ε | success_response_v0 challenge_response_v0 success_response_v0 success_response_v0 after_eap_success tlv_success]
Aug 13, 2025 6:04:06 PM de.learnlib.logging.LearnLogger logQuery
INFO: [ε | success_request_with_credentials challenge_v0 success_request_with_credentials success_request_with_credentials eap_success success_request_with_credentials success_and_cryptobinding / ε | success_response_v0 challenge_response_v0 success_response_v0 success_response_v0 after_eap_success success_response_v0 tlv_success_and_cryptobinding]
Aug 13, 2025 6:04:06 PM de.learnlib.logging.LearnLogger logQuery
INFO: DB CACHE [ε | success_request_with_credentials challenge_v0 success_request_with_credentials success_and_cryptobinding eap_success /  success_response_v0 challenge_response_v0 success_response_v0 tlv_success_and_cryptobinding after_eap_success]
Aug 13, 2025 6:04:06 PM de.learnlib.logging.LearnLogger logQuery
INFO: DB CACHE [ε | success_request_with_credentials challenge_v0 success_request_with_credentials success_and_cryptobinding eap_success success_and_cryptobinding /  success_response_v0 challenge_response_v0 success_response_v0 tlv_success_and_cryptobinding after_eap_success deauthentication]
Aug 13, 2025 6:04:06 PM de.learnlib.logging.LearnLogger logQuery
INFO: DB CACHE [ε | success_request_with_credentials challenge_v0 success_request_with_credentials success_and_cryptobinding eap_success tlv_request /  success_response_v0 challenge_response_v0 success_response_v0 tlv_success_and_cryptobinding after_eap_success deauthentication]
Aug 13, 2025 6:04:06 PM de.learnlib.logging.LearnLogger logQuery
INFO: DB CACHE [ε | success_request_with_credentials challenge_v0 success_request_with_credentials success_and_cryptobinding eap_success success_request_with_credentials success_and_cryptobinding /  success_response_v0 challenge_response_v0 success_response_v0 tlv_success_and_cryptobinding after_eap_success deauthentication -]
Aug 13, 2025 6:04:06 PM de.learnlib.logging.LearnLogger logQuery
INFO: DB CACHE [ε | success_request_with_credentials challenge_v0 success_request_with_credentials eap_success eap_success /  success_response_v0 challenge_response_v0 success_response_v0 after_eap_success after_eap_success]
Aug 13, 2025 6:04:09 PM de.learnlib.logging.LearnLogger logQuery
INFO: [ε | success_request_with_credentials challenge_v0 success_request_with_credentials eap_success eap_success success_and_cryptobinding / ε | success_response_v0 challenge_response_v0 success_response_v0 after_eap_success after_eap_success tlv_success_and_cryptobinding]
Aug 13, 2025 6:04:13 PM de.learnlib.logging.LearnLogger logQuery
INFO: [ε | success_request_with_credentials challenge_v0 success_request_with_credentials eap_success eap_success tlv_request / ε | success_response_v0 challenge_response_v0 success_response_v0 after_eap_success after_eap_success tlv_success]
Aug 13, 2025 6:04:16 PM de.learnlib.logging.LearnLogger logQuery
INFO: [ε | success_request_with_credentials challenge_v0 success_request_with_credentials eap_success eap_success success_request_with_credentials success_and_cryptobinding / ε | success_response_v0 challenge_response_v0 success_response_v0 after_eap_success after_eap_success success_response_v0 tlv_success_and_cryptobinding]
Aug 13, 2025 6:04:16 PM de.learnlib.logging.LearnLogger logQuery
INFO: DB CACHE [ε | success_request_with_credentials challenge_v0 success_request_with_credentials id_request_v0 4_way_message_1 /  success_response_v0 challenge_response_v0 success_response_v0 id_response_v0 no_reply]
Aug 13, 2025 6:04:16 PM de.learnlib.logging.LearnLogger logQuery
INFO: DB CACHE [ε | success_request_with_credentials challenge_v0 success_request_with_credentials challenge_v0 4_way_message_1 /  success_response_v0 challenge_response_v0 success_response_v0 challenge_response_v0 no_reply]
Aug 13, 2025 6:04:16 PM de.learnlib.logging.LearnLogger logQuery
INFO: DB CACHE [ε | success_request_with_credentials challenge_v0 success_request_with_credentials tlv_request 4_way_message_1 /  success_response_v0 challenge_response_v0 success_response_v0 tlv_success 4_way_message_2]
Aug 13, 2025 6:04:16 PM de.learnlib.logging.LearnLogger logQuery
INFO: DB CACHE [ε | success_request_with_credentials challenge_v0 success_request_with_credentials success_request_with_credentials 4_way_message_1 /  success_response_v0 challenge_response_v0 success_response_v0 success_response_v0 no_reply]
Aug 13, 2025 6:04:16 PM de.learnlib.logging.LearnLogger logQuery
INFO: DB CACHE [ε | success_request_with_credentials challenge_v0 success_request_with_credentials success_and_cryptobinding 4_way_message_1 /  success_response_v0 challenge_response_v0 success_response_v0 tlv_success_and_cryptobinding 4_way_message_2]
Aug 13, 2025 6:04:16 PM de.learnlib.logging.LearnLogger logQuery
INFO: DB CACHE [ε | success_request_with_credentials challenge_v0 success_request_with_credentials eap_success 4_way_message_1 /  success_response_v0 challenge_response_v0 success_response_v0 after_eap_success no_reply]
Aug 13, 2025 6:04:19 PM de.learnlib.logging.LearnLogger logQuery
INFO: [ε | success_request_with_credentials challenge_v0 eap_success id_request_v0 id_request_v0 / ε | success_response_v0 challenge_response_v0 after_eap_success id_response_v0 id_response_v0]
Aug 13, 2025 6:04:22 PM de.learnlib.logging.LearnLogger logQuery
INFO: [ε | success_request_with_credentials challenge_v0 eap_success id_request_v0 id_request_v0 success_and_cryptobinding / ε | success_response_v0 challenge_response_v0 after_eap_success id_response_v0 id_response_v0 no_reply]
Aug 13, 2025 6:04:25 PM de.learnlib.logging.LearnLogger logQuery
INFO: [ε | success_request_with_credentials challenge_v0 eap_success id_request_v0 id_request_v0 tlv_request / ε | success_response_v0 challenge_response_v0 after_eap_success id_response_v0 id_response_v0 tlv_success]
Aug 13, 2025 6:04:28 PM de.learnlib.logging.LearnLogger logQuery
INFO: [ε | success_request_with_credentials challenge_v0 eap_success id_request_v0 id_request_v0 success_request_with_credentials success_and_cryptobinding / ε | success_response_v0 challenge_response_v0 after_eap_success id_response_v0 id_response_v0 success_response_v0 tlv_success_and_cryptobinding]
Aug 13, 2025 6:04:31 PM de.learnlib.logging.LearnLogger logQuery
INFO: [ε | success_request_with_credentials challenge_v0 eap_success challenge_v0 id_request_v0 / ε | success_response_v0 challenge_response_v0 after_eap_success challenge_response_v0 id_response_v0]
Aug 13, 2025 6:04:34 PM de.learnlib.logging.LearnLogger logQuery
INFO: [ε | success_request_with_credentials challenge_v0 eap_success challenge_v0 id_request_v0 success_and_cryptobinding / ε | success_response_v0 challenge_response_v0 after_eap_success challenge_response_v0 id_response_v0 no_reply]
Aug 13, 2025 6:04:37 PM de.learnlib.logging.LearnLogger logQuery
INFO: [ε | success_request_with_credentials challenge_v0 eap_success challenge_v0 id_request_v0 tlv_request / ε | success_response_v0 challenge_response_v0 after_eap_success challenge_response_v0 id_response_v0 tlv_success]
Aug 13, 2025 6:04:40 PM de.learnlib.logging.LearnLogger logQuery
INFO: [ε | success_request_with_credentials challenge_v0 eap_success challenge_v0 id_request_v0 success_request_with_credentials success_and_cryptobinding / ε | success_response_v0 challenge_response_v0 after_eap_success challenge_response_v0 id_response_v0 success_response_v0 tlv_success_and_cryptobinding]
Aug 13, 2025 6:04:43 PM de.learnlib.logging.LearnLogger logQuery
INFO: [ε | success_request_with_credentials challenge_v0 eap_success tlv_request id_request_v0 / ε | success_response_v0 challenge_response_v0 after_eap_success tlv_success no_reply]
Aug 13, 2025 6:04:46 PM de.learnlib.logging.LearnLogger logQuery
INFO: [ε | success_request_with_credentials challenge_v0 eap_success success_request_with_credentials id_request_v0 / ε | success_response_v0 challenge_response_v0 after_eap_success success_response_v0 id_response_v0]
Aug 13, 2025 6:04:49 PM de.learnlib.logging.LearnLogger logQuery
INFO: [ε | success_request_with_credentials challenge_v0 eap_success success_request_with_credentials id_request_v0 success_and_cryptobinding / ε | success_response_v0 challenge_response_v0 after_eap_success success_response_v0 id_response_v0 tlv_success_and_cryptobinding]
Aug 13, 2025 6:04:52 PM de.learnlib.logging.LearnLogger logQuery
INFO: [ε | success_request_with_credentials challenge_v0 eap_success success_request_with_credentials id_request_v0 tlv_request / ε | success_response_v0 challenge_response_v0 after_eap_success success_response_v0 id_response_v0 tlv_success]
Aug 13, 2025 6:04:54 PM de.learnlib.logging.LearnLogger logQuery
INFO: [ε | success_request_with_credentials challenge_v0 eap_success success_request_with_credentials id_request_v0 success_request_with_credentials success_and_cryptobinding / ε | success_response_v0 challenge_response_v0 after_eap_success success_response_v0 id_response_v0 success_response_v0 tlv_success_and_cryptobinding]
Aug 13, 2025 6:04:58 PM de.learnlib.logging.LearnLogger logQuery
INFO: [ε | success_request_with_credentials challenge_v0 eap_success eap_success id_request_v0 / ε | success_response_v0 challenge_response_v0 after_eap_success after_eap_success id_response_v0]
Aug 13, 2025 6:05:01 PM de.learnlib.logging.LearnLogger logQuery
INFO: [ε | success_request_with_credentials challenge_v0 eap_success eap_success id_request_v0 success_and_cryptobinding / ε | success_response_v0 challenge_response_v0 after_eap_success after_eap_success id_response_v0 no_reply]
Aug 13, 2025 6:05:05 PM de.learnlib.logging.LearnLogger logQuery
INFO: [ε | success_request_with_credentials challenge_v0 eap_success eap_success id_request_v0 tlv_request / ε | success_response_v0 challenge_response_v0 after_eap_success after_eap_success id_response_v0 tlv_success]
Aug 13, 2025 6:05:08 PM de.learnlib.logging.LearnLogger logQuery
INFO: [ε | success_request_with_credentials challenge_v0 eap_success eap_success id_request_v0 success_request_with_credentials success_and_cryptobinding / ε | success_response_v0 challenge_response_v0 after_eap_success after_eap_success id_response_v0 success_response_v0 tlv_success_and_cryptobinding]
Aug 13, 2025 6:05:11 PM de.learnlib.logging.LearnLogger logQuery
INFO: [ε | success_request_with_credentials challenge_v0 eap_success id_request_v0 challenge_v0 / ε | success_response_v0 challenge_response_v0 after_eap_success id_response_v0 challenge_response_v0]
Aug 13, 2025 6:05:14 PM de.learnlib.logging.LearnLogger logQuery
INFO: [ε | success_request_with_credentials challenge_v0 eap_success id_request_v0 challenge_v0 success_and_cryptobinding / ε | success_response_v0 challenge_response_v0 after_eap_success id_response_v0 challenge_response_v0 no_reply]
Aug 13, 2025 6:05:17 PM de.learnlib.logging.LearnLogger logQuery
INFO: [ε | success_request_with_credentials challenge_v0 eap_success id_request_v0 challenge_v0 tlv_request / ε | success_response_v0 challenge_response_v0 after_eap_success id_response_v0 challenge_response_v0 tlv_success]
Aug 13, 2025 6:05:20 PM de.learnlib.logging.LearnLogger logQuery
INFO: [ε | success_request_with_credentials challenge_v0 eap_success id_request_v0 challenge_v0 success_request_with_credentials success_and_cryptobinding / ε | success_response_v0 challenge_response_v0 after_eap_success id_response_v0 challenge_response_v0 success_response_v0 tlv_success_and_cryptobinding]
Aug 13, 2025 6:05:23 PM de.learnlib.logging.LearnLogger logQuery
INFO: [ε | success_request_with_credentials challenge_v0 eap_success challenge_v0 challenge_v0 / ε | success_response_v0 challenge_response_v0 after_eap_success challenge_response_v0 challenge_response_v0]
Aug 13, 2025 6:05:26 PM de.learnlib.logging.LearnLogger logQuery
INFO: [ε | success_request_with_credentials challenge_v0 eap_success challenge_v0 challenge_v0 success_and_cryptobinding / ε | success_response_v0 challenge_response_v0 after_eap_success challenge_response_v0 challenge_response_v0 no_reply]
Aug 13, 2025 6:05:29 PM de.learnlib.logging.LearnLogger logQuery
INFO: [ε | success_request_with_credentials challenge_v0 eap_success challenge_v0 challenge_v0 tlv_request / ε | success_response_v0 challenge_response_v0 after_eap_success challenge_response_v0 challenge_response_v0 tlv_success]
Aug 13, 2025 6:05:32 PM de.learnlib.logging.LearnLogger logQuery
INFO: [ε | success_request_with_credentials challenge_v0 eap_success challenge_v0 challenge_v0 success_request_with_credentials success_and_cryptobinding / ε | success_response_v0 challenge_response_v0 after_eap_success challenge_response_v0 challenge_response_v0 success_response_v0 tlv_success_and_cryptobinding]
Aug 13, 2025 6:05:35 PM de.learnlib.logging.LearnLogger logQuery
INFO: [ε | success_request_with_credentials challenge_v0 eap_success tlv_request challenge_v0 / ε | success_response_v0 challenge_response_v0 after_eap_success tlv_success no_reply]
Aug 13, 2025 6:05:38 PM de.learnlib.logging.LearnLogger logQuery
INFO: [ε | success_request_with_credentials challenge_v0 eap_success success_request_with_credentials challenge_v0 / ε | success_response_v0 challenge_response_v0 after_eap_success success_response_v0 challenge_response_v0]
Aug 13, 2025 6:05:42 PM de.learnlib.logging.LearnLogger logQuery
INFO: [ε | success_request_with_credentials challenge_v0 eap_success success_request_with_credentials challenge_v0 success_and_cryptobinding / ε | success_response_v0 challenge_response_v0 after_eap_success success_response_v0 challenge_response_v0 no_reply]
Aug 13, 2025 6:05:44 PM de.learnlib.logging.LearnLogger logQuery
INFO: [ε | success_request_with_credentials challenge_v0 eap_success success_request_with_credentials challenge_v0 tlv_request / ε | success_response_v0 challenge_response_v0 after_eap_success success_response_v0 challenge_response_v0 tlv_success]
Aug 13, 2025 6:05:47 PM de.learnlib.logging.LearnLogger logQuery
INFO: [ε | success_request_with_credentials challenge_v0 eap_success success_request_with_credentials challenge_v0 success_request_with_credentials success_and_cryptobinding / ε | success_response_v0 challenge_response_v0 after_eap_success success_response_v0 challenge_response_v0 success_response_v0 tlv_success_and_cryptobinding]
Aug 13, 2025 6:05:51 PM de.learnlib.logging.LearnLogger logQuery
INFO: [ε | success_request_with_credentials challenge_v0 eap_success eap_success challenge_v0 / ε | success_response_v0 challenge_response_v0 after_eap_success after_eap_success challenge_response_v0]
Aug 13, 2025 6:05:54 PM de.learnlib.logging.LearnLogger logQuery
INFO: [ε | success_request_with_credentials challenge_v0 eap_success eap_success challenge_v0 success_and_cryptobinding / ε | success_response_v0 challenge_response_v0 after_eap_success after_eap_success challenge_response_v0 no_reply]
Aug 13, 2025 6:05:58 PM de.learnlib.logging.LearnLogger logQuery
INFO: [ε | success_request_with_credentials challenge_v0 eap_success eap_success challenge_v0 tlv_request / ε | success_response_v0 challenge_response_v0 after_eap_success after_eap_success challenge_response_v0 tlv_success]
Aug 13, 2025 6:06:01 PM de.learnlib.logging.LearnLogger logQuery
INFO: [ε | success_request_with_credentials challenge_v0 eap_success eap_success challenge_v0 success_request_with_credentials success_and_cryptobinding / ε | success_response_v0 challenge_response_v0 after_eap_success after_eap_success challenge_response_v0 success_response_v0 tlv_success_and_cryptobinding]
Aug 13, 2025 6:06:04 PM de.learnlib.logging.LearnLogger logQuery
INFO: [ε | success_request_with_credentials challenge_v0 eap_success id_request_v0 tlv_request success_and_cryptobinding / ε | success_response_v0 challenge_response_v0 after_eap_success id_response_v0 tlv_success no_reply]
Aug 13, 2025 6:06:08 PM de.learnlib.logging.LearnLogger logQuery
INFO: [ε | success_request_with_credentials challenge_v0 eap_success id_request_v0 tlv_request tlv_request / ε | success_response_v0 challenge_response_v0 after_eap_success id_response_v0 tlv_success no_reply]
Aug 13, 2025 6:06:11 PM de.learnlib.logging.LearnLogger logQuery
INFO: [ε | success_request_with_credentials challenge_v0 eap_success id_request_v0 tlv_request success_request_with_credentials success_and_cryptobinding / ε | success_response_v0 challenge_response_v0 after_eap_success id_response_v0 tlv_success no_reply -]
Aug 13, 2025 6:06:15 PM de.learnlib.logging.LearnLogger logQuery
INFO: [ε | success_request_with_credentials challenge_v0 eap_success challenge_v0 tlv_request success_and_cryptobinding / ε | success_response_v0 challenge_response_v0 after_eap_success challenge_response_v0 tlv_success no_reply]
Aug 13, 2025 6:06:18 PM de.learnlib.logging.LearnLogger logQuery
INFO: [ε | success_request_with_credentials challenge_v0 eap_success challenge_v0 tlv_request tlv_request / ε | success_response_v0 challenge_response_v0 after_eap_success challenge_response_v0 tlv_success no_reply]
Aug 13, 2025 6:06:22 PM de.learnlib.logging.LearnLogger logQuery
INFO: [ε | success_request_with_credentials challenge_v0 eap_success challenge_v0 tlv_request success_request_with_credentials success_and_cryptobinding / ε | success_response_v0 challenge_response_v0 after_eap_success challenge_response_v0 tlv_success no_reply -]
Aug 13, 2025 6:06:25 PM de.learnlib.logging.LearnLogger logQuery
INFO: [ε | success_request_with_credentials challenge_v0 eap_success success_request_with_credentials tlv_request success_and_cryptobinding / ε | success_response_v0 challenge_response_v0 after_eap_success success_response_v0 tlv_success no_reply]
Aug 13, 2025 6:06:29 PM de.learnlib.logging.LearnLogger logQuery
INFO: [ε | success_request_with_credentials challenge_v0 eap_success success_request_with_credentials tlv_request tlv_request / ε | success_response_v0 challenge_response_v0 after_eap_success success_response_v0 tlv_success no_reply]
Aug 13, 2025 6:06:32 PM de.learnlib.logging.LearnLogger logQuery
INFO: [ε | success_request_with_credentials challenge_v0 eap_success success_request_with_credentials tlv_request success_request_with_credentials success_and_cryptobinding / ε | success_response_v0 challenge_response_v0 after_eap_success success_response_v0 tlv_success no_reply -]
Aug 13, 2025 6:06:36 PM de.learnlib.logging.LearnLogger logQuery
INFO: [ε | success_request_with_credentials challenge_v0 eap_success eap_success tlv_request success_and_cryptobinding / ε | success_response_v0 challenge_response_v0 after_eap_success after_eap_success tlv_success no_reply]
Aug 13, 2025 6:06:40 PM de.learnlib.logging.LearnLogger logQuery
INFO: [ε | success_request_with_credentials challenge_v0 eap_success eap_success tlv_request tlv_request / ε | success_response_v0 challenge_response_v0 after_eap_success after_eap_success tlv_success no_reply]
Aug 13, 2025 6:06:44 PM de.learnlib.logging.LearnLogger logQuery
INFO: [ε | success_request_with_credentials challenge_v0 eap_success eap_success tlv_request success_request_with_credentials success_and_cryptobinding / ε | success_response_v0 challenge_response_v0 after_eap_success after_eap_success tlv_success no_reply -]
Aug 13, 2025 6:06:47 PM de.learnlib.logging.LearnLogger logQuery
INFO: [ε | success_request_with_credentials challenge_v0 eap_success id_request_v0 tlv_failure / ε | success_response_v0 challenge_response_v0 after_eap_success id_response_v0 tlv_failureencrypted_alert]
Aug 13, 2025 6:06:50 PM de.learnlib.logging.LearnLogger logQuery
INFO: [ε | success_request_with_credentials challenge_v0 eap_success challenge_v0 tlv_failure / ε | success_response_v0 challenge_response_v0 after_eap_success challenge_response_v0 tlv_failureencrypted_alert]
Aug 13, 2025 6:06:53 PM de.learnlib.logging.LearnLogger logQuery
INFO: [ε | success_request_with_credentials challenge_v0 eap_success tlv_request tlv_failure / ε | success_response_v0 challenge_response_v0 after_eap_success tlv_success no_reply]
Aug 13, 2025 6:06:56 PM de.learnlib.logging.LearnLogger logQuery
INFO: [ε | success_request_with_credentials challenge_v0 eap_success success_request_with_credentials tlv_failure / ε | success_response_v0 challenge_response_v0 after_eap_success success_response_v0 tlv_failureencrypted_alert]
Aug 13, 2025 6:07:00 PM de.learnlib.logging.LearnLogger logQuery
INFO: [ε | success_request_with_credentials challenge_v0 eap_success eap_success tlv_failure / ε | success_response_v0 challenge_response_v0 after_eap_success after_eap_success tlv_failureencrypted_alert]
Aug 13, 2025 6:07:02 PM de.learnlib.logging.LearnLogger logQuery
INFO: [ε | success_request_with_credentials challenge_v0 eap_success id_request_v0 success_request_all_zeros / ε | success_response_v0 challenge_response_v0 after_eap_success id_response_v0 encrypted_alert]
Aug 13, 2025 6:07:05 PM de.learnlib.logging.LearnLogger logQuery
INFO: [ε | success_request_with_credentials challenge_v0 eap_success challenge_v0 success_request_all_zeros / ε | success_response_v0 challenge_response_v0 after_eap_success challenge_response_v0 encrypted_alert]
Aug 13, 2025 6:07:09 PM de.learnlib.logging.LearnLogger logQuery
INFO: [ε | success_request_with_credentials challenge_v0 eap_success tlv_request success_request_all_zeros / ε | success_response_v0 challenge_response_v0 after_eap_success tlv_success no_reply]
Aug 13, 2025 6:07:12 PM de.learnlib.logging.LearnLogger logQuery
INFO: [ε | success_request_with_credentials challenge_v0 eap_success success_request_with_credentials success_request_all_zeros / ε | success_response_v0 challenge_response_v0 after_eap_success success_response_v0 encrypted_alert]
Aug 13, 2025 6:07:15 PM de.learnlib.logging.LearnLogger logQuery
INFO: [ε | success_request_with_credentials challenge_v0 eap_success eap_success success_request_all_zeros / ε | success_response_v0 challenge_response_v0 after_eap_success after_eap_success encrypted_alert]
Aug 13, 2025 6:07:18 PM de.learnlib.logging.LearnLogger logQuery
INFO: [ε | success_request_with_credentials challenge_v0 eap_success id_request_v0 success_request_with_credentials tlv_request / ε | success_response_v0 challenge_response_v0 after_eap_success id_response_v0 success_response_v0 tlv_success]
Aug 13, 2025 6:07:21 PM de.learnlib.logging.LearnLogger logQuery
INFO: [ε | success_request_with_credentials challenge_v0 eap_success id_request_v0 success_request_with_credentials success_request_with_credentials success_and_cryptobinding / ε | success_response_v0 challenge_response_v0 after_eap_success id_response_v0 success_response_v0 success_response_v0 tlv_success_and_cryptobinding]
Aug 13, 2025 6:07:24 PM de.learnlib.logging.LearnLogger logQuery
INFO: [ε | success_request_with_credentials challenge_v0 eap_success challenge_v0 success_request_with_credentials tlv_request / ε | success_response_v0 challenge_response_v0 after_eap_success challenge_response_v0 success_response_v0 tlv_success]
Aug 13, 2025 6:07:27 PM de.learnlib.logging.LearnLogger logQuery
INFO: [ε | success_request_with_credentials challenge_v0 eap_success challenge_v0 success_request_with_credentials success_request_with_credentials success_and_cryptobinding / ε | success_response_v0 challenge_response_v0 after_eap_success challenge_response_v0 success_response_v0 success_response_v0 tlv_success_and_cryptobinding]
Aug 13, 2025 6:07:30 PM de.learnlib.logging.LearnLogger logQuery
INFO: [ε | success_request_with_credentials challenge_v0 eap_success success_request_with_credentials success_request_with_credentials tlv_request / ε | success_response_v0 challenge_response_v0 after_eap_success success_response_v0 success_response_v0 tlv_success]
Aug 13, 2025 6:07:32 PM de.learnlib.logging.LearnLogger logQuery
INFO: [ε | success_request_with_credentials challenge_v0 eap_success success_request_with_credentials success_request_with_credentials success_request_with_credentials success_and_cryptobinding / ε | success_response_v0 challenge_response_v0 after_eap_success success_response_v0 success_response_v0 success_response_v0 tlv_success_and_cryptobinding]
Aug 13, 2025 6:07:36 PM de.learnlib.logging.LearnLogger logQuery
INFO: [ε | success_request_with_credentials challenge_v0 eap_success eap_success success_request_with_credentials tlv_request / ε | success_response_v0 challenge_response_v0 after_eap_success after_eap_success success_response_v0 tlv_success]
Aug 13, 2025 6:07:39 PM de.learnlib.logging.LearnLogger logQuery
INFO: [ε | success_request_with_credentials challenge_v0 eap_success eap_success success_request_with_credentials success_request_with_credentials success_and_cryptobinding / ε | success_response_v0 challenge_response_v0 after_eap_success after_eap_success success_response_v0 success_response_v0 tlv_success_and_cryptobinding]
Aug 13, 2025 6:07:42 PM de.learnlib.logging.LearnLogger logQuery
INFO: [ε | success_request_with_credentials challenge_v0 eap_success success_request_with_credentials success_and_cryptobinding success_and_cryptobinding / ε | success_response_v0 challenge_response_v0 after_eap_success success_response_v0 tlv_success_and_cryptobinding no_reply]
Aug 13, 2025 6:07:46 PM de.learnlib.logging.LearnLogger logQuery
INFO: [ε | success_request_with_credentials challenge_v0 eap_success success_request_with_credentials success_and_cryptobinding tlv_request / ε | success_response_v0 challenge_response_v0 after_eap_success success_response_v0 tlv_success_and_cryptobinding no_reply]
Aug 13, 2025 6:07:49 PM de.learnlib.logging.LearnLogger logQuery
INFO: [ε | success_request_with_credentials challenge_v0 eap_success success_request_with_credentials success_and_cryptobinding success_request_with_credentials success_and_cryptobinding / ε | success_response_v0 challenge_response_v0 after_eap_success success_response_v0 tlv_success_and_cryptobinding no_reply -]
Aug 13, 2025 6:07:53 PM de.learnlib.logging.LearnLogger logQuery
INFO: [ε | success_request_with_credentials challenge_v0 eap_success id_request_v0 cryptobinding / ε | success_response_v0 challenge_response_v0 after_eap_success id_response_v0 no_reply]
Aug 13, 2025 6:07:56 PM de.learnlib.logging.LearnLogger logQuery
INFO: [ε | success_request_with_credentials challenge_v0 eap_success challenge_v0 cryptobinding / ε | success_response_v0 challenge_response_v0 after_eap_success challenge_response_v0 no_reply]
Aug 13, 2025 6:08:00 PM de.learnlib.logging.LearnLogger logQuery
INFO: [ε | success_request_with_credentials challenge_v0 eap_success tlv_request cryptobinding / ε | success_response_v0 challenge_response_v0 after_eap_success tlv_success no_reply]
Aug 13, 2025 6:08:02 PM de.learnlib.logging.LearnLogger logQuery
INFO: [ε | success_request_with_credentials challenge_v0 eap_success success_request_with_credentials cryptobinding / ε | success_response_v0 challenge_response_v0 after_eap_success success_response_v0 tlv_cryptobindingencrypted_alert]
Aug 13, 2025 6:08:07 PM de.learnlib.logging.LearnLogger logQuery
INFO: [ε | success_request_with_credentials challenge_v0 eap_success eap_success cryptobinding / ε | success_response_v0 challenge_response_v0 after_eap_success after_eap_success no_reply]
Aug 13, 2025 6:08:10 PM de.learnlib.logging.LearnLogger logQuery
INFO: [ε | success_request_with_credentials challenge_v0 eap_success id_request_v0 eap_success / ε | success_response_v0 challenge_response_v0 after_eap_success id_response_v0 after_eap_success]
Aug 13, 2025 6:08:14 PM de.learnlib.logging.LearnLogger logQuery
INFO: [ε | success_request_with_credentials challenge_v0 eap_success id_request_v0 eap_success success_and_cryptobinding / ε | success_response_v0 challenge_response_v0 after_eap_success id_response_v0 after_eap_success no_reply]
Aug 13, 2025 6:08:17 PM de.learnlib.logging.LearnLogger logQuery
INFO: [ε | success_request_with_credentials challenge_v0 eap_success id_request_v0 eap_success tlv_request / ε | success_response_v0 challenge_response_v0 after_eap_success id_response_v0 after_eap_success tlv_success]
Aug 13, 2025 6:08:21 PM de.learnlib.logging.LearnLogger logQuery
INFO: [ε | success_request_with_credentials challenge_v0 eap_success id_request_v0 eap_success success_request_with_credentials success_and_cryptobinding / ε | success_response_v0 challenge_response_v0 after_eap_success id_response_v0 after_eap_success success_response_v0 tlv_success_and_cryptobinding]
Aug 13, 2025 6:08:24 PM de.learnlib.logging.LearnLogger logQuery
INFO: [ε | success_request_with_credentials challenge_v0 eap_success challenge_v0 eap_success / ε | success_response_v0 challenge_response_v0 after_eap_success challenge_response_v0 after_eap_success]
Aug 13, 2025 6:08:28 PM de.learnlib.logging.LearnLogger logQuery
INFO: [ε | success_request_with_credentials challenge_v0 eap_success challenge_v0 eap_success success_and_cryptobinding / ε | success_response_v0 challenge_response_v0 after_eap_success challenge_response_v0 after_eap_success no_reply]
Aug 13, 2025 6:08:31 PM de.learnlib.logging.LearnLogger logQuery
INFO: [ε | success_request_with_credentials challenge_v0 eap_success challenge_v0 eap_success tlv_request / ε | success_response_v0 challenge_response_v0 after_eap_success challenge_response_v0 after_eap_success tlv_success]
Aug 13, 2025 6:08:34 PM de.learnlib.logging.LearnLogger logQuery
INFO: [ε | success_request_with_credentials challenge_v0 eap_success challenge_v0 eap_success success_request_with_credentials success_and_cryptobinding / ε | success_response_v0 challenge_response_v0 after_eap_success challenge_response_v0 after_eap_success success_response_v0 tlv_success_and_cryptobinding]
Aug 13, 2025 6:08:38 PM de.learnlib.logging.LearnLogger logQuery
INFO: [ε | success_request_with_credentials challenge_v0 eap_success tlv_request eap_success / ε | success_response_v0 challenge_response_v0 after_eap_success tlv_success after_eap_success]
Aug 13, 2025 6:08:41 PM de.learnlib.logging.LearnLogger logQuery
INFO: [ε | success_request_with_credentials challenge_v0 eap_success tlv_request eap_success success_and_cryptobinding / ε | success_response_v0 challenge_response_v0 after_eap_success tlv_success after_eap_success deauthentication]
Aug 13, 2025 6:08:45 PM de.learnlib.logging.LearnLogger logQuery
INFO: [ε | success_request_with_credentials challenge_v0 eap_success tlv_request eap_success tlv_request / ε | success_response_v0 challenge_response_v0 after_eap_success tlv_success after_eap_success deauthentication]
Aug 13, 2025 6:08:48 PM de.learnlib.logging.LearnLogger logQuery
INFO: [ε | success_request_with_credentials challenge_v0 eap_success tlv_request eap_success success_request_with_credentials success_and_cryptobinding / ε | success_response_v0 challenge_response_v0 after_eap_success tlv_success after_eap_success deauthentication -]
Aug 13, 2025 6:08:51 PM de.learnlib.logging.LearnLogger logQuery
INFO: [ε | success_request_with_credentials challenge_v0 eap_success success_request_with_credentials eap_success / ε | success_response_v0 challenge_response_v0 after_eap_success success_response_v0 after_eap_success]
Aug 13, 2025 6:08:55 PM de.learnlib.logging.LearnLogger logQuery
INFO: [ε | success_request_with_credentials challenge_v0 eap_success success_request_with_credentials eap_success success_and_cryptobinding / ε | success_response_v0 challenge_response_v0 after_eap_success success_response_v0 after_eap_success tlv_success_and_cryptobinding]
Aug 13, 2025 6:08:58 PM de.learnlib.logging.LearnLogger logQuery
INFO: [ε | success_request_with_credentials challenge_v0 eap_success success_request_with_credentials eap_success tlv_request / ε | success_response_v0 challenge_response_v0 after_eap_success success_response_v0 after_eap_success tlv_success]
Aug 13, 2025 6:09:01 PM de.learnlib.logging.LearnLogger logQuery
INFO: [ε | success_request_with_credentials challenge_v0 eap_success success_request_with_credentials eap_success success_request_with_credentials success_and_cryptobinding / ε | success_response_v0 challenge_response_v0 after_eap_success success_response_v0 after_eap_success success_response_v0 tlv_success_and_cryptobinding]
Aug 13, 2025 6:09:05 PM de.learnlib.logging.LearnLogger logQuery
INFO: [ε | success_request_with_credentials challenge_v0 eap_success eap_success eap_success / ε | success_response_v0 challenge_response_v0 after_eap_success after_eap_success after_eap_success]
Aug 13, 2025 6:09:09 PM de.learnlib.logging.LearnLogger logQuery
INFO: [ε | success_request_with_credentials challenge_v0 eap_success eap_success eap_success success_and_cryptobinding / ε | success_response_v0 challenge_response_v0 after_eap_success after_eap_success after_eap_success no_reply]
Aug 13, 2025 6:09:13 PM de.learnlib.logging.LearnLogger logQuery
INFO: [ε | success_request_with_credentials challenge_v0 eap_success eap_success eap_success tlv_request / ε | success_response_v0 challenge_response_v0 after_eap_success after_eap_success after_eap_success tlv_success]
Aug 13, 2025 6:09:17 PM de.learnlib.logging.LearnLogger logQuery
INFO: [ε | success_request_with_credentials challenge_v0 eap_success eap_success eap_success success_request_with_credentials success_and_cryptobinding / ε | success_response_v0 challenge_response_v0 after_eap_success after_eap_success after_eap_success success_response_v0 tlv_success_and_cryptobinding]
Aug 13, 2025 6:09:21 PM de.learnlib.logging.LearnLogger logQuery
INFO: [ε | success_request_with_credentials challenge_v0 eap_success id_request_v0 4_way_message_1 / ε | success_response_v0 challenge_response_v0 after_eap_success id_response_v0 no_reply]
Aug 13, 2025 6:09:24 PM de.learnlib.logging.LearnLogger logQuery
INFO: [ε | success_request_with_credentials challenge_v0 eap_success challenge_v0 4_way_message_1 / ε | success_response_v0 challenge_response_v0 after_eap_success challenge_response_v0 no_reply]
Aug 13, 2025 6:09:27 PM de.learnlib.logging.LearnLogger logQuery
INFO: [ε | success_request_with_credentials challenge_v0 eap_success tlv_request 4_way_message_1 / ε | success_response_v0 challenge_response_v0 after_eap_success tlv_success 4_way_message_2]
Aug 13, 2025 6:09:31 PM de.learnlib.logging.LearnLogger logQuery
INFO: [ε | success_request_with_credentials challenge_v0 eap_success success_request_with_credentials 4_way_message_1 / ε | success_response_v0 challenge_response_v0 after_eap_success success_response_v0 no_reply]
Aug 13, 2025 6:09:35 PM de.learnlib.logging.LearnLogger logQuery
INFO: [ε | success_request_with_credentials challenge_v0 eap_success eap_success 4_way_message_1 / ε | success_response_v0 challenge_response_v0 after_eap_success after_eap_success no_reply]
Aug 13, 2025 6:09:35 PM de.learnlib.logging.LearnLogger logQuery
INFO: DB CACHE [ε | success_request_with_credentials tlv_request eap_success eap_success id_request_v0 /  success_response_v0 tlv_success after_eap_success after_eap_success deauthentication]
Aug 13, 2025 6:09:35 PM de.learnlib.logging.LearnLogger logQuery
INFO: DB CACHE [ε | success_request_with_credentials tlv_request eap_success eap_success challenge_v0 /  success_response_v0 tlv_success after_eap_success after_eap_success deauthentication]
Aug 13, 2025 6:09:35 PM de.learnlib.logging.LearnLogger logQuery
INFO: DB CACHE [ε | success_request_with_credentials tlv_request eap_success eap_success tlv_failure /  success_response_v0 tlv_success after_eap_success after_eap_success deauthentication]
Aug 13, 2025 6:09:35 PM de.learnlib.logging.LearnLogger logQuery
INFO: DB CACHE [ε | success_request_with_credentials tlv_request eap_success eap_success success_request_all_zeros /  success_response_v0 tlv_success after_eap_success after_eap_success deauthentication]
Aug 13, 2025 6:09:35 PM de.learnlib.logging.LearnLogger logQuery
INFO: DB CACHE [ε | success_request_with_credentials tlv_request eap_success eap_success cryptobinding /  success_response_v0 tlv_success after_eap_success after_eap_success deauthentication]
Aug 13, 2025 6:09:35 PM de.learnlib.logging.LearnLogger logQuery
INFO: DB CACHE [ε | success_request_with_credentials tlv_request eap_success eap_success eap_success /  success_response_v0 tlv_success after_eap_success after_eap_success after_eap_success]
Aug 13, 2025 6:09:39 PM de.learnlib.logging.LearnLogger logQuery
INFO: [ε | success_request_with_credentials tlv_request eap_success eap_success eap_success success_and_cryptobinding / ε | success_response_v0 tlv_success after_eap_success after_eap_success after_eap_success deauthentication]
Aug 13, 2025 6:09:43 PM de.learnlib.logging.LearnLogger logQuery
INFO: [ε | success_request_with_credentials tlv_request eap_success eap_success eap_success tlv_request / ε | success_response_v0 tlv_success after_eap_success after_eap_success after_eap_success deauthentication]
Aug 13, 2025 6:09:47 PM de.learnlib.logging.LearnLogger logQuery
INFO: [ε | success_request_with_credentials tlv_request eap_success eap_success eap_success success_request_with_credentials success_and_cryptobinding / ε | success_response_v0 tlv_success after_eap_success after_eap_success after_eap_success deauthentication -]
Aug 13, 2025 6:09:47 PM de.learnlib.logging.LearnLogger logQuery
INFO: DB CACHE [ε | success_request_with_credentials tlv_request eap_success eap_success 4_way_message_1 /  success_response_v0 tlv_success after_eap_success after_eap_success 4_way_message_2]
Aug 13, 2025 6:09:51 PM de.learnlib.logging.LearnLogger logQuery
INFO: [ε | success_request_with_credentials tlv_request eap_success eap_success eap_success id_request_v0 / ε | success_response_v0 tlv_success after_eap_success after_eap_success after_eap_success deauthentication]
Aug 13, 2025 6:09:55 PM de.learnlib.logging.LearnLogger logQuery
INFO: [ε | success_request_with_credentials tlv_request eap_success eap_success eap_success challenge_v0 / ε | success_response_v0 tlv_success after_eap_success after_eap_success after_eap_success deauthentication]
Aug 13, 2025 6:09:59 PM de.learnlib.logging.LearnLogger logQuery
INFO: [ε | success_request_with_credentials tlv_request eap_success eap_success eap_success tlv_failure / ε | success_response_v0 tlv_success after_eap_success after_eap_success after_eap_success deauthentication]
Aug 13, 2025 6:10:03 PM de.learnlib.logging.LearnLogger logQuery
INFO: [ε | success_request_with_credentials tlv_request eap_success eap_success eap_success success_request_all_zeros / ε | success_response_v0 tlv_success after_eap_success after_eap_success after_eap_success deauthentication]
Aug 13, 2025 6:10:07 PM de.learnlib.logging.LearnLogger logQuery
INFO: [ε | success_request_with_credentials tlv_request eap_success eap_success eap_success cryptobinding / ε | success_response_v0 tlv_success after_eap_success after_eap_success after_eap_success deauthentication]
Aug 13, 2025 6:10:11 PM de.learnlib.logging.LearnLogger logQuery
INFO: [ε | success_request_with_credentials tlv_request eap_success eap_success eap_success eap_success / ε | success_response_v0 tlv_success after_eap_success after_eap_success after_eap_success after_eap_success]
Aug 13, 2025 6:10:16 PM de.learnlib.logging.LearnLogger logQuery
INFO: [ε | success_request_with_credentials tlv_request eap_success eap_success eap_success eap_success success_and_cryptobinding / ε | success_response_v0 tlv_success after_eap_success after_eap_success after_eap_success after_eap_success deauthentication]
Aug 13, 2025 6:10:20 PM de.learnlib.logging.LearnLogger logQuery
INFO: [ε | success_request_with_credentials tlv_request eap_success eap_success eap_success eap_success tlv_request / ε | success_response_v0 tlv_success after_eap_success after_eap_success after_eap_success after_eap_success deauthentication]
Aug 13, 2025 6:10:25 PM de.learnlib.logging.LearnLogger logQuery
INFO: [ε | success_request_with_credentials tlv_request eap_success eap_success eap_success eap_success success_request_with_credentials success_and_cryptobinding / ε | success_response_v0 tlv_success after_eap_success after_eap_success after_eap_success after_eap_success deauthentication -]
Aug 13, 2025 6:10:29 PM de.learnlib.logging.LearnLogger logQuery
INFO: [ε | success_request_with_credentials tlv_request eap_success eap_success eap_success 4_way_message_1 / ε | success_response_v0 tlv_success after_eap_success after_eap_success after_eap_success 4_way_message_2]
