Aug 13, 2025 4:23:16 PM de.learnlib.logging.LearnLogger logQuery
INFO: [ε | 4_way_message_1 4_way_message_1 / ε | no_reply -]
Aug 13, 2025 4:23:19 PM de.learnlib.logging.LearnLogger logQuery
INFO: [ε | 4_way_message_1 eap_success / ε | no_reply -]
Aug 13, 2025 4:23:22 PM de.learnlib.logging.LearnLogger logQuery
INFO: [ε | 4_way_message_1 cryptobinding / ε | no_reply -]
Aug 13, 2025 4:23:25 PM de.learnlib.logging.LearnLogger logQuery
INFO: [ε | 4_way_message_1 success_and_cryptobinding / ε | no_reply -]
Aug 13, 2025 4:23:28 PM de.learnlib.logging.LearnLogger logQuery
INFO: [ε | 4_way_message_1 success_request_with_credentials / ε | no_reply -]
Aug 13, 2025 4:23:30 PM de.learnlib.logging.LearnLogger logQuery
INFO: [ε | 4_way_message_1 success_request_all_zeros / ε | no_reply -]
Aug 13, 2025 4:23:33 PM de.learnlib.logging.LearnLogger logQuery
INFO: [ε | 4_way_message_1 tlv_failure / ε | no_reply -]
Aug 13, 2025 4:23:36 PM de.learnlib.logging.LearnLogger logQuery
INFO: [ε | 4_way_message_1 tlv_request / ε | no_reply -]
Aug 13, 2025 4:23:39 PM de.learnlib.logging.LearnLogger logQuery
INFO: [ε | 4_way_message_1 challenge_v0 / ε | no_reply -]
Aug 13, 2025 4:23:42 PM de.learnlib.logging.LearnLogger logQuery
INFO: [ε | 4_way_message_1 id_request_v0 / ε | no_reply -]
Aug 13, 2025 4:23:45 PM de.learnlib.logging.LearnLogger logQuery
INFO: [ε | eap_success 4_way_message_1 / ε | after_eap_success no_reply]
Aug 13, 2025 4:23:48 PM de.learnlib.logging.LearnLogger logQuery
INFO: [ε | eap_success eap_success / ε | after_eap_success after_eap_success]
Aug 13, 2025 4:23:51 PM de.learnlib.logging.LearnLogger logQuery
INFO: [ε | eap_success cryptobinding / ε | after_eap_success tlv_cryptobindingencrypted_alert]
Aug 13, 2025 4:23:54 PM de.learnlib.logging.LearnLogger logQuery
INFO: [ε | eap_success success_and_cryptobinding / ε | after_eap_success tlv_cryptobindingencrypted_alert]
Aug 13, 2025 4:23:57 PM de.learnlib.logging.LearnLogger logQuery
INFO: [ε | eap_success success_request_with_credentials / ε | after_eap_success success_response_v0]
Aug 13, 2025 4:23:59 PM de.learnlib.logging.LearnLogger logQuery
INFO: [ε | eap_success success_request_all_zeros / ε | after_eap_success encrypted_alert]
Aug 13, 2025 4:24:02 PM de.learnlib.logging.LearnLogger logQuery
INFO: [ε | eap_success tlv_failure / ε | after_eap_success tlv_failureencrypted_alert]
Aug 13, 2025 4:24:05 PM de.learnlib.logging.LearnLogger logQuery
INFO: [ε | eap_success tlv_request / ε | after_eap_success tlv_failureencrypted_alert]
Aug 13, 2025 4:24:08 PM de.learnlib.logging.LearnLogger logQuery
INFO: [ε | eap_success challenge_v0 / ε | after_eap_success challenge_response_v0]
Aug 13, 2025 4:24:11 PM de.learnlib.logging.LearnLogger logQuery
INFO: [ε | eap_success id_request_v0 / ε | after_eap_success id_response_v0]
Aug 13, 2025 4:24:13 PM de.learnlib.logging.LearnLogger logQuery
INFO: [ε | cryptobinding 4_way_message_1 / ε | tlv_cryptobindingencrypted_alert -]
Aug 13, 2025 4:24:15 PM de.learnlib.logging.LearnLogger logQuery
INFO: [ε | cryptobinding eap_success / ε | tlv_cryptobindingencrypted_alert -]
Aug 13, 2025 4:24:17 PM de.learnlib.logging.LearnLogger logQuery
INFO: [ε | cryptobinding cryptobinding / ε | tlv_cryptobindingencrypted_alert -]
Aug 13, 2025 4:24:19 PM de.learnlib.logging.LearnLogger logQuery
INFO: [ε | cryptobinding success_and_cryptobinding / ε | tlv_cryptobindingencrypted_alert -]
Aug 13, 2025 4:24:22 PM de.learnlib.logging.LearnLogger logQuery
INFO: [ε | cryptobinding success_request_with_credentials / ε | tlv_cryptobindingencrypted_alert -]
Aug 13, 2025 4:24:24 PM de.learnlib.logging.LearnLogger logQuery
INFO: [ε | cryptobinding success_request_all_zeros / ε | tlv_cryptobindingencrypted_alert -]
Aug 13, 2025 4:24:26 PM de.learnlib.logging.LearnLogger logQuery
INFO: [ε | cryptobinding tlv_failure / ε | tlv_cryptobindingencrypted_alert -]
Aug 13, 2025 4:24:28 PM de.learnlib.logging.LearnLogger logQuery
INFO: [ε | cryptobinding tlv_request / ε | tlv_cryptobindingencrypted_alert -]
Aug 13, 2025 4:24:30 PM de.learnlib.logging.LearnLogger logQuery
INFO: [ε | cryptobinding challenge_v0 / ε | tlv_cryptobindingencrypted_alert -]
Aug 13, 2025 4:24:33 PM de.learnlib.logging.LearnLogger logQuery
INFO: [ε | cryptobinding id_request_v0 / ε | tlv_cryptobindingencrypted_alert -]
Aug 13, 2025 4:24:35 PM de.learnlib.logging.LearnLogger logQuery
INFO: [ε | success_and_cryptobinding 4_way_message_1 / ε | tlv_cryptobindingencrypted_alert -]
Aug 13, 2025 4:24:37 PM de.learnlib.logging.LearnLogger logQuery
INFO: [ε | success_and_cryptobinding eap_success / ε | tlv_cryptobindingencrypted_alert -]
Aug 13, 2025 4:24:39 PM de.learnlib.logging.LearnLogger logQuery
INFO: [ε | success_and_cryptobinding cryptobinding / ε | tlv_cryptobindingencrypted_alert -]
Aug 13, 2025 4:24:41 PM de.learnlib.logging.LearnLogger logQuery
INFO: [ε | success_and_cryptobinding success_and_cryptobinding / ε | tlv_cryptobindingencrypted_alert -]
Aug 13, 2025 4:24:44 PM de.learnlib.logging.LearnLogger logQuery
INFO: [ε | success_and_cryptobinding success_request_with_credentials / ε | tlv_cryptobindingencrypted_alert -]
Aug 13, 2025 4:24:46 PM de.learnlib.logging.LearnLogger logQuery
INFO: [ε | success_and_cryptobinding success_request_all_zeros / ε | tlv_cryptobindingencrypted_alert -]
Aug 13, 2025 4:24:48 PM de.learnlib.logging.LearnLogger logQuery
INFO: [ε | success_and_cryptobinding tlv_failure / ε | tlv_cryptobindingencrypted_alert -]
Aug 13, 2025 4:24:50 PM de.learnlib.logging.LearnLogger logQuery
INFO: [ε | success_and_cryptobinding tlv_request / ε | tlv_cryptobindingencrypted_alert -]
Aug 13, 2025 4:24:52 PM de.learnlib.logging.LearnLogger logQuery
INFO: [ε | success_and_cryptobinding challenge_v0 / ε | tlv_cryptobindingencrypted_alert -]
Aug 13, 2025 4:24:54 PM de.learnlib.logging.LearnLogger logQuery
INFO: [ε | success_and_cryptobinding id_request_v0 / ε | tlv_cryptobindingencrypted_alert -]
Aug 13, 2025 4:24:57 PM de.learnlib.logging.LearnLogger logQuery
INFO: [ε | success_request_with_credentials 4_way_message_1 / ε | success_response_v0 no_reply]
Aug 13, 2025 4:25:00 PM de.learnlib.logging.LearnLogger logQuery
INFO: [ε | success_request_with_credentials eap_success / ε | success_response_v0 after_eap_success]
Aug 13, 2025 4:25:03 PM de.learnlib.logging.LearnLogger logQuery
INFO: [ε | success_request_with_credentials cryptobinding / ε | success_response_v0 no_reply]
Aug 13, 2025 4:25:06 PM de.learnlib.logging.LearnLogger logQuery
INFO: [ε | success_request_with_credentials success_and_cryptobinding / ε | success_response_v0 no_reply]
Aug 13, 2025 4:25:08 PM de.learnlib.logging.LearnLogger logQuery
INFO: [ε | success_request_with_credentials success_request_with_credentials / ε | success_response_v0 success_response_v0]
Aug 13, 2025 4:25:10 PM de.learnlib.logging.LearnLogger logQuery
INFO: [ε | success_request_with_credentials success_request_all_zeros / ε | success_response_v0 encrypted_alert]
Aug 13, 2025 4:25:13 PM de.learnlib.logging.LearnLogger logQuery
INFO: [ε | success_request_with_credentials tlv_failure / ε | success_response_v0 tlv_failureencrypted_alert]
Aug 13, 2025 4:25:15 PM de.learnlib.logging.LearnLogger logQuery
INFO: [ε | success_request_with_credentials tlv_request / ε | success_response_v0 tlv_success]
Aug 13, 2025 4:25:17 PM de.learnlib.logging.LearnLogger logQuery
INFO: [ε | success_request_with_credentials challenge_v0 / ε | success_response_v0 challenge_response_v0]
Aug 13, 2025 4:25:19 PM de.learnlib.logging.LearnLogger logQuery
INFO: [ε | success_request_with_credentials id_request_v0 / ε | success_response_v0 id_response_v0]
Aug 13, 2025 4:25:22 PM de.learnlib.logging.LearnLogger logQuery
INFO: [ε | success_request_all_zeros 4_way_message_1 / ε | encrypted_alert -]
Aug 13, 2025 4:25:24 PM de.learnlib.logging.LearnLogger logQuery
INFO: [ε | success_request_all_zeros eap_success / ε | encrypted_alert -]
Aug 13, 2025 4:25:26 PM de.learnlib.logging.LearnLogger logQuery
INFO: [ε | success_request_all_zeros cryptobinding / ε | encrypted_alert -]
Aug 13, 2025 4:25:28 PM de.learnlib.logging.LearnLogger logQuery
INFO: [ε | success_request_all_zeros success_and_cryptobinding / ε | encrypted_alert -]
Aug 13, 2025 4:25:30 PM de.learnlib.logging.LearnLogger logQuery
INFO: [ε | success_request_all_zeros success_request_with_credentials / ε | encrypted_alert -]
Aug 13, 2025 4:25:33 PM de.learnlib.logging.LearnLogger logQuery
INFO: [ε | success_request_all_zeros success_request_all_zeros / ε | encrypted_alert -]
Aug 13, 2025 4:25:35 PM de.learnlib.logging.LearnLogger logQuery
INFO: [ε | success_request_all_zeros tlv_failure / ε | encrypted_alert -]
Aug 13, 2025 4:25:37 PM de.learnlib.logging.LearnLogger logQuery
INFO: [ε | success_request_all_zeros tlv_request / ε | encrypted_alert -]
Aug 13, 2025 4:25:39 PM de.learnlib.logging.LearnLogger logQuery
INFO: [ε | success_request_all_zeros challenge_v0 / ε | encrypted_alert -]
Aug 13, 2025 4:25:41 PM de.learnlib.logging.LearnLogger logQuery
INFO: [ε | success_request_all_zeros id_request_v0 / ε | encrypted_alert -]
Aug 13, 2025 4:25:43 PM de.learnlib.logging.LearnLogger logQuery
INFO: [ε | tlv_failure 4_way_message_1 / ε | tlv_failureencrypted_alert -]
Aug 13, 2025 4:25:46 PM de.learnlib.logging.LearnLogger logQuery
INFO: [ε | tlv_failure eap_success / ε | tlv_failureencrypted_alert -]
Aug 13, 2025 4:25:48 PM de.learnlib.logging.LearnLogger logQuery
INFO: [ε | tlv_failure cryptobinding / ε | tlv_failureencrypted_alert -]
Aug 13, 2025 4:25:50 PM de.learnlib.logging.LearnLogger logQuery
INFO: [ε | tlv_failure success_and_cryptobinding / ε | tlv_failureencrypted_alert -]
Aug 13, 2025 4:25:52 PM de.learnlib.logging.LearnLogger logQuery
INFO: [ε | tlv_failure success_request_with_credentials / ε | tlv_failureencrypted_alert -]
Aug 13, 2025 4:25:54 PM de.learnlib.logging.LearnLogger logQuery
INFO: [ε | tlv_failure success_request_all_zeros / ε | tlv_failureencrypted_alert -]
Aug 13, 2025 4:25:57 PM de.learnlib.logging.LearnLogger logQuery
INFO: [ε | tlv_failure tlv_failure / ε | tlv_failureencrypted_alert -]
Aug 13, 2025 4:25:59 PM de.learnlib.logging.LearnLogger logQuery
INFO: [ε | tlv_failure tlv_request / ε | tlv_failureencrypted_alert -]
Aug 13, 2025 4:26:01 PM de.learnlib.logging.LearnLogger logQuery
INFO: [ε | tlv_failure challenge_v0 / ε | tlv_failureencrypted_alert -]
Aug 13, 2025 4:26:03 PM de.learnlib.logging.LearnLogger logQuery
INFO: [ε | tlv_failure id_request_v0 / ε | tlv_failureencrypted_alert -]
Aug 13, 2025 4:26:05 PM de.learnlib.logging.LearnLogger logQuery
INFO: [ε | tlv_request 4_way_message_1 / ε | tlv_failureencrypted_alert -]
Aug 13, 2025 4:26:08 PM de.learnlib.logging.LearnLogger logQuery
INFO: [ε | tlv_request eap_success / ε | tlv_failureencrypted_alert -]
Aug 13, 2025 4:26:10 PM de.learnlib.logging.LearnLogger logQuery
INFO: [ε | tlv_request cryptobinding / ε | tlv_failureencrypted_alert -]
Aug 13, 2025 4:26:12 PM de.learnlib.logging.LearnLogger logQuery
INFO: [ε | tlv_request success_and_cryptobinding / ε | tlv_failureencrypted_alert -]
Aug 13, 2025 4:26:14 PM de.learnlib.logging.LearnLogger logQuery
INFO: [ε | tlv_request success_request_with_credentials / ε | tlv_failureencrypted_alert -]
Aug 13, 2025 4:26:16 PM de.learnlib.logging.LearnLogger logQuery
INFO: [ε | tlv_request success_request_all_zeros / ε | tlv_failureencrypted_alert -]
Aug 13, 2025 4:26:19 PM de.learnlib.logging.LearnLogger logQuery
INFO: [ε | tlv_request tlv_failure / ε | tlv_failureencrypted_alert -]
Aug 13, 2025 4:26:21 PM de.learnlib.logging.LearnLogger logQuery
INFO: [ε | tlv_request tlv_request / ε | tlv_failureencrypted_alert -]
Aug 13, 2025 4:26:23 PM de.learnlib.logging.LearnLogger logQuery
INFO: [ε | tlv_request challenge_v0 / ε | tlv_failureencrypted_alert -]
Aug 13, 2025 4:26:25 PM de.learnlib.logging.LearnLogger logQuery
INFO: [ε | tlv_request id_request_v0 / ε | tlv_failureencrypted_alert -]
Aug 13, 2025 4:26:28 PM de.learnlib.logging.LearnLogger logQuery
INFO: [ε | challenge_v0 4_way_message_1 / ε | challenge_response_v0 no_reply]
Aug 13, 2025 4:26:31 PM de.learnlib.logging.LearnLogger logQuery
INFO: [ε | challenge_v0 eap_success / ε | challenge_response_v0 after_eap_success]
Aug 13, 2025 4:26:33 PM de.learnlib.logging.LearnLogger logQuery
INFO: [ε | challenge_v0 cryptobinding / ε | challenge_response_v0 no_reply]
Aug 13, 2025 4:26:36 PM de.learnlib.logging.LearnLogger logQuery
INFO: [ε | challenge_v0 success_and_cryptobinding / ε | challenge_response_v0 no_reply]
Aug 13, 2025 4:26:39 PM de.learnlib.logging.LearnLogger logQuery
INFO: [ε | challenge_v0 success_request_with_credentials / ε | challenge_response_v0 success_response_v0]
Aug 13, 2025 4:26:41 PM de.learnlib.logging.LearnLogger logQuery
INFO: [ε | challenge_v0 success_request_all_zeros / ε | challenge_response_v0 encrypted_alert]
Aug 13, 2025 4:26:43 PM de.learnlib.logging.LearnLogger logQuery
INFO: [ε | challenge_v0 tlv_failure / ε | challenge_response_v0 tlv_failureencrypted_alert]
Aug 13, 2025 4:26:46 PM de.learnlib.logging.LearnLogger logQuery
INFO: [ε | challenge_v0 tlv_request / ε | challenge_response_v0 tlv_failureencrypted_alert]
Aug 13, 2025 4:26:48 PM de.learnlib.logging.LearnLogger logQuery
INFO: [ε | challenge_v0 challenge_v0 / ε | challenge_response_v0 challenge_response_v0]
Aug 13, 2025 4:26:50 PM de.learnlib.logging.LearnLogger logQuery
INFO: [ε | challenge_v0 id_request_v0 / ε | challenge_response_v0 id_response_v0]
Aug 13, 2025 4:26:53 PM de.learnlib.logging.LearnLogger logQuery
INFO: [ε | id_request_v0 4_way_message_1 / ε | id_response_v0 no_reply]
Aug 13, 2025 4:26:56 PM de.learnlib.logging.LearnLogger logQuery
INFO: [ε | id_request_v0 eap_success / ε | id_response_v0 after_eap_success]
Aug 13, 2025 4:26:58 PM de.learnlib.logging.LearnLogger logQuery
INFO: [ε | id_request_v0 cryptobinding / ε | id_response_v0 tlv_cryptobindingencrypted_alert]
Aug 13, 2025 4:27:00 PM de.learnlib.logging.LearnLogger logQuery
INFO: [ε | id_request_v0 success_and_cryptobinding / ε | id_response_v0 tlv_cryptobindingencrypted_alert]
Aug 13, 2025 4:27:03 PM de.learnlib.logging.LearnLogger logQuery
INFO: [ε | id_request_v0 success_request_with_credentials / ε | id_response_v0 success_response_v0]
Aug 13, 2025 4:27:05 PM de.learnlib.logging.LearnLogger logQuery
INFO: [ε | id_request_v0 success_request_all_zeros / ε | id_response_v0 encrypted_alert]
Aug 13, 2025 4:27:07 PM de.learnlib.logging.LearnLogger logQuery
INFO: [ε | id_request_v0 tlv_failure / ε | id_response_v0 tlv_failureencrypted_alert]
Aug 13, 2025 4:27:10 PM de.learnlib.logging.LearnLogger logQuery
INFO: [ε | id_request_v0 tlv_request / ε | id_response_v0 tlv_failureencrypted_alert]
Aug 13, 2025 4:27:12 PM de.learnlib.logging.LearnLogger logQuery
INFO: [ε | id_request_v0 challenge_v0 / ε | id_response_v0 challenge_response_v0]
Aug 13, 2025 4:27:14 PM de.learnlib.logging.LearnLogger logQuery
INFO: [ε | id_request_v0 id_request_v0 / ε | id_response_v0 id_response_v0]
Aug 13, 2025 4:27:14 PM de.learnlib.logging.LearnLogger logQuery
INFO: DB CACHE [ε | success_request_with_credentials 4_way_message_1 4_way_message_1 /  success_response_v0 no_reply -]
Aug 13, 2025 4:27:14 PM de.learnlib.logging.LearnLogger logQuery
INFO: DB CACHE [ε | success_request_with_credentials 4_way_message_1 eap_success /  success_response_v0 no_reply -]
Aug 13, 2025 4:27:14 PM de.learnlib.logging.LearnLogger logQuery
INFO: DB CACHE [ε | success_request_with_credentials 4_way_message_1 cryptobinding /  success_response_v0 no_reply -]
Aug 13, 2025 4:27:14 PM de.learnlib.logging.LearnLogger logQuery
INFO: DB CACHE [ε | success_request_with_credentials 4_way_message_1 success_and_cryptobinding /  success_response_v0 no_reply -]
Aug 13, 2025 4:27:14 PM de.learnlib.logging.LearnLogger logQuery
INFO: DB CACHE [ε | success_request_with_credentials 4_way_message_1 success_request_with_credentials /  success_response_v0 no_reply -]
Aug 13, 2025 4:27:14 PM de.learnlib.logging.LearnLogger logQuery
INFO: DB CACHE [ε | success_request_with_credentials 4_way_message_1 success_request_all_zeros /  success_response_v0 no_reply -]
Aug 13, 2025 4:27:14 PM de.learnlib.logging.LearnLogger logQuery
INFO: DB CACHE [ε | success_request_with_credentials 4_way_message_1 tlv_failure /  success_response_v0 no_reply -]
Aug 13, 2025 4:27:14 PM de.learnlib.logging.LearnLogger logQuery
INFO: DB CACHE [ε | success_request_with_credentials 4_way_message_1 tlv_request /  success_response_v0 no_reply -]
Aug 13, 2025 4:27:14 PM de.learnlib.logging.LearnLogger logQuery
INFO: DB CACHE [ε | success_request_with_credentials 4_way_message_1 challenge_v0 /  success_response_v0 no_reply -]
Aug 13, 2025 4:27:14 PM de.learnlib.logging.LearnLogger logQuery
INFO: DB CACHE [ε | success_request_with_credentials 4_way_message_1 id_request_v0 /  success_response_v0 no_reply -]
Aug 13, 2025 4:27:17 PM de.learnlib.logging.LearnLogger logQuery
INFO: [ε | success_request_with_credentials eap_success 4_way_message_1 / ε | success_response_v0 after_eap_success no_reply]
Aug 13, 2025 4:27:21 PM de.learnlib.logging.LearnLogger logQuery
INFO: [ε | success_request_with_credentials eap_success eap_success / ε | success_response_v0 after_eap_success after_eap_success]
Aug 13, 2025 4:27:24 PM de.learnlib.logging.LearnLogger logQuery
INFO: [ε | success_request_with_credentials eap_success cryptobinding / ε | success_response_v0 after_eap_success no_reply]
Aug 13, 2025 4:27:27 PM de.learnlib.logging.LearnLogger logQuery
INFO: [ε | success_request_with_credentials eap_success success_and_cryptobinding / ε | success_response_v0 after_eap_success no_reply]
Aug 13, 2025 4:27:30 PM de.learnlib.logging.LearnLogger logQuery
INFO: [ε | success_request_with_credentials eap_success success_request_with_credentials / ε | success_response_v0 after_eap_success success_response_v0]
Aug 13, 2025 4:27:33 PM de.learnlib.logging.LearnLogger logQuery
INFO: [ε | success_request_with_credentials eap_success success_request_all_zeros / ε | success_response_v0 after_eap_success encrypted_alert]
Aug 13, 2025 4:27:36 PM de.learnlib.logging.LearnLogger logQuery
INFO: [ε | success_request_with_credentials eap_success tlv_failure / ε | success_response_v0 after_eap_success tlv_failureencrypted_alert]
Aug 13, 2025 4:27:39 PM de.learnlib.logging.LearnLogger logQuery
INFO: [ε | success_request_with_credentials eap_success tlv_request / ε | success_response_v0 after_eap_success tlv_success]
Aug 13, 2025 4:27:42 PM de.learnlib.logging.LearnLogger logQuery
INFO: [ε | success_request_with_credentials eap_success challenge_v0 / ε | success_response_v0 after_eap_success challenge_response_v0]
Aug 13, 2025 4:27:44 PM de.learnlib.logging.LearnLogger logQuery
INFO: [ε | success_request_with_credentials eap_success id_request_v0 / ε | success_response_v0 after_eap_success id_response_v0]
Aug 13, 2025 4:27:44 PM de.learnlib.logging.LearnLogger logQuery
INFO: DB CACHE [ε | success_request_with_credentials cryptobinding 4_way_message_1 /  success_response_v0 no_reply -]
Aug 13, 2025 4:27:44 PM de.learnlib.logging.LearnLogger logQuery
INFO: DB CACHE [ε | success_request_with_credentials cryptobinding eap_success /  success_response_v0 no_reply -]
Aug 13, 2025 4:27:44 PM de.learnlib.logging.LearnLogger logQuery
INFO: DB CACHE [ε | success_request_with_credentials cryptobinding cryptobinding /  success_response_v0 no_reply -]
Aug 13, 2025 4:27:44 PM de.learnlib.logging.LearnLogger logQuery
INFO: DB CACHE [ε | success_request_with_credentials cryptobinding success_and_cryptobinding /  success_response_v0 no_reply -]
Aug 13, 2025 4:27:44 PM de.learnlib.logging.LearnLogger logQuery
INFO: DB CACHE [ε | success_request_with_credentials cryptobinding success_request_with_credentials /  success_response_v0 no_reply -]
Aug 13, 2025 4:27:44 PM de.learnlib.logging.LearnLogger logQuery
INFO: DB CACHE [ε | success_request_with_credentials cryptobinding success_request_all_zeros /  success_response_v0 no_reply -]
Aug 13, 2025 4:27:44 PM de.learnlib.logging.LearnLogger logQuery
INFO: DB CACHE [ε | success_request_with_credentials cryptobinding tlv_failure /  success_response_v0 no_reply -]
Aug 13, 2025 4:27:44 PM de.learnlib.logging.LearnLogger logQuery
INFO: DB CACHE [ε | success_request_with_credentials cryptobinding tlv_request /  success_response_v0 no_reply -]
Aug 13, 2025 4:27:44 PM de.learnlib.logging.LearnLogger logQuery
INFO: DB CACHE [ε | success_request_with_credentials cryptobinding challenge_v0 /  success_response_v0 no_reply -]
Aug 13, 2025 4:27:44 PM de.learnlib.logging.LearnLogger logQuery
INFO: DB CACHE [ε | success_request_with_credentials cryptobinding id_request_v0 /  success_response_v0 no_reply -]
Aug 13, 2025 4:27:44 PM de.learnlib.logging.LearnLogger logQuery
INFO: DB CACHE [ε | success_request_with_credentials success_and_cryptobinding 4_way_message_1 /  success_response_v0 no_reply -]
Aug 13, 2025 4:27:44 PM de.learnlib.logging.LearnLogger logQuery
INFO: DB CACHE [ε | success_request_with_credentials success_and_cryptobinding eap_success /  success_response_v0 no_reply -]
Aug 13, 2025 4:27:44 PM de.learnlib.logging.LearnLogger logQuery
INFO: DB CACHE [ε | success_request_with_credentials success_and_cryptobinding cryptobinding /  success_response_v0 no_reply -]
Aug 13, 2025 4:27:44 PM de.learnlib.logging.LearnLogger logQuery
INFO: DB CACHE [ε | success_request_with_credentials success_and_cryptobinding success_and_cryptobinding /  success_response_v0 no_reply -]
Aug 13, 2025 4:27:44 PM de.learnlib.logging.LearnLogger logQuery
INFO: DB CACHE [ε | success_request_with_credentials success_and_cryptobinding success_request_with_credentials /  success_response_v0 no_reply -]
Aug 13, 2025 4:27:44 PM de.learnlib.logging.LearnLogger logQuery
INFO: DB CACHE [ε | success_request_with_credentials success_and_cryptobinding success_request_all_zeros /  success_response_v0 no_reply -]
Aug 13, 2025 4:27:44 PM de.learnlib.logging.LearnLogger logQuery
INFO: DB CACHE [ε | success_request_with_credentials success_and_cryptobinding tlv_failure /  success_response_v0 no_reply -]
Aug 13, 2025 4:27:44 PM de.learnlib.logging.LearnLogger logQuery
INFO: DB CACHE [ε | success_request_with_credentials success_and_cryptobinding tlv_request /  success_response_v0 no_reply -]
Aug 13, 2025 4:27:44 PM de.learnlib.logging.LearnLogger logQuery
INFO: DB CACHE [ε | success_request_with_credentials success_and_cryptobinding challenge_v0 /  success_response_v0 no_reply -]
Aug 13, 2025 4:27:44 PM de.learnlib.logging.LearnLogger logQuery
INFO: DB CACHE [ε | success_request_with_credentials success_and_cryptobinding id_request_v0 /  success_response_v0 no_reply -]
Aug 13, 2025 4:27:47 PM de.learnlib.logging.LearnLogger logQuery
INFO: [ε | success_request_with_credentials success_request_with_credentials 4_way_message_1 / ε | success_response_v0 success_response_v0 no_reply]
Aug 13, 2025 4:27:50 PM de.learnlib.logging.LearnLogger logQuery
INFO: [ε | success_request_with_credentials success_request_with_credentials eap_success / ε | success_response_v0 success_response_v0 after_eap_success]
Aug 13, 2025 4:27:53 PM de.learnlib.logging.LearnLogger logQuery
INFO: [ε | success_request_with_credentials success_request_with_credentials cryptobinding / ε | success_response_v0 success_response_v0 no_reply]
Aug 13, 2025 4:27:56 PM de.learnlib.logging.LearnLogger logQuery
INFO: [ε | success_request_with_credentials success_request_with_credentials success_and_cryptobinding / ε | success_response_v0 success_response_v0 no_reply]
Aug 13, 2025 4:27:58 PM de.learnlib.logging.LearnLogger logQuery
INFO: [ε | success_request_with_credentials success_request_with_credentials success_request_with_credentials / ε | success_response_v0 success_response_v0 success_response_v0]
Aug 13, 2025 4:28:00 PM de.learnlib.logging.LearnLogger logQuery
INFO: [ε | success_request_with_credentials success_request_with_credentials success_request_all_zeros / ε | success_response_v0 success_response_v0 encrypted_alert]
Aug 13, 2025 4:28:03 PM de.learnlib.logging.LearnLogger logQuery
INFO: [ε | success_request_with_credentials success_request_with_credentials tlv_failure / ε | success_response_v0 success_response_v0 tlv_failureencrypted_alert]
Aug 13, 2025 4:28:05 PM de.learnlib.logging.LearnLogger logQuery
INFO: [ε | success_request_with_credentials success_request_with_credentials tlv_request / ε | success_response_v0 success_response_v0 tlv_success]
Aug 13, 2025 4:28:07 PM de.learnlib.logging.LearnLogger logQuery
INFO: [ε | success_request_with_credentials success_request_with_credentials challenge_v0 / ε | success_response_v0 success_response_v0 challenge_response_v0]
Aug 13, 2025 4:28:09 PM de.learnlib.logging.LearnLogger logQuery
INFO: [ε | success_request_with_credentials success_request_with_credentials id_request_v0 / ε | success_response_v0 success_response_v0 id_response_v0]
Aug 13, 2025 4:28:09 PM de.learnlib.logging.LearnLogger logQuery
INFO: DB CACHE [ε | success_request_with_credentials success_request_all_zeros 4_way_message_1 /  success_response_v0 encrypted_alert -]
Aug 13, 2025 4:28:09 PM de.learnlib.logging.LearnLogger logQuery
INFO: DB CACHE [ε | success_request_with_credentials success_request_all_zeros eap_success /  success_response_v0 encrypted_alert -]
Aug 13, 2025 4:28:09 PM de.learnlib.logging.LearnLogger logQuery
INFO: DB CACHE [ε | success_request_with_credentials success_request_all_zeros cryptobinding /  success_response_v0 encrypted_alert -]
Aug 13, 2025 4:28:09 PM de.learnlib.logging.LearnLogger logQuery
INFO: DB CACHE [ε | success_request_with_credentials success_request_all_zeros success_and_cryptobinding /  success_response_v0 encrypted_alert -]
Aug 13, 2025 4:28:09 PM de.learnlib.logging.LearnLogger logQuery
INFO: DB CACHE [ε | success_request_with_credentials success_request_all_zeros success_request_with_credentials /  success_response_v0 encrypted_alert -]
Aug 13, 2025 4:28:09 PM de.learnlib.logging.LearnLogger logQuery
INFO: DB CACHE [ε | success_request_with_credentials success_request_all_zeros success_request_all_zeros /  success_response_v0 encrypted_alert -]
Aug 13, 2025 4:28:09 PM de.learnlib.logging.LearnLogger logQuery
INFO: DB CACHE [ε | success_request_with_credentials success_request_all_zeros tlv_failure /  success_response_v0 encrypted_alert -]
Aug 13, 2025 4:28:09 PM de.learnlib.logging.LearnLogger logQuery
INFO: DB CACHE [ε | success_request_with_credentials success_request_all_zeros tlv_request /  success_response_v0 encrypted_alert -]
Aug 13, 2025 4:28:09 PM de.learnlib.logging.LearnLogger logQuery
INFO: DB CACHE [ε | success_request_with_credentials success_request_all_zeros challenge_v0 /  success_response_v0 encrypted_alert -]
Aug 13, 2025 4:28:09 PM de.learnlib.logging.LearnLogger logQuery
INFO: DB CACHE [ε | success_request_with_credentials success_request_all_zeros id_request_v0 /  success_response_v0 encrypted_alert -]
Aug 13, 2025 4:28:09 PM de.learnlib.logging.LearnLogger logQuery
INFO: DB CACHE [ε | success_request_with_credentials tlv_failure 4_way_message_1 /  success_response_v0 tlv_failureencrypted_alert -]
Aug 13, 2025 4:28:09 PM de.learnlib.logging.LearnLogger logQuery
INFO: DB CACHE [ε | success_request_with_credentials tlv_failure eap_success /  success_response_v0 tlv_failureencrypted_alert -]
Aug 13, 2025 4:28:09 PM de.learnlib.logging.LearnLogger logQuery
INFO: DB CACHE [ε | success_request_with_credentials tlv_failure cryptobinding /  success_response_v0 tlv_failureencrypted_alert -]
Aug 13, 2025 4:28:09 PM de.learnlib.logging.LearnLogger logQuery
INFO: DB CACHE [ε | success_request_with_credentials tlv_failure success_and_cryptobinding /  success_response_v0 tlv_failureencrypted_alert -]
Aug 13, 2025 4:28:09 PM de.learnlib.logging.LearnLogger logQuery
INFO: DB CACHE [ε | success_request_with_credentials tlv_failure success_request_with_credentials /  success_response_v0 tlv_failureencrypted_alert -]
Aug 13, 2025 4:28:09 PM de.learnlib.logging.LearnLogger logQuery
INFO: DB CACHE [ε | success_request_with_credentials tlv_failure success_request_all_zeros /  success_response_v0 tlv_failureencrypted_alert -]
Aug 13, 2025 4:28:09 PM de.learnlib.logging.LearnLogger logQuery
INFO: DB CACHE [ε | success_request_with_credentials tlv_failure tlv_failure /  success_response_v0 tlv_failureencrypted_alert -]
Aug 13, 2025 4:28:09 PM de.learnlib.logging.LearnLogger logQuery
INFO: DB CACHE [ε | success_request_with_credentials tlv_failure tlv_request /  success_response_v0 tlv_failureencrypted_alert -]
Aug 13, 2025 4:28:09 PM de.learnlib.logging.LearnLogger logQuery
INFO: DB CACHE [ε | success_request_with_credentials tlv_failure challenge_v0 /  success_response_v0 tlv_failureencrypted_alert -]
Aug 13, 2025 4:28:09 PM de.learnlib.logging.LearnLogger logQuery
INFO: DB CACHE [ε | success_request_with_credentials tlv_failure id_request_v0 /  success_response_v0 tlv_failureencrypted_alert -]
Aug 13, 2025 4:28:12 PM de.learnlib.logging.LearnLogger logQuery
INFO: [ε | success_request_with_credentials tlv_request 4_way_message_1 / ε | success_response_v0 tlv_success 4_way_message_2]
Aug 13, 2025 4:28:15 PM de.learnlib.logging.LearnLogger logQuery
INFO: [ε | success_request_with_credentials tlv_request eap_success / ε | success_response_v0 tlv_success after_eap_success]
Aug 13, 2025 4:28:17 PM de.learnlib.logging.LearnLogger logQuery
INFO: [ε | success_request_with_credentials tlv_request cryptobinding / ε | success_response_v0 tlv_success no_reply]
Aug 13, 2025 4:28:20 PM de.learnlib.logging.LearnLogger logQuery
INFO: [ε | success_request_with_credentials tlv_request success_and_cryptobinding / ε | success_response_v0 tlv_success no_reply]
Aug 13, 2025 4:28:23 PM de.learnlib.logging.LearnLogger logQuery
INFO: [ε | success_request_with_credentials tlv_request success_request_with_credentials / ε | success_response_v0 tlv_success no_reply]
Aug 13, 2025 4:28:26 PM de.learnlib.logging.LearnLogger logQuery
INFO: [ε | success_request_with_credentials tlv_request success_request_all_zeros / ε | success_response_v0 tlv_success no_reply]
Aug 13, 2025 4:28:29 PM de.learnlib.logging.LearnLogger logQuery
INFO: [ε | success_request_with_credentials tlv_request tlv_failure / ε | success_response_v0 tlv_success no_reply]
Aug 13, 2025 4:28:32 PM de.learnlib.logging.LearnLogger logQuery
INFO: [ε | success_request_with_credentials tlv_request tlv_request / ε | success_response_v0 tlv_success no_reply]
Aug 13, 2025 4:28:35 PM de.learnlib.logging.LearnLogger logQuery
INFO: [ε | success_request_with_credentials tlv_request challenge_v0 / ε | success_response_v0 tlv_success no_reply]
Aug 13, 2025 4:28:37 PM de.learnlib.logging.LearnLogger logQuery
INFO: [ε | success_request_with_credentials tlv_request id_request_v0 / ε | success_response_v0 tlv_success no_reply]
Aug 13, 2025 4:28:40 PM de.learnlib.logging.LearnLogger logQuery
INFO: [ε | success_request_with_credentials challenge_v0 4_way_message_1 / ε | success_response_v0 challenge_response_v0 no_reply]
Aug 13, 2025 4:28:43 PM de.learnlib.logging.LearnLogger logQuery
INFO: [ε | success_request_with_credentials challenge_v0 eap_success / ε | success_response_v0 challenge_response_v0 after_eap_success]
Aug 13, 2025 4:28:46 PM de.learnlib.logging.LearnLogger logQuery
INFO: [ε | success_request_with_credentials challenge_v0 cryptobinding / ε | success_response_v0 challenge_response_v0 no_reply]
Aug 13, 2025 4:28:49 PM de.learnlib.logging.LearnLogger logQuery
INFO: [ε | success_request_with_credentials challenge_v0 success_and_cryptobinding / ε | success_response_v0 challenge_response_v0 no_reply]
Aug 13, 2025 4:28:51 PM de.learnlib.logging.LearnLogger logQuery
INFO: [ε | success_request_with_credentials challenge_v0 success_request_with_credentials / ε | success_response_v0 challenge_response_v0 success_response_v0]
Aug 13, 2025 4:28:53 PM de.learnlib.logging.LearnLogger logQuery
INFO: [ε | success_request_with_credentials challenge_v0 success_request_all_zeros / ε | success_response_v0 challenge_response_v0 encrypted_alert]
Aug 13, 2025 4:28:56 PM de.learnlib.logging.LearnLogger logQuery
INFO: [ε | success_request_with_credentials challenge_v0 tlv_failure / ε | success_response_v0 challenge_response_v0 tlv_failureencrypted_alert]
Aug 13, 2025 4:28:58 PM de.learnlib.logging.LearnLogger logQuery
INFO: [ε | success_request_with_credentials challenge_v0 tlv_request / ε | success_response_v0 challenge_response_v0 tlv_success]
Aug 13, 2025 4:29:00 PM de.learnlib.logging.LearnLogger logQuery
INFO: [ε | success_request_with_credentials challenge_v0 challenge_v0 / ε | success_response_v0 challenge_response_v0 challenge_response_v0]
Aug 13, 2025 4:29:03 PM de.learnlib.logging.LearnLogger logQuery
INFO: [ε | success_request_with_credentials challenge_v0 id_request_v0 / ε | success_response_v0 challenge_response_v0 id_response_v0]
Aug 13, 2025 4:29:05 PM de.learnlib.logging.LearnLogger logQuery
INFO: [ε | success_request_with_credentials id_request_v0 4_way_message_1 / ε | success_response_v0 id_response_v0 no_reply]
Aug 13, 2025 4:29:08 PM de.learnlib.logging.LearnLogger logQuery
INFO: [ε | success_request_with_credentials id_request_v0 eap_success / ε | success_response_v0 id_response_v0 after_eap_success]
Aug 13, 2025 4:29:11 PM de.learnlib.logging.LearnLogger logQuery
INFO: [ε | success_request_with_credentials id_request_v0 cryptobinding / ε | success_response_v0 id_response_v0 no_reply]
Aug 13, 2025 4:29:14 PM de.learnlib.logging.LearnLogger logQuery
INFO: [ε | success_request_with_credentials id_request_v0 success_and_cryptobinding / ε | success_response_v0 id_response_v0 no_reply]
Aug 13, 2025 4:29:16 PM de.learnlib.logging.LearnLogger logQuery
INFO: [ε | success_request_with_credentials id_request_v0 success_request_with_credentials / ε | success_response_v0 id_response_v0 success_response_v0]
Aug 13, 2025 4:29:19 PM de.learnlib.logging.LearnLogger logQuery
INFO: [ε | success_request_with_credentials id_request_v0 success_request_all_zeros / ε | success_response_v0 id_response_v0 encrypted_alert]
Aug 13, 2025 4:29:21 PM de.learnlib.logging.LearnLogger logQuery
INFO: [ε | success_request_with_credentials id_request_v0 tlv_failure / ε | success_response_v0 id_response_v0 tlv_failureencrypted_alert]
Aug 13, 2025 4:29:23 PM de.learnlib.logging.LearnLogger logQuery
INFO: [ε | success_request_with_credentials id_request_v0 tlv_request / ε | success_response_v0 id_response_v0 tlv_success]
Aug 13, 2025 4:29:26 PM de.learnlib.logging.LearnLogger logQuery
INFO: [ε | success_request_with_credentials id_request_v0 challenge_v0 / ε | success_response_v0 id_response_v0 challenge_response_v0]
Aug 13, 2025 4:29:28 PM de.learnlib.logging.LearnLogger logQuery
INFO: [ε | success_request_with_credentials id_request_v0 id_request_v0 / ε | success_response_v0 id_response_v0 id_response_v0]
Aug 13, 2025 4:29:28 PM de.learnlib.logging.LearnLogger logQuery
INFO: DISABLED [ε | tlv_request 4_way_message_1 4_way_message_1 /  tlv_failureencrypted_alert - -]
Aug 13, 2025 4:29:28 PM de.learnlib.logging.LearnLogger logQuery
INFO: DISABLED [ε | tlv_request 4_way_message_1 eap_success /  tlv_failureencrypted_alert - -]
Aug 13, 2025 4:29:28 PM de.learnlib.logging.LearnLogger logQuery
INFO: DISABLED [ε | tlv_request 4_way_message_1 cryptobinding /  tlv_failureencrypted_alert - -]
Aug 13, 2025 4:29:28 PM de.learnlib.logging.LearnLogger logQuery
INFO: DISABLED [ε | tlv_request 4_way_message_1 success_and_cryptobinding /  tlv_failureencrypted_alert - -]
Aug 13, 2025 4:29:28 PM de.learnlib.logging.LearnLogger logQuery
INFO: DISABLED [ε | tlv_request 4_way_message_1 success_request_with_credentials /  tlv_failureencrypted_alert - -]
Aug 13, 2025 4:29:28 PM de.learnlib.logging.LearnLogger logQuery
INFO: DISABLED [ε | tlv_request 4_way_message_1 success_request_all_zeros /  tlv_failureencrypted_alert - -]
Aug 13, 2025 4:29:28 PM de.learnlib.logging.LearnLogger logQuery
INFO: DISABLED [ε | tlv_request 4_way_message_1 tlv_failure /  tlv_failureencrypted_alert - -]
Aug 13, 2025 4:29:28 PM de.learnlib.logging.LearnLogger logQuery
INFO: DISABLED [ε | tlv_request 4_way_message_1 tlv_request /  tlv_failureencrypted_alert - -]
Aug 13, 2025 4:29:28 PM de.learnlib.logging.LearnLogger logQuery
INFO: DISABLED [ε | tlv_request 4_way_message_1 challenge_v0 /  tlv_failureencrypted_alert - -]
Aug 13, 2025 4:29:28 PM de.learnlib.logging.LearnLogger logQuery
INFO: DISABLED [ε | tlv_request 4_way_message_1 id_request_v0 /  tlv_failureencrypted_alert - -]
Aug 13, 2025 4:29:28 PM de.learnlib.logging.LearnLogger logQuery
INFO: DISABLED [ε | tlv_request eap_success 4_way_message_1 /  tlv_failureencrypted_alert - -]
Aug 13, 2025 4:29:28 PM de.learnlib.logging.LearnLogger logQuery
INFO: DISABLED [ε | tlv_request eap_success eap_success /  tlv_failureencrypted_alert - -]
Aug 13, 2025 4:29:28 PM de.learnlib.logging.LearnLogger logQuery
INFO: DISABLED [ε | tlv_request eap_success cryptobinding /  tlv_failureencrypted_alert - -]
Aug 13, 2025 4:29:28 PM de.learnlib.logging.LearnLogger logQuery
INFO: DISABLED [ε | tlv_request eap_success success_and_cryptobinding /  tlv_failureencrypted_alert - -]
Aug 13, 2025 4:29:28 PM de.learnlib.logging.LearnLogger logQuery
INFO: DISABLED [ε | tlv_request eap_success success_request_with_credentials /  tlv_failureencrypted_alert - -]
Aug 13, 2025 4:29:28 PM de.learnlib.logging.LearnLogger logQuery
INFO: DISABLED [ε | tlv_request eap_success success_request_all_zeros /  tlv_failureencrypted_alert - -]
Aug 13, 2025 4:29:28 PM de.learnlib.logging.LearnLogger logQuery
INFO: DISABLED [ε | tlv_request eap_success tlv_failure /  tlv_failureencrypted_alert - -]
Aug 13, 2025 4:29:28 PM de.learnlib.logging.LearnLogger logQuery
INFO: DISABLED [ε | tlv_request eap_success tlv_request /  tlv_failureencrypted_alert - -]
Aug 13, 2025 4:29:28 PM de.learnlib.logging.LearnLogger logQuery
INFO: DISABLED [ε | tlv_request eap_success challenge_v0 /  tlv_failureencrypted_alert - -]
Aug 13, 2025 4:29:28 PM de.learnlib.logging.LearnLogger logQuery
INFO: DISABLED [ε | tlv_request eap_success id_request_v0 /  tlv_failureencrypted_alert - -]
Aug 13, 2025 4:29:28 PM de.learnlib.logging.LearnLogger logQuery
INFO: DISABLED [ε | tlv_request cryptobinding 4_way_message_1 /  tlv_failureencrypted_alert - -]
Aug 13, 2025 4:29:28 PM de.learnlib.logging.LearnLogger logQuery
INFO: DISABLED [ε | tlv_request cryptobinding eap_success /  tlv_failureencrypted_alert - -]
Aug 13, 2025 4:29:28 PM de.learnlib.logging.LearnLogger logQuery
INFO: DISABLED [ε | tlv_request cryptobinding cryptobinding /  tlv_failureencrypted_alert - -]
Aug 13, 2025 4:29:28 PM de.learnlib.logging.LearnLogger logQuery
INFO: DISABLED [ε | tlv_request cryptobinding success_and_cryptobinding /  tlv_failureencrypted_alert - -]
Aug 13, 2025 4:29:28 PM de.learnlib.logging.LearnLogger logQuery
INFO: DISABLED [ε | tlv_request cryptobinding success_request_with_credentials /  tlv_failureencrypted_alert - -]
Aug 13, 2025 4:29:28 PM de.learnlib.logging.LearnLogger logQuery
INFO: DISABLED [ε | tlv_request cryptobinding success_request_all_zeros /  tlv_failureencrypted_alert - -]
Aug 13, 2025 4:29:28 PM de.learnlib.logging.LearnLogger logQuery
INFO: DISABLED [ε | tlv_request cryptobinding tlv_failure /  tlv_failureencrypted_alert - -]
Aug 13, 2025 4:29:28 PM de.learnlib.logging.LearnLogger logQuery
INFO: DISABLED [ε | tlv_request cryptobinding tlv_request /  tlv_failureencrypted_alert - -]
Aug 13, 2025 4:29:28 PM de.learnlib.logging.LearnLogger logQuery
INFO: DISABLED [ε | tlv_request cryptobinding challenge_v0 /  tlv_failureencrypted_alert - -]
Aug 13, 2025 4:29:28 PM de.learnlib.logging.LearnLogger logQuery
INFO: DISABLED [ε | tlv_request cryptobinding id_request_v0 /  tlv_failureencrypted_alert - -]
Aug 13, 2025 4:29:28 PM de.learnlib.logging.LearnLogger logQuery
INFO: DISABLED [ε | tlv_request success_and_cryptobinding 4_way_message_1 /  tlv_failureencrypted_alert - -]
Aug 13, 2025 4:29:28 PM de.learnlib.logging.LearnLogger logQuery
INFO: DISABLED [ε | tlv_request success_and_cryptobinding eap_success /  tlv_failureencrypted_alert - -]
Aug 13, 2025 4:29:28 PM de.learnlib.logging.LearnLogger logQuery
INFO: DISABLED [ε | tlv_request success_and_cryptobinding cryptobinding /  tlv_failureencrypted_alert - -]
Aug 13, 2025 4:29:28 PM de.learnlib.logging.LearnLogger logQuery
INFO: DISABLED [ε | tlv_request success_and_cryptobinding success_and_cryptobinding /  tlv_failureencrypted_alert - -]
Aug 13, 2025 4:29:28 PM de.learnlib.logging.LearnLogger logQuery
INFO: DISABLED [ε | tlv_request success_and_cryptobinding success_request_with_credentials /  tlv_failureencrypted_alert - -]
Aug 13, 2025 4:29:28 PM de.learnlib.logging.LearnLogger logQuery
INFO: DISABLED [ε | tlv_request success_and_cryptobinding success_request_all_zeros /  tlv_failureencrypted_alert - -]
Aug 13, 2025 4:29:28 PM de.learnlib.logging.LearnLogger logQuery
INFO: DISABLED [ε | tlv_request success_and_cryptobinding tlv_failure /  tlv_failureencrypted_alert - -]
Aug 13, 2025 4:29:28 PM de.learnlib.logging.LearnLogger logQuery
INFO: DISABLED [ε | tlv_request success_and_cryptobinding tlv_request /  tlv_failureencrypted_alert - -]
Aug 13, 2025 4:29:28 PM de.learnlib.logging.LearnLogger logQuery
INFO: DISABLED [ε | tlv_request success_and_cryptobinding challenge_v0 /  tlv_failureencrypted_alert - -]
Aug 13, 2025 4:29:28 PM de.learnlib.logging.LearnLogger logQuery
INFO: DISABLED [ε | tlv_request success_and_cryptobinding id_request_v0 /  tlv_failureencrypted_alert - -]
Aug 13, 2025 4:29:28 PM de.learnlib.logging.LearnLogger logQuery
INFO: DISABLED [ε | tlv_request success_request_with_credentials 4_way_message_1 /  tlv_failureencrypted_alert - -]
Aug 13, 2025 4:29:28 PM de.learnlib.logging.LearnLogger logQuery
INFO: DISABLED [ε | tlv_request success_request_with_credentials eap_success /  tlv_failureencrypted_alert - -]
Aug 13, 2025 4:29:28 PM de.learnlib.logging.LearnLogger logQuery
INFO: DISABLED [ε | tlv_request success_request_with_credentials cryptobinding /  tlv_failureencrypted_alert - -]
Aug 13, 2025 4:29:28 PM de.learnlib.logging.LearnLogger logQuery
INFO: DISABLED [ε | tlv_request success_request_with_credentials success_and_cryptobinding /  tlv_failureencrypted_alert - -]
Aug 13, 2025 4:29:28 PM de.learnlib.logging.LearnLogger logQuery
INFO: DISABLED [ε | tlv_request success_request_with_credentials success_request_with_credentials /  tlv_failureencrypted_alert - -]
Aug 13, 2025 4:29:28 PM de.learnlib.logging.LearnLogger logQuery
INFO: DISABLED [ε | tlv_request success_request_with_credentials success_request_all_zeros /  tlv_failureencrypted_alert - -]
Aug 13, 2025 4:29:28 PM de.learnlib.logging.LearnLogger logQuery
INFO: DISABLED [ε | tlv_request success_request_with_credentials tlv_failure /  tlv_failureencrypted_alert - -]
Aug 13, 2025 4:29:28 PM de.learnlib.logging.LearnLogger logQuery
INFO: DISABLED [ε | tlv_request success_request_with_credentials tlv_request /  tlv_failureencrypted_alert - -]
Aug 13, 2025 4:29:28 PM de.learnlib.logging.LearnLogger logQuery
INFO: DISABLED [ε | tlv_request success_request_with_credentials challenge_v0 /  tlv_failureencrypted_alert - -]
Aug 13, 2025 4:29:28 PM de.learnlib.logging.LearnLogger logQuery
INFO: DISABLED [ε | tlv_request success_request_with_credentials id_request_v0 /  tlv_failureencrypted_alert - -]
Aug 13, 2025 4:29:28 PM de.learnlib.logging.LearnLogger logQuery
INFO: DISABLED [ε | tlv_request success_request_all_zeros 4_way_message_1 /  tlv_failureencrypted_alert - -]
Aug 13, 2025 4:29:28 PM de.learnlib.logging.LearnLogger logQuery
INFO: DISABLED [ε | tlv_request success_request_all_zeros eap_success /  tlv_failureencrypted_alert - -]
Aug 13, 2025 4:29:28 PM de.learnlib.logging.LearnLogger logQuery
INFO: DISABLED [ε | tlv_request success_request_all_zeros cryptobinding /  tlv_failureencrypted_alert - -]
Aug 13, 2025 4:29:28 PM de.learnlib.logging.LearnLogger logQuery
INFO: DISABLED [ε | tlv_request success_request_all_zeros success_and_cryptobinding /  tlv_failureencrypted_alert - -]
Aug 13, 2025 4:29:28 PM de.learnlib.logging.LearnLogger logQuery
INFO: DISABLED [ε | tlv_request success_request_all_zeros success_request_with_credentials /  tlv_failureencrypted_alert - -]
Aug 13, 2025 4:29:28 PM de.learnlib.logging.LearnLogger logQuery
INFO: DISABLED [ε | tlv_request success_request_all_zeros success_request_all_zeros /  tlv_failureencrypted_alert - -]
Aug 13, 2025 4:29:28 PM de.learnlib.logging.LearnLogger logQuery
INFO: DISABLED [ε | tlv_request success_request_all_zeros tlv_failure /  tlv_failureencrypted_alert - -]
Aug 13, 2025 4:29:28 PM de.learnlib.logging.LearnLogger logQuery
INFO: DISABLED [ε | tlv_request success_request_all_zeros tlv_request /  tlv_failureencrypted_alert - -]
Aug 13, 2025 4:29:28 PM de.learnlib.logging.LearnLogger logQuery
INFO: DISABLED [ε | tlv_request success_request_all_zeros challenge_v0 /  tlv_failureencrypted_alert - -]
Aug 13, 2025 4:29:28 PM de.learnlib.logging.LearnLogger logQuery
INFO: DISABLED [ε | tlv_request success_request_all_zeros id_request_v0 /  tlv_failureencrypted_alert - -]
Aug 13, 2025 4:29:28 PM de.learnlib.logging.LearnLogger logQuery
INFO: DISABLED [ε | tlv_request tlv_failure 4_way_message_1 /  tlv_failureencrypted_alert - -]
Aug 13, 2025 4:29:28 PM de.learnlib.logging.LearnLogger logQuery
INFO: DISABLED [ε | tlv_request tlv_failure eap_success /  tlv_failureencrypted_alert - -]
Aug 13, 2025 4:29:28 PM de.learnlib.logging.LearnLogger logQuery
INFO: DISABLED [ε | tlv_request tlv_failure cryptobinding /  tlv_failureencrypted_alert - -]
Aug 13, 2025 4:29:28 PM de.learnlib.logging.LearnLogger logQuery
INFO: DISABLED [ε | tlv_request tlv_failure success_and_cryptobinding /  tlv_failureencrypted_alert - -]
Aug 13, 2025 4:29:28 PM de.learnlib.logging.LearnLogger logQuery
INFO: DISABLED [ε | tlv_request tlv_failure success_request_with_credentials /  tlv_failureencrypted_alert - -]
Aug 13, 2025 4:29:28 PM de.learnlib.logging.LearnLogger logQuery
INFO: DISABLED [ε | tlv_request tlv_failure success_request_all_zeros /  tlv_failureencrypted_alert - -]
Aug 13, 2025 4:29:28 PM de.learnlib.logging.LearnLogger logQuery
INFO: DISABLED [ε | tlv_request tlv_failure tlv_failure /  tlv_failureencrypted_alert - -]
Aug 13, 2025 4:29:28 PM de.learnlib.logging.LearnLogger logQuery
INFO: DISABLED [ε | tlv_request tlv_failure tlv_request /  tlv_failureencrypted_alert - -]
Aug 13, 2025 4:29:28 PM de.learnlib.logging.LearnLogger logQuery
INFO: DISABLED [ε | tlv_request tlv_failure challenge_v0 /  tlv_failureencrypted_alert - -]
Aug 13, 2025 4:29:28 PM de.learnlib.logging.LearnLogger logQuery
INFO: DISABLED [ε | tlv_request tlv_failure id_request_v0 /  tlv_failureencrypted_alert - -]
Aug 13, 2025 4:29:28 PM de.learnlib.logging.LearnLogger logQuery
INFO: DISABLED [ε | tlv_request tlv_request 4_way_message_1 /  tlv_failureencrypted_alert - -]
Aug 13, 2025 4:29:28 PM de.learnlib.logging.LearnLogger logQuery
INFO: DISABLED [ε | tlv_request tlv_request eap_success /  tlv_failureencrypted_alert - -]
Aug 13, 2025 4:29:28 PM de.learnlib.logging.LearnLogger logQuery
INFO: DISABLED [ε | tlv_request tlv_request cryptobinding /  tlv_failureencrypted_alert - -]
Aug 13, 2025 4:29:28 PM de.learnlib.logging.LearnLogger logQuery
INFO: DISABLED [ε | tlv_request tlv_request success_and_cryptobinding /  tlv_failureencrypted_alert - -]
Aug 13, 2025 4:29:28 PM de.learnlib.logging.LearnLogger logQuery
INFO: DISABLED [ε | tlv_request tlv_request success_request_with_credentials /  tlv_failureencrypted_alert - -]
Aug 13, 2025 4:29:28 PM de.learnlib.logging.LearnLogger logQuery
INFO: DISABLED [ε | tlv_request tlv_request success_request_all_zeros /  tlv_failureencrypted_alert - -]
Aug 13, 2025 4:29:28 PM de.learnlib.logging.LearnLogger logQuery
INFO: DISABLED [ε | tlv_request tlv_request tlv_failure /  tlv_failureencrypted_alert - -]
Aug 13, 2025 4:29:28 PM de.learnlib.logging.LearnLogger logQuery
INFO: DISABLED [ε | tlv_request tlv_request tlv_request /  tlv_failureencrypted_alert - -]
Aug 13, 2025 4:29:28 PM de.learnlib.logging.LearnLogger logQuery
INFO: DISABLED [ε | tlv_request tlv_request challenge_v0 /  tlv_failureencrypted_alert - -]
Aug 13, 2025 4:29:28 PM de.learnlib.logging.LearnLogger logQuery
INFO: DISABLED [ε | tlv_request tlv_request id_request_v0 /  tlv_failureencrypted_alert - -]
Aug 13, 2025 4:29:28 PM de.learnlib.logging.LearnLogger logQuery
INFO: DISABLED [ε | tlv_request challenge_v0 4_way_message_1 /  tlv_failureencrypted_alert - -]
Aug 13, 2025 4:29:28 PM de.learnlib.logging.LearnLogger logQuery
INFO: DISABLED [ε | tlv_request challenge_v0 eap_success /  tlv_failureencrypted_alert - -]
Aug 13, 2025 4:29:28 PM de.learnlib.logging.LearnLogger logQuery
INFO: DISABLED [ε | tlv_request challenge_v0 cryptobinding /  tlv_failureencrypted_alert - -]
Aug 13, 2025 4:29:28 PM de.learnlib.logging.LearnLogger logQuery
INFO: DISABLED [ε | tlv_request challenge_v0 success_and_cryptobinding /  tlv_failureencrypted_alert - -]
Aug 13, 2025 4:29:28 PM de.learnlib.logging.LearnLogger logQuery
INFO: DISABLED [ε | tlv_request challenge_v0 success_request_with_credentials /  tlv_failureencrypted_alert - -]
Aug 13, 2025 4:29:28 PM de.learnlib.logging.LearnLogger logQuery
INFO: DISABLED [ε | tlv_request challenge_v0 success_request_all_zeros /  tlv_failureencrypted_alert - -]
Aug 13, 2025 4:29:28 PM de.learnlib.logging.LearnLogger logQuery
INFO: DISABLED [ε | tlv_request challenge_v0 tlv_failure /  tlv_failureencrypted_alert - -]
Aug 13, 2025 4:29:28 PM de.learnlib.logging.LearnLogger logQuery
INFO: DISABLED [ε | tlv_request challenge_v0 tlv_request /  tlv_failureencrypted_alert - -]
Aug 13, 2025 4:29:28 PM de.learnlib.logging.LearnLogger logQuery
INFO: DISABLED [ε | tlv_request challenge_v0 challenge_v0 /  tlv_failureencrypted_alert - -]
Aug 13, 2025 4:29:28 PM de.learnlib.logging.LearnLogger logQuery
INFO: DISABLED [ε | tlv_request challenge_v0 id_request_v0 /  tlv_failureencrypted_alert - -]
Aug 13, 2025 4:29:28 PM de.learnlib.logging.LearnLogger logQuery
INFO: DISABLED [ε | tlv_request id_request_v0 4_way_message_1 /  tlv_failureencrypted_alert - -]
Aug 13, 2025 4:29:28 PM de.learnlib.logging.LearnLogger logQuery
INFO: DISABLED [ε | tlv_request id_request_v0 eap_success /  tlv_failureencrypted_alert - -]
Aug 13, 2025 4:29:28 PM de.learnlib.logging.LearnLogger logQuery
INFO: DISABLED [ε | tlv_request id_request_v0 cryptobinding /  tlv_failureencrypted_alert - -]
Aug 13, 2025 4:29:28 PM de.learnlib.logging.LearnLogger logQuery
INFO: DISABLED [ε | tlv_request id_request_v0 success_and_cryptobinding /  tlv_failureencrypted_alert - -]
Aug 13, 2025 4:29:28 PM de.learnlib.logging.LearnLogger logQuery
INFO: DISABLED [ε | tlv_request id_request_v0 success_request_with_credentials /  tlv_failureencrypted_alert - -]
Aug 13, 2025 4:29:28 PM de.learnlib.logging.LearnLogger logQuery
INFO: DISABLED [ε | tlv_request id_request_v0 success_request_all_zeros /  tlv_failureencrypted_alert - -]
Aug 13, 2025 4:29:28 PM de.learnlib.logging.LearnLogger logQuery
INFO: DISABLED [ε | tlv_request id_request_v0 tlv_failure /  tlv_failureencrypted_alert - -]
Aug 13, 2025 4:29:28 PM de.learnlib.logging.LearnLogger logQuery
INFO: DISABLED [ε | tlv_request id_request_v0 tlv_request /  tlv_failureencrypted_alert - -]
Aug 13, 2025 4:29:28 PM de.learnlib.logging.LearnLogger logQuery
INFO: DISABLED [ε | tlv_request id_request_v0 challenge_v0 /  tlv_failureencrypted_alert - -]
Aug 13, 2025 4:29:28 PM de.learnlib.logging.LearnLogger logQuery
INFO: DISABLED [ε | tlv_request id_request_v0 id_request_v0 /  tlv_failureencrypted_alert - -]
Aug 13, 2025 4:29:28 PM de.learnlib.logging.LearnLogger logQuery
INFO: DB CACHE [ε | challenge_v0 4_way_message_1 4_way_message_1 /  challenge_response_v0 no_reply -]
Aug 13, 2025 4:29:28 PM de.learnlib.logging.LearnLogger logQuery
INFO: DB CACHE [ε | challenge_v0 4_way_message_1 eap_success /  challenge_response_v0 no_reply -]
Aug 13, 2025 4:29:28 PM de.learnlib.logging.LearnLogger logQuery
INFO: DB CACHE [ε | challenge_v0 4_way_message_1 cryptobinding /  challenge_response_v0 no_reply -]
Aug 13, 2025 4:29:28 PM de.learnlib.logging.LearnLogger logQuery
INFO: DB CACHE [ε | challenge_v0 4_way_message_1 success_and_cryptobinding /  challenge_response_v0 no_reply -]
Aug 13, 2025 4:29:28 PM de.learnlib.logging.LearnLogger logQuery
INFO: DB CACHE [ε | challenge_v0 4_way_message_1 success_request_with_credentials /  challenge_response_v0 no_reply -]
Aug 13, 2025 4:29:28 PM de.learnlib.logging.LearnLogger logQuery
INFO: DB CACHE [ε | challenge_v0 4_way_message_1 success_request_all_zeros /  challenge_response_v0 no_reply -]
Aug 13, 2025 4:29:28 PM de.learnlib.logging.LearnLogger logQuery
INFO: DB CACHE [ε | challenge_v0 4_way_message_1 tlv_failure /  challenge_response_v0 no_reply -]
Aug 13, 2025 4:29:28 PM de.learnlib.logging.LearnLogger logQuery
INFO: DB CACHE [ε | challenge_v0 4_way_message_1 tlv_request /  challenge_response_v0 no_reply -]
Aug 13, 2025 4:29:28 PM de.learnlib.logging.LearnLogger logQuery
INFO: DB CACHE [ε | challenge_v0 4_way_message_1 challenge_v0 /  challenge_response_v0 no_reply -]
Aug 13, 2025 4:29:28 PM de.learnlib.logging.LearnLogger logQuery
INFO: DB CACHE [ε | challenge_v0 4_way_message_1 id_request_v0 /  challenge_response_v0 no_reply -]
Aug 13, 2025 4:29:31 PM de.learnlib.logging.LearnLogger logQuery
INFO: [ε | challenge_v0 eap_success 4_way_message_1 / ε | challenge_response_v0 after_eap_success no_reply]
Aug 13, 2025 4:29:34 PM de.learnlib.logging.LearnLogger logQuery
INFO: [ε | challenge_v0 eap_success eap_success / ε | challenge_response_v0 after_eap_success after_eap_success]
Aug 13, 2025 4:29:38 PM de.learnlib.logging.LearnLogger logQuery
INFO: [ε | challenge_v0 eap_success cryptobinding / ε | challenge_response_v0 after_eap_success no_reply]
Aug 13, 2025 4:29:41 PM de.learnlib.logging.LearnLogger logQuery
INFO: [ε | challenge_v0 eap_success success_and_cryptobinding / ε | challenge_response_v0 after_eap_success no_reply]
Aug 13, 2025 4:29:44 PM de.learnlib.logging.LearnLogger logQuery
INFO: [ε | challenge_v0 eap_success success_request_with_credentials / ε | challenge_response_v0 after_eap_success success_response_v0]
Aug 13, 2025 4:29:47 PM de.learnlib.logging.LearnLogger logQuery
INFO: [ε | challenge_v0 eap_success success_request_all_zeros / ε | challenge_response_v0 after_eap_success encrypted_alert]
Aug 13, 2025 4:29:50 PM de.learnlib.logging.LearnLogger logQuery
INFO: [ε | challenge_v0 eap_success tlv_failure / ε | challenge_response_v0 after_eap_success tlv_failureencrypted_alert]
Aug 13, 2025 4:29:52 PM de.learnlib.logging.LearnLogger logQuery
INFO: [ε | challenge_v0 eap_success tlv_request / ε | challenge_response_v0 after_eap_success tlv_failureencrypted_alert]
Aug 13, 2025 4:29:55 PM de.learnlib.logging.LearnLogger logQuery
INFO: [ε | challenge_v0 eap_success challenge_v0 / ε | challenge_response_v0 after_eap_success challenge_response_v0]
Aug 13, 2025 4:29:58 PM de.learnlib.logging.LearnLogger logQuery
INFO: [ε | challenge_v0 eap_success id_request_v0 / ε | challenge_response_v0 after_eap_success id_response_v0]
Aug 13, 2025 4:29:58 PM de.learnlib.logging.LearnLogger logQuery
INFO: DB CACHE [ε | challenge_v0 cryptobinding 4_way_message_1 /  challenge_response_v0 no_reply -]
Aug 13, 2025 4:29:58 PM de.learnlib.logging.LearnLogger logQuery
INFO: DB CACHE [ε | challenge_v0 cryptobinding eap_success /  challenge_response_v0 no_reply -]
Aug 13, 2025 4:29:58 PM de.learnlib.logging.LearnLogger logQuery
INFO: DB CACHE [ε | challenge_v0 cryptobinding cryptobinding /  challenge_response_v0 no_reply -]
Aug 13, 2025 4:29:58 PM de.learnlib.logging.LearnLogger logQuery
INFO: DB CACHE [ε | challenge_v0 cryptobinding success_and_cryptobinding /  challenge_response_v0 no_reply -]
Aug 13, 2025 4:29:58 PM de.learnlib.logging.LearnLogger logQuery
INFO: DB CACHE [ε | challenge_v0 cryptobinding success_request_with_credentials /  challenge_response_v0 no_reply -]
Aug 13, 2025 4:29:58 PM de.learnlib.logging.LearnLogger logQuery
INFO: DB CACHE [ε | challenge_v0 cryptobinding success_request_all_zeros /  challenge_response_v0 no_reply -]
Aug 13, 2025 4:29:58 PM de.learnlib.logging.LearnLogger logQuery
INFO: DB CACHE [ε | challenge_v0 cryptobinding tlv_failure /  challenge_response_v0 no_reply -]
Aug 13, 2025 4:29:58 PM de.learnlib.logging.LearnLogger logQuery
INFO: DB CACHE [ε | challenge_v0 cryptobinding tlv_request /  challenge_response_v0 no_reply -]
Aug 13, 2025 4:29:58 PM de.learnlib.logging.LearnLogger logQuery
INFO: DB CACHE [ε | challenge_v0 cryptobinding challenge_v0 /  challenge_response_v0 no_reply -]
Aug 13, 2025 4:29:58 PM de.learnlib.logging.LearnLogger logQuery
INFO: DB CACHE [ε | challenge_v0 cryptobinding id_request_v0 /  challenge_response_v0 no_reply -]
Aug 13, 2025 4:29:58 PM de.learnlib.logging.LearnLogger logQuery
INFO: DB CACHE [ε | challenge_v0 success_and_cryptobinding 4_way_message_1 /  challenge_response_v0 no_reply -]
Aug 13, 2025 4:29:58 PM de.learnlib.logging.LearnLogger logQuery
INFO: DB CACHE [ε | challenge_v0 success_and_cryptobinding eap_success /  challenge_response_v0 no_reply -]
Aug 13, 2025 4:29:58 PM de.learnlib.logging.LearnLogger logQuery
INFO: DB CACHE [ε | challenge_v0 success_and_cryptobinding cryptobinding /  challenge_response_v0 no_reply -]
Aug 13, 2025 4:29:58 PM de.learnlib.logging.LearnLogger logQuery
INFO: DB CACHE [ε | challenge_v0 success_and_cryptobinding success_and_cryptobinding /  challenge_response_v0 no_reply -]
Aug 13, 2025 4:29:58 PM de.learnlib.logging.LearnLogger logQuery
INFO: DB CACHE [ε | challenge_v0 success_and_cryptobinding success_request_with_credentials /  challenge_response_v0 no_reply -]
Aug 13, 2025 4:29:58 PM de.learnlib.logging.LearnLogger logQuery
INFO: DB CACHE [ε | challenge_v0 success_and_cryptobinding success_request_all_zeros /  challenge_response_v0 no_reply -]
Aug 13, 2025 4:29:58 PM de.learnlib.logging.LearnLogger logQuery
INFO: DB CACHE [ε | challenge_v0 success_and_cryptobinding tlv_failure /  challenge_response_v0 no_reply -]
Aug 13, 2025 4:29:58 PM de.learnlib.logging.LearnLogger logQuery
INFO: DB CACHE [ε | challenge_v0 success_and_cryptobinding tlv_request /  challenge_response_v0 no_reply -]
Aug 13, 2025 4:29:58 PM de.learnlib.logging.LearnLogger logQuery
INFO: DB CACHE [ε | challenge_v0 success_and_cryptobinding challenge_v0 /  challenge_response_v0 no_reply -]
Aug 13, 2025 4:29:58 PM de.learnlib.logging.LearnLogger logQuery
INFO: DB CACHE [ε | challenge_v0 success_and_cryptobinding id_request_v0 /  challenge_response_v0 no_reply -]
Aug 13, 2025 4:30:01 PM de.learnlib.logging.LearnLogger logQuery
INFO: [ε | challenge_v0 success_request_with_credentials 4_way_message_1 / ε | challenge_response_v0 success_response_v0 no_reply]
Aug 13, 2025 4:30:04 PM de.learnlib.logging.LearnLogger logQuery
INFO: [ε | challenge_v0 success_request_with_credentials eap_success / ε | challenge_response_v0 success_response_v0 after_eap_success]
Aug 13, 2025 4:30:06 PM de.learnlib.logging.LearnLogger logQuery
INFO: [ε | challenge_v0 success_request_with_credentials cryptobinding / ε | challenge_response_v0 success_response_v0 tlv_cryptobindingencrypted_alert]
Aug 13, 2025 4:30:08 PM de.learnlib.logging.LearnLogger logQuery
INFO: [ε | challenge_v0 success_request_with_credentials success_and_cryptobinding / ε | challenge_response_v0 success_response_v0 tlv_success_and_cryptobinding]
Aug 13, 2025 4:30:11 PM de.learnlib.logging.LearnLogger logQuery
INFO: [ε | challenge_v0 success_request_with_credentials success_request_with_credentials / ε | challenge_response_v0 success_response_v0 success_response_v0]
Aug 13, 2025 4:30:13 PM de.learnlib.logging.LearnLogger logQuery
INFO: [ε | challenge_v0 success_request_with_credentials success_request_all_zeros / ε | challenge_response_v0 success_response_v0 encrypted_alert]
Aug 13, 2025 4:30:15 PM de.learnlib.logging.LearnLogger logQuery
INFO: [ε | challenge_v0 success_request_with_credentials tlv_failure / ε | challenge_response_v0 success_response_v0 tlv_failureencrypted_alert]
Aug 13, 2025 4:30:17 PM de.learnlib.logging.LearnLogger logQuery
INFO: [ε | challenge_v0 success_request_with_credentials tlv_request / ε | challenge_response_v0 success_response_v0 tlv_success]
Aug 13, 2025 4:30:20 PM de.learnlib.logging.LearnLogger logQuery
INFO: [ε | challenge_v0 success_request_with_credentials challenge_v0 / ε | challenge_response_v0 success_response_v0 challenge_response_v0]
Aug 13, 2025 4:30:22 PM de.learnlib.logging.LearnLogger logQuery
INFO: [ε | challenge_v0 success_request_with_credentials id_request_v0 / ε | challenge_response_v0 success_response_v0 id_response_v0]
Aug 13, 2025 4:30:22 PM de.learnlib.logging.LearnLogger logQuery
INFO: DB CACHE [ε | challenge_v0 success_request_all_zeros 4_way_message_1 /  challenge_response_v0 encrypted_alert -]
Aug 13, 2025 4:30:22 PM de.learnlib.logging.LearnLogger logQuery
INFO: DB CACHE [ε | challenge_v0 success_request_all_zeros eap_success /  challenge_response_v0 encrypted_alert -]
Aug 13, 2025 4:30:22 PM de.learnlib.logging.LearnLogger logQuery
INFO: DB CACHE [ε | challenge_v0 success_request_all_zeros cryptobinding /  challenge_response_v0 encrypted_alert -]
Aug 13, 2025 4:30:22 PM de.learnlib.logging.LearnLogger logQuery
INFO: DB CACHE [ε | challenge_v0 success_request_all_zeros success_and_cryptobinding /  challenge_response_v0 encrypted_alert -]
Aug 13, 2025 4:30:22 PM de.learnlib.logging.LearnLogger logQuery
INFO: DB CACHE [ε | challenge_v0 success_request_all_zeros success_request_with_credentials /  challenge_response_v0 encrypted_alert -]
Aug 13, 2025 4:30:22 PM de.learnlib.logging.LearnLogger logQuery
INFO: DB CACHE [ε | challenge_v0 success_request_all_zeros success_request_all_zeros /  challenge_response_v0 encrypted_alert -]
Aug 13, 2025 4:30:22 PM de.learnlib.logging.LearnLogger logQuery
INFO: DB CACHE [ε | challenge_v0 success_request_all_zeros tlv_failure /  challenge_response_v0 encrypted_alert -]
Aug 13, 2025 4:30:22 PM de.learnlib.logging.LearnLogger logQuery
INFO: DB CACHE [ε | challenge_v0 success_request_all_zeros tlv_request /  challenge_response_v0 encrypted_alert -]
Aug 13, 2025 4:30:22 PM de.learnlib.logging.LearnLogger logQuery
INFO: DB CACHE [ε | challenge_v0 success_request_all_zeros challenge_v0 /  challenge_response_v0 encrypted_alert -]
Aug 13, 2025 4:30:22 PM de.learnlib.logging.LearnLogger logQuery
INFO: DB CACHE [ε | challenge_v0 success_request_all_zeros id_request_v0 /  challenge_response_v0 encrypted_alert -]
Aug 13, 2025 4:30:22 PM de.learnlib.logging.LearnLogger logQuery
INFO: DB CACHE [ε | challenge_v0 tlv_failure 4_way_message_1 /  challenge_response_v0 tlv_failureencrypted_alert -]
Aug 13, 2025 4:30:22 PM de.learnlib.logging.LearnLogger logQuery
INFO: DB CACHE [ε | challenge_v0 tlv_failure eap_success /  challenge_response_v0 tlv_failureencrypted_alert -]
Aug 13, 2025 4:30:22 PM de.learnlib.logging.LearnLogger logQuery
INFO: DB CACHE [ε | challenge_v0 tlv_failure cryptobinding /  challenge_response_v0 tlv_failureencrypted_alert -]
Aug 13, 2025 4:30:22 PM de.learnlib.logging.LearnLogger logQuery
INFO: DB CACHE [ε | challenge_v0 tlv_failure success_and_cryptobinding /  challenge_response_v0 tlv_failureencrypted_alert -]
Aug 13, 2025 4:30:22 PM de.learnlib.logging.LearnLogger logQuery
INFO: DB CACHE [ε | challenge_v0 tlv_failure success_request_with_credentials /  challenge_response_v0 tlv_failureencrypted_alert -]
Aug 13, 2025 4:30:22 PM de.learnlib.logging.LearnLogger logQuery
INFO: DB CACHE [ε | challenge_v0 tlv_failure success_request_all_zeros /  challenge_response_v0 tlv_failureencrypted_alert -]
Aug 13, 2025 4:30:22 PM de.learnlib.logging.LearnLogger logQuery
INFO: DB CACHE [ε | challenge_v0 tlv_failure tlv_failure /  challenge_response_v0 tlv_failureencrypted_alert -]
Aug 13, 2025 4:30:22 PM de.learnlib.logging.LearnLogger logQuery
INFO: DB CACHE [ε | challenge_v0 tlv_failure tlv_request /  challenge_response_v0 tlv_failureencrypted_alert -]
Aug 13, 2025 4:30:22 PM de.learnlib.logging.LearnLogger logQuery
INFO: DB CACHE [ε | challenge_v0 tlv_failure challenge_v0 /  challenge_response_v0 tlv_failureencrypted_alert -]
Aug 13, 2025 4:30:22 PM de.learnlib.logging.LearnLogger logQuery
INFO: DB CACHE [ε | challenge_v0 tlv_failure id_request_v0 /  challenge_response_v0 tlv_failureencrypted_alert -]
Aug 13, 2025 4:30:22 PM de.learnlib.logging.LearnLogger logQuery
INFO: DB CACHE [ε | challenge_v0 tlv_request 4_way_message_1 /  challenge_response_v0 tlv_failureencrypted_alert -]
Aug 13, 2025 4:30:22 PM de.learnlib.logging.LearnLogger logQuery
INFO: DB CACHE [ε | challenge_v0 tlv_request eap_success /  challenge_response_v0 tlv_failureencrypted_alert -]
Aug 13, 2025 4:30:22 PM de.learnlib.logging.LearnLogger logQuery
INFO: DB CACHE [ε | challenge_v0 tlv_request cryptobinding /  challenge_response_v0 tlv_failureencrypted_alert -]
Aug 13, 2025 4:30:22 PM de.learnlib.logging.LearnLogger logQuery
INFO: DB CACHE [ε | challenge_v0 tlv_request success_and_cryptobinding /  challenge_response_v0 tlv_failureencrypted_alert -]
Aug 13, 2025 4:30:22 PM de.learnlib.logging.LearnLogger logQuery
INFO: DB CACHE [ε | challenge_v0 tlv_request success_request_with_credentials /  challenge_response_v0 tlv_failureencrypted_alert -]
Aug 13, 2025 4:30:22 PM de.learnlib.logging.LearnLogger logQuery
INFO: DB CACHE [ε | challenge_v0 tlv_request success_request_all_zeros /  challenge_response_v0 tlv_failureencrypted_alert -]
Aug 13, 2025 4:30:22 PM de.learnlib.logging.LearnLogger logQuery
INFO: DB CACHE [ε | challenge_v0 tlv_request tlv_failure /  challenge_response_v0 tlv_failureencrypted_alert -]
Aug 13, 2025 4:30:22 PM de.learnlib.logging.LearnLogger logQuery
INFO: DB CACHE [ε | challenge_v0 tlv_request tlv_request /  challenge_response_v0 tlv_failureencrypted_alert -]
Aug 13, 2025 4:30:22 PM de.learnlib.logging.LearnLogger logQuery
INFO: DB CACHE [ε | challenge_v0 tlv_request challenge_v0 /  challenge_response_v0 tlv_failureencrypted_alert -]
Aug 13, 2025 4:30:22 PM de.learnlib.logging.LearnLogger logQuery
INFO: DB CACHE [ε | challenge_v0 tlv_request id_request_v0 /  challenge_response_v0 tlv_failureencrypted_alert -]
Aug 13, 2025 4:30:25 PM de.learnlib.logging.LearnLogger logQuery
INFO: [ε | challenge_v0 challenge_v0 4_way_message_1 / ε | challenge_response_v0 challenge_response_v0 no_reply]
Aug 13, 2025 4:30:28 PM de.learnlib.logging.LearnLogger logQuery
INFO: [ε | challenge_v0 challenge_v0 eap_success / ε | challenge_response_v0 challenge_response_v0 after_eap_success]
Aug 13, 2025 4:30:30 PM de.learnlib.logging.LearnLogger logQuery
INFO: [ε | challenge_v0 challenge_v0 cryptobinding / ε | challenge_response_v0 challenge_response_v0 no_reply]
Aug 13, 2025 4:30:33 PM de.learnlib.logging.LearnLogger logQuery
INFO: [ε | challenge_v0 challenge_v0 success_and_cryptobinding / ε | challenge_response_v0 challenge_response_v0 no_reply]
Aug 13, 2025 4:30:36 PM de.learnlib.logging.LearnLogger logQuery
INFO: [ε | challenge_v0 challenge_v0 success_request_with_credentials / ε | challenge_response_v0 challenge_response_v0 success_response_v0]
Aug 13, 2025 4:30:38 PM de.learnlib.logging.LearnLogger logQuery
INFO: [ε | challenge_v0 challenge_v0 success_request_all_zeros / ε | challenge_response_v0 challenge_response_v0 encrypted_alert]
Aug 13, 2025 4:30:40 PM de.learnlib.logging.LearnLogger logQuery
INFO: [ε | challenge_v0 challenge_v0 tlv_failure / ε | challenge_response_v0 challenge_response_v0 tlv_failureencrypted_alert]
Aug 13, 2025 4:30:42 PM de.learnlib.logging.LearnLogger logQuery
INFO: [ε | challenge_v0 challenge_v0 tlv_request / ε | challenge_response_v0 challenge_response_v0 tlv_failureencrypted_alert]
Aug 13, 2025 4:30:45 PM de.learnlib.logging.LearnLogger logQuery
INFO: [ε | challenge_v0 challenge_v0 challenge_v0 / ε | challenge_response_v0 challenge_response_v0 challenge_response_v0]
Aug 13, 2025 4:30:47 PM de.learnlib.logging.LearnLogger logQuery
INFO: [ε | challenge_v0 challenge_v0 id_request_v0 / ε | challenge_response_v0 challenge_response_v0 id_response_v0]
Aug 13, 2025 4:30:50 PM de.learnlib.logging.LearnLogger logQuery
INFO: [ε | challenge_v0 id_request_v0 4_way_message_1 / ε | challenge_response_v0 id_response_v0 no_reply]
Aug 13, 2025 4:30:53 PM de.learnlib.logging.LearnLogger logQuery
INFO: [ε | challenge_v0 id_request_v0 eap_success / ε | challenge_response_v0 id_response_v0 after_eap_success]
Aug 13, 2025 4:30:55 PM de.learnlib.logging.LearnLogger logQuery
INFO: [ε | challenge_v0 id_request_v0 cryptobinding / ε | challenge_response_v0 id_response_v0 no_reply]
Aug 13, 2025 4:30:58 PM de.learnlib.logging.LearnLogger logQuery
INFO: [ε | challenge_v0 id_request_v0 success_and_cryptobinding / ε | challenge_response_v0 id_response_v0 no_reply]
Aug 13, 2025 4:31:01 PM de.learnlib.logging.LearnLogger logQuery
INFO: [ε | challenge_v0 id_request_v0 success_request_with_credentials / ε | challenge_response_v0 id_response_v0 success_response_v0]
Aug 13, 2025 4:31:03 PM de.learnlib.logging.LearnLogger logQuery
INFO: [ε | challenge_v0 id_request_v0 success_request_all_zeros / ε | challenge_response_v0 id_response_v0 encrypted_alert]
Aug 13, 2025 4:31:05 PM de.learnlib.logging.LearnLogger logQuery
INFO: [ε | challenge_v0 id_request_v0 tlv_failure / ε | challenge_response_v0 id_response_v0 tlv_failureencrypted_alert]
Aug 13, 2025 4:31:08 PM de.learnlib.logging.LearnLogger logQuery
INFO: [ε | challenge_v0 id_request_v0 tlv_request / ε | challenge_response_v0 id_response_v0 tlv_failureencrypted_alert]
Aug 13, 2025 4:31:10 PM de.learnlib.logging.LearnLogger logQuery
INFO: [ε | challenge_v0 id_request_v0 challenge_v0 / ε | challenge_response_v0 id_response_v0 challenge_response_v0]
Aug 13, 2025 4:31:12 PM de.learnlib.logging.LearnLogger logQuery
INFO: [ε | challenge_v0 id_request_v0 id_request_v0 / ε | challenge_response_v0 id_response_v0 id_response_v0]
Aug 13, 2025 4:31:12 PM de.learnlib.logging.LearnLogger logQuery
INFO: DB CACHE [ε | success_request_with_credentials tlv_request 4_way_message_1 4_way_message_1 /  success_response_v0 tlv_success 4_way_message_2 -]
Aug 13, 2025 4:31:12 PM de.learnlib.logging.LearnLogger logQuery
INFO: DB CACHE [ε | success_request_with_credentials tlv_request 4_way_message_1 eap_success /  success_response_v0 tlv_success 4_way_message_2 -]
Aug 13, 2025 4:31:12 PM de.learnlib.logging.LearnLogger logQuery
INFO: DB CACHE [ε | success_request_with_credentials tlv_request 4_way_message_1 cryptobinding /  success_response_v0 tlv_success 4_way_message_2 -]
Aug 13, 2025 4:31:12 PM de.learnlib.logging.LearnLogger logQuery
INFO: DB CACHE [ε | success_request_with_credentials tlv_request 4_way_message_1 success_and_cryptobinding /  success_response_v0 tlv_success 4_way_message_2 -]
Aug 13, 2025 4:31:12 PM de.learnlib.logging.LearnLogger logQuery
INFO: DB CACHE [ε | success_request_with_credentials tlv_request 4_way_message_1 success_request_with_credentials /  success_response_v0 tlv_success 4_way_message_2 -]
Aug 13, 2025 4:31:12 PM de.learnlib.logging.LearnLogger logQuery
INFO: DB CACHE [ε | success_request_with_credentials tlv_request 4_way_message_1 success_request_all_zeros /  success_response_v0 tlv_success 4_way_message_2 -]
Aug 13, 2025 4:31:12 PM de.learnlib.logging.LearnLogger logQuery
INFO: DB CACHE [ε | success_request_with_credentials tlv_request 4_way_message_1 tlv_failure /  success_response_v0 tlv_success 4_way_message_2 -]
Aug 13, 2025 4:31:12 PM de.learnlib.logging.LearnLogger logQuery
INFO: DB CACHE [ε | success_request_with_credentials tlv_request 4_way_message_1 tlv_request /  success_response_v0 tlv_success 4_way_message_2 -]
Aug 13, 2025 4:31:12 PM de.learnlib.logging.LearnLogger logQuery
INFO: DB CACHE [ε | success_request_with_credentials tlv_request 4_way_message_1 challenge_v0 /  success_response_v0 tlv_success 4_way_message_2 -]
Aug 13, 2025 4:31:12 PM de.learnlib.logging.LearnLogger logQuery
INFO: DB CACHE [ε | success_request_with_credentials tlv_request 4_way_message_1 id_request_v0 /  success_response_v0 tlv_success 4_way_message_2 -]
Aug 13, 2025 4:31:15 PM de.learnlib.logging.LearnLogger logQuery
INFO: [ε | success_request_with_credentials tlv_request eap_success 4_way_message_1 / ε | success_response_v0 tlv_success after_eap_success 4_way_message_2]
Aug 13, 2025 4:31:19 PM de.learnlib.logging.LearnLogger logQuery
INFO: [ε | success_request_with_credentials tlv_request eap_success eap_success / ε | success_response_v0 tlv_success after_eap_success after_eap_success]
Aug 13, 2025 4:31:21 PM de.learnlib.logging.LearnLogger logQuery
INFO: [ε | success_request_with_credentials tlv_request eap_success cryptobinding / ε | success_response_v0 tlv_success after_eap_success deauthentication]
Aug 13, 2025 4:31:24 PM de.learnlib.logging.LearnLogger logQuery
INFO: [ε | success_request_with_credentials tlv_request eap_success success_and_cryptobinding / ε | success_response_v0 tlv_success after_eap_success deauthentication]
Aug 13, 2025 4:31:27 PM de.learnlib.logging.LearnLogger logQuery
INFO: [ε | success_request_with_credentials tlv_request eap_success success_request_with_credentials / ε | success_response_v0 tlv_success after_eap_success deauthentication]
Aug 13, 2025 4:31:30 PM de.learnlib.logging.LearnLogger logQuery
INFO: [ε | success_request_with_credentials tlv_request eap_success success_request_all_zeros / ε | success_response_v0 tlv_success after_eap_success deauthentication]
Aug 13, 2025 4:31:33 PM de.learnlib.logging.LearnLogger logQuery
INFO: [ε | success_request_with_credentials tlv_request eap_success tlv_failure / ε | success_response_v0 tlv_success after_eap_success deauthentication]
Aug 13, 2025 4:31:36 PM de.learnlib.logging.LearnLogger logQuery
INFO: [ε | success_request_with_credentials tlv_request eap_success tlv_request / ε | success_response_v0 tlv_success after_eap_success deauthentication]
Aug 13, 2025 4:31:39 PM de.learnlib.logging.LearnLogger logQuery
INFO: [ε | success_request_with_credentials tlv_request eap_success challenge_v0 / ε | success_response_v0 tlv_success after_eap_success deauthentication]
Aug 13, 2025 4:31:42 PM de.learnlib.logging.LearnLogger logQuery
INFO: [ε | success_request_with_credentials tlv_request eap_success id_request_v0 / ε | success_response_v0 tlv_success after_eap_success deauthentication]
Aug 13, 2025 4:31:42 PM de.learnlib.logging.LearnLogger logQuery
INFO: DB CACHE [ε | success_request_with_credentials tlv_request cryptobinding 4_way_message_1 /  success_response_v0 tlv_success no_reply -]
Aug 13, 2025 4:31:42 PM de.learnlib.logging.LearnLogger logQuery
INFO: DB CACHE [ε | success_request_with_credentials tlv_request cryptobinding eap_success /  success_response_v0 tlv_success no_reply -]
Aug 13, 2025 4:31:42 PM de.learnlib.logging.LearnLogger logQuery
INFO: DB CACHE [ε | success_request_with_credentials tlv_request cryptobinding cryptobinding /  success_response_v0 tlv_success no_reply -]
Aug 13, 2025 4:31:42 PM de.learnlib.logging.LearnLogger logQuery
INFO: DB CACHE [ε | success_request_with_credentials tlv_request cryptobinding success_and_cryptobinding /  success_response_v0 tlv_success no_reply -]
Aug 13, 2025 4:31:42 PM de.learnlib.logging.LearnLogger logQuery
INFO: DB CACHE [ε | success_request_with_credentials tlv_request cryptobinding success_request_with_credentials /  success_response_v0 tlv_success no_reply -]
Aug 13, 2025 4:31:42 PM de.learnlib.logging.LearnLogger logQuery
INFO: DB CACHE [ε | success_request_with_credentials tlv_request cryptobinding success_request_all_zeros /  success_response_v0 tlv_success no_reply -]
Aug 13, 2025 4:31:42 PM de.learnlib.logging.LearnLogger logQuery
INFO: DB CACHE [ε | success_request_with_credentials tlv_request cryptobinding tlv_failure /  success_response_v0 tlv_success no_reply -]
Aug 13, 2025 4:31:42 PM de.learnlib.logging.LearnLogger logQuery
INFO: DB CACHE [ε | success_request_with_credentials tlv_request cryptobinding tlv_request /  success_response_v0 tlv_success no_reply -]
Aug 13, 2025 4:31:42 PM de.learnlib.logging.LearnLogger logQuery
INFO: DB CACHE [ε | success_request_with_credentials tlv_request cryptobinding challenge_v0 /  success_response_v0 tlv_success no_reply -]
Aug 13, 2025 4:31:42 PM de.learnlib.logging.LearnLogger logQuery
INFO: DB CACHE [ε | success_request_with_credentials tlv_request cryptobinding id_request_v0 /  success_response_v0 tlv_success no_reply -]
Aug 13, 2025 4:31:42 PM de.learnlib.logging.LearnLogger logQuery
INFO: DB CACHE [ε | success_request_with_credentials tlv_request success_and_cryptobinding 4_way_message_1 /  success_response_v0 tlv_success no_reply -]
Aug 13, 2025 4:31:42 PM de.learnlib.logging.LearnLogger logQuery
INFO: DB CACHE [ε | success_request_with_credentials tlv_request success_and_cryptobinding eap_success /  success_response_v0 tlv_success no_reply -]
Aug 13, 2025 4:31:42 PM de.learnlib.logging.LearnLogger logQuery
INFO: DB CACHE [ε | success_request_with_credentials tlv_request success_and_cryptobinding cryptobinding /  success_response_v0 tlv_success no_reply -]
Aug 13, 2025 4:31:42 PM de.learnlib.logging.LearnLogger logQuery
INFO: DB CACHE [ε | success_request_with_credentials tlv_request success_and_cryptobinding success_and_cryptobinding /  success_response_v0 tlv_success no_reply -]
Aug 13, 2025 4:31:42 PM de.learnlib.logging.LearnLogger logQuery
INFO: DB CACHE [ε | success_request_with_credentials tlv_request success_and_cryptobinding success_request_with_credentials /  success_response_v0 tlv_success no_reply -]
Aug 13, 2025 4:31:42 PM de.learnlib.logging.LearnLogger logQuery
INFO: DB CACHE [ε | success_request_with_credentials tlv_request success_and_cryptobinding success_request_all_zeros /  success_response_v0 tlv_success no_reply -]
Aug 13, 2025 4:31:42 PM de.learnlib.logging.LearnLogger logQuery
INFO: DB CACHE [ε | success_request_with_credentials tlv_request success_and_cryptobinding tlv_failure /  success_response_v0 tlv_success no_reply -]
Aug 13, 2025 4:31:42 PM de.learnlib.logging.LearnLogger logQuery
INFO: DB CACHE [ε | success_request_with_credentials tlv_request success_and_cryptobinding tlv_request /  success_response_v0 tlv_success no_reply -]
Aug 13, 2025 4:31:42 PM de.learnlib.logging.LearnLogger logQuery
INFO: DB CACHE [ε | success_request_with_credentials tlv_request success_and_cryptobinding challenge_v0 /  success_response_v0 tlv_success no_reply -]
Aug 13, 2025 4:31:42 PM de.learnlib.logging.LearnLogger logQuery
INFO: DB CACHE [ε | success_request_with_credentials tlv_request success_and_cryptobinding id_request_v0 /  success_response_v0 tlv_success no_reply -]
Aug 13, 2025 4:31:42 PM de.learnlib.logging.LearnLogger logQuery
INFO: DB CACHE [ε | success_request_with_credentials tlv_request success_request_with_credentials 4_way_message_1 /  success_response_v0 tlv_success no_reply -]
Aug 13, 2025 4:31:42 PM de.learnlib.logging.LearnLogger logQuery
INFO: DB CACHE [ε | success_request_with_credentials tlv_request success_request_with_credentials eap_success /  success_response_v0 tlv_success no_reply -]
Aug 13, 2025 4:31:42 PM de.learnlib.logging.LearnLogger logQuery
INFO: DB CACHE [ε | success_request_with_credentials tlv_request success_request_with_credentials cryptobinding /  success_response_v0 tlv_success no_reply -]
Aug 13, 2025 4:31:42 PM de.learnlib.logging.LearnLogger logQuery
INFO: DB CACHE [ε | success_request_with_credentials tlv_request success_request_with_credentials success_and_cryptobinding /  success_response_v0 tlv_success no_reply -]
Aug 13, 2025 4:31:42 PM de.learnlib.logging.LearnLogger logQuery
INFO: DB CACHE [ε | success_request_with_credentials tlv_request success_request_with_credentials success_request_with_credentials /  success_response_v0 tlv_success no_reply -]
Aug 13, 2025 4:31:42 PM de.learnlib.logging.LearnLogger logQuery
INFO: DB CACHE [ε | success_request_with_credentials tlv_request success_request_with_credentials success_request_all_zeros /  success_response_v0 tlv_success no_reply -]
Aug 13, 2025 4:31:42 PM de.learnlib.logging.LearnLogger logQuery
INFO: DB CACHE [ε | success_request_with_credentials tlv_request success_request_with_credentials tlv_failure /  success_response_v0 tlv_success no_reply -]
Aug 13, 2025 4:31:42 PM de.learnlib.logging.LearnLogger logQuery
INFO: DB CACHE [ε | success_request_with_credentials tlv_request success_request_with_credentials tlv_request /  success_response_v0 tlv_success no_reply -]
Aug 13, 2025 4:31:42 PM de.learnlib.logging.LearnLogger logQuery
INFO: DB CACHE [ε | success_request_with_credentials tlv_request success_request_with_credentials challenge_v0 /  success_response_v0 tlv_success no_reply -]
Aug 13, 2025 4:31:42 PM de.learnlib.logging.LearnLogger logQuery
INFO: DB CACHE [ε | success_request_with_credentials tlv_request success_request_with_credentials id_request_v0 /  success_response_v0 tlv_success no_reply -]
Aug 13, 2025 4:31:42 PM de.learnlib.logging.LearnLogger logQuery
INFO: DB CACHE [ε | success_request_with_credentials tlv_request success_request_all_zeros 4_way_message_1 /  success_response_v0 tlv_success no_reply -]
Aug 13, 2025 4:31:42 PM de.learnlib.logging.LearnLogger logQuery
INFO: DB CACHE [ε | success_request_with_credentials tlv_request success_request_all_zeros eap_success /  success_response_v0 tlv_success no_reply -]
Aug 13, 2025 4:31:42 PM de.learnlib.logging.LearnLogger logQuery
INFO: DB CACHE [ε | success_request_with_credentials tlv_request success_request_all_zeros cryptobinding /  success_response_v0 tlv_success no_reply -]
Aug 13, 2025 4:31:42 PM de.learnlib.logging.LearnLogger logQuery
INFO: DB CACHE [ε | success_request_with_credentials tlv_request success_request_all_zeros success_and_cryptobinding /  success_response_v0 tlv_success no_reply -]
Aug 13, 2025 4:31:42 PM de.learnlib.logging.LearnLogger logQuery
INFO: DB CACHE [ε | success_request_with_credentials tlv_request success_request_all_zeros success_request_with_credentials /  success_response_v0 tlv_success no_reply -]
Aug 13, 2025 4:31:42 PM de.learnlib.logging.LearnLogger logQuery
INFO: DB CACHE [ε | success_request_with_credentials tlv_request success_request_all_zeros success_request_all_zeros /  success_response_v0 tlv_success no_reply -]
Aug 13, 2025 4:31:42 PM de.learnlib.logging.LearnLogger logQuery
INFO: DB CACHE [ε | success_request_with_credentials tlv_request success_request_all_zeros tlv_failure /  success_response_v0 tlv_success no_reply -]
Aug 13, 2025 4:31:42 PM de.learnlib.logging.LearnLogger logQuery
INFO: DB CACHE [ε | success_request_with_credentials tlv_request success_request_all_zeros tlv_request /  success_response_v0 tlv_success no_reply -]
Aug 13, 2025 4:31:42 PM de.learnlib.logging.LearnLogger logQuery
INFO: DB CACHE [ε | success_request_with_credentials tlv_request success_request_all_zeros challenge_v0 /  success_response_v0 tlv_success no_reply -]
Aug 13, 2025 4:31:42 PM de.learnlib.logging.LearnLogger logQuery
INFO: DB CACHE [ε | success_request_with_credentials tlv_request success_request_all_zeros id_request_v0 /  success_response_v0 tlv_success no_reply -]
Aug 13, 2025 4:31:42 PM de.learnlib.logging.LearnLogger logQuery
INFO: DB CACHE [ε | success_request_with_credentials tlv_request tlv_failure 4_way_message_1 /  success_response_v0 tlv_success no_reply -]
Aug 13, 2025 4:31:42 PM de.learnlib.logging.LearnLogger logQuery
INFO: DB CACHE [ε | success_request_with_credentials tlv_request tlv_failure eap_success /  success_response_v0 tlv_success no_reply -]
Aug 13, 2025 4:31:42 PM de.learnlib.logging.LearnLogger logQuery
INFO: DB CACHE [ε | success_request_with_credentials tlv_request tlv_failure cryptobinding /  success_response_v0 tlv_success no_reply -]
Aug 13, 2025 4:31:42 PM de.learnlib.logging.LearnLogger logQuery
INFO: DB CACHE [ε | success_request_with_credentials tlv_request tlv_failure success_and_cryptobinding /  success_response_v0 tlv_success no_reply -]
Aug 13, 2025 4:31:42 PM de.learnlib.logging.LearnLogger logQuery
INFO: DB CACHE [ε | success_request_with_credentials tlv_request tlv_failure success_request_with_credentials /  success_response_v0 tlv_success no_reply -]
Aug 13, 2025 4:31:42 PM de.learnlib.logging.LearnLogger logQuery
INFO: DB CACHE [ε | success_request_with_credentials tlv_request tlv_failure success_request_all_zeros /  success_response_v0 tlv_success no_reply -]
Aug 13, 2025 4:31:42 PM de.learnlib.logging.LearnLogger logQuery
INFO: DB CACHE [ε | success_request_with_credentials tlv_request tlv_failure tlv_failure /  success_response_v0 tlv_success no_reply -]
Aug 13, 2025 4:31:42 PM de.learnlib.logging.LearnLogger logQuery
INFO: DB CACHE [ε | success_request_with_credentials tlv_request tlv_failure tlv_request /  success_response_v0 tlv_success no_reply -]
Aug 13, 2025 4:31:42 PM de.learnlib.logging.LearnLogger logQuery
INFO: DB CACHE [ε | success_request_with_credentials tlv_request tlv_failure challenge_v0 /  success_response_v0 tlv_success no_reply -]
Aug 13, 2025 4:31:42 PM de.learnlib.logging.LearnLogger logQuery
INFO: DB CACHE [ε | success_request_with_credentials tlv_request tlv_failure id_request_v0 /  success_response_v0 tlv_success no_reply -]
Aug 13, 2025 4:31:42 PM de.learnlib.logging.LearnLogger logQuery
INFO: DB CACHE [ε | success_request_with_credentials tlv_request tlv_request 4_way_message_1 /  success_response_v0 tlv_success no_reply -]
Aug 13, 2025 4:31:42 PM de.learnlib.logging.LearnLogger logQuery
INFO: DB CACHE [ε | success_request_with_credentials tlv_request tlv_request eap_success /  success_response_v0 tlv_success no_reply -]
Aug 13, 2025 4:31:42 PM de.learnlib.logging.LearnLogger logQuery
INFO: DB CACHE [ε | success_request_with_credentials tlv_request tlv_request cryptobinding /  success_response_v0 tlv_success no_reply -]
Aug 13, 2025 4:31:42 PM de.learnlib.logging.LearnLogger logQuery
INFO: DB CACHE [ε | success_request_with_credentials tlv_request tlv_request success_and_cryptobinding /  success_response_v0 tlv_success no_reply -]
Aug 13, 2025 4:31:42 PM de.learnlib.logging.LearnLogger logQuery
INFO: DB CACHE [ε | success_request_with_credentials tlv_request tlv_request success_request_with_credentials /  success_response_v0 tlv_success no_reply -]
Aug 13, 2025 4:31:42 PM de.learnlib.logging.LearnLogger logQuery
INFO: DB CACHE [ε | success_request_with_credentials tlv_request tlv_request success_request_all_zeros /  success_response_v0 tlv_success no_reply -]
Aug 13, 2025 4:31:42 PM de.learnlib.logging.LearnLogger logQuery
INFO: DB CACHE [ε | success_request_with_credentials tlv_request tlv_request tlv_failure /  success_response_v0 tlv_success no_reply -]
Aug 13, 2025 4:31:42 PM de.learnlib.logging.LearnLogger logQuery
INFO: DB CACHE [ε | success_request_with_credentials tlv_request tlv_request tlv_request /  success_response_v0 tlv_success no_reply -]
Aug 13, 2025 4:31:42 PM de.learnlib.logging.LearnLogger logQuery
INFO: DB CACHE [ε | success_request_with_credentials tlv_request tlv_request challenge_v0 /  success_response_v0 tlv_success no_reply -]
Aug 13, 2025 4:31:42 PM de.learnlib.logging.LearnLogger logQuery
INFO: DB CACHE [ε | success_request_with_credentials tlv_request tlv_request id_request_v0 /  success_response_v0 tlv_success no_reply -]
Aug 13, 2025 4:31:42 PM de.learnlib.logging.LearnLogger logQuery
INFO: DB CACHE [ε | success_request_with_credentials tlv_request challenge_v0 4_way_message_1 /  success_response_v0 tlv_success no_reply -]
Aug 13, 2025 4:31:42 PM de.learnlib.logging.LearnLogger logQuery
INFO: DB CACHE [ε | success_request_with_credentials tlv_request challenge_v0 eap_success /  success_response_v0 tlv_success no_reply -]
Aug 13, 2025 4:31:42 PM de.learnlib.logging.LearnLogger logQuery
INFO: DB CACHE [ε | success_request_with_credentials tlv_request challenge_v0 cryptobinding /  success_response_v0 tlv_success no_reply -]
Aug 13, 2025 4:31:42 PM de.learnlib.logging.LearnLogger logQuery
INFO: DB CACHE [ε | success_request_with_credentials tlv_request challenge_v0 success_and_cryptobinding /  success_response_v0 tlv_success no_reply -]
Aug 13, 2025 4:31:42 PM de.learnlib.logging.LearnLogger logQuery
INFO: DB CACHE [ε | success_request_with_credentials tlv_request challenge_v0 success_request_with_credentials /  success_response_v0 tlv_success no_reply -]
Aug 13, 2025 4:31:42 PM de.learnlib.logging.LearnLogger logQuery
INFO: DB CACHE [ε | success_request_with_credentials tlv_request challenge_v0 success_request_all_zeros /  success_response_v0 tlv_success no_reply -]
Aug 13, 2025 4:31:42 PM de.learnlib.logging.LearnLogger logQuery
INFO: DB CACHE [ε | success_request_with_credentials tlv_request challenge_v0 tlv_failure /  success_response_v0 tlv_success no_reply -]
Aug 13, 2025 4:31:42 PM de.learnlib.logging.LearnLogger logQuery
INFO: DB CACHE [ε | success_request_with_credentials tlv_request challenge_v0 tlv_request /  success_response_v0 tlv_success no_reply -]
Aug 13, 2025 4:31:42 PM de.learnlib.logging.LearnLogger logQuery
INFO: DB CACHE [ε | success_request_with_credentials tlv_request challenge_v0 challenge_v0 /  success_response_v0 tlv_success no_reply -]
Aug 13, 2025 4:31:42 PM de.learnlib.logging.LearnLogger logQuery
INFO: DB CACHE [ε | success_request_with_credentials tlv_request challenge_v0 id_request_v0 /  success_response_v0 tlv_success no_reply -]
Aug 13, 2025 4:31:42 PM de.learnlib.logging.LearnLogger logQuery
INFO: DB CACHE [ε | success_request_with_credentials tlv_request id_request_v0 4_way_message_1 /  success_response_v0 tlv_success no_reply -]
Aug 13, 2025 4:31:42 PM de.learnlib.logging.LearnLogger logQuery
INFO: DB CACHE [ε | success_request_with_credentials tlv_request id_request_v0 eap_success /  success_response_v0 tlv_success no_reply -]
Aug 13, 2025 4:31:42 PM de.learnlib.logging.LearnLogger logQuery
INFO: DB CACHE [ε | success_request_with_credentials tlv_request id_request_v0 cryptobinding /  success_response_v0 tlv_success no_reply -]
Aug 13, 2025 4:31:42 PM de.learnlib.logging.LearnLogger logQuery
INFO: DB CACHE [ε | success_request_with_credentials tlv_request id_request_v0 success_and_cryptobinding /  success_response_v0 tlv_success no_reply -]
Aug 13, 2025 4:31:42 PM de.learnlib.logging.LearnLogger logQuery
INFO: DB CACHE [ε | success_request_with_credentials tlv_request id_request_v0 success_request_with_credentials /  success_response_v0 tlv_success no_reply -]
Aug 13, 2025 4:31:42 PM de.learnlib.logging.LearnLogger logQuery
INFO: DB CACHE [ε | success_request_with_credentials tlv_request id_request_v0 success_request_all_zeros /  success_response_v0 tlv_success no_reply -]
Aug 13, 2025 4:31:42 PM de.learnlib.logging.LearnLogger logQuery
INFO: DB CACHE [ε | success_request_with_credentials tlv_request id_request_v0 tlv_failure /  success_response_v0 tlv_success no_reply -]
Aug 13, 2025 4:31:42 PM de.learnlib.logging.LearnLogger logQuery
INFO: DB CACHE [ε | success_request_with_credentials tlv_request id_request_v0 tlv_request /  success_response_v0 tlv_success no_reply -]
Aug 13, 2025 4:31:42 PM de.learnlib.logging.LearnLogger logQuery
INFO: DB CACHE [ε | success_request_with_credentials tlv_request id_request_v0 challenge_v0 /  success_response_v0 tlv_success no_reply -]
Aug 13, 2025 4:31:42 PM de.learnlib.logging.LearnLogger logQuery
INFO: DB CACHE [ε | success_request_with_credentials tlv_request id_request_v0 id_request_v0 /  success_response_v0 tlv_success no_reply -]
Aug 13, 2025 4:31:42 PM de.learnlib.logging.LearnLogger logQuery
INFO: DB CACHE [ε | challenge_v0 success_request_with_credentials 4_way_message_1 4_way_message_1 /  challenge_response_v0 success_response_v0 no_reply -]
Aug 13, 2025 4:31:42 PM de.learnlib.logging.LearnLogger logQuery
INFO: DB CACHE [ε | challenge_v0 success_request_with_credentials 4_way_message_1 eap_success /  challenge_response_v0 success_response_v0 no_reply -]
Aug 13, 2025 4:31:42 PM de.learnlib.logging.LearnLogger logQuery
INFO: DB CACHE [ε | challenge_v0 success_request_with_credentials 4_way_message_1 cryptobinding /  challenge_response_v0 success_response_v0 no_reply -]
Aug 13, 2025 4:31:42 PM de.learnlib.logging.LearnLogger logQuery
INFO: DB CACHE [ε | challenge_v0 success_request_with_credentials 4_way_message_1 success_and_cryptobinding /  challenge_response_v0 success_response_v0 no_reply -]
Aug 13, 2025 4:31:42 PM de.learnlib.logging.LearnLogger logQuery
INFO: DB CACHE [ε | challenge_v0 success_request_with_credentials 4_way_message_1 success_request_with_credentials /  challenge_response_v0 success_response_v0 no_reply -]
Aug 13, 2025 4:31:42 PM de.learnlib.logging.LearnLogger logQuery
INFO: DB CACHE [ε | challenge_v0 success_request_with_credentials 4_way_message_1 success_request_all_zeros /  challenge_response_v0 success_response_v0 no_reply -]
Aug 13, 2025 4:31:42 PM de.learnlib.logging.LearnLogger logQuery
INFO: DB CACHE [ε | challenge_v0 success_request_with_credentials 4_way_message_1 tlv_failure /  challenge_response_v0 success_response_v0 no_reply -]
Aug 13, 2025 4:31:42 PM de.learnlib.logging.LearnLogger logQuery
INFO: DB CACHE [ε | challenge_v0 success_request_with_credentials 4_way_message_1 tlv_request /  challenge_response_v0 success_response_v0 no_reply -]
Aug 13, 2025 4:31:42 PM de.learnlib.logging.LearnLogger logQuery
INFO: DB CACHE [ε | challenge_v0 success_request_with_credentials 4_way_message_1 challenge_v0 /  challenge_response_v0 success_response_v0 no_reply -]
Aug 13, 2025 4:31:42 PM de.learnlib.logging.LearnLogger logQuery
INFO: DB CACHE [ε | challenge_v0 success_request_with_credentials 4_way_message_1 id_request_v0 /  challenge_response_v0 success_response_v0 no_reply -]
Aug 13, 2025 4:31:45 PM de.learnlib.logging.LearnLogger logQuery
INFO: [ε | challenge_v0 success_request_with_credentials eap_success 4_way_message_1 / ε | challenge_response_v0 success_response_v0 after_eap_success no_reply]
Aug 13, 2025 4:31:49 PM de.learnlib.logging.LearnLogger logQuery
INFO: [ε | challenge_v0 success_request_with_credentials eap_success eap_success / ε | challenge_response_v0 success_response_v0 after_eap_success after_eap_success]
Aug 13, 2025 4:31:52 PM de.learnlib.logging.LearnLogger logQuery
INFO: [ε | challenge_v0 success_request_with_credentials eap_success cryptobinding / ε | challenge_response_v0 success_response_v0 after_eap_success tlv_cryptobindingencrypted_alert]
Aug 13, 2025 4:31:54 PM de.learnlib.logging.LearnLogger logQuery
INFO: [ε | challenge_v0 success_request_with_credentials eap_success success_and_cryptobinding / ε | challenge_response_v0 success_response_v0 after_eap_success tlv_success_and_cryptobinding]
Aug 13, 2025 4:31:57 PM de.learnlib.logging.LearnLogger logQuery
INFO: [ε | challenge_v0 success_request_with_credentials eap_success success_request_with_credentials / ε | challenge_response_v0 success_response_v0 after_eap_success success_response_v0]
Aug 13, 2025 4:32:00 PM de.learnlib.logging.LearnLogger logQuery
INFO: [ε | challenge_v0 success_request_with_credentials eap_success success_request_all_zeros / ε | challenge_response_v0 success_response_v0 after_eap_success encrypted_alert]
Aug 13, 2025 4:32:03 PM de.learnlib.logging.LearnLogger logQuery
INFO: [ε | challenge_v0 success_request_with_credentials eap_success tlv_failure / ε | challenge_response_v0 success_response_v0 after_eap_success tlv_failureencrypted_alert]
Aug 13, 2025 4:32:06 PM de.learnlib.logging.LearnLogger logQuery
INFO: [ε | challenge_v0 success_request_with_credentials eap_success tlv_request / ε | challenge_response_v0 success_response_v0 after_eap_success tlv_success]
Aug 13, 2025 4:32:08 PM de.learnlib.logging.LearnLogger logQuery
INFO: [ε | challenge_v0 success_request_with_credentials eap_success challenge_v0 / ε | challenge_response_v0 success_response_v0 after_eap_success challenge_response_v0]
Aug 13, 2025 4:32:11 PM de.learnlib.logging.LearnLogger logQuery
INFO: [ε | challenge_v0 success_request_with_credentials eap_success id_request_v0 / ε | challenge_response_v0 success_response_v0 after_eap_success id_response_v0]
Aug 13, 2025 4:32:11 PM de.learnlib.logging.LearnLogger logQuery
INFO: DB CACHE [ε | challenge_v0 success_request_with_credentials cryptobinding 4_way_message_1 /  challenge_response_v0 success_response_v0 tlv_cryptobindingencrypted_alert -]
Aug 13, 2025 4:32:11 PM de.learnlib.logging.LearnLogger logQuery
INFO: DB CACHE [ε | challenge_v0 success_request_with_credentials cryptobinding eap_success /  challenge_response_v0 success_response_v0 tlv_cryptobindingencrypted_alert -]
Aug 13, 2025 4:32:11 PM de.learnlib.logging.LearnLogger logQuery
INFO: DB CACHE [ε | challenge_v0 success_request_with_credentials cryptobinding cryptobinding /  challenge_response_v0 success_response_v0 tlv_cryptobindingencrypted_alert -]
Aug 13, 2025 4:32:11 PM de.learnlib.logging.LearnLogger logQuery
INFO: DB CACHE [ε | challenge_v0 success_request_with_credentials cryptobinding success_and_cryptobinding /  challenge_response_v0 success_response_v0 tlv_cryptobindingencrypted_alert -]
Aug 13, 2025 4:32:11 PM de.learnlib.logging.LearnLogger logQuery
INFO: DB CACHE [ε | challenge_v0 success_request_with_credentials cryptobinding success_request_with_credentials /  challenge_response_v0 success_response_v0 tlv_cryptobindingencrypted_alert -]
Aug 13, 2025 4:32:11 PM de.learnlib.logging.LearnLogger logQuery
INFO: DB CACHE [ε | challenge_v0 success_request_with_credentials cryptobinding success_request_all_zeros /  challenge_response_v0 success_response_v0 tlv_cryptobindingencrypted_alert -]
Aug 13, 2025 4:32:11 PM de.learnlib.logging.LearnLogger logQuery
INFO: DB CACHE [ε | challenge_v0 success_request_with_credentials cryptobinding tlv_failure /  challenge_response_v0 success_response_v0 tlv_cryptobindingencrypted_alert -]
Aug 13, 2025 4:32:11 PM de.learnlib.logging.LearnLogger logQuery
INFO: DB CACHE [ε | challenge_v0 success_request_with_credentials cryptobinding tlv_request /  challenge_response_v0 success_response_v0 tlv_cryptobindingencrypted_alert -]
Aug 13, 2025 4:32:11 PM de.learnlib.logging.LearnLogger logQuery
INFO: DB CACHE [ε | challenge_v0 success_request_with_credentials cryptobinding challenge_v0 /  challenge_response_v0 success_response_v0 tlv_cryptobindingencrypted_alert -]
Aug 13, 2025 4:32:11 PM de.learnlib.logging.LearnLogger logQuery
INFO: DB CACHE [ε | challenge_v0 success_request_with_credentials cryptobinding id_request_v0 /  challenge_response_v0 success_response_v0 tlv_cryptobindingencrypted_alert -]
Aug 13, 2025 4:32:13 PM de.learnlib.logging.LearnLogger logQuery
INFO: [ε | challenge_v0 success_request_with_credentials success_and_cryptobinding 4_way_message_1 / ε | challenge_response_v0 success_response_v0 tlv_success_and_cryptobinding 4_way_message_2]
Aug 13, 2025 4:32:16 PM de.learnlib.logging.LearnLogger logQuery
INFO: [ε | challenge_v0 success_request_with_credentials success_and_cryptobinding eap_success / ε | challenge_response_v0 success_response_v0 tlv_success_and_cryptobinding after_eap_success]
Aug 13, 2025 4:32:19 PM de.learnlib.logging.LearnLogger logQuery
INFO: [ε | challenge_v0 success_request_with_credentials success_and_cryptobinding cryptobinding / ε | challenge_response_v0 success_response_v0 tlv_success_and_cryptobinding no_reply]
Aug 13, 2025 4:32:22 PM de.learnlib.logging.LearnLogger logQuery
INFO: [ε | challenge_v0 success_request_with_credentials success_and_cryptobinding success_and_cryptobinding / ε | challenge_response_v0 success_response_v0 tlv_success_and_cryptobinding no_reply]
Aug 13, 2025 4:32:25 PM de.learnlib.logging.LearnLogger logQuery
INFO: [ε | challenge_v0 success_request_with_credentials success_and_cryptobinding success_request_with_credentials / ε | challenge_response_v0 success_response_v0 tlv_success_and_cryptobinding no_reply]
Aug 13, 2025 4:32:28 PM de.learnlib.logging.LearnLogger logQuery
INFO: [ε | challenge_v0 success_request_with_credentials success_and_cryptobinding success_request_all_zeros / ε | challenge_response_v0 success_response_v0 tlv_success_and_cryptobinding no_reply]
Aug 13, 2025 4:32:31 PM de.learnlib.logging.LearnLogger logQuery
INFO: [ε | challenge_v0 success_request_with_credentials success_and_cryptobinding tlv_failure / ε | challenge_response_v0 success_response_v0 tlv_success_and_cryptobinding no_reply]
Aug 13, 2025 4:32:34 PM de.learnlib.logging.LearnLogger logQuery
INFO: [ε | challenge_v0 success_request_with_credentials success_and_cryptobinding tlv_request / ε | challenge_response_v0 success_response_v0 tlv_success_and_cryptobinding no_reply]
Aug 13, 2025 4:32:36 PM de.learnlib.logging.LearnLogger logQuery
INFO: [ε | challenge_v0 success_request_with_credentials success_and_cryptobinding challenge_v0 / ε | challenge_response_v0 success_response_v0 tlv_success_and_cryptobinding no_reply]
Aug 13, 2025 4:32:39 PM de.learnlib.logging.LearnLogger logQuery
INFO: [ε | challenge_v0 success_request_with_credentials success_and_cryptobinding id_request_v0 / ε | challenge_response_v0 success_response_v0 tlv_success_and_cryptobinding no_reply]
Aug 13, 2025 4:32:42 PM de.learnlib.logging.LearnLogger logQuery
INFO: [ε | challenge_v0 success_request_with_credentials success_request_with_credentials 4_way_message_1 / ε | challenge_response_v0 success_response_v0 success_response_v0 no_reply]
Aug 13, 2025 4:32:45 PM de.learnlib.logging.LearnLogger logQuery
INFO: [ε | challenge_v0 success_request_with_credentials success_request_with_credentials eap_success / ε | challenge_response_v0 success_response_v0 success_response_v0 after_eap_success]
Aug 13, 2025 4:32:48 PM de.learnlib.logging.LearnLogger logQuery
INFO: [ε | challenge_v0 success_request_with_credentials success_request_with_credentials cryptobinding / ε | challenge_response_v0 success_response_v0 success_response_v0 tlv_cryptobindingencrypted_alert]
Aug 13, 2025 4:32:50 PM de.learnlib.logging.LearnLogger logQuery
INFO: [ε | challenge_v0 success_request_with_credentials success_request_with_credentials success_and_cryptobinding / ε | challenge_response_v0 success_response_v0 success_response_v0 tlv_success_and_cryptobinding]
Aug 13, 2025 4:32:52 PM de.learnlib.logging.LearnLogger logQuery
INFO: [ε | challenge_v0 success_request_with_credentials success_request_with_credentials success_request_with_credentials / ε | challenge_response_v0 success_response_v0 success_response_v0 success_response_v0]
Aug 13, 2025 4:32:54 PM de.learnlib.logging.LearnLogger logQuery
INFO: [ε | challenge_v0 success_request_with_credentials success_request_with_credentials success_request_all_zeros / ε | challenge_response_v0 success_response_v0 success_response_v0 encrypted_alert]
Aug 13, 2025 4:32:57 PM de.learnlib.logging.LearnLogger logQuery
INFO: [ε | challenge_v0 success_request_with_credentials success_request_with_credentials tlv_failure / ε | challenge_response_v0 success_response_v0 success_response_v0 tlv_failureencrypted_alert]
Aug 13, 2025 4:32:59 PM de.learnlib.logging.LearnLogger logQuery
INFO: [ε | challenge_v0 success_request_with_credentials success_request_with_credentials tlv_request / ε | challenge_response_v0 success_response_v0 success_response_v0 tlv_success]
Aug 13, 2025 4:33:01 PM de.learnlib.logging.LearnLogger logQuery
INFO: [ε | challenge_v0 success_request_with_credentials success_request_with_credentials challenge_v0 / ε | challenge_response_v0 success_response_v0 success_response_v0 challenge_response_v0]
Aug 13, 2025 4:33:04 PM de.learnlib.logging.LearnLogger logQuery
INFO: [ε | challenge_v0 success_request_with_credentials success_request_with_credentials id_request_v0 / ε | challenge_response_v0 success_response_v0 success_response_v0 id_response_v0]
Aug 13, 2025 4:33:04 PM de.learnlib.logging.LearnLogger logQuery
INFO: DB CACHE [ε | challenge_v0 success_request_with_credentials success_request_all_zeros 4_way_message_1 /  challenge_response_v0 success_response_v0 encrypted_alert -]
Aug 13, 2025 4:33:04 PM de.learnlib.logging.LearnLogger logQuery
INFO: DB CACHE [ε | challenge_v0 success_request_with_credentials success_request_all_zeros eap_success /  challenge_response_v0 success_response_v0 encrypted_alert -]
Aug 13, 2025 4:33:04 PM de.learnlib.logging.LearnLogger logQuery
INFO: DB CACHE [ε | challenge_v0 success_request_with_credentials success_request_all_zeros cryptobinding /  challenge_response_v0 success_response_v0 encrypted_alert -]
Aug 13, 2025 4:33:04 PM de.learnlib.logging.LearnLogger logQuery
INFO: DB CACHE [ε | challenge_v0 success_request_with_credentials success_request_all_zeros success_and_cryptobinding /  challenge_response_v0 success_response_v0 encrypted_alert -]
Aug 13, 2025 4:33:04 PM de.learnlib.logging.LearnLogger logQuery
INFO: DB CACHE [ε | challenge_v0 success_request_with_credentials success_request_all_zeros success_request_with_credentials /  challenge_response_v0 success_response_v0 encrypted_alert -]
Aug 13, 2025 4:33:04 PM de.learnlib.logging.LearnLogger logQuery
INFO: DB CACHE [ε | challenge_v0 success_request_with_credentials success_request_all_zeros success_request_all_zeros /  challenge_response_v0 success_response_v0 encrypted_alert -]
Aug 13, 2025 4:33:04 PM de.learnlib.logging.LearnLogger logQuery
INFO: DB CACHE [ε | challenge_v0 success_request_with_credentials success_request_all_zeros tlv_failure /  challenge_response_v0 success_response_v0 encrypted_alert -]
Aug 13, 2025 4:33:04 PM de.learnlib.logging.LearnLogger logQuery
INFO: DB CACHE [ε | challenge_v0 success_request_with_credentials success_request_all_zeros tlv_request /  challenge_response_v0 success_response_v0 encrypted_alert -]
Aug 13, 2025 4:33:04 PM de.learnlib.logging.LearnLogger logQuery
INFO: DB CACHE [ε | challenge_v0 success_request_with_credentials success_request_all_zeros challenge_v0 /  challenge_response_v0 success_response_v0 encrypted_alert -]
Aug 13, 2025 4:33:04 PM de.learnlib.logging.LearnLogger logQuery
INFO: DB CACHE [ε | challenge_v0 success_request_with_credentials success_request_all_zeros id_request_v0 /  challenge_response_v0 success_response_v0 encrypted_alert -]
Aug 13, 2025 4:33:04 PM de.learnlib.logging.LearnLogger logQuery
INFO: DB CACHE [ε | challenge_v0 success_request_with_credentials tlv_failure 4_way_message_1 /  challenge_response_v0 success_response_v0 tlv_failureencrypted_alert -]
Aug 13, 2025 4:33:04 PM de.learnlib.logging.LearnLogger logQuery
INFO: DB CACHE [ε | challenge_v0 success_request_with_credentials tlv_failure eap_success /  challenge_response_v0 success_response_v0 tlv_failureencrypted_alert -]
Aug 13, 2025 4:33:04 PM de.learnlib.logging.LearnLogger logQuery
INFO: DB CACHE [ε | challenge_v0 success_request_with_credentials tlv_failure cryptobinding /  challenge_response_v0 success_response_v0 tlv_failureencrypted_alert -]
Aug 13, 2025 4:33:04 PM de.learnlib.logging.LearnLogger logQuery
INFO: DB CACHE [ε | challenge_v0 success_request_with_credentials tlv_failure success_and_cryptobinding /  challenge_response_v0 success_response_v0 tlv_failureencrypted_alert -]
Aug 13, 2025 4:33:04 PM de.learnlib.logging.LearnLogger logQuery
INFO: DB CACHE [ε | challenge_v0 success_request_with_credentials tlv_failure success_request_with_credentials /  challenge_response_v0 success_response_v0 tlv_failureencrypted_alert -]
Aug 13, 2025 4:33:04 PM de.learnlib.logging.LearnLogger logQuery
INFO: DB CACHE [ε | challenge_v0 success_request_with_credentials tlv_failure success_request_all_zeros /  challenge_response_v0 success_response_v0 tlv_failureencrypted_alert -]
Aug 13, 2025 4:33:04 PM de.learnlib.logging.LearnLogger logQuery
INFO: DB CACHE [ε | challenge_v0 success_request_with_credentials tlv_failure tlv_failure /  challenge_response_v0 success_response_v0 tlv_failureencrypted_alert -]
Aug 13, 2025 4:33:04 PM de.learnlib.logging.LearnLogger logQuery
INFO: DB CACHE [ε | challenge_v0 success_request_with_credentials tlv_failure tlv_request /  challenge_response_v0 success_response_v0 tlv_failureencrypted_alert -]
Aug 13, 2025 4:33:04 PM de.learnlib.logging.LearnLogger logQuery
INFO: DB CACHE [ε | challenge_v0 success_request_with_credentials tlv_failure challenge_v0 /  challenge_response_v0 success_response_v0 tlv_failureencrypted_alert -]
Aug 13, 2025 4:33:04 PM de.learnlib.logging.LearnLogger logQuery
INFO: DB CACHE [ε | challenge_v0 success_request_with_credentials tlv_failure id_request_v0 /  challenge_response_v0 success_response_v0 tlv_failureencrypted_alert -]
Aug 13, 2025 4:33:06 PM de.learnlib.logging.LearnLogger logQuery
INFO: [ε | challenge_v0 success_request_with_credentials tlv_request 4_way_message_1 / ε | challenge_response_v0 success_response_v0 tlv_success 4_way_message_2]
Aug 13, 2025 4:33:09 PM de.learnlib.logging.LearnLogger logQuery
INFO: [ε | challenge_v0 success_request_with_credentials tlv_request eap_success / ε | challenge_response_v0 success_response_v0 tlv_success after_eap_success]
Aug 13, 2025 4:33:12 PM de.learnlib.logging.LearnLogger logQuery
INFO: [ε | challenge_v0 success_request_with_credentials tlv_request cryptobinding / ε | challenge_response_v0 success_response_v0 tlv_success no_reply]
Aug 13, 2025 4:33:15 PM de.learnlib.logging.LearnLogger logQuery
INFO: [ε | challenge_v0 success_request_with_credentials tlv_request success_and_cryptobinding / ε | challenge_response_v0 success_response_v0 tlv_success no_reply]
Aug 13, 2025 4:33:17 PM de.learnlib.logging.LearnLogger logQuery
INFO: [ε | challenge_v0 success_request_with_credentials tlv_request success_request_with_credentials / ε | challenge_response_v0 success_response_v0 tlv_success no_reply]
Aug 13, 2025 4:33:20 PM de.learnlib.logging.LearnLogger logQuery
INFO: [ε | challenge_v0 success_request_with_credentials tlv_request success_request_all_zeros / ε | challenge_response_v0 success_response_v0 tlv_success no_reply]
Aug 13, 2025 4:33:23 PM de.learnlib.logging.LearnLogger logQuery
INFO: [ε | challenge_v0 success_request_with_credentials tlv_request tlv_failure / ε | challenge_response_v0 success_response_v0 tlv_success no_reply]
Aug 13, 2025 4:33:32 PM de.learnlib.logging.LearnLogger logQuery
INFO: [ε | challenge_v0 success_request_with_credentials tlv_request tlv_request / ε | challenge_response_v0 success_response_v0 tlv_success no_reply]
Aug 13, 2025 4:33:35 PM de.learnlib.logging.LearnLogger logQuery
INFO: [ε | challenge_v0 success_request_with_credentials tlv_request challenge_v0 / ε | challenge_response_v0 success_response_v0 tlv_success no_reply]
Aug 13, 2025 4:33:38 PM de.learnlib.logging.LearnLogger logQuery
INFO: [ε | challenge_v0 success_request_with_credentials tlv_request id_request_v0 / ε | challenge_response_v0 success_response_v0 tlv_success no_reply]
Aug 13, 2025 4:33:41 PM de.learnlib.logging.LearnLogger logQuery
INFO: [ε | challenge_v0 success_request_with_credentials challenge_v0 4_way_message_1 / ε | challenge_response_v0 success_response_v0 challenge_response_v0 no_reply]
Aug 13, 2025 4:33:44 PM de.learnlib.logging.LearnLogger logQuery
INFO: [ε | challenge_v0 success_request_with_credentials challenge_v0 eap_success / ε | challenge_response_v0 success_response_v0 challenge_response_v0 after_eap_success]
Aug 13, 2025 4:33:47 PM de.learnlib.logging.LearnLogger logQuery
INFO: [ε | challenge_v0 success_request_with_credentials challenge_v0 cryptobinding / ε | challenge_response_v0 success_response_v0 challenge_response_v0 no_reply]
Aug 13, 2025 4:33:50 PM de.learnlib.logging.LearnLogger logQuery
INFO: [ε | challenge_v0 success_request_with_credentials challenge_v0 success_and_cryptobinding / ε | challenge_response_v0 success_response_v0 challenge_response_v0 no_reply]
Aug 13, 2025 4:33:52 PM de.learnlib.logging.LearnLogger logQuery
INFO: [ε | challenge_v0 success_request_with_credentials challenge_v0 success_request_with_credentials / ε | challenge_response_v0 success_response_v0 challenge_response_v0 success_response_v0]
Aug 13, 2025 4:33:54 PM de.learnlib.logging.LearnLogger logQuery
INFO: [ε | challenge_v0 success_request_with_credentials challenge_v0 success_request_all_zeros / ε | challenge_response_v0 success_response_v0 challenge_response_v0 encrypted_alert]
Aug 13, 2025 4:33:57 PM de.learnlib.logging.LearnLogger logQuery
INFO: [ε | challenge_v0 success_request_with_credentials challenge_v0 tlv_failure / ε | challenge_response_v0 success_response_v0 challenge_response_v0 tlv_failureencrypted_alert]
Aug 13, 2025 4:33:59 PM de.learnlib.logging.LearnLogger logQuery
INFO: [ε | challenge_v0 success_request_with_credentials challenge_v0 tlv_request / ε | challenge_response_v0 success_response_v0 challenge_response_v0 tlv_success]
Aug 13, 2025 4:34:01 PM de.learnlib.logging.LearnLogger logQuery
INFO: [ε | challenge_v0 success_request_with_credentials challenge_v0 challenge_v0 / ε | challenge_response_v0 success_response_v0 challenge_response_v0 challenge_response_v0]
Aug 13, 2025 4:34:03 PM de.learnlib.logging.LearnLogger logQuery
INFO: [ε | challenge_v0 success_request_with_credentials challenge_v0 id_request_v0 / ε | challenge_response_v0 success_response_v0 challenge_response_v0 id_response_v0]
Aug 13, 2025 4:34:06 PM de.learnlib.logging.LearnLogger logQuery
INFO: [ε | challenge_v0 success_request_with_credentials id_request_v0 4_way_message_1 / ε | challenge_response_v0 success_response_v0 id_response_v0 no_reply]
Aug 13, 2025 4:34:09 PM de.learnlib.logging.LearnLogger logQuery
INFO: [ε | challenge_v0 success_request_with_credentials id_request_v0 eap_success / ε | challenge_response_v0 success_response_v0 id_response_v0 after_eap_success]
Aug 13, 2025 4:34:11 PM de.learnlib.logging.LearnLogger logQuery
INFO: [ε | challenge_v0 success_request_with_credentials id_request_v0 cryptobinding / ε | challenge_response_v0 success_response_v0 id_response_v0 tlv_cryptobindingencrypted_alert]
Aug 13, 2025 4:34:14 PM de.learnlib.logging.LearnLogger logQuery
INFO: [ε | challenge_v0 success_request_with_credentials id_request_v0 success_and_cryptobinding / ε | challenge_response_v0 success_response_v0 id_response_v0 tlv_success_and_cryptobinding]
Aug 13, 2025 4:34:16 PM de.learnlib.logging.LearnLogger logQuery
INFO: [ε | challenge_v0 success_request_with_credentials id_request_v0 success_request_with_credentials / ε | challenge_response_v0 success_response_v0 id_response_v0 success_response_v0]
Aug 13, 2025 4:34:18 PM de.learnlib.logging.LearnLogger logQuery
INFO: [ε | challenge_v0 success_request_with_credentials id_request_v0 success_request_all_zeros / ε | challenge_response_v0 success_response_v0 id_response_v0 encrypted_alert]
Aug 13, 2025 4:34:21 PM de.learnlib.logging.LearnLogger logQuery
INFO: [ε | challenge_v0 success_request_with_credentials id_request_v0 tlv_failure / ε | challenge_response_v0 success_response_v0 id_response_v0 tlv_failureencrypted_alert]
Aug 13, 2025 4:34:23 PM de.learnlib.logging.LearnLogger logQuery
INFO: [ε | challenge_v0 success_request_with_credentials id_request_v0 tlv_request / ε | challenge_response_v0 success_response_v0 id_response_v0 tlv_success]
Aug 13, 2025 4:34:25 PM de.learnlib.logging.LearnLogger logQuery
INFO: [ε | challenge_v0 success_request_with_credentials id_request_v0 challenge_v0 / ε | challenge_response_v0 success_response_v0 id_response_v0 challenge_response_v0]
Aug 13, 2025 4:34:27 PM de.learnlib.logging.LearnLogger logQuery
INFO: [ε | challenge_v0 success_request_with_credentials id_request_v0 id_request_v0 / ε | challenge_response_v0 success_response_v0 id_response_v0 id_response_v0]
Aug 13, 2025 4:34:27 PM de.learnlib.logging.LearnLogger logQuery
INFO: DB CACHE [ε | success_request_with_credentials tlv_request eap_success 4_way_message_1 4_way_message_1 /  success_response_v0 tlv_success after_eap_success 4_way_message_2 -]
Aug 13, 2025 4:34:27 PM de.learnlib.logging.LearnLogger logQuery
INFO: DB CACHE [ε | success_request_with_credentials tlv_request eap_success 4_way_message_1 eap_success /  success_response_v0 tlv_success after_eap_success 4_way_message_2 -]
Aug 13, 2025 4:34:27 PM de.learnlib.logging.LearnLogger logQuery
INFO: DB CACHE [ε | success_request_with_credentials tlv_request eap_success 4_way_message_1 cryptobinding /  success_response_v0 tlv_success after_eap_success 4_way_message_2 -]
Aug 13, 2025 4:34:27 PM de.learnlib.logging.LearnLogger logQuery
INFO: DB CACHE [ε | success_request_with_credentials tlv_request eap_success 4_way_message_1 success_and_cryptobinding /  success_response_v0 tlv_success after_eap_success 4_way_message_2 -]
Aug 13, 2025 4:34:27 PM de.learnlib.logging.LearnLogger logQuery
INFO: DB CACHE [ε | success_request_with_credentials tlv_request eap_success 4_way_message_1 success_request_with_credentials /  success_response_v0 tlv_success after_eap_success 4_way_message_2 -]
Aug 13, 2025 4:34:27 PM de.learnlib.logging.LearnLogger logQuery
INFO: DB CACHE [ε | success_request_with_credentials tlv_request eap_success 4_way_message_1 success_request_all_zeros /  success_response_v0 tlv_success after_eap_success 4_way_message_2 -]
Aug 13, 2025 4:34:27 PM de.learnlib.logging.LearnLogger logQuery
INFO: DB CACHE [ε | success_request_with_credentials tlv_request eap_success 4_way_message_1 tlv_failure /  success_response_v0 tlv_success after_eap_success 4_way_message_2 -]
Aug 13, 2025 4:34:27 PM de.learnlib.logging.LearnLogger logQuery
INFO: DB CACHE [ε | success_request_with_credentials tlv_request eap_success 4_way_message_1 tlv_request /  success_response_v0 tlv_success after_eap_success 4_way_message_2 -]
Aug 13, 2025 4:34:27 PM de.learnlib.logging.LearnLogger logQuery
INFO: DB CACHE [ε | success_request_with_credentials tlv_request eap_success 4_way_message_1 challenge_v0 /  success_response_v0 tlv_success after_eap_success 4_way_message_2 -]
Aug 13, 2025 4:34:27 PM de.learnlib.logging.LearnLogger logQuery
INFO: DB CACHE [ε | success_request_with_credentials tlv_request eap_success 4_way_message_1 id_request_v0 /  success_response_v0 tlv_success after_eap_success 4_way_message_2 -]
Aug 13, 2025 4:34:31 PM de.learnlib.logging.LearnLogger logQuery
INFO: [ε | success_request_with_credentials tlv_request eap_success eap_success 4_way_message_1 / ε | success_response_v0 tlv_success after_eap_success after_eap_success 4_way_message_2]
Aug 13, 2025 4:34:35 PM de.learnlib.logging.LearnLogger logQuery
INFO: [ε | success_request_with_credentials tlv_request eap_success eap_success eap_success / ε | success_response_v0 tlv_success after_eap_success after_eap_success after_eap_success]
Aug 13, 2025 4:34:38 PM de.learnlib.logging.LearnLogger logQuery
INFO: [ε | success_request_with_credentials tlv_request eap_success eap_success cryptobinding / ε | success_response_v0 tlv_success after_eap_success after_eap_success deauthentication]
Aug 13, 2025 4:34:41 PM de.learnlib.logging.LearnLogger logQuery
INFO: [ε | success_request_with_credentials tlv_request eap_success eap_success success_and_cryptobinding / ε | success_response_v0 tlv_success after_eap_success after_eap_success deauthentication]
Aug 13, 2025 4:34:45 PM de.learnlib.logging.LearnLogger logQuery
INFO: [ε | success_request_with_credentials tlv_request eap_success eap_success success_request_with_credentials / ε | success_response_v0 tlv_success after_eap_success after_eap_success deauthentication]
Aug 13, 2025 4:34:48 PM de.learnlib.logging.LearnLogger logQuery
INFO: [ε | success_request_with_credentials tlv_request eap_success eap_success success_request_all_zeros / ε | success_response_v0 tlv_success after_eap_success after_eap_success deauthentication]
Aug 13, 2025 4:34:52 PM de.learnlib.logging.LearnLogger logQuery
INFO: [ε | success_request_with_credentials tlv_request eap_success eap_success tlv_failure / ε | success_response_v0 tlv_success after_eap_success after_eap_success deauthentication]
Aug 13, 2025 4:34:55 PM de.learnlib.logging.LearnLogger logQuery
INFO: [ε | success_request_with_credentials tlv_request eap_success eap_success tlv_request / ε | success_response_v0 tlv_success after_eap_success after_eap_success deauthentication]
Aug 13, 2025 4:34:58 PM de.learnlib.logging.LearnLogger logQuery
INFO: [ε | success_request_with_credentials tlv_request eap_success eap_success challenge_v0 / ε | success_response_v0 tlv_success after_eap_success after_eap_success deauthentication]
Aug 13, 2025 4:35:02 PM de.learnlib.logging.LearnLogger logQuery
INFO: [ε | success_request_with_credentials tlv_request eap_success eap_success id_request_v0 / ε | success_response_v0 tlv_success after_eap_success after_eap_success deauthentication]
Aug 13, 2025 4:35:02 PM de.learnlib.logging.LearnLogger logQuery
INFO: DB CACHE [ε | success_request_with_credentials tlv_request eap_success cryptobinding 4_way_message_1 /  success_response_v0 tlv_success after_eap_success deauthentication -]
Aug 13, 2025 4:35:02 PM de.learnlib.logging.LearnLogger logQuery
INFO: DB CACHE [ε | success_request_with_credentials tlv_request eap_success cryptobinding eap_success /  success_response_v0 tlv_success after_eap_success deauthentication -]
Aug 13, 2025 4:35:02 PM de.learnlib.logging.LearnLogger logQuery
INFO: DB CACHE [ε | success_request_with_credentials tlv_request eap_success cryptobinding cryptobinding /  success_response_v0 tlv_success after_eap_success deauthentication -]
Aug 13, 2025 4:35:02 PM de.learnlib.logging.LearnLogger logQuery
INFO: DB CACHE [ε | success_request_with_credentials tlv_request eap_success cryptobinding success_and_cryptobinding /  success_response_v0 tlv_success after_eap_success deauthentication -]
Aug 13, 2025 4:35:02 PM de.learnlib.logging.LearnLogger logQuery
INFO: DB CACHE [ε | success_request_with_credentials tlv_request eap_success cryptobinding success_request_with_credentials /  success_response_v0 tlv_success after_eap_success deauthentication -]
Aug 13, 2025 4:35:02 PM de.learnlib.logging.LearnLogger logQuery
INFO: DB CACHE [ε | success_request_with_credentials tlv_request eap_success cryptobinding success_request_all_zeros /  success_response_v0 tlv_success after_eap_success deauthentication -]
Aug 13, 2025 4:35:02 PM de.learnlib.logging.LearnLogger logQuery
INFO: DB CACHE [ε | success_request_with_credentials tlv_request eap_success cryptobinding tlv_failure /  success_response_v0 tlv_success after_eap_success deauthentication -]
Aug 13, 2025 4:35:02 PM de.learnlib.logging.LearnLogger logQuery
INFO: DB CACHE [ε | success_request_with_credentials tlv_request eap_success cryptobinding tlv_request /  success_response_v0 tlv_success after_eap_success deauthentication -]
Aug 13, 2025 4:35:02 PM de.learnlib.logging.LearnLogger logQuery
INFO: DB CACHE [ε | success_request_with_credentials tlv_request eap_success cryptobinding challenge_v0 /  success_response_v0 tlv_success after_eap_success deauthentication -]
Aug 13, 2025 4:35:02 PM de.learnlib.logging.LearnLogger logQuery
INFO: DB CACHE [ε | success_request_with_credentials tlv_request eap_success cryptobinding id_request_v0 /  success_response_v0 tlv_success after_eap_success deauthentication -]
Aug 13, 2025 4:35:02 PM de.learnlib.logging.LearnLogger logQuery
INFO: DB CACHE [ε | success_request_with_credentials tlv_request eap_success success_and_cryptobinding 4_way_message_1 /  success_response_v0 tlv_success after_eap_success deauthentication -]
Aug 13, 2025 4:35:02 PM de.learnlib.logging.LearnLogger logQuery
INFO: DB CACHE [ε | success_request_with_credentials tlv_request eap_success success_and_cryptobinding eap_success /  success_response_v0 tlv_success after_eap_success deauthentication -]
Aug 13, 2025 4:35:02 PM de.learnlib.logging.LearnLogger logQuery
INFO: DB CACHE [ε | success_request_with_credentials tlv_request eap_success success_and_cryptobinding cryptobinding /  success_response_v0 tlv_success after_eap_success deauthentication -]
Aug 13, 2025 4:35:02 PM de.learnlib.logging.LearnLogger logQuery
INFO: DB CACHE [ε | success_request_with_credentials tlv_request eap_success success_and_cryptobinding success_and_cryptobinding /  success_response_v0 tlv_success after_eap_success deauthentication -]
Aug 13, 2025 4:35:02 PM de.learnlib.logging.LearnLogger logQuery
INFO: DB CACHE [ε | success_request_with_credentials tlv_request eap_success success_and_cryptobinding success_request_with_credentials /  success_response_v0 tlv_success after_eap_success deauthentication -]
Aug 13, 2025 4:35:02 PM de.learnlib.logging.LearnLogger logQuery
INFO: DB CACHE [ε | success_request_with_credentials tlv_request eap_success success_and_cryptobinding success_request_all_zeros /  success_response_v0 tlv_success after_eap_success deauthentication -]
Aug 13, 2025 4:35:02 PM de.learnlib.logging.LearnLogger logQuery
INFO: DB CACHE [ε | success_request_with_credentials tlv_request eap_success success_and_cryptobinding tlv_failure /  success_response_v0 tlv_success after_eap_success deauthentication -]
Aug 13, 2025 4:35:02 PM de.learnlib.logging.LearnLogger logQuery
INFO: DB CACHE [ε | success_request_with_credentials tlv_request eap_success success_and_cryptobinding tlv_request /  success_response_v0 tlv_success after_eap_success deauthentication -]
Aug 13, 2025 4:35:02 PM de.learnlib.logging.LearnLogger logQuery
INFO: DB CACHE [ε | success_request_with_credentials tlv_request eap_success success_and_cryptobinding challenge_v0 /  success_response_v0 tlv_success after_eap_success deauthentication -]
Aug 13, 2025 4:35:02 PM de.learnlib.logging.LearnLogger logQuery
INFO: DB CACHE [ε | success_request_with_credentials tlv_request eap_success success_and_cryptobinding id_request_v0 /  success_response_v0 tlv_success after_eap_success deauthentication -]
Aug 13, 2025 4:35:02 PM de.learnlib.logging.LearnLogger logQuery
INFO: DB CACHE [ε | success_request_with_credentials tlv_request eap_success success_request_with_credentials 4_way_message_1 /  success_response_v0 tlv_success after_eap_success deauthentication -]
Aug 13, 2025 4:35:02 PM de.learnlib.logging.LearnLogger logQuery
INFO: DB CACHE [ε | success_request_with_credentials tlv_request eap_success success_request_with_credentials eap_success /  success_response_v0 tlv_success after_eap_success deauthentication -]
Aug 13, 2025 4:35:02 PM de.learnlib.logging.LearnLogger logQuery
INFO: DB CACHE [ε | success_request_with_credentials tlv_request eap_success success_request_with_credentials cryptobinding /  success_response_v0 tlv_success after_eap_success deauthentication -]
Aug 13, 2025 4:35:02 PM de.learnlib.logging.LearnLogger logQuery
INFO: DB CACHE [ε | success_request_with_credentials tlv_request eap_success success_request_with_credentials success_and_cryptobinding /  success_response_v0 tlv_success after_eap_success deauthentication -]
Aug 13, 2025 4:35:02 PM de.learnlib.logging.LearnLogger logQuery
INFO: DB CACHE [ε | success_request_with_credentials tlv_request eap_success success_request_with_credentials success_request_with_credentials /  success_response_v0 tlv_success after_eap_success deauthentication -]
Aug 13, 2025 4:35:02 PM de.learnlib.logging.LearnLogger logQuery
INFO: DB CACHE [ε | success_request_with_credentials tlv_request eap_success success_request_with_credentials success_request_all_zeros /  success_response_v0 tlv_success after_eap_success deauthentication -]
Aug 13, 2025 4:35:02 PM de.learnlib.logging.LearnLogger logQuery
INFO: DB CACHE [ε | success_request_with_credentials tlv_request eap_success success_request_with_credentials tlv_failure /  success_response_v0 tlv_success after_eap_success deauthentication -]
Aug 13, 2025 4:35:02 PM de.learnlib.logging.LearnLogger logQuery
INFO: DB CACHE [ε | success_request_with_credentials tlv_request eap_success success_request_with_credentials tlv_request /  success_response_v0 tlv_success after_eap_success deauthentication -]
Aug 13, 2025 4:35:02 PM de.learnlib.logging.LearnLogger logQuery
INFO: DB CACHE [ε | success_request_with_credentials tlv_request eap_success success_request_with_credentials challenge_v0 /  success_response_v0 tlv_success after_eap_success deauthentication -]
Aug 13, 2025 4:35:02 PM de.learnlib.logging.LearnLogger logQuery
INFO: DB CACHE [ε | success_request_with_credentials tlv_request eap_success success_request_with_credentials id_request_v0 /  success_response_v0 tlv_success after_eap_success deauthentication -]
Aug 13, 2025 4:35:02 PM de.learnlib.logging.LearnLogger logQuery
INFO: DB CACHE [ε | success_request_with_credentials tlv_request eap_success success_request_all_zeros 4_way_message_1 /  success_response_v0 tlv_success after_eap_success deauthentication -]
Aug 13, 2025 4:35:02 PM de.learnlib.logging.LearnLogger logQuery
INFO: DB CACHE [ε | success_request_with_credentials tlv_request eap_success success_request_all_zeros eap_success /  success_response_v0 tlv_success after_eap_success deauthentication -]
Aug 13, 2025 4:35:02 PM de.learnlib.logging.LearnLogger logQuery
INFO: DB CACHE [ε | success_request_with_credentials tlv_request eap_success success_request_all_zeros cryptobinding /  success_response_v0 tlv_success after_eap_success deauthentication -]
Aug 13, 2025 4:35:02 PM de.learnlib.logging.LearnLogger logQuery
INFO: DB CACHE [ε | success_request_with_credentials tlv_request eap_success success_request_all_zeros success_and_cryptobinding /  success_response_v0 tlv_success after_eap_success deauthentication -]
Aug 13, 2025 4:35:02 PM de.learnlib.logging.LearnLogger logQuery
INFO: DB CACHE [ε | success_request_with_credentials tlv_request eap_success success_request_all_zeros success_request_with_credentials /  success_response_v0 tlv_success after_eap_success deauthentication -]
Aug 13, 2025 4:35:02 PM de.learnlib.logging.LearnLogger logQuery
INFO: DB CACHE [ε | success_request_with_credentials tlv_request eap_success success_request_all_zeros success_request_all_zeros /  success_response_v0 tlv_success after_eap_success deauthentication -]
Aug 13, 2025 4:35:02 PM de.learnlib.logging.LearnLogger logQuery
INFO: DB CACHE [ε | success_request_with_credentials tlv_request eap_success success_request_all_zeros tlv_failure /  success_response_v0 tlv_success after_eap_success deauthentication -]
Aug 13, 2025 4:35:02 PM de.learnlib.logging.LearnLogger logQuery
INFO: DB CACHE [ε | success_request_with_credentials tlv_request eap_success success_request_all_zeros tlv_request /  success_response_v0 tlv_success after_eap_success deauthentication -]
Aug 13, 2025 4:35:02 PM de.learnlib.logging.LearnLogger logQuery
INFO: DB CACHE [ε | success_request_with_credentials tlv_request eap_success success_request_all_zeros challenge_v0 /  success_response_v0 tlv_success after_eap_success deauthentication -]
Aug 13, 2025 4:35:02 PM de.learnlib.logging.LearnLogger logQuery
INFO: DB CACHE [ε | success_request_with_credentials tlv_request eap_success success_request_all_zeros id_request_v0 /  success_response_v0 tlv_success after_eap_success deauthentication -]
Aug 13, 2025 4:35:02 PM de.learnlib.logging.LearnLogger logQuery
INFO: DB CACHE [ε | success_request_with_credentials tlv_request eap_success tlv_failure 4_way_message_1 /  success_response_v0 tlv_success after_eap_success deauthentication -]
Aug 13, 2025 4:35:02 PM de.learnlib.logging.LearnLogger logQuery
INFO: DB CACHE [ε | success_request_with_credentials tlv_request eap_success tlv_failure eap_success /  success_response_v0 tlv_success after_eap_success deauthentication -]
Aug 13, 2025 4:35:02 PM de.learnlib.logging.LearnLogger logQuery
INFO: DB CACHE [ε | success_request_with_credentials tlv_request eap_success tlv_failure cryptobinding /  success_response_v0 tlv_success after_eap_success deauthentication -]
Aug 13, 2025 4:35:02 PM de.learnlib.logging.LearnLogger logQuery
INFO: DB CACHE [ε | success_request_with_credentials tlv_request eap_success tlv_failure success_and_cryptobinding /  success_response_v0 tlv_success after_eap_success deauthentication -]
Aug 13, 2025 4:35:02 PM de.learnlib.logging.LearnLogger logQuery
INFO: DB CACHE [ε | success_request_with_credentials tlv_request eap_success tlv_failure success_request_with_credentials /  success_response_v0 tlv_success after_eap_success deauthentication -]
Aug 13, 2025 4:35:02 PM de.learnlib.logging.LearnLogger logQuery
INFO: DB CACHE [ε | success_request_with_credentials tlv_request eap_success tlv_failure success_request_all_zeros /  success_response_v0 tlv_success after_eap_success deauthentication -]
Aug 13, 2025 4:35:02 PM de.learnlib.logging.LearnLogger logQuery
INFO: DB CACHE [ε | success_request_with_credentials tlv_request eap_success tlv_failure tlv_failure /  success_response_v0 tlv_success after_eap_success deauthentication -]
Aug 13, 2025 4:35:02 PM de.learnlib.logging.LearnLogger logQuery
INFO: DB CACHE [ε | success_request_with_credentials tlv_request eap_success tlv_failure tlv_request /  success_response_v0 tlv_success after_eap_success deauthentication -]
Aug 13, 2025 4:35:02 PM de.learnlib.logging.LearnLogger logQuery
INFO: DB CACHE [ε | success_request_with_credentials tlv_request eap_success tlv_failure challenge_v0 /  success_response_v0 tlv_success after_eap_success deauthentication -]
Aug 13, 2025 4:35:02 PM de.learnlib.logging.LearnLogger logQuery
INFO: DB CACHE [ε | success_request_with_credentials tlv_request eap_success tlv_failure id_request_v0 /  success_response_v0 tlv_success after_eap_success deauthentication -]
Aug 13, 2025 4:35:02 PM de.learnlib.logging.LearnLogger logQuery
INFO: DB CACHE [ε | success_request_with_credentials tlv_request eap_success tlv_request 4_way_message_1 /  success_response_v0 tlv_success after_eap_success deauthentication -]
Aug 13, 2025 4:35:02 PM de.learnlib.logging.LearnLogger logQuery
INFO: DB CACHE [ε | success_request_with_credentials tlv_request eap_success tlv_request eap_success /  success_response_v0 tlv_success after_eap_success deauthentication -]
Aug 13, 2025 4:35:02 PM de.learnlib.logging.LearnLogger logQuery
INFO: DB CACHE [ε | success_request_with_credentials tlv_request eap_success tlv_request cryptobinding /  success_response_v0 tlv_success after_eap_success deauthentication -]
Aug 13, 2025 4:35:02 PM de.learnlib.logging.LearnLogger logQuery
INFO: DB CACHE [ε | success_request_with_credentials tlv_request eap_success tlv_request success_and_cryptobinding /  success_response_v0 tlv_success after_eap_success deauthentication -]
Aug 13, 2025 4:35:02 PM de.learnlib.logging.LearnLogger logQuery
INFO: DB CACHE [ε | success_request_with_credentials tlv_request eap_success tlv_request success_request_with_credentials /  success_response_v0 tlv_success after_eap_success deauthentication -]
Aug 13, 2025 4:35:02 PM de.learnlib.logging.LearnLogger logQuery
INFO: DB CACHE [ε | success_request_with_credentials tlv_request eap_success tlv_request success_request_all_zeros /  success_response_v0 tlv_success after_eap_success deauthentication -]
Aug 13, 2025 4:35:02 PM de.learnlib.logging.LearnLogger logQuery
INFO: DB CACHE [ε | success_request_with_credentials tlv_request eap_success tlv_request tlv_failure /  success_response_v0 tlv_success after_eap_success deauthentication -]
Aug 13, 2025 4:35:02 PM de.learnlib.logging.LearnLogger logQuery
INFO: DB CACHE [ε | success_request_with_credentials tlv_request eap_success tlv_request tlv_request /  success_response_v0 tlv_success after_eap_success deauthentication -]
Aug 13, 2025 4:35:02 PM de.learnlib.logging.LearnLogger logQuery
INFO: DB CACHE [ε | success_request_with_credentials tlv_request eap_success tlv_request challenge_v0 /  success_response_v0 tlv_success after_eap_success deauthentication -]
Aug 13, 2025 4:35:02 PM de.learnlib.logging.LearnLogger logQuery
INFO: DB CACHE [ε | success_request_with_credentials tlv_request eap_success tlv_request id_request_v0 /  success_response_v0 tlv_success after_eap_success deauthentication -]
Aug 13, 2025 4:35:02 PM de.learnlib.logging.LearnLogger logQuery
INFO: DB CACHE [ε | success_request_with_credentials tlv_request eap_success challenge_v0 4_way_message_1 /  success_response_v0 tlv_success after_eap_success deauthentication -]
Aug 13, 2025 4:35:02 PM de.learnlib.logging.LearnLogger logQuery
INFO: DB CACHE [ε | success_request_with_credentials tlv_request eap_success challenge_v0 eap_success /  success_response_v0 tlv_success after_eap_success deauthentication -]
Aug 13, 2025 4:35:02 PM de.learnlib.logging.LearnLogger logQuery
INFO: DB CACHE [ε | success_request_with_credentials tlv_request eap_success challenge_v0 cryptobinding /  success_response_v0 tlv_success after_eap_success deauthentication -]
Aug 13, 2025 4:35:02 PM de.learnlib.logging.LearnLogger logQuery
INFO: DB CACHE [ε | success_request_with_credentials tlv_request eap_success challenge_v0 success_and_cryptobinding /  success_response_v0 tlv_success after_eap_success deauthentication -]
Aug 13, 2025 4:35:02 PM de.learnlib.logging.LearnLogger logQuery
INFO: DB CACHE [ε | success_request_with_credentials tlv_request eap_success challenge_v0 success_request_with_credentials /  success_response_v0 tlv_success after_eap_success deauthentication -]
Aug 13, 2025 4:35:02 PM de.learnlib.logging.LearnLogger logQuery
INFO: DB CACHE [ε | success_request_with_credentials tlv_request eap_success challenge_v0 success_request_all_zeros /  success_response_v0 tlv_success after_eap_success deauthentication -]
Aug 13, 2025 4:35:02 PM de.learnlib.logging.LearnLogger logQuery
INFO: DB CACHE [ε | success_request_with_credentials tlv_request eap_success challenge_v0 tlv_failure /  success_response_v0 tlv_success after_eap_success deauthentication -]
Aug 13, 2025 4:35:02 PM de.learnlib.logging.LearnLogger logQuery
INFO: DB CACHE [ε | success_request_with_credentials tlv_request eap_success challenge_v0 tlv_request /  success_response_v0 tlv_success after_eap_success deauthentication -]
Aug 13, 2025 4:35:02 PM de.learnlib.logging.LearnLogger logQuery
INFO: DB CACHE [ε | success_request_with_credentials tlv_request eap_success challenge_v0 challenge_v0 /  success_response_v0 tlv_success after_eap_success deauthentication -]
Aug 13, 2025 4:35:02 PM de.learnlib.logging.LearnLogger logQuery
INFO: DB CACHE [ε | success_request_with_credentials tlv_request eap_success challenge_v0 id_request_v0 /  success_response_v0 tlv_success after_eap_success deauthentication -]
Aug 13, 2025 4:35:02 PM de.learnlib.logging.LearnLogger logQuery
INFO: DB CACHE [ε | success_request_with_credentials tlv_request eap_success id_request_v0 4_way_message_1 /  success_response_v0 tlv_success after_eap_success deauthentication -]
Aug 13, 2025 4:35:02 PM de.learnlib.logging.LearnLogger logQuery
INFO: DB CACHE [ε | success_request_with_credentials tlv_request eap_success id_request_v0 eap_success /  success_response_v0 tlv_success after_eap_success deauthentication -]
Aug 13, 2025 4:35:02 PM de.learnlib.logging.LearnLogger logQuery
INFO: DB CACHE [ε | success_request_with_credentials tlv_request eap_success id_request_v0 cryptobinding /  success_response_v0 tlv_success after_eap_success deauthentication -]
Aug 13, 2025 4:35:02 PM de.learnlib.logging.LearnLogger logQuery
INFO: DB CACHE [ε | success_request_with_credentials tlv_request eap_success id_request_v0 success_and_cryptobinding /  success_response_v0 tlv_success after_eap_success deauthentication -]
Aug 13, 2025 4:35:02 PM de.learnlib.logging.LearnLogger logQuery
INFO: DB CACHE [ε | success_request_with_credentials tlv_request eap_success id_request_v0 success_request_with_credentials /  success_response_v0 tlv_success after_eap_success deauthentication -]
Aug 13, 2025 4:35:02 PM de.learnlib.logging.LearnLogger logQuery
INFO: DB CACHE [ε | success_request_with_credentials tlv_request eap_success id_request_v0 success_request_all_zeros /  success_response_v0 tlv_success after_eap_success deauthentication -]
Aug 13, 2025 4:35:02 PM de.learnlib.logging.LearnLogger logQuery
INFO: DB CACHE [ε | success_request_with_credentials tlv_request eap_success id_request_v0 tlv_failure /  success_response_v0 tlv_success after_eap_success deauthentication -]
Aug 13, 2025 4:35:02 PM de.learnlib.logging.LearnLogger logQuery
INFO: DB CACHE [ε | success_request_with_credentials tlv_request eap_success id_request_v0 tlv_request /  success_response_v0 tlv_success after_eap_success deauthentication -]
Aug 13, 2025 4:35:02 PM de.learnlib.logging.LearnLogger logQuery
INFO: DB CACHE [ε | success_request_with_credentials tlv_request eap_success id_request_v0 challenge_v0 /  success_response_v0 tlv_success after_eap_success deauthentication -]
Aug 13, 2025 4:35:02 PM de.learnlib.logging.LearnLogger logQuery
INFO: DB CACHE [ε | success_request_with_credentials tlv_request eap_success id_request_v0 id_request_v0 /  success_response_v0 tlv_success after_eap_success deauthentication -]
Aug 13, 2025 4:41:13 PM de.learnlib.logging.LearnLogger logQuery
INFO: DB CACHE [ε | success_request_with_credentials challenge_v0 4_way_message_1 4_way_message_1 /  success_response_v0 challenge_response_v0 no_reply -]
Aug 13, 2025 4:41:13 PM de.learnlib.logging.LearnLogger logQuery
INFO: DB CACHE [ε | success_request_with_credentials challenge_v0 4_way_message_1 eap_success /  success_response_v0 challenge_response_v0 no_reply -]
Aug 13, 2025 4:41:13 PM de.learnlib.logging.LearnLogger logQuery
INFO: DB CACHE [ε | success_request_with_credentials challenge_v0 4_way_message_1 cryptobinding /  success_response_v0 challenge_response_v0 no_reply -]
Aug 13, 2025 4:41:13 PM de.learnlib.logging.LearnLogger logQuery
INFO: DB CACHE [ε | success_request_with_credentials challenge_v0 4_way_message_1 success_and_cryptobinding /  success_response_v0 challenge_response_v0 no_reply -]
Aug 13, 2025 4:41:13 PM de.learnlib.logging.LearnLogger logQuery
INFO: DB CACHE [ε | success_request_with_credentials challenge_v0 4_way_message_1 success_request_with_credentials /  success_response_v0 challenge_response_v0 no_reply -]
Aug 13, 2025 4:41:13 PM de.learnlib.logging.LearnLogger logQuery
INFO: DB CACHE [ε | success_request_with_credentials challenge_v0 4_way_message_1 success_request_all_zeros /  success_response_v0 challenge_response_v0 no_reply -]
Aug 13, 2025 4:41:13 PM de.learnlib.logging.LearnLogger logQuery
INFO: DB CACHE [ε | success_request_with_credentials challenge_v0 4_way_message_1 tlv_failure /  success_response_v0 challenge_response_v0 no_reply -]
Aug 13, 2025 4:41:13 PM de.learnlib.logging.LearnLogger logQuery
INFO: DB CACHE [ε | success_request_with_credentials challenge_v0 4_way_message_1 tlv_request /  success_response_v0 challenge_response_v0 no_reply -]
Aug 13, 2025 4:41:13 PM de.learnlib.logging.LearnLogger logQuery
INFO: DB CACHE [ε | success_request_with_credentials challenge_v0 4_way_message_1 challenge_v0 /  success_response_v0 challenge_response_v0 no_reply -]
Aug 13, 2025 4:41:13 PM de.learnlib.logging.LearnLogger logQuery
INFO: DB CACHE [ε | success_request_with_credentials challenge_v0 4_way_message_1 id_request_v0 /  success_response_v0 challenge_response_v0 no_reply -]
Aug 13, 2025 4:41:17 PM de.learnlib.logging.LearnLogger logQuery
INFO: [ε | success_request_with_credentials challenge_v0 eap_success 4_way_message_1 / ε | success_response_v0 challenge_response_v0 after_eap_success no_reply]
Aug 13, 2025 4:41:20 PM de.learnlib.logging.LearnLogger logQuery
INFO: [ε | success_request_with_credentials challenge_v0 eap_success eap_success / ε | success_response_v0 challenge_response_v0 after_eap_success after_eap_success]
Aug 13, 2025 4:41:23 PM de.learnlib.logging.LearnLogger logQuery
INFO: [ε | success_request_with_credentials challenge_v0 eap_success cryptobinding / ε | success_response_v0 challenge_response_v0 after_eap_success no_reply]
Aug 13, 2025 4:41:27 PM de.learnlib.logging.LearnLogger logQuery
INFO: [ε | success_request_with_credentials challenge_v0 eap_success success_and_cryptobinding / ε | success_response_v0 challenge_response_v0 after_eap_success no_reply]
Aug 13, 2025 4:41:30 PM de.learnlib.logging.LearnLogger logQuery
INFO: [ε | success_request_with_credentials challenge_v0 eap_success success_request_with_credentials / ε | success_response_v0 challenge_response_v0 after_eap_success success_response_v0]
Aug 13, 2025 4:41:32 PM de.learnlib.logging.LearnLogger logQuery
INFO: [ε | success_request_with_credentials challenge_v0 eap_success success_request_all_zeros / ε | success_response_v0 challenge_response_v0 after_eap_success encrypted_alert]
Aug 13, 2025 4:41:35 PM de.learnlib.logging.LearnLogger logQuery
INFO: [ε | success_request_with_credentials challenge_v0 eap_success tlv_failure / ε | success_response_v0 challenge_response_v0 after_eap_success tlv_failureencrypted_alert]
Aug 13, 2025 4:41:38 PM de.learnlib.logging.LearnLogger logQuery
INFO: [ε | success_request_with_credentials challenge_v0 eap_success tlv_request / ε | success_response_v0 challenge_response_v0 after_eap_success tlv_success]
Aug 13, 2025 4:41:41 PM de.learnlib.logging.LearnLogger logQuery
INFO: [ε | success_request_with_credentials challenge_v0 eap_success challenge_v0 / ε | success_response_v0 challenge_response_v0 after_eap_success challenge_response_v0]
Aug 13, 2025 4:41:44 PM de.learnlib.logging.LearnLogger logQuery
INFO: [ε | success_request_with_credentials challenge_v0 eap_success id_request_v0 / ε | success_response_v0 challenge_response_v0 after_eap_success id_response_v0]
Aug 13, 2025 4:41:44 PM de.learnlib.logging.LearnLogger logQuery
INFO: DB CACHE [ε | success_request_with_credentials challenge_v0 cryptobinding 4_way_message_1 /  success_response_v0 challenge_response_v0 no_reply -]
Aug 13, 2025 4:41:44 PM de.learnlib.logging.LearnLogger logQuery
INFO: DB CACHE [ε | success_request_with_credentials challenge_v0 cryptobinding eap_success /  success_response_v0 challenge_response_v0 no_reply -]
Aug 13, 2025 4:41:44 PM de.learnlib.logging.LearnLogger logQuery
INFO: DB CACHE [ε | success_request_with_credentials challenge_v0 cryptobinding cryptobinding /  success_response_v0 challenge_response_v0 no_reply -]
Aug 13, 2025 4:41:44 PM de.learnlib.logging.LearnLogger logQuery
INFO: DB CACHE [ε | success_request_with_credentials challenge_v0 cryptobinding success_and_cryptobinding /  success_response_v0 challenge_response_v0 no_reply -]
Aug 13, 2025 4:41:44 PM de.learnlib.logging.LearnLogger logQuery
INFO: DB CACHE [ε | success_request_with_credentials challenge_v0 cryptobinding success_request_with_credentials /  success_response_v0 challenge_response_v0 no_reply -]
Aug 13, 2025 4:41:44 PM de.learnlib.logging.LearnLogger logQuery
INFO: DB CACHE [ε | success_request_with_credentials challenge_v0 cryptobinding success_request_all_zeros /  success_response_v0 challenge_response_v0 no_reply -]
Aug 13, 2025 4:41:44 PM de.learnlib.logging.LearnLogger logQuery
INFO: DB CACHE [ε | success_request_with_credentials challenge_v0 cryptobinding tlv_failure /  success_response_v0 challenge_response_v0 no_reply -]
Aug 13, 2025 4:41:44 PM de.learnlib.logging.LearnLogger logQuery
INFO: DB CACHE [ε | success_request_with_credentials challenge_v0 cryptobinding tlv_request /  success_response_v0 challenge_response_v0 no_reply -]
Aug 13, 2025 4:41:44 PM de.learnlib.logging.LearnLogger logQuery
INFO: DB CACHE [ε | success_request_with_credentials challenge_v0 cryptobinding challenge_v0 /  success_response_v0 challenge_response_v0 no_reply -]
Aug 13, 2025 4:41:44 PM de.learnlib.logging.LearnLogger logQuery
INFO: DB CACHE [ε | success_request_with_credentials challenge_v0 cryptobinding id_request_v0 /  success_response_v0 challenge_response_v0 no_reply -]
Aug 13, 2025 4:41:44 PM de.learnlib.logging.LearnLogger logQuery
INFO: DB CACHE [ε | success_request_with_credentials challenge_v0 success_and_cryptobinding 4_way_message_1 /  success_response_v0 challenge_response_v0 no_reply -]
Aug 13, 2025 4:41:44 PM de.learnlib.logging.LearnLogger logQuery
INFO: DB CACHE [ε | success_request_with_credentials challenge_v0 success_and_cryptobinding eap_success /  success_response_v0 challenge_response_v0 no_reply -]
Aug 13, 2025 4:41:44 PM de.learnlib.logging.LearnLogger logQuery
INFO: DB CACHE [ε | success_request_with_credentials challenge_v0 success_and_cryptobinding cryptobinding /  success_response_v0 challenge_response_v0 no_reply -]
Aug 13, 2025 4:41:44 PM de.learnlib.logging.LearnLogger logQuery
INFO: DB CACHE [ε | success_request_with_credentials challenge_v0 success_and_cryptobinding success_and_cryptobinding /  success_response_v0 challenge_response_v0 no_reply -]
Aug 13, 2025 4:41:44 PM de.learnlib.logging.LearnLogger logQuery
INFO: DB CACHE [ε | success_request_with_credentials challenge_v0 success_and_cryptobinding success_request_with_credentials /  success_response_v0 challenge_response_v0 no_reply -]
Aug 13, 2025 4:41:44 PM de.learnlib.logging.LearnLogger logQuery
INFO: DB CACHE [ε | success_request_with_credentials challenge_v0 success_and_cryptobinding success_request_all_zeros /  success_response_v0 challenge_response_v0 no_reply -]
Aug 13, 2025 4:41:44 PM de.learnlib.logging.LearnLogger logQuery
INFO: DB CACHE [ε | success_request_with_credentials challenge_v0 success_and_cryptobinding tlv_failure /  success_response_v0 challenge_response_v0 no_reply -]
Aug 13, 2025 4:41:44 PM de.learnlib.logging.LearnLogger logQuery
INFO: DB CACHE [ε | success_request_with_credentials challenge_v0 success_and_cryptobinding tlv_request /  success_response_v0 challenge_response_v0 no_reply -]
Aug 13, 2025 4:41:44 PM de.learnlib.logging.LearnLogger logQuery
INFO: DB CACHE [ε | success_request_with_credentials challenge_v0 success_and_cryptobinding challenge_v0 /  success_response_v0 challenge_response_v0 no_reply -]
Aug 13, 2025 4:41:44 PM de.learnlib.logging.LearnLogger logQuery
INFO: DB CACHE [ε | success_request_with_credentials challenge_v0 success_and_cryptobinding id_request_v0 /  success_response_v0 challenge_response_v0 no_reply -]
Aug 13, 2025 4:41:46 PM de.learnlib.logging.LearnLogger logQuery
INFO: [ε | success_request_with_credentials challenge_v0 success_request_with_credentials 4_way_message_1 4_way_message_1 / ε | success_response_v0 challenge_response_v0 success_response_v0 no_reply -]
Aug 13, 2025 4:41:49 PM de.learnlib.logging.LearnLogger logQuery
INFO: [ε | success_request_with_credentials challenge_v0 success_request_with_credentials 4_way_message_1 eap_success / ε | success_response_v0 challenge_response_v0 success_response_v0 no_reply -]
Aug 13, 2025 4:41:52 PM de.learnlib.logging.LearnLogger logQuery
INFO: [ε | success_request_with_credentials challenge_v0 success_request_with_credentials 4_way_message_1 cryptobinding / ε | success_response_v0 challenge_response_v0 success_response_v0 no_reply -]
Aug 13, 2025 4:41:55 PM de.learnlib.logging.LearnLogger logQuery
INFO: [ε | success_request_with_credentials challenge_v0 success_request_with_credentials 4_way_message_1 success_and_cryptobinding / ε | success_response_v0 challenge_response_v0 success_response_v0 no_reply -]
Aug 13, 2025 4:41:58 PM de.learnlib.logging.LearnLogger logQuery
INFO: [ε | success_request_with_credentials challenge_v0 success_request_with_credentials 4_way_message_1 success_request_with_credentials / ε | success_response_v0 challenge_response_v0 success_response_v0 no_reply -]
Aug 13, 2025 4:42:01 PM de.learnlib.logging.LearnLogger logQuery
INFO: [ε | success_request_with_credentials challenge_v0 success_request_with_credentials 4_way_message_1 success_request_all_zeros / ε | success_response_v0 challenge_response_v0 success_response_v0 no_reply -]
Aug 13, 2025 4:42:04 PM de.learnlib.logging.LearnLogger logQuery
INFO: [ε | success_request_with_credentials challenge_v0 success_request_with_credentials 4_way_message_1 tlv_failure / ε | success_response_v0 challenge_response_v0 success_response_v0 no_reply -]
Aug 13, 2025 4:42:06 PM de.learnlib.logging.LearnLogger logQuery
INFO: [ε | success_request_with_credentials challenge_v0 success_request_with_credentials 4_way_message_1 tlv_request / ε | success_response_v0 challenge_response_v0 success_response_v0 no_reply -]
Aug 13, 2025 4:42:09 PM de.learnlib.logging.LearnLogger logQuery
INFO: [ε | success_request_with_credentials challenge_v0 success_request_with_credentials 4_way_message_1 challenge_v0 / ε | success_response_v0 challenge_response_v0 success_response_v0 no_reply -]
Aug 13, 2025 4:42:12 PM de.learnlib.logging.LearnLogger logQuery
INFO: [ε | success_request_with_credentials challenge_v0 success_request_with_credentials 4_way_message_1 id_request_v0 / ε | success_response_v0 challenge_response_v0 success_response_v0 no_reply -]
Aug 13, 2025 4:42:15 PM de.learnlib.logging.LearnLogger logQuery
INFO: [ε | success_request_with_credentials challenge_v0 success_request_with_credentials eap_success 4_way_message_1 / ε | success_response_v0 challenge_response_v0 success_response_v0 after_eap_success no_reply]
Aug 13, 2025 4:42:19 PM de.learnlib.logging.LearnLogger logQuery
INFO: [ε | success_request_with_credentials challenge_v0 success_request_with_credentials eap_success eap_success / ε | success_response_v0 challenge_response_v0 success_response_v0 after_eap_success after_eap_success]
Aug 13, 2025 4:42:22 PM de.learnlib.logging.LearnLogger logQuery
INFO: [ε | success_request_with_credentials challenge_v0 success_request_with_credentials eap_success cryptobinding / ε | success_response_v0 challenge_response_v0 success_response_v0 after_eap_success tlv_cryptobindingencrypted_alert]
Aug 13, 2025 4:42:25 PM de.learnlib.logging.LearnLogger logQuery
INFO: [ε | success_request_with_credentials challenge_v0 success_request_with_credentials eap_success success_and_cryptobinding / ε | success_response_v0 challenge_response_v0 success_response_v0 after_eap_success tlv_success_and_cryptobinding]
Aug 13, 2025 4:42:27 PM de.learnlib.logging.LearnLogger logQuery
INFO: [ε | success_request_with_credentials challenge_v0 success_request_with_credentials eap_success success_request_with_credentials / ε | success_response_v0 challenge_response_v0 success_response_v0 after_eap_success success_response_v0]
Aug 13, 2025 4:42:30 PM de.learnlib.logging.LearnLogger logQuery
INFO: [ε | success_request_with_credentials challenge_v0 success_request_with_credentials eap_success success_request_all_zeros / ε | success_response_v0 challenge_response_v0 success_response_v0 after_eap_success encrypted_alert]
Aug 13, 2025 4:42:33 PM de.learnlib.logging.LearnLogger logQuery
INFO: [ε | success_request_with_credentials challenge_v0 success_request_with_credentials eap_success tlv_failure / ε | success_response_v0 challenge_response_v0 success_response_v0 after_eap_success tlv_failureencrypted_alert]
Aug 13, 2025 4:42:36 PM de.learnlib.logging.LearnLogger logQuery
INFO: [ε | success_request_with_credentials challenge_v0 success_request_with_credentials eap_success tlv_request / ε | success_response_v0 challenge_response_v0 success_response_v0 after_eap_success tlv_success]
Aug 13, 2025 4:42:39 PM de.learnlib.logging.LearnLogger logQuery
INFO: [ε | success_request_with_credentials challenge_v0 success_request_with_credentials eap_success challenge_v0 / ε | success_response_v0 challenge_response_v0 success_response_v0 after_eap_success challenge_response_v0]
Aug 13, 2025 4:42:41 PM de.learnlib.logging.LearnLogger logQuery
INFO: [ε | success_request_with_credentials challenge_v0 success_request_with_credentials eap_success id_request_v0 / ε | success_response_v0 challenge_response_v0 success_response_v0 after_eap_success id_response_v0]
Aug 13, 2025 4:42:44 PM de.learnlib.logging.LearnLogger logQuery
INFO: [ε | success_request_with_credentials challenge_v0 success_request_with_credentials cryptobinding 4_way_message_1 / ε | success_response_v0 challenge_response_v0 success_response_v0 tlv_cryptobindingencrypted_alert -]
Aug 13, 2025 4:42:46 PM de.learnlib.logging.LearnLogger logQuery
INFO: [ε | success_request_with_credentials challenge_v0 success_request_with_credentials cryptobinding eap_success / ε | success_response_v0 challenge_response_v0 success_response_v0 tlv_cryptobindingencrypted_alert -]
Aug 13, 2025 4:42:48 PM de.learnlib.logging.LearnLogger logQuery
INFO: [ε | success_request_with_credentials challenge_v0 success_request_with_credentials cryptobinding cryptobinding / ε | success_response_v0 challenge_response_v0 success_response_v0 tlv_cryptobindingencrypted_alert -]
Aug 13, 2025 4:42:50 PM de.learnlib.logging.LearnLogger logQuery
INFO: [ε | success_request_with_credentials challenge_v0 success_request_with_credentials cryptobinding success_and_cryptobinding / ε | success_response_v0 challenge_response_v0 success_response_v0 tlv_cryptobindingencrypted_alert -]
Aug 13, 2025 4:42:53 PM de.learnlib.logging.LearnLogger logQuery
INFO: [ε | success_request_with_credentials challenge_v0 success_request_with_credentials cryptobinding success_request_with_credentials / ε | success_response_v0 challenge_response_v0 success_response_v0 tlv_cryptobindingencrypted_alert -]
Aug 13, 2025 4:42:55 PM de.learnlib.logging.LearnLogger logQuery
INFO: [ε | success_request_with_credentials challenge_v0 success_request_with_credentials cryptobinding success_request_all_zeros / ε | success_response_v0 challenge_response_v0 success_response_v0 tlv_cryptobindingencrypted_alert -]
Aug 13, 2025 4:42:57 PM de.learnlib.logging.LearnLogger logQuery
INFO: [ε | success_request_with_credentials challenge_v0 success_request_with_credentials cryptobinding tlv_failure / ε | success_response_v0 challenge_response_v0 success_response_v0 tlv_cryptobindingencrypted_alert -]
Aug 13, 2025 4:42:59 PM de.learnlib.logging.LearnLogger logQuery
INFO: [ε | success_request_with_credentials challenge_v0 success_request_with_credentials cryptobinding tlv_request / ε | success_response_v0 challenge_response_v0 success_response_v0 tlv_cryptobindingencrypted_alert -]
Aug 13, 2025 4:43:02 PM de.learnlib.logging.LearnLogger logQuery
INFO: [ε | success_request_with_credentials challenge_v0 success_request_with_credentials cryptobinding challenge_v0 / ε | success_response_v0 challenge_response_v0 success_response_v0 tlv_cryptobindingencrypted_alert -]
Aug 13, 2025 4:43:04 PM de.learnlib.logging.LearnLogger logQuery
INFO: [ε | success_request_with_credentials challenge_v0 success_request_with_credentials cryptobinding id_request_v0 / ε | success_response_v0 challenge_response_v0 success_response_v0 tlv_cryptobindingencrypted_alert -]
Aug 13, 2025 4:43:06 PM de.learnlib.logging.LearnLogger logQuery
INFO: [ε | success_request_with_credentials challenge_v0 success_request_with_credentials success_and_cryptobinding 4_way_message_1 4_way_message_1 / ε | success_response_v0 challenge_response_v0 success_response_v0 tlv_success_and_cryptobinding 4_way_message_2 -]
Aug 13, 2025 4:43:09 PM de.learnlib.logging.LearnLogger logQuery
INFO: [ε | success_request_with_credentials challenge_v0 success_request_with_credentials success_and_cryptobinding 4_way_message_1 eap_success / ε | success_response_v0 challenge_response_v0 success_response_v0 tlv_success_and_cryptobinding 4_way_message_2 -]
Aug 13, 2025 4:43:11 PM de.learnlib.logging.LearnLogger logQuery
INFO: [ε | success_request_with_credentials challenge_v0 success_request_with_credentials success_and_cryptobinding 4_way_message_1 cryptobinding / ε | success_response_v0 challenge_response_v0 success_response_v0 tlv_success_and_cryptobinding 4_way_message_2 -]
Aug 13, 2025 4:43:13 PM de.learnlib.logging.LearnLogger logQuery
INFO: [ε | success_request_with_credentials challenge_v0 success_request_with_credentials success_and_cryptobinding 4_way_message_1 success_and_cryptobinding / ε | success_response_v0 challenge_response_v0 success_response_v0 tlv_success_and_cryptobinding 4_way_message_2 -]
Aug 13, 2025 4:43:16 PM de.learnlib.logging.LearnLogger logQuery
INFO: [ε | success_request_with_credentials challenge_v0 success_request_with_credentials success_and_cryptobinding 4_way_message_1 success_request_with_credentials / ε | success_response_v0 challenge_response_v0 success_response_v0 tlv_success_and_cryptobinding 4_way_message_2 -]
Aug 13, 2025 4:43:18 PM de.learnlib.logging.LearnLogger logQuery
INFO: [ε | success_request_with_credentials challenge_v0 success_request_with_credentials success_and_cryptobinding 4_way_message_1 success_request_all_zeros / ε | success_response_v0 challenge_response_v0 success_response_v0 tlv_success_and_cryptobinding 4_way_message_2 -]
Aug 13, 2025 4:43:20 PM de.learnlib.logging.LearnLogger logQuery
INFO: [ε | success_request_with_credentials challenge_v0 success_request_with_credentials success_and_cryptobinding 4_way_message_1 tlv_failure / ε | success_response_v0 challenge_response_v0 success_response_v0 tlv_success_and_cryptobinding 4_way_message_2 -]
Aug 13, 2025 4:43:23 PM de.learnlib.logging.LearnLogger logQuery
INFO: [ε | success_request_with_credentials challenge_v0 success_request_with_credentials success_and_cryptobinding 4_way_message_1 tlv_request / ε | success_response_v0 challenge_response_v0 success_response_v0 tlv_success_and_cryptobinding 4_way_message_2 -]
Aug 13, 2025 4:43:25 PM de.learnlib.logging.LearnLogger logQuery
INFO: [ε | success_request_with_credentials challenge_v0 success_request_with_credentials success_and_cryptobinding 4_way_message_1 challenge_v0 / ε | success_response_v0 challenge_response_v0 success_response_v0 tlv_success_and_cryptobinding 4_way_message_2 -]
Aug 13, 2025 4:43:27 PM de.learnlib.logging.LearnLogger logQuery
INFO: [ε | success_request_with_credentials challenge_v0 success_request_with_credentials success_and_cryptobinding 4_way_message_1 id_request_v0 / ε | success_response_v0 challenge_response_v0 success_response_v0 tlv_success_and_cryptobinding 4_way_message_2 -]
Aug 13, 2025 4:43:30 PM de.learnlib.logging.LearnLogger logQuery
INFO: [ε | success_request_with_credentials challenge_v0 success_request_with_credentials success_and_cryptobinding eap_success 4_way_message_1 / ε | success_response_v0 challenge_response_v0 success_response_v0 tlv_success_and_cryptobinding after_eap_success 4_way_message_2]
Aug 13, 2025 4:43:34 PM de.learnlib.logging.LearnLogger logQuery
INFO: [ε | success_request_with_credentials challenge_v0 success_request_with_credentials success_and_cryptobinding eap_success eap_success / ε | success_response_v0 challenge_response_v0 success_response_v0 tlv_success_and_cryptobinding after_eap_success after_eap_success]
Aug 13, 2025 4:43:36 PM de.learnlib.logging.LearnLogger logQuery
INFO: [ε | success_request_with_credentials challenge_v0 success_request_with_credentials success_and_cryptobinding eap_success cryptobinding / ε | success_response_v0 challenge_response_v0 success_response_v0 tlv_success_and_cryptobinding after_eap_success deauthentication]
Aug 13, 2025 4:43:39 PM de.learnlib.logging.LearnLogger logQuery
INFO: [ε | success_request_with_credentials challenge_v0 success_request_with_credentials success_and_cryptobinding eap_success success_and_cryptobinding / ε | success_response_v0 challenge_response_v0 success_response_v0 tlv_success_and_cryptobinding after_eap_success deauthentication]
Aug 13, 2025 4:43:42 PM de.learnlib.logging.LearnLogger logQuery
INFO: [ε | success_request_with_credentials challenge_v0 success_request_with_credentials success_and_cryptobinding eap_success success_request_with_credentials / ε | success_response_v0 challenge_response_v0 success_response_v0 tlv_success_and_cryptobinding after_eap_success deauthentication]
Aug 13, 2025 4:43:45 PM de.learnlib.logging.LearnLogger logQuery
INFO: [ε | success_request_with_credentials challenge_v0 success_request_with_credentials success_and_cryptobinding eap_success success_request_all_zeros / ε | success_response_v0 challenge_response_v0 success_response_v0 tlv_success_and_cryptobinding after_eap_success deauthentication]
Aug 13, 2025 4:43:48 PM de.learnlib.logging.LearnLogger logQuery
INFO: [ε | success_request_with_credentials challenge_v0 success_request_with_credentials success_and_cryptobinding eap_success tlv_failure / ε | success_response_v0 challenge_response_v0 success_response_v0 tlv_success_and_cryptobinding after_eap_success deauthentication]
Aug 13, 2025 4:43:51 PM de.learnlib.logging.LearnLogger logQuery
INFO: [ε | success_request_with_credentials challenge_v0 success_request_with_credentials success_and_cryptobinding eap_success tlv_request / ε | success_response_v0 challenge_response_v0 success_response_v0 tlv_success_and_cryptobinding after_eap_success deauthentication]
Aug 13, 2025 4:43:54 PM de.learnlib.logging.LearnLogger logQuery
INFO: [ε | success_request_with_credentials challenge_v0 success_request_with_credentials success_and_cryptobinding eap_success challenge_v0 / ε | success_response_v0 challenge_response_v0 success_response_v0 tlv_success_and_cryptobinding after_eap_success deauthentication]
Aug 13, 2025 4:43:57 PM de.learnlib.logging.LearnLogger logQuery
INFO: [ε | success_request_with_credentials challenge_v0 success_request_with_credentials success_and_cryptobinding eap_success id_request_v0 / ε | success_response_v0 challenge_response_v0 success_response_v0 tlv_success_and_cryptobinding after_eap_success deauthentication]
Aug 13, 2025 4:44:00 PM de.learnlib.logging.LearnLogger logQuery
INFO: [ε | success_request_with_credentials challenge_v0 success_request_with_credentials success_and_cryptobinding cryptobinding 4_way_message_1 / ε | success_response_v0 challenge_response_v0 success_response_v0 tlv_success_and_cryptobinding no_reply -]
Aug 13, 2025 4:44:03 PM de.learnlib.logging.LearnLogger logQuery
INFO: [ε | success_request_with_credentials challenge_v0 success_request_with_credentials success_and_cryptobinding cryptobinding eap_success / ε | success_response_v0 challenge_response_v0 success_response_v0 tlv_success_and_cryptobinding no_reply -]
Aug 13, 2025 4:44:06 PM de.learnlib.logging.LearnLogger logQuery
INFO: [ε | success_request_with_credentials challenge_v0 success_request_with_credentials success_and_cryptobinding cryptobinding cryptobinding / ε | success_response_v0 challenge_response_v0 success_response_v0 tlv_success_and_cryptobinding no_reply -]
Aug 13, 2025 4:44:08 PM de.learnlib.logging.LearnLogger logQuery
INFO: [ε | success_request_with_credentials challenge_v0 success_request_with_credentials success_and_cryptobinding cryptobinding success_and_cryptobinding / ε | success_response_v0 challenge_response_v0 success_response_v0 tlv_success_and_cryptobinding no_reply -]
Aug 13, 2025 4:44:11 PM de.learnlib.logging.LearnLogger logQuery
INFO: [ε | success_request_with_credentials challenge_v0 success_request_with_credentials success_and_cryptobinding cryptobinding success_request_with_credentials / ε | success_response_v0 challenge_response_v0 success_response_v0 tlv_success_and_cryptobinding no_reply -]
Aug 13, 2025 4:44:14 PM de.learnlib.logging.LearnLogger logQuery
INFO: [ε | success_request_with_credentials challenge_v0 success_request_with_credentials success_and_cryptobinding cryptobinding success_request_all_zeros / ε | success_response_v0 challenge_response_v0 success_response_v0 tlv_success_and_cryptobinding no_reply -]
Aug 13, 2025 4:44:17 PM de.learnlib.logging.LearnLogger logQuery
INFO: [ε | success_request_with_credentials challenge_v0 success_request_with_credentials success_and_cryptobinding cryptobinding tlv_failure / ε | success_response_v0 challenge_response_v0 success_response_v0 tlv_success_and_cryptobinding no_reply -]
Aug 13, 2025 4:44:19 PM de.learnlib.logging.LearnLogger logQuery
INFO: [ε | success_request_with_credentials challenge_v0 success_request_with_credentials success_and_cryptobinding cryptobinding tlv_request / ε | success_response_v0 challenge_response_v0 success_response_v0 tlv_success_and_cryptobinding no_reply -]
Aug 13, 2025 4:44:22 PM de.learnlib.logging.LearnLogger logQuery
INFO: [ε | success_request_with_credentials challenge_v0 success_request_with_credentials success_and_cryptobinding cryptobinding challenge_v0 / ε | success_response_v0 challenge_response_v0 success_response_v0 tlv_success_and_cryptobinding no_reply -]
Aug 13, 2025 4:44:25 PM de.learnlib.logging.LearnLogger logQuery
INFO: [ε | success_request_with_credentials challenge_v0 success_request_with_credentials success_and_cryptobinding cryptobinding id_request_v0 / ε | success_response_v0 challenge_response_v0 success_response_v0 tlv_success_and_cryptobinding no_reply -]
Aug 13, 2025 4:44:28 PM de.learnlib.logging.LearnLogger logQuery
INFO: [ε | success_request_with_credentials challenge_v0 success_request_with_credentials success_and_cryptobinding success_and_cryptobinding 4_way_message_1 / ε | success_response_v0 challenge_response_v0 success_response_v0 tlv_success_and_cryptobinding no_reply -]
Aug 13, 2025 4:44:31 PM de.learnlib.logging.LearnLogger logQuery
INFO: [ε | success_request_with_credentials challenge_v0 success_request_with_credentials success_and_cryptobinding success_and_cryptobinding eap_success / ε | success_response_v0 challenge_response_v0 success_response_v0 tlv_success_and_cryptobinding no_reply -]
Aug 13, 2025 4:44:33 PM de.learnlib.logging.LearnLogger logQuery
INFO: [ε | success_request_with_credentials challenge_v0 success_request_with_credentials success_and_cryptobinding success_and_cryptobinding cryptobinding / ε | success_response_v0 challenge_response_v0 success_response_v0 tlv_success_and_cryptobinding no_reply -]
Aug 13, 2025 4:44:36 PM de.learnlib.logging.LearnLogger logQuery
INFO: [ε | success_request_with_credentials challenge_v0 success_request_with_credentials success_and_cryptobinding success_and_cryptobinding success_and_cryptobinding / ε | success_response_v0 challenge_response_v0 success_response_v0 tlv_success_and_cryptobinding no_reply -]
Aug 13, 2025 4:44:39 PM de.learnlib.logging.LearnLogger logQuery
INFO: [ε | success_request_with_credentials challenge_v0 success_request_with_credentials success_and_cryptobinding success_and_cryptobinding success_request_with_credentials / ε | success_response_v0 challenge_response_v0 success_response_v0 tlv_success_and_cryptobinding no_reply -]
Aug 13, 2025 4:44:42 PM de.learnlib.logging.LearnLogger logQuery
INFO: [ε | success_request_with_credentials challenge_v0 success_request_with_credentials success_and_cryptobinding success_and_cryptobinding success_request_all_zeros / ε | success_response_v0 challenge_response_v0 success_response_v0 tlv_success_and_cryptobinding no_reply -]
Aug 13, 2025 4:44:44 PM de.learnlib.logging.LearnLogger logQuery
INFO: [ε | success_request_with_credentials challenge_v0 success_request_with_credentials success_and_cryptobinding success_and_cryptobinding tlv_failure / ε | success_response_v0 challenge_response_v0 success_response_v0 tlv_success_and_cryptobinding no_reply -]
Aug 13, 2025 4:44:47 PM de.learnlib.logging.LearnLogger logQuery
INFO: [ε | success_request_with_credentials challenge_v0 success_request_with_credentials success_and_cryptobinding success_and_cryptobinding tlv_request / ε | success_response_v0 challenge_response_v0 success_response_v0 tlv_success_and_cryptobinding no_reply -]
Aug 13, 2025 4:44:50 PM de.learnlib.logging.LearnLogger logQuery
INFO: [ε | success_request_with_credentials challenge_v0 success_request_with_credentials success_and_cryptobinding success_and_cryptobinding challenge_v0 / ε | success_response_v0 challenge_response_v0 success_response_v0 tlv_success_and_cryptobinding no_reply -]
Aug 13, 2025 4:44:53 PM de.learnlib.logging.LearnLogger logQuery
INFO: [ε | success_request_with_credentials challenge_v0 success_request_with_credentials success_and_cryptobinding success_and_cryptobinding id_request_v0 / ε | success_response_v0 challenge_response_v0 success_response_v0 tlv_success_and_cryptobinding no_reply -]
Aug 13, 2025 4:44:55 PM de.learnlib.logging.LearnLogger logQuery
INFO: [ε | success_request_with_credentials challenge_v0 success_request_with_credentials success_and_cryptobinding success_request_with_credentials 4_way_message_1 / ε | success_response_v0 challenge_response_v0 success_response_v0 tlv_success_and_cryptobinding no_reply -]
Aug 13, 2025 4:44:58 PM de.learnlib.logging.LearnLogger logQuery
INFO: [ε | success_request_with_credentials challenge_v0 success_request_with_credentials success_and_cryptobinding success_request_with_credentials eap_success / ε | success_response_v0 challenge_response_v0 success_response_v0 tlv_success_and_cryptobinding no_reply -]
Aug 13, 2025 4:45:01 PM de.learnlib.logging.LearnLogger logQuery
INFO: [ε | success_request_with_credentials challenge_v0 success_request_with_credentials success_and_cryptobinding success_request_with_credentials cryptobinding / ε | success_response_v0 challenge_response_v0 success_response_v0 tlv_success_and_cryptobinding no_reply -]
Aug 13, 2025 4:45:04 PM de.learnlib.logging.LearnLogger logQuery
INFO: [ε | success_request_with_credentials challenge_v0 success_request_with_credentials success_and_cryptobinding success_request_with_credentials success_and_cryptobinding / ε | success_response_v0 challenge_response_v0 success_response_v0 tlv_success_and_cryptobinding no_reply -]
Aug 13, 2025 4:45:07 PM de.learnlib.logging.LearnLogger logQuery
INFO: [ε | success_request_with_credentials challenge_v0 success_request_with_credentials success_and_cryptobinding success_request_with_credentials success_request_with_credentials / ε | success_response_v0 challenge_response_v0 success_response_v0 tlv_success_and_cryptobinding no_reply -]
Aug 13, 2025 4:45:09 PM de.learnlib.logging.LearnLogger logQuery
INFO: [ε | success_request_with_credentials challenge_v0 success_request_with_credentials success_and_cryptobinding success_request_with_credentials success_request_all_zeros / ε | success_response_v0 challenge_response_v0 success_response_v0 tlv_success_and_cryptobinding no_reply -]
Aug 13, 2025 4:45:12 PM de.learnlib.logging.LearnLogger logQuery
INFO: [ε | success_request_with_credentials challenge_v0 success_request_with_credentials success_and_cryptobinding success_request_with_credentials tlv_failure / ε | success_response_v0 challenge_response_v0 success_response_v0 tlv_success_and_cryptobinding no_reply -]
Aug 13, 2025 4:45:15 PM de.learnlib.logging.LearnLogger logQuery
INFO: [ε | success_request_with_credentials challenge_v0 success_request_with_credentials success_and_cryptobinding success_request_with_credentials tlv_request / ε | success_response_v0 challenge_response_v0 success_response_v0 tlv_success_and_cryptobinding no_reply -]
Aug 13, 2025 4:45:18 PM de.learnlib.logging.LearnLogger logQuery
INFO: [ε | success_request_with_credentials challenge_v0 success_request_with_credentials success_and_cryptobinding success_request_with_credentials challenge_v0 / ε | success_response_v0 challenge_response_v0 success_response_v0 tlv_success_and_cryptobinding no_reply -]
Aug 13, 2025 4:45:20 PM de.learnlib.logging.LearnLogger logQuery
INFO: [ε | success_request_with_credentials challenge_v0 success_request_with_credentials success_and_cryptobinding success_request_with_credentials id_request_v0 / ε | success_response_v0 challenge_response_v0 success_response_v0 tlv_success_and_cryptobinding no_reply -]
Aug 13, 2025 4:45:23 PM de.learnlib.logging.LearnLogger logQuery
INFO: [ε | success_request_with_credentials challenge_v0 success_request_with_credentials success_and_cryptobinding success_request_all_zeros 4_way_message_1 / ε | success_response_v0 challenge_response_v0 success_response_v0 tlv_success_and_cryptobinding no_reply -]
Aug 13, 2025 4:45:26 PM de.learnlib.logging.LearnLogger logQuery
INFO: [ε | success_request_with_credentials challenge_v0 success_request_with_credentials success_and_cryptobinding success_request_all_zeros eap_success / ε | success_response_v0 challenge_response_v0 success_response_v0 tlv_success_and_cryptobinding no_reply -]
Aug 13, 2025 4:45:29 PM de.learnlib.logging.LearnLogger logQuery
INFO: [ε | success_request_with_credentials challenge_v0 success_request_with_credentials success_and_cryptobinding success_request_all_zeros cryptobinding / ε | success_response_v0 challenge_response_v0 success_response_v0 tlv_success_and_cryptobinding no_reply -]
Aug 13, 2025 4:45:31 PM de.learnlib.logging.LearnLogger logQuery
INFO: [ε | success_request_with_credentials challenge_v0 success_request_with_credentials success_and_cryptobinding success_request_all_zeros success_and_cryptobinding / ε | success_response_v0 challenge_response_v0 success_response_v0 tlv_success_and_cryptobinding no_reply -]
Aug 13, 2025 4:45:34 PM de.learnlib.logging.LearnLogger logQuery
INFO: [ε | success_request_with_credentials challenge_v0 success_request_with_credentials success_and_cryptobinding success_request_all_zeros success_request_with_credentials / ε | success_response_v0 challenge_response_v0 success_response_v0 tlv_success_and_cryptobinding no_reply -]
Aug 13, 2025 4:45:37 PM de.learnlib.logging.LearnLogger logQuery
INFO: [ε | success_request_with_credentials challenge_v0 success_request_with_credentials success_and_cryptobinding success_request_all_zeros success_request_all_zeros / ε | success_response_v0 challenge_response_v0 success_response_v0 tlv_success_and_cryptobinding no_reply -]
Aug 13, 2025 4:45:40 PM de.learnlib.logging.LearnLogger logQuery
INFO: [ε | success_request_with_credentials challenge_v0 success_request_with_credentials success_and_cryptobinding success_request_all_zeros tlv_failure / ε | success_response_v0 challenge_response_v0 success_response_v0 tlv_success_and_cryptobinding no_reply -]
Aug 13, 2025 4:45:42 PM de.learnlib.logging.LearnLogger logQuery
INFO: [ε | success_request_with_credentials challenge_v0 success_request_with_credentials success_and_cryptobinding success_request_all_zeros tlv_request / ε | success_response_v0 challenge_response_v0 success_response_v0 tlv_success_and_cryptobinding no_reply -]
Aug 13, 2025 4:45:45 PM de.learnlib.logging.LearnLogger logQuery
INFO: [ε | success_request_with_credentials challenge_v0 success_request_with_credentials success_and_cryptobinding success_request_all_zeros challenge_v0 / ε | success_response_v0 challenge_response_v0 success_response_v0 tlv_success_and_cryptobinding no_reply -]
Aug 13, 2025 4:45:48 PM de.learnlib.logging.LearnLogger logQuery
INFO: [ε | success_request_with_credentials challenge_v0 success_request_with_credentials success_and_cryptobinding success_request_all_zeros id_request_v0 / ε | success_response_v0 challenge_response_v0 success_response_v0 tlv_success_and_cryptobinding no_reply -]
Aug 13, 2025 4:45:51 PM de.learnlib.logging.LearnLogger logQuery
INFO: [ε | success_request_with_credentials challenge_v0 success_request_with_credentials success_and_cryptobinding tlv_failure 4_way_message_1 / ε | success_response_v0 challenge_response_v0 success_response_v0 tlv_success_and_cryptobinding no_reply -]
Aug 13, 2025 4:45:54 PM de.learnlib.logging.LearnLogger logQuery
INFO: [ε | success_request_with_credentials challenge_v0 success_request_with_credentials success_and_cryptobinding tlv_failure eap_success / ε | success_response_v0 challenge_response_v0 success_response_v0 tlv_success_and_cryptobinding no_reply -]
Aug 13, 2025 4:45:56 PM de.learnlib.logging.LearnLogger logQuery
INFO: [ε | success_request_with_credentials challenge_v0 success_request_with_credentials success_and_cryptobinding tlv_failure cryptobinding / ε | success_response_v0 challenge_response_v0 success_response_v0 tlv_success_and_cryptobinding no_reply -]
Aug 13, 2025 4:45:59 PM de.learnlib.logging.LearnLogger logQuery
INFO: [ε | success_request_with_credentials challenge_v0 success_request_with_credentials success_and_cryptobinding tlv_failure success_and_cryptobinding / ε | success_response_v0 challenge_response_v0 success_response_v0 tlv_success_and_cryptobinding no_reply -]
Aug 13, 2025 4:46:02 PM de.learnlib.logging.LearnLogger logQuery
INFO: [ε | success_request_with_credentials challenge_v0 success_request_with_credentials success_and_cryptobinding tlv_failure success_request_with_credentials / ε | success_response_v0 challenge_response_v0 success_response_v0 tlv_success_and_cryptobinding no_reply -]
Aug 13, 2025 4:46:05 PM de.learnlib.logging.LearnLogger logQuery
INFO: [ε | success_request_with_credentials challenge_v0 success_request_with_credentials success_and_cryptobinding tlv_failure success_request_all_zeros / ε | success_response_v0 challenge_response_v0 success_response_v0 tlv_success_and_cryptobinding no_reply -]
Aug 13, 2025 4:46:07 PM de.learnlib.logging.LearnLogger logQuery
INFO: [ε | success_request_with_credentials challenge_v0 success_request_with_credentials success_and_cryptobinding tlv_failure tlv_failure / ε | success_response_v0 challenge_response_v0 success_response_v0 tlv_success_and_cryptobinding no_reply -]
Aug 13, 2025 4:46:10 PM de.learnlib.logging.LearnLogger logQuery
INFO: [ε | success_request_with_credentials challenge_v0 success_request_with_credentials success_and_cryptobinding tlv_failure tlv_request / ε | success_response_v0 challenge_response_v0 success_response_v0 tlv_success_and_cryptobinding no_reply -]
Aug 13, 2025 4:46:13 PM de.learnlib.logging.LearnLogger logQuery
INFO: [ε | success_request_with_credentials challenge_v0 success_request_with_credentials success_and_cryptobinding tlv_failure challenge_v0 / ε | success_response_v0 challenge_response_v0 success_response_v0 tlv_success_and_cryptobinding no_reply -]
Aug 13, 2025 4:46:16 PM de.learnlib.logging.LearnLogger logQuery
INFO: [ε | success_request_with_credentials challenge_v0 success_request_with_credentials success_and_cryptobinding tlv_failure id_request_v0 / ε | success_response_v0 challenge_response_v0 success_response_v0 tlv_success_and_cryptobinding no_reply -]
Aug 13, 2025 4:46:18 PM de.learnlib.logging.LearnLogger logQuery
INFO: [ε | success_request_with_credentials challenge_v0 success_request_with_credentials success_and_cryptobinding tlv_request 4_way_message_1 / ε | success_response_v0 challenge_response_v0 success_response_v0 tlv_success_and_cryptobinding no_reply -]
Aug 13, 2025 4:46:21 PM de.learnlib.logging.LearnLogger logQuery
INFO: [ε | success_request_with_credentials challenge_v0 success_request_with_credentials success_and_cryptobinding tlv_request eap_success / ε | success_response_v0 challenge_response_v0 success_response_v0 tlv_success_and_cryptobinding no_reply -]
Aug 13, 2025 4:46:24 PM de.learnlib.logging.LearnLogger logQuery
INFO: [ε | success_request_with_credentials challenge_v0 success_request_with_credentials success_and_cryptobinding tlv_request cryptobinding / ε | success_response_v0 challenge_response_v0 success_response_v0 tlv_success_and_cryptobinding no_reply -]
Aug 13, 2025 4:46:27 PM de.learnlib.logging.LearnLogger logQuery
INFO: [ε | success_request_with_credentials challenge_v0 success_request_with_credentials success_and_cryptobinding tlv_request success_and_cryptobinding / ε | success_response_v0 challenge_response_v0 success_response_v0 tlv_success_and_cryptobinding no_reply -]
Aug 13, 2025 4:46:29 PM de.learnlib.logging.LearnLogger logQuery
INFO: [ε | success_request_with_credentials challenge_v0 success_request_with_credentials success_and_cryptobinding tlv_request success_request_with_credentials / ε | success_response_v0 challenge_response_v0 success_response_v0 tlv_success_and_cryptobinding no_reply -]
Aug 13, 2025 4:46:32 PM de.learnlib.logging.LearnLogger logQuery
INFO: [ε | success_request_with_credentials challenge_v0 success_request_with_credentials success_and_cryptobinding tlv_request success_request_all_zeros / ε | success_response_v0 challenge_response_v0 success_response_v0 tlv_success_and_cryptobinding no_reply -]
Aug 13, 2025 4:46:35 PM de.learnlib.logging.LearnLogger logQuery
INFO: [ε | success_request_with_credentials challenge_v0 success_request_with_credentials success_and_cryptobinding tlv_request tlv_failure / ε | success_response_v0 challenge_response_v0 success_response_v0 tlv_success_and_cryptobinding no_reply -]
Aug 13, 2025 4:46:38 PM de.learnlib.logging.LearnLogger logQuery
INFO: [ε | success_request_with_credentials challenge_v0 success_request_with_credentials success_and_cryptobinding tlv_request tlv_request / ε | success_response_v0 challenge_response_v0 success_response_v0 tlv_success_and_cryptobinding no_reply -]
Aug 13, 2025 4:46:41 PM de.learnlib.logging.LearnLogger logQuery
INFO: [ε | success_request_with_credentials challenge_v0 success_request_with_credentials success_and_cryptobinding tlv_request challenge_v0 / ε | success_response_v0 challenge_response_v0 success_response_v0 tlv_success_and_cryptobinding no_reply -]
Aug 13, 2025 4:46:43 PM de.learnlib.logging.LearnLogger logQuery
INFO: [ε | success_request_with_credentials challenge_v0 success_request_with_credentials success_and_cryptobinding tlv_request id_request_v0 / ε | success_response_v0 challenge_response_v0 success_response_v0 tlv_success_and_cryptobinding no_reply -]
Aug 13, 2025 4:46:46 PM de.learnlib.logging.LearnLogger logQuery
INFO: [ε | success_request_with_credentials challenge_v0 success_request_with_credentials success_and_cryptobinding challenge_v0 4_way_message_1 / ε | success_response_v0 challenge_response_v0 success_response_v0 tlv_success_and_cryptobinding no_reply -]
Aug 13, 2025 4:46:49 PM de.learnlib.logging.LearnLogger logQuery
INFO: [ε | success_request_with_credentials challenge_v0 success_request_with_credentials success_and_cryptobinding challenge_v0 eap_success / ε | success_response_v0 challenge_response_v0 success_response_v0 tlv_success_and_cryptobinding no_reply -]
Aug 13, 2025 4:46:52 PM de.learnlib.logging.LearnLogger logQuery
INFO: [ε | success_request_with_credentials challenge_v0 success_request_with_credentials success_and_cryptobinding challenge_v0 cryptobinding / ε | success_response_v0 challenge_response_v0 success_response_v0 tlv_success_and_cryptobinding no_reply -]
Aug 13, 2025 4:46:54 PM de.learnlib.logging.LearnLogger logQuery
INFO: [ε | success_request_with_credentials challenge_v0 success_request_with_credentials success_and_cryptobinding challenge_v0 success_and_cryptobinding / ε | success_response_v0 challenge_response_v0 success_response_v0 tlv_success_and_cryptobinding no_reply -]
Aug 13, 2025 4:46:57 PM de.learnlib.logging.LearnLogger logQuery
INFO: [ε | success_request_with_credentials challenge_v0 success_request_with_credentials success_and_cryptobinding challenge_v0 success_request_with_credentials / ε | success_response_v0 challenge_response_v0 success_response_v0 tlv_success_and_cryptobinding no_reply -]
Aug 13, 2025 4:47:00 PM de.learnlib.logging.LearnLogger logQuery
INFO: [ε | success_request_with_credentials challenge_v0 success_request_with_credentials success_and_cryptobinding challenge_v0 success_request_all_zeros / ε | success_response_v0 challenge_response_v0 success_response_v0 tlv_success_and_cryptobinding no_reply -]
Aug 13, 2025 4:47:03 PM de.learnlib.logging.LearnLogger logQuery
INFO: [ε | success_request_with_credentials challenge_v0 success_request_with_credentials success_and_cryptobinding challenge_v0 tlv_failure / ε | success_response_v0 challenge_response_v0 success_response_v0 tlv_success_and_cryptobinding no_reply -]
Aug 13, 2025 4:47:05 PM de.learnlib.logging.LearnLogger logQuery
INFO: [ε | success_request_with_credentials challenge_v0 success_request_with_credentials success_and_cryptobinding challenge_v0 tlv_request / ε | success_response_v0 challenge_response_v0 success_response_v0 tlv_success_and_cryptobinding no_reply -]
Aug 13, 2025 4:47:08 PM de.learnlib.logging.LearnLogger logQuery
INFO: [ε | success_request_with_credentials challenge_v0 success_request_with_credentials success_and_cryptobinding challenge_v0 challenge_v0 / ε | success_response_v0 challenge_response_v0 success_response_v0 tlv_success_and_cryptobinding no_reply -]
Aug 13, 2025 4:47:11 PM de.learnlib.logging.LearnLogger logQuery
INFO: [ε | success_request_with_credentials challenge_v0 success_request_with_credentials success_and_cryptobinding challenge_v0 id_request_v0 / ε | success_response_v0 challenge_response_v0 success_response_v0 tlv_success_and_cryptobinding no_reply -]
Aug 13, 2025 4:47:14 PM de.learnlib.logging.LearnLogger logQuery
INFO: [ε | success_request_with_credentials challenge_v0 success_request_with_credentials success_and_cryptobinding id_request_v0 4_way_message_1 / ε | success_response_v0 challenge_response_v0 success_response_v0 tlv_success_and_cryptobinding no_reply -]
Aug 13, 2025 4:47:17 PM de.learnlib.logging.LearnLogger logQuery
INFO: [ε | success_request_with_credentials challenge_v0 success_request_with_credentials success_and_cryptobinding id_request_v0 eap_success / ε | success_response_v0 challenge_response_v0 success_response_v0 tlv_success_and_cryptobinding no_reply -]
Aug 13, 2025 4:47:19 PM de.learnlib.logging.LearnLogger logQuery
INFO: [ε | success_request_with_credentials challenge_v0 success_request_with_credentials success_and_cryptobinding id_request_v0 cryptobinding / ε | success_response_v0 challenge_response_v0 success_response_v0 tlv_success_and_cryptobinding no_reply -]
Aug 13, 2025 4:47:22 PM de.learnlib.logging.LearnLogger logQuery
INFO: [ε | success_request_with_credentials challenge_v0 success_request_with_credentials success_and_cryptobinding id_request_v0 success_and_cryptobinding / ε | success_response_v0 challenge_response_v0 success_response_v0 tlv_success_and_cryptobinding no_reply -]
Aug 13, 2025 4:47:25 PM de.learnlib.logging.LearnLogger logQuery
INFO: [ε | success_request_with_credentials challenge_v0 success_request_with_credentials success_and_cryptobinding id_request_v0 success_request_with_credentials / ε | success_response_v0 challenge_response_v0 success_response_v0 tlv_success_and_cryptobinding no_reply -]
Aug 13, 2025 4:47:28 PM de.learnlib.logging.LearnLogger logQuery
INFO: [ε | success_request_with_credentials challenge_v0 success_request_with_credentials success_and_cryptobinding id_request_v0 success_request_all_zeros / ε | success_response_v0 challenge_response_v0 success_response_v0 tlv_success_and_cryptobinding no_reply -]
Aug 13, 2025 4:47:30 PM de.learnlib.logging.LearnLogger logQuery
INFO: [ε | success_request_with_credentials challenge_v0 success_request_with_credentials success_and_cryptobinding id_request_v0 tlv_failure / ε | success_response_v0 challenge_response_v0 success_response_v0 tlv_success_and_cryptobinding no_reply -]
Aug 13, 2025 4:47:33 PM de.learnlib.logging.LearnLogger logQuery
INFO: [ε | success_request_with_credentials challenge_v0 success_request_with_credentials success_and_cryptobinding id_request_v0 tlv_request / ε | success_response_v0 challenge_response_v0 success_response_v0 tlv_success_and_cryptobinding no_reply -]
Aug 13, 2025 4:47:36 PM de.learnlib.logging.LearnLogger logQuery
INFO: [ε | success_request_with_credentials challenge_v0 success_request_with_credentials success_and_cryptobinding id_request_v0 challenge_v0 / ε | success_response_v0 challenge_response_v0 success_response_v0 tlv_success_and_cryptobinding no_reply -]
Aug 13, 2025 4:47:39 PM de.learnlib.logging.LearnLogger logQuery
INFO: [ε | success_request_with_credentials challenge_v0 success_request_with_credentials success_and_cryptobinding id_request_v0 id_request_v0 / ε | success_response_v0 challenge_response_v0 success_response_v0 tlv_success_and_cryptobinding no_reply -]
Aug 13, 2025 4:47:42 PM de.learnlib.logging.LearnLogger logQuery
INFO: [ε | success_request_with_credentials challenge_v0 success_request_with_credentials success_request_with_credentials 4_way_message_1 / ε | success_response_v0 challenge_response_v0 success_response_v0 success_response_v0 no_reply]
Aug 13, 2025 4:47:44 PM de.learnlib.logging.LearnLogger logQuery
INFO: [ε | success_request_with_credentials challenge_v0 success_request_with_credentials success_request_with_credentials eap_success / ε | success_response_v0 challenge_response_v0 success_response_v0 success_response_v0 after_eap_success]
Aug 13, 2025 4:47:47 PM de.learnlib.logging.LearnLogger logQuery
INFO: [ε | success_request_with_credentials challenge_v0 success_request_with_credentials success_request_with_credentials cryptobinding / ε | success_response_v0 challenge_response_v0 success_response_v0 success_response_v0 tlv_cryptobindingencrypted_alert]
Aug 13, 2025 4:47:49 PM de.learnlib.logging.LearnLogger logQuery
INFO: [ε | success_request_with_credentials challenge_v0 success_request_with_credentials success_request_with_credentials success_and_cryptobinding / ε | success_response_v0 challenge_response_v0 success_response_v0 success_response_v0 tlv_success_and_cryptobinding]
Aug 13, 2025 4:47:51 PM de.learnlib.logging.LearnLogger logQuery
INFO: [ε | success_request_with_credentials challenge_v0 success_request_with_credentials success_request_with_credentials success_request_with_credentials / ε | success_response_v0 challenge_response_v0 success_response_v0 success_response_v0 success_response_v0]
Aug 13, 2025 4:47:54 PM de.learnlib.logging.LearnLogger logQuery
INFO: [ε | success_request_with_credentials challenge_v0 success_request_with_credentials success_request_with_credentials success_request_all_zeros / ε | success_response_v0 challenge_response_v0 success_response_v0 success_response_v0 encrypted_alert]
Aug 13, 2025 4:47:56 PM de.learnlib.logging.LearnLogger logQuery
INFO: [ε | success_request_with_credentials challenge_v0 success_request_with_credentials success_request_with_credentials tlv_failure / ε | success_response_v0 challenge_response_v0 success_response_v0 success_response_v0 tlv_failureencrypted_alert]
Aug 13, 2025 4:47:58 PM de.learnlib.logging.LearnLogger logQuery
INFO: [ε | success_request_with_credentials challenge_v0 success_request_with_credentials success_request_with_credentials tlv_request / ε | success_response_v0 challenge_response_v0 success_response_v0 success_response_v0 tlv_success]
Aug 13, 2025 4:48:01 PM de.learnlib.logging.LearnLogger logQuery
INFO: [ε | success_request_with_credentials challenge_v0 success_request_with_credentials success_request_with_credentials challenge_v0 / ε | success_response_v0 challenge_response_v0 success_response_v0 success_response_v0 challenge_response_v0]
Aug 13, 2025 4:48:03 PM de.learnlib.logging.LearnLogger logQuery
INFO: [ε | success_request_with_credentials challenge_v0 success_request_with_credentials success_request_with_credentials id_request_v0 / ε | success_response_v0 challenge_response_v0 success_response_v0 success_response_v0 id_response_v0]
Aug 13, 2025 4:48:05 PM de.learnlib.logging.LearnLogger logQuery
INFO: [ε | success_request_with_credentials challenge_v0 success_request_with_credentials success_request_all_zeros 4_way_message_1 / ε | success_response_v0 challenge_response_v0 success_response_v0 encrypted_alert -]
Aug 13, 2025 4:48:07 PM de.learnlib.logging.LearnLogger logQuery
INFO: [ε | success_request_with_credentials challenge_v0 success_request_with_credentials success_request_all_zeros eap_success / ε | success_response_v0 challenge_response_v0 success_response_v0 encrypted_alert -]
Aug 13, 2025 4:48:10 PM de.learnlib.logging.LearnLogger logQuery
INFO: [ε | success_request_with_credentials challenge_v0 success_request_with_credentials success_request_all_zeros cryptobinding / ε | success_response_v0 challenge_response_v0 success_response_v0 encrypted_alert -]
Aug 13, 2025 4:48:12 PM de.learnlib.logging.LearnLogger logQuery
INFO: [ε | success_request_with_credentials challenge_v0 success_request_with_credentials success_request_all_zeros success_and_cryptobinding / ε | success_response_v0 challenge_response_v0 success_response_v0 encrypted_alert -]
Aug 13, 2025 4:48:14 PM de.learnlib.logging.LearnLogger logQuery
INFO: [ε | success_request_with_credentials challenge_v0 success_request_with_credentials success_request_all_zeros success_request_with_credentials / ε | success_response_v0 challenge_response_v0 success_response_v0 encrypted_alert -]
Aug 13, 2025 4:48:16 PM de.learnlib.logging.LearnLogger logQuery
INFO: [ε | success_request_with_credentials challenge_v0 success_request_with_credentials success_request_all_zeros success_request_all_zeros / ε | success_response_v0 challenge_response_v0 success_response_v0 encrypted_alert -]
Aug 13, 2025 4:48:19 PM de.learnlib.logging.LearnLogger logQuery
INFO: [ε | success_request_with_credentials challenge_v0 success_request_with_credentials success_request_all_zeros tlv_failure / ε | success_response_v0 challenge_response_v0 success_response_v0 encrypted_alert -]
Aug 13, 2025 4:48:21 PM de.learnlib.logging.LearnLogger logQuery
INFO: [ε | success_request_with_credentials challenge_v0 success_request_with_credentials success_request_all_zeros tlv_request / ε | success_response_v0 challenge_response_v0 success_response_v0 encrypted_alert -]
Aug 13, 2025 4:48:23 PM de.learnlib.logging.LearnLogger logQuery
INFO: [ε | success_request_with_credentials challenge_v0 success_request_with_credentials success_request_all_zeros challenge_v0 / ε | success_response_v0 challenge_response_v0 success_response_v0 encrypted_alert -]
Aug 13, 2025 4:48:25 PM de.learnlib.logging.LearnLogger logQuery
INFO: [ε | success_request_with_credentials challenge_v0 success_request_with_credentials success_request_all_zeros id_request_v0 / ε | success_response_v0 challenge_response_v0 success_response_v0 encrypted_alert -]
Aug 13, 2025 4:48:28 PM de.learnlib.logging.LearnLogger logQuery
INFO: [ε | success_request_with_credentials challenge_v0 success_request_with_credentials tlv_failure 4_way_message_1 / ε | success_response_v0 challenge_response_v0 success_response_v0 tlv_failureencrypted_alert -]
Aug 13, 2025 4:48:30 PM de.learnlib.logging.LearnLogger logQuery
INFO: [ε | success_request_with_credentials challenge_v0 success_request_with_credentials tlv_failure eap_success / ε | success_response_v0 challenge_response_v0 success_response_v0 tlv_failureencrypted_alert -]
Aug 13, 2025 4:48:32 PM de.learnlib.logging.LearnLogger logQuery
INFO: [ε | success_request_with_credentials challenge_v0 success_request_with_credentials tlv_failure cryptobinding / ε | success_response_v0 challenge_response_v0 success_response_v0 tlv_failureencrypted_alert -]
Aug 13, 2025 4:48:34 PM de.learnlib.logging.LearnLogger logQuery
INFO: [ε | success_request_with_credentials challenge_v0 success_request_with_credentials tlv_failure success_and_cryptobinding / ε | success_response_v0 challenge_response_v0 success_response_v0 tlv_failureencrypted_alert -]
Aug 13, 2025 4:48:37 PM de.learnlib.logging.LearnLogger logQuery
INFO: [ε | success_request_with_credentials challenge_v0 success_request_with_credentials tlv_failure success_request_with_credentials / ε | success_response_v0 challenge_response_v0 success_response_v0 tlv_failureencrypted_alert -]
Aug 13, 2025 4:48:39 PM de.learnlib.logging.LearnLogger logQuery
INFO: [ε | success_request_with_credentials challenge_v0 success_request_with_credentials tlv_failure success_request_all_zeros / ε | success_response_v0 challenge_response_v0 success_response_v0 tlv_failureencrypted_alert -]
Aug 13, 2025 4:48:41 PM de.learnlib.logging.LearnLogger logQuery
INFO: [ε | success_request_with_credentials challenge_v0 success_request_with_credentials tlv_failure tlv_failure / ε | success_response_v0 challenge_response_v0 success_response_v0 tlv_failureencrypted_alert -]
Aug 13, 2025 4:48:43 PM de.learnlib.logging.LearnLogger logQuery
INFO: [ε | success_request_with_credentials challenge_v0 success_request_with_credentials tlv_failure tlv_request / ε | success_response_v0 challenge_response_v0 success_response_v0 tlv_failureencrypted_alert -]
Aug 13, 2025 4:48:46 PM de.learnlib.logging.LearnLogger logQuery
INFO: [ε | success_request_with_credentials challenge_v0 success_request_with_credentials tlv_failure challenge_v0 / ε | success_response_v0 challenge_response_v0 success_response_v0 tlv_failureencrypted_alert -]
Aug 13, 2025 4:48:48 PM de.learnlib.logging.LearnLogger logQuery
INFO: [ε | success_request_with_credentials challenge_v0 success_request_with_credentials tlv_failure id_request_v0 / ε | success_response_v0 challenge_response_v0 success_response_v0 tlv_failureencrypted_alert -]
Aug 13, 2025 4:48:50 PM de.learnlib.logging.LearnLogger logQuery
INFO: [ε | success_request_with_credentials challenge_v0 success_request_with_credentials tlv_request 4_way_message_1 / ε | success_response_v0 challenge_response_v0 success_response_v0 tlv_success 4_way_message_2]
Aug 13, 2025 4:48:53 PM de.learnlib.logging.LearnLogger logQuery
INFO: [ε | success_request_with_credentials challenge_v0 success_request_with_credentials tlv_request eap_success / ε | success_response_v0 challenge_response_v0 success_response_v0 tlv_success after_eap_success]
Aug 13, 2025 4:48:56 PM de.learnlib.logging.LearnLogger logQuery
INFO: [ε | success_request_with_credentials challenge_v0 success_request_with_credentials tlv_request cryptobinding / ε | success_response_v0 challenge_response_v0 success_response_v0 tlv_success no_reply]
Aug 13, 2025 4:48:59 PM de.learnlib.logging.LearnLogger logQuery
INFO: [ε | success_request_with_credentials challenge_v0 success_request_with_credentials tlv_request success_and_cryptobinding / ε | success_response_v0 challenge_response_v0 success_response_v0 tlv_success no_reply]
Aug 13, 2025 4:49:02 PM de.learnlib.logging.LearnLogger logQuery
INFO: [ε | success_request_with_credentials challenge_v0 success_request_with_credentials tlv_request success_request_with_credentials / ε | success_response_v0 challenge_response_v0 success_response_v0 tlv_success no_reply]
Aug 13, 2025 4:49:05 PM de.learnlib.logging.LearnLogger logQuery
INFO: [ε | success_request_with_credentials challenge_v0 success_request_with_credentials tlv_request success_request_all_zeros / ε | success_response_v0 challenge_response_v0 success_response_v0 tlv_success no_reply]
Aug 13, 2025 4:49:08 PM de.learnlib.logging.LearnLogger logQuery
INFO: [ε | success_request_with_credentials challenge_v0 success_request_with_credentials tlv_request tlv_failure / ε | success_response_v0 challenge_response_v0 success_response_v0 tlv_success no_reply]
Aug 13, 2025 4:49:11 PM de.learnlib.logging.LearnLogger logQuery
INFO: [ε | success_request_with_credentials challenge_v0 success_request_with_credentials tlv_request tlv_request / ε | success_response_v0 challenge_response_v0 success_response_v0 tlv_success no_reply]
Aug 13, 2025 4:49:13 PM de.learnlib.logging.LearnLogger logQuery
INFO: [ε | success_request_with_credentials challenge_v0 success_request_with_credentials tlv_request challenge_v0 / ε | success_response_v0 challenge_response_v0 success_response_v0 tlv_success no_reply]
Aug 13, 2025 4:49:16 PM de.learnlib.logging.LearnLogger logQuery
INFO: [ε | success_request_with_credentials challenge_v0 success_request_with_credentials tlv_request id_request_v0 / ε | success_response_v0 challenge_response_v0 success_response_v0 tlv_success no_reply]
Aug 13, 2025 4:49:19 PM de.learnlib.logging.LearnLogger logQuery
INFO: [ε | success_request_with_credentials challenge_v0 success_request_with_credentials challenge_v0 4_way_message_1 / ε | success_response_v0 challenge_response_v0 success_response_v0 challenge_response_v0 no_reply]
Aug 13, 2025 4:49:22 PM de.learnlib.logging.LearnLogger logQuery
INFO: [ε | success_request_with_credentials challenge_v0 success_request_with_credentials challenge_v0 eap_success / ε | success_response_v0 challenge_response_v0 success_response_v0 challenge_response_v0 after_eap_success]
Aug 13, 2025 4:49:25 PM de.learnlib.logging.LearnLogger logQuery
INFO: [ε | success_request_with_credentials challenge_v0 success_request_with_credentials challenge_v0 cryptobinding / ε | success_response_v0 challenge_response_v0 success_response_v0 challenge_response_v0 no_reply]
Aug 13, 2025 4:49:28 PM de.learnlib.logging.LearnLogger logQuery
INFO: [ε | success_request_with_credentials challenge_v0 success_request_with_credentials challenge_v0 success_and_cryptobinding / ε | success_response_v0 challenge_response_v0 success_response_v0 challenge_response_v0 no_reply]
Aug 13, 2025 4:49:30 PM de.learnlib.logging.LearnLogger logQuery
INFO: [ε | success_request_with_credentials challenge_v0 success_request_with_credentials challenge_v0 success_request_with_credentials / ε | success_response_v0 challenge_response_v0 success_response_v0 challenge_response_v0 success_response_v0]
Aug 13, 2025 4:49:33 PM de.learnlib.logging.LearnLogger logQuery
INFO: [ε | success_request_with_credentials challenge_v0 success_request_with_credentials challenge_v0 success_request_all_zeros / ε | success_response_v0 challenge_response_v0 success_response_v0 challenge_response_v0 encrypted_alert]
Aug 13, 2025 4:49:35 PM de.learnlib.logging.LearnLogger logQuery
INFO: [ε | success_request_with_credentials challenge_v0 success_request_with_credentials challenge_v0 tlv_failure / ε | success_response_v0 challenge_response_v0 success_response_v0 challenge_response_v0 tlv_failureencrypted_alert]
Aug 13, 2025 4:49:38 PM de.learnlib.logging.LearnLogger logQuery
INFO: [ε | success_request_with_credentials challenge_v0 success_request_with_credentials challenge_v0 tlv_request / ε | success_response_v0 challenge_response_v0 success_response_v0 challenge_response_v0 tlv_success]
Aug 13, 2025 4:49:40 PM de.learnlib.logging.LearnLogger logQuery
INFO: [ε | success_request_with_credentials challenge_v0 success_request_with_credentials challenge_v0 challenge_v0 / ε | success_response_v0 challenge_response_v0 success_response_v0 challenge_response_v0 challenge_response_v0]
Aug 13, 2025 4:49:42 PM de.learnlib.logging.LearnLogger logQuery
INFO: [ε | success_request_with_credentials challenge_v0 success_request_with_credentials challenge_v0 id_request_v0 / ε | success_response_v0 challenge_response_v0 success_response_v0 challenge_response_v0 id_response_v0]
Aug 13, 2025 4:49:45 PM de.learnlib.logging.LearnLogger logQuery
INFO: [ε | success_request_with_credentials challenge_v0 success_request_with_credentials id_request_v0 4_way_message_1 / ε | success_response_v0 challenge_response_v0 success_response_v0 id_response_v0 no_reply]
Aug 13, 2025 4:49:48 PM de.learnlib.logging.LearnLogger logQuery
INFO: [ε | success_request_with_credentials challenge_v0 success_request_with_credentials id_request_v0 eap_success / ε | success_response_v0 challenge_response_v0 success_response_v0 id_response_v0 after_eap_success]
Aug 13, 2025 4:49:50 PM de.learnlib.logging.LearnLogger logQuery
INFO: [ε | success_request_with_credentials challenge_v0 success_request_with_credentials id_request_v0 cryptobinding / ε | success_response_v0 challenge_response_v0 success_response_v0 id_response_v0 tlv_cryptobindingencrypted_alert]
Aug 13, 2025 4:49:52 PM de.learnlib.logging.LearnLogger logQuery
INFO: [ε | success_request_with_credentials challenge_v0 success_request_with_credentials id_request_v0 success_and_cryptobinding / ε | success_response_v0 challenge_response_v0 success_response_v0 id_response_v0 tlv_success_and_cryptobinding]
Aug 13, 2025 4:49:55 PM de.learnlib.logging.LearnLogger logQuery
INFO: [ε | success_request_with_credentials challenge_v0 success_request_with_credentials id_request_v0 success_request_with_credentials / ε | success_response_v0 challenge_response_v0 success_response_v0 id_response_v0 success_response_v0]
Aug 13, 2025 4:49:57 PM de.learnlib.logging.LearnLogger logQuery
INFO: [ε | success_request_with_credentials challenge_v0 success_request_with_credentials id_request_v0 success_request_all_zeros / ε | success_response_v0 challenge_response_v0 success_response_v0 id_response_v0 encrypted_alert]
Aug 13, 2025 4:49:59 PM de.learnlib.logging.LearnLogger logQuery
INFO: [ε | success_request_with_credentials challenge_v0 success_request_with_credentials id_request_v0 tlv_failure / ε | success_response_v0 challenge_response_v0 success_response_v0 id_response_v0 tlv_failureencrypted_alert]
Aug 13, 2025 4:50:02 PM de.learnlib.logging.LearnLogger logQuery
INFO: [ε | success_request_with_credentials challenge_v0 success_request_with_credentials id_request_v0 tlv_request / ε | success_response_v0 challenge_response_v0 success_response_v0 id_response_v0 tlv_success]
Aug 13, 2025 4:50:04 PM de.learnlib.logging.LearnLogger logQuery
INFO: [ε | success_request_with_credentials challenge_v0 success_request_with_credentials id_request_v0 challenge_v0 / ε | success_response_v0 challenge_response_v0 success_response_v0 id_response_v0 challenge_response_v0]
Aug 13, 2025 4:50:06 PM de.learnlib.logging.LearnLogger logQuery
INFO: [ε | success_request_with_credentials challenge_v0 success_request_with_credentials id_request_v0 id_request_v0 / ε | success_response_v0 challenge_response_v0 success_response_v0 id_response_v0 id_response_v0]
Aug 13, 2025 4:50:06 PM de.learnlib.logging.LearnLogger logQuery
INFO: DB CACHE [ε | success_request_with_credentials challenge_v0 success_request_all_zeros 4_way_message_1 /  success_response_v0 challenge_response_v0 encrypted_alert -]
Aug 13, 2025 4:50:06 PM de.learnlib.logging.LearnLogger logQuery
INFO: DB CACHE [ε | success_request_with_credentials challenge_v0 success_request_all_zeros eap_success /  success_response_v0 challenge_response_v0 encrypted_alert -]
Aug 13, 2025 4:50:06 PM de.learnlib.logging.LearnLogger logQuery
INFO: DB CACHE [ε | success_request_with_credentials challenge_v0 success_request_all_zeros cryptobinding /  success_response_v0 challenge_response_v0 encrypted_alert -]
Aug 13, 2025 4:50:06 PM de.learnlib.logging.LearnLogger logQuery
INFO: DB CACHE [ε | success_request_with_credentials challenge_v0 success_request_all_zeros success_and_cryptobinding /  success_response_v0 challenge_response_v0 encrypted_alert -]
Aug 13, 2025 4:50:06 PM de.learnlib.logging.LearnLogger logQuery
INFO: DB CACHE [ε | success_request_with_credentials challenge_v0 success_request_all_zeros success_request_with_credentials /  success_response_v0 challenge_response_v0 encrypted_alert -]
Aug 13, 2025 4:50:06 PM de.learnlib.logging.LearnLogger logQuery
INFO: DB CACHE [ε | success_request_with_credentials challenge_v0 success_request_all_zeros success_request_all_zeros /  success_response_v0 challenge_response_v0 encrypted_alert -]
Aug 13, 2025 4:50:06 PM de.learnlib.logging.LearnLogger logQuery
INFO: DB CACHE [ε | success_request_with_credentials challenge_v0 success_request_all_zeros tlv_failure /  success_response_v0 challenge_response_v0 encrypted_alert -]
Aug 13, 2025 4:50:06 PM de.learnlib.logging.LearnLogger logQuery
INFO: DB CACHE [ε | success_request_with_credentials challenge_v0 success_request_all_zeros tlv_request /  success_response_v0 challenge_response_v0 encrypted_alert -]
Aug 13, 2025 4:50:06 PM de.learnlib.logging.LearnLogger logQuery
INFO: DB CACHE [ε | success_request_with_credentials challenge_v0 success_request_all_zeros challenge_v0 /  success_response_v0 challenge_response_v0 encrypted_alert -]
Aug 13, 2025 4:50:06 PM de.learnlib.logging.LearnLogger logQuery
INFO: DB CACHE [ε | success_request_with_credentials challenge_v0 success_request_all_zeros id_request_v0 /  success_response_v0 challenge_response_v0 encrypted_alert -]
Aug 13, 2025 4:50:06 PM de.learnlib.logging.LearnLogger logQuery
INFO: DB CACHE [ε | success_request_with_credentials challenge_v0 tlv_failure 4_way_message_1 /  success_response_v0 challenge_response_v0 tlv_failureencrypted_alert -]
Aug 13, 2025 4:50:06 PM de.learnlib.logging.LearnLogger logQuery
INFO: DB CACHE [ε | success_request_with_credentials challenge_v0 tlv_failure eap_success /  success_response_v0 challenge_response_v0 tlv_failureencrypted_alert -]
Aug 13, 2025 4:50:06 PM de.learnlib.logging.LearnLogger logQuery
INFO: DB CACHE [ε | success_request_with_credentials challenge_v0 tlv_failure cryptobinding /  success_response_v0 challenge_response_v0 tlv_failureencrypted_alert -]
Aug 13, 2025 4:50:06 PM de.learnlib.logging.LearnLogger logQuery
INFO: DB CACHE [ε | success_request_with_credentials challenge_v0 tlv_failure success_and_cryptobinding /  success_response_v0 challenge_response_v0 tlv_failureencrypted_alert -]
Aug 13, 2025 4:50:06 PM de.learnlib.logging.LearnLogger logQuery
INFO: DB CACHE [ε | success_request_with_credentials challenge_v0 tlv_failure success_request_with_credentials /  success_response_v0 challenge_response_v0 tlv_failureencrypted_alert -]
Aug 13, 2025 4:50:06 PM de.learnlib.logging.LearnLogger logQuery
INFO: DB CACHE [ε | success_request_with_credentials challenge_v0 tlv_failure success_request_all_zeros /  success_response_v0 challenge_response_v0 tlv_failureencrypted_alert -]
Aug 13, 2025 4:50:06 PM de.learnlib.logging.LearnLogger logQuery
INFO: DB CACHE [ε | success_request_with_credentials challenge_v0 tlv_failure tlv_failure /  success_response_v0 challenge_response_v0 tlv_failureencrypted_alert -]
Aug 13, 2025 4:50:06 PM de.learnlib.logging.LearnLogger logQuery
INFO: DB CACHE [ε | success_request_with_credentials challenge_v0 tlv_failure tlv_request /  success_response_v0 challenge_response_v0 tlv_failureencrypted_alert -]
Aug 13, 2025 4:50:06 PM de.learnlib.logging.LearnLogger logQuery
INFO: DB CACHE [ε | success_request_with_credentials challenge_v0 tlv_failure challenge_v0 /  success_response_v0 challenge_response_v0 tlv_failureencrypted_alert -]
Aug 13, 2025 4:50:06 PM de.learnlib.logging.LearnLogger logQuery
INFO: DB CACHE [ε | success_request_with_credentials challenge_v0 tlv_failure id_request_v0 /  success_response_v0 challenge_response_v0 tlv_failureencrypted_alert -]
Aug 13, 2025 4:50:09 PM de.learnlib.logging.LearnLogger logQuery
INFO: [ε | success_request_with_credentials challenge_v0 tlv_request 4_way_message_1 / ε | success_response_v0 challenge_response_v0 tlv_success 4_way_message_2]
Aug 13, 2025 4:50:11 PM de.learnlib.logging.LearnLogger logQuery
INFO: [ε | success_request_with_credentials challenge_v0 tlv_request eap_success / ε | success_response_v0 challenge_response_v0 tlv_success after_eap_success]
Aug 13, 2025 4:50:14 PM de.learnlib.logging.LearnLogger logQuery
INFO: [ε | success_request_with_credentials challenge_v0 tlv_request cryptobinding / ε | success_response_v0 challenge_response_v0 tlv_success no_reply]
Aug 13, 2025 4:50:15 PM de.learnlib.logging.LearnLogger logQuery
INFO: DB CACHE [ε | success_request_with_credentials challenge_v0 tlv_request success_and_cryptobinding /  success_response_v0 challenge_response_v0 tlv_success no_reply]
Aug 13, 2025 4:50:17 PM de.learnlib.logging.LearnLogger logQuery
INFO: [ε | success_request_with_credentials challenge_v0 tlv_request success_request_with_credentials / ε | success_response_v0 challenge_response_v0 tlv_success no_reply]
Aug 13, 2025 4:50:20 PM de.learnlib.logging.LearnLogger logQuery
INFO: [ε | success_request_with_credentials challenge_v0 tlv_request success_request_all_zeros / ε | success_response_v0 challenge_response_v0 tlv_success no_reply]
Aug 13, 2025 4:50:23 PM de.learnlib.logging.LearnLogger logQuery
INFO: [ε | success_request_with_credentials challenge_v0 tlv_request tlv_failure / ε | success_response_v0 challenge_response_v0 tlv_success no_reply]
Aug 13, 2025 4:50:23 PM de.learnlib.logging.LearnLogger logQuery
INFO: DB CACHE [ε | success_request_with_credentials challenge_v0 tlv_request tlv_request /  success_response_v0 challenge_response_v0 tlv_success no_reply]
Aug 13, 2025 4:50:26 PM de.learnlib.logging.LearnLogger logQuery
INFO: [ε | success_request_with_credentials challenge_v0 tlv_request challenge_v0 / ε | success_response_v0 challenge_response_v0 tlv_success no_reply]
Aug 13, 2025 4:50:29 PM de.learnlib.logging.LearnLogger logQuery
INFO: [ε | success_request_with_credentials challenge_v0 tlv_request id_request_v0 / ε | success_response_v0 challenge_response_v0 tlv_success no_reply]
Aug 13, 2025 4:50:32 PM de.learnlib.logging.LearnLogger logQuery
INFO: [ε | success_request_with_credentials challenge_v0 challenge_v0 4_way_message_1 / ε | success_response_v0 challenge_response_v0 challenge_response_v0 no_reply]
Aug 13, 2025 4:50:35 PM de.learnlib.logging.LearnLogger logQuery
INFO: [ε | success_request_with_credentials challenge_v0 challenge_v0 eap_success / ε | success_response_v0 challenge_response_v0 challenge_response_v0 after_eap_success]
Aug 13, 2025 4:50:37 PM de.learnlib.logging.LearnLogger logQuery
INFO: [ε | success_request_with_credentials challenge_v0 challenge_v0 cryptobinding / ε | success_response_v0 challenge_response_v0 challenge_response_v0 no_reply]
Aug 13, 2025 4:50:38 PM de.learnlib.logging.LearnLogger logQuery
INFO: DB CACHE [ε | success_request_with_credentials challenge_v0 challenge_v0 success_and_cryptobinding /  success_response_v0 challenge_response_v0 challenge_response_v0 no_reply]
Aug 13, 2025 4:50:40 PM de.learnlib.logging.LearnLogger logQuery
INFO: [ε | success_request_with_credentials challenge_v0 challenge_v0 success_request_with_credentials / ε | success_response_v0 challenge_response_v0 challenge_response_v0 success_response_v0]
Aug 13, 2025 4:50:42 PM de.learnlib.logging.LearnLogger logQuery
INFO: [ε | success_request_with_credentials challenge_v0 challenge_v0 success_request_all_zeros / ε | success_response_v0 challenge_response_v0 challenge_response_v0 encrypted_alert]
Aug 13, 2025 4:50:44 PM de.learnlib.logging.LearnLogger logQuery
INFO: [ε | success_request_with_credentials challenge_v0 challenge_v0 tlv_failure / ε | success_response_v0 challenge_response_v0 challenge_response_v0 tlv_failureencrypted_alert]
Aug 13, 2025 4:50:45 PM de.learnlib.logging.LearnLogger logQuery
INFO: DB CACHE [ε | success_request_with_credentials challenge_v0 challenge_v0 tlv_request /  success_response_v0 challenge_response_v0 challenge_response_v0 tlv_success]
Aug 13, 2025 4:50:47 PM de.learnlib.logging.LearnLogger logQuery
INFO: [ε | success_request_with_credentials challenge_v0 challenge_v0 challenge_v0 / ε | success_response_v0 challenge_response_v0 challenge_response_v0 challenge_response_v0]
Aug 13, 2025 4:50:49 PM de.learnlib.logging.LearnLogger logQuery
INFO: [ε | success_request_with_credentials challenge_v0 challenge_v0 id_request_v0 / ε | success_response_v0 challenge_response_v0 challenge_response_v0 id_response_v0]
Aug 13, 2025 4:50:52 PM de.learnlib.logging.LearnLogger logQuery
INFO: [ε | success_request_with_credentials challenge_v0 id_request_v0 4_way_message_1 / ε | success_response_v0 challenge_response_v0 id_response_v0 no_reply]
Aug 13, 2025 4:50:55 PM de.learnlib.logging.LearnLogger logQuery
INFO: [ε | success_request_with_credentials challenge_v0 id_request_v0 eap_success / ε | success_response_v0 challenge_response_v0 id_response_v0 after_eap_success]
Aug 13, 2025 4:50:58 PM de.learnlib.logging.LearnLogger logQuery
INFO: [ε | success_request_with_credentials challenge_v0 id_request_v0 cryptobinding / ε | success_response_v0 challenge_response_v0 id_response_v0 no_reply]
Aug 13, 2025 4:50:58 PM de.learnlib.logging.LearnLogger logQuery
INFO: DB CACHE [ε | success_request_with_credentials challenge_v0 id_request_v0 success_and_cryptobinding /  success_response_v0 challenge_response_v0 id_response_v0 no_reply]
Aug 13, 2025 4:51:00 PM de.learnlib.logging.LearnLogger logQuery
INFO: [ε | success_request_with_credentials challenge_v0 id_request_v0 success_request_with_credentials / ε | success_response_v0 challenge_response_v0 id_response_v0 success_response_v0]
Aug 13, 2025 4:51:02 PM de.learnlib.logging.LearnLogger logQuery
INFO: [ε | success_request_with_credentials challenge_v0 id_request_v0 success_request_all_zeros / ε | success_response_v0 challenge_response_v0 id_response_v0 encrypted_alert]
Aug 13, 2025 4:51:05 PM de.learnlib.logging.LearnLogger logQuery
INFO: [ε | success_request_with_credentials challenge_v0 id_request_v0 tlv_failure / ε | success_response_v0 challenge_response_v0 id_response_v0 tlv_failureencrypted_alert]
Aug 13, 2025 4:51:05 PM de.learnlib.logging.LearnLogger logQuery
INFO: DB CACHE [ε | success_request_with_credentials challenge_v0 id_request_v0 tlv_request /  success_response_v0 challenge_response_v0 id_response_v0 tlv_success]
Aug 13, 2025 4:51:07 PM de.learnlib.logging.LearnLogger logQuery
INFO: [ε | success_request_with_credentials challenge_v0 id_request_v0 challenge_v0 / ε | success_response_v0 challenge_response_v0 id_response_v0 challenge_response_v0]
Aug 13, 2025 4:51:09 PM de.learnlib.logging.LearnLogger logQuery
INFO: [ε | success_request_with_credentials challenge_v0 id_request_v0 id_request_v0 / ε | success_response_v0 challenge_response_v0 id_response_v0 id_response_v0]
Aug 13, 2025 4:51:09 PM de.learnlib.logging.LearnLogger logQuery
INFO: DISABLED [ε | 4_way_message_1 success_request_with_credentials success_and_cryptobinding /  no_reply - -]
Aug 13, 2025 4:51:09 PM de.learnlib.logging.LearnLogger logQuery
INFO: DB CACHE [ε | eap_success success_request_with_credentials success_and_cryptobinding /  after_eap_success success_response_v0 no_reply]
Aug 13, 2025 4:51:09 PM de.learnlib.logging.LearnLogger logQuery
INFO: DISABLED [ε | cryptobinding success_request_with_credentials success_and_cryptobinding /  tlv_cryptobindingencrypted_alert - -]
Aug 13, 2025 4:51:09 PM de.learnlib.logging.LearnLogger logQuery
INFO: DISABLED [ε | success_and_cryptobinding success_request_with_credentials success_and_cryptobinding /  tlv_cryptobindingencrypted_alert - -]
Aug 13, 2025 4:51:09 PM de.learnlib.logging.LearnLogger logQuery
INFO: DISABLED [ε | success_request_with_credentials 4_way_message_1 success_request_with_credentials success_and_cryptobinding /  success_response_v0 no_reply - -]
Aug 13, 2025 4:51:12 PM de.learnlib.logging.LearnLogger logQuery
INFO: [ε | success_request_with_credentials eap_success success_request_with_credentials success_and_cryptobinding / ε | success_response_v0 after_eap_success success_response_v0 no_reply]
Aug 13, 2025 4:51:13 PM de.learnlib.logging.LearnLogger logQuery
INFO: DISABLED [ε | success_request_with_credentials cryptobinding success_request_with_credentials success_and_cryptobinding /  success_response_v0 no_reply - -]
Aug 13, 2025 4:51:13 PM de.learnlib.logging.LearnLogger logQuery
INFO: DISABLED [ε | success_request_with_credentials success_and_cryptobinding success_request_with_credentials success_and_cryptobinding /  success_response_v0 no_reply - -]
Aug 13, 2025 4:51:15 PM de.learnlib.logging.LearnLogger logQuery
INFO: [ε | success_request_with_credentials success_request_with_credentials success_request_with_credentials success_and_cryptobinding / ε | success_response_v0 success_response_v0 success_response_v0 no_reply]
Aug 13, 2025 4:51:16 PM de.learnlib.logging.LearnLogger logQuery
INFO: DISABLED [ε | success_request_with_credentials success_request_all_zeros success_request_with_credentials success_and_cryptobinding /  success_response_v0 encrypted_alert - -]
Aug 13, 2025 4:51:16 PM de.learnlib.logging.LearnLogger logQuery
INFO: DISABLED [ε | success_request_with_credentials tlv_failure success_request_with_credentials success_and_cryptobinding /  success_response_v0 tlv_failureencrypted_alert - -]
Aug 13, 2025 4:51:16 PM de.learnlib.logging.LearnLogger logQuery
INFO: DISABLED [ε | success_request_with_credentials tlv_request 4_way_message_1 success_request_with_credentials success_and_cryptobinding /  success_response_v0 tlv_success 4_way_message_2 - -]
Aug 13, 2025 4:51:16 PM de.learnlib.logging.LearnLogger logQuery
INFO: DISABLED [ε | success_request_with_credentials tlv_request eap_success 4_way_message_1 success_request_with_credentials success_and_cryptobinding /  success_response_v0 tlv_success after_eap_success 4_way_message_2 - -]
Aug 13, 2025 4:51:16 PM de.learnlib.logging.LearnLogger logQuery
INFO: DB CACHE [ε | success_request_with_credentials tlv_request eap_success eap_success success_request_with_credentials success_and_cryptobinding /  success_response_v0 tlv_success after_eap_success after_eap_success deauthentication -]
Aug 13, 2025 4:51:16 PM de.learnlib.logging.LearnLogger logQuery
INFO: DISABLED [ε | success_request_with_credentials tlv_request eap_success cryptobinding success_request_with_credentials success_and_cryptobinding /  success_response_v0 tlv_success after_eap_success deauthentication - -]
Aug 13, 2025 4:51:16 PM de.learnlib.logging.LearnLogger logQuery
INFO: DISABLED [ε | success_request_with_credentials tlv_request eap_success success_and_cryptobinding success_request_with_credentials success_and_cryptobinding /  success_response_v0 tlv_success after_eap_success deauthentication - -]
Aug 13, 2025 4:51:16 PM de.learnlib.logging.LearnLogger logQuery
INFO: DISABLED [ε | success_request_with_credentials tlv_request eap_success success_request_with_credentials success_request_with_credentials success_and_cryptobinding /  success_response_v0 tlv_success after_eap_success deauthentication - -]
Aug 13, 2025 4:51:16 PM de.learnlib.logging.LearnLogger logQuery
INFO: DISABLED [ε | success_request_with_credentials tlv_request eap_success success_request_all_zeros success_request_with_credentials success_and_cryptobinding /  success_response_v0 tlv_success after_eap_success deauthentication - -]
Aug 13, 2025 4:51:16 PM de.learnlib.logging.LearnLogger logQuery
INFO: DISABLED [ε | success_request_with_credentials tlv_request eap_success tlv_failure success_request_with_credentials success_and_cryptobinding /  success_response_v0 tlv_success after_eap_success deauthentication - -]
Aug 13, 2025 4:51:16 PM de.learnlib.logging.LearnLogger logQuery
INFO: DISABLED [ε | success_request_with_credentials tlv_request eap_success tlv_request success_request_with_credentials success_and_cryptobinding /  success_response_v0 tlv_success after_eap_success deauthentication - -]
Aug 13, 2025 4:51:16 PM de.learnlib.logging.LearnLogger logQuery
INFO: DISABLED [ε | success_request_with_credentials tlv_request eap_success challenge_v0 success_request_with_credentials success_and_cryptobinding /  success_response_v0 tlv_success after_eap_success deauthentication - -]
Aug 13, 2025 4:51:16 PM de.learnlib.logging.LearnLogger logQuery
INFO: DISABLED [ε | success_request_with_credentials tlv_request eap_success id_request_v0 success_request_with_credentials success_and_cryptobinding /  success_response_v0 tlv_success after_eap_success deauthentication - -]
Aug 13, 2025 4:51:16 PM de.learnlib.logging.LearnLogger logQuery
INFO: DISABLED [ε | success_request_with_credentials tlv_request cryptobinding success_request_with_credentials success_and_cryptobinding /  success_response_v0 tlv_success no_reply - -]
Aug 13, 2025 4:51:16 PM de.learnlib.logging.LearnLogger logQuery
INFO: DISABLED [ε | success_request_with_credentials tlv_request success_and_cryptobinding success_request_with_credentials success_and_cryptobinding /  success_response_v0 tlv_success no_reply - -]
Aug 13, 2025 4:51:16 PM de.learnlib.logging.LearnLogger logQuery
INFO: DISABLED [ε | success_request_with_credentials tlv_request success_request_with_credentials success_request_with_credentials success_and_cryptobinding /  success_response_v0 tlv_success no_reply - -]
Aug 13, 2025 4:51:16 PM de.learnlib.logging.LearnLogger logQuery
INFO: DISABLED [ε | success_request_with_credentials tlv_request success_request_all_zeros success_request_with_credentials success_and_cryptobinding /  success_response_v0 tlv_success no_reply - -]
Aug 13, 2025 4:51:16 PM de.learnlib.logging.LearnLogger logQuery
INFO: DISABLED [ε | success_request_with_credentials tlv_request tlv_failure success_request_with_credentials success_and_cryptobinding /  success_response_v0 tlv_success no_reply - -]
Aug 13, 2025 4:51:16 PM de.learnlib.logging.LearnLogger logQuery
INFO: DISABLED [ε | success_request_with_credentials tlv_request tlv_request success_request_with_credentials success_and_cryptobinding /  success_response_v0 tlv_success no_reply - -]
Aug 13, 2025 4:51:16 PM de.learnlib.logging.LearnLogger logQuery
INFO: DISABLED [ε | success_request_with_credentials tlv_request challenge_v0 success_request_with_credentials success_and_cryptobinding /  success_response_v0 tlv_success no_reply - -]
Aug 13, 2025 4:51:16 PM de.learnlib.logging.LearnLogger logQuery
INFO: DISABLED [ε | success_request_with_credentials tlv_request id_request_v0 success_request_with_credentials success_and_cryptobinding /  success_response_v0 tlv_success no_reply - -]
Aug 13, 2025 4:51:16 PM de.learnlib.logging.LearnLogger logQuery
INFO: DISABLED [ε | success_request_with_credentials challenge_v0 4_way_message_1 success_request_with_credentials success_and_cryptobinding /  success_response_v0 challenge_response_v0 no_reply - -]
Aug 13, 2025 4:51:18 PM de.learnlib.logging.LearnLogger logQuery
INFO: [ε | success_request_with_credentials challenge_v0 eap_success success_request_with_credentials success_and_cryptobinding / ε | success_response_v0 challenge_response_v0 after_eap_success success_response_v0 tlv_success_and_cryptobinding]
Aug 13, 2025 4:51:18 PM de.learnlib.logging.LearnLogger logQuery
INFO: DISABLED [ε | success_request_with_credentials challenge_v0 cryptobinding success_request_with_credentials success_and_cryptobinding /  success_response_v0 challenge_response_v0 no_reply - -]
Aug 13, 2025 4:51:18 PM de.learnlib.logging.LearnLogger logQuery
INFO: DISABLED [ε | success_request_with_credentials challenge_v0 success_and_cryptobinding success_request_with_credentials success_and_cryptobinding /  success_response_v0 challenge_response_v0 no_reply - -]
Aug 13, 2025 4:51:18 PM de.learnlib.logging.LearnLogger logQuery
INFO: DISABLED [ε | success_request_with_credentials challenge_v0 success_request_with_credentials 4_way_message_1 success_request_with_credentials success_and_cryptobinding /  success_response_v0 challenge_response_v0 success_response_v0 no_reply - -]
Aug 13, 2025 4:51:21 PM de.learnlib.logging.LearnLogger logQuery
INFO: [ε | success_request_with_credentials challenge_v0 success_request_with_credentials eap_success success_request_with_credentials success_and_cryptobinding / ε | success_response_v0 challenge_response_v0 success_response_v0 after_eap_success success_response_v0 tlv_success_and_cryptobinding]
Aug 13, 2025 4:51:21 PM de.learnlib.logging.LearnLogger logQuery
INFO: DISABLED [ε | success_request_with_credentials challenge_v0 success_request_with_credentials cryptobinding success_request_with_credentials success_and_cryptobinding /  success_response_v0 challenge_response_v0 success_response_v0 tlv_cryptobindingencrypted_alert - -]
Aug 13, 2025 4:51:21 PM de.learnlib.logging.LearnLogger logQuery
INFO: DISABLED [ε | success_request_with_credentials challenge_v0 success_request_with_credentials success_and_cryptobinding 4_way_message_1 success_request_with_credentials success_and_cryptobinding /  success_response_v0 challenge_response_v0 success_response_v0 tlv_success_and_cryptobinding 4_way_message_2 - -]
Aug 13, 2025 4:51:21 PM de.learnlib.logging.LearnLogger logQuery
INFO: DB CACHE [ε | success_request_with_credentials challenge_v0 success_request_with_credentials success_and_cryptobinding eap_success success_request_with_credentials success_and_cryptobinding /  success_response_v0 challenge_response_v0 success_response_v0 tlv_success_and_cryptobinding after_eap_success deauthentication -]
Aug 13, 2025 4:51:21 PM de.learnlib.logging.LearnLogger logQuery
INFO: DISABLED [ε | success_request_with_credentials challenge_v0 success_request_with_credentials success_and_cryptobinding cryptobinding success_request_with_credentials success_and_cryptobinding /  success_response_v0 challenge_response_v0 success_response_v0 tlv_success_and_cryptobinding no_reply - -]
Aug 13, 2025 4:51:21 PM de.learnlib.logging.LearnLogger logQuery
INFO: DISABLED [ε | success_request_with_credentials challenge_v0 success_request_with_credentials success_and_cryptobinding success_and_cryptobinding success_request_with_credentials success_and_cryptobinding /  success_response_v0 challenge_response_v0 success_response_v0 tlv_success_and_cryptobinding no_reply - -]
Aug 13, 2025 4:51:21 PM de.learnlib.logging.LearnLogger logQuery
INFO: DISABLED [ε | success_request_with_credentials challenge_v0 success_request_with_credentials success_and_cryptobinding success_request_with_credentials success_request_with_credentials success_and_cryptobinding /  success_response_v0 challenge_response_v0 success_response_v0 tlv_success_and_cryptobinding no_reply - -]
Aug 13, 2025 4:51:21 PM de.learnlib.logging.LearnLogger logQuery
INFO: DISABLED [ε | success_request_with_credentials challenge_v0 success_request_with_credentials success_and_cryptobinding success_request_all_zeros success_request_with_credentials success_and_cryptobinding /  success_response_v0 challenge_response_v0 success_response_v0 tlv_success_and_cryptobinding no_reply - -]
Aug 13, 2025 4:51:21 PM de.learnlib.logging.LearnLogger logQuery
INFO: DISABLED [ε | success_request_with_credentials challenge_v0 success_request_with_credentials success_and_cryptobinding tlv_failure success_request_with_credentials success_and_cryptobinding /  success_response_v0 challenge_response_v0 success_response_v0 tlv_success_and_cryptobinding no_reply - -]
Aug 13, 2025 4:51:21 PM de.learnlib.logging.LearnLogger logQuery
INFO: DISABLED [ε | success_request_with_credentials challenge_v0 success_request_with_credentials success_and_cryptobinding tlv_request success_request_with_credentials success_and_cryptobinding /  success_response_v0 challenge_response_v0 success_response_v0 tlv_success_and_cryptobinding no_reply - -]
Aug 13, 2025 4:51:21 PM de.learnlib.logging.LearnLogger logQuery
INFO: DISABLED [ε | success_request_with_credentials challenge_v0 success_request_with_credentials success_and_cryptobinding challenge_v0 success_request_with_credentials success_and_cryptobinding /  success_response_v0 challenge_response_v0 success_response_v0 tlv_success_and_cryptobinding no_reply - -]
Aug 13, 2025 4:51:21 PM de.learnlib.logging.LearnLogger logQuery
INFO: DISABLED [ε | success_request_with_credentials challenge_v0 success_request_with_credentials success_and_cryptobinding id_request_v0 success_request_with_credentials success_and_cryptobinding /  success_response_v0 challenge_response_v0 success_response_v0 tlv_success_and_cryptobinding no_reply - -]
Aug 13, 2025 4:51:23 PM de.learnlib.logging.LearnLogger logQuery
INFO: [ε | success_request_with_credentials challenge_v0 success_request_with_credentials success_request_with_credentials success_request_with_credentials success_and_cryptobinding / ε | success_response_v0 challenge_response_v0 success_response_v0 success_response_v0 success_response_v0 tlv_success_and_cryptobinding]
Aug 13, 2025 4:51:23 PM de.learnlib.logging.LearnLogger logQuery
INFO: DISABLED [ε | success_request_with_credentials challenge_v0 success_request_with_credentials success_request_all_zeros success_request_with_credentials success_and_cryptobinding /  success_response_v0 challenge_response_v0 success_response_v0 encrypted_alert - -]
Aug 13, 2025 4:51:23 PM de.learnlib.logging.LearnLogger logQuery
INFO: DISABLED [ε | success_request_with_credentials challenge_v0 success_request_with_credentials tlv_failure success_request_with_credentials success_and_cryptobinding /  success_response_v0 challenge_response_v0 success_response_v0 tlv_failureencrypted_alert - -]
Aug 13, 2025 4:51:23 PM de.learnlib.logging.LearnLogger logQuery
INFO: DB CACHE [ε | success_request_with_credentials challenge_v0 success_request_with_credentials tlv_request success_request_with_credentials success_and_cryptobinding /  success_response_v0 challenge_response_v0 success_response_v0 tlv_success no_reply -]
Aug 13, 2025 4:51:26 PM de.learnlib.logging.LearnLogger logQuery
INFO: [ε | success_request_with_credentials challenge_v0 success_request_with_credentials challenge_v0 success_request_with_credentials success_and_cryptobinding / ε | success_response_v0 challenge_response_v0 success_response_v0 challenge_response_v0 success_response_v0 tlv_success_and_cryptobinding]
Aug 13, 2025 4:51:28 PM de.learnlib.logging.LearnLogger logQuery
INFO: [ε | success_request_with_credentials challenge_v0 success_request_with_credentials id_request_v0 success_request_with_credentials success_and_cryptobinding / ε | success_response_v0 challenge_response_v0 success_response_v0 id_response_v0 success_response_v0 tlv_success_and_cryptobinding]
Aug 13, 2025 4:51:28 PM de.learnlib.logging.LearnLogger logQuery
INFO: DISABLED [ε | success_request_with_credentials challenge_v0 success_request_all_zeros success_request_with_credentials success_and_cryptobinding /  success_response_v0 challenge_response_v0 encrypted_alert - -]
Aug 13, 2025 4:51:28 PM de.learnlib.logging.LearnLogger logQuery
INFO: DISABLED [ε | success_request_with_credentials challenge_v0 tlv_failure success_request_with_credentials success_and_cryptobinding /  success_response_v0 challenge_response_v0 tlv_failureencrypted_alert - -]
Aug 13, 2025 4:51:28 PM de.learnlib.logging.LearnLogger logQuery
INFO: DB CACHE [ε | success_request_with_credentials challenge_v0 tlv_request success_request_with_credentials success_and_cryptobinding /  success_response_v0 challenge_response_v0 tlv_success no_reply -]
Aug 13, 2025 4:51:30 PM de.learnlib.logging.LearnLogger logQuery
INFO: [ε | success_request_with_credentials challenge_v0 challenge_v0 success_request_with_credentials success_and_cryptobinding / ε | success_response_v0 challenge_response_v0 challenge_response_v0 success_response_v0 tlv_success_and_cryptobinding]
Aug 13, 2025 4:51:33 PM de.learnlib.logging.LearnLogger logQuery
INFO: [ε | success_request_with_credentials challenge_v0 id_request_v0 success_request_with_credentials success_and_cryptobinding / ε | success_response_v0 challenge_response_v0 id_response_v0 success_response_v0 tlv_success_and_cryptobinding]
Aug 13, 2025 4:51:33 PM de.learnlib.logging.LearnLogger logQuery
INFO: DB CACHE [ε | success_request_with_credentials id_request_v0 success_request_with_credentials success_and_cryptobinding /  success_response_v0 id_response_v0 success_response_v0 no_reply]
Aug 13, 2025 4:51:33 PM de.learnlib.logging.LearnLogger logQuery
INFO: DISABLED [ε | success_request_all_zeros success_request_with_credentials success_and_cryptobinding /  encrypted_alert - -]
Aug 13, 2025 4:51:33 PM de.learnlib.logging.LearnLogger logQuery
INFO: DISABLED [ε | tlv_failure success_request_with_credentials success_and_cryptobinding /  tlv_failureencrypted_alert - -]
Aug 13, 2025 4:51:33 PM de.learnlib.logging.LearnLogger logQuery
INFO: DISABLED [ε | tlv_request 4_way_message_1 success_request_with_credentials success_and_cryptobinding /  tlv_failureencrypted_alert - - -]
Aug 13, 2025 4:51:33 PM de.learnlib.logging.LearnLogger logQuery
INFO: DISABLED [ε | tlv_request eap_success success_request_with_credentials success_and_cryptobinding /  tlv_failureencrypted_alert - - -]
Aug 13, 2025 4:51:33 PM de.learnlib.logging.LearnLogger logQuery
INFO: DISABLED [ε | tlv_request cryptobinding success_request_with_credentials success_and_cryptobinding /  tlv_failureencrypted_alert - - -]
Aug 13, 2025 4:51:33 PM de.learnlib.logging.LearnLogger logQuery
INFO: DISABLED [ε | tlv_request success_and_cryptobinding success_request_with_credentials success_and_cryptobinding /  tlv_failureencrypted_alert - - -]
Aug 13, 2025 4:51:33 PM de.learnlib.logging.LearnLogger logQuery
INFO: DISABLED [ε | tlv_request success_request_with_credentials success_request_with_credentials success_and_cryptobinding /  tlv_failureencrypted_alert - - -]
Aug 13, 2025 4:51:33 PM de.learnlib.logging.LearnLogger logQuery
INFO: DISABLED [ε | tlv_request success_request_all_zeros success_request_with_credentials success_and_cryptobinding /  tlv_failureencrypted_alert - - -]
Aug 13, 2025 4:51:33 PM de.learnlib.logging.LearnLogger logQuery
INFO: DISABLED [ε | tlv_request tlv_failure success_request_with_credentials success_and_cryptobinding /  tlv_failureencrypted_alert - - -]
Aug 13, 2025 4:51:33 PM de.learnlib.logging.LearnLogger logQuery
INFO: DISABLED [ε | tlv_request tlv_request success_request_with_credentials success_and_cryptobinding /  tlv_failureencrypted_alert - - -]
Aug 13, 2025 4:51:33 PM de.learnlib.logging.LearnLogger logQuery
INFO: DISABLED [ε | tlv_request challenge_v0 success_request_with_credentials success_and_cryptobinding /  tlv_failureencrypted_alert - - -]
Aug 13, 2025 4:51:33 PM de.learnlib.logging.LearnLogger logQuery
INFO: DISABLED [ε | tlv_request id_request_v0 success_request_with_credentials success_and_cryptobinding /  tlv_failureencrypted_alert - - -]
Aug 13, 2025 4:51:33 PM de.learnlib.logging.LearnLogger logQuery
INFO: DISABLED [ε | challenge_v0 4_way_message_1 success_request_with_credentials success_and_cryptobinding /  challenge_response_v0 no_reply - -]
Aug 13, 2025 4:51:33 PM de.learnlib.logging.LearnLogger logQuery
INFO: DB CACHE [ε | challenge_v0 eap_success success_request_with_credentials success_and_cryptobinding /  challenge_response_v0 after_eap_success success_response_v0 tlv_success_and_cryptobinding]
Aug 13, 2025 4:51:33 PM de.learnlib.logging.LearnLogger logQuery
INFO: DISABLED [ε | challenge_v0 cryptobinding success_request_with_credentials success_and_cryptobinding /  challenge_response_v0 no_reply - -]
Aug 13, 2025 4:51:33 PM de.learnlib.logging.LearnLogger logQuery
INFO: DISABLED [ε | challenge_v0 success_and_cryptobinding success_request_with_credentials success_and_cryptobinding /  challenge_response_v0 no_reply - -]
Aug 13, 2025 4:51:33 PM de.learnlib.logging.LearnLogger logQuery
INFO: DISABLED [ε | challenge_v0 success_request_with_credentials 4_way_message_1 success_request_with_credentials success_and_cryptobinding /  challenge_response_v0 success_response_v0 no_reply - -]
Aug 13, 2025 4:51:35 PM de.learnlib.logging.LearnLogger logQuery
INFO: [ε | challenge_v0 success_request_with_credentials eap_success success_request_with_credentials success_and_cryptobinding / ε | challenge_response_v0 success_response_v0 after_eap_success success_response_v0 tlv_success_and_cryptobinding]
Aug 13, 2025 4:51:35 PM de.learnlib.logging.LearnLogger logQuery
INFO: DISABLED [ε | challenge_v0 success_request_with_credentials cryptobinding success_request_with_credentials success_and_cryptobinding /  challenge_response_v0 success_response_v0 tlv_cryptobindingencrypted_alert - -]
Aug 13, 2025 4:51:35 PM de.learnlib.logging.LearnLogger logQuery
INFO: DB CACHE [ε | challenge_v0 success_request_with_credentials success_and_cryptobinding success_request_with_credentials success_and_cryptobinding /  challenge_response_v0 success_response_v0 tlv_success_and_cryptobinding no_reply -]
Aug 13, 2025 4:51:38 PM de.learnlib.logging.LearnLogger logQuery
INFO: [ε | challenge_v0 success_request_with_credentials success_request_with_credentials success_request_with_credentials success_and_cryptobinding / ε | challenge_response_v0 success_response_v0 success_response_v0 success_response_v0 tlv_success_and_cryptobinding]
Aug 13, 2025 4:51:38 PM de.learnlib.logging.LearnLogger logQuery
INFO: DISABLED [ε | challenge_v0 success_request_with_credentials success_request_all_zeros success_request_with_credentials success_and_cryptobinding /  challenge_response_v0 success_response_v0 encrypted_alert - -]
Aug 13, 2025 4:51:38 PM de.learnlib.logging.LearnLogger logQuery
INFO: DISABLED [ε | challenge_v0 success_request_with_credentials tlv_failure success_request_with_credentials success_and_cryptobinding /  challenge_response_v0 success_response_v0 tlv_failureencrypted_alert - -]
Aug 13, 2025 4:51:38 PM de.learnlib.logging.LearnLogger logQuery
INFO: DB CACHE [ε | challenge_v0 success_request_with_credentials tlv_request success_request_with_credentials success_and_cryptobinding /  challenge_response_v0 success_response_v0 tlv_success no_reply -]
Aug 13, 2025 4:51:40 PM de.learnlib.logging.LearnLogger logQuery
INFO: [ε | challenge_v0 success_request_with_credentials challenge_v0 success_request_with_credentials success_and_cryptobinding / ε | challenge_response_v0 success_response_v0 challenge_response_v0 success_response_v0 tlv_success_and_cryptobinding]
Aug 13, 2025 4:51:42 PM de.learnlib.logging.LearnLogger logQuery
INFO: [ε | challenge_v0 success_request_with_credentials id_request_v0 success_request_with_credentials success_and_cryptobinding / ε | challenge_response_v0 success_response_v0 id_response_v0 success_response_v0 tlv_success_and_cryptobinding]
Aug 13, 2025 4:51:42 PM de.learnlib.logging.LearnLogger logQuery
INFO: DISABLED [ε | challenge_v0 success_request_all_zeros success_request_with_credentials success_and_cryptobinding /  challenge_response_v0 encrypted_alert - -]
Aug 13, 2025 4:51:42 PM de.learnlib.logging.LearnLogger logQuery
INFO: DISABLED [ε | challenge_v0 tlv_failure success_request_with_credentials success_and_cryptobinding /  challenge_response_v0 tlv_failureencrypted_alert - -]
Aug 13, 2025 4:51:42 PM de.learnlib.logging.LearnLogger logQuery
INFO: DISABLED [ε | challenge_v0 tlv_request success_request_with_credentials success_and_cryptobinding /  challenge_response_v0 tlv_failureencrypted_alert - -]
Aug 13, 2025 4:51:42 PM de.learnlib.logging.LearnLogger logQuery
INFO: DB CACHE [ε | challenge_v0 challenge_v0 success_request_with_credentials success_and_cryptobinding /  challenge_response_v0 challenge_response_v0 success_response_v0 tlv_success_and_cryptobinding]
Aug 13, 2025 4:51:42 PM de.learnlib.logging.LearnLogger logQuery
INFO: DB CACHE [ε | challenge_v0 id_request_v0 success_request_with_credentials success_and_cryptobinding /  challenge_response_v0 id_response_v0 success_response_v0 tlv_success_and_cryptobinding]
Aug 13, 2025 4:51:42 PM de.learnlib.logging.LearnLogger logQuery
INFO: DB CACHE [ε | id_request_v0 success_request_with_credentials success_and_cryptobinding /  id_response_v0 success_response_v0 no_reply]
