Aug 13, 2025 3:10:07 PM de.learnlib.logging.LearnLogger logQuery
INFO: DB CACHE [ε | id_request_v0 /  id_response_v0]
Aug 13, 2025 3:10:07 PM de.learnlib.logging.LearnLogger logQuery
INFO: DB CACHE [ε | id_request_v0 id_request_v0 /  id_response_v0 nak]
Aug 13, 2025 3:10:07 PM de.learnlib.logging.LearnLogger logQuery
INFO: DB CACHE [ε | id_request_v0 challenge_v0 /  id_response_v0 challenge_response_v0]
Aug 13, 2025 3:10:07 PM de.learnlib.logging.LearnLogger logQuery
INFO: DB CACHE [ε | id_request_v0 tlv_request /  id_response_v0 tlv_failure]
Aug 13, 2025 3:10:07 PM de.learnlib.logging.LearnLogger logQuery
INFO: DB CACHE [ε | challenge_v0 /  empty_peap]
Aug 13, 2025 3:10:07 PM de.learnlib.logging.LearnLogger logQuery
INFO: DB CACHE [ε | challenge_v0 id_request_v0 /  empty_peap id_response_v0]
Aug 13, 2025 3:10:07 PM de.learnlib.logging.LearnLogger logQuery
INFO: DB CACHE [ε | challenge_v0 challenge_v0 /  empty_peap empty_peap]
Aug 13, 2025 3:10:07 PM de.learnlib.logging.LearnLogger logQuery
INFO: DB CACHE [ε | challenge_v0 tlv_request /  empty_peap tlv_failure]
Aug 13, 2025 3:10:07 PM de.learnlib.logging.LearnLogger logQuery
INFO: DB CACHE [ε | tlv_request /  tlv_failure]
Aug 13, 2025 3:10:07 PM de.learnlib.logging.LearnLogger logQuery
INFO: DB CACHE [ε | tlv_failure /  tlv_failure]
Aug 13, 2025 3:10:07 PM de.learnlib.logging.LearnLogger logQuery
INFO: DB CACHE [ε | success_request_all_zeros /  empty_peap]
Aug 13, 2025 3:10:07 PM de.learnlib.logging.LearnLogger logQuery
INFO: DB CACHE [ε | success_request_all_zeros id_request_v0 /  empty_peap id_response_v0]
Aug 13, 2025 3:10:07 PM de.learnlib.logging.LearnLogger logQuery
INFO: DB CACHE [ε | success_request_all_zeros challenge_v0 /  empty_peap empty_peap]
Aug 13, 2025 3:10:07 PM de.learnlib.logging.LearnLogger logQuery
INFO: DB CACHE [ε | success_request_all_zeros tlv_request /  empty_peap tlv_failure]
Aug 13, 2025 3:10:07 PM de.learnlib.logging.LearnLogger logQuery
INFO: DB CACHE [ε | success_request_with_credentials /  empty_peap]
Aug 13, 2025 3:10:07 PM de.learnlib.logging.LearnLogger logQuery
INFO: DB CACHE [ε | success_request_with_credentials id_request_v0 /  empty_peap id_response_v0]
Aug 13, 2025 3:10:07 PM de.learnlib.logging.LearnLogger logQuery
INFO: DB CACHE [ε | success_request_with_credentials challenge_v0 /  empty_peap empty_peap]
Aug 13, 2025 3:10:07 PM de.learnlib.logging.LearnLogger logQuery
INFO: DB CACHE [ε | success_request_with_credentials tlv_request /  empty_peap tlv_failure]
Aug 13, 2025 3:10:07 PM de.learnlib.logging.LearnLogger logQuery
INFO: DB CACHE [ε | success_and_cryptobinding /  tlv_failure]
Aug 13, 2025 3:10:07 PM de.learnlib.logging.LearnLogger logQuery
INFO: DB CACHE [ε | cryptobinding /  no_reply]
Aug 13, 2025 3:10:07 PM de.learnlib.logging.LearnLogger logQuery
INFO: DB CACHE [ε | eap_success /  after_eap_success]
Aug 13, 2025 3:10:07 PM de.learnlib.logging.LearnLogger logQuery
INFO: DB CACHE [ε | eap_success id_request_v0 /  after_eap_success no_reply]
Aug 13, 2025 3:10:07 PM de.learnlib.logging.LearnLogger logQuery
INFO: DB CACHE [ε | eap_success challenge_v0 /  after_eap_success no_reply]
Aug 13, 2025 3:10:07 PM de.learnlib.logging.LearnLogger logQuery
INFO: DB CACHE [ε | eap_success tlv_request /  after_eap_success no_reply]
Aug 13, 2025 3:10:07 PM de.learnlib.logging.LearnLogger logQuery
INFO: DB CACHE [ε | 4_way_message_1 /  no_reply]
Aug 13, 2025 3:10:07 PM de.learnlib.logging.LearnLogger logQuery
INFO: DB CACHE [ε | id_request_v0 id_request_v0 id_request_v0 /  id_response_v0 nak nak]
Aug 13, 2025 3:10:07 PM de.learnlib.logging.LearnLogger logQuery
INFO: DB CACHE [ε | id_request_v0 id_request_v0 challenge_v0 /  id_response_v0 nak challenge_response_v0]
Aug 13, 2025 3:10:07 PM de.learnlib.logging.LearnLogger logQuery
INFO: DB CACHE [ε | id_request_v0 id_request_v0 tlv_request /  id_response_v0 nak tlv_failure]
Aug 13, 2025 3:10:07 PM de.learnlib.logging.LearnLogger logQuery
INFO: DB CACHE [ε | challenge_v0 id_request_v0 id_request_v0 /  empty_peap id_response_v0 nak]
Aug 13, 2025 3:10:07 PM de.learnlib.logging.LearnLogger logQuery
INFO: DB CACHE [ε | challenge_v0 id_request_v0 challenge_v0 /  empty_peap id_response_v0 challenge_response_v0]
Aug 13, 2025 3:10:07 PM de.learnlib.logging.LearnLogger logQuery
INFO: DB CACHE [ε | challenge_v0 id_request_v0 tlv_request /  empty_peap id_response_v0 tlv_failure]
Aug 13, 2025 3:10:07 PM de.learnlib.logging.LearnLogger logQuery
INFO: DB CACHE [ε | success_request_all_zeros id_request_v0 id_request_v0 /  empty_peap id_response_v0 nak]
Aug 13, 2025 3:10:07 PM de.learnlib.logging.LearnLogger logQuery
INFO: DB CACHE [ε | success_request_all_zeros id_request_v0 challenge_v0 /  empty_peap id_response_v0 challenge_response_v0]
Aug 13, 2025 3:10:07 PM de.learnlib.logging.LearnLogger logQuery
INFO: DB CACHE [ε | success_request_all_zeros id_request_v0 tlv_request /  empty_peap id_response_v0 tlv_failure]
Aug 13, 2025 3:10:07 PM de.learnlib.logging.LearnLogger logQuery
INFO: DB CACHE [ε | success_request_with_credentials id_request_v0 id_request_v0 /  empty_peap id_response_v0 nak]
Aug 13, 2025 3:10:07 PM de.learnlib.logging.LearnLogger logQuery
INFO: DB CACHE [ε | success_request_with_credentials id_request_v0 challenge_v0 /  empty_peap id_response_v0 challenge_response_v0]
Aug 13, 2025 3:10:07 PM de.learnlib.logging.LearnLogger logQuery
INFO: DB CACHE [ε | success_request_with_credentials id_request_v0 tlv_request /  empty_peap id_response_v0 tlv_failure]
Aug 13, 2025 3:10:07 PM de.learnlib.logging.LearnLogger logQuery
INFO: DB CACHE [ε | id_request_v0 challenge_v0 id_request_v0 /  id_response_v0 challenge_response_v0 no_reply]
Aug 13, 2025 3:10:07 PM de.learnlib.logging.LearnLogger logQuery
INFO: DB CACHE [ε | id_request_v0 challenge_v0 challenge_v0 /  id_response_v0 challenge_response_v0 deauthentication]
Aug 13, 2025 3:10:07 PM de.learnlib.logging.LearnLogger logQuery
INFO: DB CACHE [ε | id_request_v0 challenge_v0 tlv_request /  id_response_v0 challenge_response_v0 tlv_failure]
Aug 13, 2025 3:10:07 PM de.learnlib.logging.LearnLogger logQuery
INFO: DB CACHE [ε | challenge_v0 challenge_v0 id_request_v0 /  empty_peap empty_peap id_response_v0]
Aug 13, 2025 3:10:07 PM de.learnlib.logging.LearnLogger logQuery
INFO: DB CACHE [ε | challenge_v0 challenge_v0 challenge_v0 /  empty_peap empty_peap empty_peap]
Aug 13, 2025 3:10:07 PM de.learnlib.logging.LearnLogger logQuery
INFO: DB CACHE [ε | challenge_v0 challenge_v0 tlv_request /  empty_peap empty_peap tlv_failure]
Aug 13, 2025 3:10:07 PM de.learnlib.logging.LearnLogger logQuery
INFO: DB CACHE [ε | success_request_all_zeros challenge_v0 id_request_v0 /  empty_peap empty_peap id_response_v0]
Aug 13, 2025 3:10:07 PM de.learnlib.logging.LearnLogger logQuery
INFO: DB CACHE [ε | success_request_all_zeros challenge_v0 challenge_v0 /  empty_peap empty_peap empty_peap]
Aug 13, 2025 3:10:07 PM de.learnlib.logging.LearnLogger logQuery
INFO: DB CACHE [ε | success_request_all_zeros challenge_v0 tlv_request /  empty_peap empty_peap tlv_failure]
Aug 13, 2025 3:10:07 PM de.learnlib.logging.LearnLogger logQuery
INFO: DB CACHE [ε | success_request_with_credentials challenge_v0 id_request_v0 /  empty_peap empty_peap id_response_v0]
Aug 13, 2025 3:10:07 PM de.learnlib.logging.LearnLogger logQuery
INFO: DB CACHE [ε | success_request_with_credentials challenge_v0 challenge_v0 /  empty_peap empty_peap empty_peap]
Aug 13, 2025 3:10:07 PM de.learnlib.logging.LearnLogger logQuery
INFO: DB CACHE [ε | success_request_with_credentials challenge_v0 tlv_request /  empty_peap empty_peap tlv_failure]
Aug 13, 2025 3:10:07 PM de.learnlib.logging.LearnLogger logQuery
INFO: DB CACHE [ε | id_request_v0 tlv_failure /  id_response_v0 tlv_failure]
Aug 13, 2025 3:10:07 PM de.learnlib.logging.LearnLogger logQuery
INFO: DB CACHE [ε | challenge_v0 tlv_failure /  empty_peap tlv_failure]
Aug 13, 2025 3:10:07 PM de.learnlib.logging.LearnLogger logQuery
INFO: DB CACHE [ε | success_request_all_zeros tlv_failure /  empty_peap tlv_failure]
Aug 13, 2025 3:10:07 PM de.learnlib.logging.LearnLogger logQuery
INFO: DB CACHE [ε | success_request_with_credentials tlv_failure /  empty_peap tlv_failure]
Aug 13, 2025 3:10:07 PM de.learnlib.logging.LearnLogger logQuery
INFO: DB CACHE [ε | eap_success tlv_failure /  after_eap_success no_reply]
Aug 13, 2025 3:10:07 PM de.learnlib.logging.LearnLogger logQuery
INFO: DB CACHE [ε | id_request_v0 success_request_all_zeros /  id_response_v0 no_reply]
Aug 13, 2025 3:10:07 PM de.learnlib.logging.LearnLogger logQuery
INFO: DB CACHE [ε | challenge_v0 success_request_all_zeros /  empty_peap empty_peap]
Aug 13, 2025 3:10:07 PM de.learnlib.logging.LearnLogger logQuery
INFO: DB CACHE [ε | challenge_v0 success_request_all_zeros id_request_v0 /  empty_peap empty_peap id_response_v0]
Aug 13, 2025 3:10:07 PM de.learnlib.logging.LearnLogger logQuery
INFO: DB CACHE [ε | challenge_v0 success_request_all_zeros challenge_v0 /  empty_peap empty_peap empty_peap]
Aug 13, 2025 3:10:07 PM de.learnlib.logging.LearnLogger logQuery
INFO: DB CACHE [ε | challenge_v0 success_request_all_zeros tlv_request /  empty_peap empty_peap tlv_failure]
Aug 13, 2025 3:10:07 PM de.learnlib.logging.LearnLogger logQuery
INFO: DB CACHE [ε | success_request_all_zeros success_request_all_zeros /  empty_peap empty_peap]
Aug 13, 2025 3:10:07 PM de.learnlib.logging.LearnLogger logQuery
INFO: DB CACHE [ε | success_request_all_zeros success_request_all_zeros id_request_v0 /  empty_peap empty_peap id_response_v0]
Aug 13, 2025 3:10:07 PM de.learnlib.logging.LearnLogger logQuery
INFO: DB CACHE [ε | success_request_all_zeros success_request_all_zeros challenge_v0 /  empty_peap empty_peap empty_peap]
Aug 13, 2025 3:10:07 PM de.learnlib.logging.LearnLogger logQuery
INFO: DB CACHE [ε | success_request_all_zeros success_request_all_zeros tlv_request /  empty_peap empty_peap tlv_failure]
Aug 13, 2025 3:10:07 PM de.learnlib.logging.LearnLogger logQuery
INFO: DB CACHE [ε | success_request_with_credentials success_request_all_zeros /  empty_peap empty_peap]
Aug 13, 2025 3:10:07 PM de.learnlib.logging.LearnLogger logQuery
INFO: DB CACHE [ε | success_request_with_credentials success_request_all_zeros id_request_v0 /  empty_peap empty_peap id_response_v0]
Aug 13, 2025 3:10:07 PM de.learnlib.logging.LearnLogger logQuery
INFO: DB CACHE [ε | success_request_with_credentials success_request_all_zeros challenge_v0 /  empty_peap empty_peap empty_peap]
Aug 13, 2025 3:10:07 PM de.learnlib.logging.LearnLogger logQuery
INFO: DB CACHE [ε | success_request_with_credentials success_request_all_zeros tlv_request /  empty_peap empty_peap tlv_failure]
Aug 13, 2025 3:10:07 PM de.learnlib.logging.LearnLogger logQuery
INFO: DB CACHE [ε | eap_success success_request_all_zeros /  after_eap_success no_reply]
Aug 13, 2025 3:10:07 PM de.learnlib.logging.LearnLogger logQuery
INFO: DB CACHE [ε | id_request_v0 success_request_with_credentials /  id_response_v0 no_reply]
Aug 13, 2025 3:10:07 PM de.learnlib.logging.LearnLogger logQuery
INFO: DB CACHE [ε | challenge_v0 success_request_with_credentials /  empty_peap empty_peap]
Aug 13, 2025 3:10:07 PM de.learnlib.logging.LearnLogger logQuery
INFO: DB CACHE [ε | challenge_v0 success_request_with_credentials id_request_v0 /  empty_peap empty_peap id_response_v0]
Aug 13, 2025 3:10:07 PM de.learnlib.logging.LearnLogger logQuery
INFO: DB CACHE [ε | challenge_v0 success_request_with_credentials challenge_v0 /  empty_peap empty_peap empty_peap]
Aug 13, 2025 3:10:07 PM de.learnlib.logging.LearnLogger logQuery
INFO: DB CACHE [ε | challenge_v0 success_request_with_credentials tlv_request /  empty_peap empty_peap tlv_failure]
Aug 13, 2025 3:10:07 PM de.learnlib.logging.LearnLogger logQuery
INFO: DB CACHE [ε | success_request_all_zeros success_request_with_credentials /  empty_peap empty_peap]
Aug 13, 2025 3:10:07 PM de.learnlib.logging.LearnLogger logQuery
INFO: DB CACHE [ε | success_request_all_zeros success_request_with_credentials id_request_v0 /  empty_peap empty_peap id_response_v0]
Aug 13, 2025 3:10:07 PM de.learnlib.logging.LearnLogger logQuery
INFO: DB CACHE [ε | success_request_all_zeros success_request_with_credentials challenge_v0 /  empty_peap empty_peap empty_peap]
Aug 13, 2025 3:10:07 PM de.learnlib.logging.LearnLogger logQuery
INFO: DB CACHE [ε | success_request_all_zeros success_request_with_credentials tlv_request /  empty_peap empty_peap tlv_failure]
Aug 13, 2025 3:10:07 PM de.learnlib.logging.LearnLogger logQuery
INFO: DB CACHE [ε | success_request_with_credentials success_request_with_credentials /  empty_peap empty_peap]
Aug 13, 2025 3:10:07 PM de.learnlib.logging.LearnLogger logQuery
INFO: DB CACHE [ε | success_request_with_credentials success_request_with_credentials id_request_v0 /  empty_peap empty_peap id_response_v0]
Aug 13, 2025 3:10:07 PM de.learnlib.logging.LearnLogger logQuery
INFO: DB CACHE [ε | success_request_with_credentials success_request_with_credentials challenge_v0 /  empty_peap empty_peap empty_peap]
Aug 13, 2025 3:10:07 PM de.learnlib.logging.LearnLogger logQuery
INFO: DB CACHE [ε | success_request_with_credentials success_request_with_credentials tlv_request /  empty_peap empty_peap tlv_failure]
Aug 13, 2025 3:10:07 PM de.learnlib.logging.LearnLogger logQuery
INFO: DB CACHE [ε | eap_success success_request_with_credentials /  after_eap_success no_reply]
Aug 13, 2025 3:10:07 PM de.learnlib.logging.LearnLogger logQuery
INFO: DB CACHE [ε | id_request_v0 success_and_cryptobinding /  id_response_v0 tlv_failure]
Aug 13, 2025 3:10:07 PM de.learnlib.logging.LearnLogger logQuery
INFO: DB CACHE [ε | challenge_v0 success_and_cryptobinding /  empty_peap tlv_failure]
Aug 13, 2025 3:10:07 PM de.learnlib.logging.LearnLogger logQuery
INFO: DB CACHE [ε | success_request_all_zeros success_and_cryptobinding /  empty_peap tlv_failure]
Aug 13, 2025 3:10:07 PM de.learnlib.logging.LearnLogger logQuery
INFO: DB CACHE [ε | success_request_with_credentials success_and_cryptobinding /  empty_peap tlv_failure]
Aug 13, 2025 3:10:07 PM de.learnlib.logging.LearnLogger logQuery
INFO: DB CACHE [ε | eap_success success_and_cryptobinding /  after_eap_success no_reply]
Aug 13, 2025 3:10:07 PM de.learnlib.logging.LearnLogger logQuery
INFO: DB CACHE [ε | id_request_v0 cryptobinding /  id_response_v0 no_reply]
Aug 13, 2025 3:10:07 PM de.learnlib.logging.LearnLogger logQuery
INFO: DB CACHE [ε | challenge_v0 cryptobinding /  empty_peap no_reply]
Aug 13, 2025 3:10:07 PM de.learnlib.logging.LearnLogger logQuery
INFO: DB CACHE [ε | success_request_all_zeros cryptobinding /  empty_peap no_reply]
Aug 13, 2025 3:10:07 PM de.learnlib.logging.LearnLogger logQuery
INFO: DB CACHE [ε | success_request_with_credentials cryptobinding /  empty_peap no_reply]
Aug 13, 2025 3:10:07 PM de.learnlib.logging.LearnLogger logQuery
INFO: DB CACHE [ε | eap_success cryptobinding /  after_eap_success no_reply]
Aug 13, 2025 3:10:07 PM de.learnlib.logging.LearnLogger logQuery
INFO: DB CACHE [ε | id_request_v0 eap_success /  id_response_v0 after_eap_success]
Aug 13, 2025 3:10:07 PM de.learnlib.logging.LearnLogger logQuery
INFO: DB CACHE [ε | id_request_v0 eap_success id_request_v0 /  id_response_v0 after_eap_success no_reply]
Aug 13, 2025 3:10:07 PM de.learnlib.logging.LearnLogger logQuery
INFO: DB CACHE [ε | id_request_v0 eap_success challenge_v0 /  id_response_v0 after_eap_success no_reply]
Aug 13, 2025 3:10:07 PM de.learnlib.logging.LearnLogger logQuery
INFO: DB CACHE [ε | id_request_v0 eap_success tlv_request /  id_response_v0 after_eap_success no_reply]
Aug 13, 2025 3:10:07 PM de.learnlib.logging.LearnLogger logQuery
INFO: DB CACHE [ε | challenge_v0 eap_success /  empty_peap after_eap_success]
Aug 13, 2025 3:10:07 PM de.learnlib.logging.LearnLogger logQuery
INFO: DB CACHE [ε | challenge_v0 eap_success id_request_v0 /  empty_peap after_eap_success no_reply]
Aug 13, 2025 3:10:07 PM de.learnlib.logging.LearnLogger logQuery
INFO: DB CACHE [ε | challenge_v0 eap_success challenge_v0 /  empty_peap after_eap_success no_reply]
Aug 13, 2025 3:10:07 PM de.learnlib.logging.LearnLogger logQuery
INFO: DB CACHE [ε | challenge_v0 eap_success tlv_request /  empty_peap after_eap_success no_reply]
Aug 13, 2025 3:10:07 PM de.learnlib.logging.LearnLogger logQuery
INFO: DB CACHE [ε | success_request_all_zeros eap_success /  empty_peap after_eap_success]
Aug 13, 2025 3:10:07 PM de.learnlib.logging.LearnLogger logQuery
INFO: DB CACHE [ε | success_request_all_zeros eap_success id_request_v0 /  empty_peap after_eap_success no_reply]
Aug 13, 2025 3:10:07 PM de.learnlib.logging.LearnLogger logQuery
INFO: DB CACHE [ε | success_request_all_zeros eap_success challenge_v0 /  empty_peap after_eap_success no_reply]
Aug 13, 2025 3:10:07 PM de.learnlib.logging.LearnLogger logQuery
INFO: DB CACHE [ε | success_request_all_zeros eap_success tlv_request /  empty_peap after_eap_success no_reply]
Aug 13, 2025 3:10:07 PM de.learnlib.logging.LearnLogger logQuery
INFO: DB CACHE [ε | success_request_with_credentials eap_success /  empty_peap after_eap_success]
Aug 13, 2025 3:10:07 PM de.learnlib.logging.LearnLogger logQuery
INFO: DB CACHE [ε | success_request_with_credentials eap_success id_request_v0 /  empty_peap after_eap_success no_reply]
Aug 13, 2025 3:10:07 PM de.learnlib.logging.LearnLogger logQuery
INFO: DB CACHE [ε | success_request_with_credentials eap_success challenge_v0 /  empty_peap after_eap_success no_reply]
Aug 13, 2025 3:10:07 PM de.learnlib.logging.LearnLogger logQuery
INFO: DB CACHE [ε | success_request_with_credentials eap_success tlv_request /  empty_peap after_eap_success no_reply]
Aug 13, 2025 3:10:07 PM de.learnlib.logging.LearnLogger logQuery
INFO: DB CACHE [ε | eap_success eap_success /  after_eap_success after_eap_success]
Aug 13, 2025 3:10:07 PM de.learnlib.logging.LearnLogger logQuery
INFO: DB CACHE [ε | eap_success eap_success id_request_v0 /  after_eap_success after_eap_success no_reply]
Aug 13, 2025 3:10:07 PM de.learnlib.logging.LearnLogger logQuery
INFO: DB CACHE [ε | eap_success eap_success challenge_v0 /  after_eap_success after_eap_success no_reply]
Aug 13, 2025 3:10:07 PM de.learnlib.logging.LearnLogger logQuery
INFO: DB CACHE [ε | eap_success eap_success tlv_request /  after_eap_success after_eap_success no_reply]
Aug 13, 2025 3:10:07 PM de.learnlib.logging.LearnLogger logQuery
INFO: DB CACHE [ε | id_request_v0 4_way_message_1 /  id_response_v0 no_reply]
Aug 13, 2025 3:10:07 PM de.learnlib.logging.LearnLogger logQuery
INFO: DB CACHE [ε | challenge_v0 4_way_message_1 /  empty_peap no_reply]
Aug 13, 2025 3:10:07 PM de.learnlib.logging.LearnLogger logQuery
INFO: DB CACHE [ε | success_request_all_zeros 4_way_message_1 /  empty_peap no_reply]
Aug 13, 2025 3:10:07 PM de.learnlib.logging.LearnLogger logQuery
INFO: DB CACHE [ε | success_request_with_credentials 4_way_message_1 /  empty_peap no_reply]
Aug 13, 2025 3:10:07 PM de.learnlib.logging.LearnLogger logQuery
INFO: DB CACHE [ε | eap_success 4_way_message_1 /  after_eap_success no_reply]
Aug 13, 2025 3:10:07 PM de.learnlib.logging.LearnLogger logQuery
INFO: DB CACHE [ε | id_request_v0 id_request_v0 id_request_v0 id_request_v0 /  id_response_v0 nak nak nak]
Aug 13, 2025 3:10:07 PM de.learnlib.logging.LearnLogger logQuery
INFO: DB CACHE [ε | id_request_v0 id_request_v0 id_request_v0 challenge_v0 /  id_response_v0 nak nak challenge_response_v0]
Aug 13, 2025 3:10:07 PM de.learnlib.logging.LearnLogger logQuery
INFO: DB CACHE [ε | id_request_v0 id_request_v0 id_request_v0 tlv_request /  id_response_v0 nak nak tlv_failure]
Aug 13, 2025 3:10:07 PM de.learnlib.logging.LearnLogger logQuery
INFO: DB CACHE [ε | id_request_v0 id_request_v0 challenge_v0 id_request_v0 /  id_response_v0 nak challenge_response_v0 no_reply]
Aug 13, 2025 3:10:07 PM de.learnlib.logging.LearnLogger logQuery
INFO: DB CACHE [ε | id_request_v0 id_request_v0 challenge_v0 challenge_v0 /  id_response_v0 nak challenge_response_v0 deauthentication]
Aug 13, 2025 3:10:07 PM de.learnlib.logging.LearnLogger logQuery
INFO: DB CACHE [ε | id_request_v0 id_request_v0 challenge_v0 tlv_request /  id_response_v0 nak challenge_response_v0 tlv_failure]
Aug 13, 2025 3:10:07 PM de.learnlib.logging.LearnLogger logQuery
INFO: DB CACHE [ε | id_request_v0 id_request_v0 tlv_failure /  id_response_v0 nak tlv_failure]
Aug 13, 2025 3:10:07 PM de.learnlib.logging.LearnLogger logQuery
INFO: DB CACHE [ε | id_request_v0 challenge_v0 tlv_failure /  id_response_v0 challenge_response_v0 tlv_failure]
Aug 13, 2025 3:10:07 PM de.learnlib.logging.LearnLogger logQuery
INFO: DB CACHE [ε | id_request_v0 eap_success tlv_failure /  id_response_v0 after_eap_success no_reply]
Aug 13, 2025 3:10:07 PM de.learnlib.logging.LearnLogger logQuery
INFO: DB CACHE [ε | id_request_v0 id_request_v0 success_request_all_zeros /  id_response_v0 nak no_reply]
Aug 13, 2025 3:10:07 PM de.learnlib.logging.LearnLogger logQuery
INFO: DB CACHE [ε | id_request_v0 challenge_v0 success_request_all_zeros /  id_response_v0 challenge_response_v0 deauthentication]
Aug 13, 2025 3:10:07 PM de.learnlib.logging.LearnLogger logQuery
INFO: DB CACHE [ε | id_request_v0 eap_success success_request_all_zeros /  id_response_v0 after_eap_success no_reply]
Aug 13, 2025 3:10:07 PM de.learnlib.logging.LearnLogger logQuery
INFO: DB CACHE [ε | id_request_v0 id_request_v0 success_request_with_credentials /  id_response_v0 nak no_reply]
Aug 13, 2025 3:10:07 PM de.learnlib.logging.LearnLogger logQuery
INFO: DB CACHE [ε | id_request_v0 challenge_v0 success_request_with_credentials /  id_response_v0 challenge_response_v0 success_response_v0]
Aug 13, 2025 3:10:07 PM de.learnlib.logging.LearnLogger logQuery
INFO: DB CACHE [ε | id_request_v0 challenge_v0 success_request_with_credentials id_request_v0 /  id_response_v0 challenge_response_v0 success_response_v0 no_reply]
Aug 13, 2025 3:10:07 PM de.learnlib.logging.LearnLogger logQuery
INFO: DB CACHE [ε | id_request_v0 challenge_v0 success_request_with_credentials challenge_v0 /  id_response_v0 challenge_response_v0 success_response_v0 no_reply]
Aug 13, 2025 3:10:07 PM de.learnlib.logging.LearnLogger logQuery
INFO: DB CACHE [ε | id_request_v0 challenge_v0 success_request_with_credentials tlv_request /  id_response_v0 challenge_response_v0 success_response_v0 tlv_success]
Aug 13, 2025 3:10:07 PM de.learnlib.logging.LearnLogger logQuery
INFO: DB CACHE [ε | id_request_v0 eap_success success_request_with_credentials /  id_response_v0 after_eap_success no_reply]
Aug 13, 2025 3:10:07 PM de.learnlib.logging.LearnLogger logQuery
INFO: DB CACHE [ε | id_request_v0 id_request_v0 success_and_cryptobinding /  id_response_v0 nak tlv_failure]
Aug 13, 2025 3:10:07 PM de.learnlib.logging.LearnLogger logQuery
INFO: DB CACHE [ε | id_request_v0 challenge_v0 success_and_cryptobinding /  id_response_v0 challenge_response_v0 tlv_failure]
Aug 13, 2025 3:10:07 PM de.learnlib.logging.LearnLogger logQuery
INFO: DB CACHE [ε | id_request_v0 eap_success success_and_cryptobinding /  id_response_v0 after_eap_success no_reply]
Aug 13, 2025 3:10:07 PM de.learnlib.logging.LearnLogger logQuery
INFO: DB CACHE [ε | id_request_v0 id_request_v0 cryptobinding /  id_response_v0 nak no_reply]
Aug 13, 2025 3:10:07 PM de.learnlib.logging.LearnLogger logQuery
INFO: DB CACHE [ε | id_request_v0 challenge_v0 cryptobinding /  id_response_v0 challenge_response_v0 no_reply]
Aug 13, 2025 3:10:07 PM de.learnlib.logging.LearnLogger logQuery
INFO: DB CACHE [ε | id_request_v0 eap_success cryptobinding /  id_response_v0 after_eap_success no_reply]
Aug 13, 2025 3:10:07 PM de.learnlib.logging.LearnLogger logQuery
INFO: DB CACHE [ε | id_request_v0 id_request_v0 eap_success /  id_response_v0 nak after_eap_success]
Aug 13, 2025 3:10:07 PM de.learnlib.logging.LearnLogger logQuery
INFO: DB CACHE [ε | id_request_v0 id_request_v0 eap_success id_request_v0 /  id_response_v0 nak after_eap_success no_reply]
Aug 13, 2025 3:10:07 PM de.learnlib.logging.LearnLogger logQuery
INFO: DB CACHE [ε | id_request_v0 id_request_v0 eap_success challenge_v0 /  id_response_v0 nak after_eap_success no_reply]
Aug 13, 2025 3:10:07 PM de.learnlib.logging.LearnLogger logQuery
INFO: DB CACHE [ε | id_request_v0 id_request_v0 eap_success tlv_request /  id_response_v0 nak after_eap_success no_reply]
Aug 13, 2025 3:10:07 PM de.learnlib.logging.LearnLogger logQuery
INFO: DB CACHE [ε | id_request_v0 challenge_v0 eap_success /  id_response_v0 challenge_response_v0 after_eap_success]
Aug 13, 2025 3:10:07 PM de.learnlib.logging.LearnLogger logQuery
INFO: DB CACHE [ε | id_request_v0 challenge_v0 eap_success id_request_v0 /  id_response_v0 challenge_response_v0 after_eap_success no_reply]
Aug 13, 2025 3:10:07 PM de.learnlib.logging.LearnLogger logQuery
INFO: DB CACHE [ε | id_request_v0 challenge_v0 eap_success challenge_v0 /  id_response_v0 challenge_response_v0 after_eap_success no_reply]
Aug 13, 2025 3:10:07 PM de.learnlib.logging.LearnLogger logQuery
INFO: DB CACHE [ε | id_request_v0 challenge_v0 eap_success tlv_request /  id_response_v0 challenge_response_v0 after_eap_success no_reply]
Aug 13, 2025 3:10:07 PM de.learnlib.logging.LearnLogger logQuery
INFO: DB CACHE [ε | id_request_v0 eap_success eap_success /  id_response_v0 after_eap_success after_eap_success]
Aug 13, 2025 3:10:07 PM de.learnlib.logging.LearnLogger logQuery
INFO: DB CACHE [ε | id_request_v0 eap_success eap_success id_request_v0 /  id_response_v0 after_eap_success after_eap_success no_reply]
Aug 13, 2025 3:10:07 PM de.learnlib.logging.LearnLogger logQuery
INFO: DB CACHE [ε | id_request_v0 eap_success eap_success challenge_v0 /  id_response_v0 after_eap_success after_eap_success no_reply]
Aug 13, 2025 3:10:07 PM de.learnlib.logging.LearnLogger logQuery
INFO: DB CACHE [ε | id_request_v0 eap_success eap_success tlv_request /  id_response_v0 after_eap_success after_eap_success no_reply]
Aug 13, 2025 3:10:07 PM de.learnlib.logging.LearnLogger logQuery
INFO: DB CACHE [ε | id_request_v0 id_request_v0 4_way_message_1 /  id_response_v0 nak no_reply]
Aug 13, 2025 3:10:07 PM de.learnlib.logging.LearnLogger logQuery
INFO: DB CACHE [ε | id_request_v0 challenge_v0 4_way_message_1 /  id_response_v0 challenge_response_v0 no_reply]
Aug 13, 2025 3:10:07 PM de.learnlib.logging.LearnLogger logQuery
INFO: DB CACHE [ε | id_request_v0 eap_success 4_way_message_1 /  id_response_v0 after_eap_success no_reply]
Aug 13, 2025 3:10:07 PM de.learnlib.logging.LearnLogger logQuery
INFO: DB CACHE [ε | challenge_v0 id_request_v0 id_request_v0 id_request_v0 /  empty_peap id_response_v0 nak nak]
Aug 13, 2025 3:10:07 PM de.learnlib.logging.LearnLogger logQuery
INFO: DB CACHE [ε | challenge_v0 id_request_v0 id_request_v0 challenge_v0 /  empty_peap id_response_v0 nak challenge_response_v0]
Aug 13, 2025 3:10:07 PM de.learnlib.logging.LearnLogger logQuery
INFO: DB CACHE [ε | challenge_v0 id_request_v0 id_request_v0 tlv_request /  empty_peap id_response_v0 nak tlv_failure]
Aug 13, 2025 3:10:07 PM de.learnlib.logging.LearnLogger logQuery
INFO: DB CACHE [ε | challenge_v0 challenge_v0 id_request_v0 id_request_v0 /  empty_peap empty_peap id_response_v0 nak]
Aug 13, 2025 3:10:07 PM de.learnlib.logging.LearnLogger logQuery
INFO: DB CACHE [ε | challenge_v0 challenge_v0 id_request_v0 challenge_v0 /  empty_peap empty_peap id_response_v0 challenge_response_v0]
Aug 13, 2025 3:10:07 PM de.learnlib.logging.LearnLogger logQuery
INFO: DB CACHE [ε | challenge_v0 challenge_v0 id_request_v0 tlv_request /  empty_peap empty_peap id_response_v0 tlv_failure]
Aug 13, 2025 3:10:07 PM de.learnlib.logging.LearnLogger logQuery
INFO: DB CACHE [ε | challenge_v0 success_request_all_zeros id_request_v0 id_request_v0 /  empty_peap empty_peap id_response_v0 nak]
Aug 13, 2025 3:10:07 PM de.learnlib.logging.LearnLogger logQuery
INFO: DB CACHE [ε | challenge_v0 success_request_all_zeros id_request_v0 challenge_v0 /  empty_peap empty_peap id_response_v0 challenge_response_v0]
Aug 13, 2025 3:10:07 PM de.learnlib.logging.LearnLogger logQuery
INFO: DB CACHE [ε | challenge_v0 success_request_all_zeros id_request_v0 tlv_request /  empty_peap empty_peap id_response_v0 tlv_failure]
Aug 13, 2025 3:10:07 PM de.learnlib.logging.LearnLogger logQuery
INFO: DB CACHE [ε | challenge_v0 success_request_with_credentials id_request_v0 id_request_v0 /  empty_peap empty_peap id_response_v0 nak]
Aug 13, 2025 3:10:07 PM de.learnlib.logging.LearnLogger logQuery
INFO: DB CACHE [ε | challenge_v0 success_request_with_credentials id_request_v0 challenge_v0 /  empty_peap empty_peap id_response_v0 challenge_response_v0]
Aug 13, 2025 3:10:07 PM de.learnlib.logging.LearnLogger logQuery
INFO: DB CACHE [ε | challenge_v0 success_request_with_credentials id_request_v0 tlv_request /  empty_peap empty_peap id_response_v0 tlv_failure]
Aug 13, 2025 3:10:07 PM de.learnlib.logging.LearnLogger logQuery
INFO: DB CACHE [ε | challenge_v0 id_request_v0 challenge_v0 id_request_v0 /  empty_peap id_response_v0 challenge_response_v0 no_reply]
Aug 13, 2025 3:10:07 PM de.learnlib.logging.LearnLogger logQuery
INFO: DB CACHE [ε | challenge_v0 id_request_v0 challenge_v0 challenge_v0 /  empty_peap id_response_v0 challenge_response_v0 deauthentication]
Aug 13, 2025 3:10:07 PM de.learnlib.logging.LearnLogger logQuery
INFO: DB CACHE [ε | challenge_v0 id_request_v0 challenge_v0 tlv_request /  empty_peap id_response_v0 challenge_response_v0 tlv_failure]
Aug 13, 2025 3:10:07 PM de.learnlib.logging.LearnLogger logQuery
INFO: DB CACHE [ε | challenge_v0 challenge_v0 challenge_v0 id_request_v0 /  empty_peap empty_peap empty_peap id_response_v0]
Aug 13, 2025 3:10:07 PM de.learnlib.logging.LearnLogger logQuery
INFO: DB CACHE [ε | challenge_v0 challenge_v0 challenge_v0 challenge_v0 /  empty_peap empty_peap empty_peap empty_peap]
Aug 13, 2025 3:10:07 PM de.learnlib.logging.LearnLogger logQuery
INFO: DB CACHE [ε | challenge_v0 challenge_v0 challenge_v0 tlv_request /  empty_peap empty_peap empty_peap tlv_failure]
Aug 13, 2025 3:10:07 PM de.learnlib.logging.LearnLogger logQuery
INFO: DB CACHE [ε | challenge_v0 success_request_all_zeros challenge_v0 id_request_v0 /  empty_peap empty_peap empty_peap id_response_v0]
Aug 13, 2025 3:10:07 PM de.learnlib.logging.LearnLogger logQuery
INFO: DB CACHE [ε | challenge_v0 success_request_all_zeros challenge_v0 challenge_v0 /  empty_peap empty_peap empty_peap empty_peap]
Aug 13, 2025 3:10:07 PM de.learnlib.logging.LearnLogger logQuery
INFO: DB CACHE [ε | challenge_v0 success_request_all_zeros challenge_v0 tlv_request /  empty_peap empty_peap empty_peap tlv_failure]
Aug 13, 2025 3:10:07 PM de.learnlib.logging.LearnLogger logQuery
INFO: DB CACHE [ε | challenge_v0 success_request_with_credentials challenge_v0 id_request_v0 /  empty_peap empty_peap empty_peap id_response_v0]
Aug 13, 2025 3:10:07 PM de.learnlib.logging.LearnLogger logQuery
INFO: DB CACHE [ε | challenge_v0 success_request_with_credentials challenge_v0 challenge_v0 /  empty_peap empty_peap empty_peap empty_peap]
Aug 13, 2025 3:10:07 PM de.learnlib.logging.LearnLogger logQuery
INFO: DB CACHE [ε | challenge_v0 success_request_with_credentials challenge_v0 tlv_request /  empty_peap empty_peap empty_peap tlv_failure]
Aug 13, 2025 3:10:07 PM de.learnlib.logging.LearnLogger logQuery
INFO: DB CACHE [ε | challenge_v0 id_request_v0 tlv_failure /  empty_peap id_response_v0 tlv_failure]
Aug 13, 2025 3:10:07 PM de.learnlib.logging.LearnLogger logQuery
INFO: DB CACHE [ε | challenge_v0 challenge_v0 tlv_failure /  empty_peap empty_peap tlv_failure]
Aug 13, 2025 3:10:07 PM de.learnlib.logging.LearnLogger logQuery
INFO: DB CACHE [ε | challenge_v0 success_request_all_zeros tlv_failure /  empty_peap empty_peap tlv_failure]
Aug 13, 2025 3:10:07 PM de.learnlib.logging.LearnLogger logQuery
INFO: DB CACHE [ε | challenge_v0 success_request_with_credentials tlv_failure /  empty_peap empty_peap tlv_failure]
Aug 13, 2025 3:10:07 PM de.learnlib.logging.LearnLogger logQuery
INFO: DB CACHE [ε | challenge_v0 eap_success tlv_failure /  empty_peap after_eap_success no_reply]
Aug 13, 2025 3:10:07 PM de.learnlib.logging.LearnLogger logQuery
INFO: DB CACHE [ε | challenge_v0 id_request_v0 success_request_all_zeros /  empty_peap id_response_v0 no_reply]
Aug 13, 2025 3:10:07 PM de.learnlib.logging.LearnLogger logQuery
INFO: DB CACHE [ε | challenge_v0 challenge_v0 success_request_all_zeros /  empty_peap empty_peap empty_peap]
Aug 13, 2025 3:10:07 PM de.learnlib.logging.LearnLogger logQuery
INFO: DB CACHE [ε | challenge_v0 challenge_v0 success_request_all_zeros id_request_v0 /  empty_peap empty_peap empty_peap id_response_v0]
Aug 13, 2025 3:10:07 PM de.learnlib.logging.LearnLogger logQuery
INFO: DB CACHE [ε | challenge_v0 challenge_v0 success_request_all_zeros challenge_v0 /  empty_peap empty_peap empty_peap empty_peap]
Aug 13, 2025 3:10:07 PM de.learnlib.logging.LearnLogger logQuery
INFO: DB CACHE [ε | challenge_v0 challenge_v0 success_request_all_zeros tlv_request /  empty_peap empty_peap empty_peap tlv_failure]
Aug 13, 2025 3:10:07 PM de.learnlib.logging.LearnLogger logQuery
INFO: DB CACHE [ε | challenge_v0 success_request_all_zeros success_request_all_zeros /  empty_peap empty_peap empty_peap]
Aug 13, 2025 3:10:07 PM de.learnlib.logging.LearnLogger logQuery
INFO: DB CACHE [ε | challenge_v0 success_request_all_zeros success_request_all_zeros id_request_v0 /  empty_peap empty_peap empty_peap id_response_v0]
Aug 13, 2025 3:10:07 PM de.learnlib.logging.LearnLogger logQuery
INFO: DB CACHE [ε | challenge_v0 success_request_all_zeros success_request_all_zeros challenge_v0 /  empty_peap empty_peap empty_peap empty_peap]
Aug 13, 2025 3:10:07 PM de.learnlib.logging.LearnLogger logQuery
INFO: DB CACHE [ε | challenge_v0 success_request_all_zeros success_request_all_zeros tlv_request /  empty_peap empty_peap empty_peap tlv_failure]
Aug 13, 2025 3:10:07 PM de.learnlib.logging.LearnLogger logQuery
INFO: DB CACHE [ε | challenge_v0 success_request_with_credentials success_request_all_zeros /  empty_peap empty_peap empty_peap]
Aug 13, 2025 3:10:07 PM de.learnlib.logging.LearnLogger logQuery
INFO: DB CACHE [ε | challenge_v0 success_request_with_credentials success_request_all_zeros id_request_v0 /  empty_peap empty_peap empty_peap id_response_v0]
Aug 13, 2025 3:10:07 PM de.learnlib.logging.LearnLogger logQuery
INFO: DB CACHE [ε | challenge_v0 success_request_with_credentials success_request_all_zeros challenge_v0 /  empty_peap empty_peap empty_peap empty_peap]
Aug 13, 2025 3:10:07 PM de.learnlib.logging.LearnLogger logQuery
INFO: DB CACHE [ε | challenge_v0 success_request_with_credentials success_request_all_zeros tlv_request /  empty_peap empty_peap empty_peap tlv_failure]
Aug 13, 2025 3:10:07 PM de.learnlib.logging.LearnLogger logQuery
INFO: DB CACHE [ε | challenge_v0 eap_success success_request_all_zeros /  empty_peap after_eap_success no_reply]
Aug 13, 2025 3:10:07 PM de.learnlib.logging.LearnLogger logQuery
INFO: DB CACHE [ε | challenge_v0 id_request_v0 success_request_with_credentials /  empty_peap id_response_v0 no_reply]
Aug 13, 2025 3:10:07 PM de.learnlib.logging.LearnLogger logQuery
INFO: DB CACHE [ε | challenge_v0 challenge_v0 success_request_with_credentials /  empty_peap empty_peap empty_peap]
Aug 13, 2025 3:10:07 PM de.learnlib.logging.LearnLogger logQuery
INFO: DB CACHE [ε | challenge_v0 challenge_v0 success_request_with_credentials id_request_v0 /  empty_peap empty_peap empty_peap id_response_v0]
Aug 13, 2025 3:10:07 PM de.learnlib.logging.LearnLogger logQuery
INFO: DB CACHE [ε | challenge_v0 challenge_v0 success_request_with_credentials challenge_v0 /  empty_peap empty_peap empty_peap empty_peap]
Aug 13, 2025 3:10:07 PM de.learnlib.logging.LearnLogger logQuery
INFO: DB CACHE [ε | challenge_v0 challenge_v0 success_request_with_credentials tlv_request /  empty_peap empty_peap empty_peap tlv_failure]
Aug 13, 2025 3:10:07 PM de.learnlib.logging.LearnLogger logQuery
INFO: DB CACHE [ε | challenge_v0 success_request_all_zeros success_request_with_credentials /  empty_peap empty_peap empty_peap]
Aug 13, 2025 3:10:07 PM de.learnlib.logging.LearnLogger logQuery
INFO: DB CACHE [ε | challenge_v0 success_request_all_zeros success_request_with_credentials id_request_v0 /  empty_peap empty_peap empty_peap id_response_v0]
Aug 13, 2025 3:10:07 PM de.learnlib.logging.LearnLogger logQuery
INFO: DB CACHE [ε | challenge_v0 success_request_all_zeros success_request_with_credentials challenge_v0 /  empty_peap empty_peap empty_peap empty_peap]
Aug 13, 2025 3:10:07 PM de.learnlib.logging.LearnLogger logQuery
INFO: DB CACHE [ε | challenge_v0 success_request_all_zeros success_request_with_credentials tlv_request /  empty_peap empty_peap empty_peap tlv_failure]
Aug 13, 2025 3:10:07 PM de.learnlib.logging.LearnLogger logQuery
INFO: DB CACHE [ε | challenge_v0 success_request_with_credentials success_request_with_credentials /  empty_peap empty_peap empty_peap]
Aug 13, 2025 3:10:07 PM de.learnlib.logging.LearnLogger logQuery
INFO: DB CACHE [ε | challenge_v0 success_request_with_credentials success_request_with_credentials id_request_v0 /  empty_peap empty_peap empty_peap id_response_v0]
Aug 13, 2025 3:10:07 PM de.learnlib.logging.LearnLogger logQuery
INFO: DB CACHE [ε | challenge_v0 success_request_with_credentials success_request_with_credentials challenge_v0 /  empty_peap empty_peap empty_peap empty_peap]
Aug 13, 2025 3:10:07 PM de.learnlib.logging.LearnLogger logQuery
INFO: DB CACHE [ε | challenge_v0 success_request_with_credentials success_request_with_credentials tlv_request /  empty_peap empty_peap empty_peap tlv_failure]
Aug 13, 2025 3:10:07 PM de.learnlib.logging.LearnLogger logQuery
INFO: DB CACHE [ε | challenge_v0 eap_success success_request_with_credentials /  empty_peap after_eap_success no_reply]
Aug 13, 2025 3:10:07 PM de.learnlib.logging.LearnLogger logQuery
INFO: DB CACHE [ε | challenge_v0 id_request_v0 success_and_cryptobinding /  empty_peap id_response_v0 tlv_failure]
Aug 13, 2025 3:10:07 PM de.learnlib.logging.LearnLogger logQuery
INFO: DB CACHE [ε | challenge_v0 challenge_v0 success_and_cryptobinding /  empty_peap empty_peap tlv_failure]
Aug 13, 2025 3:10:07 PM de.learnlib.logging.LearnLogger logQuery
INFO: DB CACHE [ε | challenge_v0 success_request_all_zeros success_and_cryptobinding /  empty_peap empty_peap tlv_failure]
Aug 13, 2025 3:10:07 PM de.learnlib.logging.LearnLogger logQuery
INFO: DB CACHE [ε | challenge_v0 success_request_with_credentials success_and_cryptobinding /  empty_peap empty_peap tlv_failure]
Aug 13, 2025 3:10:07 PM de.learnlib.logging.LearnLogger logQuery
INFO: DB CACHE [ε | challenge_v0 eap_success success_and_cryptobinding /  empty_peap after_eap_success no_reply]
Aug 13, 2025 3:10:07 PM de.learnlib.logging.LearnLogger logQuery
INFO: DB CACHE [ε | challenge_v0 id_request_v0 cryptobinding /  empty_peap id_response_v0 no_reply]
Aug 13, 2025 3:10:07 PM de.learnlib.logging.LearnLogger logQuery
INFO: DB CACHE [ε | challenge_v0 challenge_v0 cryptobinding /  empty_peap empty_peap no_reply]
Aug 13, 2025 3:10:07 PM de.learnlib.logging.LearnLogger logQuery
INFO: DB CACHE [ε | challenge_v0 success_request_all_zeros cryptobinding /  empty_peap empty_peap no_reply]
Aug 13, 2025 3:10:07 PM de.learnlib.logging.LearnLogger logQuery
INFO: DB CACHE [ε | challenge_v0 success_request_with_credentials cryptobinding /  empty_peap empty_peap no_reply]
Aug 13, 2025 3:10:07 PM de.learnlib.logging.LearnLogger logQuery
INFO: DB CACHE [ε | challenge_v0 eap_success cryptobinding /  empty_peap after_eap_success no_reply]
Aug 13, 2025 3:10:07 PM de.learnlib.logging.LearnLogger logQuery
INFO: DB CACHE [ε | challenge_v0 id_request_v0 eap_success /  empty_peap id_response_v0 after_eap_success]
Aug 13, 2025 3:10:07 PM de.learnlib.logging.LearnLogger logQuery
INFO: DB CACHE [ε | challenge_v0 id_request_v0 eap_success id_request_v0 /  empty_peap id_response_v0 after_eap_success no_reply]
Aug 13, 2025 3:10:07 PM de.learnlib.logging.LearnLogger logQuery
INFO: DB CACHE [ε | challenge_v0 id_request_v0 eap_success challenge_v0 /  empty_peap id_response_v0 after_eap_success no_reply]
Aug 13, 2025 3:10:07 PM de.learnlib.logging.LearnLogger logQuery
INFO: DB CACHE [ε | challenge_v0 id_request_v0 eap_success tlv_request /  empty_peap id_response_v0 after_eap_success no_reply]
Aug 13, 2025 3:10:07 PM de.learnlib.logging.LearnLogger logQuery
INFO: DB CACHE [ε | challenge_v0 challenge_v0 eap_success /  empty_peap empty_peap after_eap_success]
Aug 13, 2025 3:10:07 PM de.learnlib.logging.LearnLogger logQuery
INFO: DB CACHE [ε | challenge_v0 challenge_v0 eap_success id_request_v0 /  empty_peap empty_peap after_eap_success no_reply]
Aug 13, 2025 3:10:07 PM de.learnlib.logging.LearnLogger logQuery
INFO: DB CACHE [ε | challenge_v0 challenge_v0 eap_success challenge_v0 /  empty_peap empty_peap after_eap_success no_reply]
Aug 13, 2025 3:10:07 PM de.learnlib.logging.LearnLogger logQuery
INFO: DB CACHE [ε | challenge_v0 challenge_v0 eap_success tlv_request /  empty_peap empty_peap after_eap_success no_reply]
Aug 13, 2025 3:10:07 PM de.learnlib.logging.LearnLogger logQuery
INFO: DB CACHE [ε | challenge_v0 success_request_all_zeros eap_success /  empty_peap empty_peap after_eap_success]
Aug 13, 2025 3:10:07 PM de.learnlib.logging.LearnLogger logQuery
INFO: DB CACHE [ε | challenge_v0 success_request_all_zeros eap_success id_request_v0 /  empty_peap empty_peap after_eap_success no_reply]
Aug 13, 2025 3:10:07 PM de.learnlib.logging.LearnLogger logQuery
INFO: DB CACHE [ε | challenge_v0 success_request_all_zeros eap_success challenge_v0 /  empty_peap empty_peap after_eap_success no_reply]
Aug 13, 2025 3:10:07 PM de.learnlib.logging.LearnLogger logQuery
INFO: DB CACHE [ε | challenge_v0 success_request_all_zeros eap_success tlv_request /  empty_peap empty_peap after_eap_success no_reply]
Aug 13, 2025 3:10:07 PM de.learnlib.logging.LearnLogger logQuery
INFO: DB CACHE [ε | challenge_v0 success_request_with_credentials eap_success /  empty_peap empty_peap after_eap_success]
Aug 13, 2025 3:10:07 PM de.learnlib.logging.LearnLogger logQuery
INFO: DB CACHE [ε | challenge_v0 success_request_with_credentials eap_success id_request_v0 /  empty_peap empty_peap after_eap_success no_reply]
Aug 13, 2025 3:10:07 PM de.learnlib.logging.LearnLogger logQuery
INFO: DB CACHE [ε | challenge_v0 success_request_with_credentials eap_success challenge_v0 /  empty_peap empty_peap after_eap_success no_reply]
Aug 13, 2025 3:10:07 PM de.learnlib.logging.LearnLogger logQuery
INFO: DB CACHE [ε | challenge_v0 success_request_with_credentials eap_success tlv_request /  empty_peap empty_peap after_eap_success no_reply]
Aug 13, 2025 3:10:07 PM de.learnlib.logging.LearnLogger logQuery
INFO: DB CACHE [ε | challenge_v0 eap_success eap_success /  empty_peap after_eap_success after_eap_success]
Aug 13, 2025 3:10:07 PM de.learnlib.logging.LearnLogger logQuery
INFO: DB CACHE [ε | challenge_v0 eap_success eap_success id_request_v0 /  empty_peap after_eap_success after_eap_success no_reply]
Aug 13, 2025 3:10:07 PM de.learnlib.logging.LearnLogger logQuery
INFO: DB CACHE [ε | challenge_v0 eap_success eap_success challenge_v0 /  empty_peap after_eap_success after_eap_success no_reply]
Aug 13, 2025 3:10:07 PM de.learnlib.logging.LearnLogger logQuery
INFO: DB CACHE [ε | challenge_v0 eap_success eap_success tlv_request /  empty_peap after_eap_success after_eap_success no_reply]
Aug 13, 2025 3:10:07 PM de.learnlib.logging.LearnLogger logQuery
INFO: DB CACHE [ε | challenge_v0 id_request_v0 4_way_message_1 /  empty_peap id_response_v0 no_reply]
Aug 13, 2025 3:10:07 PM de.learnlib.logging.LearnLogger logQuery
INFO: DB CACHE [ε | challenge_v0 challenge_v0 4_way_message_1 /  empty_peap empty_peap no_reply]
Aug 13, 2025 3:10:07 PM de.learnlib.logging.LearnLogger logQuery
INFO: DB CACHE [ε | challenge_v0 success_request_all_zeros 4_way_message_1 /  empty_peap empty_peap no_reply]
Aug 13, 2025 3:10:07 PM de.learnlib.logging.LearnLogger logQuery
INFO: DB CACHE [ε | challenge_v0 success_request_with_credentials 4_way_message_1 /  empty_peap empty_peap no_reply]
Aug 13, 2025 3:10:07 PM de.learnlib.logging.LearnLogger logQuery
INFO: DB CACHE [ε | challenge_v0 eap_success 4_way_message_1 /  empty_peap after_eap_success no_reply]
Aug 13, 2025 3:10:07 PM de.learnlib.logging.LearnLogger logQuery
INFO: DB CACHE [ε | success_request_all_zeros id_request_v0 id_request_v0 id_request_v0 /  empty_peap id_response_v0 nak nak]
Aug 13, 2025 3:10:07 PM de.learnlib.logging.LearnLogger logQuery
INFO: DB CACHE [ε | success_request_all_zeros id_request_v0 id_request_v0 challenge_v0 /  empty_peap id_response_v0 nak challenge_response_v0]
Aug 13, 2025 3:10:07 PM de.learnlib.logging.LearnLogger logQuery
INFO: DB CACHE [ε | success_request_all_zeros id_request_v0 id_request_v0 tlv_request /  empty_peap id_response_v0 nak tlv_failure]
Aug 13, 2025 3:10:07 PM de.learnlib.logging.LearnLogger logQuery
INFO: DB CACHE [ε | success_request_all_zeros challenge_v0 id_request_v0 id_request_v0 /  empty_peap empty_peap id_response_v0 nak]
Aug 13, 2025 3:10:07 PM de.learnlib.logging.LearnLogger logQuery
INFO: DB CACHE [ε | success_request_all_zeros challenge_v0 id_request_v0 challenge_v0 /  empty_peap empty_peap id_response_v0 challenge_response_v0]
Aug 13, 2025 3:10:07 PM de.learnlib.logging.LearnLogger logQuery
INFO: DB CACHE [ε | success_request_all_zeros challenge_v0 id_request_v0 tlv_request /  empty_peap empty_peap id_response_v0 tlv_failure]
Aug 13, 2025 3:10:07 PM de.learnlib.logging.LearnLogger logQuery
INFO: DB CACHE [ε | success_request_all_zeros success_request_all_zeros id_request_v0 id_request_v0 /  empty_peap empty_peap id_response_v0 nak]
Aug 13, 2025 3:10:07 PM de.learnlib.logging.LearnLogger logQuery
INFO: DB CACHE [ε | success_request_all_zeros success_request_all_zeros id_request_v0 challenge_v0 /  empty_peap empty_peap id_response_v0 challenge_response_v0]
Aug 13, 2025 3:10:07 PM de.learnlib.logging.LearnLogger logQuery
INFO: DB CACHE [ε | success_request_all_zeros success_request_all_zeros id_request_v0 tlv_request /  empty_peap empty_peap id_response_v0 tlv_failure]
Aug 13, 2025 3:10:07 PM de.learnlib.logging.LearnLogger logQuery
INFO: DB CACHE [ε | success_request_all_zeros success_request_with_credentials id_request_v0 id_request_v0 /  empty_peap empty_peap id_response_v0 nak]
Aug 13, 2025 3:10:07 PM de.learnlib.logging.LearnLogger logQuery
INFO: DB CACHE [ε | success_request_all_zeros success_request_with_credentials id_request_v0 challenge_v0 /  empty_peap empty_peap id_response_v0 challenge_response_v0]
Aug 13, 2025 3:10:07 PM de.learnlib.logging.LearnLogger logQuery
INFO: DB CACHE [ε | success_request_all_zeros success_request_with_credentials id_request_v0 tlv_request /  empty_peap empty_peap id_response_v0 tlv_failure]
Aug 13, 2025 3:10:07 PM de.learnlib.logging.LearnLogger logQuery
INFO: DB CACHE [ε | success_request_all_zeros id_request_v0 challenge_v0 id_request_v0 /  empty_peap id_response_v0 challenge_response_v0 no_reply]
Aug 13, 2025 3:10:07 PM de.learnlib.logging.LearnLogger logQuery
INFO: DB CACHE [ε | success_request_all_zeros id_request_v0 challenge_v0 challenge_v0 /  empty_peap id_response_v0 challenge_response_v0 deauthentication]
Aug 13, 2025 3:10:07 PM de.learnlib.logging.LearnLogger logQuery
INFO: DB CACHE [ε | success_request_all_zeros id_request_v0 challenge_v0 tlv_request /  empty_peap id_response_v0 challenge_response_v0 tlv_failure]
Aug 13, 2025 3:10:07 PM de.learnlib.logging.LearnLogger logQuery
INFO: DB CACHE [ε | success_request_all_zeros challenge_v0 challenge_v0 id_request_v0 /  empty_peap empty_peap empty_peap id_response_v0]
Aug 13, 2025 3:10:07 PM de.learnlib.logging.LearnLogger logQuery
INFO: DB CACHE [ε | success_request_all_zeros challenge_v0 challenge_v0 challenge_v0 /  empty_peap empty_peap empty_peap empty_peap]
Aug 13, 2025 3:10:07 PM de.learnlib.logging.LearnLogger logQuery
INFO: DB CACHE [ε | success_request_all_zeros challenge_v0 challenge_v0 tlv_request /  empty_peap empty_peap empty_peap tlv_failure]
Aug 13, 2025 3:10:07 PM de.learnlib.logging.LearnLogger logQuery
INFO: DB CACHE [ε | success_request_all_zeros success_request_all_zeros challenge_v0 id_request_v0 /  empty_peap empty_peap empty_peap id_response_v0]
Aug 13, 2025 3:10:07 PM de.learnlib.logging.LearnLogger logQuery
INFO: DB CACHE [ε | success_request_all_zeros success_request_all_zeros challenge_v0 challenge_v0 /  empty_peap empty_peap empty_peap empty_peap]
Aug 13, 2025 3:10:07 PM de.learnlib.logging.LearnLogger logQuery
INFO: DB CACHE [ε | success_request_all_zeros success_request_all_zeros challenge_v0 tlv_request /  empty_peap empty_peap empty_peap tlv_failure]
Aug 13, 2025 3:10:07 PM de.learnlib.logging.LearnLogger logQuery
INFO: DB CACHE [ε | success_request_all_zeros success_request_with_credentials challenge_v0 id_request_v0 /  empty_peap empty_peap empty_peap id_response_v0]
Aug 13, 2025 3:10:07 PM de.learnlib.logging.LearnLogger logQuery
INFO: DB CACHE [ε | success_request_all_zeros success_request_with_credentials challenge_v0 challenge_v0 /  empty_peap empty_peap empty_peap empty_peap]
Aug 13, 2025 3:10:07 PM de.learnlib.logging.LearnLogger logQuery
INFO: DB CACHE [ε | success_request_all_zeros success_request_with_credentials challenge_v0 tlv_request /  empty_peap empty_peap empty_peap tlv_failure]
Aug 13, 2025 3:10:07 PM de.learnlib.logging.LearnLogger logQuery
INFO: DB CACHE [ε | success_request_all_zeros id_request_v0 tlv_failure /  empty_peap id_response_v0 tlv_failure]
Aug 13, 2025 3:10:07 PM de.learnlib.logging.LearnLogger logQuery
INFO: DB CACHE [ε | success_request_all_zeros challenge_v0 tlv_failure /  empty_peap empty_peap tlv_failure]
Aug 13, 2025 3:10:07 PM de.learnlib.logging.LearnLogger logQuery
INFO: DB CACHE [ε | success_request_all_zeros success_request_all_zeros tlv_failure /  empty_peap empty_peap tlv_failure]
Aug 13, 2025 3:10:07 PM de.learnlib.logging.LearnLogger logQuery
INFO: DB CACHE [ε | success_request_all_zeros success_request_with_credentials tlv_failure /  empty_peap empty_peap tlv_failure]
Aug 13, 2025 3:10:07 PM de.learnlib.logging.LearnLogger logQuery
INFO: DB CACHE [ε | success_request_all_zeros eap_success tlv_failure /  empty_peap after_eap_success no_reply]
Aug 13, 2025 3:10:07 PM de.learnlib.logging.LearnLogger logQuery
INFO: DB CACHE [ε | success_request_all_zeros id_request_v0 success_request_all_zeros /  empty_peap id_response_v0 no_reply]
Aug 13, 2025 3:10:07 PM de.learnlib.logging.LearnLogger logQuery
INFO: DB CACHE [ε | success_request_all_zeros challenge_v0 success_request_all_zeros /  empty_peap empty_peap empty_peap]
Aug 13, 2025 3:10:07 PM de.learnlib.logging.LearnLogger logQuery
INFO: DB CACHE [ε | success_request_all_zeros challenge_v0 success_request_all_zeros id_request_v0 /  empty_peap empty_peap empty_peap id_response_v0]
Aug 13, 2025 3:10:07 PM de.learnlib.logging.LearnLogger logQuery
INFO: DB CACHE [ε | success_request_all_zeros challenge_v0 success_request_all_zeros challenge_v0 /  empty_peap empty_peap empty_peap empty_peap]
Aug 13, 2025 3:10:07 PM de.learnlib.logging.LearnLogger logQuery
INFO: DB CACHE [ε | success_request_all_zeros challenge_v0 success_request_all_zeros tlv_request /  empty_peap empty_peap empty_peap tlv_failure]
Aug 13, 2025 3:10:07 PM de.learnlib.logging.LearnLogger logQuery
INFO: DB CACHE [ε | success_request_all_zeros success_request_all_zeros success_request_all_zeros /  empty_peap empty_peap empty_peap]
Aug 13, 2025 3:10:07 PM de.learnlib.logging.LearnLogger logQuery
INFO: DB CACHE [ε | success_request_all_zeros success_request_all_zeros success_request_all_zeros id_request_v0 /  empty_peap empty_peap empty_peap id_response_v0]
Aug 13, 2025 3:10:07 PM de.learnlib.logging.LearnLogger logQuery
INFO: DB CACHE [ε | success_request_all_zeros success_request_all_zeros success_request_all_zeros challenge_v0 /  empty_peap empty_peap empty_peap empty_peap]
Aug 13, 2025 3:10:07 PM de.learnlib.logging.LearnLogger logQuery
INFO: DB CACHE [ε | success_request_all_zeros success_request_all_zeros success_request_all_zeros tlv_request /  empty_peap empty_peap empty_peap tlv_failure]
Aug 13, 2025 3:10:07 PM de.learnlib.logging.LearnLogger logQuery
INFO: DB CACHE [ε | success_request_all_zeros success_request_with_credentials success_request_all_zeros /  empty_peap empty_peap empty_peap]
Aug 13, 2025 3:10:07 PM de.learnlib.logging.LearnLogger logQuery
INFO: DB CACHE [ε | success_request_all_zeros success_request_with_credentials success_request_all_zeros id_request_v0 /  empty_peap empty_peap empty_peap id_response_v0]
Aug 13, 2025 3:10:07 PM de.learnlib.logging.LearnLogger logQuery
INFO: DB CACHE [ε | success_request_all_zeros success_request_with_credentials success_request_all_zeros challenge_v0 /  empty_peap empty_peap empty_peap empty_peap]
Aug 13, 2025 3:10:07 PM de.learnlib.logging.LearnLogger logQuery
INFO: DB CACHE [ε | success_request_all_zeros success_request_with_credentials success_request_all_zeros tlv_request /  empty_peap empty_peap empty_peap tlv_failure]
Aug 13, 2025 3:10:07 PM de.learnlib.logging.LearnLogger logQuery
INFO: DB CACHE [ε | success_request_all_zeros eap_success success_request_all_zeros /  empty_peap after_eap_success no_reply]
Aug 13, 2025 3:10:07 PM de.learnlib.logging.LearnLogger logQuery
INFO: DB CACHE [ε | success_request_all_zeros id_request_v0 success_request_with_credentials /  empty_peap id_response_v0 no_reply]
Aug 13, 2025 3:10:07 PM de.learnlib.logging.LearnLogger logQuery
INFO: DB CACHE [ε | success_request_all_zeros challenge_v0 success_request_with_credentials /  empty_peap empty_peap empty_peap]
Aug 13, 2025 3:10:07 PM de.learnlib.logging.LearnLogger logQuery
INFO: DB CACHE [ε | success_request_all_zeros challenge_v0 success_request_with_credentials id_request_v0 /  empty_peap empty_peap empty_peap id_response_v0]
Aug 13, 2025 3:10:07 PM de.learnlib.logging.LearnLogger logQuery
INFO: DB CACHE [ε | success_request_all_zeros challenge_v0 success_request_with_credentials challenge_v0 /  empty_peap empty_peap empty_peap empty_peap]
Aug 13, 2025 3:10:07 PM de.learnlib.logging.LearnLogger logQuery
INFO: DB CACHE [ε | success_request_all_zeros challenge_v0 success_request_with_credentials tlv_request /  empty_peap empty_peap empty_peap tlv_failure]
Aug 13, 2025 3:10:07 PM de.learnlib.logging.LearnLogger logQuery
INFO: DB CACHE [ε | success_request_all_zeros success_request_all_zeros success_request_with_credentials /  empty_peap empty_peap empty_peap]
Aug 13, 2025 3:10:07 PM de.learnlib.logging.LearnLogger logQuery
INFO: DB CACHE [ε | success_request_all_zeros success_request_all_zeros success_request_with_credentials id_request_v0 /  empty_peap empty_peap empty_peap id_response_v0]
Aug 13, 2025 3:10:07 PM de.learnlib.logging.LearnLogger logQuery
INFO: DB CACHE [ε | success_request_all_zeros success_request_all_zeros success_request_with_credentials challenge_v0 /  empty_peap empty_peap empty_peap empty_peap]
Aug 13, 2025 3:10:07 PM de.learnlib.logging.LearnLogger logQuery
INFO: DB CACHE [ε | success_request_all_zeros success_request_all_zeros success_request_with_credentials tlv_request /  empty_peap empty_peap empty_peap tlv_failure]
Aug 13, 2025 3:10:07 PM de.learnlib.logging.LearnLogger logQuery
INFO: DB CACHE [ε | success_request_all_zeros success_request_with_credentials success_request_with_credentials /  empty_peap empty_peap empty_peap]
Aug 13, 2025 3:10:07 PM de.learnlib.logging.LearnLogger logQuery
INFO: DB CACHE [ε | success_request_all_zeros success_request_with_credentials success_request_with_credentials id_request_v0 /  empty_peap empty_peap empty_peap id_response_v0]
Aug 13, 2025 3:10:07 PM de.learnlib.logging.LearnLogger logQuery
INFO: DB CACHE [ε | success_request_all_zeros success_request_with_credentials success_request_with_credentials challenge_v0 /  empty_peap empty_peap empty_peap empty_peap]
Aug 13, 2025 3:10:07 PM de.learnlib.logging.LearnLogger logQuery
INFO: DB CACHE [ε | success_request_all_zeros success_request_with_credentials success_request_with_credentials tlv_request /  empty_peap empty_peap empty_peap tlv_failure]
Aug 13, 2025 3:10:07 PM de.learnlib.logging.LearnLogger logQuery
INFO: DB CACHE [ε | success_request_all_zeros eap_success success_request_with_credentials /  empty_peap after_eap_success no_reply]
Aug 13, 2025 3:10:07 PM de.learnlib.logging.LearnLogger logQuery
INFO: DB CACHE [ε | success_request_all_zeros id_request_v0 success_and_cryptobinding /  empty_peap id_response_v0 tlv_failure]
Aug 13, 2025 3:10:07 PM de.learnlib.logging.LearnLogger logQuery
INFO: DB CACHE [ε | success_request_all_zeros challenge_v0 success_and_cryptobinding /  empty_peap empty_peap tlv_failure]
Aug 13, 2025 3:10:07 PM de.learnlib.logging.LearnLogger logQuery
INFO: DB CACHE [ε | success_request_all_zeros success_request_all_zeros success_and_cryptobinding /  empty_peap empty_peap tlv_failure]
Aug 13, 2025 3:10:07 PM de.learnlib.logging.LearnLogger logQuery
INFO: DB CACHE [ε | success_request_all_zeros success_request_with_credentials success_and_cryptobinding /  empty_peap empty_peap tlv_failure]
Aug 13, 2025 3:10:07 PM de.learnlib.logging.LearnLogger logQuery
INFO: DB CACHE [ε | success_request_all_zeros eap_success success_and_cryptobinding /  empty_peap after_eap_success no_reply]
Aug 13, 2025 3:10:07 PM de.learnlib.logging.LearnLogger logQuery
INFO: DB CACHE [ε | success_request_all_zeros id_request_v0 cryptobinding /  empty_peap id_response_v0 no_reply]
Aug 13, 2025 3:10:07 PM de.learnlib.logging.LearnLogger logQuery
INFO: DB CACHE [ε | success_request_all_zeros challenge_v0 cryptobinding /  empty_peap empty_peap no_reply]
Aug 13, 2025 3:10:07 PM de.learnlib.logging.LearnLogger logQuery
INFO: DB CACHE [ε | success_request_all_zeros success_request_all_zeros cryptobinding /  empty_peap empty_peap no_reply]
Aug 13, 2025 3:10:07 PM de.learnlib.logging.LearnLogger logQuery
INFO: DB CACHE [ε | success_request_all_zeros success_request_with_credentials cryptobinding /  empty_peap empty_peap no_reply]
Aug 13, 2025 3:10:07 PM de.learnlib.logging.LearnLogger logQuery
INFO: DB CACHE [ε | success_request_all_zeros eap_success cryptobinding /  empty_peap after_eap_success no_reply]
Aug 13, 2025 3:10:07 PM de.learnlib.logging.LearnLogger logQuery
INFO: DB CACHE [ε | success_request_all_zeros id_request_v0 eap_success /  empty_peap id_response_v0 after_eap_success]
Aug 13, 2025 3:10:07 PM de.learnlib.logging.LearnLogger logQuery
INFO: DB CACHE [ε | success_request_all_zeros id_request_v0 eap_success id_request_v0 /  empty_peap id_response_v0 after_eap_success no_reply]
Aug 13, 2025 3:10:07 PM de.learnlib.logging.LearnLogger logQuery
INFO: DB CACHE [ε | success_request_all_zeros id_request_v0 eap_success challenge_v0 /  empty_peap id_response_v0 after_eap_success no_reply]
Aug 13, 2025 3:10:07 PM de.learnlib.logging.LearnLogger logQuery
INFO: DB CACHE [ε | success_request_all_zeros id_request_v0 eap_success tlv_request /  empty_peap id_response_v0 after_eap_success no_reply]
Aug 13, 2025 3:10:07 PM de.learnlib.logging.LearnLogger logQuery
INFO: DB CACHE [ε | success_request_all_zeros challenge_v0 eap_success /  empty_peap empty_peap after_eap_success]
Aug 13, 2025 3:10:07 PM de.learnlib.logging.LearnLogger logQuery
INFO: DB CACHE [ε | success_request_all_zeros challenge_v0 eap_success id_request_v0 /  empty_peap empty_peap after_eap_success no_reply]
Aug 13, 2025 3:10:07 PM de.learnlib.logging.LearnLogger logQuery
INFO: DB CACHE [ε | success_request_all_zeros challenge_v0 eap_success challenge_v0 /  empty_peap empty_peap after_eap_success no_reply]
Aug 13, 2025 3:10:07 PM de.learnlib.logging.LearnLogger logQuery
INFO: DB CACHE [ε | success_request_all_zeros challenge_v0 eap_success tlv_request /  empty_peap empty_peap after_eap_success no_reply]
Aug 13, 2025 3:10:07 PM de.learnlib.logging.LearnLogger logQuery
INFO: DB CACHE [ε | success_request_all_zeros success_request_all_zeros eap_success /  empty_peap empty_peap after_eap_success]
Aug 13, 2025 3:10:07 PM de.learnlib.logging.LearnLogger logQuery
INFO: DB CACHE [ε | success_request_all_zeros success_request_all_zeros eap_success id_request_v0 /  empty_peap empty_peap after_eap_success no_reply]
Aug 13, 2025 3:10:07 PM de.learnlib.logging.LearnLogger logQuery
INFO: DB CACHE [ε | success_request_all_zeros success_request_all_zeros eap_success challenge_v0 /  empty_peap empty_peap after_eap_success no_reply]
Aug 13, 2025 3:10:07 PM de.learnlib.logging.LearnLogger logQuery
INFO: DB CACHE [ε | success_request_all_zeros success_request_all_zeros eap_success tlv_request /  empty_peap empty_peap after_eap_success no_reply]
Aug 13, 2025 3:10:07 PM de.learnlib.logging.LearnLogger logQuery
INFO: DB CACHE [ε | success_request_all_zeros success_request_with_credentials eap_success /  empty_peap empty_peap after_eap_success]
Aug 13, 2025 3:10:07 PM de.learnlib.logging.LearnLogger logQuery
INFO: DB CACHE [ε | success_request_all_zeros success_request_with_credentials eap_success id_request_v0 /  empty_peap empty_peap after_eap_success no_reply]
Aug 13, 2025 3:10:07 PM de.learnlib.logging.LearnLogger logQuery
INFO: DB CACHE [ε | success_request_all_zeros success_request_with_credentials eap_success challenge_v0 /  empty_peap empty_peap after_eap_success no_reply]
Aug 13, 2025 3:10:07 PM de.learnlib.logging.LearnLogger logQuery
INFO: DB CACHE [ε | success_request_all_zeros success_request_with_credentials eap_success tlv_request /  empty_peap empty_peap after_eap_success no_reply]
Aug 13, 2025 3:10:07 PM de.learnlib.logging.LearnLogger logQuery
INFO: DB CACHE [ε | success_request_all_zeros eap_success eap_success /  empty_peap after_eap_success after_eap_success]
Aug 13, 2025 3:10:07 PM de.learnlib.logging.LearnLogger logQuery
INFO: DB CACHE [ε | success_request_all_zeros eap_success eap_success id_request_v0 /  empty_peap after_eap_success after_eap_success no_reply]
Aug 13, 2025 3:10:07 PM de.learnlib.logging.LearnLogger logQuery
INFO: DB CACHE [ε | success_request_all_zeros eap_success eap_success challenge_v0 /  empty_peap after_eap_success after_eap_success no_reply]
Aug 13, 2025 3:10:07 PM de.learnlib.logging.LearnLogger logQuery
INFO: DB CACHE [ε | success_request_all_zeros eap_success eap_success tlv_request /  empty_peap after_eap_success after_eap_success no_reply]
Aug 13, 2025 3:10:07 PM de.learnlib.logging.LearnLogger logQuery
INFO: DB CACHE [ε | success_request_all_zeros id_request_v0 4_way_message_1 /  empty_peap id_response_v0 no_reply]
Aug 13, 2025 3:10:07 PM de.learnlib.logging.LearnLogger logQuery
INFO: DB CACHE [ε | success_request_all_zeros challenge_v0 4_way_message_1 /  empty_peap empty_peap no_reply]
Aug 13, 2025 3:10:07 PM de.learnlib.logging.LearnLogger logQuery
INFO: DB CACHE [ε | success_request_all_zeros success_request_all_zeros 4_way_message_1 /  empty_peap empty_peap no_reply]
Aug 13, 2025 3:10:07 PM de.learnlib.logging.LearnLogger logQuery
INFO: DB CACHE [ε | success_request_all_zeros success_request_with_credentials 4_way_message_1 /  empty_peap empty_peap no_reply]
Aug 13, 2025 3:10:07 PM de.learnlib.logging.LearnLogger logQuery
INFO: DB CACHE [ε | success_request_all_zeros eap_success 4_way_message_1 /  empty_peap after_eap_success no_reply]
Aug 13, 2025 3:10:07 PM de.learnlib.logging.LearnLogger logQuery
INFO: DB CACHE [ε | success_request_with_credentials id_request_v0 id_request_v0 id_request_v0 /  empty_peap id_response_v0 nak nak]
Aug 13, 2025 3:10:07 PM de.learnlib.logging.LearnLogger logQuery
INFO: DB CACHE [ε | success_request_with_credentials id_request_v0 id_request_v0 challenge_v0 /  empty_peap id_response_v0 nak challenge_response_v0]
Aug 13, 2025 3:10:07 PM de.learnlib.logging.LearnLogger logQuery
INFO: DB CACHE [ε | success_request_with_credentials id_request_v0 id_request_v0 tlv_request /  empty_peap id_response_v0 nak tlv_failure]
Aug 13, 2025 3:10:07 PM de.learnlib.logging.LearnLogger logQuery
INFO: DB CACHE [ε | success_request_with_credentials challenge_v0 id_request_v0 id_request_v0 /  empty_peap empty_peap id_response_v0 nak]
Aug 13, 2025 3:10:07 PM de.learnlib.logging.LearnLogger logQuery
INFO: DB CACHE [ε | success_request_with_credentials challenge_v0 id_request_v0 challenge_v0 /  empty_peap empty_peap id_response_v0 challenge_response_v0]
Aug 13, 2025 3:10:07 PM de.learnlib.logging.LearnLogger logQuery
INFO: DB CACHE [ε | success_request_with_credentials challenge_v0 id_request_v0 tlv_request /  empty_peap empty_peap id_response_v0 tlv_failure]
Aug 13, 2025 3:10:07 PM de.learnlib.logging.LearnLogger logQuery
INFO: DB CACHE [ε | success_request_with_credentials success_request_all_zeros id_request_v0 id_request_v0 /  empty_peap empty_peap id_response_v0 nak]
Aug 13, 2025 3:10:07 PM de.learnlib.logging.LearnLogger logQuery
INFO: DB CACHE [ε | success_request_with_credentials success_request_all_zeros id_request_v0 challenge_v0 /  empty_peap empty_peap id_response_v0 challenge_response_v0]
Aug 13, 2025 3:10:07 PM de.learnlib.logging.LearnLogger logQuery
INFO: DB CACHE [ε | success_request_with_credentials success_request_all_zeros id_request_v0 tlv_request /  empty_peap empty_peap id_response_v0 tlv_failure]
Aug 13, 2025 3:10:07 PM de.learnlib.logging.LearnLogger logQuery
INFO: DB CACHE [ε | success_request_with_credentials success_request_with_credentials id_request_v0 id_request_v0 /  empty_peap empty_peap id_response_v0 nak]
Aug 13, 2025 3:10:07 PM de.learnlib.logging.LearnLogger logQuery
INFO: DB CACHE [ε | success_request_with_credentials success_request_with_credentials id_request_v0 challenge_v0 /  empty_peap empty_peap id_response_v0 challenge_response_v0]
Aug 13, 2025 3:10:07 PM de.learnlib.logging.LearnLogger logQuery
INFO: DB CACHE [ε | success_request_with_credentials success_request_with_credentials id_request_v0 tlv_request /  empty_peap empty_peap id_response_v0 tlv_failure]
Aug 13, 2025 3:10:07 PM de.learnlib.logging.LearnLogger logQuery
INFO: DB CACHE [ε | success_request_with_credentials id_request_v0 challenge_v0 id_request_v0 /  empty_peap id_response_v0 challenge_response_v0 no_reply]
Aug 13, 2025 3:10:07 PM de.learnlib.logging.LearnLogger logQuery
INFO: DB CACHE [ε | success_request_with_credentials id_request_v0 challenge_v0 challenge_v0 /  empty_peap id_response_v0 challenge_response_v0 deauthentication]
Aug 13, 2025 3:10:07 PM de.learnlib.logging.LearnLogger logQuery
INFO: DB CACHE [ε | success_request_with_credentials id_request_v0 challenge_v0 tlv_request /  empty_peap id_response_v0 challenge_response_v0 tlv_failure]
Aug 13, 2025 3:10:07 PM de.learnlib.logging.LearnLogger logQuery
INFO: DB CACHE [ε | success_request_with_credentials challenge_v0 challenge_v0 id_request_v0 /  empty_peap empty_peap empty_peap id_response_v0]
Aug 13, 2025 3:10:07 PM de.learnlib.logging.LearnLogger logQuery
INFO: DB CACHE [ε | success_request_with_credentials challenge_v0 challenge_v0 challenge_v0 /  empty_peap empty_peap empty_peap empty_peap]
Aug 13, 2025 3:10:07 PM de.learnlib.logging.LearnLogger logQuery
INFO: DB CACHE [ε | success_request_with_credentials challenge_v0 challenge_v0 tlv_request /  empty_peap empty_peap empty_peap tlv_failure]
Aug 13, 2025 3:10:07 PM de.learnlib.logging.LearnLogger logQuery
INFO: DB CACHE [ε | success_request_with_credentials success_request_all_zeros challenge_v0 id_request_v0 /  empty_peap empty_peap empty_peap id_response_v0]
Aug 13, 2025 3:10:07 PM de.learnlib.logging.LearnLogger logQuery
INFO: DB CACHE [ε | success_request_with_credentials success_request_all_zeros challenge_v0 challenge_v0 /  empty_peap empty_peap empty_peap empty_peap]
Aug 13, 2025 3:10:07 PM de.learnlib.logging.LearnLogger logQuery
INFO: DB CACHE [ε | success_request_with_credentials success_request_all_zeros challenge_v0 tlv_request /  empty_peap empty_peap empty_peap tlv_failure]
Aug 13, 2025 3:10:07 PM de.learnlib.logging.LearnLogger logQuery
INFO: DB CACHE [ε | success_request_with_credentials success_request_with_credentials challenge_v0 id_request_v0 /  empty_peap empty_peap empty_peap id_response_v0]
Aug 13, 2025 3:10:07 PM de.learnlib.logging.LearnLogger logQuery
INFO: DB CACHE [ε | success_request_with_credentials success_request_with_credentials challenge_v0 challenge_v0 /  empty_peap empty_peap empty_peap empty_peap]
Aug 13, 2025 3:10:07 PM de.learnlib.logging.LearnLogger logQuery
INFO: DB CACHE [ε | success_request_with_credentials success_request_with_credentials challenge_v0 tlv_request /  empty_peap empty_peap empty_peap tlv_failure]
Aug 13, 2025 3:10:07 PM de.learnlib.logging.LearnLogger logQuery
INFO: DB CACHE [ε | success_request_with_credentials id_request_v0 tlv_failure /  empty_peap id_response_v0 tlv_failure]
Aug 13, 2025 3:10:07 PM de.learnlib.logging.LearnLogger logQuery
INFO: DB CACHE [ε | success_request_with_credentials challenge_v0 tlv_failure /  empty_peap empty_peap tlv_failure]
Aug 13, 2025 3:10:07 PM de.learnlib.logging.LearnLogger logQuery
INFO: DB CACHE [ε | success_request_with_credentials success_request_all_zeros tlv_failure /  empty_peap empty_peap tlv_failure]
Aug 13, 2025 3:10:07 PM de.learnlib.logging.LearnLogger logQuery
INFO: DB CACHE [ε | success_request_with_credentials success_request_with_credentials tlv_failure /  empty_peap empty_peap tlv_failure]
Aug 13, 2025 3:10:07 PM de.learnlib.logging.LearnLogger logQuery
INFO: DB CACHE [ε | success_request_with_credentials eap_success tlv_failure /  empty_peap after_eap_success no_reply]
Aug 13, 2025 3:10:07 PM de.learnlib.logging.LearnLogger logQuery
INFO: DB CACHE [ε | success_request_with_credentials id_request_v0 success_request_all_zeros /  empty_peap id_response_v0 no_reply]
Aug 13, 2025 3:10:07 PM de.learnlib.logging.LearnLogger logQuery
INFO: DB CACHE [ε | success_request_with_credentials challenge_v0 success_request_all_zeros /  empty_peap empty_peap empty_peap]
Aug 13, 2025 3:10:07 PM de.learnlib.logging.LearnLogger logQuery
INFO: DB CACHE [ε | success_request_with_credentials challenge_v0 success_request_all_zeros id_request_v0 /  empty_peap empty_peap empty_peap id_response_v0]
Aug 13, 2025 3:10:07 PM de.learnlib.logging.LearnLogger logQuery
INFO: DB CACHE [ε | success_request_with_credentials challenge_v0 success_request_all_zeros challenge_v0 /  empty_peap empty_peap empty_peap empty_peap]
Aug 13, 2025 3:10:07 PM de.learnlib.logging.LearnLogger logQuery
INFO: DB CACHE [ε | success_request_with_credentials challenge_v0 success_request_all_zeros tlv_request /  empty_peap empty_peap empty_peap tlv_failure]
Aug 13, 2025 3:10:07 PM de.learnlib.logging.LearnLogger logQuery
INFO: DB CACHE [ε | success_request_with_credentials success_request_all_zeros success_request_all_zeros /  empty_peap empty_peap empty_peap]
Aug 13, 2025 3:10:07 PM de.learnlib.logging.LearnLogger logQuery
INFO: DB CACHE [ε | success_request_with_credentials success_request_all_zeros success_request_all_zeros id_request_v0 /  empty_peap empty_peap empty_peap id_response_v0]
Aug 13, 2025 3:10:07 PM de.learnlib.logging.LearnLogger logQuery
INFO: DB CACHE [ε | success_request_with_credentials success_request_all_zeros success_request_all_zeros challenge_v0 /  empty_peap empty_peap empty_peap empty_peap]
Aug 13, 2025 3:10:07 PM de.learnlib.logging.LearnLogger logQuery
INFO: DB CACHE [ε | success_request_with_credentials success_request_all_zeros success_request_all_zeros tlv_request /  empty_peap empty_peap empty_peap tlv_failure]
Aug 13, 2025 3:10:07 PM de.learnlib.logging.LearnLogger logQuery
INFO: DB CACHE [ε | success_request_with_credentials success_request_with_credentials success_request_all_zeros /  empty_peap empty_peap empty_peap]
Aug 13, 2025 3:10:07 PM de.learnlib.logging.LearnLogger logQuery
INFO: DB CACHE [ε | success_request_with_credentials success_request_with_credentials success_request_all_zeros id_request_v0 /  empty_peap empty_peap empty_peap id_response_v0]
Aug 13, 2025 3:10:07 PM de.learnlib.logging.LearnLogger logQuery
INFO: DB CACHE [ε | success_request_with_credentials success_request_with_credentials success_request_all_zeros challenge_v0 /  empty_peap empty_peap empty_peap empty_peap]
Aug 13, 2025 3:10:07 PM de.learnlib.logging.LearnLogger logQuery
INFO: DB CACHE [ε | success_request_with_credentials success_request_with_credentials success_request_all_zeros tlv_request /  empty_peap empty_peap empty_peap tlv_failure]
Aug 13, 2025 3:10:07 PM de.learnlib.logging.LearnLogger logQuery
INFO: DB CACHE [ε | success_request_with_credentials eap_success success_request_all_zeros /  empty_peap after_eap_success no_reply]
Aug 13, 2025 3:10:07 PM de.learnlib.logging.LearnLogger logQuery
INFO: DB CACHE [ε | success_request_with_credentials id_request_v0 success_request_with_credentials /  empty_peap id_response_v0 no_reply]
Aug 13, 2025 3:10:07 PM de.learnlib.logging.LearnLogger logQuery
INFO: DB CACHE [ε | success_request_with_credentials challenge_v0 success_request_with_credentials /  empty_peap empty_peap empty_peap]
Aug 13, 2025 3:10:07 PM de.learnlib.logging.LearnLogger logQuery
INFO: DB CACHE [ε | success_request_with_credentials challenge_v0 success_request_with_credentials id_request_v0 /  empty_peap empty_peap empty_peap id_response_v0]
Aug 13, 2025 3:10:07 PM de.learnlib.logging.LearnLogger logQuery
INFO: DB CACHE [ε | success_request_with_credentials challenge_v0 success_request_with_credentials challenge_v0 /  empty_peap empty_peap empty_peap empty_peap]
Aug 13, 2025 3:10:07 PM de.learnlib.logging.LearnLogger logQuery
INFO: DB CACHE [ε | success_request_with_credentials challenge_v0 success_request_with_credentials tlv_request /  empty_peap empty_peap empty_peap tlv_failure]
Aug 13, 2025 3:10:07 PM de.learnlib.logging.LearnLogger logQuery
INFO: DB CACHE [ε | success_request_with_credentials success_request_all_zeros success_request_with_credentials /  empty_peap empty_peap empty_peap]
Aug 13, 2025 3:10:07 PM de.learnlib.logging.LearnLogger logQuery
INFO: DB CACHE [ε | success_request_with_credentials success_request_all_zeros success_request_with_credentials id_request_v0 /  empty_peap empty_peap empty_peap id_response_v0]
Aug 13, 2025 3:10:07 PM de.learnlib.logging.LearnLogger logQuery
INFO: DB CACHE [ε | success_request_with_credentials success_request_all_zeros success_request_with_credentials challenge_v0 /  empty_peap empty_peap empty_peap empty_peap]
Aug 13, 2025 3:10:07 PM de.learnlib.logging.LearnLogger logQuery
INFO: DB CACHE [ε | success_request_with_credentials success_request_all_zeros success_request_with_credentials tlv_request /  empty_peap empty_peap empty_peap tlv_failure]
Aug 13, 2025 3:10:07 PM de.learnlib.logging.LearnLogger logQuery
INFO: DB CACHE [ε | success_request_with_credentials success_request_with_credentials success_request_with_credentials /  empty_peap empty_peap empty_peap]
Aug 13, 2025 3:10:07 PM de.learnlib.logging.LearnLogger logQuery
INFO: DB CACHE [ε | success_request_with_credentials success_request_with_credentials success_request_with_credentials id_request_v0 /  empty_peap empty_peap empty_peap id_response_v0]
Aug 13, 2025 3:10:07 PM de.learnlib.logging.LearnLogger logQuery
INFO: DB CACHE [ε | success_request_with_credentials success_request_with_credentials success_request_with_credentials challenge_v0 /  empty_peap empty_peap empty_peap empty_peap]
Aug 13, 2025 3:10:07 PM de.learnlib.logging.LearnLogger logQuery
INFO: DB CACHE [ε | success_request_with_credentials success_request_with_credentials success_request_with_credentials tlv_request /  empty_peap empty_peap empty_peap tlv_failure]
Aug 13, 2025 3:10:07 PM de.learnlib.logging.LearnLogger logQuery
INFO: DB CACHE [ε | success_request_with_credentials eap_success success_request_with_credentials /  empty_peap after_eap_success no_reply]
Aug 13, 2025 3:10:07 PM de.learnlib.logging.LearnLogger logQuery
INFO: DB CACHE [ε | success_request_with_credentials id_request_v0 success_and_cryptobinding /  empty_peap id_response_v0 tlv_failure]
Aug 13, 2025 3:10:07 PM de.learnlib.logging.LearnLogger logQuery
INFO: DB CACHE [ε | success_request_with_credentials challenge_v0 success_and_cryptobinding /  empty_peap empty_peap tlv_failure]
Aug 13, 2025 3:10:07 PM de.learnlib.logging.LearnLogger logQuery
INFO: DB CACHE [ε | success_request_with_credentials success_request_all_zeros success_and_cryptobinding /  empty_peap empty_peap tlv_failure]
Aug 13, 2025 3:10:07 PM de.learnlib.logging.LearnLogger logQuery
INFO: DB CACHE [ε | success_request_with_credentials success_request_with_credentials success_and_cryptobinding /  empty_peap empty_peap tlv_failure]
Aug 13, 2025 3:10:07 PM de.learnlib.logging.LearnLogger logQuery
INFO: DB CACHE [ε | success_request_with_credentials eap_success success_and_cryptobinding /  empty_peap after_eap_success no_reply]
Aug 13, 2025 3:10:07 PM de.learnlib.logging.LearnLogger logQuery
INFO: DB CACHE [ε | success_request_with_credentials id_request_v0 cryptobinding /  empty_peap id_response_v0 no_reply]
Aug 13, 2025 3:10:07 PM de.learnlib.logging.LearnLogger logQuery
INFO: DB CACHE [ε | success_request_with_credentials challenge_v0 cryptobinding /  empty_peap empty_peap no_reply]
Aug 13, 2025 3:10:07 PM de.learnlib.logging.LearnLogger logQuery
INFO: DB CACHE [ε | success_request_with_credentials success_request_all_zeros cryptobinding /  empty_peap empty_peap no_reply]
Aug 13, 2025 3:10:07 PM de.learnlib.logging.LearnLogger logQuery
INFO: DB CACHE [ε | success_request_with_credentials success_request_with_credentials cryptobinding /  empty_peap empty_peap no_reply]
Aug 13, 2025 3:10:07 PM de.learnlib.logging.LearnLogger logQuery
INFO: DB CACHE [ε | success_request_with_credentials eap_success cryptobinding /  empty_peap after_eap_success no_reply]
Aug 13, 2025 3:10:07 PM de.learnlib.logging.LearnLogger logQuery
INFO: DB CACHE [ε | success_request_with_credentials id_request_v0 eap_success /  empty_peap id_response_v0 after_eap_success]
Aug 13, 2025 3:10:07 PM de.learnlib.logging.LearnLogger logQuery
INFO: DB CACHE [ε | success_request_with_credentials id_request_v0 eap_success id_request_v0 /  empty_peap id_response_v0 after_eap_success no_reply]
Aug 13, 2025 3:10:07 PM de.learnlib.logging.LearnLogger logQuery
INFO: DB CACHE [ε | success_request_with_credentials id_request_v0 eap_success challenge_v0 /  empty_peap id_response_v0 after_eap_success no_reply]
Aug 13, 2025 3:10:07 PM de.learnlib.logging.LearnLogger logQuery
INFO: DB CACHE [ε | success_request_with_credentials id_request_v0 eap_success tlv_request /  empty_peap id_response_v0 after_eap_success no_reply]
Aug 13, 2025 3:10:07 PM de.learnlib.logging.LearnLogger logQuery
INFO: DB CACHE [ε | success_request_with_credentials challenge_v0 eap_success /  empty_peap empty_peap after_eap_success]
Aug 13, 2025 3:10:07 PM de.learnlib.logging.LearnLogger logQuery
INFO: DB CACHE [ε | success_request_with_credentials challenge_v0 eap_success id_request_v0 /  empty_peap empty_peap after_eap_success no_reply]
Aug 13, 2025 3:10:07 PM de.learnlib.logging.LearnLogger logQuery
INFO: DB CACHE [ε | success_request_with_credentials challenge_v0 eap_success challenge_v0 /  empty_peap empty_peap after_eap_success no_reply]
Aug 13, 2025 3:10:07 PM de.learnlib.logging.LearnLogger logQuery
INFO: DB CACHE [ε | success_request_with_credentials challenge_v0 eap_success tlv_request /  empty_peap empty_peap after_eap_success no_reply]
Aug 13, 2025 3:10:07 PM de.learnlib.logging.LearnLogger logQuery
INFO: DB CACHE [ε | success_request_with_credentials success_request_all_zeros eap_success /  empty_peap empty_peap after_eap_success]
Aug 13, 2025 3:10:07 PM de.learnlib.logging.LearnLogger logQuery
INFO: DB CACHE [ε | success_request_with_credentials success_request_all_zeros eap_success id_request_v0 /  empty_peap empty_peap after_eap_success no_reply]
Aug 13, 2025 3:10:07 PM de.learnlib.logging.LearnLogger logQuery
INFO: DB CACHE [ε | success_request_with_credentials success_request_all_zeros eap_success challenge_v0 /  empty_peap empty_peap after_eap_success no_reply]
Aug 13, 2025 3:10:07 PM de.learnlib.logging.LearnLogger logQuery
INFO: DB CACHE [ε | success_request_with_credentials success_request_all_zeros eap_success tlv_request /  empty_peap empty_peap after_eap_success no_reply]
Aug 13, 2025 3:10:07 PM de.learnlib.logging.LearnLogger logQuery
INFO: DB CACHE [ε | success_request_with_credentials success_request_with_credentials eap_success /  empty_peap empty_peap after_eap_success]
Aug 13, 2025 3:10:07 PM de.learnlib.logging.LearnLogger logQuery
INFO: DB CACHE [ε | success_request_with_credentials success_request_with_credentials eap_success id_request_v0 /  empty_peap empty_peap after_eap_success no_reply]
Aug 13, 2025 3:10:07 PM de.learnlib.logging.LearnLogger logQuery
INFO: DB CACHE [ε | success_request_with_credentials success_request_with_credentials eap_success challenge_v0 /  empty_peap empty_peap after_eap_success no_reply]
Aug 13, 2025 3:10:07 PM de.learnlib.logging.LearnLogger logQuery
INFO: DB CACHE [ε | success_request_with_credentials success_request_with_credentials eap_success tlv_request /  empty_peap empty_peap after_eap_success no_reply]
Aug 13, 2025 3:10:07 PM de.learnlib.logging.LearnLogger logQuery
INFO: DB CACHE [ε | success_request_with_credentials eap_success eap_success /  empty_peap after_eap_success after_eap_success]
Aug 13, 2025 3:10:07 PM de.learnlib.logging.LearnLogger logQuery
INFO: DB CACHE [ε | success_request_with_credentials eap_success eap_success id_request_v0 /  empty_peap after_eap_success after_eap_success no_reply]
Aug 13, 2025 3:10:07 PM de.learnlib.logging.LearnLogger logQuery
INFO: DB CACHE [ε | success_request_with_credentials eap_success eap_success challenge_v0 /  empty_peap after_eap_success after_eap_success no_reply]
Aug 13, 2025 3:10:07 PM de.learnlib.logging.LearnLogger logQuery
INFO: DB CACHE [ε | success_request_with_credentials eap_success eap_success tlv_request /  empty_peap after_eap_success after_eap_success no_reply]
Aug 13, 2025 3:10:07 PM de.learnlib.logging.LearnLogger logQuery
INFO: DB CACHE [ε | success_request_with_credentials id_request_v0 4_way_message_1 /  empty_peap id_response_v0 no_reply]
Aug 13, 2025 3:10:07 PM de.learnlib.logging.LearnLogger logQuery
INFO: DB CACHE [ε | success_request_with_credentials challenge_v0 4_way_message_1 /  empty_peap empty_peap no_reply]
Aug 13, 2025 3:10:07 PM de.learnlib.logging.LearnLogger logQuery
INFO: DB CACHE [ε | success_request_with_credentials success_request_all_zeros 4_way_message_1 /  empty_peap empty_peap no_reply]
Aug 13, 2025 3:10:07 PM de.learnlib.logging.LearnLogger logQuery
INFO: DB CACHE [ε | success_request_with_credentials success_request_with_credentials 4_way_message_1 /  empty_peap empty_peap no_reply]
Aug 13, 2025 3:10:07 PM de.learnlib.logging.LearnLogger logQuery
INFO: DB CACHE [ε | success_request_with_credentials eap_success 4_way_message_1 /  empty_peap after_eap_success no_reply]
Aug 13, 2025 3:10:07 PM de.learnlib.logging.LearnLogger logQuery
INFO: DB CACHE [ε | eap_success eap_success tlv_failure /  after_eap_success after_eap_success no_reply]
Aug 13, 2025 3:10:07 PM de.learnlib.logging.LearnLogger logQuery
INFO: DB CACHE [ε | eap_success eap_success success_request_all_zeros /  after_eap_success after_eap_success no_reply]
Aug 13, 2025 3:10:07 PM de.learnlib.logging.LearnLogger logQuery
INFO: DB CACHE [ε | eap_success eap_success success_request_with_credentials /  after_eap_success after_eap_success no_reply]
Aug 13, 2025 3:10:07 PM de.learnlib.logging.LearnLogger logQuery
INFO: DB CACHE [ε | eap_success eap_success success_and_cryptobinding /  after_eap_success after_eap_success no_reply]
Aug 13, 2025 3:10:07 PM de.learnlib.logging.LearnLogger logQuery
INFO: DB CACHE [ε | eap_success eap_success cryptobinding /  after_eap_success after_eap_success no_reply]
Aug 13, 2025 3:10:07 PM de.learnlib.logging.LearnLogger logQuery
INFO: DB CACHE [ε | eap_success eap_success eap_success /  after_eap_success after_eap_success after_eap_success]
Aug 13, 2025 3:10:07 PM de.learnlib.logging.LearnLogger logQuery
INFO: DB CACHE [ε | eap_success eap_success eap_success id_request_v0 /  after_eap_success after_eap_success after_eap_success no_reply]
Aug 13, 2025 3:10:07 PM de.learnlib.logging.LearnLogger logQuery
INFO: DB CACHE [ε | eap_success eap_success eap_success challenge_v0 /  after_eap_success after_eap_success after_eap_success no_reply]
Aug 13, 2025 3:10:07 PM de.learnlib.logging.LearnLogger logQuery
INFO: DB CACHE [ε | eap_success eap_success eap_success tlv_request /  after_eap_success after_eap_success after_eap_success no_reply]
Aug 13, 2025 3:10:07 PM de.learnlib.logging.LearnLogger logQuery
INFO: DB CACHE [ε | eap_success eap_success 4_way_message_1 /  after_eap_success after_eap_success no_reply]
Aug 13, 2025 3:10:07 PM de.learnlib.logging.LearnLogger logQuery
INFO: DB CACHE [ε | id_request_v0 id_request_v0 id_request_v0 id_request_v0 id_request_v0 /  id_response_v0 nak nak nak nak]
Aug 13, 2025 3:10:07 PM de.learnlib.logging.LearnLogger logQuery
INFO: DB CACHE [ε | id_request_v0 id_request_v0 id_request_v0 id_request_v0 challenge_v0 /  id_response_v0 nak nak nak challenge_response_v0]
Aug 13, 2025 3:10:07 PM de.learnlib.logging.LearnLogger logQuery
INFO: DB CACHE [ε | id_request_v0 id_request_v0 id_request_v0 id_request_v0 tlv_request /  id_response_v0 nak nak nak tlv_failure]
Aug 13, 2025 3:10:07 PM de.learnlib.logging.LearnLogger logQuery
INFO: DB CACHE [ε | id_request_v0 id_request_v0 id_request_v0 challenge_v0 id_request_v0 /  id_response_v0 nak nak challenge_response_v0 no_reply]
Aug 13, 2025 3:10:07 PM de.learnlib.logging.LearnLogger logQuery
INFO: DB CACHE [ε | id_request_v0 id_request_v0 id_request_v0 challenge_v0 challenge_v0 /  id_response_v0 nak nak challenge_response_v0 deauthentication]
Aug 13, 2025 3:10:07 PM de.learnlib.logging.LearnLogger logQuery
INFO: DB CACHE [ε | id_request_v0 id_request_v0 id_request_v0 challenge_v0 tlv_request /  id_response_v0 nak nak challenge_response_v0 tlv_failure]
Aug 13, 2025 3:10:07 PM de.learnlib.logging.LearnLogger logQuery
INFO: DB CACHE [ε | id_request_v0 id_request_v0 id_request_v0 tlv_failure /  id_response_v0 nak nak tlv_failure]
Aug 13, 2025 3:10:07 PM de.learnlib.logging.LearnLogger logQuery
INFO: DB CACHE [ε | id_request_v0 id_request_v0 challenge_v0 tlv_failure /  id_response_v0 nak challenge_response_v0 tlv_failure]
Aug 13, 2025 3:10:07 PM de.learnlib.logging.LearnLogger logQuery
INFO: DB CACHE [ε | id_request_v0 id_request_v0 eap_success tlv_failure /  id_response_v0 nak after_eap_success no_reply]
Aug 13, 2025 3:10:07 PM de.learnlib.logging.LearnLogger logQuery
INFO: DB CACHE [ε | id_request_v0 id_request_v0 id_request_v0 success_request_all_zeros /  id_response_v0 nak nak no_reply]
Aug 13, 2025 3:10:07 PM de.learnlib.logging.LearnLogger logQuery
INFO: DB CACHE [ε | id_request_v0 id_request_v0 challenge_v0 success_request_all_zeros /  id_response_v0 nak challenge_response_v0 deauthentication]
Aug 13, 2025 3:10:07 PM de.learnlib.logging.LearnLogger logQuery
INFO: DB CACHE [ε | id_request_v0 id_request_v0 eap_success success_request_all_zeros /  id_response_v0 nak after_eap_success no_reply]
Aug 13, 2025 3:10:09 PM de.learnlib.logging.LearnLogger logQuery
INFO: [ε | id_request_v0 id_request_v0 id_request_v0 success_request_with_credentials / ε | id_response_v0 nak nak no_reply]
Aug 13, 2025 3:10:11 PM de.learnlib.logging.LearnLogger logQuery
INFO: [ε | id_request_v0 id_request_v0 challenge_v0 success_request_with_credentials / ε | id_response_v0 nak challenge_response_v0 success_response_v0]
Aug 13, 2025 3:10:13 PM de.learnlib.logging.LearnLogger logQuery
INFO: [ε | id_request_v0 id_request_v0 challenge_v0 success_request_with_credentials id_request_v0 / ε | id_response_v0 nak challenge_response_v0 success_response_v0 no_reply]
Aug 13, 2025 3:10:15 PM de.learnlib.logging.LearnLogger logQuery
INFO: [ε | id_request_v0 id_request_v0 challenge_v0 success_request_with_credentials challenge_v0 / ε | id_response_v0 nak challenge_response_v0 success_response_v0 no_reply]
Aug 13, 2025 3:10:17 PM de.learnlib.logging.LearnLogger logQuery
INFO: [ε | id_request_v0 id_request_v0 challenge_v0 success_request_with_credentials tlv_request / ε | id_response_v0 nak challenge_response_v0 success_response_v0 tlv_success]
Aug 13, 2025 3:10:19 PM de.learnlib.logging.LearnLogger logQuery
INFO: [ε | id_request_v0 id_request_v0 eap_success success_request_with_credentials / ε | id_response_v0 nak after_eap_success no_reply]
Aug 13, 2025 3:10:21 PM de.learnlib.logging.LearnLogger logQuery
INFO: [ε | id_request_v0 id_request_v0 id_request_v0 success_and_cryptobinding / ε | id_response_v0 nak nak tlv_failure]
Aug 13, 2025 3:10:23 PM de.learnlib.logging.LearnLogger logQuery
INFO: [ε | id_request_v0 id_request_v0 challenge_v0 success_and_cryptobinding / ε | id_response_v0 nak challenge_response_v0 tlv_failure]
Aug 13, 2025 3:10:25 PM de.learnlib.logging.LearnLogger logQuery
INFO: [ε | id_request_v0 id_request_v0 eap_success success_and_cryptobinding / ε | id_response_v0 nak after_eap_success no_reply]
Aug 13, 2025 3:10:27 PM de.learnlib.logging.LearnLogger logQuery
INFO: [ε | id_request_v0 id_request_v0 id_request_v0 cryptobinding / ε | id_response_v0 nak nak no_reply]
Aug 13, 2025 3:10:30 PM de.learnlib.logging.LearnLogger logQuery
INFO: [ε | id_request_v0 id_request_v0 challenge_v0 cryptobinding / ε | id_response_v0 nak challenge_response_v0 no_reply]
Aug 13, 2025 3:10:32 PM de.learnlib.logging.LearnLogger logQuery
INFO: [ε | id_request_v0 id_request_v0 eap_success cryptobinding / ε | id_response_v0 nak after_eap_success no_reply]
Aug 13, 2025 3:10:34 PM de.learnlib.logging.LearnLogger logQuery
INFO: [ε | id_request_v0 id_request_v0 id_request_v0 eap_success / ε | id_response_v0 nak nak after_eap_success]
Aug 13, 2025 3:10:37 PM de.learnlib.logging.LearnLogger logQuery
INFO: [ε | id_request_v0 id_request_v0 id_request_v0 eap_success id_request_v0 / ε | id_response_v0 nak nak after_eap_success no_reply]
Aug 13, 2025 3:10:40 PM de.learnlib.logging.LearnLogger logQuery
INFO: [ε | id_request_v0 id_request_v0 id_request_v0 eap_success challenge_v0 / ε | id_response_v0 nak nak after_eap_success no_reply]
Aug 13, 2025 3:10:42 PM de.learnlib.logging.LearnLogger logQuery
INFO: [ε | id_request_v0 id_request_v0 id_request_v0 eap_success tlv_request / ε | id_response_v0 nak nak after_eap_success no_reply]
Aug 13, 2025 3:10:44 PM de.learnlib.logging.LearnLogger logQuery
INFO: [ε | id_request_v0 id_request_v0 challenge_v0 eap_success / ε | id_response_v0 nak challenge_response_v0 after_eap_success]
Aug 13, 2025 3:10:47 PM de.learnlib.logging.LearnLogger logQuery
INFO: [ε | id_request_v0 id_request_v0 challenge_v0 eap_success id_request_v0 / ε | id_response_v0 nak challenge_response_v0 after_eap_success no_reply]
Aug 13, 2025 3:10:50 PM de.learnlib.logging.LearnLogger logQuery
INFO: [ε | id_request_v0 id_request_v0 challenge_v0 eap_success challenge_v0 / ε | id_response_v0 nak challenge_response_v0 after_eap_success no_reply]
Aug 13, 2025 3:10:52 PM de.learnlib.logging.LearnLogger logQuery
INFO: [ε | id_request_v0 id_request_v0 challenge_v0 eap_success tlv_request / ε | id_response_v0 nak challenge_response_v0 after_eap_success no_reply]
Aug 13, 2025 3:10:55 PM de.learnlib.logging.LearnLogger logQuery
INFO: [ε | id_request_v0 id_request_v0 eap_success eap_success / ε | id_response_v0 nak after_eap_success after_eap_success]
Aug 13, 2025 3:10:58 PM de.learnlib.logging.LearnLogger logQuery
INFO: [ε | id_request_v0 id_request_v0 eap_success eap_success id_request_v0 / ε | id_response_v0 nak after_eap_success after_eap_success no_reply]
Aug 13, 2025 3:11:01 PM de.learnlib.logging.LearnLogger logQuery
INFO: [ε | id_request_v0 id_request_v0 eap_success eap_success challenge_v0 / ε | id_response_v0 nak after_eap_success after_eap_success no_reply]
Aug 13, 2025 3:11:04 PM de.learnlib.logging.LearnLogger logQuery
INFO: [ε | id_request_v0 id_request_v0 eap_success eap_success tlv_request / ε | id_response_v0 nak after_eap_success after_eap_success no_reply]
Aug 13, 2025 3:11:06 PM de.learnlib.logging.LearnLogger logQuery
INFO: [ε | id_request_v0 id_request_v0 id_request_v0 4_way_message_1 / ε | id_response_v0 nak nak no_reply]
Aug 13, 2025 3:11:09 PM de.learnlib.logging.LearnLogger logQuery
INFO: [ε | id_request_v0 id_request_v0 challenge_v0 4_way_message_1 / ε | id_response_v0 nak challenge_response_v0 no_reply]
Aug 13, 2025 3:11:11 PM de.learnlib.logging.LearnLogger logQuery
INFO: [ε | id_request_v0 id_request_v0 eap_success 4_way_message_1 / ε | id_response_v0 nak after_eap_success no_reply]
Aug 13, 2025 3:11:12 PM de.learnlib.logging.LearnLogger logQuery
INFO: DB CACHE [ε | id_request_v0 challenge_v0 success_request_with_credentials tlv_request id_request_v0 /  id_response_v0 challenge_response_v0 success_response_v0 tlv_success no_reply]
Aug 13, 2025 3:11:12 PM de.learnlib.logging.LearnLogger logQuery
INFO: DB CACHE [ε | id_request_v0 challenge_v0 success_request_with_credentials tlv_request challenge_v0 /  id_response_v0 challenge_response_v0 success_response_v0 tlv_success no_reply]
Aug 13, 2025 3:11:12 PM de.learnlib.logging.LearnLogger logQuery
INFO: DB CACHE [ε | id_request_v0 challenge_v0 success_request_with_credentials tlv_request tlv_request /  id_response_v0 challenge_response_v0 success_response_v0 tlv_success no_reply]
Aug 13, 2025 3:11:12 PM de.learnlib.logging.LearnLogger logQuery
INFO: DB CACHE [ε | id_request_v0 challenge_v0 success_request_with_credentials tlv_failure /  id_response_v0 challenge_response_v0 success_response_v0 tlv_failure]
Aug 13, 2025 3:11:12 PM de.learnlib.logging.LearnLogger logQuery
INFO: DB CACHE [ε | id_request_v0 challenge_v0 eap_success tlv_failure /  id_response_v0 challenge_response_v0 after_eap_success no_reply]
Aug 13, 2025 3:11:12 PM de.learnlib.logging.LearnLogger logQuery
INFO: DB CACHE [ε | id_request_v0 challenge_v0 success_request_with_credentials success_request_all_zeros /  id_response_v0 challenge_response_v0 success_response_v0 no_reply]
Aug 13, 2025 3:11:12 PM de.learnlib.logging.LearnLogger logQuery
INFO: DB CACHE [ε | id_request_v0 challenge_v0 eap_success success_request_all_zeros /  id_response_v0 challenge_response_v0 after_eap_success no_reply]
Aug 13, 2025 3:11:12 PM de.learnlib.logging.LearnLogger logQuery
INFO: DB CACHE [ε | id_request_v0 challenge_v0 success_request_with_credentials success_request_with_credentials /  id_response_v0 challenge_response_v0 success_response_v0 no_reply]
Aug 13, 2025 3:11:12 PM de.learnlib.logging.LearnLogger logQuery
INFO: DB CACHE [ε | id_request_v0 challenge_v0 eap_success success_request_with_credentials /  id_response_v0 challenge_response_v0 after_eap_success no_reply]
Aug 13, 2025 3:11:12 PM de.learnlib.logging.LearnLogger logQuery
INFO: DB CACHE [ε | id_request_v0 challenge_v0 success_request_with_credentials success_and_cryptobinding /  id_response_v0 challenge_response_v0 success_response_v0 tlv_success_and_cryptobinding]
Aug 13, 2025 3:11:12 PM de.learnlib.logging.LearnLogger logQuery
INFO: DB CACHE [ε | id_request_v0 challenge_v0 success_request_with_credentials success_and_cryptobinding id_request_v0 /  id_response_v0 challenge_response_v0 success_response_v0 tlv_success_and_cryptobinding no_reply]
Aug 13, 2025 3:11:12 PM de.learnlib.logging.LearnLogger logQuery
INFO: DB CACHE [ε | id_request_v0 challenge_v0 success_request_with_credentials success_and_cryptobinding challenge_v0 /  id_response_v0 challenge_response_v0 success_response_v0 tlv_success_and_cryptobinding no_reply]
Aug 13, 2025 3:11:12 PM de.learnlib.logging.LearnLogger logQuery
INFO: DB CACHE [ε | id_request_v0 challenge_v0 success_request_with_credentials success_and_cryptobinding tlv_request /  id_response_v0 challenge_response_v0 success_response_v0 tlv_success_and_cryptobinding no_reply]
Aug 13, 2025 3:11:12 PM de.learnlib.logging.LearnLogger logQuery
INFO: DB CACHE [ε | id_request_v0 challenge_v0 eap_success success_and_cryptobinding /  id_response_v0 challenge_response_v0 after_eap_success no_reply]
Aug 13, 2025 3:11:12 PM de.learnlib.logging.LearnLogger logQuery
INFO: DB CACHE [ε | id_request_v0 challenge_v0 success_request_with_credentials cryptobinding /  id_response_v0 challenge_response_v0 success_response_v0 no_reply]
Aug 13, 2025 3:11:12 PM de.learnlib.logging.LearnLogger logQuery
INFO: DB CACHE [ε | id_request_v0 challenge_v0 eap_success cryptobinding /  id_response_v0 challenge_response_v0 after_eap_success no_reply]
Aug 13, 2025 3:11:12 PM de.learnlib.logging.LearnLogger logQuery
INFO: DB CACHE [ε | id_request_v0 challenge_v0 success_request_with_credentials eap_success /  id_response_v0 challenge_response_v0 success_response_v0 after_eap_success]
Aug 13, 2025 3:11:12 PM de.learnlib.logging.LearnLogger logQuery
INFO: DB CACHE [ε | id_request_v0 challenge_v0 success_request_with_credentials eap_success id_request_v0 /  id_response_v0 challenge_response_v0 success_response_v0 after_eap_success no_reply]
Aug 13, 2025 3:11:12 PM de.learnlib.logging.LearnLogger logQuery
INFO: DB CACHE [ε | id_request_v0 challenge_v0 success_request_with_credentials eap_success challenge_v0 /  id_response_v0 challenge_response_v0 success_response_v0 after_eap_success no_reply]
Aug 13, 2025 3:11:12 PM de.learnlib.logging.LearnLogger logQuery
INFO: DB CACHE [ε | id_request_v0 challenge_v0 success_request_with_credentials eap_success tlv_request /  id_response_v0 challenge_response_v0 success_response_v0 after_eap_success no_reply]
Aug 13, 2025 3:11:12 PM de.learnlib.logging.LearnLogger logQuery
INFO: DB CACHE [ε | id_request_v0 challenge_v0 eap_success eap_success /  id_response_v0 challenge_response_v0 after_eap_success after_eap_success]
Aug 13, 2025 3:11:15 PM de.learnlib.logging.LearnLogger logQuery
INFO: [ε | id_request_v0 challenge_v0 eap_success eap_success id_request_v0 / ε | id_response_v0 challenge_response_v0 after_eap_success after_eap_success no_reply]
Aug 13, 2025 3:11:18 PM de.learnlib.logging.LearnLogger logQuery
INFO: [ε | id_request_v0 challenge_v0 eap_success eap_success challenge_v0 / ε | id_response_v0 challenge_response_v0 after_eap_success after_eap_success no_reply]
Aug 13, 2025 3:11:21 PM de.learnlib.logging.LearnLogger logQuery
INFO: [ε | id_request_v0 challenge_v0 eap_success eap_success tlv_request / ε | id_response_v0 challenge_response_v0 after_eap_success after_eap_success no_reply]
Aug 13, 2025 3:11:21 PM de.learnlib.logging.LearnLogger logQuery
INFO: DB CACHE [ε | id_request_v0 challenge_v0 success_request_with_credentials 4_way_message_1 /  id_response_v0 challenge_response_v0 success_response_v0 no_reply]
Aug 13, 2025 3:11:21 PM de.learnlib.logging.LearnLogger logQuery
INFO: DB CACHE [ε | id_request_v0 challenge_v0 eap_success 4_way_message_1 /  id_response_v0 challenge_response_v0 after_eap_success no_reply]
Aug 13, 2025 3:11:24 PM de.learnlib.logging.LearnLogger logQuery
INFO: [ε | id_request_v0 eap_success eap_success tlv_failure / ε | id_response_v0 after_eap_success after_eap_success no_reply]
Aug 13, 2025 3:11:27 PM de.learnlib.logging.LearnLogger logQuery
INFO: [ε | id_request_v0 eap_success eap_success success_request_all_zeros / ε | id_response_v0 after_eap_success after_eap_success no_reply]
Aug 13, 2025 3:11:30 PM de.learnlib.logging.LearnLogger logQuery
INFO: [ε | id_request_v0 eap_success eap_success success_request_with_credentials / ε | id_response_v0 after_eap_success after_eap_success no_reply]
Aug 13, 2025 3:11:34 PM de.learnlib.logging.LearnLogger logQuery
INFO: [ε | id_request_v0 eap_success eap_success success_and_cryptobinding / ε | id_response_v0 after_eap_success after_eap_success no_reply]
Aug 13, 2025 3:11:37 PM de.learnlib.logging.LearnLogger logQuery
INFO: [ε | id_request_v0 eap_success eap_success cryptobinding / ε | id_response_v0 after_eap_success after_eap_success no_reply]
Aug 13, 2025 3:11:40 PM de.learnlib.logging.LearnLogger logQuery
INFO: [ε | id_request_v0 eap_success eap_success eap_success / ε | id_response_v0 after_eap_success after_eap_success after_eap_success]
Aug 13, 2025 3:11:43 PM de.learnlib.logging.LearnLogger logQuery
INFO: [ε | id_request_v0 eap_success eap_success eap_success id_request_v0 / ε | id_response_v0 after_eap_success after_eap_success after_eap_success no_reply]
Aug 13, 2025 3:11:47 PM de.learnlib.logging.LearnLogger logQuery
INFO: [ε | id_request_v0 eap_success eap_success eap_success challenge_v0 / ε | id_response_v0 after_eap_success after_eap_success after_eap_success no_reply]
Aug 13, 2025 3:11:51 PM de.learnlib.logging.LearnLogger logQuery
INFO: [ε | id_request_v0 eap_success eap_success eap_success tlv_request / ε | id_response_v0 after_eap_success after_eap_success after_eap_success no_reply]
Aug 13, 2025 3:11:54 PM de.learnlib.logging.LearnLogger logQuery
INFO: [ε | id_request_v0 eap_success eap_success 4_way_message_1 / ε | id_response_v0 after_eap_success after_eap_success no_reply]
Aug 13, 2025 3:11:54 PM de.learnlib.logging.LearnLogger logQuery
INFO: DB CACHE [ε | tlv_request id_request_v0 /  tlv_failure -]
Aug 13, 2025 3:11:54 PM de.learnlib.logging.LearnLogger logQuery
INFO: DB CACHE [ε | tlv_request challenge_v0 /  tlv_failure -]
Aug 13, 2025 3:11:54 PM de.learnlib.logging.LearnLogger logQuery
INFO: DB CACHE [ε | tlv_request tlv_request /  tlv_failure -]
Aug 13, 2025 3:11:54 PM de.learnlib.logging.LearnLogger logQuery
INFO: DB CACHE [ε | tlv_request tlv_failure /  tlv_failure -]
Aug 13, 2025 3:11:54 PM de.learnlib.logging.LearnLogger logQuery
INFO: DB CACHE [ε | tlv_request success_request_all_zeros /  tlv_failure -]
Aug 13, 2025 3:11:54 PM de.learnlib.logging.LearnLogger logQuery
INFO: DB CACHE [ε | tlv_request success_request_with_credentials /  tlv_failure -]
Aug 13, 2025 3:11:54 PM de.learnlib.logging.LearnLogger logQuery
INFO: DB CACHE [ε | tlv_request success_and_cryptobinding /  tlv_failure -]
Aug 13, 2025 3:11:54 PM de.learnlib.logging.LearnLogger logQuery
INFO: DB CACHE [ε | tlv_request cryptobinding /  tlv_failure -]
Aug 13, 2025 3:11:54 PM de.learnlib.logging.LearnLogger logQuery
INFO: DB CACHE [ε | tlv_request eap_success /  tlv_failure -]
Aug 13, 2025 3:11:54 PM de.learnlib.logging.LearnLogger logQuery
INFO: DB CACHE [ε | tlv_request 4_way_message_1 /  tlv_failure -]
Aug 13, 2025 3:11:58 PM de.learnlib.logging.LearnLogger logQuery
INFO: [ε | eap_success eap_success eap_success tlv_failure / ε | after_eap_success after_eap_success after_eap_success no_reply]
Aug 13, 2025 3:12:01 PM de.learnlib.logging.LearnLogger logQuery
INFO: [ε | eap_success eap_success eap_success success_request_all_zeros / ε | after_eap_success after_eap_success after_eap_success no_reply]
Aug 13, 2025 3:12:05 PM de.learnlib.logging.LearnLogger logQuery
INFO: [ε | eap_success eap_success eap_success success_request_with_credentials / ε | after_eap_success after_eap_success after_eap_success no_reply]
Aug 13, 2025 3:12:08 PM de.learnlib.logging.LearnLogger logQuery
INFO: [ε | eap_success eap_success eap_success success_and_cryptobinding / ε | after_eap_success after_eap_success after_eap_success no_reply]
Aug 13, 2025 3:12:12 PM de.learnlib.logging.LearnLogger logQuery
INFO: [ε | eap_success eap_success eap_success cryptobinding / ε | after_eap_success after_eap_success after_eap_success no_reply]
Aug 13, 2025 3:12:16 PM de.learnlib.logging.LearnLogger logQuery
INFO: [ε | eap_success eap_success eap_success eap_success / ε | after_eap_success after_eap_success after_eap_success after_eap_success]
Aug 13, 2025 3:12:20 PM de.learnlib.logging.LearnLogger logQuery
INFO: [ε | eap_success eap_success eap_success eap_success id_request_v0 / ε | after_eap_success after_eap_success after_eap_success after_eap_success no_reply]
Aug 13, 2025 3:12:24 PM de.learnlib.logging.LearnLogger logQuery
INFO: [ε | eap_success eap_success eap_success eap_success challenge_v0 / ε | after_eap_success after_eap_success after_eap_success after_eap_success no_reply]
Aug 13, 2025 3:12:28 PM de.learnlib.logging.LearnLogger logQuery
INFO: [ε | eap_success eap_success eap_success eap_success tlv_request / ε | after_eap_success after_eap_success after_eap_success after_eap_success no_reply]
Aug 13, 2025 3:12:32 PM de.learnlib.logging.LearnLogger logQuery
INFO: [ε | eap_success eap_success eap_success 4_way_message_1 / ε | after_eap_success after_eap_success after_eap_success no_reply]
Aug 13, 2025 3:12:32 PM de.learnlib.logging.LearnLogger logQuery
INFO: DB CACHE [ε | id_request_v0 challenge_v0 success_request_with_credentials tlv_request tlv_failure /  id_response_v0 challenge_response_v0 success_response_v0 tlv_success no_reply]
Aug 13, 2025 3:12:32 PM de.learnlib.logging.LearnLogger logQuery
INFO: DB CACHE [ε | id_request_v0 challenge_v0 success_request_with_credentials success_and_cryptobinding tlv_failure /  id_response_v0 challenge_response_v0 success_response_v0 tlv_success_and_cryptobinding no_reply]
Aug 13, 2025 3:12:32 PM de.learnlib.logging.LearnLogger logQuery
INFO: DB CACHE [ε | id_request_v0 challenge_v0 success_request_with_credentials eap_success tlv_failure /  id_response_v0 challenge_response_v0 success_response_v0 after_eap_success no_reply]
Aug 13, 2025 3:12:32 PM de.learnlib.logging.LearnLogger logQuery
INFO: DB CACHE [ε | id_request_v0 challenge_v0 success_request_with_credentials tlv_request success_request_all_zeros /  id_response_v0 challenge_response_v0 success_response_v0 tlv_success no_reply]
Aug 13, 2025 3:12:32 PM de.learnlib.logging.LearnLogger logQuery
INFO: DB CACHE [ε | id_request_v0 challenge_v0 success_request_with_credentials success_and_cryptobinding success_request_all_zeros /  id_response_v0 challenge_response_v0 success_response_v0 tlv_success_and_cryptobinding no_reply]
Aug 13, 2025 3:12:32 PM de.learnlib.logging.LearnLogger logQuery
INFO: DB CACHE [ε | id_request_v0 challenge_v0 success_request_with_credentials eap_success success_request_all_zeros /  id_response_v0 challenge_response_v0 success_response_v0 after_eap_success no_reply]
Aug 13, 2025 3:12:32 PM de.learnlib.logging.LearnLogger logQuery
INFO: DB CACHE [ε | id_request_v0 challenge_v0 success_request_with_credentials tlv_request success_request_with_credentials /  id_response_v0 challenge_response_v0 success_response_v0 tlv_success no_reply]
Aug 13, 2025 3:12:32 PM de.learnlib.logging.LearnLogger logQuery
INFO: DB CACHE [ε | id_request_v0 challenge_v0 success_request_with_credentials success_and_cryptobinding success_request_with_credentials /  id_response_v0 challenge_response_v0 success_response_v0 tlv_success_and_cryptobinding no_reply]
Aug 13, 2025 3:12:32 PM de.learnlib.logging.LearnLogger logQuery
INFO: DB CACHE [ε | id_request_v0 challenge_v0 success_request_with_credentials eap_success success_request_with_credentials /  id_response_v0 challenge_response_v0 success_response_v0 after_eap_success no_reply]
Aug 13, 2025 3:12:32 PM de.learnlib.logging.LearnLogger logQuery
INFO: DB CACHE [ε | id_request_v0 challenge_v0 success_request_with_credentials tlv_request success_and_cryptobinding /  id_response_v0 challenge_response_v0 success_response_v0 tlv_success no_reply]
Aug 13, 2025 3:12:32 PM de.learnlib.logging.LearnLogger logQuery
INFO: DB CACHE [ε | id_request_v0 challenge_v0 success_request_with_credentials success_and_cryptobinding success_and_cryptobinding /  id_response_v0 challenge_response_v0 success_response_v0 tlv_success_and_cryptobinding no_reply]
Aug 13, 2025 3:12:32 PM de.learnlib.logging.LearnLogger logQuery
INFO: DB CACHE [ε | id_request_v0 challenge_v0 success_request_with_credentials eap_success success_and_cryptobinding /  id_response_v0 challenge_response_v0 success_response_v0 after_eap_success no_reply]
Aug 13, 2025 3:12:32 PM de.learnlib.logging.LearnLogger logQuery
INFO: DB CACHE [ε | id_request_v0 challenge_v0 success_request_with_credentials tlv_request cryptobinding /  id_response_v0 challenge_response_v0 success_response_v0 tlv_success no_reply]
Aug 13, 2025 3:12:32 PM de.learnlib.logging.LearnLogger logQuery
INFO: DB CACHE [ε | id_request_v0 challenge_v0 success_request_with_credentials success_and_cryptobinding cryptobinding /  id_response_v0 challenge_response_v0 success_response_v0 tlv_success_and_cryptobinding no_reply]
Aug 13, 2025 3:12:32 PM de.learnlib.logging.LearnLogger logQuery
INFO: DB CACHE [ε | id_request_v0 challenge_v0 success_request_with_credentials eap_success cryptobinding /  id_response_v0 challenge_response_v0 success_response_v0 after_eap_success no_reply]
Aug 13, 2025 3:12:32 PM de.learnlib.logging.LearnLogger logQuery
INFO: DB CACHE [ε | id_request_v0 challenge_v0 success_request_with_credentials tlv_request eap_success /  id_response_v0 challenge_response_v0 success_response_v0 tlv_success after_eap_success]
Aug 13, 2025 3:12:35 PM de.learnlib.logging.LearnLogger logQuery
INFO: [ε | id_request_v0 challenge_v0 success_request_with_credentials tlv_request eap_success id_request_v0 / ε | id_response_v0 challenge_response_v0 success_response_v0 tlv_success after_eap_success no_reply]
Aug 13, 2025 3:12:37 PM de.learnlib.logging.LearnLogger logQuery
INFO: [ε | id_request_v0 challenge_v0 success_request_with_credentials tlv_request eap_success challenge_v0 / ε | id_response_v0 challenge_response_v0 success_response_v0 tlv_success after_eap_success no_reply]
Aug 13, 2025 3:12:40 PM de.learnlib.logging.LearnLogger logQuery
INFO: [ε | id_request_v0 challenge_v0 success_request_with_credentials tlv_request eap_success tlv_request / ε | id_response_v0 challenge_response_v0 success_response_v0 tlv_success after_eap_success no_reply]
Aug 13, 2025 3:12:40 PM de.learnlib.logging.LearnLogger logQuery
INFO: DB CACHE [ε | id_request_v0 challenge_v0 success_request_with_credentials success_and_cryptobinding eap_success /  id_response_v0 challenge_response_v0 success_response_v0 tlv_success_and_cryptobinding after_eap_success]
Aug 13, 2025 3:12:43 PM de.learnlib.logging.LearnLogger logQuery
INFO: [ε | id_request_v0 challenge_v0 success_request_with_credentials success_and_cryptobinding eap_success id_request_v0 / ε | id_response_v0 challenge_response_v0 success_response_v0 tlv_success_and_cryptobinding after_eap_success no_reply]
Aug 13, 2025 3:12:45 PM de.learnlib.logging.LearnLogger logQuery
INFO: [ε | id_request_v0 challenge_v0 success_request_with_credentials success_and_cryptobinding eap_success challenge_v0 / ε | id_response_v0 challenge_response_v0 success_response_v0 tlv_success_and_cryptobinding after_eap_success no_reply]
Aug 13, 2025 3:12:48 PM de.learnlib.logging.LearnLogger logQuery
INFO: [ε | id_request_v0 challenge_v0 success_request_with_credentials success_and_cryptobinding eap_success tlv_request / ε | id_response_v0 challenge_response_v0 success_response_v0 tlv_success_and_cryptobinding after_eap_success no_reply]
Aug 13, 2025 3:12:48 PM de.learnlib.logging.LearnLogger logQuery
INFO: DB CACHE [ε | id_request_v0 challenge_v0 success_request_with_credentials eap_success eap_success /  id_response_v0 challenge_response_v0 success_response_v0 after_eap_success after_eap_success]
Aug 13, 2025 3:12:51 PM de.learnlib.logging.LearnLogger logQuery
INFO: [ε | id_request_v0 challenge_v0 success_request_with_credentials eap_success eap_success id_request_v0 / ε | id_response_v0 challenge_response_v0 success_response_v0 after_eap_success after_eap_success no_reply]
Aug 13, 2025 3:12:55 PM de.learnlib.logging.LearnLogger logQuery
INFO: [ε | id_request_v0 challenge_v0 success_request_with_credentials eap_success eap_success challenge_v0 / ε | id_response_v0 challenge_response_v0 success_response_v0 after_eap_success after_eap_success no_reply]
Aug 13, 2025 3:12:58 PM de.learnlib.logging.LearnLogger logQuery
INFO: [ε | id_request_v0 challenge_v0 success_request_with_credentials eap_success eap_success tlv_request / ε | id_response_v0 challenge_response_v0 success_response_v0 after_eap_success after_eap_success no_reply]
Aug 13, 2025 3:12:58 PM de.learnlib.logging.LearnLogger logQuery
INFO: DB CACHE [ε | id_request_v0 challenge_v0 success_request_with_credentials tlv_request 4_way_message_1 /  id_response_v0 challenge_response_v0 success_response_v0 tlv_success no_reply]
Aug 13, 2025 3:12:58 PM de.learnlib.logging.LearnLogger logQuery
INFO: DB CACHE [ε | id_request_v0 challenge_v0 success_request_with_credentials success_and_cryptobinding 4_way_message_1 /  id_response_v0 challenge_response_v0 success_response_v0 tlv_success_and_cryptobinding no_reply]
Aug 13, 2025 3:12:58 PM de.learnlib.logging.LearnLogger logQuery
INFO: DB CACHE [ε | id_request_v0 challenge_v0 success_request_with_credentials eap_success 4_way_message_1 /  id_response_v0 challenge_response_v0 success_response_v0 after_eap_success no_reply]
Aug 13, 2025 3:13:01 PM de.learnlib.logging.LearnLogger logQuery
INFO: [ε | id_request_v0 challenge_v0 eap_success eap_success tlv_failure / ε | id_response_v0 challenge_response_v0 after_eap_success after_eap_success no_reply]
Aug 13, 2025 3:13:04 PM de.learnlib.logging.LearnLogger logQuery
INFO: [ε | id_request_v0 challenge_v0 eap_success eap_success success_request_all_zeros / ε | id_response_v0 challenge_response_v0 after_eap_success after_eap_success no_reply]
Aug 13, 2025 3:13:07 PM de.learnlib.logging.LearnLogger logQuery
INFO: [ε | id_request_v0 challenge_v0 eap_success eap_success success_request_with_credentials / ε | id_response_v0 challenge_response_v0 after_eap_success after_eap_success no_reply]
Aug 13, 2025 3:13:11 PM de.learnlib.logging.LearnLogger logQuery
INFO: [ε | id_request_v0 challenge_v0 eap_success eap_success success_and_cryptobinding / ε | id_response_v0 challenge_response_v0 after_eap_success after_eap_success no_reply]
Aug 13, 2025 3:13:14 PM de.learnlib.logging.LearnLogger logQuery
INFO: [ε | id_request_v0 challenge_v0 eap_success eap_success cryptobinding / ε | id_response_v0 challenge_response_v0 after_eap_success after_eap_success no_reply]
Aug 13, 2025 3:13:17 PM de.learnlib.logging.LearnLogger logQuery
INFO: [ε | id_request_v0 challenge_v0 eap_success eap_success eap_success / ε | id_response_v0 challenge_response_v0 after_eap_success after_eap_success after_eap_success]
Aug 13, 2025 3:13:20 PM de.learnlib.logging.LearnLogger logQuery
INFO: [ε | id_request_v0 challenge_v0 eap_success eap_success eap_success id_request_v0 / ε | id_response_v0 challenge_response_v0 after_eap_success after_eap_success after_eap_success no_reply]
Aug 13, 2025 3:13:24 PM de.learnlib.logging.LearnLogger logQuery
INFO: [ε | id_request_v0 challenge_v0 eap_success eap_success eap_success challenge_v0 / ε | id_response_v0 challenge_response_v0 after_eap_success after_eap_success after_eap_success no_reply]
Aug 13, 2025 3:13:28 PM de.learnlib.logging.LearnLogger logQuery
INFO: [ε | id_request_v0 challenge_v0 eap_success eap_success eap_success tlv_request / ε | id_response_v0 challenge_response_v0 after_eap_success after_eap_success after_eap_success no_reply]
Aug 13, 2025 3:13:31 PM de.learnlib.logging.LearnLogger logQuery
INFO: [ε | id_request_v0 challenge_v0 eap_success eap_success 4_way_message_1 / ε | id_response_v0 challenge_response_v0 after_eap_success after_eap_success no_reply]
Aug 13, 2025 3:13:34 PM de.learnlib.logging.LearnLogger logQuery
INFO: [ε | id_request_v0 challenge_v0 success_request_with_credentials tlv_request eap_success tlv_failure / ε | id_response_v0 challenge_response_v0 success_response_v0 tlv_success after_eap_success no_reply]
Aug 13, 2025 3:13:37 PM de.learnlib.logging.LearnLogger logQuery
INFO: [ε | id_request_v0 challenge_v0 success_request_with_credentials tlv_request eap_success success_request_all_zeros / ε | id_response_v0 challenge_response_v0 success_response_v0 tlv_success after_eap_success no_reply]
Aug 13, 2025 3:13:39 PM de.learnlib.logging.LearnLogger logQuery
INFO: [ε | id_request_v0 challenge_v0 success_request_with_credentials tlv_request eap_success success_request_with_credentials / ε | id_response_v0 challenge_response_v0 success_response_v0 tlv_success after_eap_success no_reply]
Aug 13, 2025 3:13:42 PM de.learnlib.logging.LearnLogger logQuery
INFO: [ε | id_request_v0 challenge_v0 success_request_with_credentials tlv_request eap_success success_and_cryptobinding / ε | id_response_v0 challenge_response_v0 success_response_v0 tlv_success after_eap_success no_reply]
Aug 13, 2025 3:13:45 PM de.learnlib.logging.LearnLogger logQuery
INFO: [ε | id_request_v0 challenge_v0 success_request_with_credentials tlv_request eap_success cryptobinding / ε | id_response_v0 challenge_response_v0 success_response_v0 tlv_success after_eap_success no_reply]
Aug 13, 2025 3:13:47 PM de.learnlib.logging.LearnLogger logQuery
INFO: [ε | id_request_v0 challenge_v0 success_request_with_credentials tlv_request eap_success eap_success / ε | id_response_v0 challenge_response_v0 success_response_v0 tlv_success after_eap_success after_eap_success]
Aug 13, 2025 3:13:50 PM de.learnlib.logging.LearnLogger logQuery
INFO: [ε | id_request_v0 challenge_v0 success_request_with_credentials tlv_request eap_success eap_success id_request_v0 / ε | id_response_v0 challenge_response_v0 success_response_v0 tlv_success after_eap_success after_eap_success no_reply]
Aug 13, 2025 3:13:53 PM de.learnlib.logging.LearnLogger logQuery
INFO: [ε | id_request_v0 challenge_v0 success_request_with_credentials tlv_request eap_success eap_success challenge_v0 / ε | id_response_v0 challenge_response_v0 success_response_v0 tlv_success after_eap_success after_eap_success no_reply]
Aug 13, 2025 3:13:57 PM de.learnlib.logging.LearnLogger logQuery
INFO: [ε | id_request_v0 challenge_v0 success_request_with_credentials tlv_request eap_success eap_success tlv_request / ε | id_response_v0 challenge_response_v0 success_response_v0 tlv_success after_eap_success after_eap_success no_reply]
Aug 13, 2025 3:13:59 PM de.learnlib.logging.LearnLogger logQuery
INFO: [ε | id_request_v0 challenge_v0 success_request_with_credentials tlv_request eap_success 4_way_message_1 / ε | id_response_v0 challenge_response_v0 success_response_v0 tlv_success after_eap_success 4_way_message_2]
Aug 13, 2025 3:14:01 PM de.learnlib.logging.LearnLogger logQuery
INFO: [ε | id_request_v0 challenge_v0 success_request_with_credentials tlv_request eap_success 4_way_message_1 / ε | id_response_v0 challenge_response_v0 success_response_v0 tlv_success after_eap_success 4_way_message_2]
Aug 13, 2025 3:14:03 PM de.learnlib.logging.LearnLogger logQuery
INFO: [ε | id_request_v0 challenge_v0 success_request_with_credentials tlv_request eap_success 4_way_message_1 / ε | id_response_v0 challenge_response_v0 success_response_v0 tlv_success after_eap_success 4_way_message_2]
Aug 13, 2025 3:14:37 PM de.learnlib.logging.LearnLogger logQuery
INFO: [ε | challenge_v0 id_request_v0 eap_success 4_way_message_1 / ε | empty_peap id_response_v0 after_eap_success no_reply]
Aug 13, 2025 3:14:40 PM de.learnlib.logging.LearnLogger logQuery
INFO: [ε | success_request_all_zeros id_request_v0 eap_success 4_way_message_1 / ε | empty_peap id_response_v0 after_eap_success no_reply]
Aug 13, 2025 3:14:43 PM de.learnlib.logging.LearnLogger logQuery
INFO: [ε | success_request_with_credentials id_request_v0 eap_success 4_way_message_1 / ε | empty_peap id_response_v0 after_eap_success no_reply]
Aug 13, 2025 3:14:45 PM de.learnlib.logging.LearnLogger logQuery
INFO: [ε | challenge_v0 challenge_v0 eap_success 4_way_message_1 / ε | empty_peap empty_peap after_eap_success no_reply]
Aug 13, 2025 3:14:48 PM de.learnlib.logging.LearnLogger logQuery
INFO: [ε | success_request_all_zeros challenge_v0 eap_success 4_way_message_1 / ε | empty_peap empty_peap after_eap_success no_reply]
Aug 13, 2025 3:14:51 PM de.learnlib.logging.LearnLogger logQuery
INFO: [ε | success_request_with_credentials challenge_v0 eap_success 4_way_message_1 / ε | empty_peap empty_peap after_eap_success no_reply]
Aug 13, 2025 3:14:54 PM de.learnlib.logging.LearnLogger logQuery
INFO: [ε | challenge_v0 success_request_all_zeros eap_success 4_way_message_1 / ε | empty_peap empty_peap after_eap_success no_reply]
Aug 13, 2025 3:14:56 PM de.learnlib.logging.LearnLogger logQuery
INFO: [ε | success_request_all_zeros success_request_all_zeros eap_success 4_way_message_1 / ε | empty_peap empty_peap after_eap_success no_reply]
Aug 13, 2025 3:14:59 PM de.learnlib.logging.LearnLogger logQuery
INFO: [ε | success_request_with_credentials success_request_all_zeros eap_success 4_way_message_1 / ε | empty_peap empty_peap after_eap_success no_reply]
Aug 13, 2025 3:15:02 PM de.learnlib.logging.LearnLogger logQuery
INFO: [ε | challenge_v0 success_request_with_credentials eap_success 4_way_message_1 / ε | empty_peap empty_peap after_eap_success no_reply]
Aug 13, 2025 3:15:05 PM de.learnlib.logging.LearnLogger logQuery
INFO: [ε | success_request_all_zeros success_request_with_credentials eap_success 4_way_message_1 / ε | empty_peap empty_peap after_eap_success no_reply]
Aug 13, 2025 3:15:07 PM de.learnlib.logging.LearnLogger logQuery
INFO: [ε | success_request_with_credentials success_request_with_credentials eap_success 4_way_message_1 / ε | empty_peap empty_peap after_eap_success no_reply]
Aug 13, 2025 3:15:11 PM de.learnlib.logging.LearnLogger logQuery
INFO: [ε | challenge_v0 eap_success eap_success 4_way_message_1 / ε | empty_peap after_eap_success after_eap_success no_reply]
Aug 13, 2025 3:15:14 PM de.learnlib.logging.LearnLogger logQuery
INFO: [ε | success_request_all_zeros eap_success eap_success 4_way_message_1 / ε | empty_peap after_eap_success after_eap_success no_reply]
Aug 13, 2025 3:15:17 PM de.learnlib.logging.LearnLogger logQuery
INFO: [ε | success_request_with_credentials eap_success eap_success 4_way_message_1 / ε | empty_peap after_eap_success after_eap_success no_reply]
Aug 13, 2025 3:15:20 PM de.learnlib.logging.LearnLogger logQuery
INFO: [ε | id_request_v0 id_request_v0 id_request_v0 eap_success 4_way_message_1 / ε | id_response_v0 nak nak after_eap_success no_reply]
Aug 13, 2025 3:15:23 PM de.learnlib.logging.LearnLogger logQuery
INFO: [ε | id_request_v0 id_request_v0 challenge_v0 eap_success 4_way_message_1 / ε | id_response_v0 nak challenge_response_v0 after_eap_success no_reply]
Aug 13, 2025 3:15:26 PM de.learnlib.logging.LearnLogger logQuery
INFO: [ε | id_request_v0 id_request_v0 eap_success eap_success 4_way_message_1 / ε | id_response_v0 nak after_eap_success after_eap_success no_reply]
Aug 13, 2025 3:15:30 PM de.learnlib.logging.LearnLogger logQuery
INFO: [ε | id_request_v0 eap_success eap_success eap_success 4_way_message_1 / ε | id_response_v0 after_eap_success after_eap_success after_eap_success no_reply]
Aug 13, 2025 3:15:32 PM de.learnlib.logging.LearnLogger logQuery
INFO: [ε | challenge_v0 id_request_v0 id_request_v0 4_way_message_1 / ε | empty_peap id_response_v0 nak no_reply]
Aug 13, 2025 3:15:35 PM de.learnlib.logging.LearnLogger logQuery
INFO: [ε | challenge_v0 id_request_v0 id_request_v0 eap_success 4_way_message_1 / ε | empty_peap id_response_v0 nak after_eap_success no_reply]
Aug 13, 2025 3:15:37 PM de.learnlib.logging.LearnLogger logQuery
INFO: [ε | challenge_v0 challenge_v0 id_request_v0 4_way_message_1 / ε | empty_peap empty_peap id_response_v0 no_reply]
Aug 13, 2025 3:15:40 PM de.learnlib.logging.LearnLogger logQuery
INFO: [ε | challenge_v0 challenge_v0 id_request_v0 eap_success 4_way_message_1 / ε | empty_peap empty_peap id_response_v0 after_eap_success no_reply]
Aug 13, 2025 3:15:42 PM de.learnlib.logging.LearnLogger logQuery
INFO: [ε | challenge_v0 success_request_all_zeros id_request_v0 4_way_message_1 / ε | empty_peap empty_peap id_response_v0 no_reply]
Aug 13, 2025 3:15:45 PM de.learnlib.logging.LearnLogger logQuery
INFO: [ε | challenge_v0 success_request_all_zeros id_request_v0 eap_success 4_way_message_1 / ε | empty_peap empty_peap id_response_v0 after_eap_success no_reply]
Aug 13, 2025 3:15:47 PM de.learnlib.logging.LearnLogger logQuery
INFO: [ε | challenge_v0 success_request_with_credentials id_request_v0 4_way_message_1 / ε | empty_peap empty_peap id_response_v0 no_reply]
Aug 13, 2025 3:15:50 PM de.learnlib.logging.LearnLogger logQuery
INFO: [ε | challenge_v0 success_request_with_credentials id_request_v0 eap_success 4_way_message_1 / ε | empty_peap empty_peap id_response_v0 after_eap_success no_reply]
Aug 13, 2025 3:15:52 PM de.learnlib.logging.LearnLogger logQuery
INFO: [ε | challenge_v0 id_request_v0 challenge_v0 4_way_message_1 / ε | empty_peap id_response_v0 challenge_response_v0 no_reply]
Aug 13, 2025 3:15:55 PM de.learnlib.logging.LearnLogger logQuery
INFO: [ε | challenge_v0 id_request_v0 challenge_v0 eap_success 4_way_message_1 / ε | empty_peap id_response_v0 challenge_response_v0 after_eap_success no_reply]
Aug 13, 2025 3:15:57 PM de.learnlib.logging.LearnLogger logQuery
INFO: [ε | challenge_v0 challenge_v0 challenge_v0 4_way_message_1 / ε | empty_peap empty_peap empty_peap no_reply]
Aug 13, 2025 3:16:00 PM de.learnlib.logging.LearnLogger logQuery
INFO: [ε | challenge_v0 challenge_v0 challenge_v0 eap_success 4_way_message_1 / ε | empty_peap empty_peap empty_peap after_eap_success no_reply]
Aug 13, 2025 3:16:02 PM de.learnlib.logging.LearnLogger logQuery
INFO: [ε | challenge_v0 success_request_all_zeros challenge_v0 4_way_message_1 / ε | empty_peap empty_peap empty_peap no_reply]
Aug 13, 2025 3:16:05 PM de.learnlib.logging.LearnLogger logQuery
INFO: [ε | challenge_v0 success_request_all_zeros challenge_v0 eap_success 4_way_message_1 / ε | empty_peap empty_peap empty_peap after_eap_success no_reply]
Aug 13, 2025 3:16:07 PM de.learnlib.logging.LearnLogger logQuery
INFO: [ε | challenge_v0 success_request_with_credentials challenge_v0 4_way_message_1 / ε | empty_peap empty_peap empty_peap no_reply]
Aug 13, 2025 3:16:10 PM de.learnlib.logging.LearnLogger logQuery
INFO: [ε | challenge_v0 success_request_with_credentials challenge_v0 eap_success 4_way_message_1 / ε | empty_peap empty_peap empty_peap after_eap_success no_reply]
Aug 13, 2025 3:16:12 PM de.learnlib.logging.LearnLogger logQuery
INFO: [ε | challenge_v0 challenge_v0 success_request_all_zeros 4_way_message_1 / ε | empty_peap empty_peap empty_peap no_reply]
Aug 13, 2025 3:16:15 PM de.learnlib.logging.LearnLogger logQuery
INFO: [ε | challenge_v0 challenge_v0 success_request_all_zeros eap_success 4_way_message_1 / ε | empty_peap empty_peap empty_peap after_eap_success no_reply]
Aug 13, 2025 3:16:18 PM de.learnlib.logging.LearnLogger logQuery
INFO: [ε | challenge_v0 success_request_all_zeros success_request_all_zeros 4_way_message_1 / ε | empty_peap empty_peap empty_peap no_reply]
Aug 13, 2025 3:16:20 PM de.learnlib.logging.LearnLogger logQuery
INFO: [ε | challenge_v0 success_request_all_zeros success_request_all_zeros eap_success 4_way_message_1 / ε | empty_peap empty_peap empty_peap after_eap_success no_reply]
Aug 13, 2025 3:16:23 PM de.learnlib.logging.LearnLogger logQuery
INFO: [ε | challenge_v0 success_request_with_credentials success_request_all_zeros 4_way_message_1 / ε | empty_peap empty_peap empty_peap no_reply]
Aug 13, 2025 3:16:25 PM de.learnlib.logging.LearnLogger logQuery
INFO: [ε | challenge_v0 success_request_with_credentials success_request_all_zeros eap_success 4_way_message_1 / ε | empty_peap empty_peap empty_peap after_eap_success no_reply]
Aug 13, 2025 3:16:28 PM de.learnlib.logging.LearnLogger logQuery
INFO: [ε | challenge_v0 challenge_v0 success_request_with_credentials 4_way_message_1 / ε | empty_peap empty_peap empty_peap no_reply]
Aug 13, 2025 3:16:30 PM de.learnlib.logging.LearnLogger logQuery
INFO: [ε | challenge_v0 challenge_v0 success_request_with_credentials eap_success 4_way_message_1 / ε | empty_peap empty_peap empty_peap after_eap_success no_reply]
Aug 13, 2025 3:16:33 PM de.learnlib.logging.LearnLogger logQuery
INFO: [ε | challenge_v0 success_request_all_zeros success_request_with_credentials 4_way_message_1 / ε | empty_peap empty_peap empty_peap no_reply]
Aug 13, 2025 3:16:35 PM de.learnlib.logging.LearnLogger logQuery
INFO: [ε | challenge_v0 success_request_all_zeros success_request_with_credentials eap_success 4_way_message_1 / ε | empty_peap empty_peap empty_peap after_eap_success no_reply]
Aug 13, 2025 3:16:38 PM de.learnlib.logging.LearnLogger logQuery
INFO: [ε | challenge_v0 success_request_with_credentials success_request_with_credentials 4_way_message_1 / ε | empty_peap empty_peap empty_peap no_reply]
Aug 13, 2025 3:16:40 PM de.learnlib.logging.LearnLogger logQuery
INFO: [ε | challenge_v0 success_request_with_credentials success_request_with_credentials eap_success 4_way_message_1 / ε | empty_peap empty_peap empty_peap after_eap_success no_reply]
Aug 13, 2025 3:16:44 PM de.learnlib.logging.LearnLogger logQuery
INFO: [ε | challenge_v0 id_request_v0 eap_success eap_success 4_way_message_1 / ε | empty_peap id_response_v0 after_eap_success after_eap_success no_reply]
Aug 13, 2025 3:16:47 PM de.learnlib.logging.LearnLogger logQuery
INFO: [ε | challenge_v0 challenge_v0 eap_success eap_success 4_way_message_1 / ε | empty_peap empty_peap after_eap_success after_eap_success no_reply]
Aug 13, 2025 3:16:50 PM de.learnlib.logging.LearnLogger logQuery
INFO: [ε | challenge_v0 success_request_all_zeros eap_success eap_success 4_way_message_1 / ε | empty_peap empty_peap after_eap_success after_eap_success no_reply]
Aug 13, 2025 3:16:54 PM de.learnlib.logging.LearnLogger logQuery
INFO: [ε | challenge_v0 success_request_with_credentials eap_success eap_success 4_way_message_1 / ε | empty_peap empty_peap after_eap_success after_eap_success no_reply]
Aug 13, 2025 3:16:57 PM de.learnlib.logging.LearnLogger logQuery
INFO: [ε | challenge_v0 eap_success eap_success eap_success 4_way_message_1 / ε | empty_peap after_eap_success after_eap_success after_eap_success no_reply]
Aug 13, 2025 3:17:00 PM de.learnlib.logging.LearnLogger logQuery
INFO: [ε | success_request_all_zeros id_request_v0 id_request_v0 4_way_message_1 / ε | empty_peap id_response_v0 nak no_reply]
Aug 13, 2025 3:17:02 PM de.learnlib.logging.LearnLogger logQuery
INFO: [ε | success_request_all_zeros id_request_v0 id_request_v0 eap_success 4_way_message_1 / ε | empty_peap id_response_v0 nak after_eap_success no_reply]
Aug 13, 2025 3:17:05 PM de.learnlib.logging.LearnLogger logQuery
INFO: [ε | success_request_all_zeros challenge_v0 id_request_v0 4_way_message_1 / ε | empty_peap empty_peap id_response_v0 no_reply]
Aug 13, 2025 3:17:07 PM de.learnlib.logging.LearnLogger logQuery
INFO: [ε | success_request_all_zeros challenge_v0 id_request_v0 eap_success 4_way_message_1 / ε | empty_peap empty_peap id_response_v0 after_eap_success no_reply]
Aug 13, 2025 3:17:10 PM de.learnlib.logging.LearnLogger logQuery
INFO: [ε | success_request_all_zeros success_request_all_zeros id_request_v0 4_way_message_1 / ε | empty_peap empty_peap id_response_v0 no_reply]
Aug 13, 2025 3:17:13 PM de.learnlib.logging.LearnLogger logQuery
INFO: [ε | success_request_all_zeros success_request_all_zeros id_request_v0 eap_success 4_way_message_1 / ε | empty_peap empty_peap id_response_v0 after_eap_success no_reply]
Aug 13, 2025 3:17:15 PM de.learnlib.logging.LearnLogger logQuery
INFO: [ε | success_request_all_zeros success_request_with_credentials id_request_v0 4_way_message_1 / ε | empty_peap empty_peap id_response_v0 no_reply]
Aug 13, 2025 3:17:18 PM de.learnlib.logging.LearnLogger logQuery
INFO: [ε | success_request_all_zeros success_request_with_credentials id_request_v0 eap_success 4_way_message_1 / ε | empty_peap empty_peap id_response_v0 after_eap_success no_reply]
Aug 13, 2025 3:17:20 PM de.learnlib.logging.LearnLogger logQuery
INFO: [ε | success_request_all_zeros id_request_v0 challenge_v0 4_way_message_1 / ε | empty_peap id_response_v0 challenge_response_v0 no_reply]
Aug 13, 2025 3:17:23 PM de.learnlib.logging.LearnLogger logQuery
INFO: [ε | success_request_all_zeros id_request_v0 challenge_v0 eap_success 4_way_message_1 / ε | empty_peap id_response_v0 challenge_response_v0 after_eap_success no_reply]
Aug 13, 2025 3:17:25 PM de.learnlib.logging.LearnLogger logQuery
INFO: [ε | success_request_all_zeros challenge_v0 challenge_v0 4_way_message_1 / ε | empty_peap empty_peap empty_peap no_reply]
Aug 13, 2025 3:17:28 PM de.learnlib.logging.LearnLogger logQuery
INFO: [ε | success_request_all_zeros challenge_v0 challenge_v0 eap_success 4_way_message_1 / ε | empty_peap empty_peap empty_peap after_eap_success no_reply]
Aug 13, 2025 3:17:30 PM de.learnlib.logging.LearnLogger logQuery
INFO: [ε | success_request_all_zeros success_request_all_zeros challenge_v0 4_way_message_1 / ε | empty_peap empty_peap empty_peap no_reply]
Aug 13, 2025 3:17:33 PM de.learnlib.logging.LearnLogger logQuery
INFO: [ε | success_request_all_zeros success_request_all_zeros challenge_v0 eap_success 4_way_message_1 / ε | empty_peap empty_peap empty_peap after_eap_success no_reply]
Aug 13, 2025 3:17:35 PM de.learnlib.logging.LearnLogger logQuery
INFO: [ε | success_request_all_zeros success_request_with_credentials challenge_v0 4_way_message_1 / ε | empty_peap empty_peap empty_peap no_reply]
Aug 13, 2025 3:17:38 PM de.learnlib.logging.LearnLogger logQuery
INFO: [ε | success_request_all_zeros success_request_with_credentials challenge_v0 eap_success 4_way_message_1 / ε | empty_peap empty_peap empty_peap after_eap_success no_reply]
Aug 13, 2025 3:17:40 PM de.learnlib.logging.LearnLogger logQuery
INFO: [ε | success_request_all_zeros challenge_v0 success_request_all_zeros 4_way_message_1 / ε | empty_peap empty_peap empty_peap no_reply]
Aug 13, 2025 3:17:43 PM de.learnlib.logging.LearnLogger logQuery
INFO: [ε | success_request_all_zeros challenge_v0 success_request_all_zeros eap_success 4_way_message_1 / ε | empty_peap empty_peap empty_peap after_eap_success no_reply]
Aug 13, 2025 3:17:45 PM de.learnlib.logging.LearnLogger logQuery
INFO: [ε | success_request_all_zeros success_request_all_zeros success_request_all_zeros 4_way_message_1 / ε | empty_peap empty_peap empty_peap no_reply]
Aug 13, 2025 3:17:48 PM de.learnlib.logging.LearnLogger logQuery
INFO: [ε | success_request_all_zeros success_request_all_zeros success_request_all_zeros eap_success 4_way_message_1 / ε | empty_peap empty_peap empty_peap after_eap_success no_reply]
Aug 13, 2025 3:17:50 PM de.learnlib.logging.LearnLogger logQuery
INFO: [ε | success_request_all_zeros success_request_with_credentials success_request_all_zeros 4_way_message_1 / ε | empty_peap empty_peap empty_peap no_reply]
Aug 13, 2025 3:17:53 PM de.learnlib.logging.LearnLogger logQuery
INFO: [ε | success_request_all_zeros success_request_with_credentials success_request_all_zeros eap_success 4_way_message_1 / ε | empty_peap empty_peap empty_peap after_eap_success no_reply]
Aug 13, 2025 3:17:55 PM de.learnlib.logging.LearnLogger logQuery
INFO: [ε | success_request_all_zeros challenge_v0 success_request_with_credentials 4_way_message_1 / ε | empty_peap empty_peap empty_peap no_reply]
Aug 13, 2025 3:17:58 PM de.learnlib.logging.LearnLogger logQuery
INFO: [ε | success_request_all_zeros challenge_v0 success_request_with_credentials eap_success 4_way_message_1 / ε | empty_peap empty_peap empty_peap after_eap_success no_reply]
Aug 13, 2025 3:18:00 PM de.learnlib.logging.LearnLogger logQuery
INFO: [ε | success_request_all_zeros success_request_all_zeros success_request_with_credentials 4_way_message_1 / ε | empty_peap empty_peap empty_peap no_reply]
Aug 13, 2025 3:18:03 PM de.learnlib.logging.LearnLogger logQuery
INFO: [ε | success_request_all_zeros success_request_all_zeros success_request_with_credentials eap_success 4_way_message_1 / ε | empty_peap empty_peap empty_peap after_eap_success no_reply]
Aug 13, 2025 3:18:05 PM de.learnlib.logging.LearnLogger logQuery
INFO: [ε | success_request_all_zeros success_request_with_credentials success_request_with_credentials 4_way_message_1 / ε | empty_peap empty_peap empty_peap no_reply]
Aug 13, 2025 3:18:08 PM de.learnlib.logging.LearnLogger logQuery
INFO: [ε | success_request_all_zeros success_request_with_credentials success_request_with_credentials eap_success 4_way_message_1 / ε | empty_peap empty_peap empty_peap after_eap_success no_reply]
Aug 13, 2025 3:18:11 PM de.learnlib.logging.LearnLogger logQuery
INFO: [ε | success_request_all_zeros id_request_v0 eap_success eap_success 4_way_message_1 / ε | empty_peap id_response_v0 after_eap_success after_eap_success no_reply]
Aug 13, 2025 3:18:15 PM de.learnlib.logging.LearnLogger logQuery
INFO: [ε | success_request_all_zeros challenge_v0 eap_success eap_success 4_way_message_1 / ε | empty_peap empty_peap after_eap_success after_eap_success no_reply]
Aug 13, 2025 3:18:18 PM de.learnlib.logging.LearnLogger logQuery
INFO: [ε | success_request_all_zeros success_request_all_zeros eap_success eap_success 4_way_message_1 / ε | empty_peap empty_peap after_eap_success after_eap_success no_reply]
Aug 13, 2025 3:18:21 PM de.learnlib.logging.LearnLogger logQuery
INFO: [ε | success_request_all_zeros success_request_with_credentials eap_success eap_success 4_way_message_1 / ε | empty_peap empty_peap after_eap_success after_eap_success no_reply]
Aug 13, 2025 3:18:25 PM de.learnlib.logging.LearnLogger logQuery
INFO: [ε | success_request_all_zeros eap_success eap_success eap_success 4_way_message_1 / ε | empty_peap after_eap_success after_eap_success after_eap_success no_reply]
Aug 13, 2025 3:18:27 PM de.learnlib.logging.LearnLogger logQuery
INFO: [ε | success_request_with_credentials id_request_v0 id_request_v0 4_way_message_1 / ε | empty_peap id_response_v0 nak no_reply]
Aug 13, 2025 3:18:30 PM de.learnlib.logging.LearnLogger logQuery
INFO: [ε | success_request_with_credentials id_request_v0 id_request_v0 eap_success 4_way_message_1 / ε | empty_peap id_response_v0 nak after_eap_success no_reply]
Aug 13, 2025 3:18:32 PM de.learnlib.logging.LearnLogger logQuery
INFO: [ε | success_request_with_credentials challenge_v0 id_request_v0 4_way_message_1 / ε | empty_peap empty_peap id_response_v0 no_reply]
Aug 13, 2025 3:18:35 PM de.learnlib.logging.LearnLogger logQuery
INFO: [ε | success_request_with_credentials challenge_v0 id_request_v0 eap_success 4_way_message_1 / ε | empty_peap empty_peap id_response_v0 after_eap_success no_reply]
Aug 13, 2025 3:18:37 PM de.learnlib.logging.LearnLogger logQuery
INFO: [ε | success_request_with_credentials success_request_all_zeros id_request_v0 4_way_message_1 / ε | empty_peap empty_peap id_response_v0 no_reply]
Aug 13, 2025 3:18:40 PM de.learnlib.logging.LearnLogger logQuery
INFO: [ε | success_request_with_credentials success_request_all_zeros id_request_v0 eap_success 4_way_message_1 / ε | empty_peap empty_peap id_response_v0 after_eap_success no_reply]
Aug 13, 2025 3:18:42 PM de.learnlib.logging.LearnLogger logQuery
INFO: [ε | success_request_with_credentials success_request_with_credentials id_request_v0 4_way_message_1 / ε | empty_peap empty_peap id_response_v0 no_reply]
Aug 13, 2025 3:18:45 PM de.learnlib.logging.LearnLogger logQuery
INFO: [ε | success_request_with_credentials success_request_with_credentials id_request_v0 eap_success 4_way_message_1 / ε | empty_peap empty_peap id_response_v0 after_eap_success no_reply]
Aug 13, 2025 3:18:48 PM de.learnlib.logging.LearnLogger logQuery
INFO: [ε | success_request_with_credentials id_request_v0 challenge_v0 4_way_message_1 / ε | empty_peap id_response_v0 challenge_response_v0 no_reply]
Aug 13, 2025 3:18:50 PM de.learnlib.logging.LearnLogger logQuery
INFO: [ε | success_request_with_credentials id_request_v0 challenge_v0 eap_success 4_way_message_1 / ε | empty_peap id_response_v0 challenge_response_v0 after_eap_success no_reply]
Aug 13, 2025 3:18:53 PM de.learnlib.logging.LearnLogger logQuery
INFO: [ε | success_request_with_credentials challenge_v0 challenge_v0 4_way_message_1 / ε | empty_peap empty_peap empty_peap no_reply]
Aug 13, 2025 3:18:55 PM de.learnlib.logging.LearnLogger logQuery
INFO: [ε | success_request_with_credentials challenge_v0 challenge_v0 eap_success 4_way_message_1 / ε | empty_peap empty_peap empty_peap after_eap_success no_reply]
Aug 13, 2025 3:18:58 PM de.learnlib.logging.LearnLogger logQuery
INFO: [ε | success_request_with_credentials success_request_all_zeros challenge_v0 4_way_message_1 / ε | empty_peap empty_peap empty_peap no_reply]
Aug 13, 2025 3:19:00 PM de.learnlib.logging.LearnLogger logQuery
INFO: [ε | success_request_with_credentials success_request_all_zeros challenge_v0 eap_success 4_way_message_1 / ε | empty_peap empty_peap empty_peap after_eap_success no_reply]
Aug 13, 2025 3:19:03 PM de.learnlib.logging.LearnLogger logQuery
INFO: [ε | success_request_with_credentials success_request_with_credentials challenge_v0 4_way_message_1 / ε | empty_peap empty_peap empty_peap no_reply]
Aug 13, 2025 3:19:05 PM de.learnlib.logging.LearnLogger logQuery
INFO: [ε | success_request_with_credentials success_request_with_credentials challenge_v0 eap_success 4_way_message_1 / ε | empty_peap empty_peap empty_peap after_eap_success no_reply]
Aug 13, 2025 3:19:08 PM de.learnlib.logging.LearnLogger logQuery
INFO: [ε | success_request_with_credentials challenge_v0 success_request_all_zeros 4_way_message_1 / ε | empty_peap empty_peap empty_peap no_reply]
Aug 13, 2025 3:19:11 PM de.learnlib.logging.LearnLogger logQuery
INFO: [ε | success_request_with_credentials challenge_v0 success_request_all_zeros eap_success 4_way_message_1 / ε | empty_peap empty_peap empty_peap after_eap_success no_reply]
Aug 13, 2025 3:19:13 PM de.learnlib.logging.LearnLogger logQuery
INFO: [ε | success_request_with_credentials success_request_all_zeros success_request_all_zeros 4_way_message_1 / ε | empty_peap empty_peap empty_peap no_reply]
Aug 13, 2025 3:19:16 PM de.learnlib.logging.LearnLogger logQuery
INFO: [ε | success_request_with_credentials success_request_all_zeros success_request_all_zeros eap_success 4_way_message_1 / ε | empty_peap empty_peap empty_peap after_eap_success no_reply]
Aug 13, 2025 3:19:18 PM de.learnlib.logging.LearnLogger logQuery
INFO: [ε | success_request_with_credentials success_request_with_credentials success_request_all_zeros 4_way_message_1 / ε | empty_peap empty_peap empty_peap no_reply]
Aug 13, 2025 3:19:21 PM de.learnlib.logging.LearnLogger logQuery
INFO: [ε | success_request_with_credentials success_request_with_credentials success_request_all_zeros eap_success 4_way_message_1 / ε | empty_peap empty_peap empty_peap after_eap_success no_reply]
Aug 13, 2025 3:19:23 PM de.learnlib.logging.LearnLogger logQuery
INFO: [ε | success_request_with_credentials challenge_v0 success_request_with_credentials 4_way_message_1 / ε | empty_peap empty_peap empty_peap no_reply]
Aug 13, 2025 3:19:26 PM de.learnlib.logging.LearnLogger logQuery
INFO: [ε | success_request_with_credentials challenge_v0 success_request_with_credentials eap_success 4_way_message_1 / ε | empty_peap empty_peap empty_peap after_eap_success no_reply]
Aug 13, 2025 3:19:28 PM de.learnlib.logging.LearnLogger logQuery
INFO: [ε | success_request_with_credentials success_request_all_zeros success_request_with_credentials 4_way_message_1 / ε | empty_peap empty_peap empty_peap no_reply]
Aug 13, 2025 3:19:31 PM de.learnlib.logging.LearnLogger logQuery
INFO: [ε | success_request_with_credentials success_request_all_zeros success_request_with_credentials eap_success 4_way_message_1 / ε | empty_peap empty_peap empty_peap after_eap_success no_reply]
Aug 13, 2025 3:19:33 PM de.learnlib.logging.LearnLogger logQuery
INFO: [ε | success_request_with_credentials success_request_with_credentials success_request_with_credentials 4_way_message_1 / ε | empty_peap empty_peap empty_peap no_reply]
Aug 13, 2025 3:19:36 PM de.learnlib.logging.LearnLogger logQuery
INFO: [ε | success_request_with_credentials success_request_with_credentials success_request_with_credentials eap_success 4_way_message_1 / ε | empty_peap empty_peap empty_peap after_eap_success no_reply]
Aug 13, 2025 3:19:39 PM de.learnlib.logging.LearnLogger logQuery
INFO: [ε | success_request_with_credentials id_request_v0 eap_success eap_success 4_way_message_1 / ε | empty_peap id_response_v0 after_eap_success after_eap_success no_reply]
Aug 13, 2025 3:19:42 PM de.learnlib.logging.LearnLogger logQuery
INFO: [ε | success_request_with_credentials challenge_v0 eap_success eap_success 4_way_message_1 / ε | empty_peap empty_peap after_eap_success after_eap_success no_reply]
Aug 13, 2025 3:19:46 PM de.learnlib.logging.LearnLogger logQuery
INFO: [ε | success_request_with_credentials success_request_all_zeros eap_success eap_success 4_way_message_1 / ε | empty_peap empty_peap after_eap_success after_eap_success no_reply]
Aug 13, 2025 3:19:49 PM de.learnlib.logging.LearnLogger logQuery
INFO: [ε | success_request_with_credentials success_request_with_credentials eap_success eap_success 4_way_message_1 / ε | empty_peap empty_peap after_eap_success after_eap_success no_reply]
Aug 13, 2025 3:19:53 PM de.learnlib.logging.LearnLogger logQuery
INFO: [ε | success_request_with_credentials eap_success eap_success eap_success 4_way_message_1 / ε | empty_peap after_eap_success after_eap_success after_eap_success no_reply]
Aug 13, 2025 3:19:57 PM de.learnlib.logging.LearnLogger logQuery
INFO: [ε | eap_success eap_success eap_success eap_success 4_way_message_1 / ε | after_eap_success after_eap_success after_eap_success after_eap_success no_reply]
Aug 13, 2025 3:19:59 PM de.learnlib.logging.LearnLogger logQuery
INFO: [ε | id_request_v0 id_request_v0 id_request_v0 id_request_v0 4_way_message_1 / ε | id_response_v0 nak nak nak no_reply]
Aug 13, 2025 3:20:02 PM de.learnlib.logging.LearnLogger logQuery
INFO: [ε | id_request_v0 id_request_v0 id_request_v0 id_request_v0 eap_success 4_way_message_1 / ε | id_response_v0 nak nak nak after_eap_success no_reply]
Aug 13, 2025 3:20:04 PM de.learnlib.logging.LearnLogger logQuery
INFO: [ε | id_request_v0 id_request_v0 id_request_v0 challenge_v0 4_way_message_1 / ε | id_response_v0 nak nak challenge_response_v0 no_reply]
Aug 13, 2025 3:20:07 PM de.learnlib.logging.LearnLogger logQuery
INFO: [ε | id_request_v0 id_request_v0 id_request_v0 challenge_v0 eap_success 4_way_message_1 / ε | id_response_v0 nak nak challenge_response_v0 after_eap_success no_reply]
Aug 13, 2025 3:20:09 PM de.learnlib.logging.LearnLogger logQuery
INFO: [ε | id_request_v0 id_request_v0 challenge_v0 success_request_with_credentials 4_way_message_1 / ε | id_response_v0 nak challenge_response_v0 success_response_v0 no_reply]
Aug 13, 2025 3:20:12 PM de.learnlib.logging.LearnLogger logQuery
INFO: [ε | id_request_v0 id_request_v0 challenge_v0 success_request_with_credentials eap_success 4_way_message_1 / ε | id_response_v0 nak challenge_response_v0 success_response_v0 after_eap_success no_reply]
Aug 13, 2025 3:20:15 PM de.learnlib.logging.LearnLogger logQuery
INFO: [ε | id_request_v0 id_request_v0 id_request_v0 eap_success eap_success 4_way_message_1 / ε | id_response_v0 nak nak after_eap_success after_eap_success no_reply]
Aug 13, 2025 3:20:19 PM de.learnlib.logging.LearnLogger logQuery
INFO: [ε | id_request_v0 id_request_v0 challenge_v0 eap_success eap_success 4_way_message_1 / ε | id_response_v0 nak challenge_response_v0 after_eap_success after_eap_success no_reply]
Aug 13, 2025 3:20:22 PM de.learnlib.logging.LearnLogger logQuery
INFO: [ε | id_request_v0 id_request_v0 eap_success eap_success eap_success 4_way_message_1 / ε | id_response_v0 nak after_eap_success after_eap_success after_eap_success no_reply]
Aug 13, 2025 3:20:23 PM de.learnlib.logging.LearnLogger logQuery
INFO: DB CACHE [ε | id_request_v0 challenge_v0 success_request_with_credentials success_and_cryptobinding eap_success 4_way_message_1 /  id_response_v0 challenge_response_v0 success_response_v0 tlv_success_and_cryptobinding after_eap_success 4_way_message_2]
Aug 13, 2025 3:20:23 PM de.learnlib.logging.LearnLogger logQuery
INFO: DB CACHE [ε | id_request_v0 challenge_v0 success_request_with_credentials eap_success eap_success 4_way_message_1 /  id_response_v0 challenge_response_v0 success_response_v0 after_eap_success after_eap_success no_reply]
Aug 13, 2025 3:20:26 PM de.learnlib.logging.LearnLogger logQuery
INFO: [ε | id_request_v0 challenge_v0 eap_success eap_success eap_success 4_way_message_1 / ε | id_response_v0 challenge_response_v0 after_eap_success after_eap_success after_eap_success no_reply]
Aug 13, 2025 3:20:31 PM de.learnlib.logging.LearnLogger logQuery
INFO: [ε | id_request_v0 eap_success eap_success eap_success eap_success 4_way_message_1 / ε | id_response_v0 after_eap_success after_eap_success after_eap_success after_eap_success no_reply]
Aug 13, 2025 3:20:35 PM de.learnlib.logging.LearnLogger logQuery
INFO: [ε | eap_success eap_success eap_success eap_success eap_success 4_way_message_1 / ε | after_eap_success after_eap_success after_eap_success after_eap_success after_eap_success no_reply]
Aug 13, 2025 3:20:36 PM de.learnlib.logging.LearnLogger logQuery
INFO: DB CACHE [ε | id_request_v0 challenge_v0 success_request_with_credentials tlv_request eap_success eap_success 4_way_message_1 /  id_response_v0 challenge_response_v0 success_response_v0 tlv_success after_eap_success after_eap_success 4_way_message_2]
Aug 13, 2025 3:20:38 PM de.learnlib.logging.LearnLogger logQuery
INFO: [ε | id_request_v0 challenge_v0 success_request_with_credentials success_and_cryptobinding eap_success eap_success 4_way_message_1 / ε | id_response_v0 challenge_response_v0 success_response_v0 tlv_success_and_cryptobinding after_eap_success after_eap_success 4_way_message_2]
Aug 13, 2025 3:20:42 PM de.learnlib.logging.LearnLogger logQuery
INFO: [ε | id_request_v0 challenge_v0 success_request_with_credentials eap_success eap_success eap_success 4_way_message_1 / ε | id_response_v0 challenge_response_v0 success_response_v0 after_eap_success after_eap_success after_eap_success no_reply]
Aug 13, 2025 3:20:46 PM de.learnlib.logging.LearnLogger logQuery
INFO: [ε | id_request_v0 challenge_v0 eap_success eap_success eap_success eap_success 4_way_message_1 / ε | id_response_v0 challenge_response_v0 after_eap_success after_eap_success after_eap_success after_eap_success no_reply]
Aug 13, 2025 3:20:47 PM de.learnlib.logging.LearnLogger logQuery
INFO: DB CACHE [ε | id_request_v0 challenge_v0 success_request_with_credentials tlv_request eap_success eap_success eap_success 4_way_message_1 /  id_response_v0 challenge_response_v0 success_response_v0 tlv_success after_eap_success after_eap_success after_eap_success 4_way_message_2]
Aug 13, 2025 3:20:49 PM de.learnlib.logging.LearnLogger logQuery
INFO: [ε | id_request_v0 challenge_v0 success_request_with_credentials success_and_cryptobinding eap_success tlv_failure / ε | id_response_v0 challenge_response_v0 success_response_v0 tlv_success_and_cryptobinding after_eap_success no_reply]
Aug 13, 2025 3:20:52 PM de.learnlib.logging.LearnLogger logQuery
INFO: [ε | id_request_v0 challenge_v0 success_request_with_credentials success_and_cryptobinding eap_success success_request_all_zeros / ε | id_response_v0 challenge_response_v0 success_response_v0 tlv_success_and_cryptobinding after_eap_success no_reply]
Aug 13, 2025 3:20:55 PM de.learnlib.logging.LearnLogger logQuery
INFO: [ε | id_request_v0 challenge_v0 success_request_with_credentials success_and_cryptobinding eap_success success_request_with_credentials / ε | id_response_v0 challenge_response_v0 success_response_v0 tlv_success_and_cryptobinding after_eap_success no_reply]
Aug 13, 2025 3:20:57 PM de.learnlib.logging.LearnLogger logQuery
INFO: [ε | id_request_v0 challenge_v0 success_request_with_credentials success_and_cryptobinding eap_success success_and_cryptobinding / ε | id_response_v0 challenge_response_v0 success_response_v0 tlv_success_and_cryptobinding after_eap_success no_reply]
Aug 13, 2025 3:21:00 PM de.learnlib.logging.LearnLogger logQuery
INFO: [ε | id_request_v0 challenge_v0 success_request_with_credentials success_and_cryptobinding eap_success cryptobinding / ε | id_response_v0 challenge_response_v0 success_response_v0 tlv_success_and_cryptobinding after_eap_success no_reply]
Aug 13, 2025 3:21:03 PM de.learnlib.logging.LearnLogger logQuery
INFO: [ε | id_request_v0 challenge_v0 success_request_with_credentials success_and_cryptobinding eap_success eap_success id_request_v0 / ε | id_response_v0 challenge_response_v0 success_response_v0 tlv_success_and_cryptobinding after_eap_success after_eap_success no_reply]
Aug 13, 2025 3:21:06 PM de.learnlib.logging.LearnLogger logQuery
INFO: [ε | id_request_v0 challenge_v0 success_request_with_credentials success_and_cryptobinding eap_success eap_success challenge_v0 / ε | id_response_v0 challenge_response_v0 success_response_v0 tlv_success_and_cryptobinding after_eap_success after_eap_success no_reply]
Aug 13, 2025 3:21:10 PM de.learnlib.logging.LearnLogger logQuery
INFO: [ε | id_request_v0 challenge_v0 success_request_with_credentials success_and_cryptobinding eap_success eap_success tlv_request / ε | id_response_v0 challenge_response_v0 success_response_v0 tlv_success_and_cryptobinding after_eap_success after_eap_success no_reply]
Aug 13, 2025 3:21:13 PM de.learnlib.logging.LearnLogger logQuery
INFO: [ε | id_request_v0 challenge_v0 success_request_with_credentials success_and_cryptobinding eap_success eap_success eap_success 4_way_message_1 / ε | id_response_v0 challenge_response_v0 success_response_v0 tlv_success_and_cryptobinding after_eap_success after_eap_success after_eap_success 4_way_message_2]
Aug 13, 2025 3:21:16 PM de.learnlib.logging.LearnLogger logQuery
INFO: [ε | id_request_v0 challenge_v0 success_request_with_credentials eap_success eap_success tlv_failure / ε | id_response_v0 challenge_response_v0 success_response_v0 after_eap_success after_eap_success no_reply]
Aug 13, 2025 3:21:19 PM de.learnlib.logging.LearnLogger logQuery
INFO: [ε | id_request_v0 challenge_v0 success_request_with_credentials eap_success eap_success success_request_all_zeros / ε | id_response_v0 challenge_response_v0 success_response_v0 after_eap_success after_eap_success no_reply]
Aug 13, 2025 3:21:23 PM de.learnlib.logging.LearnLogger logQuery
INFO: [ε | id_request_v0 challenge_v0 success_request_with_credentials eap_success eap_success success_request_with_credentials / ε | id_response_v0 challenge_response_v0 success_response_v0 after_eap_success after_eap_success no_reply]
Aug 13, 2025 3:21:26 PM de.learnlib.logging.LearnLogger logQuery
INFO: [ε | id_request_v0 challenge_v0 success_request_with_credentials eap_success eap_success success_and_cryptobinding / ε | id_response_v0 challenge_response_v0 success_response_v0 after_eap_success after_eap_success no_reply]
Aug 13, 2025 3:21:29 PM de.learnlib.logging.LearnLogger logQuery
INFO: [ε | id_request_v0 challenge_v0 success_request_with_credentials eap_success eap_success cryptobinding / ε | id_response_v0 challenge_response_v0 success_response_v0 after_eap_success after_eap_success no_reply]
Aug 13, 2025 3:21:33 PM de.learnlib.logging.LearnLogger logQuery
INFO: [ε | id_request_v0 challenge_v0 success_request_with_credentials eap_success eap_success eap_success id_request_v0 / ε | id_response_v0 challenge_response_v0 success_response_v0 after_eap_success after_eap_success after_eap_success no_reply]
Aug 13, 2025 3:21:36 PM de.learnlib.logging.LearnLogger logQuery
INFO: [ε | id_request_v0 challenge_v0 success_request_with_credentials eap_success eap_success eap_success challenge_v0 / ε | id_response_v0 challenge_response_v0 success_response_v0 after_eap_success after_eap_success after_eap_success no_reply]
Aug 13, 2025 3:21:40 PM de.learnlib.logging.LearnLogger logQuery
INFO: [ε | id_request_v0 challenge_v0 success_request_with_credentials eap_success eap_success eap_success tlv_request / ε | id_response_v0 challenge_response_v0 success_response_v0 after_eap_success after_eap_success after_eap_success no_reply]
Aug 13, 2025 3:21:44 PM de.learnlib.logging.LearnLogger logQuery
INFO: [ε | id_request_v0 challenge_v0 success_request_with_credentials eap_success eap_success eap_success eap_success 4_way_message_1 / ε | id_response_v0 challenge_response_v0 success_response_v0 after_eap_success after_eap_success after_eap_success after_eap_success no_reply]
Aug 13, 2025 3:21:45 PM de.learnlib.logging.LearnLogger logQuery
INFO: DB CACHE [ε | id_request_v0 challenge_v0 success_request_with_credentials tlv_request eap_success eap_success tlv_failure /  id_response_v0 challenge_response_v0 success_response_v0 tlv_success after_eap_success after_eap_success no_reply]
Aug 13, 2025 3:21:45 PM de.learnlib.logging.LearnLogger logQuery
INFO: DB CACHE [ε | id_request_v0 challenge_v0 success_request_with_credentials tlv_request eap_success eap_success success_request_all_zeros /  id_response_v0 challenge_response_v0 success_response_v0 tlv_success after_eap_success after_eap_success no_reply]
Aug 13, 2025 3:21:45 PM de.learnlib.logging.LearnLogger logQuery
INFO: DB CACHE [ε | id_request_v0 challenge_v0 success_request_with_credentials tlv_request eap_success eap_success success_request_with_credentials /  id_response_v0 challenge_response_v0 success_response_v0 tlv_success after_eap_success after_eap_success no_reply]
Aug 13, 2025 3:21:45 PM de.learnlib.logging.LearnLogger logQuery
INFO: DB CACHE [ε | id_request_v0 challenge_v0 success_request_with_credentials tlv_request eap_success eap_success success_and_cryptobinding /  id_response_v0 challenge_response_v0 success_response_v0 tlv_success after_eap_success after_eap_success no_reply]
Aug 13, 2025 3:21:45 PM de.learnlib.logging.LearnLogger logQuery
INFO: DB CACHE [ε | id_request_v0 challenge_v0 success_request_with_credentials tlv_request eap_success eap_success cryptobinding /  id_response_v0 challenge_response_v0 success_response_v0 tlv_success after_eap_success after_eap_success no_reply]
Aug 13, 2025 3:21:48 PM de.learnlib.logging.LearnLogger logQuery
INFO: [ε | id_request_v0 challenge_v0 success_request_with_credentials tlv_request eap_success eap_success eap_success id_request_v0 / ε | id_response_v0 challenge_response_v0 success_response_v0 tlv_success after_eap_success after_eap_success after_eap_success no_reply]
Aug 13, 2025 3:21:52 PM de.learnlib.logging.LearnLogger logQuery
INFO: [ε | id_request_v0 challenge_v0 success_request_with_credentials tlv_request eap_success eap_success eap_success challenge_v0 / ε | id_response_v0 challenge_response_v0 success_response_v0 tlv_success after_eap_success after_eap_success after_eap_success no_reply]
Aug 13, 2025 3:21:56 PM de.learnlib.logging.LearnLogger logQuery
INFO: [ε | id_request_v0 challenge_v0 success_request_with_credentials tlv_request eap_success eap_success eap_success tlv_request / ε | id_response_v0 challenge_response_v0 success_response_v0 tlv_success after_eap_success after_eap_success after_eap_success no_reply]
Aug 13, 2025 3:22:00 PM de.learnlib.logging.LearnLogger logQuery
INFO: [ε | id_request_v0 challenge_v0 success_request_with_credentials tlv_request eap_success eap_success eap_success eap_success 4_way_message_1 / ε | id_response_v0 challenge_response_v0 success_response_v0 tlv_success after_eap_success after_eap_success after_eap_success after_eap_success 4_way_message_2]
Aug 13, 2025 3:22:03 PM de.learnlib.logging.LearnLogger logQuery
INFO: [ε | id_request_v0 challenge_v0 success_request_with_credentials tlv_request eap_success eap_success eap_success tlv_failure / ε | id_response_v0 challenge_response_v0 success_response_v0 tlv_success after_eap_success after_eap_success after_eap_success no_reply]
Aug 13, 2025 3:22:07 PM de.learnlib.logging.LearnLogger logQuery
INFO: [ε | id_request_v0 challenge_v0 success_request_with_credentials tlv_request eap_success eap_success eap_success success_request_all_zeros / ε | id_response_v0 challenge_response_v0 success_response_v0 tlv_success after_eap_success after_eap_success after_eap_success no_reply]
Aug 13, 2025 3:22:11 PM de.learnlib.logging.LearnLogger logQuery
INFO: [ε | id_request_v0 challenge_v0 success_request_with_credentials tlv_request eap_success eap_success eap_success success_request_with_credentials / ε | id_response_v0 challenge_response_v0 success_response_v0 tlv_success after_eap_success after_eap_success after_eap_success no_reply]
Aug 13, 2025 3:22:15 PM de.learnlib.logging.LearnLogger logQuery
INFO: [ε | id_request_v0 challenge_v0 success_request_with_credentials tlv_request eap_success eap_success eap_success success_and_cryptobinding / ε | id_response_v0 challenge_response_v0 success_response_v0 tlv_success after_eap_success after_eap_success after_eap_success no_reply]
Aug 13, 2025 3:22:18 PM de.learnlib.logging.LearnLogger logQuery
INFO: [ε | id_request_v0 challenge_v0 success_request_with_credentials tlv_request eap_success eap_success eap_success cryptobinding / ε | id_response_v0 challenge_response_v0 success_response_v0 tlv_success after_eap_success after_eap_success after_eap_success no_reply]
Aug 13, 2025 3:22:23 PM de.learnlib.logging.LearnLogger logQuery
INFO: [ε | id_request_v0 challenge_v0 success_request_with_credentials tlv_request eap_success eap_success eap_success eap_success id_request_v0 / ε | id_response_v0 challenge_response_v0 success_response_v0 tlv_success after_eap_success after_eap_success after_eap_success after_eap_success no_reply]
Aug 13, 2025 3:22:27 PM de.learnlib.logging.LearnLogger logQuery
INFO: [ε | id_request_v0 challenge_v0 success_request_with_credentials tlv_request eap_success eap_success eap_success eap_success challenge_v0 / ε | id_response_v0 challenge_response_v0 success_response_v0 tlv_success after_eap_success after_eap_success after_eap_success after_eap_success no_reply]
Aug 13, 2025 3:22:31 PM de.learnlib.logging.LearnLogger logQuery
INFO: [ε | id_request_v0 challenge_v0 success_request_with_credentials tlv_request eap_success eap_success eap_success eap_success tlv_request / ε | id_response_v0 challenge_response_v0 success_response_v0 tlv_success after_eap_success after_eap_success after_eap_success after_eap_success no_reply]
Aug 13, 2025 3:22:35 PM de.learnlib.logging.LearnLogger logQuery
INFO: [ε | id_request_v0 challenge_v0 success_request_with_credentials tlv_request eap_success eap_success eap_success eap_success eap_success 4_way_message_1 / ε | id_response_v0 challenge_response_v0 success_response_v0 tlv_success after_eap_success after_eap_success after_eap_success after_eap_success after_eap_success 4_way_message_2]
