Aug 13, 2025 3:10:06 PM de.learnlib.logging.LearnLogger logQuery
INFO: DB CACHE [ε | 4_way_message_1 4_way_message_1 /  no_reply -]
Aug 13, 2025 3:10:06 PM de.learnlib.logging.LearnLogger logQuery
INFO: DB CACHE [ε | 4_way_message_1 eap_success /  no_reply -]
Aug 13, 2025 3:10:06 PM de.learnlib.logging.LearnLogger logQuery
INFO: DB CACHE [ε | 4_way_message_1 cryptobinding /  no_reply -]
Aug 13, 2025 3:10:06 PM de.learnlib.logging.LearnLogger logQuery
INFO: DB CACHE [ε | 4_way_message_1 success_and_cryptobinding /  no_reply -]
Aug 13, 2025 3:10:06 PM de.learnlib.logging.LearnLogger logQuery
INFO: DB CACHE [ε | 4_way_message_1 success_request_with_credentials /  no_reply -]
Aug 13, 2025 3:10:06 PM de.learnlib.logging.LearnLogger logQuery
INFO: DB CACHE [ε | 4_way_message_1 success_request_all_zeros /  no_reply -]
Aug 13, 2025 3:10:06 PM de.learnlib.logging.LearnLogger logQuery
INFO: DB CACHE [ε | 4_way_message_1 tlv_failure /  no_reply -]
Aug 13, 2025 3:10:06 PM de.learnlib.logging.LearnLogger logQuery
INFO: DB CACHE [ε | 4_way_message_1 tlv_request /  no_reply -]
Aug 13, 2025 3:10:06 PM de.learnlib.logging.LearnLogger logQuery
INFO: DB CACHE [ε | 4_way_message_1 challenge_v0 /  no_reply -]
Aug 13, 2025 3:10:06 PM de.learnlib.logging.LearnLogger logQuery
INFO: DB CACHE [ε | 4_way_message_1 id_request_v0 /  no_reply -]
Aug 13, 2025 3:10:06 PM de.learnlib.logging.LearnLogger logQuery
INFO: DB CACHE [ε | eap_success 4_way_message_1 /  after_eap_success no_reply]
Aug 13, 2025 3:10:06 PM de.learnlib.logging.LearnLogger logQuery
INFO: DB CACHE [ε | eap_success eap_success /  after_eap_success after_eap_success]
Aug 13, 2025 3:10:06 PM de.learnlib.logging.LearnLogger logQuery
INFO: DB CACHE [ε | eap_success cryptobinding /  after_eap_success no_reply]
Aug 13, 2025 3:10:06 PM de.learnlib.logging.LearnLogger logQuery
INFO: DB CACHE [ε | eap_success success_and_cryptobinding /  after_eap_success no_reply]
Aug 13, 2025 3:10:06 PM de.learnlib.logging.LearnLogger logQuery
INFO: DB CACHE [ε | eap_success success_request_with_credentials /  after_eap_success no_reply]
Aug 13, 2025 3:10:06 PM de.learnlib.logging.LearnLogger logQuery
INFO: DB CACHE [ε | eap_success success_request_all_zeros /  after_eap_success no_reply]
Aug 13, 2025 3:10:06 PM de.learnlib.logging.LearnLogger logQuery
INFO: DB CACHE [ε | eap_success tlv_failure /  after_eap_success no_reply]
Aug 13, 2025 3:10:06 PM de.learnlib.logging.LearnLogger logQuery
INFO: DB CACHE [ε | eap_success tlv_request /  after_eap_success no_reply]
Aug 13, 2025 3:10:06 PM de.learnlib.logging.LearnLogger logQuery
INFO: DB CACHE [ε | eap_success challenge_v0 /  after_eap_success no_reply]
Aug 13, 2025 3:10:06 PM de.learnlib.logging.LearnLogger logQuery
INFO: DB CACHE [ε | eap_success id_request_v0 /  after_eap_success no_reply]
Aug 13, 2025 3:10:06 PM de.learnlib.logging.LearnLogger logQuery
INFO: DB CACHE [ε | cryptobinding 4_way_message_1 /  no_reply -]
Aug 13, 2025 3:10:06 PM de.learnlib.logging.LearnLogger logQuery
INFO: DB CACHE [ε | cryptobinding eap_success /  no_reply -]
Aug 13, 2025 3:10:06 PM de.learnlib.logging.LearnLogger logQuery
INFO: DB CACHE [ε | cryptobinding cryptobinding /  no_reply -]
Aug 13, 2025 3:10:06 PM de.learnlib.logging.LearnLogger logQuery
INFO: DB CACHE [ε | cryptobinding success_and_cryptobinding /  no_reply -]
Aug 13, 2025 3:10:06 PM de.learnlib.logging.LearnLogger logQuery
INFO: DB CACHE [ε | cryptobinding success_request_with_credentials /  no_reply -]
Aug 13, 2025 3:10:06 PM de.learnlib.logging.LearnLogger logQuery
INFO: DB CACHE [ε | cryptobinding success_request_all_zeros /  no_reply -]
Aug 13, 2025 3:10:06 PM de.learnlib.logging.LearnLogger logQuery
INFO: DB CACHE [ε | cryptobinding tlv_failure /  no_reply -]
Aug 13, 2025 3:10:06 PM de.learnlib.logging.LearnLogger logQuery
INFO: DB CACHE [ε | cryptobinding tlv_request /  no_reply -]
Aug 13, 2025 3:10:06 PM de.learnlib.logging.LearnLogger logQuery
INFO: DB CACHE [ε | cryptobinding challenge_v0 /  no_reply -]
Aug 13, 2025 3:10:06 PM de.learnlib.logging.LearnLogger logQuery
INFO: DB CACHE [ε | cryptobinding id_request_v0 /  no_reply -]
Aug 13, 2025 3:10:06 PM de.learnlib.logging.LearnLogger logQuery
INFO: DB CACHE [ε | success_and_cryptobinding 4_way_message_1 /  tlv_failure -]
Aug 13, 2025 3:10:06 PM de.learnlib.logging.LearnLogger logQuery
INFO: DB CACHE [ε | success_and_cryptobinding eap_success /  tlv_failure -]
Aug 13, 2025 3:10:06 PM de.learnlib.logging.LearnLogger logQuery
INFO: DB CACHE [ε | success_and_cryptobinding cryptobinding /  tlv_failure -]
Aug 13, 2025 3:10:06 PM de.learnlib.logging.LearnLogger logQuery
INFO: DB CACHE [ε | success_and_cryptobinding success_and_cryptobinding /  tlv_failure -]
Aug 13, 2025 3:10:06 PM de.learnlib.logging.LearnLogger logQuery
INFO: DB CACHE [ε | success_and_cryptobinding success_request_with_credentials /  tlv_failure -]
Aug 13, 2025 3:10:06 PM de.learnlib.logging.LearnLogger logQuery
INFO: DB CACHE [ε | success_and_cryptobinding success_request_all_zeros /  tlv_failure -]
Aug 13, 2025 3:10:06 PM de.learnlib.logging.LearnLogger logQuery
INFO: DB CACHE [ε | success_and_cryptobinding tlv_failure /  tlv_failure -]
Aug 13, 2025 3:10:06 PM de.learnlib.logging.LearnLogger logQuery
INFO: DB CACHE [ε | success_and_cryptobinding tlv_request /  tlv_failure -]
Aug 13, 2025 3:10:06 PM de.learnlib.logging.LearnLogger logQuery
INFO: DB CACHE [ε | success_and_cryptobinding challenge_v0 /  tlv_failure -]
Aug 13, 2025 3:10:06 PM de.learnlib.logging.LearnLogger logQuery
INFO: DB CACHE [ε | success_and_cryptobinding id_request_v0 /  tlv_failure -]
Aug 13, 2025 3:10:06 PM de.learnlib.logging.LearnLogger logQuery
INFO: DB CACHE [ε | success_request_with_credentials 4_way_message_1 /  empty_peap no_reply]
Aug 13, 2025 3:10:06 PM de.learnlib.logging.LearnLogger logQuery
INFO: DB CACHE [ε | success_request_with_credentials eap_success /  empty_peap after_eap_success]
Aug 13, 2025 3:10:06 PM de.learnlib.logging.LearnLogger logQuery
INFO: DB CACHE [ε | success_request_with_credentials cryptobinding /  empty_peap no_reply]
Aug 13, 2025 3:10:06 PM de.learnlib.logging.LearnLogger logQuery
INFO: DB CACHE [ε | success_request_with_credentials success_and_cryptobinding /  empty_peap tlv_failure]
Aug 13, 2025 3:10:06 PM de.learnlib.logging.LearnLogger logQuery
INFO: DB CACHE [ε | success_request_with_credentials success_request_with_credentials /  empty_peap empty_peap]
Aug 13, 2025 3:10:06 PM de.learnlib.logging.LearnLogger logQuery
INFO: DB CACHE [ε | success_request_with_credentials success_request_all_zeros /  empty_peap empty_peap]
Aug 13, 2025 3:10:06 PM de.learnlib.logging.LearnLogger logQuery
INFO: DB CACHE [ε | success_request_with_credentials tlv_failure /  empty_peap tlv_failure]
Aug 13, 2025 3:10:06 PM de.learnlib.logging.LearnLogger logQuery
INFO: DB CACHE [ε | success_request_with_credentials tlv_request /  empty_peap tlv_failure]
Aug 13, 2025 3:10:06 PM de.learnlib.logging.LearnLogger logQuery
INFO: DB CACHE [ε | success_request_with_credentials challenge_v0 /  empty_peap empty_peap]
Aug 13, 2025 3:10:06 PM de.learnlib.logging.LearnLogger logQuery
INFO: DB CACHE [ε | success_request_with_credentials id_request_v0 /  empty_peap id_response_v0]
Aug 13, 2025 3:10:06 PM de.learnlib.logging.LearnLogger logQuery
INFO: DB CACHE [ε | success_request_all_zeros 4_way_message_1 /  empty_peap no_reply]
Aug 13, 2025 3:10:06 PM de.learnlib.logging.LearnLogger logQuery
INFO: DB CACHE [ε | success_request_all_zeros eap_success /  empty_peap after_eap_success]
Aug 13, 2025 3:10:06 PM de.learnlib.logging.LearnLogger logQuery
INFO: DB CACHE [ε | success_request_all_zeros cryptobinding /  empty_peap no_reply]
Aug 13, 2025 3:10:06 PM de.learnlib.logging.LearnLogger logQuery
INFO: DB CACHE [ε | success_request_all_zeros success_and_cryptobinding /  empty_peap tlv_failure]
Aug 13, 2025 3:10:06 PM de.learnlib.logging.LearnLogger logQuery
INFO: DB CACHE [ε | success_request_all_zeros success_request_with_credentials /  empty_peap empty_peap]
Aug 13, 2025 3:10:06 PM de.learnlib.logging.LearnLogger logQuery
INFO: DB CACHE [ε | success_request_all_zeros success_request_all_zeros /  empty_peap empty_peap]
Aug 13, 2025 3:10:06 PM de.learnlib.logging.LearnLogger logQuery
INFO: DB CACHE [ε | success_request_all_zeros tlv_failure /  empty_peap tlv_failure]
Aug 13, 2025 3:10:06 PM de.learnlib.logging.LearnLogger logQuery
INFO: DB CACHE [ε | success_request_all_zeros tlv_request /  empty_peap tlv_failure]
Aug 13, 2025 3:10:06 PM de.learnlib.logging.LearnLogger logQuery
INFO: DB CACHE [ε | success_request_all_zeros challenge_v0 /  empty_peap empty_peap]
Aug 13, 2025 3:10:06 PM de.learnlib.logging.LearnLogger logQuery
INFO: DB CACHE [ε | success_request_all_zeros id_request_v0 /  empty_peap id_response_v0]
Aug 13, 2025 3:10:06 PM de.learnlib.logging.LearnLogger logQuery
INFO: DB CACHE [ε | tlv_failure 4_way_message_1 /  tlv_failure -]
Aug 13, 2025 3:10:06 PM de.learnlib.logging.LearnLogger logQuery
INFO: DB CACHE [ε | tlv_failure eap_success /  tlv_failure -]
Aug 13, 2025 3:10:06 PM de.learnlib.logging.LearnLogger logQuery
INFO: DB CACHE [ε | tlv_failure cryptobinding /  tlv_failure -]
Aug 13, 2025 3:10:06 PM de.learnlib.logging.LearnLogger logQuery
INFO: DB CACHE [ε | tlv_failure success_and_cryptobinding /  tlv_failure -]
Aug 13, 2025 3:10:06 PM de.learnlib.logging.LearnLogger logQuery
INFO: DB CACHE [ε | tlv_failure success_request_with_credentials /  tlv_failure -]
Aug 13, 2025 3:10:06 PM de.learnlib.logging.LearnLogger logQuery
INFO: DB CACHE [ε | tlv_failure success_request_all_zeros /  tlv_failure -]
Aug 13, 2025 3:10:06 PM de.learnlib.logging.LearnLogger logQuery
INFO: DB CACHE [ε | tlv_failure tlv_failure /  tlv_failure -]
Aug 13, 2025 3:10:06 PM de.learnlib.logging.LearnLogger logQuery
INFO: DB CACHE [ε | tlv_failure tlv_request /  tlv_failure -]
Aug 13, 2025 3:10:06 PM de.learnlib.logging.LearnLogger logQuery
INFO: DB CACHE [ε | tlv_failure challenge_v0 /  tlv_failure -]
Aug 13, 2025 3:10:06 PM de.learnlib.logging.LearnLogger logQuery
INFO: DB CACHE [ε | tlv_failure id_request_v0 /  tlv_failure -]
Aug 13, 2025 3:10:06 PM de.learnlib.logging.LearnLogger logQuery
INFO: DB CACHE [ε | tlv_request 4_way_message_1 /  tlv_failure -]
Aug 13, 2025 3:10:06 PM de.learnlib.logging.LearnLogger logQuery
INFO: DB CACHE [ε | tlv_request eap_success /  tlv_failure -]
Aug 13, 2025 3:10:06 PM de.learnlib.logging.LearnLogger logQuery
INFO: DB CACHE [ε | tlv_request cryptobinding /  tlv_failure -]
Aug 13, 2025 3:10:06 PM de.learnlib.logging.LearnLogger logQuery
INFO: DB CACHE [ε | tlv_request success_and_cryptobinding /  tlv_failure -]
Aug 13, 2025 3:10:06 PM de.learnlib.logging.LearnLogger logQuery
INFO: DB CACHE [ε | tlv_request success_request_with_credentials /  tlv_failure -]
Aug 13, 2025 3:10:06 PM de.learnlib.logging.LearnLogger logQuery
INFO: DB CACHE [ε | tlv_request success_request_all_zeros /  tlv_failure -]
Aug 13, 2025 3:10:06 PM de.learnlib.logging.LearnLogger logQuery
INFO: DB CACHE [ε | tlv_request tlv_failure /  tlv_failure -]
Aug 13, 2025 3:10:06 PM de.learnlib.logging.LearnLogger logQuery
INFO: DB CACHE [ε | tlv_request tlv_request /  tlv_failure -]
Aug 13, 2025 3:10:06 PM de.learnlib.logging.LearnLogger logQuery
INFO: DB CACHE [ε | tlv_request challenge_v0 /  tlv_failure -]
Aug 13, 2025 3:10:06 PM de.learnlib.logging.LearnLogger logQuery
INFO: DB CACHE [ε | tlv_request id_request_v0 /  tlv_failure -]
Aug 13, 2025 3:10:06 PM de.learnlib.logging.LearnLogger logQuery
INFO: DB CACHE [ε | challenge_v0 4_way_message_1 /  empty_peap no_reply]
Aug 13, 2025 3:10:06 PM de.learnlib.logging.LearnLogger logQuery
INFO: DB CACHE [ε | challenge_v0 eap_success /  empty_peap after_eap_success]
Aug 13, 2025 3:10:06 PM de.learnlib.logging.LearnLogger logQuery
INFO: DB CACHE [ε | challenge_v0 cryptobinding /  empty_peap no_reply]
Aug 13, 2025 3:10:06 PM de.learnlib.logging.LearnLogger logQuery
INFO: DB CACHE [ε | challenge_v0 success_and_cryptobinding /  empty_peap tlv_failure]
Aug 13, 2025 3:10:06 PM de.learnlib.logging.LearnLogger logQuery
INFO: DB CACHE [ε | challenge_v0 success_request_with_credentials /  empty_peap empty_peap]
Aug 13, 2025 3:10:06 PM de.learnlib.logging.LearnLogger logQuery
INFO: DB CACHE [ε | challenge_v0 success_request_all_zeros /  empty_peap empty_peap]
Aug 13, 2025 3:10:06 PM de.learnlib.logging.LearnLogger logQuery
INFO: DB CACHE [ε | challenge_v0 tlv_failure /  empty_peap tlv_failure]
Aug 13, 2025 3:10:06 PM de.learnlib.logging.LearnLogger logQuery
INFO: DB CACHE [ε | challenge_v0 tlv_request /  empty_peap tlv_failure]
Aug 13, 2025 3:10:06 PM de.learnlib.logging.LearnLogger logQuery
INFO: DB CACHE [ε | challenge_v0 challenge_v0 /  empty_peap empty_peap]
Aug 13, 2025 3:10:06 PM de.learnlib.logging.LearnLogger logQuery
INFO: DB CACHE [ε | challenge_v0 id_request_v0 /  empty_peap id_response_v0]
Aug 13, 2025 3:10:06 PM de.learnlib.logging.LearnLogger logQuery
INFO: DB CACHE [ε | id_request_v0 4_way_message_1 /  id_response_v0 no_reply]
Aug 13, 2025 3:10:06 PM de.learnlib.logging.LearnLogger logQuery
INFO: DB CACHE [ε | id_request_v0 eap_success /  id_response_v0 after_eap_success]
Aug 13, 2025 3:10:06 PM de.learnlib.logging.LearnLogger logQuery
INFO: DB CACHE [ε | id_request_v0 cryptobinding /  id_response_v0 no_reply]
Aug 13, 2025 3:10:06 PM de.learnlib.logging.LearnLogger logQuery
INFO: DB CACHE [ε | id_request_v0 success_and_cryptobinding /  id_response_v0 tlv_failure]
Aug 13, 2025 3:10:06 PM de.learnlib.logging.LearnLogger logQuery
INFO: DB CACHE [ε | id_request_v0 success_request_with_credentials /  id_response_v0 no_reply]
Aug 13, 2025 3:10:06 PM de.learnlib.logging.LearnLogger logQuery
INFO: DB CACHE [ε | id_request_v0 success_request_all_zeros /  id_response_v0 no_reply]
Aug 13, 2025 3:10:06 PM de.learnlib.logging.LearnLogger logQuery
INFO: DB CACHE [ε | id_request_v0 tlv_failure /  id_response_v0 tlv_failure]
Aug 13, 2025 3:10:06 PM de.learnlib.logging.LearnLogger logQuery
INFO: DB CACHE [ε | id_request_v0 tlv_request /  id_response_v0 tlv_failure]
Aug 13, 2025 3:10:06 PM de.learnlib.logging.LearnLogger logQuery
INFO: DB CACHE [ε | id_request_v0 challenge_v0 /  id_response_v0 challenge_response_v0]
Aug 13, 2025 3:10:06 PM de.learnlib.logging.LearnLogger logQuery
INFO: DB CACHE [ε | id_request_v0 id_request_v0 /  id_response_v0 nak]
Aug 13, 2025 3:10:06 PM de.learnlib.logging.LearnLogger logQuery
INFO: DB CACHE [ε | eap_success 4_way_message_1 4_way_message_1 /  after_eap_success no_reply -]
Aug 13, 2025 3:10:06 PM de.learnlib.logging.LearnLogger logQuery
INFO: DB CACHE [ε | eap_success 4_way_message_1 eap_success /  after_eap_success no_reply -]
Aug 13, 2025 3:10:06 PM de.learnlib.logging.LearnLogger logQuery
INFO: DB CACHE [ε | eap_success 4_way_message_1 cryptobinding /  after_eap_success no_reply -]
Aug 13, 2025 3:10:06 PM de.learnlib.logging.LearnLogger logQuery
INFO: DB CACHE [ε | eap_success 4_way_message_1 success_and_cryptobinding /  after_eap_success no_reply -]
Aug 13, 2025 3:10:06 PM de.learnlib.logging.LearnLogger logQuery
INFO: DB CACHE [ε | eap_success 4_way_message_1 success_request_with_credentials /  after_eap_success no_reply -]
Aug 13, 2025 3:10:06 PM de.learnlib.logging.LearnLogger logQuery
INFO: DB CACHE [ε | eap_success 4_way_message_1 success_request_all_zeros /  after_eap_success no_reply -]
Aug 13, 2025 3:10:06 PM de.learnlib.logging.LearnLogger logQuery
INFO: DB CACHE [ε | eap_success 4_way_message_1 tlv_failure /  after_eap_success no_reply -]
Aug 13, 2025 3:10:06 PM de.learnlib.logging.LearnLogger logQuery
INFO: DB CACHE [ε | eap_success 4_way_message_1 tlv_request /  after_eap_success no_reply -]
Aug 13, 2025 3:10:06 PM de.learnlib.logging.LearnLogger logQuery
INFO: DB CACHE [ε | eap_success 4_way_message_1 challenge_v0 /  after_eap_success no_reply -]
Aug 13, 2025 3:10:06 PM de.learnlib.logging.LearnLogger logQuery
INFO: DB CACHE [ε | eap_success 4_way_message_1 id_request_v0 /  after_eap_success no_reply -]
Aug 13, 2025 3:10:06 PM de.learnlib.logging.LearnLogger logQuery
INFO: DB CACHE [ε | eap_success eap_success 4_way_message_1 /  after_eap_success after_eap_success no_reply]
Aug 13, 2025 3:10:06 PM de.learnlib.logging.LearnLogger logQuery
INFO: DB CACHE [ε | eap_success eap_success eap_success /  after_eap_success after_eap_success after_eap_success]
Aug 13, 2025 3:10:06 PM de.learnlib.logging.LearnLogger logQuery
INFO: DB CACHE [ε | eap_success eap_success cryptobinding /  after_eap_success after_eap_success no_reply]
Aug 13, 2025 3:10:06 PM de.learnlib.logging.LearnLogger logQuery
INFO: DB CACHE [ε | eap_success eap_success success_and_cryptobinding /  after_eap_success after_eap_success no_reply]
Aug 13, 2025 3:10:06 PM de.learnlib.logging.LearnLogger logQuery
INFO: DB CACHE [ε | eap_success eap_success success_request_with_credentials /  after_eap_success after_eap_success no_reply]
Aug 13, 2025 3:10:06 PM de.learnlib.logging.LearnLogger logQuery
INFO: DB CACHE [ε | eap_success eap_success success_request_all_zeros /  after_eap_success after_eap_success no_reply]
Aug 13, 2025 3:10:06 PM de.learnlib.logging.LearnLogger logQuery
INFO: DB CACHE [ε | eap_success eap_success tlv_failure /  after_eap_success after_eap_success no_reply]
Aug 13, 2025 3:10:06 PM de.learnlib.logging.LearnLogger logQuery
INFO: DB CACHE [ε | eap_success eap_success tlv_request /  after_eap_success after_eap_success no_reply]
Aug 13, 2025 3:10:06 PM de.learnlib.logging.LearnLogger logQuery
INFO: DB CACHE [ε | eap_success eap_success challenge_v0 /  after_eap_success after_eap_success no_reply]
Aug 13, 2025 3:10:06 PM de.learnlib.logging.LearnLogger logQuery
INFO: DB CACHE [ε | eap_success eap_success id_request_v0 /  after_eap_success after_eap_success no_reply]
Aug 13, 2025 3:10:06 PM de.learnlib.logging.LearnLogger logQuery
INFO: DB CACHE [ε | eap_success cryptobinding 4_way_message_1 /  after_eap_success no_reply -]
Aug 13, 2025 3:10:06 PM de.learnlib.logging.LearnLogger logQuery
INFO: DB CACHE [ε | eap_success cryptobinding eap_success /  after_eap_success no_reply -]
Aug 13, 2025 3:10:06 PM de.learnlib.logging.LearnLogger logQuery
INFO: DB CACHE [ε | eap_success cryptobinding cryptobinding /  after_eap_success no_reply -]
Aug 13, 2025 3:10:06 PM de.learnlib.logging.LearnLogger logQuery
INFO: DB CACHE [ε | eap_success cryptobinding success_and_cryptobinding /  after_eap_success no_reply -]
Aug 13, 2025 3:10:06 PM de.learnlib.logging.LearnLogger logQuery
INFO: DB CACHE [ε | eap_success cryptobinding success_request_with_credentials /  after_eap_success no_reply -]
Aug 13, 2025 3:10:06 PM de.learnlib.logging.LearnLogger logQuery
INFO: DB CACHE [ε | eap_success cryptobinding success_request_all_zeros /  after_eap_success no_reply -]
Aug 13, 2025 3:10:06 PM de.learnlib.logging.LearnLogger logQuery
INFO: DB CACHE [ε | eap_success cryptobinding tlv_failure /  after_eap_success no_reply -]
Aug 13, 2025 3:10:06 PM de.learnlib.logging.LearnLogger logQuery
INFO: DB CACHE [ε | eap_success cryptobinding tlv_request /  after_eap_success no_reply -]
Aug 13, 2025 3:10:06 PM de.learnlib.logging.LearnLogger logQuery
INFO: DB CACHE [ε | eap_success cryptobinding challenge_v0 /  after_eap_success no_reply -]
Aug 13, 2025 3:10:06 PM de.learnlib.logging.LearnLogger logQuery
INFO: DB CACHE [ε | eap_success cryptobinding id_request_v0 /  after_eap_success no_reply -]
Aug 13, 2025 3:10:06 PM de.learnlib.logging.LearnLogger logQuery
INFO: DB CACHE [ε | eap_success success_and_cryptobinding 4_way_message_1 /  after_eap_success no_reply -]
Aug 13, 2025 3:10:06 PM de.learnlib.logging.LearnLogger logQuery
INFO: DB CACHE [ε | eap_success success_and_cryptobinding eap_success /  after_eap_success no_reply -]
Aug 13, 2025 3:10:06 PM de.learnlib.logging.LearnLogger logQuery
INFO: DB CACHE [ε | eap_success success_and_cryptobinding cryptobinding /  after_eap_success no_reply -]
Aug 13, 2025 3:10:06 PM de.learnlib.logging.LearnLogger logQuery
INFO: DB CACHE [ε | eap_success success_and_cryptobinding success_and_cryptobinding /  after_eap_success no_reply -]
Aug 13, 2025 3:10:06 PM de.learnlib.logging.LearnLogger logQuery
INFO: DB CACHE [ε | eap_success success_and_cryptobinding success_request_with_credentials /  after_eap_success no_reply -]
Aug 13, 2025 3:10:06 PM de.learnlib.logging.LearnLogger logQuery
INFO: DB CACHE [ε | eap_success success_and_cryptobinding success_request_all_zeros /  after_eap_success no_reply -]
Aug 13, 2025 3:10:06 PM de.learnlib.logging.LearnLogger logQuery
INFO: DB CACHE [ε | eap_success success_and_cryptobinding tlv_failure /  after_eap_success no_reply -]
Aug 13, 2025 3:10:06 PM de.learnlib.logging.LearnLogger logQuery
INFO: DB CACHE [ε | eap_success success_and_cryptobinding tlv_request /  after_eap_success no_reply -]
Aug 13, 2025 3:10:06 PM de.learnlib.logging.LearnLogger logQuery
INFO: DB CACHE [ε | eap_success success_and_cryptobinding challenge_v0 /  after_eap_success no_reply -]
Aug 13, 2025 3:10:06 PM de.learnlib.logging.LearnLogger logQuery
INFO: DB CACHE [ε | eap_success success_and_cryptobinding id_request_v0 /  after_eap_success no_reply -]
Aug 13, 2025 3:10:06 PM de.learnlib.logging.LearnLogger logQuery
INFO: DB CACHE [ε | eap_success success_request_with_credentials 4_way_message_1 /  after_eap_success no_reply -]
Aug 13, 2025 3:10:06 PM de.learnlib.logging.LearnLogger logQuery
INFO: DB CACHE [ε | eap_success success_request_with_credentials eap_success /  after_eap_success no_reply -]
Aug 13, 2025 3:10:06 PM de.learnlib.logging.LearnLogger logQuery
INFO: DB CACHE [ε | eap_success success_request_with_credentials cryptobinding /  after_eap_success no_reply -]
Aug 13, 2025 3:10:06 PM de.learnlib.logging.LearnLogger logQuery
INFO: DB CACHE [ε | eap_success success_request_with_credentials success_and_cryptobinding /  after_eap_success no_reply -]
Aug 13, 2025 3:10:06 PM de.learnlib.logging.LearnLogger logQuery
INFO: DB CACHE [ε | eap_success success_request_with_credentials success_request_with_credentials /  after_eap_success no_reply -]
Aug 13, 2025 3:10:06 PM de.learnlib.logging.LearnLogger logQuery
INFO: DB CACHE [ε | eap_success success_request_with_credentials success_request_all_zeros /  after_eap_success no_reply -]
Aug 13, 2025 3:10:06 PM de.learnlib.logging.LearnLogger logQuery
INFO: DB CACHE [ε | eap_success success_request_with_credentials tlv_failure /  after_eap_success no_reply -]
Aug 13, 2025 3:10:06 PM de.learnlib.logging.LearnLogger logQuery
INFO: DB CACHE [ε | eap_success success_request_with_credentials tlv_request /  after_eap_success no_reply -]
Aug 13, 2025 3:10:06 PM de.learnlib.logging.LearnLogger logQuery
INFO: DB CACHE [ε | eap_success success_request_with_credentials challenge_v0 /  after_eap_success no_reply -]
Aug 13, 2025 3:10:06 PM de.learnlib.logging.LearnLogger logQuery
INFO: DB CACHE [ε | eap_success success_request_with_credentials id_request_v0 /  after_eap_success no_reply -]
Aug 13, 2025 3:10:06 PM de.learnlib.logging.LearnLogger logQuery
INFO: DB CACHE [ε | eap_success success_request_all_zeros 4_way_message_1 /  after_eap_success no_reply -]
Aug 13, 2025 3:10:06 PM de.learnlib.logging.LearnLogger logQuery
INFO: DB CACHE [ε | eap_success success_request_all_zeros eap_success /  after_eap_success no_reply -]
Aug 13, 2025 3:10:06 PM de.learnlib.logging.LearnLogger logQuery
INFO: DB CACHE [ε | eap_success success_request_all_zeros cryptobinding /  after_eap_success no_reply -]
Aug 13, 2025 3:10:06 PM de.learnlib.logging.LearnLogger logQuery
INFO: DB CACHE [ε | eap_success success_request_all_zeros success_and_cryptobinding /  after_eap_success no_reply -]
Aug 13, 2025 3:10:06 PM de.learnlib.logging.LearnLogger logQuery
INFO: DB CACHE [ε | eap_success success_request_all_zeros success_request_with_credentials /  after_eap_success no_reply -]
Aug 13, 2025 3:10:06 PM de.learnlib.logging.LearnLogger logQuery
INFO: DB CACHE [ε | eap_success success_request_all_zeros success_request_all_zeros /  after_eap_success no_reply -]
Aug 13, 2025 3:10:06 PM de.learnlib.logging.LearnLogger logQuery
INFO: DB CACHE [ε | eap_success success_request_all_zeros tlv_failure /  after_eap_success no_reply -]
Aug 13, 2025 3:10:06 PM de.learnlib.logging.LearnLogger logQuery
INFO: DB CACHE [ε | eap_success success_request_all_zeros tlv_request /  after_eap_success no_reply -]
Aug 13, 2025 3:10:06 PM de.learnlib.logging.LearnLogger logQuery
INFO: DB CACHE [ε | eap_success success_request_all_zeros challenge_v0 /  after_eap_success no_reply -]
Aug 13, 2025 3:10:06 PM de.learnlib.logging.LearnLogger logQuery
INFO: DB CACHE [ε | eap_success success_request_all_zeros id_request_v0 /  after_eap_success no_reply -]
Aug 13, 2025 3:10:06 PM de.learnlib.logging.LearnLogger logQuery
INFO: DB CACHE [ε | eap_success tlv_failure 4_way_message_1 /  after_eap_success no_reply -]
Aug 13, 2025 3:10:06 PM de.learnlib.logging.LearnLogger logQuery
INFO: DB CACHE [ε | eap_success tlv_failure eap_success /  after_eap_success no_reply -]
Aug 13, 2025 3:10:06 PM de.learnlib.logging.LearnLogger logQuery
INFO: DB CACHE [ε | eap_success tlv_failure cryptobinding /  after_eap_success no_reply -]
Aug 13, 2025 3:10:06 PM de.learnlib.logging.LearnLogger logQuery
INFO: DB CACHE [ε | eap_success tlv_failure success_and_cryptobinding /  after_eap_success no_reply -]
Aug 13, 2025 3:10:06 PM de.learnlib.logging.LearnLogger logQuery
INFO: DB CACHE [ε | eap_success tlv_failure success_request_with_credentials /  after_eap_success no_reply -]
Aug 13, 2025 3:10:06 PM de.learnlib.logging.LearnLogger logQuery
INFO: DB CACHE [ε | eap_success tlv_failure success_request_all_zeros /  after_eap_success no_reply -]
Aug 13, 2025 3:10:06 PM de.learnlib.logging.LearnLogger logQuery
INFO: DB CACHE [ε | eap_success tlv_failure tlv_failure /  after_eap_success no_reply -]
Aug 13, 2025 3:10:06 PM de.learnlib.logging.LearnLogger logQuery
INFO: DB CACHE [ε | eap_success tlv_failure tlv_request /  after_eap_success no_reply -]
Aug 13, 2025 3:10:06 PM de.learnlib.logging.LearnLogger logQuery
INFO: DB CACHE [ε | eap_success tlv_failure challenge_v0 /  after_eap_success no_reply -]
Aug 13, 2025 3:10:06 PM de.learnlib.logging.LearnLogger logQuery
INFO: DB CACHE [ε | eap_success tlv_failure id_request_v0 /  after_eap_success no_reply -]
Aug 13, 2025 3:10:06 PM de.learnlib.logging.LearnLogger logQuery
INFO: DB CACHE [ε | eap_success tlv_request 4_way_message_1 /  after_eap_success no_reply -]
Aug 13, 2025 3:10:06 PM de.learnlib.logging.LearnLogger logQuery
INFO: DB CACHE [ε | eap_success tlv_request eap_success /  after_eap_success no_reply -]
Aug 13, 2025 3:10:06 PM de.learnlib.logging.LearnLogger logQuery
INFO: DB CACHE [ε | eap_success tlv_request cryptobinding /  after_eap_success no_reply -]
Aug 13, 2025 3:10:06 PM de.learnlib.logging.LearnLogger logQuery
INFO: DB CACHE [ε | eap_success tlv_request success_and_cryptobinding /  after_eap_success no_reply -]
Aug 13, 2025 3:10:06 PM de.learnlib.logging.LearnLogger logQuery
INFO: DB CACHE [ε | eap_success tlv_request success_request_with_credentials /  after_eap_success no_reply -]
Aug 13, 2025 3:10:06 PM de.learnlib.logging.LearnLogger logQuery
INFO: DB CACHE [ε | eap_success tlv_request success_request_all_zeros /  after_eap_success no_reply -]
Aug 13, 2025 3:10:06 PM de.learnlib.logging.LearnLogger logQuery
INFO: DB CACHE [ε | eap_success tlv_request tlv_failure /  after_eap_success no_reply -]
Aug 13, 2025 3:10:06 PM de.learnlib.logging.LearnLogger logQuery
INFO: DB CACHE [ε | eap_success tlv_request tlv_request /  after_eap_success no_reply -]
Aug 13, 2025 3:10:06 PM de.learnlib.logging.LearnLogger logQuery
INFO: DB CACHE [ε | eap_success tlv_request challenge_v0 /  after_eap_success no_reply -]
Aug 13, 2025 3:10:06 PM de.learnlib.logging.LearnLogger logQuery
INFO: DB CACHE [ε | eap_success tlv_request id_request_v0 /  after_eap_success no_reply -]
Aug 13, 2025 3:10:06 PM de.learnlib.logging.LearnLogger logQuery
INFO: DB CACHE [ε | eap_success challenge_v0 4_way_message_1 /  after_eap_success no_reply -]
Aug 13, 2025 3:10:06 PM de.learnlib.logging.LearnLogger logQuery
INFO: DB CACHE [ε | eap_success challenge_v0 eap_success /  after_eap_success no_reply -]
Aug 13, 2025 3:10:06 PM de.learnlib.logging.LearnLogger logQuery
INFO: DB CACHE [ε | eap_success challenge_v0 cryptobinding /  after_eap_success no_reply -]
Aug 13, 2025 3:10:06 PM de.learnlib.logging.LearnLogger logQuery
INFO: DB CACHE [ε | eap_success challenge_v0 success_and_cryptobinding /  after_eap_success no_reply -]
Aug 13, 2025 3:10:06 PM de.learnlib.logging.LearnLogger logQuery
INFO: DB CACHE [ε | eap_success challenge_v0 success_request_with_credentials /  after_eap_success no_reply -]
Aug 13, 2025 3:10:06 PM de.learnlib.logging.LearnLogger logQuery
INFO: DB CACHE [ε | eap_success challenge_v0 success_request_all_zeros /  after_eap_success no_reply -]
Aug 13, 2025 3:10:06 PM de.learnlib.logging.LearnLogger logQuery
INFO: DB CACHE [ε | eap_success challenge_v0 tlv_failure /  after_eap_success no_reply -]
Aug 13, 2025 3:10:06 PM de.learnlib.logging.LearnLogger logQuery
INFO: DB CACHE [ε | eap_success challenge_v0 tlv_request /  after_eap_success no_reply -]
Aug 13, 2025 3:10:06 PM de.learnlib.logging.LearnLogger logQuery
INFO: DB CACHE [ε | eap_success challenge_v0 challenge_v0 /  after_eap_success no_reply -]
Aug 13, 2025 3:10:06 PM de.learnlib.logging.LearnLogger logQuery
INFO: DB CACHE [ε | eap_success challenge_v0 id_request_v0 /  after_eap_success no_reply -]
Aug 13, 2025 3:10:06 PM de.learnlib.logging.LearnLogger logQuery
INFO: DB CACHE [ε | eap_success id_request_v0 4_way_message_1 /  after_eap_success no_reply -]
Aug 13, 2025 3:10:06 PM de.learnlib.logging.LearnLogger logQuery
INFO: DB CACHE [ε | eap_success id_request_v0 eap_success /  after_eap_success no_reply -]
Aug 13, 2025 3:10:06 PM de.learnlib.logging.LearnLogger logQuery
INFO: DB CACHE [ε | eap_success id_request_v0 cryptobinding /  after_eap_success no_reply -]
Aug 13, 2025 3:10:06 PM de.learnlib.logging.LearnLogger logQuery
INFO: DB CACHE [ε | eap_success id_request_v0 success_and_cryptobinding /  after_eap_success no_reply -]
Aug 13, 2025 3:10:06 PM de.learnlib.logging.LearnLogger logQuery
INFO: DB CACHE [ε | eap_success id_request_v0 success_request_with_credentials /  after_eap_success no_reply -]
Aug 13, 2025 3:10:06 PM de.learnlib.logging.LearnLogger logQuery
INFO: DB CACHE [ε | eap_success id_request_v0 success_request_all_zeros /  after_eap_success no_reply -]
Aug 13, 2025 3:10:06 PM de.learnlib.logging.LearnLogger logQuery
INFO: DB CACHE [ε | eap_success id_request_v0 tlv_failure /  after_eap_success no_reply -]
Aug 13, 2025 3:10:06 PM de.learnlib.logging.LearnLogger logQuery
INFO: DB CACHE [ε | eap_success id_request_v0 tlv_request /  after_eap_success no_reply -]
Aug 13, 2025 3:10:06 PM de.learnlib.logging.LearnLogger logQuery
INFO: DB CACHE [ε | eap_success id_request_v0 challenge_v0 /  after_eap_success no_reply -]
Aug 13, 2025 3:10:06 PM de.learnlib.logging.LearnLogger logQuery
INFO: DB CACHE [ε | eap_success id_request_v0 id_request_v0 /  after_eap_success no_reply -]
Aug 13, 2025 3:10:06 PM de.learnlib.logging.LearnLogger logQuery
INFO: DISABLED [ε | tlv_request 4_way_message_1 4_way_message_1 /  tlv_failure - -]
Aug 13, 2025 3:10:06 PM de.learnlib.logging.LearnLogger logQuery
INFO: DISABLED [ε | tlv_request 4_way_message_1 eap_success /  tlv_failure - -]
Aug 13, 2025 3:10:06 PM de.learnlib.logging.LearnLogger logQuery
INFO: DISABLED [ε | tlv_request 4_way_message_1 cryptobinding /  tlv_failure - -]
Aug 13, 2025 3:10:06 PM de.learnlib.logging.LearnLogger logQuery
INFO: DISABLED [ε | tlv_request 4_way_message_1 success_and_cryptobinding /  tlv_failure - -]
Aug 13, 2025 3:10:06 PM de.learnlib.logging.LearnLogger logQuery
INFO: DISABLED [ε | tlv_request 4_way_message_1 success_request_with_credentials /  tlv_failure - -]
Aug 13, 2025 3:10:06 PM de.learnlib.logging.LearnLogger logQuery
INFO: DISABLED [ε | tlv_request 4_way_message_1 success_request_all_zeros /  tlv_failure - -]
Aug 13, 2025 3:10:06 PM de.learnlib.logging.LearnLogger logQuery
INFO: DISABLED [ε | tlv_request 4_way_message_1 tlv_failure /  tlv_failure - -]
Aug 13, 2025 3:10:06 PM de.learnlib.logging.LearnLogger logQuery
INFO: DISABLED [ε | tlv_request 4_way_message_1 tlv_request /  tlv_failure - -]
Aug 13, 2025 3:10:06 PM de.learnlib.logging.LearnLogger logQuery
INFO: DISABLED [ε | tlv_request 4_way_message_1 challenge_v0 /  tlv_failure - -]
Aug 13, 2025 3:10:06 PM de.learnlib.logging.LearnLogger logQuery
INFO: DISABLED [ε | tlv_request 4_way_message_1 id_request_v0 /  tlv_failure - -]
Aug 13, 2025 3:10:06 PM de.learnlib.logging.LearnLogger logQuery
INFO: DISABLED [ε | tlv_request eap_success 4_way_message_1 /  tlv_failure - -]
Aug 13, 2025 3:10:06 PM de.learnlib.logging.LearnLogger logQuery
INFO: DISABLED [ε | tlv_request eap_success eap_success /  tlv_failure - -]
Aug 13, 2025 3:10:06 PM de.learnlib.logging.LearnLogger logQuery
INFO: DISABLED [ε | tlv_request eap_success cryptobinding /  tlv_failure - -]
Aug 13, 2025 3:10:06 PM de.learnlib.logging.LearnLogger logQuery
INFO: DISABLED [ε | tlv_request eap_success success_and_cryptobinding /  tlv_failure - -]
Aug 13, 2025 3:10:06 PM de.learnlib.logging.LearnLogger logQuery
INFO: DISABLED [ε | tlv_request eap_success success_request_with_credentials /  tlv_failure - -]
Aug 13, 2025 3:10:06 PM de.learnlib.logging.LearnLogger logQuery
INFO: DISABLED [ε | tlv_request eap_success success_request_all_zeros /  tlv_failure - -]
Aug 13, 2025 3:10:06 PM de.learnlib.logging.LearnLogger logQuery
INFO: DISABLED [ε | tlv_request eap_success tlv_failure /  tlv_failure - -]
Aug 13, 2025 3:10:06 PM de.learnlib.logging.LearnLogger logQuery
INFO: DISABLED [ε | tlv_request eap_success tlv_request /  tlv_failure - -]
Aug 13, 2025 3:10:06 PM de.learnlib.logging.LearnLogger logQuery
INFO: DISABLED [ε | tlv_request eap_success challenge_v0 /  tlv_failure - -]
Aug 13, 2025 3:10:06 PM de.learnlib.logging.LearnLogger logQuery
INFO: DISABLED [ε | tlv_request eap_success id_request_v0 /  tlv_failure - -]
Aug 13, 2025 3:10:06 PM de.learnlib.logging.LearnLogger logQuery
INFO: DISABLED [ε | tlv_request cryptobinding 4_way_message_1 /  tlv_failure - -]
Aug 13, 2025 3:10:06 PM de.learnlib.logging.LearnLogger logQuery
INFO: DISABLED [ε | tlv_request cryptobinding eap_success /  tlv_failure - -]
Aug 13, 2025 3:10:06 PM de.learnlib.logging.LearnLogger logQuery
INFO: DISABLED [ε | tlv_request cryptobinding cryptobinding /  tlv_failure - -]
Aug 13, 2025 3:10:06 PM de.learnlib.logging.LearnLogger logQuery
INFO: DISABLED [ε | tlv_request cryptobinding success_and_cryptobinding /  tlv_failure - -]
Aug 13, 2025 3:10:06 PM de.learnlib.logging.LearnLogger logQuery
INFO: DISABLED [ε | tlv_request cryptobinding success_request_with_credentials /  tlv_failure - -]
Aug 13, 2025 3:10:06 PM de.learnlib.logging.LearnLogger logQuery
INFO: DISABLED [ε | tlv_request cryptobinding success_request_all_zeros /  tlv_failure - -]
Aug 13, 2025 3:10:06 PM de.learnlib.logging.LearnLogger logQuery
INFO: DISABLED [ε | tlv_request cryptobinding tlv_failure /  tlv_failure - -]
Aug 13, 2025 3:10:06 PM de.learnlib.logging.LearnLogger logQuery
INFO: DISABLED [ε | tlv_request cryptobinding tlv_request /  tlv_failure - -]
Aug 13, 2025 3:10:06 PM de.learnlib.logging.LearnLogger logQuery
INFO: DISABLED [ε | tlv_request cryptobinding challenge_v0 /  tlv_failure - -]
Aug 13, 2025 3:10:06 PM de.learnlib.logging.LearnLogger logQuery
INFO: DISABLED [ε | tlv_request cryptobinding id_request_v0 /  tlv_failure - -]
Aug 13, 2025 3:10:06 PM de.learnlib.logging.LearnLogger logQuery
INFO: DISABLED [ε | tlv_request success_and_cryptobinding 4_way_message_1 /  tlv_failure - -]
Aug 13, 2025 3:10:06 PM de.learnlib.logging.LearnLogger logQuery
INFO: DISABLED [ε | tlv_request success_and_cryptobinding eap_success /  tlv_failure - -]
Aug 13, 2025 3:10:06 PM de.learnlib.logging.LearnLogger logQuery
INFO: DISABLED [ε | tlv_request success_and_cryptobinding cryptobinding /  tlv_failure - -]
Aug 13, 2025 3:10:06 PM de.learnlib.logging.LearnLogger logQuery
INFO: DISABLED [ε | tlv_request success_and_cryptobinding success_and_cryptobinding /  tlv_failure - -]
Aug 13, 2025 3:10:06 PM de.learnlib.logging.LearnLogger logQuery
INFO: DISABLED [ε | tlv_request success_and_cryptobinding success_request_with_credentials /  tlv_failure - -]
Aug 13, 2025 3:10:06 PM de.learnlib.logging.LearnLogger logQuery
INFO: DISABLED [ε | tlv_request success_and_cryptobinding success_request_all_zeros /  tlv_failure - -]
Aug 13, 2025 3:10:06 PM de.learnlib.logging.LearnLogger logQuery
INFO: DISABLED [ε | tlv_request success_and_cryptobinding tlv_failure /  tlv_failure - -]
Aug 13, 2025 3:10:06 PM de.learnlib.logging.LearnLogger logQuery
INFO: DISABLED [ε | tlv_request success_and_cryptobinding tlv_request /  tlv_failure - -]
Aug 13, 2025 3:10:06 PM de.learnlib.logging.LearnLogger logQuery
INFO: DISABLED [ε | tlv_request success_and_cryptobinding challenge_v0 /  tlv_failure - -]
Aug 13, 2025 3:10:06 PM de.learnlib.logging.LearnLogger logQuery
INFO: DISABLED [ε | tlv_request success_and_cryptobinding id_request_v0 /  tlv_failure - -]
Aug 13, 2025 3:10:06 PM de.learnlib.logging.LearnLogger logQuery
INFO: DISABLED [ε | tlv_request success_request_with_credentials 4_way_message_1 /  tlv_failure - -]
Aug 13, 2025 3:10:06 PM de.learnlib.logging.LearnLogger logQuery
INFO: DISABLED [ε | tlv_request success_request_with_credentials eap_success /  tlv_failure - -]
Aug 13, 2025 3:10:06 PM de.learnlib.logging.LearnLogger logQuery
INFO: DISABLED [ε | tlv_request success_request_with_credentials cryptobinding /  tlv_failure - -]
Aug 13, 2025 3:10:06 PM de.learnlib.logging.LearnLogger logQuery
INFO: DISABLED [ε | tlv_request success_request_with_credentials success_and_cryptobinding /  tlv_failure - -]
Aug 13, 2025 3:10:06 PM de.learnlib.logging.LearnLogger logQuery
INFO: DISABLED [ε | tlv_request success_request_with_credentials success_request_with_credentials /  tlv_failure - -]
Aug 13, 2025 3:10:06 PM de.learnlib.logging.LearnLogger logQuery
INFO: DISABLED [ε | tlv_request success_request_with_credentials success_request_all_zeros /  tlv_failure - -]
Aug 13, 2025 3:10:06 PM de.learnlib.logging.LearnLogger logQuery
INFO: DISABLED [ε | tlv_request success_request_with_credentials tlv_failure /  tlv_failure - -]
Aug 13, 2025 3:10:06 PM de.learnlib.logging.LearnLogger logQuery
INFO: DISABLED [ε | tlv_request success_request_with_credentials tlv_request /  tlv_failure - -]
Aug 13, 2025 3:10:06 PM de.learnlib.logging.LearnLogger logQuery
INFO: DISABLED [ε | tlv_request success_request_with_credentials challenge_v0 /  tlv_failure - -]
Aug 13, 2025 3:10:06 PM de.learnlib.logging.LearnLogger logQuery
INFO: DISABLED [ε | tlv_request success_request_with_credentials id_request_v0 /  tlv_failure - -]
Aug 13, 2025 3:10:06 PM de.learnlib.logging.LearnLogger logQuery
INFO: DISABLED [ε | tlv_request success_request_all_zeros 4_way_message_1 /  tlv_failure - -]
Aug 13, 2025 3:10:06 PM de.learnlib.logging.LearnLogger logQuery
INFO: DISABLED [ε | tlv_request success_request_all_zeros eap_success /  tlv_failure - -]
Aug 13, 2025 3:10:06 PM de.learnlib.logging.LearnLogger logQuery
INFO: DISABLED [ε | tlv_request success_request_all_zeros cryptobinding /  tlv_failure - -]
Aug 13, 2025 3:10:06 PM de.learnlib.logging.LearnLogger logQuery
INFO: DISABLED [ε | tlv_request success_request_all_zeros success_and_cryptobinding /  tlv_failure - -]
Aug 13, 2025 3:10:06 PM de.learnlib.logging.LearnLogger logQuery
INFO: DISABLED [ε | tlv_request success_request_all_zeros success_request_with_credentials /  tlv_failure - -]
Aug 13, 2025 3:10:06 PM de.learnlib.logging.LearnLogger logQuery
INFO: DISABLED [ε | tlv_request success_request_all_zeros success_request_all_zeros /  tlv_failure - -]
Aug 13, 2025 3:10:06 PM de.learnlib.logging.LearnLogger logQuery
INFO: DISABLED [ε | tlv_request success_request_all_zeros tlv_failure /  tlv_failure - -]
Aug 13, 2025 3:10:06 PM de.learnlib.logging.LearnLogger logQuery
INFO: DISABLED [ε | tlv_request success_request_all_zeros tlv_request /  tlv_failure - -]
Aug 13, 2025 3:10:06 PM de.learnlib.logging.LearnLogger logQuery
INFO: DISABLED [ε | tlv_request success_request_all_zeros challenge_v0 /  tlv_failure - -]
Aug 13, 2025 3:10:06 PM de.learnlib.logging.LearnLogger logQuery
INFO: DISABLED [ε | tlv_request success_request_all_zeros id_request_v0 /  tlv_failure - -]
Aug 13, 2025 3:10:06 PM de.learnlib.logging.LearnLogger logQuery
INFO: DISABLED [ε | tlv_request tlv_failure 4_way_message_1 /  tlv_failure - -]
Aug 13, 2025 3:10:06 PM de.learnlib.logging.LearnLogger logQuery
INFO: DISABLED [ε | tlv_request tlv_failure eap_success /  tlv_failure - -]
Aug 13, 2025 3:10:06 PM de.learnlib.logging.LearnLogger logQuery
INFO: DISABLED [ε | tlv_request tlv_failure cryptobinding /  tlv_failure - -]
Aug 13, 2025 3:10:06 PM de.learnlib.logging.LearnLogger logQuery
INFO: DISABLED [ε | tlv_request tlv_failure success_and_cryptobinding /  tlv_failure - -]
Aug 13, 2025 3:10:06 PM de.learnlib.logging.LearnLogger logQuery
INFO: DISABLED [ε | tlv_request tlv_failure success_request_with_credentials /  tlv_failure - -]
Aug 13, 2025 3:10:06 PM de.learnlib.logging.LearnLogger logQuery
INFO: DISABLED [ε | tlv_request tlv_failure success_request_all_zeros /  tlv_failure - -]
Aug 13, 2025 3:10:06 PM de.learnlib.logging.LearnLogger logQuery
INFO: DISABLED [ε | tlv_request tlv_failure tlv_failure /  tlv_failure - -]
Aug 13, 2025 3:10:06 PM de.learnlib.logging.LearnLogger logQuery
INFO: DISABLED [ε | tlv_request tlv_failure tlv_request /  tlv_failure - -]
Aug 13, 2025 3:10:06 PM de.learnlib.logging.LearnLogger logQuery
INFO: DISABLED [ε | tlv_request tlv_failure challenge_v0 /  tlv_failure - -]
Aug 13, 2025 3:10:06 PM de.learnlib.logging.LearnLogger logQuery
INFO: DISABLED [ε | tlv_request tlv_failure id_request_v0 /  tlv_failure - -]
Aug 13, 2025 3:10:06 PM de.learnlib.logging.LearnLogger logQuery
INFO: DISABLED [ε | tlv_request tlv_request 4_way_message_1 /  tlv_failure - -]
Aug 13, 2025 3:10:06 PM de.learnlib.logging.LearnLogger logQuery
INFO: DISABLED [ε | tlv_request tlv_request eap_success /  tlv_failure - -]
Aug 13, 2025 3:10:06 PM de.learnlib.logging.LearnLogger logQuery
INFO: DISABLED [ε | tlv_request tlv_request cryptobinding /  tlv_failure - -]
Aug 13, 2025 3:10:06 PM de.learnlib.logging.LearnLogger logQuery
INFO: DISABLED [ε | tlv_request tlv_request success_and_cryptobinding /  tlv_failure - -]
Aug 13, 2025 3:10:06 PM de.learnlib.logging.LearnLogger logQuery
INFO: DISABLED [ε | tlv_request tlv_request success_request_with_credentials /  tlv_failure - -]
Aug 13, 2025 3:10:06 PM de.learnlib.logging.LearnLogger logQuery
INFO: DISABLED [ε | tlv_request tlv_request success_request_all_zeros /  tlv_failure - -]
Aug 13, 2025 3:10:06 PM de.learnlib.logging.LearnLogger logQuery
INFO: DISABLED [ε | tlv_request tlv_request tlv_failure /  tlv_failure - -]
Aug 13, 2025 3:10:06 PM de.learnlib.logging.LearnLogger logQuery
INFO: DISABLED [ε | tlv_request tlv_request tlv_request /  tlv_failure - -]
Aug 13, 2025 3:10:06 PM de.learnlib.logging.LearnLogger logQuery
INFO: DISABLED [ε | tlv_request tlv_request challenge_v0 /  tlv_failure - -]
Aug 13, 2025 3:10:06 PM de.learnlib.logging.LearnLogger logQuery
INFO: DISABLED [ε | tlv_request tlv_request id_request_v0 /  tlv_failure - -]
Aug 13, 2025 3:10:06 PM de.learnlib.logging.LearnLogger logQuery
INFO: DISABLED [ε | tlv_request challenge_v0 4_way_message_1 /  tlv_failure - -]
Aug 13, 2025 3:10:06 PM de.learnlib.logging.LearnLogger logQuery
INFO: DISABLED [ε | tlv_request challenge_v0 eap_success /  tlv_failure - -]
Aug 13, 2025 3:10:06 PM de.learnlib.logging.LearnLogger logQuery
INFO: DISABLED [ε | tlv_request challenge_v0 cryptobinding /  tlv_failure - -]
Aug 13, 2025 3:10:06 PM de.learnlib.logging.LearnLogger logQuery
INFO: DISABLED [ε | tlv_request challenge_v0 success_and_cryptobinding /  tlv_failure - -]
Aug 13, 2025 3:10:06 PM de.learnlib.logging.LearnLogger logQuery
INFO: DISABLED [ε | tlv_request challenge_v0 success_request_with_credentials /  tlv_failure - -]
Aug 13, 2025 3:10:06 PM de.learnlib.logging.LearnLogger logQuery
INFO: DISABLED [ε | tlv_request challenge_v0 success_request_all_zeros /  tlv_failure - -]
Aug 13, 2025 3:10:06 PM de.learnlib.logging.LearnLogger logQuery
INFO: DISABLED [ε | tlv_request challenge_v0 tlv_failure /  tlv_failure - -]
Aug 13, 2025 3:10:06 PM de.learnlib.logging.LearnLogger logQuery
INFO: DISABLED [ε | tlv_request challenge_v0 tlv_request /  tlv_failure - -]
Aug 13, 2025 3:10:06 PM de.learnlib.logging.LearnLogger logQuery
INFO: DISABLED [ε | tlv_request challenge_v0 challenge_v0 /  tlv_failure - -]
Aug 13, 2025 3:10:06 PM de.learnlib.logging.LearnLogger logQuery
INFO: DISABLED [ε | tlv_request challenge_v0 id_request_v0 /  tlv_failure - -]
Aug 13, 2025 3:10:06 PM de.learnlib.logging.LearnLogger logQuery
INFO: DISABLED [ε | tlv_request id_request_v0 4_way_message_1 /  tlv_failure - -]
Aug 13, 2025 3:10:06 PM de.learnlib.logging.LearnLogger logQuery
INFO: DISABLED [ε | tlv_request id_request_v0 eap_success /  tlv_failure - -]
Aug 13, 2025 3:10:06 PM de.learnlib.logging.LearnLogger logQuery
INFO: DISABLED [ε | tlv_request id_request_v0 cryptobinding /  tlv_failure - -]
Aug 13, 2025 3:10:06 PM de.learnlib.logging.LearnLogger logQuery
INFO: DISABLED [ε | tlv_request id_request_v0 success_and_cryptobinding /  tlv_failure - -]
Aug 13, 2025 3:10:06 PM de.learnlib.logging.LearnLogger logQuery
INFO: DISABLED [ε | tlv_request id_request_v0 success_request_with_credentials /  tlv_failure - -]
Aug 13, 2025 3:10:06 PM de.learnlib.logging.LearnLogger logQuery
INFO: DISABLED [ε | tlv_request id_request_v0 success_request_all_zeros /  tlv_failure - -]
Aug 13, 2025 3:10:07 PM de.learnlib.logging.LearnLogger logQuery
INFO: DISABLED [ε | tlv_request id_request_v0 tlv_failure /  tlv_failure - -]
Aug 13, 2025 3:10:07 PM de.learnlib.logging.LearnLogger logQuery
INFO: DISABLED [ε | tlv_request id_request_v0 tlv_request /  tlv_failure - -]
Aug 13, 2025 3:10:07 PM de.learnlib.logging.LearnLogger logQuery
INFO: DISABLED [ε | tlv_request id_request_v0 challenge_v0 /  tlv_failure - -]
Aug 13, 2025 3:10:07 PM de.learnlib.logging.LearnLogger logQuery
INFO: DISABLED [ε | tlv_request id_request_v0 id_request_v0 /  tlv_failure - -]
Aug 13, 2025 3:10:07 PM de.learnlib.logging.LearnLogger logQuery
INFO: DB CACHE [ε | id_request_v0 4_way_message_1 4_way_message_1 /  id_response_v0 no_reply -]
Aug 13, 2025 3:10:07 PM de.learnlib.logging.LearnLogger logQuery
INFO: DB CACHE [ε | id_request_v0 4_way_message_1 eap_success /  id_response_v0 no_reply -]
Aug 13, 2025 3:10:07 PM de.learnlib.logging.LearnLogger logQuery
INFO: DB CACHE [ε | id_request_v0 4_way_message_1 cryptobinding /  id_response_v0 no_reply -]
Aug 13, 2025 3:10:07 PM de.learnlib.logging.LearnLogger logQuery
INFO: DB CACHE [ε | id_request_v0 4_way_message_1 success_and_cryptobinding /  id_response_v0 no_reply -]
Aug 13, 2025 3:10:07 PM de.learnlib.logging.LearnLogger logQuery
INFO: DB CACHE [ε | id_request_v0 4_way_message_1 success_request_with_credentials /  id_response_v0 no_reply -]
Aug 13, 2025 3:10:07 PM de.learnlib.logging.LearnLogger logQuery
INFO: DB CACHE [ε | id_request_v0 4_way_message_1 success_request_all_zeros /  id_response_v0 no_reply -]
Aug 13, 2025 3:10:07 PM de.learnlib.logging.LearnLogger logQuery
INFO: DB CACHE [ε | id_request_v0 4_way_message_1 tlv_failure /  id_response_v0 no_reply -]
Aug 13, 2025 3:10:07 PM de.learnlib.logging.LearnLogger logQuery
INFO: DB CACHE [ε | id_request_v0 4_way_message_1 tlv_request /  id_response_v0 no_reply -]
Aug 13, 2025 3:10:07 PM de.learnlib.logging.LearnLogger logQuery
INFO: DB CACHE [ε | id_request_v0 4_way_message_1 challenge_v0 /  id_response_v0 no_reply -]
Aug 13, 2025 3:10:07 PM de.learnlib.logging.LearnLogger logQuery
INFO: DB CACHE [ε | id_request_v0 4_way_message_1 id_request_v0 /  id_response_v0 no_reply -]
Aug 13, 2025 3:10:07 PM de.learnlib.logging.LearnLogger logQuery
INFO: DB CACHE [ε | id_request_v0 eap_success 4_way_message_1 /  id_response_v0 after_eap_success no_reply]
Aug 13, 2025 3:10:07 PM de.learnlib.logging.LearnLogger logQuery
INFO: DB CACHE [ε | id_request_v0 eap_success eap_success /  id_response_v0 after_eap_success after_eap_success]
Aug 13, 2025 3:10:07 PM de.learnlib.logging.LearnLogger logQuery
INFO: DB CACHE [ε | id_request_v0 eap_success cryptobinding /  id_response_v0 after_eap_success no_reply]
Aug 13, 2025 3:10:07 PM de.learnlib.logging.LearnLogger logQuery
INFO: DB CACHE [ε | id_request_v0 eap_success success_and_cryptobinding /  id_response_v0 after_eap_success no_reply]
Aug 13, 2025 3:10:07 PM de.learnlib.logging.LearnLogger logQuery
INFO: DB CACHE [ε | id_request_v0 eap_success success_request_with_credentials /  id_response_v0 after_eap_success no_reply]
Aug 13, 2025 3:10:07 PM de.learnlib.logging.LearnLogger logQuery
INFO: DB CACHE [ε | id_request_v0 eap_success success_request_all_zeros /  id_response_v0 after_eap_success no_reply]
Aug 13, 2025 3:10:07 PM de.learnlib.logging.LearnLogger logQuery
INFO: DB CACHE [ε | id_request_v0 eap_success tlv_failure /  id_response_v0 after_eap_success no_reply]
Aug 13, 2025 3:10:07 PM de.learnlib.logging.LearnLogger logQuery
INFO: DB CACHE [ε | id_request_v0 eap_success tlv_request /  id_response_v0 after_eap_success no_reply]
Aug 13, 2025 3:10:07 PM de.learnlib.logging.LearnLogger logQuery
INFO: DB CACHE [ε | id_request_v0 eap_success challenge_v0 /  id_response_v0 after_eap_success no_reply]
Aug 13, 2025 3:10:07 PM de.learnlib.logging.LearnLogger logQuery
INFO: DB CACHE [ε | id_request_v0 eap_success id_request_v0 /  id_response_v0 after_eap_success no_reply]
Aug 13, 2025 3:10:07 PM de.learnlib.logging.LearnLogger logQuery
INFO: DB CACHE [ε | id_request_v0 cryptobinding 4_way_message_1 /  id_response_v0 no_reply -]
Aug 13, 2025 3:10:07 PM de.learnlib.logging.LearnLogger logQuery
INFO: DB CACHE [ε | id_request_v0 cryptobinding eap_success /  id_response_v0 no_reply -]
Aug 13, 2025 3:10:07 PM de.learnlib.logging.LearnLogger logQuery
INFO: DB CACHE [ε | id_request_v0 cryptobinding cryptobinding /  id_response_v0 no_reply -]
Aug 13, 2025 3:10:07 PM de.learnlib.logging.LearnLogger logQuery
INFO: DB CACHE [ε | id_request_v0 cryptobinding success_and_cryptobinding /  id_response_v0 no_reply -]
Aug 13, 2025 3:10:07 PM de.learnlib.logging.LearnLogger logQuery
INFO: DB CACHE [ε | id_request_v0 cryptobinding success_request_with_credentials /  id_response_v0 no_reply -]
Aug 13, 2025 3:10:07 PM de.learnlib.logging.LearnLogger logQuery
INFO: DB CACHE [ε | id_request_v0 cryptobinding success_request_all_zeros /  id_response_v0 no_reply -]
Aug 13, 2025 3:10:07 PM de.learnlib.logging.LearnLogger logQuery
INFO: DB CACHE [ε | id_request_v0 cryptobinding tlv_failure /  id_response_v0 no_reply -]
Aug 13, 2025 3:10:07 PM de.learnlib.logging.LearnLogger logQuery
INFO: DB CACHE [ε | id_request_v0 cryptobinding tlv_request /  id_response_v0 no_reply -]
Aug 13, 2025 3:10:07 PM de.learnlib.logging.LearnLogger logQuery
INFO: DB CACHE [ε | id_request_v0 cryptobinding challenge_v0 /  id_response_v0 no_reply -]
Aug 13, 2025 3:10:07 PM de.learnlib.logging.LearnLogger logQuery
INFO: DB CACHE [ε | id_request_v0 cryptobinding id_request_v0 /  id_response_v0 no_reply -]
Aug 13, 2025 3:10:07 PM de.learnlib.logging.LearnLogger logQuery
INFO: DB CACHE [ε | id_request_v0 success_and_cryptobinding 4_way_message_1 /  id_response_v0 tlv_failure -]
Aug 13, 2025 3:10:07 PM de.learnlib.logging.LearnLogger logQuery
INFO: DB CACHE [ε | id_request_v0 success_and_cryptobinding eap_success /  id_response_v0 tlv_failure -]
Aug 13, 2025 3:10:07 PM de.learnlib.logging.LearnLogger logQuery
INFO: DB CACHE [ε | id_request_v0 success_and_cryptobinding cryptobinding /  id_response_v0 tlv_failure -]
Aug 13, 2025 3:10:07 PM de.learnlib.logging.LearnLogger logQuery
INFO: DB CACHE [ε | id_request_v0 success_and_cryptobinding success_and_cryptobinding /  id_response_v0 tlv_failure -]
Aug 13, 2025 3:10:07 PM de.learnlib.logging.LearnLogger logQuery
INFO: DB CACHE [ε | id_request_v0 success_and_cryptobinding success_request_with_credentials /  id_response_v0 tlv_failure -]
Aug 13, 2025 3:10:07 PM de.learnlib.logging.LearnLogger logQuery
INFO: DB CACHE [ε | id_request_v0 success_and_cryptobinding success_request_all_zeros /  id_response_v0 tlv_failure -]
Aug 13, 2025 3:10:07 PM de.learnlib.logging.LearnLogger logQuery
INFO: DB CACHE [ε | id_request_v0 success_and_cryptobinding tlv_failure /  id_response_v0 tlv_failure -]
Aug 13, 2025 3:10:07 PM de.learnlib.logging.LearnLogger logQuery
INFO: DB CACHE [ε | id_request_v0 success_and_cryptobinding tlv_request /  id_response_v0 tlv_failure -]
Aug 13, 2025 3:10:07 PM de.learnlib.logging.LearnLogger logQuery
INFO: DB CACHE [ε | id_request_v0 success_and_cryptobinding challenge_v0 /  id_response_v0 tlv_failure -]
Aug 13, 2025 3:10:07 PM de.learnlib.logging.LearnLogger logQuery
INFO: DB CACHE [ε | id_request_v0 success_and_cryptobinding id_request_v0 /  id_response_v0 tlv_failure -]
Aug 13, 2025 3:10:07 PM de.learnlib.logging.LearnLogger logQuery
INFO: DB CACHE [ε | id_request_v0 success_request_with_credentials 4_way_message_1 /  id_response_v0 no_reply -]
Aug 13, 2025 3:10:07 PM de.learnlib.logging.LearnLogger logQuery
INFO: DB CACHE [ε | id_request_v0 success_request_with_credentials eap_success /  id_response_v0 no_reply -]
Aug 13, 2025 3:10:07 PM de.learnlib.logging.LearnLogger logQuery
INFO: DB CACHE [ε | id_request_v0 success_request_with_credentials cryptobinding /  id_response_v0 no_reply -]
Aug 13, 2025 3:10:07 PM de.learnlib.logging.LearnLogger logQuery
INFO: DB CACHE [ε | id_request_v0 success_request_with_credentials success_and_cryptobinding /  id_response_v0 no_reply -]
Aug 13, 2025 3:10:07 PM de.learnlib.logging.LearnLogger logQuery
INFO: DB CACHE [ε | id_request_v0 success_request_with_credentials success_request_with_credentials /  id_response_v0 no_reply -]
Aug 13, 2025 3:10:07 PM de.learnlib.logging.LearnLogger logQuery
INFO: DB CACHE [ε | id_request_v0 success_request_with_credentials success_request_all_zeros /  id_response_v0 no_reply -]
Aug 13, 2025 3:10:07 PM de.learnlib.logging.LearnLogger logQuery
INFO: DB CACHE [ε | id_request_v0 success_request_with_credentials tlv_failure /  id_response_v0 no_reply -]
Aug 13, 2025 3:10:07 PM de.learnlib.logging.LearnLogger logQuery
INFO: DB CACHE [ε | id_request_v0 success_request_with_credentials tlv_request /  id_response_v0 no_reply -]
Aug 13, 2025 3:10:07 PM de.learnlib.logging.LearnLogger logQuery
INFO: DB CACHE [ε | id_request_v0 success_request_with_credentials challenge_v0 /  id_response_v0 no_reply -]
Aug 13, 2025 3:10:07 PM de.learnlib.logging.LearnLogger logQuery
INFO: DB CACHE [ε | id_request_v0 success_request_with_credentials id_request_v0 /  id_response_v0 no_reply -]
Aug 13, 2025 3:10:07 PM de.learnlib.logging.LearnLogger logQuery
INFO: DB CACHE [ε | id_request_v0 success_request_all_zeros 4_way_message_1 /  id_response_v0 no_reply -]
Aug 13, 2025 3:10:07 PM de.learnlib.logging.LearnLogger logQuery
INFO: DB CACHE [ε | id_request_v0 success_request_all_zeros eap_success /  id_response_v0 no_reply -]
Aug 13, 2025 3:10:07 PM de.learnlib.logging.LearnLogger logQuery
INFO: DB CACHE [ε | id_request_v0 success_request_all_zeros cryptobinding /  id_response_v0 no_reply -]
Aug 13, 2025 3:10:07 PM de.learnlib.logging.LearnLogger logQuery
INFO: DB CACHE [ε | id_request_v0 success_request_all_zeros success_and_cryptobinding /  id_response_v0 no_reply -]
Aug 13, 2025 3:10:07 PM de.learnlib.logging.LearnLogger logQuery
INFO: DB CACHE [ε | id_request_v0 success_request_all_zeros success_request_with_credentials /  id_response_v0 no_reply -]
Aug 13, 2025 3:10:07 PM de.learnlib.logging.LearnLogger logQuery
INFO: DB CACHE [ε | id_request_v0 success_request_all_zeros success_request_all_zeros /  id_response_v0 no_reply -]
Aug 13, 2025 3:10:07 PM de.learnlib.logging.LearnLogger logQuery
INFO: DB CACHE [ε | id_request_v0 success_request_all_zeros tlv_failure /  id_response_v0 no_reply -]
Aug 13, 2025 3:10:07 PM de.learnlib.logging.LearnLogger logQuery
INFO: DB CACHE [ε | id_request_v0 success_request_all_zeros tlv_request /  id_response_v0 no_reply -]
Aug 13, 2025 3:10:07 PM de.learnlib.logging.LearnLogger logQuery
INFO: DB CACHE [ε | id_request_v0 success_request_all_zeros challenge_v0 /  id_response_v0 no_reply -]
Aug 13, 2025 3:10:07 PM de.learnlib.logging.LearnLogger logQuery
INFO: DB CACHE [ε | id_request_v0 success_request_all_zeros id_request_v0 /  id_response_v0 no_reply -]
Aug 13, 2025 3:10:07 PM de.learnlib.logging.LearnLogger logQuery
INFO: DB CACHE [ε | id_request_v0 tlv_failure 4_way_message_1 /  id_response_v0 tlv_failure -]
Aug 13, 2025 3:10:07 PM de.learnlib.logging.LearnLogger logQuery
INFO: DB CACHE [ε | id_request_v0 tlv_failure eap_success /  id_response_v0 tlv_failure -]
Aug 13, 2025 3:10:07 PM de.learnlib.logging.LearnLogger logQuery
INFO: DB CACHE [ε | id_request_v0 tlv_failure cryptobinding /  id_response_v0 tlv_failure -]
Aug 13, 2025 3:10:07 PM de.learnlib.logging.LearnLogger logQuery
INFO: DB CACHE [ε | id_request_v0 tlv_failure success_and_cryptobinding /  id_response_v0 tlv_failure -]
Aug 13, 2025 3:10:07 PM de.learnlib.logging.LearnLogger logQuery
INFO: DB CACHE [ε | id_request_v0 tlv_failure success_request_with_credentials /  id_response_v0 tlv_failure -]
Aug 13, 2025 3:10:07 PM de.learnlib.logging.LearnLogger logQuery
INFO: DB CACHE [ε | id_request_v0 tlv_failure success_request_all_zeros /  id_response_v0 tlv_failure -]
Aug 13, 2025 3:10:07 PM de.learnlib.logging.LearnLogger logQuery
INFO: DB CACHE [ε | id_request_v0 tlv_failure tlv_failure /  id_response_v0 tlv_failure -]
Aug 13, 2025 3:10:07 PM de.learnlib.logging.LearnLogger logQuery
INFO: DB CACHE [ε | id_request_v0 tlv_failure tlv_request /  id_response_v0 tlv_failure -]
Aug 13, 2025 3:10:07 PM de.learnlib.logging.LearnLogger logQuery
INFO: DB CACHE [ε | id_request_v0 tlv_failure challenge_v0 /  id_response_v0 tlv_failure -]
Aug 13, 2025 3:10:07 PM de.learnlib.logging.LearnLogger logQuery
INFO: DB CACHE [ε | id_request_v0 tlv_failure id_request_v0 /  id_response_v0 tlv_failure -]
Aug 13, 2025 3:10:07 PM de.learnlib.logging.LearnLogger logQuery
INFO: DB CACHE [ε | id_request_v0 tlv_request 4_way_message_1 /  id_response_v0 tlv_failure -]
Aug 13, 2025 3:10:07 PM de.learnlib.logging.LearnLogger logQuery
INFO: DB CACHE [ε | id_request_v0 tlv_request eap_success /  id_response_v0 tlv_failure -]
Aug 13, 2025 3:10:07 PM de.learnlib.logging.LearnLogger logQuery
INFO: DB CACHE [ε | id_request_v0 tlv_request cryptobinding /  id_response_v0 tlv_failure -]
Aug 13, 2025 3:10:07 PM de.learnlib.logging.LearnLogger logQuery
INFO: DB CACHE [ε | id_request_v0 tlv_request success_and_cryptobinding /  id_response_v0 tlv_failure -]
Aug 13, 2025 3:10:07 PM de.learnlib.logging.LearnLogger logQuery
INFO: DB CACHE [ε | id_request_v0 tlv_request success_request_with_credentials /  id_response_v0 tlv_failure -]
Aug 13, 2025 3:10:07 PM de.learnlib.logging.LearnLogger logQuery
INFO: DB CACHE [ε | id_request_v0 tlv_request success_request_all_zeros /  id_response_v0 tlv_failure -]
Aug 13, 2025 3:10:07 PM de.learnlib.logging.LearnLogger logQuery
INFO: DB CACHE [ε | id_request_v0 tlv_request tlv_failure /  id_response_v0 tlv_failure -]
Aug 13, 2025 3:10:07 PM de.learnlib.logging.LearnLogger logQuery
INFO: DB CACHE [ε | id_request_v0 tlv_request tlv_request /  id_response_v0 tlv_failure -]
Aug 13, 2025 3:10:07 PM de.learnlib.logging.LearnLogger logQuery
INFO: DB CACHE [ε | id_request_v0 tlv_request challenge_v0 /  id_response_v0 tlv_failure -]
Aug 13, 2025 3:10:07 PM de.learnlib.logging.LearnLogger logQuery
INFO: DB CACHE [ε | id_request_v0 tlv_request id_request_v0 /  id_response_v0 tlv_failure -]
Aug 13, 2025 3:10:07 PM de.learnlib.logging.LearnLogger logQuery
INFO: DB CACHE [ε | id_request_v0 challenge_v0 4_way_message_1 /  id_response_v0 challenge_response_v0 no_reply]
Aug 13, 2025 3:10:07 PM de.learnlib.logging.LearnLogger logQuery
INFO: DB CACHE [ε | id_request_v0 challenge_v0 eap_success /  id_response_v0 challenge_response_v0 after_eap_success]
Aug 13, 2025 3:10:07 PM de.learnlib.logging.LearnLogger logQuery
INFO: DB CACHE [ε | id_request_v0 challenge_v0 cryptobinding /  id_response_v0 challenge_response_v0 no_reply]
Aug 13, 2025 3:10:07 PM de.learnlib.logging.LearnLogger logQuery
INFO: DB CACHE [ε | id_request_v0 challenge_v0 success_and_cryptobinding /  id_response_v0 challenge_response_v0 tlv_failure]
Aug 13, 2025 3:10:07 PM de.learnlib.logging.LearnLogger logQuery
INFO: DB CACHE [ε | id_request_v0 challenge_v0 success_request_with_credentials /  id_response_v0 challenge_response_v0 success_response_v0]
Aug 13, 2025 3:10:07 PM de.learnlib.logging.LearnLogger logQuery
INFO: DB CACHE [ε | id_request_v0 challenge_v0 success_request_all_zeros /  id_response_v0 challenge_response_v0 deauthentication]
Aug 13, 2025 3:10:07 PM de.learnlib.logging.LearnLogger logQuery
INFO: DB CACHE [ε | id_request_v0 challenge_v0 tlv_failure /  id_response_v0 challenge_response_v0 tlv_failure]
Aug 13, 2025 3:10:07 PM de.learnlib.logging.LearnLogger logQuery
INFO: DB CACHE [ε | id_request_v0 challenge_v0 tlv_request /  id_response_v0 challenge_response_v0 tlv_failure]
Aug 13, 2025 3:10:07 PM de.learnlib.logging.LearnLogger logQuery
INFO: DB CACHE [ε | id_request_v0 challenge_v0 challenge_v0 /  id_response_v0 challenge_response_v0 deauthentication]
Aug 13, 2025 3:10:07 PM de.learnlib.logging.LearnLogger logQuery
INFO: DB CACHE [ε | id_request_v0 challenge_v0 id_request_v0 /  id_response_v0 challenge_response_v0 no_reply]
Aug 13, 2025 3:10:07 PM de.learnlib.logging.LearnLogger logQuery
INFO: DB CACHE [ε | id_request_v0 id_request_v0 4_way_message_1 /  id_response_v0 nak no_reply]
Aug 13, 2025 3:10:07 PM de.learnlib.logging.LearnLogger logQuery
INFO: DB CACHE [ε | id_request_v0 id_request_v0 eap_success /  id_response_v0 nak after_eap_success]
Aug 13, 2025 3:10:07 PM de.learnlib.logging.LearnLogger logQuery
INFO: DB CACHE [ε | id_request_v0 id_request_v0 cryptobinding /  id_response_v0 nak no_reply]
Aug 13, 2025 3:10:07 PM de.learnlib.logging.LearnLogger logQuery
INFO: DB CACHE [ε | id_request_v0 id_request_v0 success_and_cryptobinding /  id_response_v0 nak tlv_failure]
Aug 13, 2025 3:10:07 PM de.learnlib.logging.LearnLogger logQuery
INFO: DB CACHE [ε | id_request_v0 id_request_v0 success_request_with_credentials /  id_response_v0 nak no_reply]
Aug 13, 2025 3:10:07 PM de.learnlib.logging.LearnLogger logQuery
INFO: DB CACHE [ε | id_request_v0 id_request_v0 success_request_all_zeros /  id_response_v0 nak no_reply]
Aug 13, 2025 3:10:07 PM de.learnlib.logging.LearnLogger logQuery
INFO: DB CACHE [ε | id_request_v0 id_request_v0 tlv_failure /  id_response_v0 nak tlv_failure]
Aug 13, 2025 3:10:07 PM de.learnlib.logging.LearnLogger logQuery
INFO: DB CACHE [ε | id_request_v0 id_request_v0 tlv_request /  id_response_v0 nak tlv_failure]
Aug 13, 2025 3:10:07 PM de.learnlib.logging.LearnLogger logQuery
INFO: DB CACHE [ε | id_request_v0 id_request_v0 challenge_v0 /  id_response_v0 nak challenge_response_v0]
Aug 13, 2025 3:10:07 PM de.learnlib.logging.LearnLogger logQuery
INFO: DB CACHE [ε | id_request_v0 id_request_v0 id_request_v0 /  id_response_v0 nak nak]
Aug 13, 2025 3:10:07 PM de.learnlib.logging.LearnLogger logQuery
INFO: DB CACHE [ε | id_request_v0 challenge_v0 4_way_message_1 4_way_message_1 /  id_response_v0 challenge_response_v0 no_reply -]
Aug 13, 2025 3:10:07 PM de.learnlib.logging.LearnLogger logQuery
INFO: DB CACHE [ε | id_request_v0 challenge_v0 4_way_message_1 eap_success /  id_response_v0 challenge_response_v0 no_reply -]
Aug 13, 2025 3:10:07 PM de.learnlib.logging.LearnLogger logQuery
INFO: DB CACHE [ε | id_request_v0 challenge_v0 4_way_message_1 cryptobinding /  id_response_v0 challenge_response_v0 no_reply -]
Aug 13, 2025 3:10:07 PM de.learnlib.logging.LearnLogger logQuery
INFO: DB CACHE [ε | id_request_v0 challenge_v0 4_way_message_1 success_and_cryptobinding /  id_response_v0 challenge_response_v0 no_reply -]
Aug 13, 2025 3:10:07 PM de.learnlib.logging.LearnLogger logQuery
INFO: DB CACHE [ε | id_request_v0 challenge_v0 4_way_message_1 success_request_with_credentials /  id_response_v0 challenge_response_v0 no_reply -]
Aug 13, 2025 3:10:07 PM de.learnlib.logging.LearnLogger logQuery
INFO: DB CACHE [ε | id_request_v0 challenge_v0 4_way_message_1 success_request_all_zeros /  id_response_v0 challenge_response_v0 no_reply -]
Aug 13, 2025 3:10:07 PM de.learnlib.logging.LearnLogger logQuery
INFO: DB CACHE [ε | id_request_v0 challenge_v0 4_way_message_1 tlv_failure /  id_response_v0 challenge_response_v0 no_reply -]
Aug 13, 2025 3:10:07 PM de.learnlib.logging.LearnLogger logQuery
INFO: DB CACHE [ε | id_request_v0 challenge_v0 4_way_message_1 tlv_request /  id_response_v0 challenge_response_v0 no_reply -]
Aug 13, 2025 3:10:07 PM de.learnlib.logging.LearnLogger logQuery
INFO: DB CACHE [ε | id_request_v0 challenge_v0 4_way_message_1 challenge_v0 /  id_response_v0 challenge_response_v0 no_reply -]
Aug 13, 2025 3:10:07 PM de.learnlib.logging.LearnLogger logQuery
INFO: DB CACHE [ε | id_request_v0 challenge_v0 4_way_message_1 id_request_v0 /  id_response_v0 challenge_response_v0 no_reply -]
Aug 13, 2025 3:10:07 PM de.learnlib.logging.LearnLogger logQuery
INFO: DB CACHE [ε | id_request_v0 challenge_v0 eap_success 4_way_message_1 /  id_response_v0 challenge_response_v0 after_eap_success no_reply]
Aug 13, 2025 3:10:07 PM de.learnlib.logging.LearnLogger logQuery
INFO: DB CACHE [ε | id_request_v0 challenge_v0 eap_success eap_success /  id_response_v0 challenge_response_v0 after_eap_success after_eap_success]
Aug 13, 2025 3:10:07 PM de.learnlib.logging.LearnLogger logQuery
INFO: DB CACHE [ε | id_request_v0 challenge_v0 eap_success cryptobinding /  id_response_v0 challenge_response_v0 after_eap_success no_reply]
Aug 13, 2025 3:10:07 PM de.learnlib.logging.LearnLogger logQuery
INFO: DB CACHE [ε | id_request_v0 challenge_v0 eap_success success_and_cryptobinding /  id_response_v0 challenge_response_v0 after_eap_success no_reply]
Aug 13, 2025 3:10:07 PM de.learnlib.logging.LearnLogger logQuery
INFO: DB CACHE [ε | id_request_v0 challenge_v0 eap_success success_request_with_credentials /  id_response_v0 challenge_response_v0 after_eap_success no_reply]
Aug 13, 2025 3:10:07 PM de.learnlib.logging.LearnLogger logQuery
INFO: DB CACHE [ε | id_request_v0 challenge_v0 eap_success success_request_all_zeros /  id_response_v0 challenge_response_v0 after_eap_success no_reply]
Aug 13, 2025 3:10:07 PM de.learnlib.logging.LearnLogger logQuery
INFO: DB CACHE [ε | id_request_v0 challenge_v0 eap_success tlv_failure /  id_response_v0 challenge_response_v0 after_eap_success no_reply]
Aug 13, 2025 3:10:07 PM de.learnlib.logging.LearnLogger logQuery
INFO: DB CACHE [ε | id_request_v0 challenge_v0 eap_success tlv_request /  id_response_v0 challenge_response_v0 after_eap_success no_reply]
Aug 13, 2025 3:10:07 PM de.learnlib.logging.LearnLogger logQuery
INFO: DB CACHE [ε | id_request_v0 challenge_v0 eap_success challenge_v0 /  id_response_v0 challenge_response_v0 after_eap_success no_reply]
Aug 13, 2025 3:10:07 PM de.learnlib.logging.LearnLogger logQuery
INFO: DB CACHE [ε | id_request_v0 challenge_v0 eap_success id_request_v0 /  id_response_v0 challenge_response_v0 after_eap_success no_reply]
Aug 13, 2025 3:10:07 PM de.learnlib.logging.LearnLogger logQuery
INFO: DB CACHE [ε | id_request_v0 challenge_v0 cryptobinding 4_way_message_1 /  id_response_v0 challenge_response_v0 no_reply -]
Aug 13, 2025 3:10:07 PM de.learnlib.logging.LearnLogger logQuery
INFO: DB CACHE [ε | id_request_v0 challenge_v0 cryptobinding eap_success /  id_response_v0 challenge_response_v0 no_reply -]
Aug 13, 2025 3:10:07 PM de.learnlib.logging.LearnLogger logQuery
INFO: DB CACHE [ε | id_request_v0 challenge_v0 cryptobinding cryptobinding /  id_response_v0 challenge_response_v0 no_reply -]
Aug 13, 2025 3:10:07 PM de.learnlib.logging.LearnLogger logQuery
INFO: DB CACHE [ε | id_request_v0 challenge_v0 cryptobinding success_and_cryptobinding /  id_response_v0 challenge_response_v0 no_reply -]
Aug 13, 2025 3:10:07 PM de.learnlib.logging.LearnLogger logQuery
INFO: DB CACHE [ε | id_request_v0 challenge_v0 cryptobinding success_request_with_credentials /  id_response_v0 challenge_response_v0 no_reply -]
Aug 13, 2025 3:10:07 PM de.learnlib.logging.LearnLogger logQuery
INFO: DB CACHE [ε | id_request_v0 challenge_v0 cryptobinding success_request_all_zeros /  id_response_v0 challenge_response_v0 no_reply -]
Aug 13, 2025 3:10:07 PM de.learnlib.logging.LearnLogger logQuery
INFO: DB CACHE [ε | id_request_v0 challenge_v0 cryptobinding tlv_failure /  id_response_v0 challenge_response_v0 no_reply -]
Aug 13, 2025 3:10:07 PM de.learnlib.logging.LearnLogger logQuery
INFO: DB CACHE [ε | id_request_v0 challenge_v0 cryptobinding tlv_request /  id_response_v0 challenge_response_v0 no_reply -]
Aug 13, 2025 3:10:07 PM de.learnlib.logging.LearnLogger logQuery
INFO: DB CACHE [ε | id_request_v0 challenge_v0 cryptobinding challenge_v0 /  id_response_v0 challenge_response_v0 no_reply -]
Aug 13, 2025 3:10:07 PM de.learnlib.logging.LearnLogger logQuery
INFO: DB CACHE [ε | id_request_v0 challenge_v0 cryptobinding id_request_v0 /  id_response_v0 challenge_response_v0 no_reply -]
Aug 13, 2025 3:10:07 PM de.learnlib.logging.LearnLogger logQuery
INFO: DB CACHE [ε | id_request_v0 challenge_v0 success_and_cryptobinding 4_way_message_1 /  id_response_v0 challenge_response_v0 tlv_failure -]
Aug 13, 2025 3:10:07 PM de.learnlib.logging.LearnLogger logQuery
INFO: DB CACHE [ε | id_request_v0 challenge_v0 success_and_cryptobinding eap_success /  id_response_v0 challenge_response_v0 tlv_failure -]
Aug 13, 2025 3:10:07 PM de.learnlib.logging.LearnLogger logQuery
INFO: DB CACHE [ε | id_request_v0 challenge_v0 success_and_cryptobinding cryptobinding /  id_response_v0 challenge_response_v0 tlv_failure -]
Aug 13, 2025 3:10:07 PM de.learnlib.logging.LearnLogger logQuery
INFO: DB CACHE [ε | id_request_v0 challenge_v0 success_and_cryptobinding success_and_cryptobinding /  id_response_v0 challenge_response_v0 tlv_failure -]
Aug 13, 2025 3:10:07 PM de.learnlib.logging.LearnLogger logQuery
INFO: DB CACHE [ε | id_request_v0 challenge_v0 success_and_cryptobinding success_request_with_credentials /  id_response_v0 challenge_response_v0 tlv_failure -]
Aug 13, 2025 3:10:07 PM de.learnlib.logging.LearnLogger logQuery
INFO: DB CACHE [ε | id_request_v0 challenge_v0 success_and_cryptobinding success_request_all_zeros /  id_response_v0 challenge_response_v0 tlv_failure -]
Aug 13, 2025 3:10:07 PM de.learnlib.logging.LearnLogger logQuery
INFO: DB CACHE [ε | id_request_v0 challenge_v0 success_and_cryptobinding tlv_failure /  id_response_v0 challenge_response_v0 tlv_failure -]
Aug 13, 2025 3:10:07 PM de.learnlib.logging.LearnLogger logQuery
INFO: DB CACHE [ε | id_request_v0 challenge_v0 success_and_cryptobinding tlv_request /  id_response_v0 challenge_response_v0 tlv_failure -]
Aug 13, 2025 3:10:07 PM de.learnlib.logging.LearnLogger logQuery
INFO: DB CACHE [ε | id_request_v0 challenge_v0 success_and_cryptobinding challenge_v0 /  id_response_v0 challenge_response_v0 tlv_failure -]
Aug 13, 2025 3:10:07 PM de.learnlib.logging.LearnLogger logQuery
INFO: DB CACHE [ε | id_request_v0 challenge_v0 success_and_cryptobinding id_request_v0 /  id_response_v0 challenge_response_v0 tlv_failure -]
Aug 13, 2025 3:10:07 PM de.learnlib.logging.LearnLogger logQuery
INFO: DB CACHE [ε | id_request_v0 challenge_v0 success_request_with_credentials 4_way_message_1 /  id_response_v0 challenge_response_v0 success_response_v0 no_reply]
Aug 13, 2025 3:10:07 PM de.learnlib.logging.LearnLogger logQuery
INFO: DB CACHE [ε | id_request_v0 challenge_v0 success_request_with_credentials eap_success /  id_response_v0 challenge_response_v0 success_response_v0 after_eap_success]
Aug 13, 2025 3:10:07 PM de.learnlib.logging.LearnLogger logQuery
INFO: DB CACHE [ε | id_request_v0 challenge_v0 success_request_with_credentials cryptobinding /  id_response_v0 challenge_response_v0 success_response_v0 no_reply]
Aug 13, 2025 3:10:07 PM de.learnlib.logging.LearnLogger logQuery
INFO: DB CACHE [ε | id_request_v0 challenge_v0 success_request_with_credentials success_and_cryptobinding /  id_response_v0 challenge_response_v0 success_response_v0 tlv_success_and_cryptobinding]
Aug 13, 2025 3:10:07 PM de.learnlib.logging.LearnLogger logQuery
INFO: DB CACHE [ε | id_request_v0 challenge_v0 success_request_with_credentials success_request_with_credentials /  id_response_v0 challenge_response_v0 success_response_v0 no_reply]
Aug 13, 2025 3:10:07 PM de.learnlib.logging.LearnLogger logQuery
INFO: DB CACHE [ε | id_request_v0 challenge_v0 success_request_with_credentials success_request_all_zeros /  id_response_v0 challenge_response_v0 success_response_v0 no_reply]
Aug 13, 2025 3:10:07 PM de.learnlib.logging.LearnLogger logQuery
INFO: DB CACHE [ε | id_request_v0 challenge_v0 success_request_with_credentials tlv_failure /  id_response_v0 challenge_response_v0 success_response_v0 tlv_failure]
Aug 13, 2025 3:10:07 PM de.learnlib.logging.LearnLogger logQuery
INFO: DB CACHE [ε | id_request_v0 challenge_v0 success_request_with_credentials tlv_request /  id_response_v0 challenge_response_v0 success_response_v0 tlv_success]
Aug 13, 2025 3:10:07 PM de.learnlib.logging.LearnLogger logQuery
INFO: DB CACHE [ε | id_request_v0 challenge_v0 success_request_with_credentials challenge_v0 /  id_response_v0 challenge_response_v0 success_response_v0 no_reply]
Aug 13, 2025 3:10:07 PM de.learnlib.logging.LearnLogger logQuery
INFO: DB CACHE [ε | id_request_v0 challenge_v0 success_request_with_credentials id_request_v0 /  id_response_v0 challenge_response_v0 success_response_v0 no_reply]
Aug 13, 2025 3:10:07 PM de.learnlib.logging.LearnLogger logQuery
INFO: DB CACHE [ε | id_request_v0 challenge_v0 success_request_all_zeros 4_way_message_1 /  id_response_v0 challenge_response_v0 deauthentication -]
Aug 13, 2025 3:10:07 PM de.learnlib.logging.LearnLogger logQuery
INFO: DB CACHE [ε | id_request_v0 challenge_v0 success_request_all_zeros eap_success /  id_response_v0 challenge_response_v0 deauthentication -]
Aug 13, 2025 3:10:07 PM de.learnlib.logging.LearnLogger logQuery
INFO: DB CACHE [ε | id_request_v0 challenge_v0 success_request_all_zeros cryptobinding /  id_response_v0 challenge_response_v0 deauthentication -]
Aug 13, 2025 3:10:07 PM de.learnlib.logging.LearnLogger logQuery
INFO: DB CACHE [ε | id_request_v0 challenge_v0 success_request_all_zeros success_and_cryptobinding /  id_response_v0 challenge_response_v0 deauthentication -]
Aug 13, 2025 3:10:07 PM de.learnlib.logging.LearnLogger logQuery
INFO: DB CACHE [ε | id_request_v0 challenge_v0 success_request_all_zeros success_request_with_credentials /  id_response_v0 challenge_response_v0 deauthentication -]
Aug 13, 2025 3:10:07 PM de.learnlib.logging.LearnLogger logQuery
INFO: DB CACHE [ε | id_request_v0 challenge_v0 success_request_all_zeros success_request_all_zeros /  id_response_v0 challenge_response_v0 deauthentication -]
Aug 13, 2025 3:10:07 PM de.learnlib.logging.LearnLogger logQuery
INFO: DB CACHE [ε | id_request_v0 challenge_v0 success_request_all_zeros tlv_failure /  id_response_v0 challenge_response_v0 deauthentication -]
Aug 13, 2025 3:10:07 PM de.learnlib.logging.LearnLogger logQuery
INFO: DB CACHE [ε | id_request_v0 challenge_v0 success_request_all_zeros tlv_request /  id_response_v0 challenge_response_v0 deauthentication -]
Aug 13, 2025 3:10:07 PM de.learnlib.logging.LearnLogger logQuery
INFO: DB CACHE [ε | id_request_v0 challenge_v0 success_request_all_zeros challenge_v0 /  id_response_v0 challenge_response_v0 deauthentication -]
Aug 13, 2025 3:10:07 PM de.learnlib.logging.LearnLogger logQuery
INFO: DB CACHE [ε | id_request_v0 challenge_v0 success_request_all_zeros id_request_v0 /  id_response_v0 challenge_response_v0 deauthentication -]
Aug 13, 2025 3:10:07 PM de.learnlib.logging.LearnLogger logQuery
INFO: DB CACHE [ε | id_request_v0 challenge_v0 tlv_failure 4_way_message_1 /  id_response_v0 challenge_response_v0 tlv_failure -]
Aug 13, 2025 3:10:07 PM de.learnlib.logging.LearnLogger logQuery
INFO: DB CACHE [ε | id_request_v0 challenge_v0 tlv_failure eap_success /  id_response_v0 challenge_response_v0 tlv_failure -]
Aug 13, 2025 3:10:07 PM de.learnlib.logging.LearnLogger logQuery
INFO: DB CACHE [ε | id_request_v0 challenge_v0 tlv_failure cryptobinding /  id_response_v0 challenge_response_v0 tlv_failure -]
Aug 13, 2025 3:10:07 PM de.learnlib.logging.LearnLogger logQuery
INFO: DB CACHE [ε | id_request_v0 challenge_v0 tlv_failure success_and_cryptobinding /  id_response_v0 challenge_response_v0 tlv_failure -]
Aug 13, 2025 3:10:07 PM de.learnlib.logging.LearnLogger logQuery
INFO: DB CACHE [ε | id_request_v0 challenge_v0 tlv_failure success_request_with_credentials /  id_response_v0 challenge_response_v0 tlv_failure -]
Aug 13, 2025 3:10:07 PM de.learnlib.logging.LearnLogger logQuery
INFO: DB CACHE [ε | id_request_v0 challenge_v0 tlv_failure success_request_all_zeros /  id_response_v0 challenge_response_v0 tlv_failure -]
Aug 13, 2025 3:10:07 PM de.learnlib.logging.LearnLogger logQuery
INFO: DB CACHE [ε | id_request_v0 challenge_v0 tlv_failure tlv_failure /  id_response_v0 challenge_response_v0 tlv_failure -]
Aug 13, 2025 3:10:07 PM de.learnlib.logging.LearnLogger logQuery
INFO: DB CACHE [ε | id_request_v0 challenge_v0 tlv_failure tlv_request /  id_response_v0 challenge_response_v0 tlv_failure -]
Aug 13, 2025 3:10:07 PM de.learnlib.logging.LearnLogger logQuery
INFO: DB CACHE [ε | id_request_v0 challenge_v0 tlv_failure challenge_v0 /  id_response_v0 challenge_response_v0 tlv_failure -]
Aug 13, 2025 3:10:07 PM de.learnlib.logging.LearnLogger logQuery
INFO: DB CACHE [ε | id_request_v0 challenge_v0 tlv_failure id_request_v0 /  id_response_v0 challenge_response_v0 tlv_failure -]
Aug 13, 2025 3:10:07 PM de.learnlib.logging.LearnLogger logQuery
INFO: DB CACHE [ε | id_request_v0 challenge_v0 tlv_request 4_way_message_1 /  id_response_v0 challenge_response_v0 tlv_failure -]
Aug 13, 2025 3:10:07 PM de.learnlib.logging.LearnLogger logQuery
INFO: DB CACHE [ε | id_request_v0 challenge_v0 tlv_request eap_success /  id_response_v0 challenge_response_v0 tlv_failure -]
Aug 13, 2025 3:10:07 PM de.learnlib.logging.LearnLogger logQuery
INFO: DB CACHE [ε | id_request_v0 challenge_v0 tlv_request cryptobinding /  id_response_v0 challenge_response_v0 tlv_failure -]
Aug 13, 2025 3:10:07 PM de.learnlib.logging.LearnLogger logQuery
INFO: DB CACHE [ε | id_request_v0 challenge_v0 tlv_request success_and_cryptobinding /  id_response_v0 challenge_response_v0 tlv_failure -]
Aug 13, 2025 3:10:07 PM de.learnlib.logging.LearnLogger logQuery
INFO: DB CACHE [ε | id_request_v0 challenge_v0 tlv_request success_request_with_credentials /  id_response_v0 challenge_response_v0 tlv_failure -]
Aug 13, 2025 3:10:07 PM de.learnlib.logging.LearnLogger logQuery
INFO: DB CACHE [ε | id_request_v0 challenge_v0 tlv_request success_request_all_zeros /  id_response_v0 challenge_response_v0 tlv_failure -]
Aug 13, 2025 3:10:07 PM de.learnlib.logging.LearnLogger logQuery
INFO: DB CACHE [ε | id_request_v0 challenge_v0 tlv_request tlv_failure /  id_response_v0 challenge_response_v0 tlv_failure -]
Aug 13, 2025 3:10:07 PM de.learnlib.logging.LearnLogger logQuery
INFO: DB CACHE [ε | id_request_v0 challenge_v0 tlv_request tlv_request /  id_response_v0 challenge_response_v0 tlv_failure -]
Aug 13, 2025 3:10:07 PM de.learnlib.logging.LearnLogger logQuery
INFO: DB CACHE [ε | id_request_v0 challenge_v0 tlv_request challenge_v0 /  id_response_v0 challenge_response_v0 tlv_failure -]
Aug 13, 2025 3:10:07 PM de.learnlib.logging.LearnLogger logQuery
INFO: DB CACHE [ε | id_request_v0 challenge_v0 tlv_request id_request_v0 /  id_response_v0 challenge_response_v0 tlv_failure -]
Aug 13, 2025 3:10:07 PM de.learnlib.logging.LearnLogger logQuery
INFO: DB CACHE [ε | id_request_v0 challenge_v0 challenge_v0 4_way_message_1 /  id_response_v0 challenge_response_v0 deauthentication -]
Aug 13, 2025 3:10:07 PM de.learnlib.logging.LearnLogger logQuery
INFO: DB CACHE [ε | id_request_v0 challenge_v0 challenge_v0 eap_success /  id_response_v0 challenge_response_v0 deauthentication -]
Aug 13, 2025 3:10:07 PM de.learnlib.logging.LearnLogger logQuery
INFO: DB CACHE [ε | id_request_v0 challenge_v0 challenge_v0 cryptobinding /  id_response_v0 challenge_response_v0 deauthentication -]
Aug 13, 2025 3:10:07 PM de.learnlib.logging.LearnLogger logQuery
INFO: DB CACHE [ε | id_request_v0 challenge_v0 challenge_v0 success_and_cryptobinding /  id_response_v0 challenge_response_v0 deauthentication -]
Aug 13, 2025 3:10:07 PM de.learnlib.logging.LearnLogger logQuery
INFO: DB CACHE [ε | id_request_v0 challenge_v0 challenge_v0 success_request_with_credentials /  id_response_v0 challenge_response_v0 deauthentication -]
Aug 13, 2025 3:10:07 PM de.learnlib.logging.LearnLogger logQuery
INFO: DB CACHE [ε | id_request_v0 challenge_v0 challenge_v0 success_request_all_zeros /  id_response_v0 challenge_response_v0 deauthentication -]
Aug 13, 2025 3:10:07 PM de.learnlib.logging.LearnLogger logQuery
INFO: DB CACHE [ε | id_request_v0 challenge_v0 challenge_v0 tlv_failure /  id_response_v0 challenge_response_v0 deauthentication -]
Aug 13, 2025 3:10:07 PM de.learnlib.logging.LearnLogger logQuery
INFO: DB CACHE [ε | id_request_v0 challenge_v0 challenge_v0 tlv_request /  id_response_v0 challenge_response_v0 deauthentication -]
Aug 13, 2025 3:10:07 PM de.learnlib.logging.LearnLogger logQuery
INFO: DB CACHE [ε | id_request_v0 challenge_v0 challenge_v0 challenge_v0 /  id_response_v0 challenge_response_v0 deauthentication -]
Aug 13, 2025 3:10:07 PM de.learnlib.logging.LearnLogger logQuery
INFO: DB CACHE [ε | id_request_v0 challenge_v0 challenge_v0 id_request_v0 /  id_response_v0 challenge_response_v0 deauthentication -]
Aug 13, 2025 3:10:07 PM de.learnlib.logging.LearnLogger logQuery
INFO: DB CACHE [ε | id_request_v0 challenge_v0 id_request_v0 4_way_message_1 /  id_response_v0 challenge_response_v0 no_reply -]
Aug 13, 2025 3:10:07 PM de.learnlib.logging.LearnLogger logQuery
INFO: DB CACHE [ε | id_request_v0 challenge_v0 id_request_v0 eap_success /  id_response_v0 challenge_response_v0 no_reply -]
Aug 13, 2025 3:10:07 PM de.learnlib.logging.LearnLogger logQuery
INFO: DB CACHE [ε | id_request_v0 challenge_v0 id_request_v0 cryptobinding /  id_response_v0 challenge_response_v0 no_reply -]
Aug 13, 2025 3:10:07 PM de.learnlib.logging.LearnLogger logQuery
INFO: DB CACHE [ε | id_request_v0 challenge_v0 id_request_v0 success_and_cryptobinding /  id_response_v0 challenge_response_v0 no_reply -]
Aug 13, 2025 3:10:07 PM de.learnlib.logging.LearnLogger logQuery
INFO: DB CACHE [ε | id_request_v0 challenge_v0 id_request_v0 success_request_with_credentials /  id_response_v0 challenge_response_v0 no_reply -]
Aug 13, 2025 3:10:07 PM de.learnlib.logging.LearnLogger logQuery
INFO: DB CACHE [ε | id_request_v0 challenge_v0 id_request_v0 success_request_all_zeros /  id_response_v0 challenge_response_v0 no_reply -]
Aug 13, 2025 3:10:07 PM de.learnlib.logging.LearnLogger logQuery
INFO: DB CACHE [ε | id_request_v0 challenge_v0 id_request_v0 tlv_failure /  id_response_v0 challenge_response_v0 no_reply -]
Aug 13, 2025 3:10:07 PM de.learnlib.logging.LearnLogger logQuery
INFO: DB CACHE [ε | id_request_v0 challenge_v0 id_request_v0 tlv_request /  id_response_v0 challenge_response_v0 no_reply -]
Aug 13, 2025 3:10:07 PM de.learnlib.logging.LearnLogger logQuery
INFO: DB CACHE [ε | id_request_v0 challenge_v0 id_request_v0 challenge_v0 /  id_response_v0 challenge_response_v0 no_reply -]
Aug 13, 2025 3:10:07 PM de.learnlib.logging.LearnLogger logQuery
INFO: DB CACHE [ε | id_request_v0 challenge_v0 id_request_v0 id_request_v0 /  id_response_v0 challenge_response_v0 no_reply -]
Aug 13, 2025 3:10:07 PM de.learnlib.logging.LearnLogger logQuery
INFO: DB CACHE [ε | id_request_v0 challenge_v0 success_request_with_credentials 4_way_message_1 4_way_message_1 /  id_response_v0 challenge_response_v0 success_response_v0 no_reply -]
Aug 13, 2025 3:10:07 PM de.learnlib.logging.LearnLogger logQuery
INFO: DB CACHE [ε | id_request_v0 challenge_v0 success_request_with_credentials 4_way_message_1 eap_success /  id_response_v0 challenge_response_v0 success_response_v0 no_reply -]
Aug 13, 2025 3:10:07 PM de.learnlib.logging.LearnLogger logQuery
INFO: DB CACHE [ε | id_request_v0 challenge_v0 success_request_with_credentials 4_way_message_1 cryptobinding /  id_response_v0 challenge_response_v0 success_response_v0 no_reply -]
Aug 13, 2025 3:10:07 PM de.learnlib.logging.LearnLogger logQuery
INFO: DB CACHE [ε | id_request_v0 challenge_v0 success_request_with_credentials 4_way_message_1 success_and_cryptobinding /  id_response_v0 challenge_response_v0 success_response_v0 no_reply -]
Aug 13, 2025 3:10:07 PM de.learnlib.logging.LearnLogger logQuery
INFO: DB CACHE [ε | id_request_v0 challenge_v0 success_request_with_credentials 4_way_message_1 success_request_with_credentials /  id_response_v0 challenge_response_v0 success_response_v0 no_reply -]
Aug 13, 2025 3:10:07 PM de.learnlib.logging.LearnLogger logQuery
INFO: DB CACHE [ε | id_request_v0 challenge_v0 success_request_with_credentials 4_way_message_1 success_request_all_zeros /  id_response_v0 challenge_response_v0 success_response_v0 no_reply -]
Aug 13, 2025 3:10:07 PM de.learnlib.logging.LearnLogger logQuery
INFO: DB CACHE [ε | id_request_v0 challenge_v0 success_request_with_credentials 4_way_message_1 tlv_failure /  id_response_v0 challenge_response_v0 success_response_v0 no_reply -]
Aug 13, 2025 3:10:07 PM de.learnlib.logging.LearnLogger logQuery
INFO: DB CACHE [ε | id_request_v0 challenge_v0 success_request_with_credentials 4_way_message_1 tlv_request /  id_response_v0 challenge_response_v0 success_response_v0 no_reply -]
Aug 13, 2025 3:10:07 PM de.learnlib.logging.LearnLogger logQuery
INFO: DB CACHE [ε | id_request_v0 challenge_v0 success_request_with_credentials 4_way_message_1 challenge_v0 /  id_response_v0 challenge_response_v0 success_response_v0 no_reply -]
Aug 13, 2025 3:10:07 PM de.learnlib.logging.LearnLogger logQuery
INFO: DB CACHE [ε | id_request_v0 challenge_v0 success_request_with_credentials 4_way_message_1 id_request_v0 /  id_response_v0 challenge_response_v0 success_response_v0 no_reply -]
Aug 13, 2025 3:10:07 PM de.learnlib.logging.LearnLogger logQuery
INFO: DB CACHE [ε | id_request_v0 challenge_v0 success_request_with_credentials eap_success 4_way_message_1 /  id_response_v0 challenge_response_v0 success_response_v0 after_eap_success no_reply]
Aug 13, 2025 3:10:07 PM de.learnlib.logging.LearnLogger logQuery
INFO: DB CACHE [ε | id_request_v0 challenge_v0 success_request_with_credentials eap_success eap_success /  id_response_v0 challenge_response_v0 success_response_v0 after_eap_success after_eap_success]
Aug 13, 2025 3:10:07 PM de.learnlib.logging.LearnLogger logQuery
INFO: DB CACHE [ε | id_request_v0 challenge_v0 success_request_with_credentials eap_success cryptobinding /  id_response_v0 challenge_response_v0 success_response_v0 after_eap_success no_reply]
Aug 13, 2025 3:10:07 PM de.learnlib.logging.LearnLogger logQuery
INFO: DB CACHE [ε | id_request_v0 challenge_v0 success_request_with_credentials eap_success success_and_cryptobinding /  id_response_v0 challenge_response_v0 success_response_v0 after_eap_success no_reply]
Aug 13, 2025 3:10:07 PM de.learnlib.logging.LearnLogger logQuery
INFO: DB CACHE [ε | id_request_v0 challenge_v0 success_request_with_credentials eap_success success_request_with_credentials /  id_response_v0 challenge_response_v0 success_response_v0 after_eap_success no_reply]
Aug 13, 2025 3:10:07 PM de.learnlib.logging.LearnLogger logQuery
INFO: DB CACHE [ε | id_request_v0 challenge_v0 success_request_with_credentials eap_success success_request_all_zeros /  id_response_v0 challenge_response_v0 success_response_v0 after_eap_success no_reply]
Aug 13, 2025 3:10:07 PM de.learnlib.logging.LearnLogger logQuery
INFO: DB CACHE [ε | id_request_v0 challenge_v0 success_request_with_credentials eap_success tlv_failure /  id_response_v0 challenge_response_v0 success_response_v0 after_eap_success no_reply]
Aug 13, 2025 3:10:07 PM de.learnlib.logging.LearnLogger logQuery
INFO: DB CACHE [ε | id_request_v0 challenge_v0 success_request_with_credentials eap_success tlv_request /  id_response_v0 challenge_response_v0 success_response_v0 after_eap_success no_reply]
Aug 13, 2025 3:10:07 PM de.learnlib.logging.LearnLogger logQuery
INFO: DB CACHE [ε | id_request_v0 challenge_v0 success_request_with_credentials eap_success challenge_v0 /  id_response_v0 challenge_response_v0 success_response_v0 after_eap_success no_reply]
Aug 13, 2025 3:10:07 PM de.learnlib.logging.LearnLogger logQuery
INFO: DB CACHE [ε | id_request_v0 challenge_v0 success_request_with_credentials eap_success id_request_v0 /  id_response_v0 challenge_response_v0 success_response_v0 after_eap_success no_reply]
Aug 13, 2025 3:10:07 PM de.learnlib.logging.LearnLogger logQuery
INFO: DB CACHE [ε | id_request_v0 challenge_v0 success_request_with_credentials cryptobinding 4_way_message_1 /  id_response_v0 challenge_response_v0 success_response_v0 no_reply -]
Aug 13, 2025 3:10:07 PM de.learnlib.logging.LearnLogger logQuery
INFO: DB CACHE [ε | id_request_v0 challenge_v0 success_request_with_credentials cryptobinding eap_success /  id_response_v0 challenge_response_v0 success_response_v0 no_reply -]
Aug 13, 2025 3:10:07 PM de.learnlib.logging.LearnLogger logQuery
INFO: DB CACHE [ε | id_request_v0 challenge_v0 success_request_with_credentials cryptobinding cryptobinding /  id_response_v0 challenge_response_v0 success_response_v0 no_reply -]
Aug 13, 2025 3:10:07 PM de.learnlib.logging.LearnLogger logQuery
INFO: DB CACHE [ε | id_request_v0 challenge_v0 success_request_with_credentials cryptobinding success_and_cryptobinding /  id_response_v0 challenge_response_v0 success_response_v0 no_reply -]
Aug 13, 2025 3:10:07 PM de.learnlib.logging.LearnLogger logQuery
INFO: DB CACHE [ε | id_request_v0 challenge_v0 success_request_with_credentials cryptobinding success_request_with_credentials /  id_response_v0 challenge_response_v0 success_response_v0 no_reply -]
Aug 13, 2025 3:10:07 PM de.learnlib.logging.LearnLogger logQuery
INFO: DB CACHE [ε | id_request_v0 challenge_v0 success_request_with_credentials cryptobinding success_request_all_zeros /  id_response_v0 challenge_response_v0 success_response_v0 no_reply -]
Aug 13, 2025 3:10:07 PM de.learnlib.logging.LearnLogger logQuery
INFO: DB CACHE [ε | id_request_v0 challenge_v0 success_request_with_credentials cryptobinding tlv_failure /  id_response_v0 challenge_response_v0 success_response_v0 no_reply -]
Aug 13, 2025 3:10:07 PM de.learnlib.logging.LearnLogger logQuery
INFO: DB CACHE [ε | id_request_v0 challenge_v0 success_request_with_credentials cryptobinding tlv_request /  id_response_v0 challenge_response_v0 success_response_v0 no_reply -]
Aug 13, 2025 3:10:07 PM de.learnlib.logging.LearnLogger logQuery
INFO: DB CACHE [ε | id_request_v0 challenge_v0 success_request_with_credentials cryptobinding challenge_v0 /  id_response_v0 challenge_response_v0 success_response_v0 no_reply -]
Aug 13, 2025 3:10:07 PM de.learnlib.logging.LearnLogger logQuery
INFO: DB CACHE [ε | id_request_v0 challenge_v0 success_request_with_credentials cryptobinding id_request_v0 /  id_response_v0 challenge_response_v0 success_response_v0 no_reply -]
Aug 13, 2025 3:10:07 PM de.learnlib.logging.LearnLogger logQuery
INFO: DB CACHE [ε | id_request_v0 challenge_v0 success_request_with_credentials success_and_cryptobinding 4_way_message_1 /  id_response_v0 challenge_response_v0 success_response_v0 tlv_success_and_cryptobinding no_reply]
Aug 13, 2025 3:10:07 PM de.learnlib.logging.LearnLogger logQuery
INFO: DB CACHE [ε | id_request_v0 challenge_v0 success_request_with_credentials success_and_cryptobinding eap_success /  id_response_v0 challenge_response_v0 success_response_v0 tlv_success_and_cryptobinding after_eap_success]
Aug 13, 2025 3:10:07 PM de.learnlib.logging.LearnLogger logQuery
INFO: DB CACHE [ε | id_request_v0 challenge_v0 success_request_with_credentials success_and_cryptobinding cryptobinding /  id_response_v0 challenge_response_v0 success_response_v0 tlv_success_and_cryptobinding no_reply]
Aug 13, 2025 3:10:07 PM de.learnlib.logging.LearnLogger logQuery
INFO: DB CACHE [ε | id_request_v0 challenge_v0 success_request_with_credentials success_and_cryptobinding success_and_cryptobinding /  id_response_v0 challenge_response_v0 success_response_v0 tlv_success_and_cryptobinding no_reply]
Aug 13, 2025 3:10:07 PM de.learnlib.logging.LearnLogger logQuery
INFO: DB CACHE [ε | id_request_v0 challenge_v0 success_request_with_credentials success_and_cryptobinding success_request_with_credentials /  id_response_v0 challenge_response_v0 success_response_v0 tlv_success_and_cryptobinding no_reply]
Aug 13, 2025 3:10:07 PM de.learnlib.logging.LearnLogger logQuery
INFO: DB CACHE [ε | id_request_v0 challenge_v0 success_request_with_credentials success_and_cryptobinding success_request_all_zeros /  id_response_v0 challenge_response_v0 success_response_v0 tlv_success_and_cryptobinding no_reply]
Aug 13, 2025 3:10:07 PM de.learnlib.logging.LearnLogger logQuery
INFO: DB CACHE [ε | id_request_v0 challenge_v0 success_request_with_credentials success_and_cryptobinding tlv_failure /  id_response_v0 challenge_response_v0 success_response_v0 tlv_success_and_cryptobinding no_reply]
Aug 13, 2025 3:10:07 PM de.learnlib.logging.LearnLogger logQuery
INFO: DB CACHE [ε | id_request_v0 challenge_v0 success_request_with_credentials success_and_cryptobinding tlv_request /  id_response_v0 challenge_response_v0 success_response_v0 tlv_success_and_cryptobinding no_reply]
Aug 13, 2025 3:10:07 PM de.learnlib.logging.LearnLogger logQuery
INFO: DB CACHE [ε | id_request_v0 challenge_v0 success_request_with_credentials success_and_cryptobinding challenge_v0 /  id_response_v0 challenge_response_v0 success_response_v0 tlv_success_and_cryptobinding no_reply]
Aug 13, 2025 3:10:07 PM de.learnlib.logging.LearnLogger logQuery
INFO: DB CACHE [ε | id_request_v0 challenge_v0 success_request_with_credentials success_and_cryptobinding id_request_v0 /  id_response_v0 challenge_response_v0 success_response_v0 tlv_success_and_cryptobinding no_reply]
Aug 13, 2025 3:10:07 PM de.learnlib.logging.LearnLogger logQuery
INFO: DB CACHE [ε | id_request_v0 challenge_v0 success_request_with_credentials success_request_with_credentials 4_way_message_1 /  id_response_v0 challenge_response_v0 success_response_v0 no_reply -]
Aug 13, 2025 3:10:07 PM de.learnlib.logging.LearnLogger logQuery
INFO: DB CACHE [ε | id_request_v0 challenge_v0 success_request_with_credentials success_request_with_credentials eap_success /  id_response_v0 challenge_response_v0 success_response_v0 no_reply -]
Aug 13, 2025 3:10:07 PM de.learnlib.logging.LearnLogger logQuery
INFO: DB CACHE [ε | id_request_v0 challenge_v0 success_request_with_credentials success_request_with_credentials cryptobinding /  id_response_v0 challenge_response_v0 success_response_v0 no_reply -]
Aug 13, 2025 3:10:07 PM de.learnlib.logging.LearnLogger logQuery
INFO: DB CACHE [ε | id_request_v0 challenge_v0 success_request_with_credentials success_request_with_credentials success_and_cryptobinding /  id_response_v0 challenge_response_v0 success_response_v0 no_reply -]
Aug 13, 2025 3:10:07 PM de.learnlib.logging.LearnLogger logQuery
INFO: DB CACHE [ε | id_request_v0 challenge_v0 success_request_with_credentials success_request_with_credentials success_request_with_credentials /  id_response_v0 challenge_response_v0 success_response_v0 no_reply -]
Aug 13, 2025 3:10:07 PM de.learnlib.logging.LearnLogger logQuery
INFO: DB CACHE [ε | id_request_v0 challenge_v0 success_request_with_credentials success_request_with_credentials success_request_all_zeros /  id_response_v0 challenge_response_v0 success_response_v0 no_reply -]
Aug 13, 2025 3:10:07 PM de.learnlib.logging.LearnLogger logQuery
INFO: DB CACHE [ε | id_request_v0 challenge_v0 success_request_with_credentials success_request_with_credentials tlv_failure /  id_response_v0 challenge_response_v0 success_response_v0 no_reply -]
Aug 13, 2025 3:10:07 PM de.learnlib.logging.LearnLogger logQuery
INFO: DB CACHE [ε | id_request_v0 challenge_v0 success_request_with_credentials success_request_with_credentials tlv_request /  id_response_v0 challenge_response_v0 success_response_v0 no_reply -]
Aug 13, 2025 3:10:07 PM de.learnlib.logging.LearnLogger logQuery
INFO: DB CACHE [ε | id_request_v0 challenge_v0 success_request_with_credentials success_request_with_credentials challenge_v0 /  id_response_v0 challenge_response_v0 success_response_v0 no_reply -]
Aug 13, 2025 3:10:07 PM de.learnlib.logging.LearnLogger logQuery
INFO: DB CACHE [ε | id_request_v0 challenge_v0 success_request_with_credentials success_request_with_credentials id_request_v0 /  id_response_v0 challenge_response_v0 success_response_v0 no_reply -]
Aug 13, 2025 3:10:07 PM de.learnlib.logging.LearnLogger logQuery
INFO: DB CACHE [ε | id_request_v0 challenge_v0 success_request_with_credentials success_request_all_zeros 4_way_message_1 /  id_response_v0 challenge_response_v0 success_response_v0 no_reply -]
Aug 13, 2025 3:10:07 PM de.learnlib.logging.LearnLogger logQuery
INFO: DB CACHE [ε | id_request_v0 challenge_v0 success_request_with_credentials success_request_all_zeros eap_success /  id_response_v0 challenge_response_v0 success_response_v0 no_reply -]
Aug 13, 2025 3:10:07 PM de.learnlib.logging.LearnLogger logQuery
INFO: DB CACHE [ε | id_request_v0 challenge_v0 success_request_with_credentials success_request_all_zeros cryptobinding /  id_response_v0 challenge_response_v0 success_response_v0 no_reply -]
Aug 13, 2025 3:10:07 PM de.learnlib.logging.LearnLogger logQuery
INFO: DB CACHE [ε | id_request_v0 challenge_v0 success_request_with_credentials success_request_all_zeros success_and_cryptobinding /  id_response_v0 challenge_response_v0 success_response_v0 no_reply -]
Aug 13, 2025 3:10:07 PM de.learnlib.logging.LearnLogger logQuery
INFO: DB CACHE [ε | id_request_v0 challenge_v0 success_request_with_credentials success_request_all_zeros success_request_with_credentials /  id_response_v0 challenge_response_v0 success_response_v0 no_reply -]
Aug 13, 2025 3:10:07 PM de.learnlib.logging.LearnLogger logQuery
INFO: DB CACHE [ε | id_request_v0 challenge_v0 success_request_with_credentials success_request_all_zeros success_request_all_zeros /  id_response_v0 challenge_response_v0 success_response_v0 no_reply -]
Aug 13, 2025 3:10:07 PM de.learnlib.logging.LearnLogger logQuery
INFO: DB CACHE [ε | id_request_v0 challenge_v0 success_request_with_credentials success_request_all_zeros tlv_failure /  id_response_v0 challenge_response_v0 success_response_v0 no_reply -]
Aug 13, 2025 3:10:07 PM de.learnlib.logging.LearnLogger logQuery
INFO: DB CACHE [ε | id_request_v0 challenge_v0 success_request_with_credentials success_request_all_zeros tlv_request /  id_response_v0 challenge_response_v0 success_response_v0 no_reply -]
Aug 13, 2025 3:10:07 PM de.learnlib.logging.LearnLogger logQuery
INFO: DB CACHE [ε | id_request_v0 challenge_v0 success_request_with_credentials success_request_all_zeros challenge_v0 /  id_response_v0 challenge_response_v0 success_response_v0 no_reply -]
Aug 13, 2025 3:10:07 PM de.learnlib.logging.LearnLogger logQuery
INFO: DB CACHE [ε | id_request_v0 challenge_v0 success_request_with_credentials success_request_all_zeros id_request_v0 /  id_response_v0 challenge_response_v0 success_response_v0 no_reply -]
Aug 13, 2025 3:10:07 PM de.learnlib.logging.LearnLogger logQuery
INFO: DB CACHE [ε | id_request_v0 challenge_v0 success_request_with_credentials tlv_failure 4_way_message_1 /  id_response_v0 challenge_response_v0 success_response_v0 tlv_failure -]
Aug 13, 2025 3:10:07 PM de.learnlib.logging.LearnLogger logQuery
INFO: DB CACHE [ε | id_request_v0 challenge_v0 success_request_with_credentials tlv_failure eap_success /  id_response_v0 challenge_response_v0 success_response_v0 tlv_failure -]
Aug 13, 2025 3:10:07 PM de.learnlib.logging.LearnLogger logQuery
INFO: DB CACHE [ε | id_request_v0 challenge_v0 success_request_with_credentials tlv_failure cryptobinding /  id_response_v0 challenge_response_v0 success_response_v0 tlv_failure -]
Aug 13, 2025 3:10:07 PM de.learnlib.logging.LearnLogger logQuery
INFO: DB CACHE [ε | id_request_v0 challenge_v0 success_request_with_credentials tlv_failure success_and_cryptobinding /  id_response_v0 challenge_response_v0 success_response_v0 tlv_failure -]
Aug 13, 2025 3:10:07 PM de.learnlib.logging.LearnLogger logQuery
INFO: DB CACHE [ε | id_request_v0 challenge_v0 success_request_with_credentials tlv_failure success_request_with_credentials /  id_response_v0 challenge_response_v0 success_response_v0 tlv_failure -]
Aug 13, 2025 3:10:07 PM de.learnlib.logging.LearnLogger logQuery
INFO: DB CACHE [ε | id_request_v0 challenge_v0 success_request_with_credentials tlv_failure success_request_all_zeros /  id_response_v0 challenge_response_v0 success_response_v0 tlv_failure -]
Aug 13, 2025 3:10:07 PM de.learnlib.logging.LearnLogger logQuery
INFO: DB CACHE [ε | id_request_v0 challenge_v0 success_request_with_credentials tlv_failure tlv_failure /  id_response_v0 challenge_response_v0 success_response_v0 tlv_failure -]
Aug 13, 2025 3:10:07 PM de.learnlib.logging.LearnLogger logQuery
INFO: DB CACHE [ε | id_request_v0 challenge_v0 success_request_with_credentials tlv_failure tlv_request /  id_response_v0 challenge_response_v0 success_response_v0 tlv_failure -]
Aug 13, 2025 3:10:07 PM de.learnlib.logging.LearnLogger logQuery
INFO: DB CACHE [ε | id_request_v0 challenge_v0 success_request_with_credentials tlv_failure challenge_v0 /  id_response_v0 challenge_response_v0 success_response_v0 tlv_failure -]
Aug 13, 2025 3:10:07 PM de.learnlib.logging.LearnLogger logQuery
INFO: DB CACHE [ε | id_request_v0 challenge_v0 success_request_with_credentials tlv_failure id_request_v0 /  id_response_v0 challenge_response_v0 success_response_v0 tlv_failure -]
Aug 13, 2025 3:10:07 PM de.learnlib.logging.LearnLogger logQuery
INFO: DB CACHE [ε | id_request_v0 challenge_v0 success_request_with_credentials tlv_request 4_way_message_1 /  id_response_v0 challenge_response_v0 success_response_v0 tlv_success no_reply]
Aug 13, 2025 3:10:07 PM de.learnlib.logging.LearnLogger logQuery
INFO: DB CACHE [ε | id_request_v0 challenge_v0 success_request_with_credentials tlv_request eap_success /  id_response_v0 challenge_response_v0 success_response_v0 tlv_success after_eap_success]
Aug 13, 2025 3:10:07 PM de.learnlib.logging.LearnLogger logQuery
INFO: DB CACHE [ε | id_request_v0 challenge_v0 success_request_with_credentials tlv_request cryptobinding /  id_response_v0 challenge_response_v0 success_response_v0 tlv_success no_reply]
Aug 13, 2025 3:10:07 PM de.learnlib.logging.LearnLogger logQuery
INFO: DB CACHE [ε | id_request_v0 challenge_v0 success_request_with_credentials tlv_request success_and_cryptobinding /  id_response_v0 challenge_response_v0 success_response_v0 tlv_success no_reply]
Aug 13, 2025 3:10:07 PM de.learnlib.logging.LearnLogger logQuery
INFO: DB CACHE [ε | id_request_v0 challenge_v0 success_request_with_credentials tlv_request success_request_with_credentials /  id_response_v0 challenge_response_v0 success_response_v0 tlv_success no_reply]
Aug 13, 2025 3:10:07 PM de.learnlib.logging.LearnLogger logQuery
INFO: DB CACHE [ε | id_request_v0 challenge_v0 success_request_with_credentials tlv_request success_request_all_zeros /  id_response_v0 challenge_response_v0 success_response_v0 tlv_success no_reply]
Aug 13, 2025 3:10:07 PM de.learnlib.logging.LearnLogger logQuery
INFO: DB CACHE [ε | id_request_v0 challenge_v0 success_request_with_credentials tlv_request tlv_failure /  id_response_v0 challenge_response_v0 success_response_v0 tlv_success no_reply]
Aug 13, 2025 3:10:07 PM de.learnlib.logging.LearnLogger logQuery
INFO: DB CACHE [ε | id_request_v0 challenge_v0 success_request_with_credentials tlv_request tlv_request /  id_response_v0 challenge_response_v0 success_response_v0 tlv_success no_reply]
Aug 13, 2025 3:10:07 PM de.learnlib.logging.LearnLogger logQuery
INFO: DB CACHE [ε | id_request_v0 challenge_v0 success_request_with_credentials tlv_request challenge_v0 /  id_response_v0 challenge_response_v0 success_response_v0 tlv_success no_reply]
Aug 13, 2025 3:10:07 PM de.learnlib.logging.LearnLogger logQuery
INFO: DB CACHE [ε | id_request_v0 challenge_v0 success_request_with_credentials tlv_request id_request_v0 /  id_response_v0 challenge_response_v0 success_response_v0 tlv_success no_reply]
Aug 13, 2025 3:10:07 PM de.learnlib.logging.LearnLogger logQuery
INFO: DB CACHE [ε | id_request_v0 challenge_v0 success_request_with_credentials challenge_v0 4_way_message_1 /  id_response_v0 challenge_response_v0 success_response_v0 no_reply -]
Aug 13, 2025 3:10:07 PM de.learnlib.logging.LearnLogger logQuery
INFO: DB CACHE [ε | id_request_v0 challenge_v0 success_request_with_credentials challenge_v0 eap_success /  id_response_v0 challenge_response_v0 success_response_v0 no_reply -]
Aug 13, 2025 3:10:07 PM de.learnlib.logging.LearnLogger logQuery
INFO: DB CACHE [ε | id_request_v0 challenge_v0 success_request_with_credentials challenge_v0 cryptobinding /  id_response_v0 challenge_response_v0 success_response_v0 no_reply -]
Aug 13, 2025 3:10:07 PM de.learnlib.logging.LearnLogger logQuery
INFO: DB CACHE [ε | id_request_v0 challenge_v0 success_request_with_credentials challenge_v0 success_and_cryptobinding /  id_response_v0 challenge_response_v0 success_response_v0 no_reply -]
Aug 13, 2025 3:10:07 PM de.learnlib.logging.LearnLogger logQuery
INFO: DB CACHE [ε | id_request_v0 challenge_v0 success_request_with_credentials challenge_v0 success_request_with_credentials /  id_response_v0 challenge_response_v0 success_response_v0 no_reply -]
Aug 13, 2025 3:10:07 PM de.learnlib.logging.LearnLogger logQuery
INFO: DB CACHE [ε | id_request_v0 challenge_v0 success_request_with_credentials challenge_v0 success_request_all_zeros /  id_response_v0 challenge_response_v0 success_response_v0 no_reply -]
Aug 13, 2025 3:10:07 PM de.learnlib.logging.LearnLogger logQuery
INFO: DB CACHE [ε | id_request_v0 challenge_v0 success_request_with_credentials challenge_v0 tlv_failure /  id_response_v0 challenge_response_v0 success_response_v0 no_reply -]
Aug 13, 2025 3:10:07 PM de.learnlib.logging.LearnLogger logQuery
INFO: DB CACHE [ε | id_request_v0 challenge_v0 success_request_with_credentials challenge_v0 tlv_request /  id_response_v0 challenge_response_v0 success_response_v0 no_reply -]
Aug 13, 2025 3:10:07 PM de.learnlib.logging.LearnLogger logQuery
INFO: DB CACHE [ε | id_request_v0 challenge_v0 success_request_with_credentials challenge_v0 challenge_v0 /  id_response_v0 challenge_response_v0 success_response_v0 no_reply -]
Aug 13, 2025 3:10:07 PM de.learnlib.logging.LearnLogger logQuery
INFO: DB CACHE [ε | id_request_v0 challenge_v0 success_request_with_credentials challenge_v0 id_request_v0 /  id_response_v0 challenge_response_v0 success_response_v0 no_reply -]
Aug 13, 2025 3:10:07 PM de.learnlib.logging.LearnLogger logQuery
INFO: DB CACHE [ε | id_request_v0 challenge_v0 success_request_with_credentials id_request_v0 4_way_message_1 /  id_response_v0 challenge_response_v0 success_response_v0 no_reply -]
Aug 13, 2025 3:10:07 PM de.learnlib.logging.LearnLogger logQuery
INFO: DB CACHE [ε | id_request_v0 challenge_v0 success_request_with_credentials id_request_v0 eap_success /  id_response_v0 challenge_response_v0 success_response_v0 no_reply -]
Aug 13, 2025 3:10:07 PM de.learnlib.logging.LearnLogger logQuery
INFO: DB CACHE [ε | id_request_v0 challenge_v0 success_request_with_credentials id_request_v0 cryptobinding /  id_response_v0 challenge_response_v0 success_response_v0 no_reply -]
Aug 13, 2025 3:10:07 PM de.learnlib.logging.LearnLogger logQuery
INFO: DB CACHE [ε | id_request_v0 challenge_v0 success_request_with_credentials id_request_v0 success_and_cryptobinding /  id_response_v0 challenge_response_v0 success_response_v0 no_reply -]
Aug 13, 2025 3:10:07 PM de.learnlib.logging.LearnLogger logQuery
INFO: DB CACHE [ε | id_request_v0 challenge_v0 success_request_with_credentials id_request_v0 success_request_with_credentials /  id_response_v0 challenge_response_v0 success_response_v0 no_reply -]
Aug 13, 2025 3:10:07 PM de.learnlib.logging.LearnLogger logQuery
INFO: DB CACHE [ε | id_request_v0 challenge_v0 success_request_with_credentials id_request_v0 success_request_all_zeros /  id_response_v0 challenge_response_v0 success_response_v0 no_reply -]
Aug 13, 2025 3:10:07 PM de.learnlib.logging.LearnLogger logQuery
INFO: DB CACHE [ε | id_request_v0 challenge_v0 success_request_with_credentials id_request_v0 tlv_failure /  id_response_v0 challenge_response_v0 success_response_v0 no_reply -]
Aug 13, 2025 3:10:07 PM de.learnlib.logging.LearnLogger logQuery
INFO: DB CACHE [ε | id_request_v0 challenge_v0 success_request_with_credentials id_request_v0 tlv_request /  id_response_v0 challenge_response_v0 success_response_v0 no_reply -]
Aug 13, 2025 3:10:07 PM de.learnlib.logging.LearnLogger logQuery
INFO: DB CACHE [ε | id_request_v0 challenge_v0 success_request_with_credentials id_request_v0 challenge_v0 /  id_response_v0 challenge_response_v0 success_response_v0 no_reply -]
Aug 13, 2025 3:10:07 PM de.learnlib.logging.LearnLogger logQuery
INFO: DB CACHE [ε | id_request_v0 challenge_v0 success_request_with_credentials id_request_v0 id_request_v0 /  id_response_v0 challenge_response_v0 success_response_v0 no_reply -]
Aug 13, 2025 3:14:04 PM de.learnlib.logging.LearnLogger logQuery
INFO: DB CACHE [ε | id_request_v0 challenge_v0 success_request_with_credentials tlv_request 4_way_message_1 4_way_message_1 /  id_response_v0 challenge_response_v0 success_response_v0 tlv_success no_reply -]
Aug 13, 2025 3:14:04 PM de.learnlib.logging.LearnLogger logQuery
INFO: DB CACHE [ε | id_request_v0 challenge_v0 success_request_with_credentials tlv_request 4_way_message_1 eap_success /  id_response_v0 challenge_response_v0 success_response_v0 tlv_success no_reply -]
Aug 13, 2025 3:14:04 PM de.learnlib.logging.LearnLogger logQuery
INFO: DB CACHE [ε | id_request_v0 challenge_v0 success_request_with_credentials tlv_request 4_way_message_1 cryptobinding /  id_response_v0 challenge_response_v0 success_response_v0 tlv_success no_reply -]
Aug 13, 2025 3:14:04 PM de.learnlib.logging.LearnLogger logQuery
INFO: DB CACHE [ε | id_request_v0 challenge_v0 success_request_with_credentials tlv_request 4_way_message_1 success_and_cryptobinding /  id_response_v0 challenge_response_v0 success_response_v0 tlv_success no_reply -]
Aug 13, 2025 3:14:04 PM de.learnlib.logging.LearnLogger logQuery
INFO: DB CACHE [ε | id_request_v0 challenge_v0 success_request_with_credentials tlv_request 4_way_message_1 success_request_with_credentials /  id_response_v0 challenge_response_v0 success_response_v0 tlv_success no_reply -]
Aug 13, 2025 3:14:04 PM de.learnlib.logging.LearnLogger logQuery
INFO: DB CACHE [ε | id_request_v0 challenge_v0 success_request_with_credentials tlv_request 4_way_message_1 success_request_all_zeros /  id_response_v0 challenge_response_v0 success_response_v0 tlv_success no_reply -]
Aug 13, 2025 3:14:04 PM de.learnlib.logging.LearnLogger logQuery
INFO: DB CACHE [ε | id_request_v0 challenge_v0 success_request_with_credentials tlv_request 4_way_message_1 tlv_failure /  id_response_v0 challenge_response_v0 success_response_v0 tlv_success no_reply -]
Aug 13, 2025 3:14:04 PM de.learnlib.logging.LearnLogger logQuery
INFO: DB CACHE [ε | id_request_v0 challenge_v0 success_request_with_credentials tlv_request 4_way_message_1 tlv_request /  id_response_v0 challenge_response_v0 success_response_v0 tlv_success no_reply -]
Aug 13, 2025 3:14:04 PM de.learnlib.logging.LearnLogger logQuery
INFO: DB CACHE [ε | id_request_v0 challenge_v0 success_request_with_credentials tlv_request 4_way_message_1 challenge_v0 /  id_response_v0 challenge_response_v0 success_response_v0 tlv_success no_reply -]
Aug 13, 2025 3:14:04 PM de.learnlib.logging.LearnLogger logQuery
INFO: DB CACHE [ε | id_request_v0 challenge_v0 success_request_with_credentials tlv_request 4_way_message_1 id_request_v0 /  id_response_v0 challenge_response_v0 success_response_v0 tlv_success no_reply -]
Aug 13, 2025 3:14:04 PM de.learnlib.logging.LearnLogger logQuery
INFO: DISABLED [ε | id_request_v0 challenge_v0 success_request_with_credentials tlv_request eap_success 4_way_message_1 4_way_message_1 4_way_message_1 /  id_response_v0 challenge_response_v0 success_response_v0 tlv_success after_eap_success 4_way_message_2 - -]
Aug 13, 2025 3:14:04 PM de.learnlib.logging.LearnLogger logQuery
INFO: DISABLED [ε | id_request_v0 challenge_v0 success_request_with_credentials tlv_request eap_success 4_way_message_1 4_way_message_1 eap_success /  id_response_v0 challenge_response_v0 success_response_v0 tlv_success after_eap_success 4_way_message_2 - -]
Aug 13, 2025 3:14:04 PM de.learnlib.logging.LearnLogger logQuery
INFO: DISABLED [ε | id_request_v0 challenge_v0 success_request_with_credentials tlv_request eap_success 4_way_message_1 4_way_message_1 cryptobinding /  id_response_v0 challenge_response_v0 success_response_v0 tlv_success after_eap_success 4_way_message_2 - -]
Aug 13, 2025 3:14:04 PM de.learnlib.logging.LearnLogger logQuery
INFO: DISABLED [ε | id_request_v0 challenge_v0 success_request_with_credentials tlv_request eap_success 4_way_message_1 4_way_message_1 success_and_cryptobinding /  id_response_v0 challenge_response_v0 success_response_v0 tlv_success after_eap_success 4_way_message_2 - -]
Aug 13, 2025 3:14:04 PM de.learnlib.logging.LearnLogger logQuery
INFO: DISABLED [ε | id_request_v0 challenge_v0 success_request_with_credentials tlv_request eap_success 4_way_message_1 4_way_message_1 success_request_with_credentials /  id_response_v0 challenge_response_v0 success_response_v0 tlv_success after_eap_success 4_way_message_2 - -]
Aug 13, 2025 3:14:04 PM de.learnlib.logging.LearnLogger logQuery
INFO: DISABLED [ε | id_request_v0 challenge_v0 success_request_with_credentials tlv_request eap_success 4_way_message_1 4_way_message_1 success_request_all_zeros /  id_response_v0 challenge_response_v0 success_response_v0 tlv_success after_eap_success 4_way_message_2 - -]
Aug 13, 2025 3:14:04 PM de.learnlib.logging.LearnLogger logQuery
INFO: DISABLED [ε | id_request_v0 challenge_v0 success_request_with_credentials tlv_request eap_success 4_way_message_1 4_way_message_1 tlv_failure /  id_response_v0 challenge_response_v0 success_response_v0 tlv_success after_eap_success 4_way_message_2 - -]
Aug 13, 2025 3:14:04 PM de.learnlib.logging.LearnLogger logQuery
INFO: DISABLED [ε | id_request_v0 challenge_v0 success_request_with_credentials tlv_request eap_success 4_way_message_1 4_way_message_1 tlv_request /  id_response_v0 challenge_response_v0 success_response_v0 tlv_success after_eap_success 4_way_message_2 - -]
Aug 13, 2025 3:14:04 PM de.learnlib.logging.LearnLogger logQuery
INFO: DISABLED [ε | id_request_v0 challenge_v0 success_request_with_credentials tlv_request eap_success 4_way_message_1 4_way_message_1 challenge_v0 /  id_response_v0 challenge_response_v0 success_response_v0 tlv_success after_eap_success 4_way_message_2 - -]
Aug 13, 2025 3:14:04 PM de.learnlib.logging.LearnLogger logQuery
INFO: DISABLED [ε | id_request_v0 challenge_v0 success_request_with_credentials tlv_request eap_success 4_way_message_1 4_way_message_1 id_request_v0 /  id_response_v0 challenge_response_v0 success_response_v0 tlv_success after_eap_success 4_way_message_2 - -]
Aug 13, 2025 3:14:04 PM de.learnlib.logging.LearnLogger logQuery
INFO: DISABLED [ε | id_request_v0 challenge_v0 success_request_with_credentials tlv_request eap_success 4_way_message_1 eap_success 4_way_message_1 /  id_response_v0 challenge_response_v0 success_response_v0 tlv_success after_eap_success 4_way_message_2 - -]
Aug 13, 2025 3:14:04 PM de.learnlib.logging.LearnLogger logQuery
INFO: DISABLED [ε | id_request_v0 challenge_v0 success_request_with_credentials tlv_request eap_success 4_way_message_1 eap_success eap_success /  id_response_v0 challenge_response_v0 success_response_v0 tlv_success after_eap_success 4_way_message_2 - -]
Aug 13, 2025 3:14:04 PM de.learnlib.logging.LearnLogger logQuery
INFO: DISABLED [ε | id_request_v0 challenge_v0 success_request_with_credentials tlv_request eap_success 4_way_message_1 eap_success cryptobinding /  id_response_v0 challenge_response_v0 success_response_v0 tlv_success after_eap_success 4_way_message_2 - -]
Aug 13, 2025 3:14:04 PM de.learnlib.logging.LearnLogger logQuery
INFO: DISABLED [ε | id_request_v0 challenge_v0 success_request_with_credentials tlv_request eap_success 4_way_message_1 eap_success success_and_cryptobinding /  id_response_v0 challenge_response_v0 success_response_v0 tlv_success after_eap_success 4_way_message_2 - -]
Aug 13, 2025 3:14:04 PM de.learnlib.logging.LearnLogger logQuery
INFO: DISABLED [ε | id_request_v0 challenge_v0 success_request_with_credentials tlv_request eap_success 4_way_message_1 eap_success success_request_with_credentials /  id_response_v0 challenge_response_v0 success_response_v0 tlv_success after_eap_success 4_way_message_2 - -]
Aug 13, 2025 3:14:04 PM de.learnlib.logging.LearnLogger logQuery
INFO: DISABLED [ε | id_request_v0 challenge_v0 success_request_with_credentials tlv_request eap_success 4_way_message_1 eap_success success_request_all_zeros /  id_response_v0 challenge_response_v0 success_response_v0 tlv_success after_eap_success 4_way_message_2 - -]
Aug 13, 2025 3:14:04 PM de.learnlib.logging.LearnLogger logQuery
INFO: DISABLED [ε | id_request_v0 challenge_v0 success_request_with_credentials tlv_request eap_success 4_way_message_1 eap_success tlv_failure /  id_response_v0 challenge_response_v0 success_response_v0 tlv_success after_eap_success 4_way_message_2 - -]
Aug 13, 2025 3:14:04 PM de.learnlib.logging.LearnLogger logQuery
INFO: DISABLED [ε | id_request_v0 challenge_v0 success_request_with_credentials tlv_request eap_success 4_way_message_1 eap_success tlv_request /  id_response_v0 challenge_response_v0 success_response_v0 tlv_success after_eap_success 4_way_message_2 - -]
Aug 13, 2025 3:14:04 PM de.learnlib.logging.LearnLogger logQuery
INFO: DISABLED [ε | id_request_v0 challenge_v0 success_request_with_credentials tlv_request eap_success 4_way_message_1 eap_success challenge_v0 /  id_response_v0 challenge_response_v0 success_response_v0 tlv_success after_eap_success 4_way_message_2 - -]
Aug 13, 2025 3:14:04 PM de.learnlib.logging.LearnLogger logQuery
INFO: DISABLED [ε | id_request_v0 challenge_v0 success_request_with_credentials tlv_request eap_success 4_way_message_1 eap_success id_request_v0 /  id_response_v0 challenge_response_v0 success_response_v0 tlv_success after_eap_success 4_way_message_2 - -]
Aug 13, 2025 3:14:04 PM de.learnlib.logging.LearnLogger logQuery
INFO: DISABLED [ε | id_request_v0 challenge_v0 success_request_with_credentials tlv_request eap_success 4_way_message_1 cryptobinding 4_way_message_1 /  id_response_v0 challenge_response_v0 success_response_v0 tlv_success after_eap_success 4_way_message_2 - -]
Aug 13, 2025 3:14:04 PM de.learnlib.logging.LearnLogger logQuery
INFO: DISABLED [ε | id_request_v0 challenge_v0 success_request_with_credentials tlv_request eap_success 4_way_message_1 cryptobinding eap_success /  id_response_v0 challenge_response_v0 success_response_v0 tlv_success after_eap_success 4_way_message_2 - -]
Aug 13, 2025 3:14:04 PM de.learnlib.logging.LearnLogger logQuery
INFO: DISABLED [ε | id_request_v0 challenge_v0 success_request_with_credentials tlv_request eap_success 4_way_message_1 cryptobinding cryptobinding /  id_response_v0 challenge_response_v0 success_response_v0 tlv_success after_eap_success 4_way_message_2 - -]
Aug 13, 2025 3:14:04 PM de.learnlib.logging.LearnLogger logQuery
INFO: DISABLED [ε | id_request_v0 challenge_v0 success_request_with_credentials tlv_request eap_success 4_way_message_1 cryptobinding success_and_cryptobinding /  id_response_v0 challenge_response_v0 success_response_v0 tlv_success after_eap_success 4_way_message_2 - -]
Aug 13, 2025 3:14:04 PM de.learnlib.logging.LearnLogger logQuery
INFO: DISABLED [ε | id_request_v0 challenge_v0 success_request_with_credentials tlv_request eap_success 4_way_message_1 cryptobinding success_request_with_credentials /  id_response_v0 challenge_response_v0 success_response_v0 tlv_success after_eap_success 4_way_message_2 - -]
Aug 13, 2025 3:14:04 PM de.learnlib.logging.LearnLogger logQuery
INFO: DISABLED [ε | id_request_v0 challenge_v0 success_request_with_credentials tlv_request eap_success 4_way_message_1 cryptobinding success_request_all_zeros /  id_response_v0 challenge_response_v0 success_response_v0 tlv_success after_eap_success 4_way_message_2 - -]
Aug 13, 2025 3:14:04 PM de.learnlib.logging.LearnLogger logQuery
INFO: DISABLED [ε | id_request_v0 challenge_v0 success_request_with_credentials tlv_request eap_success 4_way_message_1 cryptobinding tlv_failure /  id_response_v0 challenge_response_v0 success_response_v0 tlv_success after_eap_success 4_way_message_2 - -]
Aug 13, 2025 3:14:04 PM de.learnlib.logging.LearnLogger logQuery
INFO: DISABLED [ε | id_request_v0 challenge_v0 success_request_with_credentials tlv_request eap_success 4_way_message_1 cryptobinding tlv_request /  id_response_v0 challenge_response_v0 success_response_v0 tlv_success after_eap_success 4_way_message_2 - -]
Aug 13, 2025 3:14:04 PM de.learnlib.logging.LearnLogger logQuery
INFO: DISABLED [ε | id_request_v0 challenge_v0 success_request_with_credentials tlv_request eap_success 4_way_message_1 cryptobinding challenge_v0 /  id_response_v0 challenge_response_v0 success_response_v0 tlv_success after_eap_success 4_way_message_2 - -]
Aug 13, 2025 3:14:04 PM de.learnlib.logging.LearnLogger logQuery
INFO: DISABLED [ε | id_request_v0 challenge_v0 success_request_with_credentials tlv_request eap_success 4_way_message_1 cryptobinding id_request_v0 /  id_response_v0 challenge_response_v0 success_response_v0 tlv_success after_eap_success 4_way_message_2 - -]
Aug 13, 2025 3:14:04 PM de.learnlib.logging.LearnLogger logQuery
INFO: DISABLED [ε | id_request_v0 challenge_v0 success_request_with_credentials tlv_request eap_success 4_way_message_1 success_and_cryptobinding 4_way_message_1 /  id_response_v0 challenge_response_v0 success_response_v0 tlv_success after_eap_success 4_way_message_2 - -]
Aug 13, 2025 3:14:04 PM de.learnlib.logging.LearnLogger logQuery
INFO: DISABLED [ε | id_request_v0 challenge_v0 success_request_with_credentials tlv_request eap_success 4_way_message_1 success_and_cryptobinding eap_success /  id_response_v0 challenge_response_v0 success_response_v0 tlv_success after_eap_success 4_way_message_2 - -]
Aug 13, 2025 3:14:04 PM de.learnlib.logging.LearnLogger logQuery
INFO: DISABLED [ε | id_request_v0 challenge_v0 success_request_with_credentials tlv_request eap_success 4_way_message_1 success_and_cryptobinding cryptobinding /  id_response_v0 challenge_response_v0 success_response_v0 tlv_success after_eap_success 4_way_message_2 - -]
Aug 13, 2025 3:14:04 PM de.learnlib.logging.LearnLogger logQuery
INFO: DISABLED [ε | id_request_v0 challenge_v0 success_request_with_credentials tlv_request eap_success 4_way_message_1 success_and_cryptobinding success_and_cryptobinding /  id_response_v0 challenge_response_v0 success_response_v0 tlv_success after_eap_success 4_way_message_2 - -]
Aug 13, 2025 3:14:04 PM de.learnlib.logging.LearnLogger logQuery
INFO: DISABLED [ε | id_request_v0 challenge_v0 success_request_with_credentials tlv_request eap_success 4_way_message_1 success_and_cryptobinding success_request_with_credentials /  id_response_v0 challenge_response_v0 success_response_v0 tlv_success after_eap_success 4_way_message_2 - -]
Aug 13, 2025 3:14:04 PM de.learnlib.logging.LearnLogger logQuery
INFO: DISABLED [ε | id_request_v0 challenge_v0 success_request_with_credentials tlv_request eap_success 4_way_message_1 success_and_cryptobinding success_request_all_zeros /  id_response_v0 challenge_response_v0 success_response_v0 tlv_success after_eap_success 4_way_message_2 - -]
Aug 13, 2025 3:14:04 PM de.learnlib.logging.LearnLogger logQuery
INFO: DISABLED [ε | id_request_v0 challenge_v0 success_request_with_credentials tlv_request eap_success 4_way_message_1 success_and_cryptobinding tlv_failure /  id_response_v0 challenge_response_v0 success_response_v0 tlv_success after_eap_success 4_way_message_2 - -]
Aug 13, 2025 3:14:04 PM de.learnlib.logging.LearnLogger logQuery
INFO: DISABLED [ε | id_request_v0 challenge_v0 success_request_with_credentials tlv_request eap_success 4_way_message_1 success_and_cryptobinding tlv_request /  id_response_v0 challenge_response_v0 success_response_v0 tlv_success after_eap_success 4_way_message_2 - -]
Aug 13, 2025 3:14:04 PM de.learnlib.logging.LearnLogger logQuery
INFO: DISABLED [ε | id_request_v0 challenge_v0 success_request_with_credentials tlv_request eap_success 4_way_message_1 success_and_cryptobinding challenge_v0 /  id_response_v0 challenge_response_v0 success_response_v0 tlv_success after_eap_success 4_way_message_2 - -]
Aug 13, 2025 3:14:04 PM de.learnlib.logging.LearnLogger logQuery
INFO: DISABLED [ε | id_request_v0 challenge_v0 success_request_with_credentials tlv_request eap_success 4_way_message_1 success_and_cryptobinding id_request_v0 /  id_response_v0 challenge_response_v0 success_response_v0 tlv_success after_eap_success 4_way_message_2 - -]
Aug 13, 2025 3:14:04 PM de.learnlib.logging.LearnLogger logQuery
INFO: DISABLED [ε | id_request_v0 challenge_v0 success_request_with_credentials tlv_request eap_success 4_way_message_1 success_request_with_credentials 4_way_message_1 /  id_response_v0 challenge_response_v0 success_response_v0 tlv_success after_eap_success 4_way_message_2 - -]
Aug 13, 2025 3:14:04 PM de.learnlib.logging.LearnLogger logQuery
INFO: DISABLED [ε | id_request_v0 challenge_v0 success_request_with_credentials tlv_request eap_success 4_way_message_1 success_request_with_credentials eap_success /  id_response_v0 challenge_response_v0 success_response_v0 tlv_success after_eap_success 4_way_message_2 - -]
Aug 13, 2025 3:14:04 PM de.learnlib.logging.LearnLogger logQuery
INFO: DISABLED [ε | id_request_v0 challenge_v0 success_request_with_credentials tlv_request eap_success 4_way_message_1 success_request_with_credentials cryptobinding /  id_response_v0 challenge_response_v0 success_response_v0 tlv_success after_eap_success 4_way_message_2 - -]
Aug 13, 2025 3:14:04 PM de.learnlib.logging.LearnLogger logQuery
INFO: DISABLED [ε | id_request_v0 challenge_v0 success_request_with_credentials tlv_request eap_success 4_way_message_1 success_request_with_credentials success_and_cryptobinding /  id_response_v0 challenge_response_v0 success_response_v0 tlv_success after_eap_success 4_way_message_2 - -]
Aug 13, 2025 3:14:04 PM de.learnlib.logging.LearnLogger logQuery
INFO: DISABLED [ε | id_request_v0 challenge_v0 success_request_with_credentials tlv_request eap_success 4_way_message_1 success_request_with_credentials success_request_with_credentials /  id_response_v0 challenge_response_v0 success_response_v0 tlv_success after_eap_success 4_way_message_2 - -]
Aug 13, 2025 3:14:04 PM de.learnlib.logging.LearnLogger logQuery
INFO: DISABLED [ε | id_request_v0 challenge_v0 success_request_with_credentials tlv_request eap_success 4_way_message_1 success_request_with_credentials success_request_all_zeros /  id_response_v0 challenge_response_v0 success_response_v0 tlv_success after_eap_success 4_way_message_2 - -]
Aug 13, 2025 3:14:04 PM de.learnlib.logging.LearnLogger logQuery
INFO: DISABLED [ε | id_request_v0 challenge_v0 success_request_with_credentials tlv_request eap_success 4_way_message_1 success_request_with_credentials tlv_failure /  id_response_v0 challenge_response_v0 success_response_v0 tlv_success after_eap_success 4_way_message_2 - -]
Aug 13, 2025 3:14:04 PM de.learnlib.logging.LearnLogger logQuery
INFO: DISABLED [ε | id_request_v0 challenge_v0 success_request_with_credentials tlv_request eap_success 4_way_message_1 success_request_with_credentials tlv_request /  id_response_v0 challenge_response_v0 success_response_v0 tlv_success after_eap_success 4_way_message_2 - -]
Aug 13, 2025 3:14:04 PM de.learnlib.logging.LearnLogger logQuery
INFO: DISABLED [ε | id_request_v0 challenge_v0 success_request_with_credentials tlv_request eap_success 4_way_message_1 success_request_with_credentials challenge_v0 /  id_response_v0 challenge_response_v0 success_response_v0 tlv_success after_eap_success 4_way_message_2 - -]
Aug 13, 2025 3:14:04 PM de.learnlib.logging.LearnLogger logQuery
INFO: DISABLED [ε | id_request_v0 challenge_v0 success_request_with_credentials tlv_request eap_success 4_way_message_1 success_request_with_credentials id_request_v0 /  id_response_v0 challenge_response_v0 success_response_v0 tlv_success after_eap_success 4_way_message_2 - -]
Aug 13, 2025 3:14:04 PM de.learnlib.logging.LearnLogger logQuery
INFO: DISABLED [ε | id_request_v0 challenge_v0 success_request_with_credentials tlv_request eap_success 4_way_message_1 success_request_all_zeros 4_way_message_1 /  id_response_v0 challenge_response_v0 success_response_v0 tlv_success after_eap_success 4_way_message_2 - -]
Aug 13, 2025 3:14:04 PM de.learnlib.logging.LearnLogger logQuery
INFO: DISABLED [ε | id_request_v0 challenge_v0 success_request_with_credentials tlv_request eap_success 4_way_message_1 success_request_all_zeros eap_success /  id_response_v0 challenge_response_v0 success_response_v0 tlv_success after_eap_success 4_way_message_2 - -]
Aug 13, 2025 3:14:04 PM de.learnlib.logging.LearnLogger logQuery
INFO: DISABLED [ε | id_request_v0 challenge_v0 success_request_with_credentials tlv_request eap_success 4_way_message_1 success_request_all_zeros cryptobinding /  id_response_v0 challenge_response_v0 success_response_v0 tlv_success after_eap_success 4_way_message_2 - -]
Aug 13, 2025 3:14:04 PM de.learnlib.logging.LearnLogger logQuery
INFO: DISABLED [ε | id_request_v0 challenge_v0 success_request_with_credentials tlv_request eap_success 4_way_message_1 success_request_all_zeros success_and_cryptobinding /  id_response_v0 challenge_response_v0 success_response_v0 tlv_success after_eap_success 4_way_message_2 - -]
Aug 13, 2025 3:14:04 PM de.learnlib.logging.LearnLogger logQuery
INFO: DISABLED [ε | id_request_v0 challenge_v0 success_request_with_credentials tlv_request eap_success 4_way_message_1 success_request_all_zeros success_request_with_credentials /  id_response_v0 challenge_response_v0 success_response_v0 tlv_success after_eap_success 4_way_message_2 - -]
Aug 13, 2025 3:14:04 PM de.learnlib.logging.LearnLogger logQuery
INFO: DISABLED [ε | id_request_v0 challenge_v0 success_request_with_credentials tlv_request eap_success 4_way_message_1 success_request_all_zeros success_request_all_zeros /  id_response_v0 challenge_response_v0 success_response_v0 tlv_success after_eap_success 4_way_message_2 - -]
Aug 13, 2025 3:14:04 PM de.learnlib.logging.LearnLogger logQuery
INFO: DISABLED [ε | id_request_v0 challenge_v0 success_request_with_credentials tlv_request eap_success 4_way_message_1 success_request_all_zeros tlv_failure /  id_response_v0 challenge_response_v0 success_response_v0 tlv_success after_eap_success 4_way_message_2 - -]
Aug 13, 2025 3:14:04 PM de.learnlib.logging.LearnLogger logQuery
INFO: DISABLED [ε | id_request_v0 challenge_v0 success_request_with_credentials tlv_request eap_success 4_way_message_1 success_request_all_zeros tlv_request /  id_response_v0 challenge_response_v0 success_response_v0 tlv_success after_eap_success 4_way_message_2 - -]
Aug 13, 2025 3:14:04 PM de.learnlib.logging.LearnLogger logQuery
INFO: DISABLED [ε | id_request_v0 challenge_v0 success_request_with_credentials tlv_request eap_success 4_way_message_1 success_request_all_zeros challenge_v0 /  id_response_v0 challenge_response_v0 success_response_v0 tlv_success after_eap_success 4_way_message_2 - -]
Aug 13, 2025 3:14:04 PM de.learnlib.logging.LearnLogger logQuery
INFO: DISABLED [ε | id_request_v0 challenge_v0 success_request_with_credentials tlv_request eap_success 4_way_message_1 success_request_all_zeros id_request_v0 /  id_response_v0 challenge_response_v0 success_response_v0 tlv_success after_eap_success 4_way_message_2 - -]
Aug 13, 2025 3:14:04 PM de.learnlib.logging.LearnLogger logQuery
INFO: DISABLED [ε | id_request_v0 challenge_v0 success_request_with_credentials tlv_request eap_success 4_way_message_1 tlv_failure 4_way_message_1 /  id_response_v0 challenge_response_v0 success_response_v0 tlv_success after_eap_success 4_way_message_2 - -]
Aug 13, 2025 3:14:04 PM de.learnlib.logging.LearnLogger logQuery
INFO: DISABLED [ε | id_request_v0 challenge_v0 success_request_with_credentials tlv_request eap_success 4_way_message_1 tlv_failure eap_success /  id_response_v0 challenge_response_v0 success_response_v0 tlv_success after_eap_success 4_way_message_2 - -]
Aug 13, 2025 3:14:04 PM de.learnlib.logging.LearnLogger logQuery
INFO: DISABLED [ε | id_request_v0 challenge_v0 success_request_with_credentials tlv_request eap_success 4_way_message_1 tlv_failure cryptobinding /  id_response_v0 challenge_response_v0 success_response_v0 tlv_success after_eap_success 4_way_message_2 - -]
Aug 13, 2025 3:14:04 PM de.learnlib.logging.LearnLogger logQuery
INFO: DISABLED [ε | id_request_v0 challenge_v0 success_request_with_credentials tlv_request eap_success 4_way_message_1 tlv_failure success_and_cryptobinding /  id_response_v0 challenge_response_v0 success_response_v0 tlv_success after_eap_success 4_way_message_2 - -]
Aug 13, 2025 3:14:04 PM de.learnlib.logging.LearnLogger logQuery
INFO: DISABLED [ε | id_request_v0 challenge_v0 success_request_with_credentials tlv_request eap_success 4_way_message_1 tlv_failure success_request_with_credentials /  id_response_v0 challenge_response_v0 success_response_v0 tlv_success after_eap_success 4_way_message_2 - -]
Aug 13, 2025 3:14:04 PM de.learnlib.logging.LearnLogger logQuery
INFO: DISABLED [ε | id_request_v0 challenge_v0 success_request_with_credentials tlv_request eap_success 4_way_message_1 tlv_failure success_request_all_zeros /  id_response_v0 challenge_response_v0 success_response_v0 tlv_success after_eap_success 4_way_message_2 - -]
Aug 13, 2025 3:14:04 PM de.learnlib.logging.LearnLogger logQuery
INFO: DISABLED [ε | id_request_v0 challenge_v0 success_request_with_credentials tlv_request eap_success 4_way_message_1 tlv_failure tlv_failure /  id_response_v0 challenge_response_v0 success_response_v0 tlv_success after_eap_success 4_way_message_2 - -]
Aug 13, 2025 3:14:04 PM de.learnlib.logging.LearnLogger logQuery
INFO: DISABLED [ε | id_request_v0 challenge_v0 success_request_with_credentials tlv_request eap_success 4_way_message_1 tlv_failure tlv_request /  id_response_v0 challenge_response_v0 success_response_v0 tlv_success after_eap_success 4_way_message_2 - -]
Aug 13, 2025 3:14:04 PM de.learnlib.logging.LearnLogger logQuery
INFO: DISABLED [ε | id_request_v0 challenge_v0 success_request_with_credentials tlv_request eap_success 4_way_message_1 tlv_failure challenge_v0 /  id_response_v0 challenge_response_v0 success_response_v0 tlv_success after_eap_success 4_way_message_2 - -]
Aug 13, 2025 3:14:04 PM de.learnlib.logging.LearnLogger logQuery
INFO: DISABLED [ε | id_request_v0 challenge_v0 success_request_with_credentials tlv_request eap_success 4_way_message_1 tlv_failure id_request_v0 /  id_response_v0 challenge_response_v0 success_response_v0 tlv_success after_eap_success 4_way_message_2 - -]
Aug 13, 2025 3:14:04 PM de.learnlib.logging.LearnLogger logQuery
INFO: DISABLED [ε | id_request_v0 challenge_v0 success_request_with_credentials tlv_request eap_success 4_way_message_1 tlv_request 4_way_message_1 /  id_response_v0 challenge_response_v0 success_response_v0 tlv_success after_eap_success 4_way_message_2 - -]
Aug 13, 2025 3:14:04 PM de.learnlib.logging.LearnLogger logQuery
INFO: DISABLED [ε | id_request_v0 challenge_v0 success_request_with_credentials tlv_request eap_success 4_way_message_1 tlv_request eap_success /  id_response_v0 challenge_response_v0 success_response_v0 tlv_success after_eap_success 4_way_message_2 - -]
Aug 13, 2025 3:14:04 PM de.learnlib.logging.LearnLogger logQuery
INFO: DISABLED [ε | id_request_v0 challenge_v0 success_request_with_credentials tlv_request eap_success 4_way_message_1 tlv_request cryptobinding /  id_response_v0 challenge_response_v0 success_response_v0 tlv_success after_eap_success 4_way_message_2 - -]
Aug 13, 2025 3:14:04 PM de.learnlib.logging.LearnLogger logQuery
INFO: DISABLED [ε | id_request_v0 challenge_v0 success_request_with_credentials tlv_request eap_success 4_way_message_1 tlv_request success_and_cryptobinding /  id_response_v0 challenge_response_v0 success_response_v0 tlv_success after_eap_success 4_way_message_2 - -]
Aug 13, 2025 3:14:04 PM de.learnlib.logging.LearnLogger logQuery
INFO: DISABLED [ε | id_request_v0 challenge_v0 success_request_with_credentials tlv_request eap_success 4_way_message_1 tlv_request success_request_with_credentials /  id_response_v0 challenge_response_v0 success_response_v0 tlv_success after_eap_success 4_way_message_2 - -]
Aug 13, 2025 3:14:04 PM de.learnlib.logging.LearnLogger logQuery
INFO: DISABLED [ε | id_request_v0 challenge_v0 success_request_with_credentials tlv_request eap_success 4_way_message_1 tlv_request success_request_all_zeros /  id_response_v0 challenge_response_v0 success_response_v0 tlv_success after_eap_success 4_way_message_2 - -]
Aug 13, 2025 3:14:04 PM de.learnlib.logging.LearnLogger logQuery
INFO: DISABLED [ε | id_request_v0 challenge_v0 success_request_with_credentials tlv_request eap_success 4_way_message_1 tlv_request tlv_failure /  id_response_v0 challenge_response_v0 success_response_v0 tlv_success after_eap_success 4_way_message_2 - -]
Aug 13, 2025 3:14:04 PM de.learnlib.logging.LearnLogger logQuery
INFO: DISABLED [ε | id_request_v0 challenge_v0 success_request_with_credentials tlv_request eap_success 4_way_message_1 tlv_request tlv_request /  id_response_v0 challenge_response_v0 success_response_v0 tlv_success after_eap_success 4_way_message_2 - -]
Aug 13, 2025 3:14:04 PM de.learnlib.logging.LearnLogger logQuery
INFO: DISABLED [ε | id_request_v0 challenge_v0 success_request_with_credentials tlv_request eap_success 4_way_message_1 tlv_request challenge_v0 /  id_response_v0 challenge_response_v0 success_response_v0 tlv_success after_eap_success 4_way_message_2 - -]
Aug 13, 2025 3:14:04 PM de.learnlib.logging.LearnLogger logQuery
INFO: DISABLED [ε | id_request_v0 challenge_v0 success_request_with_credentials tlv_request eap_success 4_way_message_1 tlv_request id_request_v0 /  id_response_v0 challenge_response_v0 success_response_v0 tlv_success after_eap_success 4_way_message_2 - -]
Aug 13, 2025 3:14:04 PM de.learnlib.logging.LearnLogger logQuery
INFO: DISABLED [ε | id_request_v0 challenge_v0 success_request_with_credentials tlv_request eap_success 4_way_message_1 challenge_v0 4_way_message_1 /  id_response_v0 challenge_response_v0 success_response_v0 tlv_success after_eap_success 4_way_message_2 - -]
Aug 13, 2025 3:14:04 PM de.learnlib.logging.LearnLogger logQuery
INFO: DISABLED [ε | id_request_v0 challenge_v0 success_request_with_credentials tlv_request eap_success 4_way_message_1 challenge_v0 eap_success /  id_response_v0 challenge_response_v0 success_response_v0 tlv_success after_eap_success 4_way_message_2 - -]
Aug 13, 2025 3:14:04 PM de.learnlib.logging.LearnLogger logQuery
INFO: DISABLED [ε | id_request_v0 challenge_v0 success_request_with_credentials tlv_request eap_success 4_way_message_1 challenge_v0 cryptobinding /  id_response_v0 challenge_response_v0 success_response_v0 tlv_success after_eap_success 4_way_message_2 - -]
Aug 13, 2025 3:14:04 PM de.learnlib.logging.LearnLogger logQuery
INFO: DISABLED [ε | id_request_v0 challenge_v0 success_request_with_credentials tlv_request eap_success 4_way_message_1 challenge_v0 success_and_cryptobinding /  id_response_v0 challenge_response_v0 success_response_v0 tlv_success after_eap_success 4_way_message_2 - -]
Aug 13, 2025 3:14:04 PM de.learnlib.logging.LearnLogger logQuery
INFO: DISABLED [ε | id_request_v0 challenge_v0 success_request_with_credentials tlv_request eap_success 4_way_message_1 challenge_v0 success_request_with_credentials /  id_response_v0 challenge_response_v0 success_response_v0 tlv_success after_eap_success 4_way_message_2 - -]
Aug 13, 2025 3:14:04 PM de.learnlib.logging.LearnLogger logQuery
INFO: DISABLED [ε | id_request_v0 challenge_v0 success_request_with_credentials tlv_request eap_success 4_way_message_1 challenge_v0 success_request_all_zeros /  id_response_v0 challenge_response_v0 success_response_v0 tlv_success after_eap_success 4_way_message_2 - -]
Aug 13, 2025 3:14:04 PM de.learnlib.logging.LearnLogger logQuery
INFO: DISABLED [ε | id_request_v0 challenge_v0 success_request_with_credentials tlv_request eap_success 4_way_message_1 challenge_v0 tlv_failure /  id_response_v0 challenge_response_v0 success_response_v0 tlv_success after_eap_success 4_way_message_2 - -]
Aug 13, 2025 3:14:04 PM de.learnlib.logging.LearnLogger logQuery
INFO: DISABLED [ε | id_request_v0 challenge_v0 success_request_with_credentials tlv_request eap_success 4_way_message_1 challenge_v0 tlv_request /  id_response_v0 challenge_response_v0 success_response_v0 tlv_success after_eap_success 4_way_message_2 - -]
Aug 13, 2025 3:14:04 PM de.learnlib.logging.LearnLogger logQuery
INFO: DISABLED [ε | id_request_v0 challenge_v0 success_request_with_credentials tlv_request eap_success 4_way_message_1 challenge_v0 challenge_v0 /  id_response_v0 challenge_response_v0 success_response_v0 tlv_success after_eap_success 4_way_message_2 - -]
Aug 13, 2025 3:14:04 PM de.learnlib.logging.LearnLogger logQuery
INFO: DISABLED [ε | id_request_v0 challenge_v0 success_request_with_credentials tlv_request eap_success 4_way_message_1 challenge_v0 id_request_v0 /  id_response_v0 challenge_response_v0 success_response_v0 tlv_success after_eap_success 4_way_message_2 - -]
Aug 13, 2025 3:14:04 PM de.learnlib.logging.LearnLogger logQuery
INFO: DISABLED [ε | id_request_v0 challenge_v0 success_request_with_credentials tlv_request eap_success 4_way_message_1 id_request_v0 4_way_message_1 /  id_response_v0 challenge_response_v0 success_response_v0 tlv_success after_eap_success 4_way_message_2 - -]
Aug 13, 2025 3:14:04 PM de.learnlib.logging.LearnLogger logQuery
INFO: DISABLED [ε | id_request_v0 challenge_v0 success_request_with_credentials tlv_request eap_success 4_way_message_1 id_request_v0 eap_success /  id_response_v0 challenge_response_v0 success_response_v0 tlv_success after_eap_success 4_way_message_2 - -]
Aug 13, 2025 3:14:04 PM de.learnlib.logging.LearnLogger logQuery
INFO: DISABLED [ε | id_request_v0 challenge_v0 success_request_with_credentials tlv_request eap_success 4_way_message_1 id_request_v0 cryptobinding /  id_response_v0 challenge_response_v0 success_response_v0 tlv_success after_eap_success 4_way_message_2 - -]
Aug 13, 2025 3:14:04 PM de.learnlib.logging.LearnLogger logQuery
INFO: DISABLED [ε | id_request_v0 challenge_v0 success_request_with_credentials tlv_request eap_success 4_way_message_1 id_request_v0 success_and_cryptobinding /  id_response_v0 challenge_response_v0 success_response_v0 tlv_success after_eap_success 4_way_message_2 - -]
Aug 13, 2025 3:14:04 PM de.learnlib.logging.LearnLogger logQuery
INFO: DISABLED [ε | id_request_v0 challenge_v0 success_request_with_credentials tlv_request eap_success 4_way_message_1 id_request_v0 success_request_with_credentials /  id_response_v0 challenge_response_v0 success_response_v0 tlv_success after_eap_success 4_way_message_2 - -]
Aug 13, 2025 3:14:04 PM de.learnlib.logging.LearnLogger logQuery
INFO: DISABLED [ε | id_request_v0 challenge_v0 success_request_with_credentials tlv_request eap_success 4_way_message_1 id_request_v0 success_request_all_zeros /  id_response_v0 challenge_response_v0 success_response_v0 tlv_success after_eap_success 4_way_message_2 - -]
Aug 13, 2025 3:14:04 PM de.learnlib.logging.LearnLogger logQuery
INFO: DISABLED [ε | id_request_v0 challenge_v0 success_request_with_credentials tlv_request eap_success 4_way_message_1 id_request_v0 tlv_failure /  id_response_v0 challenge_response_v0 success_response_v0 tlv_success after_eap_success 4_way_message_2 - -]
Aug 13, 2025 3:14:04 PM de.learnlib.logging.LearnLogger logQuery
INFO: DISABLED [ε | id_request_v0 challenge_v0 success_request_with_credentials tlv_request eap_success 4_way_message_1 id_request_v0 tlv_request /  id_response_v0 challenge_response_v0 success_response_v0 tlv_success after_eap_success 4_way_message_2 - -]
Aug 13, 2025 3:14:04 PM de.learnlib.logging.LearnLogger logQuery
INFO: DISABLED [ε | id_request_v0 challenge_v0 success_request_with_credentials tlv_request eap_success 4_way_message_1 id_request_v0 challenge_v0 /  id_response_v0 challenge_response_v0 success_response_v0 tlv_success after_eap_success 4_way_message_2 - -]
Aug 13, 2025 3:14:04 PM de.learnlib.logging.LearnLogger logQuery
INFO: DISABLED [ε | id_request_v0 challenge_v0 success_request_with_credentials tlv_request eap_success 4_way_message_1 id_request_v0 id_request_v0 /  id_response_v0 challenge_response_v0 success_response_v0 tlv_success after_eap_success 4_way_message_2 - -]
Aug 13, 2025 3:14:06 PM de.learnlib.logging.LearnLogger logQuery
INFO: [ε | id_request_v0 challenge_v0 success_request_with_credentials tlv_request eap_success eap_success 4_way_message_1 / ε | id_response_v0 challenge_response_v0 success_response_v0 tlv_success after_eap_success after_eap_success 4_way_message_2]
Aug 13, 2025 3:14:09 PM de.learnlib.logging.LearnLogger logQuery
INFO: [ε | id_request_v0 challenge_v0 success_request_with_credentials tlv_request eap_success eap_success eap_success / ε | id_response_v0 challenge_response_v0 success_response_v0 tlv_success after_eap_success after_eap_success after_eap_success]
Aug 13, 2025 3:14:12 PM de.learnlib.logging.LearnLogger logQuery
INFO: [ε | id_request_v0 challenge_v0 success_request_with_credentials tlv_request eap_success eap_success cryptobinding / ε | id_response_v0 challenge_response_v0 success_response_v0 tlv_success after_eap_success after_eap_success no_reply]
Aug 13, 2025 3:14:16 PM de.learnlib.logging.LearnLogger logQuery
INFO: [ε | id_request_v0 challenge_v0 success_request_with_credentials tlv_request eap_success eap_success success_and_cryptobinding / ε | id_response_v0 challenge_response_v0 success_response_v0 tlv_success after_eap_success after_eap_success no_reply]
Aug 13, 2025 3:14:19 PM de.learnlib.logging.LearnLogger logQuery
INFO: [ε | id_request_v0 challenge_v0 success_request_with_credentials tlv_request eap_success eap_success success_request_with_credentials / ε | id_response_v0 challenge_response_v0 success_response_v0 tlv_success after_eap_success after_eap_success no_reply]
Aug 13, 2025 3:14:22 PM de.learnlib.logging.LearnLogger logQuery
INFO: [ε | id_request_v0 challenge_v0 success_request_with_credentials tlv_request eap_success eap_success success_request_all_zeros / ε | id_response_v0 challenge_response_v0 success_response_v0 tlv_success after_eap_success after_eap_success no_reply]
Aug 13, 2025 3:14:25 PM de.learnlib.logging.LearnLogger logQuery
INFO: [ε | id_request_v0 challenge_v0 success_request_with_credentials tlv_request eap_success eap_success tlv_failure / ε | id_response_v0 challenge_response_v0 success_response_v0 tlv_success after_eap_success after_eap_success no_reply]
Aug 13, 2025 3:14:26 PM de.learnlib.logging.LearnLogger logQuery
INFO: DB CACHE [ε | id_request_v0 challenge_v0 success_request_with_credentials tlv_request eap_success eap_success tlv_request /  id_response_v0 challenge_response_v0 success_response_v0 tlv_success after_eap_success after_eap_success no_reply]
Aug 13, 2025 3:14:26 PM de.learnlib.logging.LearnLogger logQuery
INFO: DB CACHE [ε | id_request_v0 challenge_v0 success_request_with_credentials tlv_request eap_success eap_success challenge_v0 /  id_response_v0 challenge_response_v0 success_response_v0 tlv_success after_eap_success after_eap_success no_reply]
Aug 13, 2025 3:14:26 PM de.learnlib.logging.LearnLogger logQuery
INFO: DB CACHE [ε | id_request_v0 challenge_v0 success_request_with_credentials tlv_request eap_success eap_success id_request_v0 /  id_response_v0 challenge_response_v0 success_response_v0 tlv_success after_eap_success after_eap_success no_reply]
Aug 13, 2025 3:14:26 PM de.learnlib.logging.LearnLogger logQuery
INFO: DB CACHE [ε | id_request_v0 challenge_v0 success_request_with_credentials tlv_request eap_success cryptobinding 4_way_message_1 /  id_response_v0 challenge_response_v0 success_response_v0 tlv_success after_eap_success no_reply -]
Aug 13, 2025 3:14:26 PM de.learnlib.logging.LearnLogger logQuery
INFO: DB CACHE [ε | id_request_v0 challenge_v0 success_request_with_credentials tlv_request eap_success cryptobinding eap_success /  id_response_v0 challenge_response_v0 success_response_v0 tlv_success after_eap_success no_reply -]
Aug 13, 2025 3:14:26 PM de.learnlib.logging.LearnLogger logQuery
INFO: DB CACHE [ε | id_request_v0 challenge_v0 success_request_with_credentials tlv_request eap_success cryptobinding cryptobinding /  id_response_v0 challenge_response_v0 success_response_v0 tlv_success after_eap_success no_reply -]
Aug 13, 2025 3:14:26 PM de.learnlib.logging.LearnLogger logQuery
INFO: DB CACHE [ε | id_request_v0 challenge_v0 success_request_with_credentials tlv_request eap_success cryptobinding success_and_cryptobinding /  id_response_v0 challenge_response_v0 success_response_v0 tlv_success after_eap_success no_reply -]
Aug 13, 2025 3:14:26 PM de.learnlib.logging.LearnLogger logQuery
INFO: DB CACHE [ε | id_request_v0 challenge_v0 success_request_with_credentials tlv_request eap_success cryptobinding success_request_with_credentials /  id_response_v0 challenge_response_v0 success_response_v0 tlv_success after_eap_success no_reply -]
Aug 13, 2025 3:14:26 PM de.learnlib.logging.LearnLogger logQuery
INFO: DB CACHE [ε | id_request_v0 challenge_v0 success_request_with_credentials tlv_request eap_success cryptobinding success_request_all_zeros /  id_response_v0 challenge_response_v0 success_response_v0 tlv_success after_eap_success no_reply -]
Aug 13, 2025 3:14:26 PM de.learnlib.logging.LearnLogger logQuery
INFO: DB CACHE [ε | id_request_v0 challenge_v0 success_request_with_credentials tlv_request eap_success cryptobinding tlv_failure /  id_response_v0 challenge_response_v0 success_response_v0 tlv_success after_eap_success no_reply -]
Aug 13, 2025 3:14:26 PM de.learnlib.logging.LearnLogger logQuery
INFO: DB CACHE [ε | id_request_v0 challenge_v0 success_request_with_credentials tlv_request eap_success cryptobinding tlv_request /  id_response_v0 challenge_response_v0 success_response_v0 tlv_success after_eap_success no_reply -]
Aug 13, 2025 3:14:26 PM de.learnlib.logging.LearnLogger logQuery
INFO: DB CACHE [ε | id_request_v0 challenge_v0 success_request_with_credentials tlv_request eap_success cryptobinding challenge_v0 /  id_response_v0 challenge_response_v0 success_response_v0 tlv_success after_eap_success no_reply -]
Aug 13, 2025 3:14:26 PM de.learnlib.logging.LearnLogger logQuery
INFO: DB CACHE [ε | id_request_v0 challenge_v0 success_request_with_credentials tlv_request eap_success cryptobinding id_request_v0 /  id_response_v0 challenge_response_v0 success_response_v0 tlv_success after_eap_success no_reply -]
Aug 13, 2025 3:14:26 PM de.learnlib.logging.LearnLogger logQuery
INFO: DB CACHE [ε | id_request_v0 challenge_v0 success_request_with_credentials tlv_request eap_success success_and_cryptobinding 4_way_message_1 /  id_response_v0 challenge_response_v0 success_response_v0 tlv_success after_eap_success no_reply -]
Aug 13, 2025 3:14:26 PM de.learnlib.logging.LearnLogger logQuery
INFO: DB CACHE [ε | id_request_v0 challenge_v0 success_request_with_credentials tlv_request eap_success success_and_cryptobinding eap_success /  id_response_v0 challenge_response_v0 success_response_v0 tlv_success after_eap_success no_reply -]
Aug 13, 2025 3:14:26 PM de.learnlib.logging.LearnLogger logQuery
INFO: DB CACHE [ε | id_request_v0 challenge_v0 success_request_with_credentials tlv_request eap_success success_and_cryptobinding cryptobinding /  id_response_v0 challenge_response_v0 success_response_v0 tlv_success after_eap_success no_reply -]
Aug 13, 2025 3:14:26 PM de.learnlib.logging.LearnLogger logQuery
INFO: DB CACHE [ε | id_request_v0 challenge_v0 success_request_with_credentials tlv_request eap_success success_and_cryptobinding success_and_cryptobinding /  id_response_v0 challenge_response_v0 success_response_v0 tlv_success after_eap_success no_reply -]
Aug 13, 2025 3:14:26 PM de.learnlib.logging.LearnLogger logQuery
INFO: DB CACHE [ε | id_request_v0 challenge_v0 success_request_with_credentials tlv_request eap_success success_and_cryptobinding success_request_with_credentials /  id_response_v0 challenge_response_v0 success_response_v0 tlv_success after_eap_success no_reply -]
Aug 13, 2025 3:14:26 PM de.learnlib.logging.LearnLogger logQuery
INFO: DB CACHE [ε | id_request_v0 challenge_v0 success_request_with_credentials tlv_request eap_success success_and_cryptobinding success_request_all_zeros /  id_response_v0 challenge_response_v0 success_response_v0 tlv_success after_eap_success no_reply -]
Aug 13, 2025 3:14:26 PM de.learnlib.logging.LearnLogger logQuery
INFO: DB CACHE [ε | id_request_v0 challenge_v0 success_request_with_credentials tlv_request eap_success success_and_cryptobinding tlv_failure /  id_response_v0 challenge_response_v0 success_response_v0 tlv_success after_eap_success no_reply -]
Aug 13, 2025 3:14:26 PM de.learnlib.logging.LearnLogger logQuery
INFO: DB CACHE [ε | id_request_v0 challenge_v0 success_request_with_credentials tlv_request eap_success success_and_cryptobinding tlv_request /  id_response_v0 challenge_response_v0 success_response_v0 tlv_success after_eap_success no_reply -]
Aug 13, 2025 3:14:26 PM de.learnlib.logging.LearnLogger logQuery
INFO: DB CACHE [ε | id_request_v0 challenge_v0 success_request_with_credentials tlv_request eap_success success_and_cryptobinding challenge_v0 /  id_response_v0 challenge_response_v0 success_response_v0 tlv_success after_eap_success no_reply -]
Aug 13, 2025 3:14:26 PM de.learnlib.logging.LearnLogger logQuery
INFO: DB CACHE [ε | id_request_v0 challenge_v0 success_request_with_credentials tlv_request eap_success success_and_cryptobinding id_request_v0 /  id_response_v0 challenge_response_v0 success_response_v0 tlv_success after_eap_success no_reply -]
Aug 13, 2025 3:14:26 PM de.learnlib.logging.LearnLogger logQuery
INFO: DB CACHE [ε | id_request_v0 challenge_v0 success_request_with_credentials tlv_request eap_success success_request_with_credentials 4_way_message_1 /  id_response_v0 challenge_response_v0 success_response_v0 tlv_success after_eap_success no_reply -]
Aug 13, 2025 3:14:26 PM de.learnlib.logging.LearnLogger logQuery
INFO: DB CACHE [ε | id_request_v0 challenge_v0 success_request_with_credentials tlv_request eap_success success_request_with_credentials eap_success /  id_response_v0 challenge_response_v0 success_response_v0 tlv_success after_eap_success no_reply -]
Aug 13, 2025 3:14:26 PM de.learnlib.logging.LearnLogger logQuery
INFO: DB CACHE [ε | id_request_v0 challenge_v0 success_request_with_credentials tlv_request eap_success success_request_with_credentials cryptobinding /  id_response_v0 challenge_response_v0 success_response_v0 tlv_success after_eap_success no_reply -]
Aug 13, 2025 3:14:26 PM de.learnlib.logging.LearnLogger logQuery
INFO: DB CACHE [ε | id_request_v0 challenge_v0 success_request_with_credentials tlv_request eap_success success_request_with_credentials success_and_cryptobinding /  id_response_v0 challenge_response_v0 success_response_v0 tlv_success after_eap_success no_reply -]
Aug 13, 2025 3:14:26 PM de.learnlib.logging.LearnLogger logQuery
INFO: DB CACHE [ε | id_request_v0 challenge_v0 success_request_with_credentials tlv_request eap_success success_request_with_credentials success_request_with_credentials /  id_response_v0 challenge_response_v0 success_response_v0 tlv_success after_eap_success no_reply -]
Aug 13, 2025 3:14:26 PM de.learnlib.logging.LearnLogger logQuery
INFO: DB CACHE [ε | id_request_v0 challenge_v0 success_request_with_credentials tlv_request eap_success success_request_with_credentials success_request_all_zeros /  id_response_v0 challenge_response_v0 success_response_v0 tlv_success after_eap_success no_reply -]
Aug 13, 2025 3:14:26 PM de.learnlib.logging.LearnLogger logQuery
INFO: DB CACHE [ε | id_request_v0 challenge_v0 success_request_with_credentials tlv_request eap_success success_request_with_credentials tlv_failure /  id_response_v0 challenge_response_v0 success_response_v0 tlv_success after_eap_success no_reply -]
Aug 13, 2025 3:14:26 PM de.learnlib.logging.LearnLogger logQuery
INFO: DB CACHE [ε | id_request_v0 challenge_v0 success_request_with_credentials tlv_request eap_success success_request_with_credentials tlv_request /  id_response_v0 challenge_response_v0 success_response_v0 tlv_success after_eap_success no_reply -]
Aug 13, 2025 3:14:26 PM de.learnlib.logging.LearnLogger logQuery
INFO: DB CACHE [ε | id_request_v0 challenge_v0 success_request_with_credentials tlv_request eap_success success_request_with_credentials challenge_v0 /  id_response_v0 challenge_response_v0 success_response_v0 tlv_success after_eap_success no_reply -]
Aug 13, 2025 3:14:26 PM de.learnlib.logging.LearnLogger logQuery
INFO: DB CACHE [ε | id_request_v0 challenge_v0 success_request_with_credentials tlv_request eap_success success_request_with_credentials id_request_v0 /  id_response_v0 challenge_response_v0 success_response_v0 tlv_success after_eap_success no_reply -]
Aug 13, 2025 3:14:26 PM de.learnlib.logging.LearnLogger logQuery
INFO: DB CACHE [ε | id_request_v0 challenge_v0 success_request_with_credentials tlv_request eap_success success_request_all_zeros 4_way_message_1 /  id_response_v0 challenge_response_v0 success_response_v0 tlv_success after_eap_success no_reply -]
Aug 13, 2025 3:14:26 PM de.learnlib.logging.LearnLogger logQuery
INFO: DB CACHE [ε | id_request_v0 challenge_v0 success_request_with_credentials tlv_request eap_success success_request_all_zeros eap_success /  id_response_v0 challenge_response_v0 success_response_v0 tlv_success after_eap_success no_reply -]
Aug 13, 2025 3:14:26 PM de.learnlib.logging.LearnLogger logQuery
INFO: DB CACHE [ε | id_request_v0 challenge_v0 success_request_with_credentials tlv_request eap_success success_request_all_zeros cryptobinding /  id_response_v0 challenge_response_v0 success_response_v0 tlv_success after_eap_success no_reply -]
Aug 13, 2025 3:14:26 PM de.learnlib.logging.LearnLogger logQuery
INFO: DB CACHE [ε | id_request_v0 challenge_v0 success_request_with_credentials tlv_request eap_success success_request_all_zeros success_and_cryptobinding /  id_response_v0 challenge_response_v0 success_response_v0 tlv_success after_eap_success no_reply -]
Aug 13, 2025 3:14:26 PM de.learnlib.logging.LearnLogger logQuery
INFO: DB CACHE [ε | id_request_v0 challenge_v0 success_request_with_credentials tlv_request eap_success success_request_all_zeros success_request_with_credentials /  id_response_v0 challenge_response_v0 success_response_v0 tlv_success after_eap_success no_reply -]
Aug 13, 2025 3:14:26 PM de.learnlib.logging.LearnLogger logQuery
INFO: DB CACHE [ε | id_request_v0 challenge_v0 success_request_with_credentials tlv_request eap_success success_request_all_zeros success_request_all_zeros /  id_response_v0 challenge_response_v0 success_response_v0 tlv_success after_eap_success no_reply -]
Aug 13, 2025 3:14:26 PM de.learnlib.logging.LearnLogger logQuery
INFO: DB CACHE [ε | id_request_v0 challenge_v0 success_request_with_credentials tlv_request eap_success success_request_all_zeros tlv_failure /  id_response_v0 challenge_response_v0 success_response_v0 tlv_success after_eap_success no_reply -]
Aug 13, 2025 3:14:26 PM de.learnlib.logging.LearnLogger logQuery
INFO: DB CACHE [ε | id_request_v0 challenge_v0 success_request_with_credentials tlv_request eap_success success_request_all_zeros tlv_request /  id_response_v0 challenge_response_v0 success_response_v0 tlv_success after_eap_success no_reply -]
Aug 13, 2025 3:14:26 PM de.learnlib.logging.LearnLogger logQuery
INFO: DB CACHE [ε | id_request_v0 challenge_v0 success_request_with_credentials tlv_request eap_success success_request_all_zeros challenge_v0 /  id_response_v0 challenge_response_v0 success_response_v0 tlv_success after_eap_success no_reply -]
Aug 13, 2025 3:14:26 PM de.learnlib.logging.LearnLogger logQuery
INFO: DB CACHE [ε | id_request_v0 challenge_v0 success_request_with_credentials tlv_request eap_success success_request_all_zeros id_request_v0 /  id_response_v0 challenge_response_v0 success_response_v0 tlv_success after_eap_success no_reply -]
Aug 13, 2025 3:14:26 PM de.learnlib.logging.LearnLogger logQuery
INFO: DB CACHE [ε | id_request_v0 challenge_v0 success_request_with_credentials tlv_request eap_success tlv_failure 4_way_message_1 /  id_response_v0 challenge_response_v0 success_response_v0 tlv_success after_eap_success no_reply -]
Aug 13, 2025 3:14:26 PM de.learnlib.logging.LearnLogger logQuery
INFO: DB CACHE [ε | id_request_v0 challenge_v0 success_request_with_credentials tlv_request eap_success tlv_failure eap_success /  id_response_v0 challenge_response_v0 success_response_v0 tlv_success after_eap_success no_reply -]
Aug 13, 2025 3:14:26 PM de.learnlib.logging.LearnLogger logQuery
INFO: DB CACHE [ε | id_request_v0 challenge_v0 success_request_with_credentials tlv_request eap_success tlv_failure cryptobinding /  id_response_v0 challenge_response_v0 success_response_v0 tlv_success after_eap_success no_reply -]
Aug 13, 2025 3:14:26 PM de.learnlib.logging.LearnLogger logQuery
INFO: DB CACHE [ε | id_request_v0 challenge_v0 success_request_with_credentials tlv_request eap_success tlv_failure success_and_cryptobinding /  id_response_v0 challenge_response_v0 success_response_v0 tlv_success after_eap_success no_reply -]
Aug 13, 2025 3:14:26 PM de.learnlib.logging.LearnLogger logQuery
INFO: DB CACHE [ε | id_request_v0 challenge_v0 success_request_with_credentials tlv_request eap_success tlv_failure success_request_with_credentials /  id_response_v0 challenge_response_v0 success_response_v0 tlv_success after_eap_success no_reply -]
Aug 13, 2025 3:14:26 PM de.learnlib.logging.LearnLogger logQuery
INFO: DB CACHE [ε | id_request_v0 challenge_v0 success_request_with_credentials tlv_request eap_success tlv_failure success_request_all_zeros /  id_response_v0 challenge_response_v0 success_response_v0 tlv_success after_eap_success no_reply -]
Aug 13, 2025 3:14:26 PM de.learnlib.logging.LearnLogger logQuery
INFO: DB CACHE [ε | id_request_v0 challenge_v0 success_request_with_credentials tlv_request eap_success tlv_failure tlv_failure /  id_response_v0 challenge_response_v0 success_response_v0 tlv_success after_eap_success no_reply -]
Aug 13, 2025 3:14:26 PM de.learnlib.logging.LearnLogger logQuery
INFO: DB CACHE [ε | id_request_v0 challenge_v0 success_request_with_credentials tlv_request eap_success tlv_failure tlv_request /  id_response_v0 challenge_response_v0 success_response_v0 tlv_success after_eap_success no_reply -]
Aug 13, 2025 3:14:26 PM de.learnlib.logging.LearnLogger logQuery
INFO: DB CACHE [ε | id_request_v0 challenge_v0 success_request_with_credentials tlv_request eap_success tlv_failure challenge_v0 /  id_response_v0 challenge_response_v0 success_response_v0 tlv_success after_eap_success no_reply -]
Aug 13, 2025 3:14:26 PM de.learnlib.logging.LearnLogger logQuery
INFO: DB CACHE [ε | id_request_v0 challenge_v0 success_request_with_credentials tlv_request eap_success tlv_failure id_request_v0 /  id_response_v0 challenge_response_v0 success_response_v0 tlv_success after_eap_success no_reply -]
Aug 13, 2025 3:14:26 PM de.learnlib.logging.LearnLogger logQuery
INFO: DB CACHE [ε | id_request_v0 challenge_v0 success_request_with_credentials tlv_request eap_success tlv_request 4_way_message_1 /  id_response_v0 challenge_response_v0 success_response_v0 tlv_success after_eap_success no_reply -]
Aug 13, 2025 3:14:26 PM de.learnlib.logging.LearnLogger logQuery
INFO: DB CACHE [ε | id_request_v0 challenge_v0 success_request_with_credentials tlv_request eap_success tlv_request eap_success /  id_response_v0 challenge_response_v0 success_response_v0 tlv_success after_eap_success no_reply -]
Aug 13, 2025 3:14:26 PM de.learnlib.logging.LearnLogger logQuery
INFO: DB CACHE [ε | id_request_v0 challenge_v0 success_request_with_credentials tlv_request eap_success tlv_request cryptobinding /  id_response_v0 challenge_response_v0 success_response_v0 tlv_success after_eap_success no_reply -]
Aug 13, 2025 3:14:26 PM de.learnlib.logging.LearnLogger logQuery
INFO: DB CACHE [ε | id_request_v0 challenge_v0 success_request_with_credentials tlv_request eap_success tlv_request success_and_cryptobinding /  id_response_v0 challenge_response_v0 success_response_v0 tlv_success after_eap_success no_reply -]
Aug 13, 2025 3:14:26 PM de.learnlib.logging.LearnLogger logQuery
INFO: DB CACHE [ε | id_request_v0 challenge_v0 success_request_with_credentials tlv_request eap_success tlv_request success_request_with_credentials /  id_response_v0 challenge_response_v0 success_response_v0 tlv_success after_eap_success no_reply -]
Aug 13, 2025 3:14:26 PM de.learnlib.logging.LearnLogger logQuery
INFO: DB CACHE [ε | id_request_v0 challenge_v0 success_request_with_credentials tlv_request eap_success tlv_request success_request_all_zeros /  id_response_v0 challenge_response_v0 success_response_v0 tlv_success after_eap_success no_reply -]
Aug 13, 2025 3:14:26 PM de.learnlib.logging.LearnLogger logQuery
INFO: DB CACHE [ε | id_request_v0 challenge_v0 success_request_with_credentials tlv_request eap_success tlv_request tlv_failure /  id_response_v0 challenge_response_v0 success_response_v0 tlv_success after_eap_success no_reply -]
Aug 13, 2025 3:14:26 PM de.learnlib.logging.LearnLogger logQuery
INFO: DB CACHE [ε | id_request_v0 challenge_v0 success_request_with_credentials tlv_request eap_success tlv_request tlv_request /  id_response_v0 challenge_response_v0 success_response_v0 tlv_success after_eap_success no_reply -]
Aug 13, 2025 3:14:26 PM de.learnlib.logging.LearnLogger logQuery
INFO: DB CACHE [ε | id_request_v0 challenge_v0 success_request_with_credentials tlv_request eap_success tlv_request challenge_v0 /  id_response_v0 challenge_response_v0 success_response_v0 tlv_success after_eap_success no_reply -]
Aug 13, 2025 3:14:26 PM de.learnlib.logging.LearnLogger logQuery
INFO: DB CACHE [ε | id_request_v0 challenge_v0 success_request_with_credentials tlv_request eap_success tlv_request id_request_v0 /  id_response_v0 challenge_response_v0 success_response_v0 tlv_success after_eap_success no_reply -]
Aug 13, 2025 3:14:26 PM de.learnlib.logging.LearnLogger logQuery
INFO: DB CACHE [ε | id_request_v0 challenge_v0 success_request_with_credentials tlv_request eap_success challenge_v0 4_way_message_1 /  id_response_v0 challenge_response_v0 success_response_v0 tlv_success after_eap_success no_reply -]
Aug 13, 2025 3:14:26 PM de.learnlib.logging.LearnLogger logQuery
INFO: DB CACHE [ε | id_request_v0 challenge_v0 success_request_with_credentials tlv_request eap_success challenge_v0 eap_success /  id_response_v0 challenge_response_v0 success_response_v0 tlv_success after_eap_success no_reply -]
Aug 13, 2025 3:14:26 PM de.learnlib.logging.LearnLogger logQuery
INFO: DB CACHE [ε | id_request_v0 challenge_v0 success_request_with_credentials tlv_request eap_success challenge_v0 cryptobinding /  id_response_v0 challenge_response_v0 success_response_v0 tlv_success after_eap_success no_reply -]
Aug 13, 2025 3:14:26 PM de.learnlib.logging.LearnLogger logQuery
INFO: DB CACHE [ε | id_request_v0 challenge_v0 success_request_with_credentials tlv_request eap_success challenge_v0 success_and_cryptobinding /  id_response_v0 challenge_response_v0 success_response_v0 tlv_success after_eap_success no_reply -]
Aug 13, 2025 3:14:26 PM de.learnlib.logging.LearnLogger logQuery
INFO: DB CACHE [ε | id_request_v0 challenge_v0 success_request_with_credentials tlv_request eap_success challenge_v0 success_request_with_credentials /  id_response_v0 challenge_response_v0 success_response_v0 tlv_success after_eap_success no_reply -]
Aug 13, 2025 3:14:26 PM de.learnlib.logging.LearnLogger logQuery
INFO: DB CACHE [ε | id_request_v0 challenge_v0 success_request_with_credentials tlv_request eap_success challenge_v0 success_request_all_zeros /  id_response_v0 challenge_response_v0 success_response_v0 tlv_success after_eap_success no_reply -]
Aug 13, 2025 3:14:26 PM de.learnlib.logging.LearnLogger logQuery
INFO: DB CACHE [ε | id_request_v0 challenge_v0 success_request_with_credentials tlv_request eap_success challenge_v0 tlv_failure /  id_response_v0 challenge_response_v0 success_response_v0 tlv_success after_eap_success no_reply -]
Aug 13, 2025 3:14:26 PM de.learnlib.logging.LearnLogger logQuery
INFO: DB CACHE [ε | id_request_v0 challenge_v0 success_request_with_credentials tlv_request eap_success challenge_v0 tlv_request /  id_response_v0 challenge_response_v0 success_response_v0 tlv_success after_eap_success no_reply -]
Aug 13, 2025 3:14:26 PM de.learnlib.logging.LearnLogger logQuery
INFO: DB CACHE [ε | id_request_v0 challenge_v0 success_request_with_credentials tlv_request eap_success challenge_v0 challenge_v0 /  id_response_v0 challenge_response_v0 success_response_v0 tlv_success after_eap_success no_reply -]
Aug 13, 2025 3:14:26 PM de.learnlib.logging.LearnLogger logQuery
INFO: DB CACHE [ε | id_request_v0 challenge_v0 success_request_with_credentials tlv_request eap_success challenge_v0 id_request_v0 /  id_response_v0 challenge_response_v0 success_response_v0 tlv_success after_eap_success no_reply -]
Aug 13, 2025 3:14:26 PM de.learnlib.logging.LearnLogger logQuery
INFO: DB CACHE [ε | id_request_v0 challenge_v0 success_request_with_credentials tlv_request eap_success id_request_v0 4_way_message_1 /  id_response_v0 challenge_response_v0 success_response_v0 tlv_success after_eap_success no_reply -]
Aug 13, 2025 3:14:26 PM de.learnlib.logging.LearnLogger logQuery
INFO: DB CACHE [ε | id_request_v0 challenge_v0 success_request_with_credentials tlv_request eap_success id_request_v0 eap_success /  id_response_v0 challenge_response_v0 success_response_v0 tlv_success after_eap_success no_reply -]
Aug 13, 2025 3:14:26 PM de.learnlib.logging.LearnLogger logQuery
INFO: DB CACHE [ε | id_request_v0 challenge_v0 success_request_with_credentials tlv_request eap_success id_request_v0 cryptobinding /  id_response_v0 challenge_response_v0 success_response_v0 tlv_success after_eap_success no_reply -]
Aug 13, 2025 3:14:26 PM de.learnlib.logging.LearnLogger logQuery
INFO: DB CACHE [ε | id_request_v0 challenge_v0 success_request_with_credentials tlv_request eap_success id_request_v0 success_and_cryptobinding /  id_response_v0 challenge_response_v0 success_response_v0 tlv_success after_eap_success no_reply -]
Aug 13, 2025 3:14:26 PM de.learnlib.logging.LearnLogger logQuery
INFO: DB CACHE [ε | id_request_v0 challenge_v0 success_request_with_credentials tlv_request eap_success id_request_v0 success_request_with_credentials /  id_response_v0 challenge_response_v0 success_response_v0 tlv_success after_eap_success no_reply -]
Aug 13, 2025 3:14:26 PM de.learnlib.logging.LearnLogger logQuery
INFO: DB CACHE [ε | id_request_v0 challenge_v0 success_request_with_credentials tlv_request eap_success id_request_v0 success_request_all_zeros /  id_response_v0 challenge_response_v0 success_response_v0 tlv_success after_eap_success no_reply -]
Aug 13, 2025 3:14:26 PM de.learnlib.logging.LearnLogger logQuery
INFO: DB CACHE [ε | id_request_v0 challenge_v0 success_request_with_credentials tlv_request eap_success id_request_v0 tlv_failure /  id_response_v0 challenge_response_v0 success_response_v0 tlv_success after_eap_success no_reply -]
Aug 13, 2025 3:14:26 PM de.learnlib.logging.LearnLogger logQuery
INFO: DB CACHE [ε | id_request_v0 challenge_v0 success_request_with_credentials tlv_request eap_success id_request_v0 tlv_request /  id_response_v0 challenge_response_v0 success_response_v0 tlv_success after_eap_success no_reply -]
Aug 13, 2025 3:14:26 PM de.learnlib.logging.LearnLogger logQuery
INFO: DB CACHE [ε | id_request_v0 challenge_v0 success_request_with_credentials tlv_request eap_success id_request_v0 challenge_v0 /  id_response_v0 challenge_response_v0 success_response_v0 tlv_success after_eap_success no_reply -]
Aug 13, 2025 3:14:26 PM de.learnlib.logging.LearnLogger logQuery
INFO: DB CACHE [ε | id_request_v0 challenge_v0 success_request_with_credentials tlv_request eap_success id_request_v0 id_request_v0 /  id_response_v0 challenge_response_v0 success_response_v0 tlv_success after_eap_success no_reply -]
Aug 13, 2025 3:14:26 PM de.learnlib.logging.LearnLogger logQuery
INFO: DB CACHE [ε | id_request_v0 challenge_v0 success_request_with_credentials tlv_request cryptobinding 4_way_message_1 /  id_response_v0 challenge_response_v0 success_response_v0 tlv_success no_reply -]
Aug 13, 2025 3:14:26 PM de.learnlib.logging.LearnLogger logQuery
INFO: DB CACHE [ε | id_request_v0 challenge_v0 success_request_with_credentials tlv_request cryptobinding eap_success /  id_response_v0 challenge_response_v0 success_response_v0 tlv_success no_reply -]
Aug 13, 2025 3:14:26 PM de.learnlib.logging.LearnLogger logQuery
INFO: DB CACHE [ε | id_request_v0 challenge_v0 success_request_with_credentials tlv_request cryptobinding cryptobinding /  id_response_v0 challenge_response_v0 success_response_v0 tlv_success no_reply -]
Aug 13, 2025 3:14:26 PM de.learnlib.logging.LearnLogger logQuery
INFO: DB CACHE [ε | id_request_v0 challenge_v0 success_request_with_credentials tlv_request cryptobinding success_and_cryptobinding /  id_response_v0 challenge_response_v0 success_response_v0 tlv_success no_reply -]
Aug 13, 2025 3:14:26 PM de.learnlib.logging.LearnLogger logQuery
INFO: DB CACHE [ε | id_request_v0 challenge_v0 success_request_with_credentials tlv_request cryptobinding success_request_with_credentials /  id_response_v0 challenge_response_v0 success_response_v0 tlv_success no_reply -]
Aug 13, 2025 3:14:26 PM de.learnlib.logging.LearnLogger logQuery
INFO: DB CACHE [ε | id_request_v0 challenge_v0 success_request_with_credentials tlv_request cryptobinding success_request_all_zeros /  id_response_v0 challenge_response_v0 success_response_v0 tlv_success no_reply -]
Aug 13, 2025 3:14:26 PM de.learnlib.logging.LearnLogger logQuery
INFO: DB CACHE [ε | id_request_v0 challenge_v0 success_request_with_credentials tlv_request cryptobinding tlv_failure /  id_response_v0 challenge_response_v0 success_response_v0 tlv_success no_reply -]
Aug 13, 2025 3:14:26 PM de.learnlib.logging.LearnLogger logQuery
INFO: DB CACHE [ε | id_request_v0 challenge_v0 success_request_with_credentials tlv_request cryptobinding tlv_request /  id_response_v0 challenge_response_v0 success_response_v0 tlv_success no_reply -]
Aug 13, 2025 3:14:26 PM de.learnlib.logging.LearnLogger logQuery
INFO: DB CACHE [ε | id_request_v0 challenge_v0 success_request_with_credentials tlv_request cryptobinding challenge_v0 /  id_response_v0 challenge_response_v0 success_response_v0 tlv_success no_reply -]
Aug 13, 2025 3:14:26 PM de.learnlib.logging.LearnLogger logQuery
INFO: DB CACHE [ε | id_request_v0 challenge_v0 success_request_with_credentials tlv_request cryptobinding id_request_v0 /  id_response_v0 challenge_response_v0 success_response_v0 tlv_success no_reply -]
Aug 13, 2025 3:14:26 PM de.learnlib.logging.LearnLogger logQuery
INFO: DB CACHE [ε | id_request_v0 challenge_v0 success_request_with_credentials tlv_request success_and_cryptobinding 4_way_message_1 /  id_response_v0 challenge_response_v0 success_response_v0 tlv_success no_reply -]
Aug 13, 2025 3:14:26 PM de.learnlib.logging.LearnLogger logQuery
INFO: DB CACHE [ε | id_request_v0 challenge_v0 success_request_with_credentials tlv_request success_and_cryptobinding eap_success /  id_response_v0 challenge_response_v0 success_response_v0 tlv_success no_reply -]
Aug 13, 2025 3:14:26 PM de.learnlib.logging.LearnLogger logQuery
INFO: DB CACHE [ε | id_request_v0 challenge_v0 success_request_with_credentials tlv_request success_and_cryptobinding cryptobinding /  id_response_v0 challenge_response_v0 success_response_v0 tlv_success no_reply -]
Aug 13, 2025 3:14:26 PM de.learnlib.logging.LearnLogger logQuery
INFO: DB CACHE [ε | id_request_v0 challenge_v0 success_request_with_credentials tlv_request success_and_cryptobinding success_and_cryptobinding /  id_response_v0 challenge_response_v0 success_response_v0 tlv_success no_reply -]
Aug 13, 2025 3:14:26 PM de.learnlib.logging.LearnLogger logQuery
INFO: DB CACHE [ε | id_request_v0 challenge_v0 success_request_with_credentials tlv_request success_and_cryptobinding success_request_with_credentials /  id_response_v0 challenge_response_v0 success_response_v0 tlv_success no_reply -]
Aug 13, 2025 3:14:26 PM de.learnlib.logging.LearnLogger logQuery
INFO: DB CACHE [ε | id_request_v0 challenge_v0 success_request_with_credentials tlv_request success_and_cryptobinding success_request_all_zeros /  id_response_v0 challenge_response_v0 success_response_v0 tlv_success no_reply -]
Aug 13, 2025 3:14:26 PM de.learnlib.logging.LearnLogger logQuery
INFO: DB CACHE [ε | id_request_v0 challenge_v0 success_request_with_credentials tlv_request success_and_cryptobinding tlv_failure /  id_response_v0 challenge_response_v0 success_response_v0 tlv_success no_reply -]
Aug 13, 2025 3:14:26 PM de.learnlib.logging.LearnLogger logQuery
INFO: DB CACHE [ε | id_request_v0 challenge_v0 success_request_with_credentials tlv_request success_and_cryptobinding tlv_request /  id_response_v0 challenge_response_v0 success_response_v0 tlv_success no_reply -]
Aug 13, 2025 3:14:26 PM de.learnlib.logging.LearnLogger logQuery
INFO: DB CACHE [ε | id_request_v0 challenge_v0 success_request_with_credentials tlv_request success_and_cryptobinding challenge_v0 /  id_response_v0 challenge_response_v0 success_response_v0 tlv_success no_reply -]
Aug 13, 2025 3:14:26 PM de.learnlib.logging.LearnLogger logQuery
INFO: DB CACHE [ε | id_request_v0 challenge_v0 success_request_with_credentials tlv_request success_and_cryptobinding id_request_v0 /  id_response_v0 challenge_response_v0 success_response_v0 tlv_success no_reply -]
Aug 13, 2025 3:14:26 PM de.learnlib.logging.LearnLogger logQuery
INFO: DB CACHE [ε | id_request_v0 challenge_v0 success_request_with_credentials tlv_request success_request_with_credentials 4_way_message_1 /  id_response_v0 challenge_response_v0 success_response_v0 tlv_success no_reply -]
Aug 13, 2025 3:14:26 PM de.learnlib.logging.LearnLogger logQuery
INFO: DB CACHE [ε | id_request_v0 challenge_v0 success_request_with_credentials tlv_request success_request_with_credentials eap_success /  id_response_v0 challenge_response_v0 success_response_v0 tlv_success no_reply -]
Aug 13, 2025 3:14:26 PM de.learnlib.logging.LearnLogger logQuery
INFO: DB CACHE [ε | id_request_v0 challenge_v0 success_request_with_credentials tlv_request success_request_with_credentials cryptobinding /  id_response_v0 challenge_response_v0 success_response_v0 tlv_success no_reply -]
Aug 13, 2025 3:14:26 PM de.learnlib.logging.LearnLogger logQuery
INFO: DB CACHE [ε | id_request_v0 challenge_v0 success_request_with_credentials tlv_request success_request_with_credentials success_and_cryptobinding /  id_response_v0 challenge_response_v0 success_response_v0 tlv_success no_reply -]
Aug 13, 2025 3:14:26 PM de.learnlib.logging.LearnLogger logQuery
INFO: DB CACHE [ε | id_request_v0 challenge_v0 success_request_with_credentials tlv_request success_request_with_credentials success_request_with_credentials /  id_response_v0 challenge_response_v0 success_response_v0 tlv_success no_reply -]
Aug 13, 2025 3:14:26 PM de.learnlib.logging.LearnLogger logQuery
INFO: DB CACHE [ε | id_request_v0 challenge_v0 success_request_with_credentials tlv_request success_request_with_credentials success_request_all_zeros /  id_response_v0 challenge_response_v0 success_response_v0 tlv_success no_reply -]
Aug 13, 2025 3:14:26 PM de.learnlib.logging.LearnLogger logQuery
INFO: DB CACHE [ε | id_request_v0 challenge_v0 success_request_with_credentials tlv_request success_request_with_credentials tlv_failure /  id_response_v0 challenge_response_v0 success_response_v0 tlv_success no_reply -]
Aug 13, 2025 3:14:26 PM de.learnlib.logging.LearnLogger logQuery
INFO: DB CACHE [ε | id_request_v0 challenge_v0 success_request_with_credentials tlv_request success_request_with_credentials tlv_request /  id_response_v0 challenge_response_v0 success_response_v0 tlv_success no_reply -]
Aug 13, 2025 3:14:26 PM de.learnlib.logging.LearnLogger logQuery
INFO: DB CACHE [ε | id_request_v0 challenge_v0 success_request_with_credentials tlv_request success_request_with_credentials challenge_v0 /  id_response_v0 challenge_response_v0 success_response_v0 tlv_success no_reply -]
Aug 13, 2025 3:14:26 PM de.learnlib.logging.LearnLogger logQuery
INFO: DB CACHE [ε | id_request_v0 challenge_v0 success_request_with_credentials tlv_request success_request_with_credentials id_request_v0 /  id_response_v0 challenge_response_v0 success_response_v0 tlv_success no_reply -]
Aug 13, 2025 3:14:26 PM de.learnlib.logging.LearnLogger logQuery
INFO: DB CACHE [ε | id_request_v0 challenge_v0 success_request_with_credentials tlv_request success_request_all_zeros 4_way_message_1 /  id_response_v0 challenge_response_v0 success_response_v0 tlv_success no_reply -]
Aug 13, 2025 3:14:26 PM de.learnlib.logging.LearnLogger logQuery
INFO: DB CACHE [ε | id_request_v0 challenge_v0 success_request_with_credentials tlv_request success_request_all_zeros eap_success /  id_response_v0 challenge_response_v0 success_response_v0 tlv_success no_reply -]
Aug 13, 2025 3:14:26 PM de.learnlib.logging.LearnLogger logQuery
INFO: DB CACHE [ε | id_request_v0 challenge_v0 success_request_with_credentials tlv_request success_request_all_zeros cryptobinding /  id_response_v0 challenge_response_v0 success_response_v0 tlv_success no_reply -]
Aug 13, 2025 3:14:26 PM de.learnlib.logging.LearnLogger logQuery
INFO: DB CACHE [ε | id_request_v0 challenge_v0 success_request_with_credentials tlv_request success_request_all_zeros success_and_cryptobinding /  id_response_v0 challenge_response_v0 success_response_v0 tlv_success no_reply -]
Aug 13, 2025 3:14:26 PM de.learnlib.logging.LearnLogger logQuery
INFO: DB CACHE [ε | id_request_v0 challenge_v0 success_request_with_credentials tlv_request success_request_all_zeros success_request_with_credentials /  id_response_v0 challenge_response_v0 success_response_v0 tlv_success no_reply -]
Aug 13, 2025 3:14:26 PM de.learnlib.logging.LearnLogger logQuery
INFO: DB CACHE [ε | id_request_v0 challenge_v0 success_request_with_credentials tlv_request success_request_all_zeros success_request_all_zeros /  id_response_v0 challenge_response_v0 success_response_v0 tlv_success no_reply -]
Aug 13, 2025 3:14:26 PM de.learnlib.logging.LearnLogger logQuery
INFO: DB CACHE [ε | id_request_v0 challenge_v0 success_request_with_credentials tlv_request success_request_all_zeros tlv_failure /  id_response_v0 challenge_response_v0 success_response_v0 tlv_success no_reply -]
Aug 13, 2025 3:14:26 PM de.learnlib.logging.LearnLogger logQuery
INFO: DB CACHE [ε | id_request_v0 challenge_v0 success_request_with_credentials tlv_request success_request_all_zeros tlv_request /  id_response_v0 challenge_response_v0 success_response_v0 tlv_success no_reply -]
Aug 13, 2025 3:14:26 PM de.learnlib.logging.LearnLogger logQuery
INFO: DB CACHE [ε | id_request_v0 challenge_v0 success_request_with_credentials tlv_request success_request_all_zeros challenge_v0 /  id_response_v0 challenge_response_v0 success_response_v0 tlv_success no_reply -]
Aug 13, 2025 3:14:26 PM de.learnlib.logging.LearnLogger logQuery
INFO: DB CACHE [ε | id_request_v0 challenge_v0 success_request_with_credentials tlv_request success_request_all_zeros id_request_v0 /  id_response_v0 challenge_response_v0 success_response_v0 tlv_success no_reply -]
Aug 13, 2025 3:14:26 PM de.learnlib.logging.LearnLogger logQuery
INFO: DB CACHE [ε | id_request_v0 challenge_v0 success_request_with_credentials tlv_request tlv_failure 4_way_message_1 /  id_response_v0 challenge_response_v0 success_response_v0 tlv_success no_reply -]
Aug 13, 2025 3:14:26 PM de.learnlib.logging.LearnLogger logQuery
INFO: DB CACHE [ε | id_request_v0 challenge_v0 success_request_with_credentials tlv_request tlv_failure eap_success /  id_response_v0 challenge_response_v0 success_response_v0 tlv_success no_reply -]
Aug 13, 2025 3:14:26 PM de.learnlib.logging.LearnLogger logQuery
INFO: DB CACHE [ε | id_request_v0 challenge_v0 success_request_with_credentials tlv_request tlv_failure cryptobinding /  id_response_v0 challenge_response_v0 success_response_v0 tlv_success no_reply -]
Aug 13, 2025 3:14:26 PM de.learnlib.logging.LearnLogger logQuery
INFO: DB CACHE [ε | id_request_v0 challenge_v0 success_request_with_credentials tlv_request tlv_failure success_and_cryptobinding /  id_response_v0 challenge_response_v0 success_response_v0 tlv_success no_reply -]
Aug 13, 2025 3:14:26 PM de.learnlib.logging.LearnLogger logQuery
INFO: DB CACHE [ε | id_request_v0 challenge_v0 success_request_with_credentials tlv_request tlv_failure success_request_with_credentials /  id_response_v0 challenge_response_v0 success_response_v0 tlv_success no_reply -]
Aug 13, 2025 3:14:26 PM de.learnlib.logging.LearnLogger logQuery
INFO: DB CACHE [ε | id_request_v0 challenge_v0 success_request_with_credentials tlv_request tlv_failure success_request_all_zeros /  id_response_v0 challenge_response_v0 success_response_v0 tlv_success no_reply -]
Aug 13, 2025 3:14:26 PM de.learnlib.logging.LearnLogger logQuery
INFO: DB CACHE [ε | id_request_v0 challenge_v0 success_request_with_credentials tlv_request tlv_failure tlv_failure /  id_response_v0 challenge_response_v0 success_response_v0 tlv_success no_reply -]
Aug 13, 2025 3:14:26 PM de.learnlib.logging.LearnLogger logQuery
INFO: DB CACHE [ε | id_request_v0 challenge_v0 success_request_with_credentials tlv_request tlv_failure tlv_request /  id_response_v0 challenge_response_v0 success_response_v0 tlv_success no_reply -]
Aug 13, 2025 3:14:26 PM de.learnlib.logging.LearnLogger logQuery
INFO: DB CACHE [ε | id_request_v0 challenge_v0 success_request_with_credentials tlv_request tlv_failure challenge_v0 /  id_response_v0 challenge_response_v0 success_response_v0 tlv_success no_reply -]
Aug 13, 2025 3:14:26 PM de.learnlib.logging.LearnLogger logQuery
INFO: DB CACHE [ε | id_request_v0 challenge_v0 success_request_with_credentials tlv_request tlv_failure id_request_v0 /  id_response_v0 challenge_response_v0 success_response_v0 tlv_success no_reply -]
Aug 13, 2025 3:14:26 PM de.learnlib.logging.LearnLogger logQuery
INFO: DB CACHE [ε | id_request_v0 challenge_v0 success_request_with_credentials tlv_request tlv_request 4_way_message_1 /  id_response_v0 challenge_response_v0 success_response_v0 tlv_success no_reply -]
Aug 13, 2025 3:14:26 PM de.learnlib.logging.LearnLogger logQuery
INFO: DB CACHE [ε | id_request_v0 challenge_v0 success_request_with_credentials tlv_request tlv_request eap_success /  id_response_v0 challenge_response_v0 success_response_v0 tlv_success no_reply -]
Aug 13, 2025 3:14:26 PM de.learnlib.logging.LearnLogger logQuery
INFO: DB CACHE [ε | id_request_v0 challenge_v0 success_request_with_credentials tlv_request tlv_request cryptobinding /  id_response_v0 challenge_response_v0 success_response_v0 tlv_success no_reply -]
Aug 13, 2025 3:14:26 PM de.learnlib.logging.LearnLogger logQuery
INFO: DB CACHE [ε | id_request_v0 challenge_v0 success_request_with_credentials tlv_request tlv_request success_and_cryptobinding /  id_response_v0 challenge_response_v0 success_response_v0 tlv_success no_reply -]
Aug 13, 2025 3:14:26 PM de.learnlib.logging.LearnLogger logQuery
INFO: DB CACHE [ε | id_request_v0 challenge_v0 success_request_with_credentials tlv_request tlv_request success_request_with_credentials /  id_response_v0 challenge_response_v0 success_response_v0 tlv_success no_reply -]
Aug 13, 2025 3:14:26 PM de.learnlib.logging.LearnLogger logQuery
INFO: DB CACHE [ε | id_request_v0 challenge_v0 success_request_with_credentials tlv_request tlv_request success_request_all_zeros /  id_response_v0 challenge_response_v0 success_response_v0 tlv_success no_reply -]
Aug 13, 2025 3:14:26 PM de.learnlib.logging.LearnLogger logQuery
INFO: DB CACHE [ε | id_request_v0 challenge_v0 success_request_with_credentials tlv_request tlv_request tlv_failure /  id_response_v0 challenge_response_v0 success_response_v0 tlv_success no_reply -]
Aug 13, 2025 3:14:26 PM de.learnlib.logging.LearnLogger logQuery
INFO: DB CACHE [ε | id_request_v0 challenge_v0 success_request_with_credentials tlv_request tlv_request tlv_request /  id_response_v0 challenge_response_v0 success_response_v0 tlv_success no_reply -]
Aug 13, 2025 3:14:26 PM de.learnlib.logging.LearnLogger logQuery
INFO: DB CACHE [ε | id_request_v0 challenge_v0 success_request_with_credentials tlv_request tlv_request challenge_v0 /  id_response_v0 challenge_response_v0 success_response_v0 tlv_success no_reply -]
Aug 13, 2025 3:14:26 PM de.learnlib.logging.LearnLogger logQuery
INFO: DB CACHE [ε | id_request_v0 challenge_v0 success_request_with_credentials tlv_request tlv_request id_request_v0 /  id_response_v0 challenge_response_v0 success_response_v0 tlv_success no_reply -]
Aug 13, 2025 3:14:26 PM de.learnlib.logging.LearnLogger logQuery
INFO: DB CACHE [ε | id_request_v0 challenge_v0 success_request_with_credentials tlv_request challenge_v0 4_way_message_1 /  id_response_v0 challenge_response_v0 success_response_v0 tlv_success no_reply -]
Aug 13, 2025 3:14:26 PM de.learnlib.logging.LearnLogger logQuery
INFO: DB CACHE [ε | id_request_v0 challenge_v0 success_request_with_credentials tlv_request challenge_v0 eap_success /  id_response_v0 challenge_response_v0 success_response_v0 tlv_success no_reply -]
Aug 13, 2025 3:14:26 PM de.learnlib.logging.LearnLogger logQuery
INFO: DB CACHE [ε | id_request_v0 challenge_v0 success_request_with_credentials tlv_request challenge_v0 cryptobinding /  id_response_v0 challenge_response_v0 success_response_v0 tlv_success no_reply -]
Aug 13, 2025 3:14:26 PM de.learnlib.logging.LearnLogger logQuery
INFO: DB CACHE [ε | id_request_v0 challenge_v0 success_request_with_credentials tlv_request challenge_v0 success_and_cryptobinding /  id_response_v0 challenge_response_v0 success_response_v0 tlv_success no_reply -]
Aug 13, 2025 3:14:26 PM de.learnlib.logging.LearnLogger logQuery
INFO: DB CACHE [ε | id_request_v0 challenge_v0 success_request_with_credentials tlv_request challenge_v0 success_request_with_credentials /  id_response_v0 challenge_response_v0 success_response_v0 tlv_success no_reply -]
Aug 13, 2025 3:14:26 PM de.learnlib.logging.LearnLogger logQuery
INFO: DB CACHE [ε | id_request_v0 challenge_v0 success_request_with_credentials tlv_request challenge_v0 success_request_all_zeros /  id_response_v0 challenge_response_v0 success_response_v0 tlv_success no_reply -]
Aug 13, 2025 3:14:26 PM de.learnlib.logging.LearnLogger logQuery
INFO: DB CACHE [ε | id_request_v0 challenge_v0 success_request_with_credentials tlv_request challenge_v0 tlv_failure /  id_response_v0 challenge_response_v0 success_response_v0 tlv_success no_reply -]
Aug 13, 2025 3:14:26 PM de.learnlib.logging.LearnLogger logQuery
INFO: DB CACHE [ε | id_request_v0 challenge_v0 success_request_with_credentials tlv_request challenge_v0 tlv_request /  id_response_v0 challenge_response_v0 success_response_v0 tlv_success no_reply -]
Aug 13, 2025 3:14:26 PM de.learnlib.logging.LearnLogger logQuery
INFO: DB CACHE [ε | id_request_v0 challenge_v0 success_request_with_credentials tlv_request challenge_v0 challenge_v0 /  id_response_v0 challenge_response_v0 success_response_v0 tlv_success no_reply -]
Aug 13, 2025 3:14:26 PM de.learnlib.logging.LearnLogger logQuery
INFO: DB CACHE [ε | id_request_v0 challenge_v0 success_request_with_credentials tlv_request challenge_v0 id_request_v0 /  id_response_v0 challenge_response_v0 success_response_v0 tlv_success no_reply -]
Aug 13, 2025 3:14:26 PM de.learnlib.logging.LearnLogger logQuery
INFO: DB CACHE [ε | id_request_v0 challenge_v0 success_request_with_credentials tlv_request id_request_v0 4_way_message_1 /  id_response_v0 challenge_response_v0 success_response_v0 tlv_success no_reply -]
Aug 13, 2025 3:14:26 PM de.learnlib.logging.LearnLogger logQuery
INFO: DB CACHE [ε | id_request_v0 challenge_v0 success_request_with_credentials tlv_request id_request_v0 eap_success /  id_response_v0 challenge_response_v0 success_response_v0 tlv_success no_reply -]
Aug 13, 2025 3:14:26 PM de.learnlib.logging.LearnLogger logQuery
INFO: DB CACHE [ε | id_request_v0 challenge_v0 success_request_with_credentials tlv_request id_request_v0 cryptobinding /  id_response_v0 challenge_response_v0 success_response_v0 tlv_success no_reply -]
Aug 13, 2025 3:14:26 PM de.learnlib.logging.LearnLogger logQuery
INFO: DB CACHE [ε | id_request_v0 challenge_v0 success_request_with_credentials tlv_request id_request_v0 success_and_cryptobinding /  id_response_v0 challenge_response_v0 success_response_v0 tlv_success no_reply -]
Aug 13, 2025 3:14:26 PM de.learnlib.logging.LearnLogger logQuery
INFO: DB CACHE [ε | id_request_v0 challenge_v0 success_request_with_credentials tlv_request id_request_v0 success_request_with_credentials /  id_response_v0 challenge_response_v0 success_response_v0 tlv_success no_reply -]
Aug 13, 2025 3:14:26 PM de.learnlib.logging.LearnLogger logQuery
INFO: DB CACHE [ε | id_request_v0 challenge_v0 success_request_with_credentials tlv_request id_request_v0 success_request_all_zeros /  id_response_v0 challenge_response_v0 success_response_v0 tlv_success no_reply -]
Aug 13, 2025 3:14:26 PM de.learnlib.logging.LearnLogger logQuery
INFO: DB CACHE [ε | id_request_v0 challenge_v0 success_request_with_credentials tlv_request id_request_v0 tlv_failure /  id_response_v0 challenge_response_v0 success_response_v0 tlv_success no_reply -]
Aug 13, 2025 3:14:26 PM de.learnlib.logging.LearnLogger logQuery
INFO: DB CACHE [ε | id_request_v0 challenge_v0 success_request_with_credentials tlv_request id_request_v0 tlv_request /  id_response_v0 challenge_response_v0 success_response_v0 tlv_success no_reply -]
Aug 13, 2025 3:14:26 PM de.learnlib.logging.LearnLogger logQuery
INFO: DB CACHE [ε | id_request_v0 challenge_v0 success_request_with_credentials tlv_request id_request_v0 challenge_v0 /  id_response_v0 challenge_response_v0 success_response_v0 tlv_success no_reply -]
Aug 13, 2025 3:14:26 PM de.learnlib.logging.LearnLogger logQuery
INFO: DB CACHE [ε | id_request_v0 challenge_v0 success_request_with_credentials tlv_request id_request_v0 id_request_v0 /  id_response_v0 challenge_response_v0 success_response_v0 tlv_success no_reply -]
Aug 13, 2025 3:14:26 PM de.learnlib.logging.LearnLogger logQuery
INFO: DISABLED [ε | 4_way_message_1 eap_success 4_way_message_1 /  no_reply - -]
Aug 13, 2025 3:14:26 PM de.learnlib.logging.LearnLogger logQuery
INFO: DISABLED [ε | eap_success 4_way_message_1 eap_success 4_way_message_1 /  after_eap_success no_reply - -]
Aug 13, 2025 3:14:26 PM de.learnlib.logging.LearnLogger logQuery
INFO: DB CACHE [ε | eap_success eap_success eap_success 4_way_message_1 /  after_eap_success after_eap_success after_eap_success no_reply]
Aug 13, 2025 3:14:26 PM de.learnlib.logging.LearnLogger logQuery
INFO: DISABLED [ε | eap_success cryptobinding eap_success 4_way_message_1 /  after_eap_success no_reply - -]
Aug 13, 2025 3:14:26 PM de.learnlib.logging.LearnLogger logQuery
INFO: DISABLED [ε | eap_success success_and_cryptobinding eap_success 4_way_message_1 /  after_eap_success no_reply - -]
Aug 13, 2025 3:14:26 PM de.learnlib.logging.LearnLogger logQuery
INFO: DISABLED [ε | eap_success success_request_with_credentials eap_success 4_way_message_1 /  after_eap_success no_reply - -]
Aug 13, 2025 3:14:26 PM de.learnlib.logging.LearnLogger logQuery
INFO: DISABLED [ε | eap_success success_request_all_zeros eap_success 4_way_message_1 /  after_eap_success no_reply - -]
Aug 13, 2025 3:14:26 PM de.learnlib.logging.LearnLogger logQuery
INFO: DISABLED [ε | eap_success tlv_failure eap_success 4_way_message_1 /  after_eap_success no_reply - -]
Aug 13, 2025 3:14:26 PM de.learnlib.logging.LearnLogger logQuery
INFO: DISABLED [ε | eap_success tlv_request eap_success 4_way_message_1 /  after_eap_success no_reply - -]
Aug 13, 2025 3:14:26 PM de.learnlib.logging.LearnLogger logQuery
INFO: DISABLED [ε | eap_success challenge_v0 eap_success 4_way_message_1 /  after_eap_success no_reply - -]
Aug 13, 2025 3:14:26 PM de.learnlib.logging.LearnLogger logQuery
INFO: DISABLED [ε | eap_success id_request_v0 eap_success 4_way_message_1 /  after_eap_success no_reply - -]
Aug 13, 2025 3:14:26 PM de.learnlib.logging.LearnLogger logQuery
INFO: DISABLED [ε | cryptobinding eap_success 4_way_message_1 /  no_reply - -]
Aug 13, 2025 3:14:26 PM de.learnlib.logging.LearnLogger logQuery
INFO: DISABLED [ε | success_and_cryptobinding eap_success 4_way_message_1 /  tlv_failure - -]
Aug 13, 2025 3:14:26 PM de.learnlib.logging.LearnLogger logQuery
INFO: DB CACHE [ε | success_request_with_credentials eap_success 4_way_message_1 /  empty_peap after_eap_success no_reply]
Aug 13, 2025 3:14:26 PM de.learnlib.logging.LearnLogger logQuery
INFO: DB CACHE [ε | success_request_all_zeros eap_success 4_way_message_1 /  empty_peap after_eap_success no_reply]
Aug 13, 2025 3:14:26 PM de.learnlib.logging.LearnLogger logQuery
INFO: DISABLED [ε | tlv_failure eap_success 4_way_message_1 /  tlv_failure - -]
Aug 13, 2025 3:14:26 PM de.learnlib.logging.LearnLogger logQuery
INFO: DISABLED [ε | tlv_request 4_way_message_1 eap_success 4_way_message_1 /  tlv_failure - - -]
Aug 13, 2025 3:14:26 PM de.learnlib.logging.LearnLogger logQuery
INFO: DISABLED [ε | tlv_request eap_success eap_success 4_way_message_1 /  tlv_failure - - -]
Aug 13, 2025 3:14:26 PM de.learnlib.logging.LearnLogger logQuery
INFO: DISABLED [ε | tlv_request cryptobinding eap_success 4_way_message_1 /  tlv_failure - - -]
Aug 13, 2025 3:14:26 PM de.learnlib.logging.LearnLogger logQuery
INFO: DISABLED [ε | tlv_request success_and_cryptobinding eap_success 4_way_message_1 /  tlv_failure - - -]
Aug 13, 2025 3:14:26 PM de.learnlib.logging.LearnLogger logQuery
INFO: DISABLED [ε | tlv_request success_request_with_credentials eap_success 4_way_message_1 /  tlv_failure - - -]
Aug 13, 2025 3:14:26 PM de.learnlib.logging.LearnLogger logQuery
INFO: DISABLED [ε | tlv_request success_request_all_zeros eap_success 4_way_message_1 /  tlv_failure - - -]
Aug 13, 2025 3:14:26 PM de.learnlib.logging.LearnLogger logQuery
INFO: DISABLED [ε | tlv_request tlv_failure eap_success 4_way_message_1 /  tlv_failure - - -]
Aug 13, 2025 3:14:26 PM de.learnlib.logging.LearnLogger logQuery
INFO: DISABLED [ε | tlv_request tlv_request eap_success 4_way_message_1 /  tlv_failure - - -]
Aug 13, 2025 3:14:26 PM de.learnlib.logging.LearnLogger logQuery
INFO: DISABLED [ε | tlv_request challenge_v0 eap_success 4_way_message_1 /  tlv_failure - - -]
Aug 13, 2025 3:14:26 PM de.learnlib.logging.LearnLogger logQuery
INFO: DISABLED [ε | tlv_request id_request_v0 eap_success 4_way_message_1 /  tlv_failure - - -]
Aug 13, 2025 3:14:26 PM de.learnlib.logging.LearnLogger logQuery
INFO: DB CACHE [ε | challenge_v0 eap_success 4_way_message_1 /  empty_peap after_eap_success no_reply]
Aug 13, 2025 3:14:26 PM de.learnlib.logging.LearnLogger logQuery
INFO: DISABLED [ε | id_request_v0 4_way_message_1 eap_success 4_way_message_1 /  id_response_v0 no_reply - -]
Aug 13, 2025 3:14:26 PM de.learnlib.logging.LearnLogger logQuery
INFO: DB CACHE [ε | id_request_v0 eap_success eap_success 4_way_message_1 /  id_response_v0 after_eap_success after_eap_success no_reply]
Aug 13, 2025 3:14:26 PM de.learnlib.logging.LearnLogger logQuery
INFO: DISABLED [ε | id_request_v0 cryptobinding eap_success 4_way_message_1 /  id_response_v0 no_reply - -]
Aug 13, 2025 3:14:26 PM de.learnlib.logging.LearnLogger logQuery
INFO: DISABLED [ε | id_request_v0 success_and_cryptobinding eap_success 4_way_message_1 /  id_response_v0 tlv_failure - -]
Aug 13, 2025 3:14:26 PM de.learnlib.logging.LearnLogger logQuery
INFO: DISABLED [ε | id_request_v0 success_request_with_credentials eap_success 4_way_message_1 /  id_response_v0 no_reply - -]
Aug 13, 2025 3:14:26 PM de.learnlib.logging.LearnLogger logQuery
INFO: DISABLED [ε | id_request_v0 success_request_all_zeros eap_success 4_way_message_1 /  id_response_v0 no_reply - -]
Aug 13, 2025 3:14:26 PM de.learnlib.logging.LearnLogger logQuery
INFO: DISABLED [ε | id_request_v0 tlv_failure eap_success 4_way_message_1 /  id_response_v0 tlv_failure - -]
Aug 13, 2025 3:14:26 PM de.learnlib.logging.LearnLogger logQuery
INFO: DISABLED [ε | id_request_v0 tlv_request eap_success 4_way_message_1 /  id_response_v0 tlv_failure - -]
Aug 13, 2025 3:14:26 PM de.learnlib.logging.LearnLogger logQuery
INFO: DISABLED [ε | id_request_v0 challenge_v0 4_way_message_1 eap_success 4_way_message_1 /  id_response_v0 challenge_response_v0 no_reply - -]
Aug 13, 2025 3:14:26 PM de.learnlib.logging.LearnLogger logQuery
INFO: DB CACHE [ε | id_request_v0 challenge_v0 eap_success eap_success 4_way_message_1 /  id_response_v0 challenge_response_v0 after_eap_success after_eap_success no_reply]
Aug 13, 2025 3:14:26 PM de.learnlib.logging.LearnLogger logQuery
INFO: DISABLED [ε | id_request_v0 challenge_v0 cryptobinding eap_success 4_way_message_1 /  id_response_v0 challenge_response_v0 no_reply - -]
Aug 13, 2025 3:14:26 PM de.learnlib.logging.LearnLogger logQuery
INFO: DISABLED [ε | id_request_v0 challenge_v0 success_and_cryptobinding eap_success 4_way_message_1 /  id_response_v0 challenge_response_v0 tlv_failure - -]
Aug 13, 2025 3:14:26 PM de.learnlib.logging.LearnLogger logQuery
INFO: DISABLED [ε | id_request_v0 challenge_v0 success_request_with_credentials 4_way_message_1 eap_success 4_way_message_1 /  id_response_v0 challenge_response_v0 success_response_v0 no_reply - -]
Aug 13, 2025 3:14:29 PM de.learnlib.logging.LearnLogger logQuery
INFO: [ε | id_request_v0 challenge_v0 success_request_with_credentials eap_success eap_success 4_way_message_1 / ε | id_response_v0 challenge_response_v0 success_response_v0 after_eap_success after_eap_success no_reply]
Aug 13, 2025 3:14:29 PM de.learnlib.logging.LearnLogger logQuery
INFO: DISABLED [ε | id_request_v0 challenge_v0 success_request_with_credentials cryptobinding eap_success 4_way_message_1 /  id_response_v0 challenge_response_v0 success_response_v0 no_reply - -]
Aug 13, 2025 3:14:31 PM de.learnlib.logging.LearnLogger logQuery
INFO: [ε | id_request_v0 challenge_v0 success_request_with_credentials success_and_cryptobinding eap_success 4_way_message_1 / ε | id_response_v0 challenge_response_v0 success_response_v0 tlv_success_and_cryptobinding after_eap_success 4_way_message_2]
Aug 13, 2025 3:14:31 PM de.learnlib.logging.LearnLogger logQuery
INFO: DISABLED [ε | id_request_v0 challenge_v0 success_request_with_credentials success_request_with_credentials eap_success 4_way_message_1 /  id_response_v0 challenge_response_v0 success_response_v0 no_reply - -]
Aug 13, 2025 3:14:31 PM de.learnlib.logging.LearnLogger logQuery
INFO: DISABLED [ε | id_request_v0 challenge_v0 success_request_with_credentials success_request_all_zeros eap_success 4_way_message_1 /  id_response_v0 challenge_response_v0 success_response_v0 no_reply - -]
Aug 13, 2025 3:14:31 PM de.learnlib.logging.LearnLogger logQuery
INFO: DISABLED [ε | id_request_v0 challenge_v0 success_request_with_credentials tlv_failure eap_success 4_way_message_1 /  id_response_v0 challenge_response_v0 success_response_v0 tlv_failure - -]
Aug 13, 2025 3:14:31 PM de.learnlib.logging.LearnLogger logQuery
INFO: DISABLED [ε | id_request_v0 challenge_v0 success_request_with_credentials tlv_request 4_way_message_1 eap_success 4_way_message_1 /  id_response_v0 challenge_response_v0 success_response_v0 tlv_success no_reply - -]
Aug 13, 2025 3:14:31 PM de.learnlib.logging.LearnLogger logQuery
INFO: DISABLED [ε | id_request_v0 challenge_v0 success_request_with_credentials tlv_request eap_success 4_way_message_1 4_way_message_1 eap_success 4_way_message_1 /  id_response_v0 challenge_response_v0 success_response_v0 tlv_success after_eap_success 4_way_message_2 - - -]
Aug 13, 2025 3:14:31 PM de.learnlib.logging.LearnLogger logQuery
INFO: DISABLED [ε | id_request_v0 challenge_v0 success_request_with_credentials tlv_request eap_success 4_way_message_1 eap_success eap_success 4_way_message_1 /  id_response_v0 challenge_response_v0 success_response_v0 tlv_success after_eap_success 4_way_message_2 - - -]
Aug 13, 2025 3:14:31 PM de.learnlib.logging.LearnLogger logQuery
INFO: DISABLED [ε | id_request_v0 challenge_v0 success_request_with_credentials tlv_request eap_success 4_way_message_1 cryptobinding eap_success 4_way_message_1 /  id_response_v0 challenge_response_v0 success_response_v0 tlv_success after_eap_success 4_way_message_2 - - -]
Aug 13, 2025 3:14:31 PM de.learnlib.logging.LearnLogger logQuery
INFO: DISABLED [ε | id_request_v0 challenge_v0 success_request_with_credentials tlv_request eap_success 4_way_message_1 success_and_cryptobinding eap_success 4_way_message_1 /  id_response_v0 challenge_response_v0 success_response_v0 tlv_success after_eap_success 4_way_message_2 - - -]
Aug 13, 2025 3:14:31 PM de.learnlib.logging.LearnLogger logQuery
INFO: DISABLED [ε | id_request_v0 challenge_v0 success_request_with_credentials tlv_request eap_success 4_way_message_1 success_request_with_credentials eap_success 4_way_message_1 /  id_response_v0 challenge_response_v0 success_response_v0 tlv_success after_eap_success 4_way_message_2 - - -]
Aug 13, 2025 3:14:31 PM de.learnlib.logging.LearnLogger logQuery
INFO: DISABLED [ε | id_request_v0 challenge_v0 success_request_with_credentials tlv_request eap_success 4_way_message_1 success_request_all_zeros eap_success 4_way_message_1 /  id_response_v0 challenge_response_v0 success_response_v0 tlv_success after_eap_success 4_way_message_2 - - -]
Aug 13, 2025 3:14:31 PM de.learnlib.logging.LearnLogger logQuery
INFO: DISABLED [ε | id_request_v0 challenge_v0 success_request_with_credentials tlv_request eap_success 4_way_message_1 tlv_failure eap_success 4_way_message_1 /  id_response_v0 challenge_response_v0 success_response_v0 tlv_success after_eap_success 4_way_message_2 - - -]
Aug 13, 2025 3:14:31 PM de.learnlib.logging.LearnLogger logQuery
INFO: DISABLED [ε | id_request_v0 challenge_v0 success_request_with_credentials tlv_request eap_success 4_way_message_1 tlv_request eap_success 4_way_message_1 /  id_response_v0 challenge_response_v0 success_response_v0 tlv_success after_eap_success 4_way_message_2 - - -]
Aug 13, 2025 3:14:31 PM de.learnlib.logging.LearnLogger logQuery
INFO: DISABLED [ε | id_request_v0 challenge_v0 success_request_with_credentials tlv_request eap_success 4_way_message_1 challenge_v0 eap_success 4_way_message_1 /  id_response_v0 challenge_response_v0 success_response_v0 tlv_success after_eap_success 4_way_message_2 - - -]
Aug 13, 2025 3:14:31 PM de.learnlib.logging.LearnLogger logQuery
INFO: DISABLED [ε | id_request_v0 challenge_v0 success_request_with_credentials tlv_request eap_success 4_way_message_1 id_request_v0 eap_success 4_way_message_1 /  id_response_v0 challenge_response_v0 success_response_v0 tlv_success after_eap_success 4_way_message_2 - - -]
Aug 13, 2025 3:14:34 PM de.learnlib.logging.LearnLogger logQuery
INFO: [ε | id_request_v0 challenge_v0 success_request_with_credentials tlv_request eap_success eap_success eap_success 4_way_message_1 / ε | id_response_v0 challenge_response_v0 success_response_v0 tlv_success after_eap_success after_eap_success after_eap_success 4_way_message_2]
Aug 13, 2025 3:14:35 PM de.learnlib.logging.LearnLogger logQuery
INFO: DISABLED [ε | id_request_v0 challenge_v0 success_request_with_credentials tlv_request eap_success cryptobinding eap_success 4_way_message_1 /  id_response_v0 challenge_response_v0 success_response_v0 tlv_success after_eap_success no_reply - -]
Aug 13, 2025 3:14:35 PM de.learnlib.logging.LearnLogger logQuery
INFO: DISABLED [ε | id_request_v0 challenge_v0 success_request_with_credentials tlv_request eap_success success_and_cryptobinding eap_success 4_way_message_1 /  id_response_v0 challenge_response_v0 success_response_v0 tlv_success after_eap_success no_reply - -]
Aug 13, 2025 3:14:35 PM de.learnlib.logging.LearnLogger logQuery
INFO: DISABLED [ε | id_request_v0 challenge_v0 success_request_with_credentials tlv_request eap_success success_request_with_credentials eap_success 4_way_message_1 /  id_response_v0 challenge_response_v0 success_response_v0 tlv_success after_eap_success no_reply - -]
Aug 13, 2025 3:14:35 PM de.learnlib.logging.LearnLogger logQuery
INFO: DISABLED [ε | id_request_v0 challenge_v0 success_request_with_credentials tlv_request eap_success success_request_all_zeros eap_success 4_way_message_1 /  id_response_v0 challenge_response_v0 success_response_v0 tlv_success after_eap_success no_reply - -]
Aug 13, 2025 3:14:35 PM de.learnlib.logging.LearnLogger logQuery
INFO: DISABLED [ε | id_request_v0 challenge_v0 success_request_with_credentials tlv_request eap_success tlv_failure eap_success 4_way_message_1 /  id_response_v0 challenge_response_v0 success_response_v0 tlv_success after_eap_success no_reply - -]
Aug 13, 2025 3:14:35 PM de.learnlib.logging.LearnLogger logQuery
INFO: DISABLED [ε | id_request_v0 challenge_v0 success_request_with_credentials tlv_request eap_success tlv_request eap_success 4_way_message_1 /  id_response_v0 challenge_response_v0 success_response_v0 tlv_success after_eap_success no_reply - -]
Aug 13, 2025 3:14:35 PM de.learnlib.logging.LearnLogger logQuery
INFO: DISABLED [ε | id_request_v0 challenge_v0 success_request_with_credentials tlv_request eap_success challenge_v0 eap_success 4_way_message_1 /  id_response_v0 challenge_response_v0 success_response_v0 tlv_success after_eap_success no_reply - -]
Aug 13, 2025 3:14:35 PM de.learnlib.logging.LearnLogger logQuery
INFO: DISABLED [ε | id_request_v0 challenge_v0 success_request_with_credentials tlv_request eap_success id_request_v0 eap_success 4_way_message_1 /  id_response_v0 challenge_response_v0 success_response_v0 tlv_success after_eap_success no_reply - -]
Aug 13, 2025 3:14:35 PM de.learnlib.logging.LearnLogger logQuery
INFO: DISABLED [ε | id_request_v0 challenge_v0 success_request_with_credentials tlv_request cryptobinding eap_success 4_way_message_1 /  id_response_v0 challenge_response_v0 success_response_v0 tlv_success no_reply - -]
Aug 13, 2025 3:14:35 PM de.learnlib.logging.LearnLogger logQuery
INFO: DISABLED [ε | id_request_v0 challenge_v0 success_request_with_credentials tlv_request success_and_cryptobinding eap_success 4_way_message_1 /  id_response_v0 challenge_response_v0 success_response_v0 tlv_success no_reply - -]
Aug 13, 2025 3:14:35 PM de.learnlib.logging.LearnLogger logQuery
INFO: DISABLED [ε | id_request_v0 challenge_v0 success_request_with_credentials tlv_request success_request_with_credentials eap_success 4_way_message_1 /  id_response_v0 challenge_response_v0 success_response_v0 tlv_success no_reply - -]
Aug 13, 2025 3:14:35 PM de.learnlib.logging.LearnLogger logQuery
INFO: DISABLED [ε | id_request_v0 challenge_v0 success_request_with_credentials tlv_request success_request_all_zeros eap_success 4_way_message_1 /  id_response_v0 challenge_response_v0 success_response_v0 tlv_success no_reply - -]
Aug 13, 2025 3:14:35 PM de.learnlib.logging.LearnLogger logQuery
INFO: DISABLED [ε | id_request_v0 challenge_v0 success_request_with_credentials tlv_request tlv_failure eap_success 4_way_message_1 /  id_response_v0 challenge_response_v0 success_response_v0 tlv_success no_reply - -]
Aug 13, 2025 3:14:35 PM de.learnlib.logging.LearnLogger logQuery
INFO: DISABLED [ε | id_request_v0 challenge_v0 success_request_with_credentials tlv_request tlv_request eap_success 4_way_message_1 /  id_response_v0 challenge_response_v0 success_response_v0 tlv_success no_reply - -]
Aug 13, 2025 3:14:35 PM de.learnlib.logging.LearnLogger logQuery
INFO: DISABLED [ε | id_request_v0 challenge_v0 success_request_with_credentials tlv_request challenge_v0 eap_success 4_way_message_1 /  id_response_v0 challenge_response_v0 success_response_v0 tlv_success no_reply - -]
Aug 13, 2025 3:14:35 PM de.learnlib.logging.LearnLogger logQuery
INFO: DISABLED [ε | id_request_v0 challenge_v0 success_request_with_credentials tlv_request id_request_v0 eap_success 4_way_message_1 /  id_response_v0 challenge_response_v0 success_response_v0 tlv_success no_reply - -]
Aug 13, 2025 3:14:35 PM de.learnlib.logging.LearnLogger logQuery
INFO: DISABLED [ε | id_request_v0 challenge_v0 success_request_with_credentials challenge_v0 eap_success 4_way_message_1 /  id_response_v0 challenge_response_v0 success_response_v0 no_reply - -]
Aug 13, 2025 3:14:35 PM de.learnlib.logging.LearnLogger logQuery
INFO: DISABLED [ε | id_request_v0 challenge_v0 success_request_with_credentials id_request_v0 eap_success 4_way_message_1 /  id_response_v0 challenge_response_v0 success_response_v0 no_reply - -]
Aug 13, 2025 3:14:35 PM de.learnlib.logging.LearnLogger logQuery
INFO: DISABLED [ε | id_request_v0 challenge_v0 success_request_all_zeros eap_success 4_way_message_1 /  id_response_v0 challenge_response_v0 deauthentication - -]
Aug 13, 2025 3:14:35 PM de.learnlib.logging.LearnLogger logQuery
INFO: DISABLED [ε | id_request_v0 challenge_v0 tlv_failure eap_success 4_way_message_1 /  id_response_v0 challenge_response_v0 tlv_failure - -]
Aug 13, 2025 3:14:35 PM de.learnlib.logging.LearnLogger logQuery
INFO: DISABLED [ε | id_request_v0 challenge_v0 tlv_request eap_success 4_way_message_1 /  id_response_v0 challenge_response_v0 tlv_failure - -]
Aug 13, 2025 3:14:35 PM de.learnlib.logging.LearnLogger logQuery
INFO: DISABLED [ε | id_request_v0 challenge_v0 challenge_v0 eap_success 4_way_message_1 /  id_response_v0 challenge_response_v0 deauthentication - -]
Aug 13, 2025 3:14:35 PM de.learnlib.logging.LearnLogger logQuery
INFO: DISABLED [ε | id_request_v0 challenge_v0 id_request_v0 eap_success 4_way_message_1 /  id_response_v0 challenge_response_v0 no_reply - -]
Aug 13, 2025 3:14:35 PM de.learnlib.logging.LearnLogger logQuery
INFO: DB CACHE [ε | id_request_v0 id_request_v0 eap_success 4_way_message_1 /  id_response_v0 nak after_eap_success no_reply]
